,Element,NID,S1,S2,S12,S_max,S_min
0,2141,969,702.3067588968611,1823.5282964731248,-748.8702903726397,1937.0733791258303,588.7616762441552
1,2141,9,404.7318913498915,921.78627360352,-615.7589685259109,1065.286550918781,261.2316140346305
2,2141,2018,516.6371119359362,201.52070701246075,-788.584099898085,783.6855601710431,-65.52774122264606
3,2141,2026,1055.2476832265008,1136.456484922801,-1110.314166596235,1652.4920974623972,539.2120706869048
4,2142,970,1059.3185239623936,1249.738184747703,-1059.5483810485257,1692.7900051802171,616.2667035298792
5,2142,969,1013.2578441634432,1110.1603671751263,-1125.6197712228845,1626.6006811804373,496.8175301581323
6,2142,2026,599.5607743612067,834.178461793704,-1285.5384819082446,1370.2559218295173,63.48331432539328
7,2142,2024,857.1787270476341,1147.5142109410367,-1123.22068401513,1582.4153007304994,422.27763725817135
8,2143,2024,1147.4886235221243,1008.118787974274,-900.9860682582985,1533.6545163913806,621.952895105018
9,2143,2026,944.0658183815732,1250.568732205304,-1068.2660466946918,1653.0007244583257,541.6338261285515
10,2143,2018,582.4229462823174,936.009481458654,-877.0920453414926,1232.0570681384227,286.37535960254877
11,2143,2019,879.9125361458534,876.08902885635,-825.5307353367135,1290.770577360648,465.2309876415553
15,2144,2025,1141.1952024581437,999.9893341770171,-1236.1818113228521,1692.7025012913023,448.48203534385846
14,2144,2024,1208.7007037420842,1080.9129686462345,-1311.7237569972028,1803.7736259324176,485.8400464559011
12,2144,971,1395.1388946802192,1061.4112986197529,-1236.549670084048,1868.6713011510096,587.8788921489628
13,2144,970,1418.513029283761,1132.242009539576,-1312.7065353936669,1947.1567883703456,603.598250452991
16,2145,972,1678.783022747302,912.3700307940321,-1282.188397007642,2042.4694172937643,548.6836362475697
17,2145,971,1713.69179613762,1018.1541925828741,-1379.5616228896083,2138.4129343122972,593.4330544081968
18,2145,2025,1420.5899248048268,951.7686430384111,-1373.7958844793156,1911.9734225121374,460.3851453311005
19,2145,2023,1357.1587853329204,822.5477874216485,-1259.0915908462189,1773.7978296750848,405.90874307948377
20,2146,2025,1040.96134927957,996.2221152026407,-1066.8853455120816,1552.5032276067286,484.680236875482
21,2146,2024,986.5883043122085,908.4717188149732,-1017.1174855510973,1457.586425194361,437.4735979328206
22,2146,2028,1104.569615078574,890.5045748825121,-1008.9216249127587,1513.2275754653838,481.8466144957025
23,2146,2027,1194.4629998215505,1004.779056078848,-1074.0274686248672,1644.9454730914667,554.2965828089318
27,2147,2022,811.7247246062107,815.2924076386921,-946.9927620736604,1287.0083073531412,340.00882489176166
26,2147,2020,868.7177008209871,809.5469689537194,-985.2764431815018,1332.6581308185537,345.6065389561529
24,2147,2027,991.5801845406677,895.9477521521591,-897.2993646538657,1394.9545356050755,492.57340108775105
25,2147,2028,1063.3619580170573,873.3461233351643,-972.0378821051664,1463.5720890339412,473.1359923182804
28,2148,2023,1361.8005623838842,906.8026010918985,-1136.6296319812634,1746.459662848834,522.1435006269488
29,2148,2025,1363.8241401874982,892.6906637988329,-1172.1888107737989,1759.9205560312498,496.5942479550814
30,2148,2027,1251.7229786861278,848.6208387396571,-1195.0691043746642,1680.7830209406043,419.56079648518073
31,2148,2029,1216.472242996104,854.8710901307829,-1153.7421178985596,1640.2120432891388,431.1312898377481
32,2149,2028,1241.4329838238723,932.177480998365,-974.9256462473902,1598.2050226287988,575.4054421934385
33,2149,2024,923.267078333743,1039.504698889361,-973.9657153020653,1471.824569543301,490.947207679803
34,2149,2019,650.5995054143333,884.994869774677,-877.9242558961281,1222.1352186694935,313.4591565195168
35,2149,2020,822.924390185054,790.6999293390448,-864.4738469877191,1239.3492818690897,374.2750376550092
38,2150,2023,1436.6580568623456,800.219557843718,-1372.9975455959664,1875.1052172136833,361.77239749238004
39,2150,2017,1477.2269210057734,718.9421192047836,-1229.5398082254544,1820.366317718484,375.80272249207303
37,2150,972,1898.573191513015,937.4240681551084,-1386.2398722550665,2261.424474345809,574.5727853223146
36,2150,13,1869.155130357849,848.2784282909686,-1260.7970284867226,2169.85770232483,547.5758563239879
40,2151,2017,1579.9394881551543,924.7609118346138,-1141.4077829289515,1910.3909840273395,594.3094159624285
41,2151,2023,1530.1039345970228,902.4991904882725,-1236.0301625826087,1909.4210106974733,523.182114387822
42,2151,2029,1055.5749279341082,743.9406377054901,-1271.5398107553317,1554.343419154343,245.1721464852551
43,2151,2016,1320.7781144520202,839.2376585125796,-1143.4218188598795,1700.3494590355183,459.6663139290815
44,2152,2022,1256.5578146050018,1635.1643167951797,-1204.5210415710142,2077.171968324147,814.5501630760347
45,2152,2020,510.39120782768805,562.6969753161355,-758.0870199142865,916.4887661875325,156.59941695629124
46,2152,2021,800.3425883558971,252.69393422213804,-777.1473284327114,1001.8804964488529,51.156026129182294
47,2152,2015,1535.4756031331613,1000.403847604844,-1151.3457128701214,1902.7425951854054,633.1368555525999
3172,2153,2015,1424.0319046970894,1080.3686975491362,-1190.545925264618,1871.7775763905734,632.6230258556521
3171,2153,2022,1424.0319046970894,1080.3686975491362,-1190.545925264618,1871.7775763905734,632.6230258556521
3170,2153,2016,1424.0319046970894,1080.3686975491362,-1190.545925264618,1871.7775763905734,632.6230258556521
3175,2154,46,1592.7626523193453,1067.693790159793,-1235.4869805315163,2001.4445405198012,659.011901959337
3174,2154,2021,1592.7626523193453,1067.693790159793,-1235.4869805315163,2001.4445405198012,659.011901959337
3173,2154,2014,1592.7626523193453,1067.693790159793,-1235.4869805315163,2001.4445405198012,659.011901959337
51,2155,2016,1332.3947928733596,814.7322368331331,-1140.2201519671603,1699.677824879402,447.4492048270911
49,2155,2027,1041.0722749873987,681.0510297192884,-1002.0898801515832,1393.4617427333637,328.6615619733233
48,2155,2029,1268.6396510694337,1115.4458725900286,-1143.8221817015262,1769.0604212469357,615.0251024125267
50,2155,2022,1177.6793745378873,572.3153377041128,-1049.2862992769312,1480.6926910340983,269.3020212079018
3178,2156,2014,1672.780063422046,1310.1707935013103,-1268.1022056616919,2150.9389768547067,832.0118800686497
3176,2156,2015,1672.780063422046,1310.1707935013103,-1268.1022056616919,2150.9389768547067,832.0118800686497
3177,2156,2021,1672.780063422046,1310.1707935013103,-1268.1022056616919,2150.9389768547067,832.0118800686497
55,2157,2324,3720.89349247862,376.79413867944174,-737.379732590785,3761.0594385450563,336.62819261300547
54,2157,2333,4046.167448802881,337.4218597958959,-927.8492698588316,4103.3187917062605,280.2705168925172
53,2157,1484,4211.493879936062,538.0173925122887,-697.5582095312902,4244.315541612326,505.1957308360247
52,2157,2325,3996.968961389837,507.16845574275226,-656.1819842470526,4027.5462757059818,476.5911414266079
58,2158,1485,4730.773696120303,840.7325098851197,-525.0734569894986,4748.412177182492,823.0940288229306
57,2158,2332,4105.247337011337,716.9516202514936,-516.0758222897724,4124.785718770283,697.4132384925467
56,2158,2325,3927.71901477456,538.5006677429448,-658.5183826330405,3959.4098922436146,506.8097902738905
59,2158,1484,4268.986681571782,557.2245059976559,-712.8047725407085,4302.898511790524,523.3126757789139
63,2159,2334,3881.453213942504,432.16206008536096,-888.4338148987254,3937.7430729248363,375.8722011030284
62,2159,1483,3887.2190111158584,453.76922100608715,-993.5232712831032,3957.647295826624,383.34093629532185
61,2159,1484,4091.871212082871,511.03182075266693,-943.6383538467742,4152.995742823981,449.9072900115566
60,2159,2333,4132.150741553922,506.92306563404213,-851.9048710252569,4181.526270610615,457.54753657734886
65,2160,2333,4001.8481827237056,423.23676207741823,-901.790035547819,4057.78534043944,367.29960436168426
67,2160,2323,3633.597929010931,316.7955631987726,-860.8746383609483,3688.547489300055,261.8460029096482
66,2160,2334,3637.808247240318,286.3677238620687,-974.3458009976109,3707.1885071303623,216.98746397202467
64,2160,2324,3869.4260478740775,402.5412081060027,-824.297073893684,3917.749336370592,354.21791960948804
68,2161,2334,3905.9215650813444,510.8080210182218,-1002.6939688617686,3978.4065420116985,438.3230440878681
71,2161,2546,3522.312437616811,369.96919784604006,-1062.341508058587,3609.40848869367,282.8731467691814
70,2161,1482,3623.336456273103,374.98736208409457,-1145.9520553631626,3721.440773859752,276.88304449744555
69,2161,1483,3895.4059624050105,482.03908560095056,-1081.463595942923,3979.018375602158,398.4266724038032
75,2162,1486,4453.578537219563,998.96488744369,-465.49726543018664,4469.18903490754,983.3543897557131
73,2162,2331,4397.202683021265,1132.4642608609072,-360.92582469188034,4407.147724456391,1122.5192194257816
72,2162,2335,4269.028012679213,956.2204909344282,-480.8812634128443,4286.388009452322,938.8604941613191
74,2162,1487,4635.3125026421,1158.86466688099,-362.51209012889694,4644.737331668209,1149.439837854881
77,2163,2335,4294.397862206443,929.5359970008645,-425.9326204745661,4307.823200717092,916.1106584902161
76,2163,2332,4146.985131869164,756.331371820564,-544.614194011859,4168.715148168549,734.6013555211794
78,2163,1486,4699.26793114914,1024.5879291142007,-394.25756706292754,4709.812676709625,1014.0431835537163
79,2163,1485,4400.395198368683,796.7549252274488,-539.5315525447928,4420.47774267847,776.672380917661
83,2164,2332,4316.427320147114,758.3259432518344,-358.0923336445278,4325.41434995929,749.3389134396589
82,2164,2335,4455.467104770064,1002.4094960969401,-266.6713132835994,4460.608046527121,997.2685543398834
81,2164,2328,4240.596905446618,920.6303927331342,-348.9575012037545,4249.7413391712325,911.4859590085198
80,2164,2327,4165.919514357162,725.7266778525354,-410.80125855817033,4178.139783836246,713.506408373451
87,2165,2325,4165.781479201768,504.9468457997003,-407.59933313206443,4177.092116725092,493.63620827637624
84,2165,2326,4039.743074784659,487.76272987690356,-467.3584596818706,4055.0504976822085,472.4553069793535
86,2165,2332,4291.49531797189,742.4668542188022,-331.1349270913885,4299.20254935892,734.7596228317716
85,2165,2327,4109.213045822196,709.7811361509713,-418.16044883106315,4122.024132339329,696.9700496338385
88,2166,2328,4326.746415348227,944.0990023671907,-383.2956028888156,4337.569811764887,933.2756059505309
91,2166,2335,4371.455156369701,966.040153049747,-330.592838932344,4379.45971186531,958.0355975541377
90,2166,2331,4508.85134187466,1320.342863265908,-270.7101316184944,4514.586969219507,1314.6072359210605
89,2166,2329,4377.808002979723,1106.430763563927,-371.95070563368904,4388.346613181863,1095.8921533617868
95,2167,2331,4266.853114175698,1137.150940552919,-373.70182813633807,4277.969091735546,1126.034962993071
93,2167,1488,4574.587225228714,1206.1066724202553,-399.68823284105247,4586.402071610915,1194.2918260380538
92,2167,2329,4451.524796060114,1129.2225097250252,-353.66288861029614,4460.910237389264,1119.8370683958742
94,2167,1487,4519.31982884554,1269.2677395116625,-449.61447704352,4534.796128077462,1253.7914402797408
97,2168,1482,3752.1557184401936,552.0863836972597,-1229.8135508666373,3866.245107041433,437.9969950960199
96,2168,2546,3511.9005456684963,438.3158506589923,-1044.5452013785082,3598.222300369712,351.9940959577773
98,2168,1481,3365.8071674231746,435.8704756337047,-1279.175137150179,3499.3395291758743,302.3381138810048
99,2168,2322,3184.525526108289,363.2358896153303,-1208.1247618776513,3308.4197798020214,239.34163592159825
103,2169,1488,4583.743776560402,1412.2081137403072,-481.403262540204,4601.907642708269,1394.0442475924406
102,2169,1489,4623.776295177991,1317.8017449851172,-408.4580715183358,4636.344912472399,1305.2331276907096
101,2169,2330,4420.937184895834,1215.7263601590416,-350.4526303051684,4430.4882070195845,1206.1753380352918
100,2169,2329,4401.847793454784,1299.354453734859,-413.68173711165383,4415.576962276222,1285.6252849134212
105,2170,2319,4515.010400272267,1252.292960742209,-424.5018326797316,4528.760103694144,1238.5432573203325
104,2170,2330,4509.9341569160915,1375.3387503492715,-467.8650592998384,4527.296202331392,1357.9767049339703
106,2170,1490,4679.66943246395,1335.869620363731,-480.05729592995937,4696.8115767175805,1318.7274761101007
107,2170,1489,4697.393999878185,1490.8233101312617,-538.4099999022475,4719.837792679477,1468.3795173299693
108,2171,2337,4239.718740276366,935.1616407912647,-313.3975975944863,4247.132607665329,927.7477734023023
111,2171,2328,4308.217404558993,956.9407927010585,-249.18041153916292,4312.842902819774,952.3152944402773
110,2171,2329,4373.602120150098,1168.1737793100353,-228.16806641554564,4377.657341614951,1164.1185578451825
109,2171,2336,4305.756422925081,1150.0056860978443,-292.49304670522383,4312.519411941681,1143.2426970812453
115,2172,2327,4208.9089047219295,755.6979339046512,-226.64980123574065,4212.623920071243,751.9829185553374
114,2172,2328,4273.1290109866195,944.8911282255884,-212.45585157320008,4276.516058584354,941.5040806278541
112,2172,2338,4174.425517104725,732.2469092904549,-291.3951758553559,4180.581470580423,726.0909558147566
113,2172,2337,4244.466156034323,936.2250774731832,-274.1877046732573,4250.137616619501,930.5536168880046
118,2173,2337,4290.384902809391,947.1749421716157,-108.76297644162756,4291.26925175034,946.2905932306664
119,2173,2338,4153.147232618341,638.0304119962983,-256.1365903262085,4157.807042018201,633.3706025964382
116,2173,2316,3987.268011316033,731.5194175574672,-231.9185785873469,3991.392882087798,727.3945467857018
117,2173,2317,4078.6835296139966,890.8489839083101,-153.9341814711672,4080.540741378245,888.9917721440615
123,2174,2326,4049.97589926857,578.1980391439998,-203.34976378150864,4052.9510119423135,575.2229264702569
120,2174,2316,4131.4633659540095,580.9018050123636,-237.07951874733044,4135.416556623986,576.9486143423869
121,2174,2338,4285.041273145873,762.6663373256474,-320.9865254286932,4292.33885874917,755.3687517223493
122,2174,2327,4098.463826120915,717.36589302605,-239.25522048558602,4102.691120153915,713.13859899305
124,2175,2336,4321.661242052691,1158.9002354354402,-348.66534032034406,4331.2415101428505,1149.3199673452805
125,2175,2339,4345.035030787456,1252.2069050289094,-293.1115042763265,4351.964150323312,1245.2777854930525
126,2175,2330,4485.762547014631,1278.0412312920796,-278.86793215519396,4491.812085633685,1271.9916926730264
127,2175,2329,4428.790507601825,1192.9319651514627,-329.23894231745635,4437.143713983724,1184.578758769563
130,2176,2319,4582.840990418683,1266.7345683764415,-346.1618529846295,4591.850303027941,1257.7252557671834
129,2176,2318,4413.447695216143,1170.8785817758733,-288.15865220822155,4419.837081910297,1164.4891950817203
128,2176,2339,4285.517057612865,1250.1131985383784,-310.83240908089857,4293.453795504718,1242.1764606465244
131,2176,2330,4569.949776467135,1390.9506664489525,-399.40711456014174,4582.445959955626,1378.4544829604617
135,2177,2321,2669.551758135911,315.42414827799314,-1221.1660478764495,2818.4935451994534,166.4823612144503
134,2177,1480,2939.9495618707697,494.7686680034021,-1377.834494359534,3120.68886036232,314.02936951185166
133,2177,1481,3511.5308088607344,642.9864802487537,-1364.9647533912444,3665.628511998437,488.888777111051
132,2177,2322,3131.313443598825,430.9086336869624,-1204.4275298473472,3259.5250378367346,302.6970394490527
139,2178,2315,1902.515935542744,449.2569940324898,-1202.7555149992327,2119.096725008075,232.67620456715917
138,2178,13,2093.2709576820116,699.9706129361546,-1377.717834158513,2376.3391480577034,416.90242256046304
136,2178,2320,2299.8690090684554,552.0370294570664,-1240.6648876469353,2497.6533029699467,354.2527355555751
137,2178,1479,2604.663293491106,856.3907349147237,-1445.3014043836092,2864.695552007641,596.3584763981887
143,2179,2320,2299.9424289537533,403.67115080893706,-1256.2528180568447,2489.1299523106454,214.48362745204486
142,2179,1479,2534.801233272999,604.1874017574498,-1417.4946423166623,2767.050248091704,371.93838693874477
141,2179,1480,3051.9398478990597,746.4816541752346,-1443.3815447225984,3259.2188178012857,539.2026842730086
140,2179,2321,2703.2480527483635,482.63218614671507,-1241.2284197238616,2864.9250659910495,320.95517290402904
146,2180,2321,2955.3747880891783,338.35381133557973,-1260.4937492957665,3099.245386478354,194.48321294640414
145,2180,2322,3363.134401721571,454.4543900120743,-1231.2608271894037,3488.0681716170484,329.52062011659723
144,2180,2341,3284.993097322274,377.92967934971284,-1093.9514111875667,3384.5025505523704,278.4202261196165
147,2180,2342,2729.661307651691,201.2072549842352,-1084.7786738897855,2841.099999050342,89.76856358558416
149,2181,2341,3110.6873806211233,311.74927968015584,-1134.3712601761863,3221.2558006139343,201.180859687345
151,2181,2309,2899.396931157301,226.62406596693506,-1045.0341493695294,2997.915648933251,128.1053481909853
150,2181,2342,2702.7555206634543,179.4427364347431,-1137.7026270172912,2825.0675778439245,57.13067925427299
148,2181,2310,3114.2366155574746,299.44073473665446,-1060.4902236267906,3210.8096992274704,202.86765106665894
155,2182,2309,2564.677147942999,334.23710437790805,-1186.6924015259826,2712.697171023083,186.2170812978245
153,2182,2321,2984.46380220428,499.6031744109117,-1261.5764124708767,3135.4203140007107,348.6466626144811
152,2182,2342,2765.4640601441943,330.30627470454135,-1096.529062433843,2883.209980414582,212.56035443415408
154,2182,2320,2715.0486665458357,437.0114344909541,-1279.580192737794,2882.435337965131,269.6247630716591
158,2183,2315,2243.745228180658,519.1838243057737,-1274.7377393196298,2453.736453016065,309.192599470367
159,2183,2308,2065.243705085189,287.7719738628926,-1096.7669648721344,2220.814251707685,132.20142724039692
156,2183,2309,2476.9581517767847,397.54391992274066,-1128.4420370279079,2620.186471383845,254.31560031568029
157,2183,2320,2784.4640977705785,663.5917679899459,-1316.5527141802802,2972.16759738546,475.8882683750644
160,2184,2340,3572.3605941877013,339.48955087797333,-948.3377305490227,3640.4724623273037,271.3776827383708
161,2184,2323,3640.2614204920274,368.04224824405287,-1077.629782877061,3726.701126853663,281.602541882417
162,2184,2322,3238.4313778013443,236.0285034770352,-1087.5943102130627,3333.8892971832447,140.57058409513525
163,2184,2341,3181.0830681476855,211.14631079953347,-962.3120851339269,3257.0894563935026,135.1399225537159
165,2185,2340,3493.040040615063,292.621782393648,-1013.8288527272723,3571.4111129081557,214.25071010055512
164,2185,2311,3420.235028222169,223.1023081393232,-892.5366031306759,3481.3583393054705,161.97899705602185
166,2185,2341,3073.8277488652107,161.02675752498692,-1011.0366590930324,3159.066376107996,75.78813028220134
167,2185,2310,3070.4094662665852,110.90616722505354,-884.0391962429328,3135.017318087036,46.298315404603045
168,2186,2344,4009.3272907242995,351.47634572710194,-564.5683697133336,4030.9835497291797,329.82008672222105
169,2186,2325,4083.458161255091,401.627190636209,-699.5460496784598,4116.391920937701,368.6934309535991
170,2186,2324,3773.396614634531,313.09801185455194,-763.5287289239503,3815.0149715658363,271.4796549232469
171,2186,2343,3631.5007509985303,237.8102685845074,-612.5234049061244,3658.9176717020355,210.39334788100223
175,2187,2344,3924.9857189634286,172.1686565062089,-497.0115419244733,3941.36985843836,155.78451703127757
174,2187,2325,3987.7285228195683,460.63714809378655,-438.15675507119505,4001.2840500530438,447.08162086031075
173,2187,2326,3884.904618202562,444.8631420648662,-482.1906615276713,3901.7195942710723,428.04816599635615
172,2187,2313,3819.754000422762,289.4497924334569,-526.7717760458661,3839.296289383491,269.90750347272774
179,2188,2312,3476.076642416598,142.10738449433552,-558.9202829311733,3499.339250950812,118.8447759601213
176,2188,2313,3774.189575051007,252.44326350571987,-506.4104989441716,3792.3012896696014,234.33154888712534
178,2188,2343,3609.1520208811316,150.39462561072878,-678.7150495743475,3642.1337317504176,117.41291474144305
177,2188,2344,4114.440061219341,338.37280852756226,-586.3433817630751,4137.066167674442,315.7467020724621
180,2189,2314,3908.6890324218234,251.5880001601288,-318.42747734756614,3915.6073949769843,244.66963760496787
181,2189,2316,3987.2997964800643,490.3337196679589,-318.75891250282666,3994.548726988589,483.0847891594342
182,2189,2326,4015.826687794107,556.3589111956993,-223.33307759032414,4019.427371993004,552.758226996802
183,2189,2313,3916.4061983145507,258.0627732908829,-239.83271833366695,3920.3327065888543,254.13626501657905
184,2190,2312,3652.5356027182315,193.44457759568581,-710.9392898502568,3688.687218342887,157.29296197103054
185,2190,2343,3800.175952152348,270.16415455258084,-832.4154464836577,3848.5852544811337,221.7548522237953
186,2190,2340,3381.508984712381,141.67501593807287,-860.2627435599544,3437.642128840271,85.54187181018233
187,2190,2311,3307.6046521892863,85.8121940738929,-726.4710328552433,3348.049302897711,45.36754336546801
190,2191,2323,3526.473290536832,242.22945092723717,-912.6733348400451,3588.7009691229887,180.00177234108037
191,2191,2340,3463.385858118442,215.47096265832147,-792.6990665453744,3511.053591032478,167.8032297442851
188,2191,2343,3775.2657580505165,316.9017402374277,-764.6606760020703,3817.0289508038254,275.1385474841186
189,2191,2324,3872.5829570187625,354.34522219762925,-872.5515302072376,3925.87566894016,301.0525102762324
192,2192,2319,4682.841529812423,1367.7919731717814,-523.7912097429485,4703.404263690683,1347.2292392935205
193,2192,2165,4627.184214309954,1174.1771113725138,-478.7087714964654,4643.696737124836,1157.6645885576322
194,2192,1,4766.228347682519,1207.8115256700567,-539.6426561890519,4786.57158052817,1187.4682928244056
195,2192,1490,4840.38971599506,1463.7689333125375,-599.4805195619386,4866.791020783631,1437.3676285239662
198,2193,2165,4635.608732078525,1148.3260777136834,-378.0393981845481,4645.8241620183635,1138.1106477738451
199,2193,2319,4706.688116579119,1399.6282321995136,-443.4843428079178,4721.489934051391,1384.8264147272419
197,2193,2164,4507.715314293011,1122.9873528597725,-328.94146755673495,4515.6884958758565,1115.0141712769273
196,2193,2318,4562.059940286896,1297.3854672984687,-376.1249706115306,4572.85761974601,1286.5877878393553
202,2194,2317,4204.002266675255,987.7616321373758,12.756921259968328,4204.014916412826,987.7489823998048
201,2194,138,4119.978718512164,906.3503973622335,-116.06242138261312,4121.026295786112,905.3028200882852
200,2194,137,4024.335067888351,616.5211530476491,-132.7050614000203,4025.6265088591595,615.2297120768412
203,2194,2316,4071.7426839377717,623.0581092897106,-34.04760360809106,4071.8267167798804,622.9740764476016
206,2195,2316,3998.5894257307145,598.0910173197465,-24.19919196447641,3998.632477763644,598.0479652868166
207,2195,2314,3892.575921274396,274.86675421681707,-28.78359455194181,3892.6331731267405,274.80950236447234
204,2195,136,3868.8346985647095,268.7284722142292,-140.3306271968652,3870.2016867218153,267.36148405712333
205,2195,137,3978.6288793027684,601.438110814407,-132.17681772766403,3979.921671677652,600.1453184395234
211,2196,2307,1729.6373156624925,365.7380793295661,-1042.6878268710393,1906.0901426193223,189.28525237273664
208,2196,2308,2121.12779351407,482.5868842987328,-1099.0329661105122,2288.3523682615796,315.36230955122346
209,2196,2315,2301.9235593490957,741.9845506704153,-1268.3656248015986,2527.2103741860856,516.6977358334253
210,2196,2306,1857.5721722656833,610.6476491455791,-1205.3119722521642,2101.231257002201,366.9885644090615
212,2197,2315,1941.5883504015367,642.1730390334178,-1184.634283340472,2171.0619241411237,412.6994652938305
213,2197,13,2152.285815347887,941.711554337681,-1369.268262099296,2460.8347772320085,633.162592453559
214,2197,2017,1710.9989244675862,796.0868803471817,-1290.469004525305,2044.4876381691674,462.5981666456006
215,2197,2306,1567.6263795715404,532.6361232161487,-1126.7224163626765,1815.0999164848972,285.16258630279196
218,2198,2309,2628.964499193756,148.8841044682007,-1060.9077633128481,2737.6574154008513,40.19118826110548
217,2198,2310,3076.475265349157,306.1702841759309,-1107.3398638681729,3183.032470281814,199.61307924327366
216,2198,2302,3027.0504563128134,216.94596049258053,-940.117435445205,3103.5943131033973,140.40210370199657
219,2198,2301,2588.7590461585446,72.2284469372371,-915.6858558850034,2669.4678728368385,-8.480379741056822
220,2199,2301,2669.679604247505,288.18293714100787,-1011.9000677986566,2772.7114029665718,185.15113842194114
221,2199,2309,2741.1127460182756,451.2579657914132,-1184.4551321954827,2885.212981162739,307.15773064694986
222,2199,2308,2247.204219336343,312.2872548390139,-1162.0094213232112,2408.2590904361737,151.2323837391832
223,2199,2300,2143.7978409213615,118.48413776473137,-962.2670375747971,2252.284763329795,9.99721535629783
226,2200,2310,2978.2595503588673,72.24599150961183,-929.2908782121103,3050.744195077944,-0.23865320946470092
224,2200,2303,3291.9171949896,127.86540897502505,-812.4548700860685,3343.239597701002,76.54300626362328
225,2200,2311,3348.4294501461413,191.15369403570867,-937.3086456700195,3416.5260450229207,123.0570991589293
227,2200,2302,2944.7442708422723,16.056142856739825,-804.1442689828118,2998.9408019885777,-38.140388289565635
228,2201,2300,2230.3358712399126,350.3724228364642,-1017.6230525656937,2359.2109246803225,221.49736939605418
229,2201,2308,2319.4993142186945,535.5250542983165,-1160.9104494261658,2491.734580147321,363.28978836968986
230,2201,2307,1924.9189646101331,415.8868085593414,-1114.0451740642732,2108.2561130881168,232.54966008135762
231,2201,2299,1841.876964073927,225.5276909514243,-965.5577521460111,1975.0958086687888,92.30884635656241
235,2202,2304,3623.266051084181,4.586571811058775,-268.48681389121936,3628.239290438969,-0.3866675437293452
234,2202,2313,3687.7696488157576,179.39285775994676,-305.65652878672034,3694.414409893626,172.7480966820783
233,2202,2314,3777.311560041406,206.2598261377325,-358.7189522721332,3786.297449315734,197.27393686340474
232,2202,2305,3719.7292449759507,36.888132441578136,-325.62799126844135,3726.913043950235,29.70433346729351
239,2203,2305,3698.5324384962173,15.229117303998464,-59.710102577511364,3698.7744130115007,14.987142788714891
238,2203,2314,3771.591715680046,235.54042336777843,-67.92146708138743,3771.9178492579213,235.2142897899032
237,2203,136,3791.715380560552,243.27909727285737,-140.18299030459227,3793.0993429453165,241.89513488809303
236,2203,135,3718.975167763281,22.85421000840006,-133.42973834679466,3720.17897701708,21.650400754601606
242,2204,2016,1439.5033031125927,878.4169707705685,-1146.7000405376662,1797.2662655566264,520.6540083265346
243,2204,2290,1336.127889679586,615.0430284527531,-1026.3123974544212,1602.737855669093,348.43306246324596
241,2204,2017,1742.6033791546636,978.4399958644519,-1222.286046689104,2081.272833240944,639.7705417781718
240,2204,2306,1606.612405864848,699.1521942795632,-1091.6393142524082,1862.6640320208162,443.1005681235947
245,2205,2359,2131.3258977762707,112.41306579448792,-895.8486164826151,2226.2419016232843,17.49706194747455
244,2205,2361,2158.3351512330883,77.35416161110095,-851.2794333751411,2242.0286441278004,-6.339331283610818
246,2205,2360,1967.902117695421,48.105305658985685,-866.3029513764076,2061.1063423676715,-45.09891901326432
247,2205,2362,1965.7132943305953,-38.40249788363997,-773.202556161404,2037.7040821127393,-110.39328566578388
250,2206,2359,2135.4408448715094,-48.931885867722144,-840.3206930665958,2213.4706020614285,-126.96164305764137
248,2206,2357,2433.2429150942658,-1.1339555217882662,-793.9796984666933,2496.346878983359,-64.23791941088166
249,2206,2358,2418.8098848385357,53.32643629432232,-877.2608115045931,2497.525499989598,-25.389178856740045
251,2206,2361,2189.486409816835,-90.61995167446582,-760.0304905235805,2251.15401259773,-152.28755445536058
252,2207,2359,2250.8930132067735,140.37866624508092,-885.0981665153761,2339.9336127181696,51.33806673368531
253,2207,2355,2255.2531129442086,238.1021957463912,-983.4750783910662,2368.7428321055213,124.61247658507864
254,2207,2356,1962.7289384434196,134.47446536092616,-941.5201986380755,2076.8252552685635,20.378148535782202
255,2207,2360,1938.2303696802624,16.184191435109597,-826.6026975549702,2023.3350847613538,-68.92052364598192
259,2208,2359,2214.81008013222,-34.126302992564206,-812.6552838195198,2285.971792183627,-105.28801504397097
258,2208,2355,2208.367222136485,43.233200019899755,-926.6270750940113,2303.3445913484247,-51.74416919204009
257,2208,2354,2539.856868384899,154.7585856721505,-958.053590588243,2632.469244177082,62.14620987996773
256,2208,2358,2526.4343828486867,78.2427801296011,-853.0435751111592,2598.614542141685,6.062620836602946
263,2209,2357,2421.7305660529587,-180.3536050852748,-676.252980938372,2464.950371626727,-223.57341065904302
260,2209,2347,2679.788424965932,-83.83681193187726,-716.2737736173855,2725.4449453069487,-129.49333227289435
262,2209,2358,2393.465338559383,-142.36345707163662,-782.5587447038503,2452.4670900976985,-201.36520860995233
261,2209,2348,2684.274028468173,-44.21021003520127,-803.4684586471484,2742.194681528622,-102.13086309565028
264,2210,2348,2796.4863198856574,-10.816180740666596,-779.025224860312,2849.5288973029037,-63.858758157912916
267,2210,2358,2472.676961862631,-121.22981775139635,-747.599258525319,2525.4695697043617,-174.0224255931273
266,2210,2354,2485.972754548312,-40.31645734154961,-866.699738015802,2558.240595938263,-112.58429873150112
265,2210,2349,2842.6802835022495,78.10630660252593,-896.3694604464634,2913.5233204950728,7.26326960970232
271,2211,2355,2210.8436658944647,40.67671576442922,-881.9423605930696,2297.025203416818,-45.50482175792399
270,2211,2300,2244.8897416178775,147.51885119879955,-1022.5176965592254,2362.8776752674457,29.53091754923139
269,2211,2301,2635.1224029650402,273.92848495854605,-1052.5063275388638,2747.101001515413,161.94988640817337
268,2211,2354,2596.6692938510323,170.4842672337644,-918.5404226497145,2680.697658816986,86.45590226781087
272,2212,2355,2275.0068237861938,236.78951750631313,-946.0558018999575,2379.43626167025,132.360079622257
273,2212,2300,2320.069124009744,376.63409864042126,-1072.0345938171672,2458.1035957987533,238.59962685141204
274,2212,2299,1954.276726745476,258.70543260876735,-1029.0692882147905,2098.199909607476,114.78224974676743
275,2212,2356,1903.3267488960596,104.6685984538558,-890.5591486838133,2007.5247958117498,0.4705515381656369
279,2213,2354,2528.3003085637197,-27.432768118487843,-823.1767226403958,2592.949270686622,-92.08173024139046
278,2213,2301,2562.744758685948,63.785384950906064,-957.895468058629,2651.394519901225,-24.864376264371003
277,2213,2302,2954.7101666604863,193.23239419071115,-987.3972114874587,3040.3198697025346,107.62269114866285
276,2213,2349,2903.336143102106,97.02585971727615,-852.4014894203536,2966.6363967249968,33.72560609438506
283,2214,2350,2023.1808037103115,-238.19821070040382,-603.116305674378,2062.7032778343505,-277.72068482444274
282,2214,2352,2035.2444087814172,-198.44913506676141,-676.7063771428303,2085.372183355109,-248.57690964045355
280,2214,2351,2236.8368651849555,-168.54685786155494,-614.4401137283343,2275.45555187834,-207.16554455493974
281,2214,2353,2256.1380325885916,-123.51661621402559,-694.3647672072908,2305.75601532136,-173.1345989467934
287,2215,2298,1795.0567494081022,-196.77257942311383,-613.8110513871184,1841.2730846750164,-242.9889146900282
286,2215,2297,1804.1221353190906,-149.6263211124467,-700.1607079296215,1864.9566870528224,-210.46087284617852
285,2215,2352,2084.7536331027945,-45.65709499152672,-740.2039852114677,2147.2175257641684,-108.12098765290057
284,2215,2350,2066.258247578141,-106.35631648913227,-632.9688937880072,2111.4216528029547,-151.51972171394607
290,2216,2298,1815.5657617511345,-188.2231896675529,-647.5460563994801,1866.5822577039396,-239.23968562035793
289,2216,2350,2087.515990846971,-97.46515822222068,-668.4947309067916,2137.5038435745564,-147.4530109498063
288,2216,2284,2036.3589890979192,-165.47641998878476,-574.8373607655268,2073.2590599518285,-202.37649084269412
291,2216,2283,1791.1569136427033,-244.0259472543113,-561.7293291645376,1829.2061792329332,-282.07521284454106
293,2217,2351,2241.6840801145995,-168.52412466574026,-638.5233589157657,2283.2571282200524,-210.09717277119285
295,2217,2284,2000.1142150454707,-267.3332975948442,-562.46850334733,2034.475327199832,-301.69440974920553
294,2217,2350,2031.855296777078,-237.2804108235722,-632.7968435248677,2075.1465925234356,-280.57170656993003
292,2217,2285,2209.374897929479,-203.5063098715152,-551.4143930885325,2240.47758174303,-234.6089936850659
299,2218,2349,2831.4170259563793,-70.75795342516426,-736.9536664340673,2877.4701707267523,-116.81109819553694
297,2218,2303,3217.7641139003235,95.3110605339939,-860.647953932991,3275.984095370929,37.091079063388406
296,2218,2375,3160.777407314815,32.899139082633155,-738.0983581035289,3203.730588127938,-10.054041730490326
298,2218,2302,2865.6407316895575,-18.104418083225482,-852.2873279737532,2927.295657238616,-79.75934363228407
302,2219,2349,2765.5924784395106,-107.12667127256441,-783.363438244785,2818.0389343931583,-159.5731272262119
303,2219,2348,2727.643199148587,-168.70507360109332,-661.1712651402113,2764.8966745161674,-205.95854896867377
300,2219,2374,3055.452520783369,-67.63648440753173,-660.4568476528858,3089.988230924412,-102.17219454857491
301,2219,2375,3171.996821356946,20.025683599263175,-787.0171994188729,3220.3817555837377,-28.359250627528354
306,2220,2347,2601.6862757528215,-283.32814726885965,-618.9799374742955,2634.5132962076405,-316.15516772367823
304,2220,2369,2842.2096366996607,-232.876059584818,-504.1734451820732,2862.737944050661,-253.40436693581842
305,2220,2373,2892.4567527295767,-191.30118145538722,-611.0772225309606,2922.4380186528097,-221.28244737862042
307,2220,2346,2489.730545782712,-346.4172167961566,-505.3867354435856,2512.068921760572,-368.75559277401635
311,2221,2347,2637.146799181566,-254.39470492204134,-579.1392676775771,2665.860241799196,-283.10814753967134
308,2221,2373,2942.5126626595,-159.92258941097316,-575.6125418280923,2968.9859356598904,-186.3958624113634
309,2221,2374,2998.559905547007,-99.42232304410663,-694.059014526094,3036.957512100198,-137.8199295972977
310,2221,2348,2639.9266177060895,-210.85705059568875,-696.867966457747,2681.8957212705172,-252.82615416011663
312,2222,2371,3196.6584740677904,-195.56950756768174,-436.1709661245811,3210.621659219075,-209.53269271896602
313,2222,2372,3253.953669879114,-140.8109640717057,-550.91980705677,3276.159934056963,-163.01722824955482
314,2222,2374,2920.7493347375007,-236.12744174971021,-583.5312821644395,2947.4884864555,-262.86659346770966
315,2222,2373,2855.3367137395267,-302.37270492799075,-440.82886171656344,2870.647840984876,-317.68383217334053
316,2223,2372,3219.6954853343423,-106.72027987332399,-515.9227911115815,3239.5813441343016,-126.6061386732838
317,2223,2513,3602.7190111949462,38.78092458420474,-631.317756536664,3630.461049451569,11.038886327582304
318,2223,2375,3036.8574905514233,-140.33644374267578,-661.1613249078943,3070.8892235133344,-174.36817670458663
319,2223,2374,2939.6630743958476,-192.2522042432654,-548.0710804521195,2963.4597574325053,-216.04888727992352
322,2224,2373,2800.4612319340767,-334.252568536594,-475.89727962120827,2818.4204540866504,-352.21179068916763
320,2224,2370,3012.386132287881,-276.53547189750657,-383.9961148105768,3023.556503997719,-287.70584360734506
321,2224,2371,3035.9589563728696,-258.1567858862536,-467.0695536323778,3052.43290725106,-274.6307367644438
323,2224,2369,2761.8463287178533,-358.35740974586906,-386.6343601431433,2773.777975188368,-370.28905621638364
324,2225,2368,3485.0590641836543,-131.99884962401939,-335.6073894076179,3492.827183177901,-139.76696861826622
325,2225,2305,3517.1712648242765,-29.69928554753119,-356.660513403788,3526.1148370580413,-38.64285778129556
326,2225,2304,3445.8982251542093,-53.52602696165536,-319.26903387739895,3453.165240427335,-60.793042234781296
327,2225,2372,3422.8885619370167,-153.96982299285514,-302.9367713070128,3429.2912970667685,-160.3725581226072
331,2226,2371,3108.5055748906357,-294.24246359042127,-272.62394858872216,3113.9574131067775,-299.69430180656286
330,2226,2372,3149.323705283419,-242.38257749468994,-342.7894968810174,3157.962874511256,-251.02174672252704
329,2226,2368,3344.8661036828917,-177.23115692730175,-357.7259543760331,3353.926013244212,-186.2910664886217
328,2226,2367,3321.987638292486,-225.82794986744898,-284.1744715562472,3327.669022778382,-231.50933435334514
335,2227,2370,2952.6715123225945,-367.66142352663223,-241.74324759164355,2957.0658425247198,-372.0557537287573
334,2227,2371,2973.0607538415775,-342.1595896278868,-298.901804368188,2979.7843988641953,-348.8832346505046
333,2227,2367,3129.154731233827,-291.5249831056358,-302.79394582752656,3135.842384161365,-298.21263603317357
332,2227,2366,3117.3849759853947,-313.72574375967565,-247.3650668852213,3121.8376282645954,-318.17839603887614
338,2228,2346,2528.8922815432525,-340.0661579224867,-528.9242016178157,2553.066836566299,-364.24071294553323
339,2228,2345,2498.452415313108,-364.0206228355096,-447.09531640973916,2515.8053926182342,-381.373600140636
337,2228,2369,2738.4400218557607,-272.1089741498313,-526.4746128518763,2761.283710981157,-294.9526632752277
336,2228,2363,2724.626915957087,-289.3257195939293,-452.3040678468838,2741.50176046218,-306.2005640990219
343,2229,2363,2681.1432784230315,-386.8399253766404,-348.17875375551483,2690.990186808812,-396.68683376242075
340,2229,2364,2853.741965922396,-329.95157405686655,-348.71070832664674,2863.2620897618585,-339.47169789632926
341,2229,2370,2856.192204900114,-331.7200694791554,-405.32830670306265,2869.0244564966924,-344.55232107573374
342,2229,2369,2687.8152865162856,-387.4885190843652,-410.7775792891158,2701.4718408247063,-401.14507339278566
344,2230,2365,2936.129975700628,-365.0483675593539,-218.80925885208933,2939.751790142858,-368.6701820015842
345,2230,2366,2933.783756029007,-374.84137004780405,-257.42330909990477,2938.7833234361315,-379.84093745492896
346,2230,2370,2822.0559335020816,-411.91156724962684,-261.5621077310847,2827.33607443052,-417.191708178065
347,2230,2364,2823.1078694480707,-402.2354656196296,-221.66028633095894,2826.911759385007,-406.0393555565661
350,2231,2367,3094.3927853966748,-347.69259145877163,-100.6330675439225,3095.1281572779308,-348.4279633400272
349,2231,133,3147.9968330836346,-330.1968482770228,-104.44618775378576,3148.780756363404,-330.9807715567922
348,2231,132,3143.70131590855,-343.2135669894001,-85.4607691573257,3144.224876623889,-343.73712770473935
351,2231,2366,3088.3502316940894,-361.3487728174573,-81.41199924180367,3088.830490335382,-361.8290314587498
355,2232,2367,3283.957911541138,-284.4106429229623,-84.03910102372846,3284.4526468341055,-284.9053782159299
354,2232,2368,3304.9723399202035,-225.7147351769538,-102.27653221935009,3305.712868271443,-226.45526352819365
353,2232,134,3355.89490987497,-208.97030655265462,-121.17711629592876,3356.924377569233,-209.99977424691792
352,2232,133,3336.4081427259803,-268.0211160950487,-103.33391886964833,3337.148600154436,-268.76157352350447
359,2233,2368,3493.856237934207,-163.3129893345333,-80.11505942234366,3494.2949415123103,-163.75169291263683
356,2233,134,3528.9788858563375,-151.8525944788032,-121.10796990797756,3529.9748003033333,-152.8485089257988
358,2233,2305,3534.0920600793334,-38.66039960514672,-90.96834576204563,3534.671018407196,-39.23935793300916
357,2233,135,3570.4586865309093,-26.156228798282655,-133.20662905372757,3571.6916462501704,-27.389188517543744
360,2234,131,2958.0280571260705,-391.47982072776244,-73.07170496880423,2958.4265364787516,-391.8783000804433
361,2234,132,2953.2115896726395,-406.0751766472506,-86.19608531976542,2953.764425968654,-406.6280129432653
362,2234,2366,2915.5141121361858,-418.6593441963555,-91.0395048168248,2916.1354540731463,-419.28068613331607
363,2234,2365,2920.1261144348377,-403.7452064305364,-77.5687210001285,2920.5786054388814,-404.1976974345803
364,2235,2288,2702.268600124249,-362.5551544674156,-322.2113421981063,2710.714016330191,-371.0005706733575
365,2235,2364,2691.324351866635,-382.82822833265914,-357.5837865389852,2701.6879031454446,-393.19177961146875
366,2235,2363,2583.6316726133778,-417.9154728646856,-363.0837840423083,2594.571953482395,-428.8557537337033
367,2235,2287,2600.383046139089,-394.56218496469523,-324.9388793840859,2609.1708838825994,-403.3500227082054
370,2236,2364,2685.283850341232,-447.3244999530193,-232.93249388513618,2689.60794304115,-451.64859265293717
371,2236,2288,2698.789713391596,-416.20173253538223,-205.79127130373735,2702.1849023389177,-419.5969214827044
368,2236,2289,2772.348993949505,-393.59437240703664,-198.12428542867636,2775.445612536137,-396.69099099366895
369,2236,2365,2761.687466179851,-422.43065325141924,-223.62157135155485,2765.6088892446496,-426.352076316218
372,2237,130,2791.6898388929253,-417.38694256458143,-63.45566558055463,2792.0034982597517,-417.7006019314076
373,2237,131,2780.9560472203416,-449.91358399665296,-71.93231393512912,2781.356374170353,-450.313910946664
374,2237,2365,2756.5332760259435,-457.43133160842785,-82.37745722103357,2757.061045628561,-457.95910121104544
375,2237,2289,2767.9615192672236,-423.98923190035,-73.51049431682934,2768.38469907726,-424.41241171038655
378,2238,2345,2455.6519770730943,-377.9064273699412,-467.2980237952295,2474.7889174616425,-397.04336775848924
379,2238,2286,2462.63744748416,-362.94291555546783,-411.26358126109403,2477.523885621863,-377.82935369317056
377,2238,2363,2586.0885514752335,-334.90605653046634,-463.77550538735113,2604.3827489521955,-353.20025400742816
376,2238,2287,2601.7633638832253,-319.7232464858429,-419.1746371483219,2616.7225516655303,-334.682434268148
382,2239,2014,962.7320096990682,1075.854935772727,-860.0037644977372,1452.9993844300275,585.5875610417677
381,2239,2015,1219.6439420978254,1160.6358734643168,-980.6708675457791,1681.3621850183845,698.9176305437577
380,2239,2511,1073.5476924473376,707.2427806665589,-873.8834654804465,1364.1703941039746,416.6200790099218
383,2239,2265,828.3365401841855,627.7614992516458,-758.8475157345017,1120.5028065455863,335.59523289024503
386,2240,2265,974.0678791069145,673.8059248347888,-922.8685926582995,1309.180057640879,338.6937463008241
387,2240,2266,980.8274877920746,514.7133554155072,-810.4832290432621,1215.2491507887544,280.2916924188276
384,2240,2291,1272.7080436602423,608.9938361996401,-857.1276190647228,1482.8805296546666,398.82135020521594
385,2240,2511,1316.0467314584712,785.9563945155915,-978.70640224267,1607.5224491878564,494.48067678620623
391,2241,2267,1052.341289991109,373.6531664517485,-782.6433188139022,1230.9615449261169,195.0329115167408
388,2241,2292,1348.676049936136,470.50556396779524,-837.6475581973295,1516.3932530124237,302.78836089150764
389,2241,2291,1401.2316554057736,647.7106532063733,-943.7648819721213,1628.3101339189006,420.6321746932464
390,2241,2266,1100.7851210911883,550.9547610570185,-888.8647678659421,1348.458211218172,303.2816709300348
392,2242,2293,1434.5051606962315,376.8277516743541,-810.4581726845103,1571.9103963502948,239.4225160202909
393,2242,2292,1470.8877400453293,509.60573194701675,-910.3162039707792,1652.20192524717,328.2915467451759
394,2242,2267,1171.7109741719457,411.6369416225002,-865.905977209752,1367.7611249829756,215.58679081147045
395,2242,2268,1143.1929576794685,279.72673978030895,-765.8808849110749,1288.553307219337,134.3663902404404
398,2243,2268,1199.337702562905,299.382605241134,-817.0424682733134,1357.1178301508648,141.60247765317388
397,2243,2293,1540.5984786025028,413.2684608033917,-875.4049392993811,1690.5872332291929,263.2797061767018
396,2243,2294,1499.692716146363,266.9072656259701,-777.4818899608368,1612.0382937480106,154.56168802432262
399,2243,2269,1217.8186722871314,171.7720938349541,-728.5440601159913,1332.1708398802161,57.41992624186935
400,2244,2295,1535.751013214632,164.93325912255028,-737.3707681410915,1628.6185916526051,72.06568068457693
401,2244,2294,1615.3325136233548,307.7896561851295,-839.0069371136977,1738.3494995582305,184.77267025025355
402,2244,2269,1342.2555930997198,215.81335185828144,-795.8412072888476,1468.6422142554406,89.42673070256058
403,2244,2270,1268.5271622886276,90.73625151274427,-707.2609701052284,1366.546823443566,-7.283409642194101
406,2245,2270,1457.7985467143328,129.3106990723574,-769.9778970204771,1561.3022902998448,25.80695548684548
404,2245,2296,1603.5605420305842,60.933387880955934,-708.2129780063415,1680.961310147424,-16.467380235883866
405,2245,2295,1705.9103971965567,197.61526978334928,-799.6688755006385,1805.3471148914557,98.17855208845026
407,2245,2271,1375.478972424848,1.9937777985946354,-683.729938328061,1455.8654725300783,-78.3927223066355
408,2246,2297,1699.5341079668974,-15.254856593711793,-675.5391456400698,1763.6674779882692,-79.38822661508368
409,2246,2296,1820.891280299402,102.87356939726658,-763.7991013021809,1901.9587411816724,21.806108514996254
410,2246,2271,1549.0702440887337,28.794293658263086,-743.3235574734629,1635.0659575646348,-57.201419817638
411,2246,2272,1476.5528206533734,-78.68159256710373,-656.2703322905913,1542.9505471323018,-145.0793190460323
415,2247,2273,1530.2004534872758,-165.6244615788736,-598.5607707177465,1581.46778036905,-216.89178846064783
414,2247,2272,1550.6447964148883,-74.00989716077277,-709.567019124059,1624.7411953584697,-148.1062961043541
413,2247,2297,1857.02650894988,16.804610832850813,-725.5665598077991,1925.9635196765275,-52.13239989379667
412,2247,2298,1838.2432875711456,-61.77196961022412,-630.7682970082675,1889.2259963504946,-112.75467838957297
419,2248,2274,1575.3041622166832,-191.72235661683908,-556.5880657418709,1618.0971417386427,-234.51533613879872
418,2248,2273,1568.4944174573309,-149.43545831255335,-646.259622800807,1627.262359843845,-208.2034006990674
417,2248,2298,1862.0690783732407,-51.20237028985014,-667.0704756248242,1918.5462124784653,-107.67950439507467
416,2248,2283,1837.9745371658578,-104.48077518338118,-573.8920118652329,1879.476445306967,-145.9826833244905
422,2249,2287,2468.856896737542,-433.05565427580007,-339.14499751694825,2478.7322151414705,-442.9309726797287
423,2249,2280,2501.844657167706,-385.2212170495717,-314.52897089579574,2510.3859119999215,-393.7624718817874
421,2249,2288,2536.4419449944176,-414.9584138864733,-325.48065640906077,2545.388334278219,-423.9048031702753
420,2249,2281,2555.7073669217193,-372.3344141594049,-304.3458100867547,2563.594680369613,-380.22172760729836
427,2250,2277,1799.7331649598082,-277.3845113154539,-511.0285167933868,1830.7031934348545,-308.3545397905002
424,2250,2278,2027.2051233813902,-205.57219187674696,-513.8365323021967,2056.3864681375626,-234.75353663291912
425,2250,2284,2128.04144225684,-139.3019300897738,-603.1255666252016,2167.464638993808,-178.72512682674176
426,2250,2283,1835.277618612915,-233.95419646728146,-593.816552720797,1877.0373893126794,-275.7139671670458
431,2251,2281,2570.662259542158,-419.69629497686674,-189.8913595193653,2573.6738089970886,-422.7078444317974
428,2251,2282,2629.692268114138,-402.86251083219463,-178.10470843551312,2632.305079945623,-405.47532266367966
429,2251,2289,2614.0404112026504,-444.9468606097638,-199.53605480129977,2617.290864036963,-448.19731344407637
430,2251,2288,2550.7432204315683,-463.2939909997359,-212.31899917919193,2554.4777107995424,-467.0284813677097
432,2252,2277,1843.993271716661,-145.45715339351193,-518.1238335501224,1877.1743414733087,-178.63822315015977
433,2252,2283,1886.8425315599131,-87.09154950747484,-610.515155694068,1932.9709018827753,-133.21991983033695
434,2252,2274,1608.330170674814,-179.59286862355873,-592.2227599154801,1656.0953353422397,-227.35803329098428
435,2252,2275,1586.5070301743065,-230.03262757676669,-503.12538568384235,1620.7009249908147,-264.2265223932751
439,2253,2282,2630.9841167867653,-426.483161277873,-70.25363928868242,2631.387630715986,-426.8866752070935
438,2253,2289,2614.8623165687845,-473.90561036214694,-76.37538692982339,2615.334374401573,-474.37766819493504
437,2253,130,2630.6759353721986,-470.52153072642113,-61.06439866923775,2630.976504705327,-470.8221000595497
436,2253,129,2646.0544969820608,-423.9198288783539,-55.51949649220308,2646.3054895128275,-424.1708214091209
443,2254,2381,2180.568439049796,-376.5479040314825,-352.3873711292479,2192.6516634229047,-388.63112840459144
440,2254,2380,2362.652158642161,-316.3720939455658,-346.6206983924776,2373.817348966456,-327.5372842698607
442,2254,2279,2176.598368787953,-394.7021469432067,-423.94774717181815,2193.9559806732996,-412.05975882855296
441,2254,2280,2363.8427595911953,-330.3260645663802,-407.43637281835413,2379.159724764904,-345.64302974008854
444,2255,2262,2272.6872748464148,-306.17683689182,-299.062811080082,2281.328663719789,-314.8182257651945
447,2255,2261,2127.12043555331,-353.996717634475,-313.19563683742217,2136.965177370787,-363.8414594519518
446,2255,2381,2113.0558136811906,-399.023183998287,-364.5171164923586,2126.2103128967365,-412.177683213833
445,2255,2380,2259.851158123236,-350.3433367811823,-349.700757931911,2271.5118536248074,-362.0040322827533
451,2256,2260,1981.5381531734092,-319.78569724756255,-365.8926111078116,1995.990907659701,-334.23845173385416
450,2256,2379,1975.0650137694167,-339.708908742566,-427.6519184187869,1994.6513397707,-359.29523474384905
449,2256,2381,2152.70525719996,-281.59917214125596,-422.9784766743639,2170.9425404651274,-299.8364554064233
448,2256,2261,2158.2600165108474,-261.8554363327636,-360.82498789733035,2171.635316145592,-275.2307359675076
452,2257,2381,2220.6587380488527,-260.1109748587984,-411.85360930045107,2237.6363754659988,-277.08861227594457
453,2257,2279,2214.559044785161,-284.9447728109743,-486.0353911326602,2237.967547680287,-308.3532757061007
454,2257,2278,2020.3248037017047,-345.25435383327624,-481.27827286360804,2044.5556811086826,-369.48523124025405
455,2257,2379,2031.4577093902171,-321.96598007342413,-417.2912587524938,2049.8122913435304,-340.32056202673755
459,2258,2380,2329.949337699675,-395.04021422199094,-274.7328028169974,2336.856454083263,-401.9473306055788
458,2258,2280,2318.996727640992,-440.86055507476567,-318.04377471179964,2328.129285762112,-449.99311319588537
457,2258,2281,2446.5739322037307,-404.7408304823131,-308.5381558326937,2454.896298757799,-413.0631970363813
456,2258,2378,2466.002487626162,-352.25020092279465,-260.34752251872095,2472.0023787981063,-358.2500920947391
461,2259,2378,2339.7714379902204,-393.2992652632312,-263.0983492672616,2346.0886103413504,-399.61643761436085
463,2259,2262,2246.130996440872,-380.50406832687713,-239.45296988066644,2251.577041072619,-385.95011295862423
462,2259,2380,2232.1015809743044,-426.89085208828226,-276.6172631101463,2239.276403754352,-434.06567486833
460,2259,2263,2355.6295738006293,-345.9029168364617,-225.33446331988833,2360.320208866656,-350.59355190248857
464,2260,2260,2017.4944951635507,-210.97084387044663,-394.7771258940798,2034.8433236400792,-228.31967234697504
467,2260,2259,1816.8330222926752,-277.2811097198055,-400.4320786895287,1835.8036115958553,-296.2516990229856
466,2260,2377,1813.594969113839,-292.5856817904107,-469.4360775377132,1839.4354993166817,-318.42621199325356
465,2260,2379,2012.3700706454154,-226.84201742951416,-463.5594692088809,2036.1097919906392,-250.58173877473791
471,2261,2377,1811.672746293815,-292.62466387492304,-448.673219904146,1835.3231916903815,-316.27510927148967
469,2261,2278,2065.712097668415,-199.01096989606572,-533.4722897035299,2096.7038267259923,-230.00269895364283
468,2261,2379,2067.013380694885,-208.473584994828,-451.6354249032396,2089.2069099385417,-230.66711423848415
470,2261,2277,1822.6250769627152,-278.15253405707233,-538.688631757697,1856.6084415294729,-312.1358986238299
473,2262,2282,2491.7581859166557,-447.6201593092046,-178.45966585430003,2494.4644177993678,-450.32639119191685
472,2262,2376,2510.0522353803944,-394.40789024396736,-157.36137082092395,2512.1821024315645,-396.53775729513745
474,2262,2281,2432.107039690848,-463.850725169043,-194.2827422330618,2435.3618703290194,-467.1055558072144
475,2262,2378,2450.3246991630226,-411.3835945829393,-173.44867555619274,2452.9504790370665,-414.0093744569831
479,2263,2263,2339.9631494281493,-394.61821380826586,-154.26077717390518,2342.136926963065,-396.79199134318173
478,2263,2378,2320.3938523483316,-453.5518876027454,-175.34071743225607,2323.1619056551135,-456.3199409095273
477,2263,2376,2381.6143500337053,-436.44647684803226,-156.98980416256802,2383.7990710263134,-438.6311978406403
476,2263,2264,2401.7473587412314,-376.0727208275497,-135.37592598535946,2403.39575316519,-377.7211152515083
481,2264,2377,1858.5314319460294,-157.30753140414947,-481.1102796413747,1886.8399448910097,-185.61604434912965
480,2264,2259,1854.6161796221932,-163.46995133023563,-409.3988734422639,1875.170009721905,-184.02378142994758
482,2264,2276,1648.0171698578497,-226.6990134136687,-480.4604514648085,1678.3112643460481,-256.993107901867
483,2264,2258,1643.3655865359892,-233.20994993724867,-407.18968998728246,1665.20010057931,-255.04446398056928
484,2265,2377,1857.246044159775,-156.86121582851183,-461.07380070650424,1883.2966083826848,-182.9117800514216
487,2265,2276,1618.0265401336778,-235.56299786376235,-456.84094453203585,1645.760165680464,-263.2966234105485
486,2265,2275,1628.1939990087114,-217.1689578223759,-538.7362694571428,1666.709848210262,-255.68480702392628
485,2265,2277,1869.200508305702,-137.77627865108695,-543.5599393103126,1905.3530661906168,-173.92883653600188
491,2266,2376,2505.777359652253,-417.19224747659655,-65.25905615417778,2506.1415623645635,-417.5564501889071
490,2266,2282,2487.035062745091,-473.4012728240872,-71.00279930001032,2487.460732490877,-473.82694256987315
488,2266,128,2520.980091169875,-414.607394585066,-47.06371687617107,2521.1687119438902,-414.79601535908137
489,2266,129,2502.246272171186,-471.37654306594254,-52.62057005681791,2502.4790444353084,-471.6093153300652
494,2267,2376,2374.6770279074426,-460.1772307803012,-65.19374843516788,2375.0517969995853,-460.55199987244373
495,2267,2264,2395.03992679947,-398.6297069197543,-59.754009859906404,2395.3594110157305,-398.9491911360151
492,2267,127,2410.1411815126185,-395.86977461466927,-39.473138366947666,2410.2799952592386,-396.0085883612895
493,2267,128,2389.6566434676106,-457.94413232681336,-44.88506761182738,2389.833506758029,-458.1209956172322
497,2268,2014,887.270464867482,834.8813683006784,-831.1896521638985,1277.4954332086702,444.65639995949033
496,2268,2265,886.2900040920499,781.9441880780765,-699.6468408526354,1187.809671365735,480.4245208043913
498,2268,46,628.5148077352968,749.4920014470573,-818.246530710792,1102.5740957730534,275.43271340930073
499,2268,2412,588.2990295907176,683.8827878994896,-685.429986425002,982.1221649716938,290.0596525185136
502,2269,2412,660.6481849517179,706.4012733522395,-758.6582448306251,1063.5430436934198,303.5064146105376
500,2269,2266,1030.2123458210485,583.2626626791696,-751.2312581228297,1243.8051255747262,369.66988292549195
501,2269,2265,1054.4907560335334,834.5388285100194,-856.7674089498303,1386.7899451630265,502.2396393805262
503,2269,2411,791.7239262817828,504.60972335494864,-691.3885967438295,1022.4837885101389,273.8498611265926
504,2270,2412,703.6697390810286,1017.7079299120356,-728.2885927433838,1257.2440827345772,464.13358625848696
505,2270,46,550.6487186712704,612.0059757484571,-585.3628061104148,875.6122125077138,287.0424819120137
506,2270,67,675.4405229779121,502.0903706494407,-587.0910325575373,894.8398478266407,282.691045800712
507,2270,2411,835.8330782179186,647.9369209734039,-664.112716320927,1086.9758086178717,396.7941905734505
508,2271,2267,1094.8141535712928,488.77957782797375,-733.083911236081,1267.3728133435334,316.220918055733
509,2271,2266,1127.091354940758,615.1667859633842,-833.0679212134127,1360.022956095343,382.23518480879915
510,2271,2411,863.2258163337262,528.1216907575232,-795.2024870048645,1127.1368951686704,264.2106119225791
511,2271,2410,790.6621429314371,395.73425781318826,-695.4428460277178,993.0759274762065,193.32047326841877
514,2272,2413,783.8536549657547,547.9962981317066,-639.1989631693292,1006.5875688924928,325.26238420496855
512,2272,2410,790.3483876364011,452.1363818204453,-635.5306971469048,981.2030172613722,261.2817521954742
513,2272,2411,816.1615658314014,517.156662687923,-652.3038804913269,1025.4432710335798,307.8749574857446
515,2272,2409,737.8188458431385,458.92136514513584,-611.1755565990247,934.2716408150629,262.46857017321145
516,2273,2409,655.2651246141843,406.47161548849124,-534.4479994142715,825.6279645775353,236.10877552514017
517,2273,2413,723.8139806832249,506.9107228895082,-584.1219758328735,926.9091002417259,303.8156033310073
518,2273,68,600.7883483711005,464.31276139331936,-553.0752449697958,817.3828794344495,247.71823032997025
519,2273,2406,534.0171074911415,390.1105933040914,-514.6641038041096,729.2661261036603,194.86157469157246
523,2274,2413,1002.845787034964,599.939998223133,-600.7047476291954,1163.0485536114043,439.7372316466925
522,2274,68,558.5793580306508,447.60306811278235,-510.9793606100724,764.5370219372505,241.64540420618266
521,2274,67,393.6278305403416,492.8728014605406,-536.2499318432397,715.9284933702254,170.57213863065675
520,2274,2411,581.8160450158273,625.5827169012841,-613.4824685981387,911.220217994518,296.17854392259346
527,2275,2415,916.968716218069,270.4051944587602,-676.0589055546641,1061.4208624505595,125.95304822626969
526,2275,2410,996.3738730759592,450.3377051386577,-770.9324496184491,1195.714852365958,250.99672584865897
525,2275,2267,1212.8711494632287,513.9399235428702,-813.5149608370897,1399.6684034984034,327.1426695076955
524,2275,2268,1177.309640749787,372.47309835204464,-740.2133322063531,1321.6265973245581,228.15614177727355
530,2276,2409,879.7049573147117,437.87662442680096,-680.2950230823536,1064.380976332982,253.2006054085307
531,2276,2414,820.2031141961727,353.0843925266337,-633.8893509464378,980.3491030131067,192.93840370969974
529,2276,2410,979.7019451747908,453.1101277428256,-692.1242230025358,1151.2436159793588,281.5684569382578
528,2276,2415,947.6118065952086,380.75618403917395,-653.2564204946971,1096.6389778705588,231.72901276382362
534,2277,2406,756.0896419397799,380.2661230022314,-603.2476519194528,923.5477767125323,212.80798822947907
532,2277,2414,782.8314937827613,367.2827526605836,-584.9473102598151,933.8203153235166,216.29393111982824
533,2277,2409,805.354033368065,391.9217361821054,-604.7009481710452,964.8992330891753,232.37653646099523
535,2277,2407,722.3736206538894,353.61957398241634,-583.7972059221039,883.2496655807834,192.74352905552246
539,2278,2404,1086.6670410830463,123.23031492943255,-646.4139439549008,1185.0480902281713,24.84926578430759
536,2278,2270,1281.4017064753714,178.77367562588302,-670.5079992689043,1375.3336812548687,84.8417008463856
537,2278,2269,1338.4725809962786,276.63361691952247,-738.2534433486314,1454.1828485533915,160.92334936240945
538,2278,2408,1125.7961618539666,235.6462028476653,-726.5734442980577,1255.2374831374132,106.20488156421891
540,2279,2407,637.1359916309729,339.05918752256713,-535.0012351911403,794.3148746879826,181.8803044655574
541,2279,2406,616.1514542966413,358.9407461154845,-523.1556645755014,779.0290318592245,196.0631685529013
542,2279,2417,669.307313821917,392.91280150498244,-503.3253016294998,818.2207879137065,243.99932741319282
543,2279,2416,697.8178609049753,378.7575096835719,-511.8216917414511,839.850676996922,236.72469359162523
547,2280,2405,517.746064486372,306.9444256791497,-420.9231784269807,647.7245416770463,176.96594848847533
546,2280,69,540.6198540256062,349.6245557532486,-435.2024377491368,682.7565699257885,207.48783985306628
545,2280,2417,569.9416654010231,366.6526284873703,-462.6863615218779,720.9852460246809,215.60904786371248
544,2280,2416,524.0254218802689,283.1412728930919,-433.4955109796343,651.5468181201591,155.61987665320186
551,2281,2417,818.1950394140506,447.24688257291933,-466.55695126984125,930.7469346275129,334.6949873594569
548,2281,2406,468.1838239108283,480.05924946677,-479.14995153540474,713.7700823700297,234.4729910075686
550,2281,69,439.78957427813685,301.8640280599252,-379.5455730228849,572.7415717412096,168.9120305968524
549,2281,68,324.2924090729002,335.8778591326887,-396.6015468623925,528.4704974910308,131.69977071455807
552,2282,2404,1105.7038285312874,185.8399681226485,-582.8188538800711,1190.2503960943186,101.29340055961734
553,2282,2408,1159.5568259336887,342.00974276353566,-674.3153069654666,1280.6616586969044,220.90491000031977
554,2282,2418,807.0908143576767,213.18624368366352,-599.4659575059273,932.0633070546172,88.21375098672297
555,2282,2403,872.1389437268606,106.63279731674291,-536.8319248475382,956.8760243558642,21.89571668773931
556,2283,2403,888.1816709549139,279.26401151470975,-543.0526294154868,991.6710224702508,175.77465999937272
557,2283,2418,841.5210824535559,337.9379453369979,-586.0469285496721,976.0735893159629,203.385438474591
558,2283,2416,593.1650616604458,175.61552554366946,-489.1077191534212,705.9388809286065,62.84170627550873
559,2283,2405,755.6075517256596,179.51562202154992,-482.31423285628665,843.2306336042188,91.8925401429907
562,2284,2419,683.8227066979105,257.0600839362572,-433.42310543900084,774.5720927626032,166.31069787156434
563,2284,2402,680.650137201344,209.330189623981,-435.1121958571858,765.7178968439914,124.26242998133364
560,2284,2403,653.0437387993837,183.34038695448302,-451.2892539722621,743.8771982013659,92.50692755250094
561,2284,2405,646.2514449843408,214.94340393117906,-455.41383853621323,744.216775984178,116.97807293134184
564,2285,2402,499.15522492359014,112.63822672894385,-309.7203213694333,553.546714400154,58.246737252380086
565,2285,2419,709.7987039870027,380.2509669801997,-442.151543571306,820.751012355146,269.2986586120565
566,2285,70,432.50755610634127,221.59084212639294,-344.4087470831075,528.9794131158175,125.11898511691678
567,2285,2401,341.6240099629404,79.36893587839589,-276.68588075605,401.1091695681115,19.88377627322481
570,2286,70,354.78136734720954,128.68741551078398,-272.6224395791056,418.8229777488631,64.64580510913041
571,2286,2419,731.9362436596351,333.44541587090714,-395.4458210918529,813.3918883893683,251.98977114117395
569,2286,69,230.50872511916754,176.6988350492063,-287.8299919564461,350.0121204707485,57.19543969762532
568,2286,2405,448.4046370913162,382.5077792614897,-400.9834911187328,618.6372579950383,212.2751583577675
574,2287,71,281.9194357220287,52.36509887174757,-186.00718853016932,314.8699456036888,19.41458899008751
573,2287,70,264.45883394631215,92.14265852145023,-179.04363252370598,302.5479661829968,54.05352628476558
572,2287,2401,302.8365369774099,170.2766901874256,-202.20665823906842,357.44876140145055,115.66446576338494
575,2287,2400,340.9636034565512,147.3698172261147,-220.44737071885265,390.85992535475066,97.4734953279152
578,2288,2423,1318.7318905777245,53.441917753432506,-686.9391197199017,1405.9556542741054,-33.781845942948394
579,2288,2422,1245.2821869453503,-64.20376416243346,-595.7267933941296,1309.8520551034815,-128.77363232056473
576,2288,2272,1493.6419926132444,17.660865667149437,-629.6608986503611,1557.9906863111028,-46.687828030709056
577,2288,2271,1561.858186362995,121.54707430672136,-709.7026370560583,1644.5372852540859,38.86797541563044
583,2289,2421,1057.9319059607387,-43.60048394911871,-540.3456627802084,1120.6286359869994,-106.2972139753793
580,2289,2422,1269.334186491531,32.37872644249342,-581.3797764000516,1334.2416433404364,-32.52873040641202
581,2289,2423,1315.103665627378,113.22069111122352,-632.4815271937699,1393.234259718763,35.09009701983848
582,2289,2420,1186.936285197522,82.19519825095824,-617.4635010016275,1267.3599508193183,1.7715326291618112
584,2290,2423,1149.874632636046,94.17036932882382,-570.5936528449561,1222.0409607467982,22.004041218071734
585,2290,2404,1230.6531710618926,230.40308086462164,-653.2398379678323,1327.8602213775016,133.19603054901256
586,2290,2403,1043.119623150799,166.87934184090832,-617.8467320891071,1141.080543284058,68.91842170764949
587,2290,2420,951.861662460243,47.11264768621572,-545.614376454246,1027.7545654650044,-28.780255318545755
590,2291,2404,1232.637211840028,153.26844692481006,-705.6680099397873,1337.74044381972,48.16521494511778
589,2291,2270,1467.3175169716303,219.71858374332902,-736.4335309244434,1567.8862998794748,119.14980083548437
588,2291,2271,1382.716057751894,87.26929415239232,-648.7165772752332,1459.3916535453127,10.593698358973711
591,2291,2423,1153.2714021850563,25.32171168355012,-620.770407856125,1233.0407614853625,-54.447647616755944
592,2292,2273,1581.2017092683318,-9.921954244585095,-601.2028823356055,1636.0984917782298,-64.81873675448321
593,2292,2272,1594.3406963179423,50.753995336101866,-679.313188695126,1665.7742298539638,-20.679538199919534
594,2292,2422,1316.640592910088,-40.817869517154236,-654.4042892169114,1391.393022216619,-115.57029882368522
595,2292,2399,1340.7161417687323,-96.51392863092389,-569.6759461315125,1395.1083767258274,-150.906163588019
598,2293,2421,1095.7287994230383,-22.7860614027241,-590.1409205753756,1168.796799470143,-95.8540614498288
596,2293,2399,1370.5374899052192,13.12848510175769,-576.2855563614698,1429.170130334428,-45.50415532745103
597,2293,2422,1361.838738163047,70.91905563691739,-630.4227041247553,1434.6940110054375,-1.9362172054728717
599,2293,2398,1198.3486920824362,-71.33031537648503,-528.5089676196376,1251.15126655141,-124.13288984545875
600,2294,2420,919.1644451447349,123.07694370577701,-487.14547062193526,987.7752828241032,54.46610602640891
601,2294,2403,936.9059409951977,124.59343036162824,-507.155466918758,1009.5654860018245,51.93388535500151
602,2294,2402,891.2513032518289,107.91597529135854,-515.9788649348332,968.5848186652004,30.58245987798699
603,2294,2397,873.182074415645,105.54043476743428,-499.5228742670469,947.2905037222883,31.43200546079089
607,2295,2398,1176.4998966972264,62.058800775149734,-542.621048658751,1239.0407057776547,-0.48200830527878225
606,2295,2397,1088.268966520666,13.424328257425543,-514.1604247589131,1146.5923856850704,-44.89909090697893
605,2295,2420,1027.8115194447628,13.949064053178688,-520.6120532503248,1090.7386049379097,-48.978021439968074
604,2295,2421,1120.665203322314,98.61505173292619,-576.236130616803,1196.2904898798724,22.989765175367666
611,2296,2396,614.4205876194378,20.982309253456805,-358.6132689438694,664.3902378761218,-28.987341003227073
610,2296,2401,682.6182161117201,121.7171954643194,-414.49754898210114,750.8861355689339,53.44927600710565
609,2296,2402,812.9053320690308,152.38950279484823,-434.7636208899629,878.0271610870466,87.26767377683251
608,2296,2397,734.9370701572727,53.700382015136256,-379.68321282110855,784.2683277557746,4.3691244166343495
614,2297,2400,514.2086645954162,49.59905130062967,-298.95322227078026,558.1442975436828,5.663418352363067
615,2297,2395,487.024097936913,37.21114824530329,-271.7772660974107,524.8887079147858,-0.653461732569383
613,2297,2401,575.1055661247918,68.38754057976212,-289.7011609332034,613.589798973235,29.90330773131899
612,2297,2396,555.4956695338388,59.03124340521106,-266.809765701149,589.07206948762,25.45484345142995
619,2298,2394,371.5815415679146,32.968929949977266,-165.2220518208023,390.6610281867429,13.88944333114901
616,2298,2395,391.2893578973203,35.327816626992075,-165.20542241663264,409.52367999166927,17.093494532643177
617,2298,2400,402.8883721776905,49.23746223796495,-174.55555419498415,423.25483362525716,28.871000790398284
618,2298,2424,382.1065724406144,48.741521593745404,-176.0617681018274,403.9247123431127,26.923381691247158
620,2299,2394,294.4762763844781,15.894694840835697,-32.776093357617256,295.43701846626277,14.933952759051067
621,2299,2424,418.5731343416152,171.29354061686257,-177.04748532737807,446.99665450000066,142.870020458477
622,2299,72,87.06538981391002,18.60377448798689,-92.22257026770525,110.2627878512324,-4.593623549335504
623,2299,73,62.11765944018065,-56.995408462708156,-12.413838716528662,62.44022521668428,-57.31797423921179
626,2300,72,146.14827312831167,-51.52241499952103,-37.7958558863985,147.93875535555713,-53.31289722676651
625,2300,71,44.2530537862699,0.5183520582413781,-46.773709924271245,54.403292132405,-9.631886287893721
624,2300,2400,188.2198588401747,165.85062903627465,-130.86999492560437,243.41923676376848,110.65125111268088
627,2300,2424,420.78347215625485,118.99284012732811,-139.51915931978428,436.12832983464347,103.64798244893944
631,2301,2426,948.052287338834,-77.33708551018424,-437.5344706350317,992.7757067705979,-122.06050494194807
630,2301,2397,956.1343798806679,3.6175711972342697,-506.9167493414384,1019.3787238144728,-59.62677273657056
629,2301,2398,1178.019569803591,121.02975097249112,-575.7425740776371,1251.3358825994055,47.713438176676505
628,2301,2427,1227.3614208961174,25.395136680062876,-484.8675216503369,1274.4175256596604,-21.66096808348027
635,2302,2427,1203.4771415915648,-115.63995712643094,-470.6894540163561,1244.2075472811948,-156.37036281606117
632,2302,2393,1360.8061832083085,-6.197470177827199,-547.6616382073248,1413.6181921748343,-59.00947914435312
634,2302,2398,1159.1748304503317,-50.88691958371828,-545.7269204975112,1217.8583726812608,-109.57046181464727
633,2302,2399,1322.3933877072604,26.9142607531748,-589.4155803733657,1386.28520611985,-36.97755765941474
636,2303,2393,1182.6317656013887,-40.699680012286706,-470.9193799020867,1226.3866879138916,-84.45460232478968
639,2303,2392,1076.0390340920596,-67.95740553974457,-460.6125855527472,1120.6630259787185,-112.58139742640333
638,2303,2426,1104.9392046257765,-8.650545704380647,-503.0686519115356,1159.1190017214371,-62.83034280004142
637,2303,2427,1331.2113604390304,75.61998181927953,-545.12244258299,1387.82567022909,19.00567202921991
643,2304,2393,1363.7658359734908,-148.23241170007452,-519.4459724202433,1407.1356537449533,-191.60222947153716
642,2304,2399,1285.655107711288,-103.48936918157295,-600.3024673681475,1347.7342800892586,-165.56854155954352
641,2304,2273,1622.7223532352698,18.716514030977123,-646.957746261305,1685.501061798433,-44.06219453218603
640,2304,2274,1619.8335066926309,-54.12155247425494,-556.4854474652717,1664.870942026314,-99.15898780793805
644,2305,2392,1077.7611389890394,-2.1191874215822963,-375.1228893611365,1109.4105797592028,-33.76862819174596
645,2305,2426,1116.6357102712052,59.93271862332665,-457.270895281473,1163.9833294867751,12.585099407756616
646,2305,2425,838.0426534192756,-31.207656255622,-437.111667084951,889.9004660050682,-83.06546884141471
647,2305,2391,848.7446784559419,-78.35877138670782,-356.43164956861256,881.8226766494204,-111.43676958018631
651,2306,2425,717.4301321498981,-68.00200162242646,-356.51923885683385,755.9940220311478,-106.56589150367608
650,2306,2396,770.7418654610364,46.018826004584895,-448.3408402419451,834.4768702867698,-17.716178821148503
649,2306,2397,1000.398409719707,113.01673732575495,-471.8173963987419,1059.2157545618995,54.19939248356246
648,2306,2426,991.3304283719145,21.0041377042769,-392.50154748313906,1029.5195962883276,-17.18503021213627
655,2307,2428,577.8141674183727,-14.236440616783455,-282.6942532134805,609.8284811585913,-46.25075435700205
654,2307,2395,627.840246646514,24.03827512208926,-342.4283264344169,673.0105718426757,-21.132050074072595
652,2307,2425,741.0876822077327,39.84278844975833,-290.96979302995373,770.0728687733085,10.857601884182543
653,2307,2396,756.4655718017211,62.14853085984163,-337.10794001049896,795.2208747941323,23.393227867430483
659,2308,2390,669.3434191019477,-79.66441006700802,-240.50877017862285,688.1768904500891,-98.49788141514944
658,2308,2428,474.1872377979597,-47.664549441427596,-312.2938015913617,517.3405716656627,-90.81788330913051
657,2308,2425,900.693261418454,94.41264053486358,-365.46869933113425,940.1746319309527,54.93127002236491
656,2308,2391,900.50209561583,11.42328330418087,-283.2832347595823,922.5220440970508,-10.596665177039881
662,2309,2394,581.9709957233076,-20.62529572715013,-223.59238574665704,602.0432925693142,-40.697592573156726
661,2309,2395,533.6400638799564,-18.032231098438416,-217.40654992037463,554.2866009589347,-38.67876817741666
660,2309,2428,581.9603866898927,65.93969430013269,-255.4560199823382,611.8454785969493,36.054602393076095
663,2309,2390,615.1895690133462,30.18329309047482,-247.20307391419047,640.2323736420227,5.140488461798327
665,2310,2394,527.7658562602503,75.77423142772473,-140.38803111729868,538.4159967988913,65.12409088908373
667,2310,74,320.9691446717964,-33.26299720018034,-70.14960270314292,324.40872796367836,-36.70258049206228
666,2310,73,337.1690888140781,15.827742624915771,-124.7138357610057,348.84530545128626,4.151525987707657
664,2310,2390,453.7573677596307,5.261569005497051,-77.14958442879598,457.0509700243766,1.9679667407511374
671,2311,2388,1130.9653002257842,-140.6229025536283,-417.11826414504355,1164.2982801388657,-173.95588246671002
669,2311,2393,1408.3774650460957,4.3018269575348995,-519.4781996626531,1454.8859033230565,-42.20661131942586
668,2311,2389,1377.8932144516957,-60.81022132866542,-435.1326080427243,1410.0745900957054,-92.99159697267498
670,2311,2392,1161.011499910555,-67.51041149377949,-513.5319869237302,1212.5172429089148,-119.01615449213932
674,2312,2391,949.3455202761298,-43.149165296117474,-410.2191811600261,990.0631385165046,-83.86678353649233
675,2312,2387,936.4538060834982,-104.87809457199887,-330.1694324253178,961.9984336080205,-130.42272209652117
672,2312,2388,1163.3421530142828,-29.907161989099677,-350.6287136604544,1188.5664366950998,-55.13144566991673
673,2312,2392,1190.5606422462124,37.26602318097349,-432.9453030470516,1229.85369382726,-2.027028400074073
678,2313,2390,698.1774398343867,-36.881598987049415,-303.2862133143589,728.2326025165708,-66.93676166923348
676,2313,2387,981.1049788713364,3.468232314933175,-232.82258958235843,994.775403089463,-10.202191903193523
677,2313,2391,993.2969129705067,71.85787545673702,-344.09029788638594,1024.3720751918336,40.782713235410085
679,2313,2386,691.2303449639021,-94.78684905314901,-207.40987881937014,704.6826584751657,-108.23916256441265
683,2314,2389,1341.3411961068273,-184.30665701193402,-472.4343951425758,1377.0777915868875,-220.04325249199417
680,2314,2275,1632.927812086456,-87.29613789059874,-492.4836002007609,1667.4820506297356,-121.85037643387841
681,2314,2274,1659.604017847569,-25.168784827662535,-598.7363074430028,1711.2176951571305,-76.78246213722423
682,2314,2393,1370.028304091501,-127.83138640257891,-566.4307599225398,1421.7899503368844,-179.59303264796256
684,2315,2386,738.20178401586,-1.7587530490903873,-76.43207876935298,740.1702549215142,-3.7272239547447157
685,2315,2390,750.7158275049262,66.75820107039505,-155.7050236290972,759.4655735544015,58.0084550209196
686,2315,74,511.6212066438568,-2.620422715033044,-143.1327127147208,521.3952339971686,-12.394450068344867
687,2315,75,485.27576638445004,-82.45509016778075,-54.282742129338324,486.57035528054007,-83.74967906387076
688,2316,2383,1072.1440627376044,-13.751674042089405,-216.0651483552211,1082.7875823520503,-24.395193656535298
689,2316,2387,1089.7582830723372,46.343661656241466,-290.9623753920194,1109.6627281632798,26.43921656529892
690,2316,2386,875.4990563721217,-26.775154941151584,-268.2060310722227,895.0086407879064,-46.28473935693637
691,2316,2382,859.7697134102434,-84.30675588357263,-196.1021151265315,869.8456818914369,-94.38272436476603
694,2317,2387,1049.4598289400574,-67.31823337793281,-385.91166523997373,1081.8586306455802,-99.71703508345558
692,2317,2384,1261.1002689213756,-36.08254512493164,-321.9822400933164,1280.7819752270102,-55.76425143056633
693,2317,2388,1277.481051845757,7.99714010744276,-400.2595602265867,1308.2834441824862,-22.805252229286566
695,2317,2383,1037.6665895473834,-110.08028351854631,-307.5282182134955,1057.9094062911208,-130.3231002622838
696,2318,2385,1453.8245778551743,-70.66233648568584,-395.998008309027,1479.1207664457106,-95.95852507622203
697,2318,2389,1470.4787301715414,-33.60480952901537,-475.2853904911943,1507.1326394035887,-70.25871876106248
698,2318,2388,1240.5805470004443,-108.5283556043093,-466.0671789316601,1279.6985426870065,-147.6463512908714
699,2318,2384,1226.558331266844,-145.29479180137628,-385.47685032395,1253.1227158870875,-171.8591764216195
703,2319,76,706.5869758844631,-66.59005023693334,-54.30921415970597,707.5394943496444,-67.5425687021148
702,2319,75,725.0984240383792,-10.494752800823846,-117.38615713514109,729.7521113937283,-15.148440156173024
701,2319,2386,905.9805006707207,47.23628086044175,-133.03790288902127,911.1025560493838,42.1142254817787
700,2319,2382,891.1217211082517,-6.118472021250341,-72.20596017781673,892.572081486707,-7.568832399705741
707,2320,2385,1416.150864730478,-190.97886525673027,-431.4152744566547,1444.5993872558588,-219.42738778211117
706,2320,2389,1433.6544114045473,-152.0567961785398,-514.8963559433454,1474.4051732344446,-192.807558008437
705,2320,2275,1675.6352656052452,-71.68685656166383,-528.321074895771,1714.697842431001,-110.7494333874198
704,2320,2276,1658.5597054336488,-110.70645041011801,-444.2664460136282,1686.0224839418556,-138.16922891832485
710,2321,2382,1020.8360425667329,-30.15422518360384,-237.57390287613285,1034.094540288077,-43.41272290494794
711,2321,2254,1007.1179923218714,-74.19665011571556,-179.46837315340474,1014.5141021005163,-81.59275989436054
709,2321,2383,1190.9454943619332,26.336913940356908,-252.63517655912648,1204.488852050048,12.793556252242183
708,2321,2255,1176.843426132969,-17.90584144322139,-194.3907548232694,1184.6988266984663,-25.761242008718796
715,2322,2255,1147.741490313836,-103.91946313089909,-278.4544391979797,1163.0412688998663,-119.21924171692933
712,2322,2256,1337.543514894986,-41.25659282565795,-289.79621740365735,1352.606303325144,-56.31938125581598
713,2322,2384,1350.1295020002256,-6.067557322397306,-355.61391274196376,1373.0537463361252,-28.991801658296822
714,2322,2383,1158.538569418908,-69.50899427891807,-343.7711563869531,1182.1430936127454,-93.11351847275546
716,2323,2257,1507.98186033541,-75.49075994440136,-356.1429597345145,1527.7600828664035,-95.26898247539486
717,2323,2385,1518.191710423401,-50.38352024106166,-425.8561159341879,1546.5820272593542,-78.77383707701483
718,2323,2384,1314.32531414222,-117.40319619522325,-418.65739834428433,1344.3029565130303,-147.38083856603362
719,2323,2256,1304.9643434780098,-142.59338000591072,-347.81995399807573,1325.5647673185363,-163.1938038464374
722,2324,76,916.4743811125877,1.7289396777434831,-94.6461098597464,918.9160546721964,-0.7127338818652902
721,2324,2382,1047.194959704399,44.43421808376206,-113.02985657615588,1050.370050021298,41.25912776686312
720,2324,2254,1029.2198496513645,-11.918051721014649,-68.83754386803251,1030.3564522037486,-13.05465427339874
723,2324,77,897.6441310790558,-55.33242406023203,-49.97885363352973,898.298966331882,-55.987259313058246
727,2325,2257,1472.6216193715638,-185.56801780014655,-390.68206982021024,1495.322749429316,-208.2691478578987
726,2325,2385,1479.9925812734418,-169.2134482860538,-462.1553832480991,1511.7580803649994,-200.97894737761146
725,2325,2276,1689.3804905253949,-99.99809965989175,-467.89677781407784,1719.4618607468985,-130.07946988139543
724,2325,2258,1681.3901965460336,-116.72591128633553,-395.54355084240797,1702.8858126919547,-138.2215274322566
731,2326,2247,1664.4351961788736,-218.7070594640245,-361.052126029936,1681.585012206384,-235.85687549153488
728,2326,2248,1843.0434417277654,-159.75669390332666,-358.2720303839017,1858.9396964062266,-175.65294858178765
730,2326,2258,1662.9369315331164,-226.52717750935903,-422.0692771554246,1686.2205140341039,-249.8107600103466
729,2326,2259,1841.6574060821226,-167.59023628861632,-419.7076198269582,1863.3413572673496,-189.2741874738433
732,2327,2247,1698.1946851414812,-115.72562016070799,-348.6290909922391,1714.794102452398,-132.32503747162502
733,2327,2258,1701.0470182555148,-110.38591897681863,-410.118708849731,1723.9702323794743,-133.30913310077813
734,2327,2257,1520.7280699412242,-169.87483985408335,-408.72221444321593,1545.0805759940922,-194.22734590695143
735,2327,2246,1517.7593954647489,-175.3056357937428,-346.4950862223959,1535.3055864425146,-192.8518267715084
736,2328,2246,1550.1032611826267,-75.45359061105557,-314.6182516024625,1565.186496835404,-90.5368262638325
737,2328,2257,1556.5899569100623,-59.209376874562736,-374.20561983441354,1577.9727106945804,-80.59213065908102
738,2328,2256,1382.7011618673903,-116.66210283986038,-368.72662668617716,1405.0379108980674,-138.99885187053735
739,2328,2245,1376.9754369087143,-132.59282546805787,-309.4246153695146,1392.6684194900688,-148.28580804941225
742,2329,77,1079.1377524393372,4.552195090714179,-77.77601513381259,1080.5432261736319,3.1467213564193344
743,2329,78,1062.8555450557433,-44.78782728381253,-46.14437675392364,1063.3359299162278,-45.26821214429697
740,2329,2243,1155.945888802462,-13.857896867521731,-62.577580618313114,1156.7821735186408,-14.69418158370047
741,2329,2254,1171.9995452937947,35.191748117267366,-94.02849745507397,1173.9405699877075,33.25072342335443
744,2330,2244,1272.074395307981,-20.27219176249457,-172.40707632443312,1277.7990809610983,-25.996877415611948
745,2330,2255,1284.7944379767757,18.169107468724462,-217.91071488083637,1294.0984562021995,8.865089243300645
746,2330,2254,1151.295572512393,-26.13079379729794,-204.93994166765634,1160.1468686758853,-34.98208996079029
747,2330,2243,1138.8690417758928,-64.36648269170496,-159.60480512956696,1144.1387116827798,-69.63615259859193
750,2331,2255,1256.4230746437017,-67.99665575781466,-301.6448276400183,1273.3813079868169,-84.9548891009299
751,2331,2244,1247.48950197487,-94.94294351676268,-247.0409646900465,1258.7602953955948,-106.2137369374874
749,2331,2256,1415.64651642367,-15.430889717527975,-310.50795175035194,1432.2959262154723,-32.080299509330416
748,2331,2245,1406.3359112924168,-42.34559716772162,-256.2349584539838,1417.579018170015,-53.588704045320014
754,2332,2264,2276.17069895407,-437.75442855860865,-59.07112659843654,2276.492095515386,-438.07582511992496
753,2332,127,2291.019784652188,-435.17983557861123,-37.84584360527832,2291.1511248947118,-435.3111758211353
752,2332,126,2312.409869062786,-370.36139797073713,-32.51555660402814,2312.5083886989723,-370.4599176069232
755,2332,2253,2297.328120245194,-373.67368991187027,-53.78532625951948,2297.5988583736093,-373.94442804028574
758,2333,2263,2229.803400894229,-430.82645589276206,-154.49507121025317,2232.04428388863,-433.0673388871635
759,2333,2252,2249.859322668554,-369.82922367140463,-136.07207575867068,2251.625099172833,-371.5950001756835
756,2333,2253,2303.788975741508,-353.7072465201662,-116.3958568640993,2305.0628725893166,-354.98114336797516
757,2333,2264,2283.5260381478647,-414.99524483780147,-134.94059602471998,2285.211924018542,-416.6811307084789
763,2334,2251,2172.183721408538,-355.94173234064533,-211.1155429053763,2176.5834577498217,-360.3414686819291
760,2334,2252,2264.4090307872275,-326.4309377957278,-193.6683736620154,2268.0232244298622,-330.04513143836243
761,2334,2263,2246.250703904806,-381.8397672337886,-225.5681128255608,2251.0819312778463,-386.670994606829
762,2334,2262,2154.651208607037,-410.2874390350888,-242.40168867186162,2160.36557169161,-416.00180211966176
764,2335,2250,2098.1816371825435,-250.33885466980257,-312.1277176885415,2108.5069952546464,-260.66421274190566
765,2335,2261,2087.5191944507337,-284.94989351128686,-364.4194106227954,2101.4316289867306,-298.8623280472839
766,2335,2260,1937.088613280322,-333.9103983400595,-374.5416227568012,1952.4277080086742,-349.24949306841177
767,2335,2249,1947.9747547521006,-299.7213046268588,-323.054269148084,1959.5233117408732,-311.2698616156315
770,2336,2261,2056.36711891617,-377.282846453002,-317.2057870388119,2066.6598633947406,-387.5755909315726
769,2336,2262,2179.6686101930895,-336.8143359145039,-302.77822141149045,2188.7433042234443,-345.8890299448585
768,2336,2251,2193.8126830438005,-292.316210044801,-260.6369071426372,2200.625077473725,-299.1286044747254
771,2336,2250,2070.6380551953325,-332.1552774689909,-274.4525258841357,2078.449806430249,-339.9670287039071
772,2337,2249,1979.081261571705,-205.9963595642398,-346.1938140736497,1992.7086192727659,-219.62371726530068
773,2337,2260,1972.983970831699,-225.81950189641373,-403.94718207797405,1991.3825338939248,-244.21806495863962
774,2337,2259,1803.814343118014,-281.761436506275,-410.8899231974006,1823.859561270218,-301.80665465847903
775,2337,2248,1809.242054865213,-261.8361973974976,-352.11931193614896,1824.102035839575,-276.69617837185933
778,2338,2245,1444.1664654433694,-110.40459936752131,-320.55535104057253,1460.519221023706,-126.75735494785783
776,2338,2235,1586.0075631073705,-72.2706808297769,-274.2940053932312,1597.273690960264,-83.53680868267043
777,2338,2246,1589.735458961347,-62.362440903942,-323.7950415964429,1605.4511286970721,-78.07811063966733
779,2338,2234,1440.4710652380093,-120.37198166388703,-270.6571676537039,1452.117455457398,-132.01837188327568
780,2339,2236,1709.5830083099981,-109.8012598774651,-303.3985260535228,1722.144876774602,-122.36312834206899
781,2339,2247,1709.6990326871282,-111.77423899125165,-355.58705006094993,1726.8911427128605,-128.96634901698394
782,2339,2246,1557.1171505820912,-162.10969242314752,-355.8976481634765,1575.342563045886,-180.33510488694208
783,2339,2235,1557.3185147398317,-160.04402211827414,-304.02018439326736,1570.6696934597117,-173.3952008381541
787,2340,2236,1679.6110938467411,-201.18912176688582,-315.8898055595305,1692.7826692799324,-214.36069720007708
786,2340,2247,1675.8292232779665,-214.97191129488738,-368.0117340773565,1693.5695552010757,-232.7122432179965
785,2340,2248,1827.3504728404582,-164.9535135236465,-363.35688691888055,1843.7822294482298,-181.3852701314181
784,2340,2237,1831.3525913552326,-151.24336096506943,-311.83122651126894,1843.5392219510059,-163.4299915608426
791,2341,2233,1336.7315450766375,-84.16465144209366,-216.1101076428763,1344.901839969509,-92.33494633496503
790,2341,2244,1343.8029570789986,-62.89838408260175,-260.1771870814596,1355.732097464415,-74.82752446801817
789,2341,2245,1473.5919953726525,-19.925796254018564,-267.5284482771235,1485.4777569159369,-31.81155779730318
788,2341,2234,1466.1535598446696,-41.37580620326298,-223.29701086371662,1474.3774503173063,-49.599696675899736
794,2342,78,1217.546839911349,6.480861045168922,-63.48700298642429,1218.3783045641035,5.64939639241436
795,2342,79,1203.5235203226875,-36.01404679925986,-41.821476799744154,1203.8761797525822,-36.3667062291546
793,2342,2243,1281.474120309668,27.758264415967858,-77.6476037869019,1282.6752257532153,26.557158972420666
792,2342,2232,1267.4585506863646,-14.69661052983895,-56.00217001346083,1268.06977714902,-15.30783699249423
798,2343,2243,1264.8721213694055,-22.624961052793253,-174.61416565600095,1270.7655669659275,-28.518406649315352
799,2343,2232,1254.1609354691057,-55.056160078262394,-139.37699702786597,1257.8599432069,-58.75516781605654
797,2343,2244,1368.3042220643033,11.623141349993091,-185.43316412929542,1374.6112211621496,5.316142252146847
796,2343,2233,1357.5930728129151,-20.705598548314526,-150.31700388009912,1361.6793444714683,-24.79187020686777
802,2344,2250,2005.4704486945934,-353.55319773485166,-275.9487289969875,2013.512862709515,-361.5956117497732
801,2344,2251,2110.250673933751,-319.8516494862788,-260.7831588021652,2117.2270444633195,-326.8280200158472
800,2344,2240,2125.923615899094,-271.2977636189412,-224.7155442848794,2131.1783067227225,-276.55245444257
803,2344,2239,2021.0577942142477,-305.46703442604064,-240.2354277553655,2027.2429887065427,-311.6522289183358
806,2345,2251,2088.794389645036,-383.4217643548541,-211.32907627189212,2093.3023582627447,-387.929732972563
804,2345,2241,2184.726784487765,-302.8150458734781,-166.87934837027063,2187.522461462317,-305.61072284803004
805,2345,2252,2166.343468475504,-358.77568233638124,-193.36619809473555,2170.0399110574863,-362.47212491836376
807,2345,2240,2107.0338394674404,-327.37066140731406,-184.81514736801267,2110.536499376532,-330.8733213164055
811,2346,2241,2172.1009120734643,-340.622578494217,-119.54784442925617,2173.522040257687,-342.0437066784398
810,2346,2252,2151.8485550053347,-402.1451111445391,-135.38522575912924,2153.6414628658968,-403.93801900510107
809,2346,2253,2198.2657194479484,-388.52205170282684,-115.39151823892182,2199.5519271250096,-389.8082593798881
808,2346,2242,2218.7807004682504,-326.28650551349665,-99.35961663415196,2219.750082984421,-327.25588802966763
814,2347,2248,1793.677573083001,-266.8092832160237,-357.2561172619249,1809.0485597994689,-282.18026993249157
813,2347,2249,1936.819197874056,-219.84744076380525,-349.0655880592518,1950.8523206180307,-233.8805635077798
812,2347,2238,1945.0233740271337,-193.2596128564927,-299.90832342313774,1955.4881901322822,-203.72442896164125
815,2347,2237,1801.895202883218,-240.40906173680617,-308.48931857963805,1813.478802617332,-251.9926614709202
816,2348,2239,2044.7146014911336,-234.49960431227635,-270.5281790347083,2052.7140177836063,-242.49902060474892
818,2348,2249,1905.596069468785,-313.65678724222187,-325.9590167094213,1917.501241492216,-325.56195926565283
819,2348,2238,1917.532363974341,-275.9492285319973,-282.2233565346559,1926.5731374307857,-284.99000198844203
817,2348,2250,2032.7089092173876,-271.9137661520049,-313.8717805713715,2043.3465354242521,-282.5513923588695
823,2349,2242,2212.78004604504,-344.25015512264224,-48.12274733044113,2213.006440886903,-344.4765499645057
822,2349,2253,2191.5611752504387,-408.57006866957806,-52.836655310781914,2191.8295678568306,-408.8384612759701
821,2349,126,2205.0228480517853,-405.79911490436746,-31.464662834222814,2205.117644736093,-405.8939115886751
820,2349,125,2226.360239750177,-341.14035218196943,-26.714556879288352,2226.4297283645933,-341.20984079638583
826,2350,2239,1962.0524199616054,-324.96576484710647,-239.0502472442566,1968.2821238011263,-331.19546868662724
825,2350,2240,2050.7322681851415,-296.13977718499586,-223.40477428777794,2056.0368966310143,-301.4444056308686
824,2350,2229,2066.492946825079,-247.93965269217108,-193.27613837481601,2070.5210144772564,-251.9677203443482
827,2350,2228,1977.7768627550345,-276.5313960150147,-208.7718131585408,1982.6001398945787,-281.3546731545589
830,2351,2238,1878.3824628367217,-288.8816229734334,-281.7086985582498,1887.4984934241015,-297.9976535608133
828,2351,2228,1998.4884960405627,-214.38073195607058,-232.49325232972507,2004.57841352383,-220.47064943933776
829,2351,2239,1985.7258961938496,-254.00690342802193,-269.24065564598425,1993.7883000264226,-262.06930726059477
831,2351,2227,1891.131310199008,-249.5561917129628,-245.2573717246839,1898.133158299729,-256.55803981368365
835,2352,2225,1692.7336517821439,-181.02294550327042,-274.26166003916586,1702.7163836024679,-191.00567732359445
834,2352,2236,1687.2267443136243,-198.63056160925566,-317.5344805116818,1700.4996815799623,-211.90349887559375
833,2352,2237,1814.732250480718,-156.71818201747692,-312.12499486767035,1827.009892471323,-168.99582400808197
832,2352,2226,1820.1042535826493,-139.05920366474822,-268.5971505152352,1829.267421466447,-148.222371548546
839,2353,2226,1794.3192872878963,-217.16604686777976,-267.56599419495564,1803.1781196635268,-226.02487924341017
836,2353,2227,1914.9364565075705,-177.67127444511766,-258.5830062594211,1922.8944520943494,-185.62927003189657
838,2353,2237,1785.2716973092301,-245.89151625416048,-308.8183417984198,1796.9428306509535,-257.5626495958837
837,2353,2238,1905.7732999173545,-206.21556925339678,-299.4989949535558,1916.3383610329147,-216.78063036895685
840,2354,2231,2144.79082126596,-296.7348215935191,-84.64362668118703,2145.524214349198,-297.46821467675704
843,2354,2230,2105.014410892798,-308.84654959692375,-104.52577423486326,2106.1454330202046,-309.97757172433046
842,2354,2241,2085.0958344746023,-369.38287081994054,-118.04405878058343,2086.514297754712,-370.8013341000502
841,2354,2242,2124.811633874688,-357.3248782070799,-98.19451452029054,2125.7824097578537,-358.29565409024553
847,2355,2229,2050.234546868919,-296.73549306544385,-160.92885260862658,2052.9899853063353,-299.4909315028601
845,2355,2241,2097.780511005347,-331.56157388784584,-165.31147771229254,2100.5895351406048,-334.37059802310387
844,2355,2230,2116.1454477388133,-275.6156692541282,-142.78850735128682,2118.2746762005845,-277.74489771589947
846,2355,2240,2032.0469829889157,-352.1757892697318,-183.2464096875745,2035.5627831534734,-355.69158943428965
849,2356,125,2130.6543893914686,-372.7232828003431,-25.946345949795802,2130.7216180398723,-372.79051144874666
848,2356,124,2151.4889660625017,-309.58820197903026,-21.782574790512538,2151.5371635833535,-309.63639949988215
850,2356,2242,2118.8241314823126,-375.2905196583022,-46.82090804858426,2119.043849161095,-375.5102373370845
851,2356,2231,2139.5247480305125,-312.54701567962354,-42.69189685134278,2139.710556209643,-312.73282385875405
855,2357,2222,1414.7052222783955,-73.42433978324004,-186.28199543037155,1420.51219283302,-79.23131033786456
854,2357,2233,1420.416715064767,-56.48592745305939,-221.7391486930363,1428.6931998937298,-64.76241228202218
853,2357,2234,1524.4722068183214,-22.08437978403265,-227.45167688535045,1532.7902832760312,-30.402456241742357
852,2357,2223,1518.7709734784883,-38.95454659762652,-192.14652663089527,1524.6739561294066,-44.85752924854489
859,2358,2223,1496.5856494893671,-106.6676993733206,-234.23961475958566,1505.0962316019595,-115.17828148591298
856,2358,2224,1616.3546080952424,-67.12062974664343,-236.25201245729465,1624.6028552063347,-75.36887685773559
858,2358,2234,1498.576938326961,-101.10196237496223,-274.94069435290606,1510.3046402748976,-112.8296643228989
857,2358,2235,1618.5932760222875,-61.45444952310163,-277.1126863790948,1629.943567347319,-72.80474084813306
860,2359,2225,1718.8864120688063,-101.5034002843339,-261.68645679920536,1728.2428734883079,-110.85986170383569
863,2359,2224,1591.384041805478,-143.528788489126,-263.20639312783595,1601.310116525651,-153.454863209299
862,2359,2235,1589.8786836567897,-149.28248764191596,-306.7716676853769,1603.302972830837,-162.70677681596305
861,2359,2236,1717.2943208918093,-107.24717136824108,-304.9337453977165,1729.9473886595574,-119.90023913598907
867,2360,2221,1353.686817686952,-46.294069400771264,-120.27979116452404,1356.2655366412587,-48.87278835507777
865,2360,2233,1441.1331927000986,6.975497764030592,-156.0587945342194,1445.3661088433012,2.742581620828105
864,2360,2222,1432.0461511741546,-20.28389839749036,-129.43685755843626,1434.9244160809571,-23.16216330429279
866,2360,2232,1362.6685053342635,-19.101650337013098,-146.8556713321482,1366.5595337562886,-22.9926787590382
869,2361,2232,1375.947950514235,21.217013139662868,-63.414919042672345,1376.6896571018046,20.47530655209323
868,2361,2221,1364.156237722285,-14.502173691326732,-49.196546263445875,1364.594984939822,-14.940920908863973
870,2361,79,1333.928115004051,7.166277389931793,-51.504607343488026,1334.427776257668,6.6666161363149286
871,2361,80,1322.121628495402,-28.610954454458806,-37.26387077233605,1322.3785875653557,-28.8679135244123
875,2362,2217,1940.5398340551133,-247.00621035950712,-180.29538976520837,1944.2484886885418,-250.71486499293576
874,2362,2228,1925.1305286554027,-294.02761809138553,-205.61906924819013,1929.8833270678706,-298.7804165038533
873,2362,2229,1999.8695984370006,-270.03319730196347,-190.40014582819404,2003.8553056829594,-274.01890454792215
872,2362,2218,2015.3546522089246,-222.70173221698633,-164.91037103126249,2018.3883801170523,-225.73546012511406
877,2363,2230,2039.1911169208229,-301.07358345782995,-140.6169727473788,2041.301489129787,-303.18395566679396
876,2363,2219,2056.789802935648,-247.61067630198613,-121.75685929732136,2058.396988918758,-249.2178622850961
878,2363,2229,1983.6035394606095,-318.80997313078694,-158.12233970817007,1986.3151790316033,-321.52161270178067
879,2363,2218,2001.1750018884618,-265.2614523513969,-139.24455175019352,2003.3117023461882,-267.3981528091234
880,2364,2220,2080.9681269771627,-266.0461946424026,-71.64778619471299,2081.5148012995205,-266.59286896476056
883,2364,2219,2047.173228941423,-276.532579133436,-90.76381703228141,2048.059198529872,-277.4185487218848
882,2364,2230,2028.1336054588849,-334.3094911623589,-102.20658558499737,2029.238531827562,-335.41441753103607
881,2364,2231,2061.8076432439734,-324.1673490029973,-83.16289931684851,2062.53208174403,-324.89178750305393
887,2365,2216,1868.1761428372363,-222.49048201266555,-211.35699903296862,1873.5043740719816,-227.81871324741087
886,2365,2227,1855.5797835353565,-261.3482621506754,-242.07077791089196,1862.4775081906334,-268.2459868059525
884,2365,2217,1958.3909865063924,-193.15103858074303,-198.89512426962335,1962.9778262708323,-197.73787834518282
885,2365,2228,1945.7538571622501,-231.83940149007663,-229.46227264883484,1951.7820237163712,-237.8675680441977
890,2366,2226,1778.3968511000699,-222.51195190186684,-264.6930419907247,1787.1127083276456,-231.22780912944245
891,2366,2215,1787.9273470255682,-193.12520044373923,-230.47726143101016,1794.608293966659,-199.80614738482984
888,2366,2216,1888.8756634211777,-159.97749771212023,-220.9415636680391,1894.8148492746368,-165.9166835655792
889,2366,2227,1879.3858952884573,-189.50365611323116,-255.34734644263975,1887.2350132704812,-197.3527740952552
895,2367,2213,1621.3594464975304,-126.4147031652991,-225.8987172646852,1628.6285310231642,-133.68378769093295
892,2367,2214,1726.5511756082142,-91.74200815939105,-223.3992418218291,1733.387296904947,-98.57812945612397
893,2367,2225,1724.1558576231864,-99.82918588955943,-259.2160077414353,1733.3194542348674,-108.99278250124053
894,2367,2224,1618.8243705943605,-134.518288239826,-261.5734699644751,1628.5264330777957,-144.22035072326116
896,2368,2215,1810.200880234315,-125.61792722168548,-229.72669535143635,1816.9925601542022,-132.40960714157256
897,2368,2226,1804.1977050259227,-144.34189712024408,-265.71115368604706,1813.2143574247043,-153.3585495190257
898,2368,2225,1698.024949050364,-179.3060320700523,-271.7755265639039,1707.809977694193,-189.09106071388135
899,2368,2214,1703.9519614366613,-160.5078456092017,-235.58408941224633,1711.3643083571758,-167.92019252971613
902,2369,2223,1546.4977005932924,-90.20842435409065,-233.40710302143142,1554.7772371593942,-98.48796092019268
901,2369,2224,1643.9585657375378,-58.034036680520785,-234.5243205971051,1651.9995855509028,-66.07505649388588
900,2369,2213,1642.8573804983973,-60.98071728656248,-201.49272987650534,1648.793736621319,-66.91707340948426
903,2369,2212,1545.352028892052,-93.18078515184027,-200.2344716293986,1551.4466983583452,-99.27545461813361
907,2370,2211,1482.1486824980893,-62.9532534165927,-158.9853318554791,1486.2276663376924,-67.03223725619591
906,2370,2222,1486.5608402370215,-49.70566641678306,-186.76480783282508,1492.216297235993,-55.361123415754605
905,2370,2223,1568.6247303457578,-22.523602398495655,-191.38802156914045,1574.3592422610573,-28.258114313794977
904,2370,2212,1564.0932622916857,-35.836242077255406,-163.54218117484754,1568.2616557948047,-40.0046355803745
911,2371,81,1421.284103394305,-22.384843926258554,-32.797751594540955,1421.470356923922,-22.571097455875588
910,2371,80,1431.1245923340161,7.434819527411378,-41.26608713479866,1431.4235571190707,7.135854742356969
908,2371,2210,1446.3468310014453,-13.917449348733953,-42.735924286539166,1446.6594402241544,-14.23005857144301
909,2371,2221,1456.2011182418837,15.908377855714662,-51.2099901585053,1456.6561706641614,15.453325433437044
915,2372,2210,1438.3219532246856,-38.48685542464568,-102.50047901609717,1440.0983723314953,-40.263274531455295
914,2372,2221,1445.815726910828,-15.861576445662195,-122.25189150490242,1448.3675006070944,-18.413350141928618
913,2372,2222,1504.027323818381,3.474292069865328,-129.85087062297112,1506.8312567826265,0.6703591056198093
912,2372,2211,1496.546932887134,-19.106581071973892,-110.13846089936006,1498.5451647941445,-21.10481297898434
918,2373,2231,2056.517053704745,-339.98460495190716,-41.24365050782601,2056.6944907581933,-340.16204200535515
917,2373,124,2066.828703920378,-337.52608848593127,-21.279830719083765,2066.8757874799066,-337.57317204546007
916,2373,123,2086.661942469876,-277.4253656086639,-17.689261797774982,2086.695031941892,-277.4584550806801
919,2373,2220,2076.2946847339826,-280.03403208009865,-37.6746884643525,2076.4452676556157,-280.1846150017316
921,2374,2218,1956.7272833593406,-242.13516102028177,-161.21870210663508,1959.6784266866032,-245.08630434754446
923,2374,2206,1908.679431436853,-217.87451623982872,-154.5376565142897,1911.4833151862713,-220.67839998924683
922,2374,2217,1894.0760430402809,-262.4465382241084,-175.7931760561212,1897.652642788517,-266.02313797234456
920,2374,2207,1971.348026540564,-197.66316548997804,-140.0065072259985,1973.6049820078347,-199.92012095724886
927,2375,2205,1848.7646934638651,-195.90860096946608,-180.8891909771233,1852.7576449119279,-199.90155241752882
925,2375,2217,1911.9270662696003,-208.6303752709822,-194.34520470744437,1916.3706005341514,-213.0739095355334
924,2375,2206,1924.121774202407,-171.2920987038931,-168.73384795516355,1927.513121713932,-174.68344621541792
926,2375,2216,1836.5855209625176,-233.07802561607912,-206.38194435793477,1841.7177738531225,-238.21027850668384
930,2376,2215,1773.3655998990282,-198.01887053463543,-225.23586349895385,1779.7781883365742,-204.4314589721813
931,2376,2204,1782.5851267932746,-169.57681200744003,-196.72491947302493,1787.5287403218867,-174.52042553605224
928,2376,2205,1866.5325473603511,-142.1354884877336,-187.5959366486229,1870.90308401174,-146.50602513912258
929,2376,2216,1857.2724762996136,-170.4891237807915,-216.00129595607092,1863.008475186261,-176.225122667439
932,2377,122,2030.890267276066,-245.64518182648192,-14.246654057025841,2030.9125560970829,-245.6674706474987
933,2377,123,2012.3053766052926,-301.96303234397635,-17.30957494558578,2012.3377429022755,-301.99539864095937
934,2377,2220,2003.5017917448292,-304.1081142636499,-36.010033124665924,2003.6422664790616,-304.24858899788217
935,2377,2209,2022.0246275739155,-247.96984421076274,-32.963290984686815,2022.144288798955,-248.08950543580227
937,2378,2220,2008.1485336079502,-290.1214062590643,-70.03641921384687,2008.6819741859945,-290.6548468371085
936,2378,2209,2026.0686265221668,-235.79126171064377,-60.36393391992216,2026.4712991143526,-236.19393430282958
938,2378,2219,1979.681987268133,-298.8903848852584,-87.99109645380307,1980.5311537040102,-299.7395513211354
939,2378,2208,1997.5785920672174,-244.57790944928638,-78.33307731308157,1998.2625541123368,-245.2618714944058
940,2379,2208,2005.9445083031176,-219.431820989475,-103.0544287731097,2007.136950170096,-220.62426285645358
941,2379,2219,1989.3079849338305,-269.9775902096459,-118.94360589966426,1990.8723945010386,-271.5419997768538
942,2379,2218,1942.6050134555378,-284.72770113810236,-135.45755024710172,1944.6626105284824,-286.7852982110469
943,2379,2207,1959.1631804344906,-234.42711619746456,-119.64478236460513,1960.7934123133791,-236.05734807635292
947,2380,2203,1714.065340669971,-140.34080459283655,-200.80596932926045,1719.4856096007875,-145.76107352365318
946,2380,2214,1707.8872936105759,-159.35049757512502,-230.48813865583875,1714.9731538913588,-166.4363578559079
945,2380,2215,1795.617580128057,-130.57428687126605,-224.4737156448272,1802.1354302440334,-137.09213698724238
944,2380,2204,1801.73182958841,-111.51966127888261,-194.6824590405028,1806.6715430763047,-116.45937476677716
951,2381,2202,1647.412855458003,-109.94193585444373,-191.84376667792188,1652.633063226801,-115.16214362324183
948,2381,2203,1733.3996720558089,-81.6385996569195,-189.16103849146586,1738.3148936007178,-86.55382120182855
950,2381,2213,1644.6302753606594,-118.80900852871332,-221.0424398434213,1651.530049726493,-125.70878289454686
949,2381,2214,1730.571031404994,-90.49286016788051,-218.25872871257928,1737.0874172033448,-97.00924596623122
952,2382,2202,1665.6218047224902,-54.43992613442765,-170.1685682436485,1669.8203213993538,-58.638442811291156
953,2382,2213,1666.0838031135343,-53.43470168304634,-196.67179934291957,1671.6891682312726,-59.04006680078464
954,2382,2212,1587.9311243194759,-79.23277001683391,-196.1162941011003,1593.6788280320939,-84.98047372945177
955,2382,2201,1587.5591672777432,-80.20615483728943,-169.67949708812105,1591.8638810627403,-84.51086862228647
956,2383,2201,1603.3097443273157,-32.29187293727159,-137.83803553123343,1606.2086332759404,-35.19076188589622
957,2383,2212,1606.8089177378781,-21.81350129843247,-159.3642896080275,1610.698166632873,-25.70275019342705
958,2383,2211,1543.2215220137439,-42.85696647135694,-155.75886483321412,1547.0363728866846,-46.67181734429789
959,2383,2200,1539.7015048883638,-53.36128892110946,-134.18783016916797,1542.5222579753492,-56.18204200809487
962,2384,81,1511.3195346414198,7.320716906176926,-32.71575744396904,1511.4974261050004,7.142825442596177
963,2384,82,1503.2104536030488,-17.25225593737173,-28.492779122088017,1503.343927314058,-17.385729648380902
960,2384,2199,1515.7361470664478,-12.945989267085679,-36.66388221358134,1515.9559519183417,-13.165794118979761
961,2384,2210,1523.8436002531544,11.615772560386063,-40.88632027783818,1524.1199120896267,11.339460723913703
964,2385,2200,1551.378202871475,-17.665691094118415,-92.80698591817253,1552.7493589608976,-19.036847183541
965,2385,2211,1557.5573049403765,0.9523674940274987,-106.95611292015691,1559.3924108432007,-0.8827384087966266
966,2385,2210,1515.756770946238,-12.978703135481283,-100.6758752190229,1517.4124965954866,-14.634428784729948
967,2385,2199,1509.6156432141968,-31.56716622558895,-86.54597846005122,1510.8296962523323,-32.781219263724324
970,2386,2199,1574.036996013026,-10.397670145019333,-82.10140575999726,1575.0998549454898,-11.460529077483102
971,2386,2188,1569.007665339469,-25.609860392636733,-72.34774950245284,1569.8278472921797,-26.430042345347488
969,2386,2200,1602.8656193960583,-0.7861748281051177,-87.21129586636584,1604.0504456315962,-1.9710010636431434
968,2386,2189,1597.8406874940354,-15.98797235664233,-77.46426363175964,1598.7697296860033,-16.91701454861027
974,2387,2200,1591.1064816531973,-36.52730480668765,-128.62022723055318,1593.6435107018492,-39.064333855339555
973,2387,2201,1639.4057375829993,-20.5272576455734,-131.45962173726517,1642.00442972802,-23.12594979059429
972,2387,2190,1636.6637893977252,-28.695626719978236,-115.10924417024853,1638.6505001771636,-30.68233749941669
975,2387,2189,1588.4047750888178,-44.671967884998026,-112.29535102454908,1590.3329414493182,-46.60013424549845
978,2388,2202,1667.1047597605502,-103.61101432931832,-185.0791483060328,1671.9278436069803,-108.43409817574855
979,2388,2191,1670.0906793383538,-94.43217447704728,-161.62014682609905,1673.7838186326871,-98.12531377138077
976,2388,2192,1739.4310748961743,-71.60457078535399,-158.72617392478526,1742.9022657703604,-75.07576165954015
977,2388,2203,1736.4976596844913,-80.78624356730529,-182.24026185192264,1741.055069925697,-85.3436538085108
983,2389,2190,1623.6770013101009,-68.28395133156732,-142.35791230063072,1626.666141709838,-71.27309173130459
980,2389,2191,1685.4064425279519,-47.914206396205145,-142.48736171376274,1688.3298000992659,-50.83756396751926
981,2389,2202,1685.4061146898932,-48.03141909133228,-163.36529213536718,1689.246636733126,-51.87194113456508
982,2389,2201,1623.700156201968,-68.39361946388283,-163.2723277771228,1627.629620784931,-72.32308404684602
984,2390,2188,1573.5044004558836,-11.86431288506617,-31.17965624463935,1573.6576892406229,-12.017601669805686
985,2390,2199,1580.1285424957953,8.205800105745084,-32.23474300243376,1580.293781125722,8.040561475818208
986,2390,82,1576.9666425651085,7.0211041258976365,-25.57308853319736,1577.0707766680869,6.9169700229192586
987,2390,83,1570.3463200557194,-13.04047923588746,-24.520842161166605,1570.4412487956047,-13.135407975772637
990,2391,2203,1717.1937773947977,-139.42795929235092,-193.87568985466245,1722.2413686282266,-144.4755505257799
989,2391,2204,1788.8619568297522,-115.88096953434354,-188.02436695127452,1793.490856513556,-120.50986921814717
988,2391,2193,1794.769780699212,-97.800201646662,-163.77859903354516,1798.306426411071,-101.3368473585208
991,2391,2192,1723.0705605153917,-121.31712563508415,-169.57317270355156,1726.9600017245984,-125.20656684429105
992,2392,2194,1847.6697903441668,-124.5193117398635,-157.92454425290865,1850.8262206077684,-127.67574200346507
993,2392,2205,1838.8866323297789,-151.42798372952166,-181.39362843103368,1843.0110562624736,-155.55240766221652
994,2392,2204,1769.68170944514,-174.0181339055688,-190.07470428612422,1774.3175114558808,-178.65393591630936
995,2392,2193,1778.4799069394717,-147.18488333010293,-166.6784698045568,1782.079945653574,-150.78492204420513
998,2393,2205,1821.1301673824505,-205.1523678774888,-174.70767620779804,1824.8890527696508,-208.9112532646892
996,2393,2195,1894.9331734863624,-150.22927017479242,-142.26496953362377,1897.40423599528,-152.70033268371014
997,2393,2206,1883.5802431340921,-184.77746244930756,-163.38960907190804,1886.8019593849026,-187.99917870011814
999,2393,2194,1832.464705235329,-170.54095560482767,-153.5435795090582,1835.4029268643699,-173.47917723386865
1000,2394,2196,1933.935226459688,-173.20425898507096,-117.92236799967354,1935.5837663683305,-174.8527988937135
1001,2394,2207,1920.315048373742,-214.63680760384523,-135.62077688924535,1922.4666750115794,-216.7884342416827
1002,2394,2206,1868.1584562021678,-231.412303255628,-149.1511753619961,1870.8040061643887,-234.0578532178488
1003,2394,2195,1881.7419169505552,-190.12890861483436,-131.51479903320123,1883.8268387704336,-192.21383043471292
1007,2395,2197,1955.3174947364269,-214.0568605280945,-67.09717971099325,1955.8361875274384,-214.57555331910612
1006,2395,2208,1938.8258615992402,-264.06486528249286,-75.18269566834047,1939.467154495965,-264.7061581792175
1005,2395,2209,1962.6618545330793,-256.7658391603935,-58.61170824061418,1963.0487485964202,-257.15273322373446
1004,2395,2198,1979.2069336101217,-206.60331571263828,-50.49942150041915,1979.498570471605,-206.89495257412148
1011,2396,2196,1923.4447490639557,-204.85120372825486,-102.07622702523834,1924.6679777878558,-206.07443245215507
1010,2396,2207,1908.12996268374,-251.3786337842131,-115.29145699361177,1909.6676576545012,-252.9163287549743
1009,2396,2208,1947.161684641264,-238.90687630434388,-99.95554017839316,1948.3036768922789,-240.0488685553587
1008,2396,2197,1962.4886189513509,-192.40712566544732,-86.74099363158999,1963.361161703311,-193.2796684174075
1014,2397,2209,1958.6146761618725,-268.94259202793387,-31.226392421560718,1958.7241054118572,-269.05202127791847
1015,2397,2198,1975.6870923755278,-217.19973911519799,-28.646514116044184,1975.7806434598788,-217.29329019954912
1013,2397,122,1966.1037275508238,-267.0247399358119,-13.985171097059863,1966.1256231891387,-267.04663557412664
1012,2397,121,1983.2021061825042,-215.2114713549621,-11.394957535111175,1983.2168718510816,-215.2262370235394
1019,2398,2179,1654.3758120805096,-57.48335683252378,-118.46919901233976,1656.42302878272,-59.53057353473412
1016,2398,2180,1702.3283518166427,-41.66472930689088,-118.26514061983178,1704.3310261419067,-43.6674036321549
1017,2398,2191,1702.0626608163116,-42.59643633571932,-134.50273085452073,1704.6511583855713,-45.18493390497906
1018,2398,2190,1654.08057388213,-58.42353272815626,-134.68232755812744,1656.7245626731142,-61.067521519140314
1020,2399,2181,1744.9009110698337,-62.09626216474521,-132.13999721218292,1747.3134352880656,-64.50878638297729
1021,2399,2192,1742.0274355611298,-70.88962684238152,-150.82463064759338,1745.1589692187808,-74.0211605000328
1022,2399,2191,1686.775496027592,-89.07034130920078,-153.62215410237502,1690.091631179419,-92.38647646102788
1023,2399,2180,1689.6303512175907,-80.27341528866464,-134.915576369516,1692.1977009166494,-82.84076498772322
1026,2400,2193,1767.3291874031486,-151.00537792360615,-159.14027490084214,1770.6239990093202,-154.30018952977775
1025,2400,2194,1823.8180959332278,-132.5169717817489,-151.11186406765503,1826.7318141432434,-135.43068999176444
1024,2400,2183,1831.8905419567743,-107.95634069465575,-132.011911221261,1834.133890955225,-110.19968969310628
1027,2400,2182,1775.3843043133202,-126.41890273161653,-140.01697155096562,1777.9579483259818,-128.99254674427823
1031,2401,2181,1731.1723742445301,-103.74367513553318,-142.09645704661898,1733.9192603458043,-106.49056123680725
1030,2401,2192,1725.6179530390598,-120.66529999924717,-161.68973193734186,1729.1512182515862,-124.1985652117736
1029,2401,2193,1783.6025821367741,-101.66502209842258,-156.23703130187468,1786.8339857341261,-104.89642569577472
1028,2401,2182,1789.135341960474,-84.71736360750288,-136.6039532881982,1791.6216517239934,-87.2036733710222
1033,2402,2190,1667.1355718537768,-18.786362710963544,-107.41115674362746,1668.8446475526173,-20.49543840980391
1035,2402,2178,1629.2090281637654,-37.017744996985584,-93.09933284211783,1630.5084808562128,-38.3171976894331
1034,2402,2189,1631.3300425832333,-30.64198386656585,-105.2142746637442,1632.9935745294504,-32.305515812782915
1032,2402,2179,1665.0223003635144,-25.156229157647772,-95.30372631272125,1666.364701761432,-26.498630555565114
1036,2403,2186,1925.7004195692116,-166.88255927740067,-72.45186123764974,1926.3273600576347,-167.50949976582365
1039,2403,2185,1893.3168459312183,-177.265087015904,-86.43931989097678,1894.2185856023991,-178.16682668708495
1038,2403,2196,1879.3878971192134,-219.51908991419043,-97.38101104826751,1880.5168136887485,-220.64800648372534
1037,2403,2197,1911.7375112842058,-209.24430122635772,-83.42084421257536,1912.5574556106155,-210.0642455527675
1043,2404,2184,1859.1423056441208,-164.1957713918075,-111.05633592479873,1860.6650658163762,-165.71853156406303
1041,2404,2196,1889.86101153585,-187.8477076292554,-113.25768956699748,1891.4033101972523,-189.39000629065777
1040,2404,2185,1902.2402897411125,-150.27474019147223,-98.6865224708808,1903.4258361919183,-151.46028664227788
1042,2404,2195,1846.7731326932212,-201.79459106758327,-125.63415777299534,1848.6975416372475,-203.7190000116094
1045,2405,2195,1859.9589015712054,-161.92328434045623,-136.36596467163145,1862.2555953697652,-164.2199781390159
1044,2405,2184,1870.378719522632,-130.2091199289058,-118.97014297024532,1872.1458755651684,-131.9762759714423
1046,2405,2194,1808.6058057183209,-178.59219965716534,-146.72202886018275,1811.3103795474394,-181.29677348628377
1047,2405,2183,1819.0161612266024,-146.95600660077866,-129.36854882501686,1821.1420996353713,-149.08194500954755
1051,2406,2187,1936.4044770429991,-188.35691358690076,-24.68357646277217,1936.476162550185,-188.42859909408662
1050,2406,2198,1920.9068199115704,-235.32289155132025,-26.84556090839261,1920.9903750414828,-235.40644668123252
1049,2406,121,1927.1800695509562,-233.6987434433729,-11.194192318274741,1927.1945670207124,-233.71324091312908
1048,2406,120,1942.7056164313824,-186.6516316845058,-9.025439006121516,1942.7151801369873,-186.6611953901106
1052,2407,2187,1939.4161536223387,-179.2576300875479,-41.98162180827901,1939.624100170804,-179.46557663601334
1054,2407,2197,1904.566432751838,-230.88564075502325,-63.79371643368054,1905.0427640566763,-231.36197205986173
1053,2407,2198,1924.415053236688,-224.72603027535547,-48.71613320134142,1924.6910887270901,-225.0020657657575
1055,2407,2186,1919.554544891845,-185.43650360782203,-57.06733178299804,1919.9412546336102,-185.82321334958726
1059,2408,2177,1618.0619523180085,-20.517410390260466,-59.98133012081924,1618.6106830696529,-21.066141141904836
1058,2408,2188,1622.124059014807,-8.213607039978342,-66.2649987156801,1622.7971156038634,-8.886663629034842
1057,2408,2189,1640.7381887955628,-1.9842535338270864,-70.39802782263618,1641.4920606765363,-2.7381254148006064
1056,2408,2178,1636.6648361726338,-14.300983077129445,-64.10735662031968,1637.2869273654278,-14.923074269923177
1062,2409,83,1630.1131287719263,6.582683563482988,-19.714955838979034,1630.1729775350618,6.522834800347368
1061,2409,2188,1626.6537621781602,5.549537002088073,-25.088589898727015,1626.7508255945809,5.452473585667235
1060,2409,2177,1621.296782624595,-10.684792166208467,-26.272532450763737,1621.4025131757603,-10.790522717373847
1063,2409,84,1624.756529375765,-9.649435818823576,-20.899330232168513,1624.8233371579709,-9.716243601029419
1067,2410,85,1668.478321549947,-6.934563384222656,-17.678995227786956,1668.5249575426942,-6.981199376969812
1066,2410,84,1672.7715559881176,6.07523794356689,-14.932420086709948,1672.8050012973915,6.04179263429296
1065,2410,2177,1664.6828959535103,3.4912862932442295,-19.22877451077433,1664.7385387497045,3.435643497050023
1064,2410,2166,1660.3888090040996,-9.525190119020522,-21.97605894162712,1660.4611070773558,-9.597488192276614
1071,2411,2166,1658.1879499336228,-16.235144367012026,-49.30016652183827,1658.5507584596228,-16.597952893012007
1070,2411,2177,1661.4575692895253,-6.332615162941806,-52.93307449362746,1661.8774669998477,-6.7525128732643225
1069,2411,2178,1672.2187737610445,-2.719060617358309,-56.24388175098497,1672.6908036657646,-3.1910905220784116
1068,2411,2167,1668.9493034123498,-12.622373662856376,-52.61077082457422,1669.3607066599711,-13.033776910477627
1074,2412,2178,1664.725388132673,-25.459605197706765,-85.24516274780753,1665.7995490254248,-26.53376609045847
1075,2412,2167,1663.1112324666865,-30.341010065931073,-76.56048421630685,1663.9761100733876,-31.205887672632343
1073,2412,2179,1690.4380560613217,-16.94132673432398,-86.93203922638344,1691.543886446296,-18.047157119298163
1072,2412,2168,1688.8122933856637,-21.830859521176194,-78.23814673254668,1689.706402987924,-22.724969123436722
1076,2413,2169,1716.8241675405636,-35.849543993227485,-97.36140512022455,1718.1752378482806,-37.200614300944494
1077,2413,2180,1716.3955463788898,-37.17840936519178,-109.7298956281886,1718.1104564186676,-38.8933194049697
1078,2413,2179,1679.810964545621,-49.24327427795913,-110.08843798435885,1681.5615178479015,-50.993827580239554
1079,2413,2168,1680.2313461573813,-47.91669756707347,-97.71556591325137,1681.611539267039,-49.296890676731095
1080,2414,2172,1818.8487132837263,-92.59864673763059,-109.43711984143461,1820.4138472330517,-94.16378068695599
1081,2414,2183,1811.5432302010388,-114.83061109401717,-124.88754608236282,1813.5652345526978,-116.85261544567618
1082,2414,2182,1765.88201645451,-129.73196989355074,-132.14206679638076,1768.1821108047761,-132.03206424381688
1083,2414,2171,1773.1902722100983,-107.53512897878227,-116.7171391438968,1774.999387852884,-109.34424462156778
1085,2415,2182,1779.6538056736576,-87.98804408814681,-128.724129631027,1781.8692022743207,-90.20344068880979
1084,2415,2171,1784.691789094495,-72.67006749697157,-113.07000234725943,1786.4110289726111,-74.38930737508758
1086,2415,2181,1733.3457641537375,-103.1778606579478,-133.7093006518534,1735.7762458359168,-105.60834234012714
1087,2415,2170,1738.37153342625,-87.85474973786165,-118.04638001987843,1740.2771601155346,-89.76037642714607
1088,2416,2170,1749.7656466489975,-53.27352868195135,-109.07362364592629,1751.4137238101268,-54.92160584308067
1089,2416,2181,1747.059273823433,-61.56230330404526,-123.75609907577787,1749.1738243402963,-63.67685382090872
1090,2416,2180,1703.6547763103722,-75.82725036696365,-126.39430314803575,1705.8963585328447,-78.06883258943617
1091,2416,2169,1706.3765064942304,-67.54400109371545,-111.73163837000868,1708.1341390756136,-69.30163367509863
1092,2417,2176,1905.8943621349806,-154.04933355919775,-34.63611207988207,1906.0399456628538,-154.19491708707085
1093,2417,2187,1892.450607281887,-194.79695842546334,-40.19306874958889,1892.6440837373748,-194.99043488095106
1094,2417,2186,1876.0855807439061,-199.86124459149391,-53.7047617755493,1876.4328583084548,-200.20852215604248
1095,2417,2175,1889.5063297073661,-159.1810628078032,-48.157661040245934,1889.789296260128,-159.46402936056506
1098,2418,2185,1855.6169204168853,-189.80755215586646,-81.63846455726475,1856.4311996510878,-190.62183139006902
1096,2418,2175,1894.713480423508,-143.42601789963214,-60.10337625117884,1895.1564862657303,-143.86902374185456
1097,2418,2186,1882.2209064536823,-181.3005461366903,-69.10473425110075,1882.7993019586675,-181.87894164167528
1099,2418,2174,1868.1008784435987,-151.93731356933245,-72.6413068506713,1868.7537193993512,-152.5901545250848
1100,2419,2174,1875.6652251401374,-129.0563613234291,-81.93012594376978,1876.5019678864587,-129.89310406975017
1101,2419,2185,1864.5375063513661,-162.8298924590921,-93.87417791730489,1865.6235999335827,-163.91598604130877
1102,2419,2184,1829.255253691445,-174.20250358989642,-104.99106008096972,1830.6298228451317,-175.57707274358313
1103,2419,2173,1840.3665295408964,-140.49325286030341,-93.06867538103853,1841.4591110901215,-141.58583440952862
1107,2420,2172,1808.0171805133698,-125.41345907593313,-108.11297894495901,1809.5273579969935,-126.92363655955694
1106,2420,2183,1798.6766572737258,-153.80422905447426,-122.2511845563493,1800.5884215398376,-155.715993320586
1105,2420,2184,1840.488476274666,-140.1881476458484,-112.9163139918821,1842.096481222572,-141.7961525937544
1104,2420,2173,1849.8387008447162,-111.80823977243676,-98.78260928923284,1851.0815118444107,-113.05105077213136
1111,2421,2176,1903.3191691790018,-161.8311094471651,-21.10521881524691,1903.373090028736,-161.88503029689912
1110,2421,2187,1889.4391584330115,-203.89465030091856,-22.90046523530222,1889.501787672567,-203.9572795404739
1109,2421,120,1894.661193975309,-202.50629109501006,-8.881057862686122,1894.6705962805268,-202.51569340022763
1108,2421,119,1908.5549990463169,-160.40385148589542,-7.0813421240549985,1908.5610582846878,-160.40991072426618
1114,2422,2171,1765.2318313547376,-110.30144793984766,-108.79656495636573,1766.8082832197802,-111.87789980489015
1115,2422,2158,1771.7018740998599,-90.64688347837512,-96.47611459509288,1772.950486171189,-91.89549554970426
1113,2422,2172,1801.6845185706386,-98.38783963250842,-102.34393204070959,1803.0616627457077,-99.76498380757744
1112,2422,2159,1808.1623534706855,-78.73354211741707,-90.02389497839575,1809.235504230593,-79.80669287732462
1117,2423,2173,1824.541995962209,-120.28015161143549,-92.74092119105924,1825.646980614631,-121.38513626385759
1116,2423,2160,1832.8349640644644,-95.11083692912484,-81.344391109145,1833.6926084735783,-95.9684813382388
1118,2423,2172,1790.847103147136,-131.22586364221138,-101.0188542270249,1792.1735059045293,-132.5522663996046
1119,2423,2159,1799.134193790555,-106.09083762126056,-89.63725147204339,1800.1879269853848,-107.14457081609055
1122,2424,2173,1815.0736209719364,-148.95262916207616,-87.03277504154649,1816.0373286872323,-149.91633687737192
1120,2424,2161,1853.5122464298597,-109.89353863308781,-67.51268505901542,1854.0924392997542,-110.47373150298222
1121,2424,2174,1843.6817508909191,-139.69899598884274,-77.18403613650405,1844.432378534685,-140.44962363260845
1123,2424,2160,1824.8971345086588,-119.15122370232075,-77.36425110600138,1825.6665160330692,-119.92060522673114
1124,2425,118,1879.9719061817204,-136.6665020908997,-5.492725931819115,1879.9756463145677,-136.67024222374698
1125,2425,119,1867.6881848111639,-173.8899001834958,-6.9711477825291706,1867.6941356929979,-173.89585106532957
1126,2425,2176,1863.395907451841,-175.04073167398042,-19.36541493863035,1863.4418999084278,-175.0867241305674
1127,2425,2163,1875.6661103280362,-137.85733777635937,-17.889582812112458,1875.7058455069282,-137.89707295525125
1131,2426,2162,1864.4502142663391,-135.4623781275218,-40.321199469940964,1864.6534273905754,-135.6655912517581
1130,2426,2175,1852.5835582636869,-171.43092879954804,-44.85507230097617,1852.8320409881594,-171.67941152402034
1129,2426,2176,1865.966899714452,-167.25865327536053,-32.90120438578048,1866.0999909983093,-167.39174455921784
1128,2426,2163,1877.842254030367,-131.26977749961668,-28.362872923999962,1877.9423495540889,-131.3698730233384
1135,2427,2161,1847.1623829286796,-129.12399899904642,-60.561633944652485,1847.6262391401626,-129.58785521052937
1132,2427,2162,1868.8437065978499,-122.16686602864775,-49.460059921696384,1869.150827045778,-122.47398647657599
1134,2427,2174,1836.1224751386922,-162.59044401810843,-67.88735791969373,1836.698766620284,-163.16673549970017
1133,2427,2175,1857.7891893124183,-155.679939733374,-56.7956091787925,1858.1896299951813,-156.0803804161368
1136,2428,2156,1729.0820896184855,-30.558948137487505,-79.47574247674832,1729.9790304568867,-31.455888975888683
1137,2428,2169,1728.5703310554052,-32.1399728030558,-88.69126236094124,1729.686522127825,-33.25616387547552
1138,2428,2168,1701.3130585213573,-41.12479317866905,-89.1515653609385,1702.4526697195163,-42.264404376828
1139,2428,2155,1701.8323042591296,-39.54269801319526,-79.94502921075862,1702.7493731882073,-40.459766942272836
1140,2429,2157,1754.1091032448971,-45.28963839795972,-89.31051870252031,1755.2166207431587,-46.39715589622119
1141,2429,2170,1751.6357675380802,-52.80341565449294,-100.63471922881591,1753.0377937325234,-54.205441848936175
1142,2429,2169,1718.132834138452,-63.81590880057695,-103.05778543875095,1719.6216593333047,-65.30473399542973
1143,2429,2156,1720.5995927773713,-56.3037176769883,-91.73310293123205,1721.7827413990876,-57.48686629870451
1146,2430,2170,1740.2198064190725,-87.41216423915853,-109.61421567934997,1741.861889006108,-89.054246826194
1147,2430,2157,1744.7345832734532,-73.71052891869147,-97.28390381618212,1746.0347869145025,-75.01073255974109
1144,2430,2158,1781.236420919506,-61.73988323512549,-92.8036487571357,1782.403970458197,-62.90743277381648
1145,2430,2171,1776.7262883390495,-75.45541698514558,-105.14825071497184,1778.2174029669136,-76.94653161300971
1148,2431,2155,1708.6852836779444,-18.760877778896656,-63.700539678542896,1709.2723324006533,-19.347926501605457
1149,2431,2168,1709.9223614910886,-15.017745319046185,-69.66691429391895,1710.6255020380513,-15.720885866008757
1150,2431,2167,1692.2680861084318,-20.86573821666127,-68.38520086922964,1692.9502678131003,-21.54791992132948
1151,2431,2154,1691.0292411522048,-24.608895153176718,-62.41968678620188,1691.5968038430824,-25.176457844054426
1154,2432,85,1706.6463525770027,5.53866115714095,-11.082406627996058,1706.664402350411,5.5206113837328985
1155,2432,86,1703.2361461094608,-4.795297835410452,-14.846760815662655,1703.2684087097773,-4.827560435726809
1153,2432,2166,1695.5409656903205,1.9365729499629651,-14.485298519423752,1695.571938099954,1.9056005403294876
1152,2432,2153,1692.1296611535518,-8.401834883053425,-18.251195269452865,1692.1786306283163,-8.450804357818015
1158,2433,2166,1693.3268147896283,-4.781111861263867,-41.81167185184543,1693.5841528221763,-5.038449893812071
1157,2433,2167,1698.097215177642,-3.157878277537975,-44.43947238062638,1698.3873730068237,-3.4480361067196554
1156,2433,2154,1695.4934772395172,-11.04505086647157,-42.831358604380966,1695.7621843966576,-11.313758023612081
1159,2433,2153,1690.725863855805,-12.662303054912513,-40.20521827624594,1690.9630726341709,-12.899511833278439
1162,2434,1545,4888.541484138105,1021.5766303183519,-588.9862576241125,4910.8403584188345,999.2777560376221
1163,2434,1,4966.053720796083,1256.4621959485871,-625.5686415849827,4992.242102813408,1230.273813931263
1160,2434,2165,4893.748089044391,1243.046225825176,-572.5060065840463,4916.056976076128,1220.737338793439
1161,2434,2429,4831.329492051181,1070.9772037197833,-541.474809743285,4850.722002998117,1051.584692772847
1167,2435,1545,5076.999314790046,1030.3372821171592,-605.3789355225198,5099.515144031898,1007.8214528753078
1164,2435,2429,5053.961492872037,1066.9026411670636,-572.6248503409364,5074.4167681895315,1046.447365849569
1165,2435,2430,4978.249996011564,896.0205653776676,-532.6373363584636,4995.550912704863,878.7196486843682
1166,2435,1546,5020.017577654187,857.6653514024365,-585.5262869279544,5040.508486683972,837.1744423726527
1168,2436,2430,5084.125181806144,940.1498368452611,-510.84222603323286,5099.809145356035,924.4658732953703
1169,2436,2053,5058.4409360452455,677.5950014516045,-466.6836702383102,5070.834617423067,665.2013200737829
1170,2436,1547,5169.639242969601,682.1735447536023,-510.7141805847502,5184.123465298466,667.6893224247369
1171,2436,1546,5248.7385766681755,921.868495355346,-572.7660678849545,5267.611125988508,902.9959460350128
1174,2437,2429,4761.172940102808,910.6944903001036,-456.2558574349565,4774.641641878316,897.2257885245967
1173,2437,2052,4796.0469349347695,1033.0667512465375,-406.9710539377512,4807.018553507374,1022.0951326739323
1172,2437,2164,4853.773398246813,1206.1703850563576,-414.8971208481628,4865.533615125096,1194.4101681780742
1175,2437,2165,4854.108093867217,1189.8678129569803,-467.5278908104294,4868.961096485027,1175.0148103391691
1176,2438,2429,4889.239400285452,848.8173556187843,-458.50335386767375,4902.205425366846,835.8513305373901
1177,2438,2052,5025.549498771108,899.5795519968008,-419.0983917900843,5036.164743825651,888.9643069422573
1178,2438,2053,5137.057671208755,931.7296209952345,-446.40416721588554,5148.871163742012,919.9161284619777
1179,2438,2430,5015.887432405448,872.3950487639975,-571.675728651152,5035.51293590956,852.7695452598855
1182,2439,2153,1718.9165185831519,-3.487662880513767,-32.62764927547843,1719.0710218094723,-3.6421661068343383
1180,2439,2143,1717.1679398362064,-9.581790999404348,-34.595877416821125,1717.3412067878558,-9.7550579510538
1181,2439,2154,1719.2239430130078,-3.351491063758658,-34.69553918533041,1719.3986317887322,-3.5261798394831203
1183,2439,2142,1716.8614133267706,-9.71520796297284,-32.52794356714288,1717.0146027699207,-9.868397406122767
1184,2440,2144,1725.1027702779706,-15.99735591660533,-51.430609084891024,1725.4824915183196,-16.37707715695433
1185,2440,2155,1726.0331466022326,-13.183232574159206,-55.24490167566287,1726.4717391982754,-13.6218251702021
1186,2440,2154,1714.745757908576,-16.924250468748596,-54.286384218335016,1715.171111439379,-17.34960399955162
1187,2440,2143,1713.8178441591833,-19.735623675114994,-50.47518365110584,1714.1851827589567,-20.10296227488834
1191,2441,2144,1719.7221561020328,-32.320524933455545,-64.8390101440903,1720.3218359526243,-32.92020478404697
1190,2441,2155,1719.1853147126267,-33.95637899783446,-71.48722726201618,1719.9137642619348,-34.68482854714273
1189,2441,2156,1738.861094858577,-27.472345423099227,-70.98434890738804,1739.5739762539306,-28.18522681845286
1188,2441,2145,1739.400498321389,-25.83523937017344,-64.33421242594419,1739.9864706855435,-26.421211734327926
1195,2442,2145,1732.5799950888033,-46.507400596392245,-74.68583599984679,1733.3634752522642,-47.29088075985305
1194,2442,2156,1730.3618618745143,-53.23229903679237,-83.24619453430303,1731.3326767507538,-54.20311391303187
1193,2442,2157,1755.707579983568,-44.907663440872966,-81.06661542072085,1756.6195556764735,-45.81963913377854
1192,2442,2146,1757.9229110590209,-38.17809515210888,-72.49869517135788,1758.65420646105,-38.9093905541381
1198,2443,2157,1746.3374550014414,-73.31728667195773,-89.03945133783948,1747.4260246868391,-74.40585635735556
1199,2443,2146,1750.2929423356622,-61.31260449768479,-79.47508315010309,1751.1641657556502,-62.18382791767283
1197,2443,2158,1774.6445148207997,-64.04162350265199,-85.10708763517779,1775.628823773589,-65.0259324554412
1196,2443,2147,1778.6050668145745,-52.03342162217473,-75.54044995381294,1779.3840207885676,-52.81237559616784
1201,2444,2159,1793.8249319277509,-83.58944480518664,-83.12846308233773,1794.7446752924288,-84.5091881698645
1200,2444,2148,1799.4965738753026,-66.38344992954592,-73.41778945893559,1800.2184969154755,-67.10537296971881
1202,2444,2158,1765.1007528548716,-92.96462291259206,-88.78204126742003,1766.1606936213047,-94.02456367902516
1203,2444,2147,1770.7709118626722,-75.77570185276636,-79.08094511019051,1771.61721205042,-76.62200204051419
1204,2445,2142,1717.6358806196606,-7.360166397340095,-15.067862170010386,1717.6687844834273,-7.393070261107027
1205,2445,2153,1720.318090969729,0.7697997328219799,-10.67471127467751,1720.3346575825376,0.7532331200131921
1206,2445,86,1733.283941608307,5.00244096164522,-8.0063344114,1733.2932139760862,4.99316859386613
1207,2445,87,1730.6026134024373,-3.12279602583817,-12.3969521847403,1730.6247741290213,-3.144956752422104
1210,2446,2161,1820.283875888298,-138.07421716751378,-55.972287402859706,1820.6837334812271,-138.47407476044282
1211,2446,2150,1829.9179307137972,-108.87144774675892,-50.066628034768875,1830.2411026774648,-109.19461971042654
1208,2446,2151,1847.3933374771188,-103.26561233203665,-40.37488398852099,1847.6022356937171,-103.47451054863495
1209,2446,2162,1837.7530324544564,-132.48186858938766,-46.28425708943911,1838.0248194607266,-132.75365559565773
1213,2447,2163,1844.1919741305426,-142.4042274922333,-26.704049040166126,1844.2817097829877,-142.49396314467845
1215,2447,2151,1843.7191704442487,-114.39570211227385,-33.47249515472868,1843.862206753053,-114.53873842107828
1214,2447,2162,1833.363050191452,-145.77987837838577,-37.141578187678334,1833.5372891730672,-145.95411736000108
1212,2447,2152,1854.5587173819333,-110.98787196149999,-23.031199303190796,1854.6261818137637,-111.05533639333055
1218,2448,2163,1842.0164776074064,-148.99099134461517,-16.232352978149166,1842.0495619766284,-149.02407571383708
1217,2448,118,1845.5136271866154,-148.03773415928435,-5.412251269150331,1845.5173005820434,-148.04140755471235
1216,2448,117,1856.2326120133027,-115.55596195720182,-4.209943949863008,1856.2348591619188,-115.55820910581804
1219,2448,2152,1852.727145905006,-116.5337725377259,-15.031679372739738,1852.7558302824132,-116.56245691513311
1222,2449,2159,1784.7999834290586,-110.93701814297526,-82.74410457198539,1785.702446307448,-111.8394810213648
1220,2449,2149,1818.8582724206976,-80.27865813772996,-66.4416457745034,1819.4392129330297,-80.85959865006203
1221,2449,2160,1811.6238773045586,-102.20830851888934,-75.50714266102624,1812.368340655672,-102.95277187000295
1223,2449,2148,1792.028865000826,-89.01339606594365,-73.68163389364904,1792.7501276760695,-89.73465874118699
1227,2450,2149,1812.2644731803637,-100.25773703617665,-63.77290208919809,1812.7959510821781,-100.78921493799112
1226,2450,2160,1803.686091302751,-126.2590255910178,-71.52485540087197,1804.348551789291,-126.9214860775578
1225,2450,2161,1826.6316396409595,-118.84875722619415,-62.91996740241943,1827.1402399341393,-119.35735751937386
1224,2450,2150,1835.2178488471302,-92.81855819956047,-55.15992853648049,1835.6122910068532,-93.21300035928357
1231,2451,2133,1734.4016413322108,-26.16512038446274,-52.12746609703458,1734.7874087899759,-26.55088784222778
1228,2451,2134,1747.9876999478838,-21.689073848389967,-51.614043733818015,1748.3639612035922,-22.065335104098267
1230,2451,2144,1733.8678014480301,-27.78086250020465,-56.71647298409315,1734.3241814917062,-28.23724254388071
1229,2451,2145,1747.454826940712,-23.305602289968192,-56.20651995211726,1747.9007338941524,-23.751509243408464
1232,2452,2133,1738.56691398398,-13.547748328114722,-41.171276698515726,1738.8087417790882,-13.789576123223014
1235,2452,2132,1732.2479247011152,-15.642749361038,-40.46372691542259,1732.4820774873951,-15.876902147317992
1234,2452,2143,1732.9399578818184,-13.546042456113355,-42.597469120089855,1733.1996614510583,-13.8057460253533
1233,2452,2144,1739.2588043709538,-11.450201579349255,-43.305979890977326,1739.5265703294185,-11.717967537813706
1239,2453,88,1751.9063544894861,-1.833692242984739,-10.301066010658246,1751.9214808826368,-1.848818636135661
1237,2453,2142,1740.0390684667616,-0.08239986685191525,-7.648912021523182,1740.0474738530486,-0.09080525313879662
1236,2453,2131,1737.9507271474956,-6.409902656726672,-12.375072399367411,1737.9726750875352,-6.431850596766253
1238,2453,87,1753.993186935818,4.490042442868912,-5.577691472576417,1753.9976325641678,4.485596814518999
1241,2454,2143,1736.2887669822771,-3.395432235346334,-26.719033764298494,1736.3913523639483,-3.4980176170174673
1240,2454,2132,1734.6822541679148,-8.263824547728973,-27.72709633033449,1734.7925190875944,-8.374089467408567
1242,2454,2142,1739.2600395694315,-2.4401222489022985,-25.109493446303816,1739.3505336048386,-2.530616284309417
1243,2454,2131,1737.6544857825363,-7.305265323780645,-26.11694337534515,1737.7522038725292,-7.402983413773654
1247,2455,2134,1742.5757693347637,-38.09217698567079,-60.25108669230185,1743.0852909171185,-38.60169856802588
1246,2455,2145,1740.636158632777,-43.9722044537051,-66.55752285067415,1741.256513857094,-44.592559678021985
1245,2455,2146,1759.3037565400148,-37.84149871330874,-64.63861340272335,1759.8847891436499,-38.42253131694372
1244,2455,2135,1761.2460374741624,-31.958489160896306,-58.329450702874766,1761.720247926256,-32.432699612989836
1248,2456,2136,1776.632070079477,-43.53877483285078,-60.92648293343054,1777.1417745858253,-44.04847933919905
1250,2456,2146,1751.6652859166747,-60.98540373966944,-71.61739585596456,1752.3724066183768,-61.692524441371575
1249,2456,2147,1773.203046568458,-53.933172794658276,-68.20628474665722,1773.8393534956094,-54.56947972180967
1251,2456,2135,1755.0937797179836,-50.59913018959105,-64.34345507904509,1755.6667961480593,-51.172146619666705
1255,2457,2138,1802.0391001935022,-83.7772633964995,-52.084349410771935,1802.3986609612057,-84.13682416420306
1254,2457,2149,1794.6553704326334,-106.15495821183379,-58.226454998555624,1795.101170450131,-106.60075822933118
1253,2457,2150,1812.835843536288,-100.2719484962563,-50.81161043222144,1813.1731696150814,-100.60927457504977
1252,2457,2139,1820.2242197381831,-77.88353398669233,-44.666166331872134,1820.4869538076937,-78.14626805620276
1258,2458,2150,1807.5374287183945,-116.32825196432304,-45.71679106074264,1807.8089822421941,-116.59980548812268
1257,2458,2151,1821.4625276351794,-111.87165839026454,-37.36828903823739,1821.6430782406637,-112.05220899574886
1256,2458,2140,1829.7665511878174,-86.70670063078956,-32.657015943489924,1829.9056613062107,-86.84581074918299
1259,2458,2139,1815.8345062897286,-91.18605552997474,-41.00943843132822,1816.0549522157576,-91.40650145600387
1263,2459,2140,1826.710010052314,-95.96758634442006,-27.530274868322188,1826.8085545497993,-96.0661308419053
1262,2459,2151,1817.7894899082764,-123.0002448657383,-30.46727761347077,1817.909054357469,-123.11980931493076
1261,2459,2152,1826.4609171403326,-120.28441845286602,-21.473138944773577,1826.5201290032728,-120.3436303158062
1260,2459,2141,1835.3873327414456,-93.2347245473261,-18.533978873533005,1835.4318594076592,-93.27925121353974
1267,2460,2136,1770.252001487491,-62.87386383019509,-64.2231494321891,1770.8143398548727,-63.43620219757668
1266,2460,2147,1765.370609206631,-77.66949411457244,-71.74748627861722,1766.0686071738724,-78.36749208181402
1265,2460,2148,1787.64580446339,-70.393744900471,-66.86863895456013,1788.2472405275212,-70.99518096460235
1264,2460,2137,1792.5311118014254,-55.591807949607755,-59.34098605078686,1793.0073308680062,-56.06802701618858
1270,2461,2148,1780.1753361275291,-93.03145669221942,-67.13302480114564,1780.7766307650536,-93.63275132974366
1271,2461,2137,1786.4045226235914,-74.15704818982545,-60.01602641417106,1786.8883801602851,-74.64090572651924
1269,2461,2149,1801.247463872377,-86.18011399018917,-60.8934345504243,1801.7384821793726,-86.67113229718473
1268,2461,2138,1807.4805096316095,-67.28890029117633,-53.77042729792579,1807.865978971206,-67.67436963077284
1272,2462,116,1836.6809739387238,-97.07184008880392,-3.182917360977533,1836.682283691965,-97.07314984204515
1273,2462,117,1827.4463946514463,-125.05541368661443,-4.150021550222508,1827.448599855475,-125.0576188906432
1274,2462,2152,1824.6307974720573,-125.83037266095732,-13.47249010310027,1824.654061947584,-125.85363713648405
1275,2462,2141,1833.8579753360034,-97.86924416953116,-12.506141776749091,1833.878216540576,-97.88948537410386
1276,2463,2125,1775.1798661540238,-36.24042570645895,-48.64633014339917,1775.5064108716192,-36.5669704240546
1277,2463,2136,1772.2622303428484,-45.074827278582006,-54.05133602948777,1772.664040935346,-45.476637871079674
1278,2463,2135,1756.2690625756286,-50.31237985683015,-56.96007289837218,1756.717927474494,-50.76124475569554
1279,2463,2124,1759.1843089370664,-41.48267769419908,-51.55792481511764,1759.553293739897,-41.85166249702968
1281,2464,2137,1782.8400252874503,-58.87700178731177,-53.20106137008705,1783.2241454720443,-59.261121971905595
1280,2464,2126,1786.9886328049213,-46.30979696303132,-47.468543011381875,1787.29585025092,-46.61701440903016
1282,2464,2136,1765.878650348496,-64.41478847872952,-57.349108135084215,1766.3277741454508,-64.86391227568436
1283,2464,2125,1770.0250947145369,-51.85713821427271,-51.62084187021563,1770.390674974272,-52.222718474007934
1284,2465,2127,1798.2987303171749,-56.12332003333029,-43.07089132399099,1798.5487882211014,-56.373377937256805
1285,2465,2138,1793.0130950196276,-72.13463098659315,-48.57903326839394,1793.3293598316136,-72.45089579857915
1286,2465,2137,1776.7142117194435,-77.43956271337447,-53.8769575998877,1777.1055107234145,-77.83086171734544
1287,2465,2126,1781.9965112604011,-61.43675551271747,-48.37186724995705,1782.3137772760083,-61.75402152832487
1288,2466,2129,1815.4083251165555,-72.46015917047703,-26.14238310755669,1815.4988228711468,-72.55065692506844
1289,2466,2140,1808.3624818791272,-93.80910479640215,-29.85105233083779,1808.4795888839972,-93.92621180127196
1290,2466,2139,1797.3966315430675,-97.32751223684932,-36.94056487740879,1797.5766677353834,-97.50754842916513
1291,2466,2128,1804.4382526540105,-75.99126335443702,-33.23412229589395,1804.5850835559563,-76.13809425638271
1294,2467,2138,1787.5715316262313,-88.6259829348902,-46.89294259260424,1787.8644918216833,-88.91894313034197
1292,2467,2128,1808.0556232987046,-65.02815605388582,-35.7913774866291,1808.2265854580419,-65.19911821322307
1293,2467,2139,1801.785304386425,-84.02653358452119,-40.596360907446105,1802.0037611794446,-84.24499037754083
1295,2467,2127,1793.8376973734798,-69.64262768464118,-42.091433106075115,1794.0753525283549,-69.8802828395161
1296,2468,2123,1755.0700386462136,-18.11164599816732,-41.01244414314872,1755.307154178995,-18.34876153094865
1297,2468,2134,1754.5705430771732,-19.621616301523545,-43.96766004929435,1754.8429006126132,-19.893973836963596
1298,2468,2133,1745.8273440928817,-22.50000539946393,-44.453933427451474,1746.106681524401,-22.77934283098307
1299,2468,2122,1746.3258737990375,-20.991070779787265,-41.50033273897341,1746.5694690788891,-21.234666059638926
1303,2469,2123,1750.8255808308593,-30.964849596131785,-48.124418495061455,1751.1504699710372,-31.289738736309573
1302,2469,2134,1749.152380119701,-36.029615608897416,-52.60610906752487,1749.5398479230748,-36.417083412271154
1301,2469,2135,1762.4211328310264,-31.67461621992493,-50.94583079804771,1762.7827292883342,-32.0362126772327
1300,2469,2124,1764.0948670724397,-26.60632877021021,-46.4609074187205,1764.3961809883067,-26.90764268607711
1307,2470,2130,1818.4765136444864,-81.80730019240798,-10.288447086766645,1818.490439375867,-81.82122592378835
1306,2470,2141,1810.641018964045,-105.55107533231092,-11.057341381938976,1810.6569703633088,-105.56702673157474
1305,2470,116,1812.8840880454106,-104.92481243359737,-3.1398071386922366,1812.885373155499,-104.92609754368584
1304,2470,115,1820.7249867493729,-81.16451333068153,-2.370567455598395,1820.725725434228,-81.16525201553657
1310,2471,2140,1805.3071235865639,-103.0706625574702,-24.723595228137675,1805.387195587944,-103.1507345588501
1311,2471,2129,1812.8804487352909,-80.1225049297658,-22.399316436863206,1812.9467074559911,-80.18876365046606
1309,2471,2141,1812.1699254436664,-100.91686385480375,-17.084813885008103,1812.2080686486038,-100.9550070597412
1308,2471,2130,1819.748848173444,-77.95087948967887,-14.759074001364555,1819.777544358662,-77.97957567489686
1315,2472,2121,1747.0024470626424,-12.243761096539629,-32.146322793759815,1747.149285495243,-12.390599529140331
1312,2472,2122,1749.48680840123,-11.417753763360793,-32.659009620674574,1749.638224784695,-11.56917014682574
1313,2472,2133,1749.9925048563941,-9.884839841794133,-33.49806286609503,1750.1518936058526,-10.044228591252477
1314,2472,2132,1747.5077540534687,-10.711920977451882,-32.984787319889364,1747.6624418460033,-10.866608769986442
1316,2473,2121,1748.7039858132716,-7.094890482441883,-22.048589523596203,1748.7732023310114,-7.164107000181616
1317,2473,2132,1749.946817629881,-3.330036771511118,-20.24753024266803,1750.00527229038,-3.388491432009914
1318,2473,2131,1755.2652095398757,-1.5921948221775892,-19.007614078635097,1755.3166193498282,-1.6436046321300637
1319,2473,2120,1754.023417372618,-5.354741936752134,-20.80754595664636,1754.0849361012993,-5.4162606654334695
1322,2474,88,1769.9060973336475,4.013781379224724,-3.677198900977818,1769.9080116317305,4.011867081141759
1321,2474,2131,1755.5616233503888,-0.6974789413125109,-5.265959730130146,1755.565570699262,-0.7014262901856227
1320,2474,2120,1753.955204759605,-5.564174204569895,-10.123124556712511,1753.9697650997755,-5.5787345447402
1323,2474,89,1768.3011539217216,-0.8496835053994118,-8.531239207885111,1768.3114387456285,-0.8599683293065254
1327,2475,2114,1769.9899844589738,-42.618254555421686,-40.969728244146474,1770.2214608848958,-42.849730981343896
1326,2475,2125,1766.5326744538415,-53.0869417596557,-45.23555039059247,1766.81376877499,-53.36803608080402
1325,2475,2126,1779.162795997753,-48.96120549434886,-41.77174477278445,1779.401380876153,-49.19979037274902
1324,2475,2115,1782.6223773892666,-38.486482719273454,-37.50341922626187,1782.815440718795,-38.67954604880174
1329,2476,2127,1786.5605375214566,-60.05665725952633,-38.253274083698784,1786.7586235175702,-60.25474325564005
1331,2476,2115,1778.5754231528222,-50.74793339734947,-38.490730819801584,1778.77787128928,-50.950381533807445
1330,2476,2126,1774.1695432021454,-64.09040134769293,-42.67557421364403,1774.4171903484898,-64.33804849403737
1328,2476,2116,1790.9689468369913,-46.70458698781374,-34.06560206244655,1791.1268047951621,-46.86244494598452
1332,2477,2117,1798.2799536298205,-54.18600735359951,-28.318003578707017,1798.3881691788715,-54.294222902650404
1335,2477,2116,1787.3259716307268,-57.74469692630191,-33.57532844504776,1787.4787041778427,-57.897429473417674
1334,2477,2127,1782.1000600733755,-73.5748341932009,-37.274423274149726,1782.287221428689,-73.76199554851428
1333,2477,2128,1793.0510887648281,-70.0255774231199,-32.01922988770238,1793.1886509231408,-70.16313958143257
1339,2478,2119,1806.070320826459,-68.2529906223059,-8.346252433382118,1806.079612124276,-68.26228192012286
1337,2478,115,1801.2951450337505,-87.57636109683688,-2.3399211517105987,1801.2958697030672,-87.5770857661538
1336,2478,114,1807.8415313399328,-67.73882683567831,-1.734939911031071,1807.841932551195,-67.73922804694041
1338,2478,2130,1799.5284439971983,-88.07653619239511,-8.951246863351146,1799.5390559063108,-88.0871481015073
1341,2479,2130,1800.8002664527535,-84.22013552138878,-13.42209102591681,1800.8241587994812,-84.2440278681164
1340,2479,2119,1807.125679004098,-65.05319178222089,-11.603792359197564,1807.143658950633,-65.07117172875576
1342,2479,2129,1795.4320052710013,-85.91240491998508,-19.8003786550677,1795.4841015454358,-85.96450119441954
1343,2479,2118,1801.7535798474905,-66.75779763387277,-17.982948759314006,1801.7968467713463,-66.80106455772864
1347,2480,2117,1795.3101126454017,-63.18809683842221,-26.580714890818612,1795.4051488247478,-63.283133017768364
1346,2480,2128,1789.4342336268396,-80.98952940093841,-29.461891205221153,1789.5502433270935,-81.10553910119222
1345,2480,2129,1797.9592758037656,-78.25054942569818,-23.543083358651014,1798.0331288117704,-78.32440243370297
1344,2480,2118,1803.838901943272,-60.43616476428065,-20.66019016162498,1803.89614005694,-60.493402877948824
1349,2481,2123,1760.3828098647914,-16.445847351659268,-33.89339615918648,1760.5444261550338,-16.60746364190163
1348,2481,2112,1760.8339190372742,-15.081625035822867,-32.22397786744442,1760.980082983171,-15.227788981719641
1350,2481,2122,1755.4446301201826,-18.069890966689172,-34.33873994077827,1755.6108309823403,-18.236091828846725
1351,2481,2111,1755.8954047635036,-16.706607531780833,-32.67046213829759,1756.0459276192273,-16.857130387504753
1352,2482,2113,1766.4998958764154,-22.08941394490853,-36.57440158122902,1766.6868514612047,-22.27636952969783
1355,2482,2112,1757.5482966263958,-25.028485517067907,-37.981852736078835,1757.750596108162,-25.23078499883411
1354,2482,2123,1756.1377113925057,-29.297960081578253,-41.0054737321643,1756.3731199309004,-29.533368619972975
1353,2482,2124,1765.0879711054245,-26.361522650373672,-39.599848433571836,1765.306782253625,-26.580333798574088
1359,2483,2113,1762.6128819732169,-33.859215555886294,-40.80899725020283,1762.8446082926112,-34.090941875280464
1358,2483,2124,1760.1742277526291,-41.240785215901724,-44.69771473800774,1760.4514512515102,-41.518008714782695
1356,2483,2114,1774.1275827283864,-30.08496017314235,-38.36910686779397,1774.3315528693145,-30.288930314070285
1357,2483,2125,1771.6875384573934,-37.47172658584793,-42.26054770772656,1771.9342981492678,-37.71848627772215
1362,2484,2121,1759.0415880920834,-8.356095057490847,-25.131160153920295,1759.1309204613083,-8.445427426715696
1363,2484,2110,1758.6775762648497,-9.459017647042515,-25.27781334327762,1758.7679164574874,-9.549357839680397
1360,2484,2111,1758.2450284473239,-9.597909506898304,-25.643619430745716,1758.3380175663635,-9.690898625937962
1361,2484,2122,1758.6092940750564,-8.494311732530605,-25.496848655043724,1758.7012603098103,-8.586277967284559
1365,2485,2120,1767.6387522264129,-1.13072657956684,-3.4068641380657865,1767.6403927330798,-1.1323670862340123
1364,2485,2109,1766.4188361731885,-4.824552010393859,-8.258821407414676,1766.4284632748013,-4.834179112006382
1366,2485,89,1781.96942555053,3.583466708303831,-2.204115303070879,1781.9701084903581,3.5827837684757924
1367,2485,90,1780.7513504270648,-0.10767002946965931,-7.052913121755466,1780.7583334880314,-0.1146530904361498
1370,2486,2120,1767.7055451112442,-0.9219599829532399,-14.091331037586318,1767.733612420322,-0.9500272920309953
1368,2486,2110,1759.7952144586664,-6.079958759982333,-17.389806051612332,1759.838025811905,-6.122770113221236
1369,2486,2121,1760.7438264824832,-3.207683943015013,-15.03352279349611,1760.7758572245943,-3.239714685126387
1371,2486,2109,1766.7578879941225,-3.7922457481408856,-16.44602735786052,1766.7960775343306,-3.8304352883490083
1372,2487,2102,1768.4865735020376,-18.363618235459285,-28.354943323224838,1768.5990552598814,-18.476099993303137
1373,2487,2113,1767.3229391443842,-21.884661733496387,-30.231281150171736,1767.4506304669615,-22.012353056073607
1374,2487,2112,1761.773381852723,-23.7036898291135,-31.393626918024143,1761.911367893836,-23.841675870226595
1375,2487,2101,1762.9361380054738,-20.185060890316322,-29.518578921296513,1763.0582955475707,-20.30721843241338
1376,2488,2103,1773.3752195865095,-25.017263974923253,-29.78479291166855,1773.4985343065746,-25.140578694988335
1377,2488,2114,1771.38082910941,-31.052849472175808,-32.470549345323164,1771.5270551618692,-31.199075524635077
1378,2488,2113,1763.4352518158423,-33.65397506580655,-34.46615577151596,1763.6004921748622,-33.81921542482621
1379,2488,2102,1765.4281718500308,-27.622148925139754,-31.782099194508408,1765.5689964676135,-27.762973542722307
1382,2489,2114,1767.2417873239206,-43.587633551936506,-35.071688098501554,1767.411586307348,-43.75743253536382
1380,2489,2104,1779.2234562066892,-32.04703343677136,-29.146218526109077,1779.3407008526437,-32.1642780827259
1381,2489,2115,1776.3996361968582,-40.59567201099685,-32.24130148992215,1776.542649734865,-40.738685549003776
1383,2489,2103,1770.0639559075394,-35.04484541802833,-31.97866320081544,1770.2055754424657,-35.186464952954566
1384,2490,2105,1785.1890126160802,-38.95453073921033,-26.49556142833253,1785.2852191009274,-39.05073722405757
1385,2490,2116,1781.5924347584564,-49.84528801023578,-29.61790510268202,1781.7121716930014,-49.96502494478091
1386,2490,2115,1772.3526952169027,-52.856454378347394,-33.22903530550499,1772.503921353124,-53.00768051456873
1387,2490,2104,1775.94723993845,-41.97235456912006,-30.108545171038724,1776.071896487897,-42.09701111856714
1391,2491,2099,1767.7826389002785,-7.214248731927,-19.62973700416141,1767.8369086847356,-7.268518516384006
1390,2491,2110,1768.0390893719311,-6.4384826847441445,-18.744525027566997,1768.0885894928392,-6.487982805652223
1389,2491,2111,1765.4201634560702,-7.300021782482872,-18.998687281604937,1765.4710654198136,-7.350923746226272
1388,2491,2100,1765.1633894977413,-8.076351235464358,-19.884499291904053,1765.2191322258677,-8.132093963590705
1395,2492,2098,1776.5232551766912,-2.5557790125111524,-12.883022232184414,1776.5465776490062,-2.5791014848261966
1394,2492,2109,1777.235059641038,-0.40077120947228195,-10.151705465081593,1777.2495530881522,-0.41526465658648704
1393,2492,2110,1769.1584502606097,-3.058568964005758,-10.856390284328608,1769.1750763429434,-3.0751950463393314
1392,2492,2099,1768.4453760650297,-5.215211311449934,-13.589508643102278,1768.471405852842,-5.241241099262311
1398,2493,90,1790.9727186410998,3.202473644630686,-1.069077175816661,1790.9728784667136,3.2023138190171494
1399,2493,91,1790.0635703232294,0.4474787419929953,-5.83156793796029,1790.0683209362942,0.44272812892825186
1397,2493,2109,1776.8963297875257,-1.4331468318148382,-1.9645423416108376,1776.8968723508533,-1.433689395142551
1396,2493,2098,1775.985316348066,-4.190346839105246,-6.7301997168089915,1775.9916774374951,-4.196707928534693
1403,2494,2100,1763.4603560828912,-13.226111490384937,-25.352421584202546,1763.5507930531348,-13.31654846062861
1400,2494,2101,1765.4522841303185,-12.572222403793376,-24.96170859772143,1765.5398892498206,-12.659827523295462
1401,2494,2112,1765.0612501776172,-13.75542258738426,-25.635312607056886,1765.1536058352087,-13.847778244975643
1402,2494,2111,1763.0697133909966,-14.408529618902207,-26.02557898450797,1763.1649739751733,-14.50379020307912
1404,2495,2107,1794.6365170723182,-50.538101009373804,-16.050895250170026,1794.6714224902464,-50.57300642730206
1405,2495,2118,1789.8358840800881,-65.08224641706556,-18.26331029380593,1789.8808376031207,-65.12719994009808
1406,2495,2117,1783.2913642063747,-67.19084437451272,-23.098592551615482,1783.3634432830904,-67.26292345122818
1407,2495,2106,1788.0893637779386,-52.65581863555792,-20.887273959587606,1788.1486148050353,-52.71506966265463
1410,2496,2116,1777.9493489808976,-60.886195187313774,-29.127859812081038,1778.064690861922,-61.001537068338166
1408,2496,2106,1790.5290625772955,-45.26053940430427,-22.026709094507673,1790.5951320294157,-45.32660885642463
1409,2496,2117,1786.2607595605916,-58.18924319117889,-24.83554719185628,1786.3443585261707,-58.2728421567582
1411,2496,2105,1782.2152560592979,-47.966362873810226,-26.32068294005174,1782.3098836260046,-48.060990440517
1415,2497,2107,1792.9148100341981,-55.75812480015168,-14.180636352652934,1792.9420035260314,-55.78531829198471
1414,2497,2118,1787.750979404202,-71.40404696517294,-15.585982731853562,1787.7836445916414,-71.43671215261213
1413,2497,2119,1791.9035278568847,-70.08941228648143,-10.374115239425919,1791.9179776205624,-70.10386205015891
1412,2497,2108,1797.0705735749289,-54.432709092362984,-8.968270486627658,1797.0814335885884,-54.44356910602255
1419,2498,2108,1796.19341497939,-57.09243655083037,-6.645602863004553,1796.1993724920167,-57.09839406345702
1416,2498,113,1797.5748220986288,-56.68437090762268,-1.243116699310569,1797.5750304485402,-56.6845792575341
1418,2498,2119,1790.8484107601716,-73.28908046319111,-7.116680687957818,1790.8552030380633,-73.29587274108269
1417,2498,114,1792.2263594203253,-72.89183356914873,-1.7140257780441432,1792.2267532135656,-72.89222736238912
1420,2499,2092,1772.8404719666241,-20.976851993318178,-22.591217604992668,1772.9115972243148,-21.047977251008888
1423,2499,2091,1767.6745289159273,-22.67048466831011,-24.17762423514354,1767.7561515724808,-22.752107324863573
1422,2499,2102,1766.0939105065506,-27.453987777541897,-25.922562254668456,1766.187571811154,-27.5476490821452
1421,2499,2103,1771.2587631518254,-25.76357646558938,-24.33733618143703,1771.3411603989443,-25.8459737127082
1427,2500,2092,1770.1817033344203,-29.027317459131496,-24.35895069521298,1770.264146686539,-29.109760811250226
1425,2500,2104,1774.37932167992,-33.68797728786285,-24.287979787648673,1774.460883819915,-33.76953942785781
1424,2500,2093,1776.6152897961229,-26.920074943280838,-22.114083285953807,1776.6830753119539,-26.987860459111744
1426,2500,2103,1767.9471028050075,-35.79095564491627,-26.531488779398007,1768.0446615695275,-35.88851440943631
1429,2501,2105,1777.857928910734,-41.40994269345572,-22.388810194697303,1777.9268082456997,-41.478822028421405
1428,2501,2094,1780.7062179083957,-32.78590180372203,-20.106166424333033,1780.7619454053163,-32.84162930064258
1430,2501,2104,1771.1026423006645,-43.61387680686528,-25.250606555797766,1771.1904745139514,-43.70170902015195
1431,2501,2093,1773.9493733229028,-34.99556013309518,-22.969352172147136,1774.0222845908522,-35.06847140104469
1435,2502,2094,1778.2634317782974,-40.18826590729759,-20.112917134438984,1778.3190446198455,-40.243878748845646
1434,2502,2105,1774.8842902933875,-50.421518763416884,-22.21419627141492,1774.951875166382,-50.4891036364113
1433,2502,2106,1781.106802502782,-48.397979831643624,-18.812306194429596,1781.1551616972106,-48.446339026071996
1432,2502,2095,1784.4877051009673,-38.15829333923023,-16.709901346943926,1784.5260031215798,-38.196591359842955
1436,2503,2096,1787.4451929904037,-42.660602517092684,-12.158797499080665,1787.4653878236288,-42.68079735031779
1438,2503,2106,1778.6672790352263,-55.793444701452586,-17.672973898537883,1778.7098428736963,-55.836008539922545
1437,2503,2107,1783.640760451089,-54.186152095054354,-13.839540724062983,1783.666814342634,-54.21220598659954
1439,2503,2095,1782.4696240601572,-44.27555937650857,-15.992989999040761,1782.5046276871562,-44.31056300350758
1443,2504,2096,1786.012822464154,-47.00340819808628,-10.89172380679167,1786.0290018899555,-47.01958762388779
1442,2504,2107,1781.919318569846,-59.40602084333443,-11.969399394355186,1781.938769913584,-59.4254721870725
1441,2504,2108,1785.1057077029636,-58.39097307941245,-7.836604375444152,1785.114035910351,-58.39930128679987
1440,2504,2097,1789.2015631475044,-45.98031425384909,-6.758661013097627,1789.207785874576,-45.98653698092096
1446,2505,2108,1784.2287355798592,-61.05067265152309,-5.513916910821394,1784.2328546324668,-61.054791704130594
1445,2505,113,1785.2964730264073,-60.73622610145583,-1.2294393998339546,1785.2966777249849,-60.73643080003319
1444,2505,112,1789.5372005549598,-47.88553662099332,-0.8654127667476221,1789.5373024557364,-47.885638521769806
1447,2505,2097,1788.4667403802123,-48.208579711773496,-5.149627584840791,1788.4703499746593,-48.212189306220466
1451,2506,2090,1767.1563885029273,-16.344147240171083,-22.43654581197232,1767.226948990961,-16.414707728204803
1450,2506,2101,1766.228892644896,-19.151623391465705,-23.425139811173487,1766.305726904628,-19.228457651197914
1449,2506,2102,1769.1535512654593,-18.194625036279376,-22.495073012753352,1769.224327664731,-18.265401435551098
1448,2506,2091,1770.0817907810383,-15.385321121350898,-21.505803613400804,1770.146547338626,-15.450077678938555
1455,2507,2089,1769.3161730751624,-10.470974727104817,-19.27787052641428,1769.368373894905,-10.52317554684737
1454,2507,2100,1768.991553740996,-11.454887885518929,-19.195362368052656,1769.0432895334156,-11.506623677938364
1453,2507,2101,1768.7458548488717,-11.538837173515049,-18.868117131038158,1768.7958462700608,-11.588828594704182
1452,2507,2090,1769.0706736253733,-10.554277065442648,-18.95065897182858,1769.1211220773268,-10.604725517396218
1458,2508,2098,1784.3932793922656,-0.010291176060718499,-6.999848514122333,1784.4001441076714,-0.017155891466472895
1459,2508,2087,1783.8704756707261,-1.5916301862882847,-9.978535532815917,1783.884417494744,-1.6055720103061049
1457,2508,2099,1775.584558709556,-2.9125710585624347,-7.5149322867868635,1775.5924971473323,-2.920509496338809
1456,2508,2088,1775.0605196345361,-4.495238810554497,-10.495619980919566,1775.0759949969001,-4.510714172918711
1460,2509,2089,1770.5188303413615,-6.837444014002699,-15.15615725410178,1770.5511402572606,-6.86975392990189
1461,2509,2100,1770.695974375355,-6.304417727805003,-13.727276006912888,1770.7224846811803,-6.330928033630244
1462,2509,2099,1774.9213155747816,-4.911598710638145,-13.55515504697552,1774.9471241159304,-4.937407251786794
1463,2509,2088,1774.7447356845194,-5.444136092825374,-14.983105912182644,1774.7762617617184,-5.475662170024407
1464,2510,2087,1783.1905241084364,-3.6564854434240033,-5.48621997863292,1783.1947352326342,-3.6606965676220398
1465,2510,2098,1783.8559481447733,-1.6445885047534148,-0.8470322055356979,1783.8560486016904,-1.6446889616703402
1466,2510,91,1797.5584092263707,2.871389391474054,-0.19531371584661542,1797.5584145403122,2.871384077532639
1467,2510,92,1796.8950950643998,0.8613464764110859,-4.831422997878125,1796.8983442525032,0.8580972883079312
1469,2511,112,1780.1955462024548,-50.96828255731998,-0.8571190082271449,1780.195646501093,-50.968382855958225
1468,2511,111,1783.407091259593,-41.23632783871926,-0.575400439496114,1783.407136622656,-41.23637320178227
1470,2511,2097,1779.3667148664474,-51.218913383901395,-4.102448754807771,1779.369013320067,-51.22121183752097
1471,2511,2086,1782.5762513771936,-41.49335864133013,-3.820466510763182,1782.5782518420158,-41.495359106152364
1472,2512,2086,1783.2027749282754,-39.59361666023938,-4.885326711087604,1783.206048246997,-39.5968899789608
1473,2512,2097,1780.101437455079,-48.990689632602994,-5.711457607133113,1780.105896042484,-48.995148220008105
1474,2512,2096,1777.6570969123281,-49.775214430089136,-8.841630804239873,1777.66779142305,-49.78590894081094
1475,2512,2085,1780.7566845575197,-40.384307914992974,-8.015642390692,1780.7655046066027,-40.3931279640758
1476,2513,2085,1781.969110726028,-36.708516180185825,-8.835702209317837,1781.9798423108496,-36.71924776500737
1477,2513,2096,1779.089322460745,-45.43239781694933,-10.108670719417233,1779.1033239985736,-45.44639935477778
1478,2513,2095,1775.3203961027102,-46.6557165627471,-13.01149666120156,1775.3436259471748,-46.6789464072117
1479,2513,2084,1778.1987151598605,-37.93739271427057,-11.739043277552911,1778.2176845114868,-37.956362065897
1482,2514,2093,1770.2966693137712,-36.23250015889619,-18.462981299335162,1770.343841646123,-36.279672491248334
1480,2514,2083,1777.3112773722478,-28.120919374068762,-14.654943881812,1777.3410159360992,-28.1506579379203
1481,2514,2094,1775.1566588427777,-34.64390885354817,-16.2968594108821,1775.193345515297,-34.680595526067464
1483,2514,2082,1772.4501365081383,-29.713643011314275,-16.822018895395352,1772.4893912860866,-29.752897789262533
1484,2515,2084,1779.8968407055556,-32.79026027508678,-12.1662736866844,1779.917254673915,-32.81067424344599
1485,2515,2095,1777.3383375098742,-40.538566776599055,-13.728278182923265,1777.3642555099395,-40.56448477666447
1486,2515,2094,1772.7138064514588,-42.0464702584984,-16.303769700152316,1772.750423897093,-42.083087704132595
1487,2515,2083,1775.2710153825863,-34.30320623057469,-14.742577640966521,1775.3010417814162,-34.33323262940462
1491,2516,2081,1770.2911834528786,-24.468181732736866,-17.832893748051397,1770.3354796767871,-24.512477956645284
1490,2516,2092,1768.6006426549714,-29.584622235784195,-19.306201941090873,1768.6524613829893,-29.6364409638021
1489,2516,2093,1772.9627127395636,-28.15712289465432,-17.607503934283542,1773.0057438558106,-28.200154010901315
1488,2516,2082,1774.654267146498,-23.037311031300987,-16.133258147190954,1774.6904631187394,-23.073507003542545
1495,2517,2080,1769.3916834637416,-18.91475727225577,-17.7044274545438,1769.4355013274383,-18.958575135952515
1494,2517,2091,1768.1950078206346,-22.536764130138863,-18.740164548438095,1768.2440358433983,-22.5857921529024
1493,2517,2092,1771.2599672795614,-21.533753728304305,-17.53823512016613,1771.3028587635074,-21.57664521225047
1492,2517,2081,1772.4574955856772,-17.909389611367715,-16.501799230473583,1772.495519020562,-17.947413046252564
1498,2518,2090,1769.6424502081989,-15.563514869061123,-16.777810074783904,1769.681869846714,-15.602934507576265
1499,2518,2079,1770.3481154496155,-13.426353690809606,-16.4526976588048,1770.3860526311394,-13.464290872333322
1497,2518,2091,1770.60275714172,-15.251604700966254,-16.06817857229007,1770.6388996658557,-15.287747225101953
1496,2518,2080,1771.3089351517663,-13.11301605703352,-15.74281700023377,1771.343656685061,-13.147737590328234
1503,2519,2078,1773.7070662295246,-8.373328176972336,-14.190014800062386,1773.7353131774594,-8.40157512490714
1500,2519,2079,1771.8119039306453,-9.000084642297566,-13.93190911808929,1771.839152051598,-9.027332763250229
1501,2519,2090,1771.5575668725107,-9.773204796243249,-13.291771050085785,1771.582361357818,-9.797999281550574
1502,2519,2089,1773.452730845116,-9.146004038396086,-13.55026691768394,1773.4784807625983,-9.171753955878216
1504,2520,2078,1774.5376906850247,-5.8653148724517905,-11.245536646121108,1774.5554480176024,-5.883072205029407
1505,2520,2089,1774.6559887688118,-5.512409010431384,-9.428502098457752,1774.6684729849833,-5.524893226602899
1506,2520,2088,1780.0290395034929,-3.740122748243266,-9.316355104081833,1780.0412038970662,-3.752287141816737
1507,2520,2077,1779.9114215597424,-4.092598270196504,-11.132184587588956,1779.928787597879,-4.109964308332906
1510,2521,92,1802.2389006080753,2.5874932911783617,0.4843749537558967,1802.2389332003722,2.5874606988815003
1509,2521,2087,1788.935124304702,-1.799461484194012,0.02674732725273272,1788.93512440458,-1.799461584071878
1508,2521,2076,1788.466002594338,-3.216059700689698,-4.4777695799337485,1788.4688002990097,-3.2188574053611774
1511,2521,93,1801.7719282461728,1.1724255278372766,-4.017145371543735,1801.7741688106114,1.1701849633986967
1515,2522,2076,1789.2442519526514,-0.854274295231221,-7.600140059758066,1789.2523188087189,-0.8623411512985513
1514,2522,2087,1789.6148774406065,0.2653658897721698,-4.46555212937217,1789.617663526366,0.26257980401260284
1513,2522,2088,1780.3454882899468,-2.7909301990883932,-4.828845692129838,1780.3487574884957,-2.794199397637499
1512,2522,2077,1779.9733857366227,-3.911703531321791,-7.965512658163988,1779.982277715711,-3.920595510409953
1517,2523,2078,1777.474661309771,-4.924384497468736,-5.869830149324419,1777.4794939555027,-4.929217143200503
1519,2523,2066,1783.5558902489788,-3.113389354064566,-7.881502088447352,1783.5645820888294,-3.122081193915278
1518,2523,2077,1783.6301322923628,-2.8934619027105555,-5.8010816305692,1783.6348415024017,-2.89817111274931
1516,2523,2067,1777.3996144035104,-5.144704618627657,-7.951612226618387,1777.4084820403186,-5.153572255435847
1520,2524,2068,1773.773726203468,-7.8852079304872404,-9.65897650469808,1773.786817253027,-7.8982989800462065
1523,2524,2067,1776.8256919079972,-6.877411934388533,-9.844942990544926,1776.8392763105996,-6.890996336990838
1522,2524,2078,1776.6436446153352,-7.432583003620266,-8.814347435454362,1776.6545315165522,-7.4434699048372295
1521,2524,2079,1773.5918533167755,-8.440646486429387,-8.627722123129535,1773.6022960489984,-8.451089218652214
1527,2525,2068,1772.6226476100308,-11.366493556422256,-11.294798307721887,1772.6405248475494,-11.384370793941002
1525,2525,2080,1771.6928256765052,-13.013092739046556,-10.649450394521564,1771.7087120170827,-13.02897907962415
1524,2525,2069,1772.1880728171989,-11.511656098477715,-10.795725770957203,1772.204407773373,-11.527991054651807
1526,2525,2079,1772.1276938197689,-12.86696543648452,-11.14858572775125,1772.1451014000927,-12.884373016808127
1529,2526,2081,1771.3375038491104,-18.303928710715354,-11.769574740780621,1771.356854288436,-18.32327915004089
1528,2526,2070,1772.17498129616,-15.768665079226253,-11.241050199984995,1772.1926496327956,-15.786333415861804
1530,2526,2080,1769.7751381831606,-18.815067341878944,-12.611195167839554,1769.7973680190403,-18.8372971777585
1531,2526,2069,1770.6120382751476,-16.281482391012332,-12.083032624972535,1770.6324645074333,-16.301908623298118
1535,2527,2065,1792.9906114187934,-0.3060019230154012,-5.622570677899603,1792.995018556896,-0.31040906111809363
1534,2527,2076,1793.236775597723,0.43583029993794753,-2.3947270536892638,1793.237575284258,0.43503061340311433
1533,2527,2077,1783.6923771453949,-2.7125255490229847,-2.6344124846292,1783.6933483873227,-2.713496790950785
1532,2527,2066,1783.4446759416635,-3.455297319208171,-5.864404038260982,1783.449487506753,-3.4601088842978243
1537,2528,2082,1772.044303050005,-23.92076885006452,-11.912829518950316,1772.0640576026408,-23.94052340270025
1536,2528,2071,1773.226536158015,-20.342782242409612,-10.94186261147465,1773.243224005293,-20.359470089687534
1538,2528,2081,1769.1709893645527,-24.862709481167258,-13.100799370125303,1769.1949059521053,-24.88662606871992
1539,2528,2070,1770.3525074241686,-21.287028656890016,-12.130441148764648,1770.373039723384,-21.30756095610525
1540,2529,2072,1774.838645517748,-24.893715438988806,-9.907497619687945,1774.8522805680973,-24.907350489338
1543,2529,2071,1771.3453193426253,-26.041194814490837,-11.422859703533673,1771.3634679719391,-26.059343443804664
1542,2529,2082,1769.8400035149084,-30.597248491418327,-12.60172994684371,1769.8620539435738,-30.61929892008368
1541,2529,2083,1773.3325520608773,-29.452712769922982,-11.087053251719695,1773.3495981270298,-29.469758836075584
1547,2530,2073,1775.0757551462184,-33.55071257956638,-7.969453663593849,1775.084534167833,-33.55949160118098
1546,2530,2084,1773.0628928147646,-39.64695108924957,-8.946547410446488,1773.073931567522,-39.657989842007055
1544,2530,2074,1777.9729690249767,-32.60176913309499,-5.938619285143623,1777.9778386256921,-32.606638733810655
1545,2530,2085,1775.9591382235205,-38.70192879352237,-6.916104313400117,1775.965727928624,-38.70851849862595
1550,2531,2083,1771.2922946606566,-35.634949012781135,-11.174802533417985,1771.3095719221074,-35.65222627423191
1551,2531,2072,1773.0801605158595,-30.22205706095167,-10.004406811051705,1773.0940360859859,-30.235932631077844
1548,2531,2073,1776.549685050778,-29.08345704539704,-8.202715662498852,1776.55900092391,-29.092772918529022
1549,2531,2084,1774.760976870903,-34.49977597336181,-9.373706758100695,1774.7731179882935,-34.51191709075226
1553,2532,2086,1776.6527978272713,-41.76024973676465,-3.9063056991397804,1776.6548957013806,-41.76234761087392
1552,2532,2075,1778.8218812434327,-35.18807655344324,-3.262925141234339,1778.8233485275316,-35.18954383754203
1554,2532,2085,1774.746795652032,-42.37767435388025,-6.096090382352997,1774.751908429665,-42.38278713151351
1555,2532,2074,1776.914729258142,-35.80972968513515,-5.452816334544469,1776.918829872906,-35.81383029989922
1558,2533,93,1805.4074494286187,2.345584706062141,1.0284241894509283,1805.4075960758646,2.345438058816285
1556,2533,2065,1792.1486175756386,-2.8600071564575273,-3.657161485484338,1792.150480354467,-2.8618699352857675
1557,2533,2076,1792.4587315895003,-1.9258642202674991,0.7276288191337015,1792.4588053534635,-1.9259379842305862
1559,2533,94,1805.0996084664248,1.4127333054746032,-3.3534625373209717,1805.101167176729,1.4111745951704506
1560,2534,110,1778.9279232796289,-36.64834297683194,-0.3490378179728388,1778.9279400549358,-36.648359752138845
1561,2534,111,1776.6814678902888,-43.455783550589786,-0.5709256817048862,1776.6815126611057,-43.45582832140667
1562,2534,2086,1776.026326897257,-43.6599827700569,-2.8414495235713377,1776.027436131089,-43.661092003888825
1563,2534,2075,1778.271399438473,-36.85701087960888,-2.6193536614490633,1778.2723444143207,-36.85795585545645
1564,2535,2058,1772.7342815482302,-10.55457211546036,-6.4044232159914785,1772.7400316689118,-10.560322236141815
1565,2535,2069,1772.441128801925,-11.445153121065914,-5.955916357027542,1772.446100088654,-11.450124407794874
1566,2535,2068,1773.7697330796134,-11.005673863406173,-6.25245403069345,1773.775208987298,-11.011149771090686
1567,2535,2057,1774.0627718712644,-10.115651374065806,-6.700684054395714,1774.0690631434672,-10.121942646268508
1570,2536,2069,1770.8649667938987,-16.21498152532024,-7.243282060351658,1770.872306269615,-16.222321001036562
1568,2536,2059,1771.95471559156,-14.520681467358145,-6.543779212158218,1771.960707963861,-14.526673839659225
1569,2536,2070,1771.4594094279576,-16.02056299895787,-6.745012520631835,1771.465772440782,-16.026926011782393
1571,2536,2058,1771.3599339455072,-14.716083116382492,-7.042193437140737,1771.366875460761,-14.723024631636235
1572,2537,2060,1772.2470169583066,-18.795180946322603,-6.286240487287747,1772.252532838643,-18.80069682665885
1573,2537,2071,1771.5477711719884,-20.91087007558906,-6.9317623267333435,1771.5544727421398,-20.917571645740168
1574,2537,2070,1769.6367922424924,-21.539019620040108,-7.6344906056106305,1769.6449272873197,-21.54715466486732
1575,2537,2059,1770.3356228025448,-19.42470831745834,-6.989377110299321,1770.3424465103465,-19.43153202526014
1579,2538,2056,1778.8150927837057,-5.94057097929408,-6.008057418727931,1778.8201490292772,-5.945627224865575
1578,2538,2067,1778.7063668367239,-6.274728121848511,-4.729457088375939,1778.7094996045103,-6.277860889634894
1577,2538,2068,1774.9210318953799,-7.524278556691115,-4.6165819107969295,1774.9240211585948,-7.527267819906001
1576,2538,2057,1775.0294236654402,-7.190037097661502,-5.896004492292419,1775.034299997259,-7.19491342948038
1583,2539,2055,1785.8796494022076,-2.4703196278677524,-5.044202049303729,1785.8832063016048,-2.4738765272651335
1582,2539,2066,1785.921033747036,-2.350741680013016,-2.7995809837320755,1785.922129448622,-2.3518373815990117
1581,2539,2067,1779.280458187513,-4.5419930261751915,-2.836109304474077,1779.281585473317,-4.54312031197901
1580,2539,2056,1779.2381594656802,-4.661942050156199,-5.082204882154395,1779.2417791686603,-4.665561753136444
1586,2540,2065,1795.5048266628448,0.5062268071392282,-0.6467681053372426,1795.5048849231923,0.5061685467917414
1587,2540,2054,1795.3639862515204,0.08376252869106793,-3.9259074210838727,1795.3661325363246,0.08161624388696964
1585,2540,2066,1785.8099523079711,-2.692590516157452,-0.782484514365137,1785.8100378938134,-2.692676101999723
1584,2540,2055,1785.667467055472,-3.1158427232044232,-4.0637841463396,1785.6697750935932,-3.1181507613258646
1590,2541,94,1807.3490599936363,2.138046722845388,1.4884511603809576,1807.3493668118508,2.137739904630962
1591,2541,95,1807.1744766541378,1.6090063001224735,-2.8051766362592714,1807.1755662035534,1.607916750706977
1589,2541,2065,1794.6628586714787,-2.047783716473873,1.318635673127193,1794.6631006135817,-2.0480256585768757
1588,2541,2054,1794.4860628071092,-2.577862169033665,-2.9778253737863043,1794.4872964078936,-2.5790957698181955
1595,2542,2063,1774.3124137233028,-33.21386814025709,-3.1046598065750284,1774.3137468858552,-33.21520130280942
1594,2542,2074,1773.030186769765,-37.09803887838825,-3.628991574049769,1773.0320056418238,-37.0998577504472
1593,2542,2075,1774.586161196429,-36.5891264426491,-2.3337409335096515,1774.5869129658079,-36.589878212028
1592,2542,2064,1775.8689890174037,-32.70247438132958,-1.8092670809616886,1775.869441508032,-32.70292687195774
1598,2543,2073,1771.7591517074243,-34.65450710314644,-5.315668411979888,1771.7630622554539,-34.65841765117614
1596,2543,2063,1775.2794319639697,-30.28292322866355,-3.329412327402519,1775.2809668011619,-30.2844580658558
1597,2543,2074,1774.088395768862,-33.89007793311214,-4.114771684652424,1774.0907369643378,-33.89241912858779
1599,2543,2062,1772.9497166151623,-31.049616612732166,-4.53066438835327,1772.9525612513899,-31.052461248959958
1603,2544,2061,1771.572017463472,-27.88009666234609,-5.697465620488575,1771.57652731301,-27.884606511884158
1602,2544,2072,1770.5144709643357,-31.080656563052116,-6.61406603411455,1770.52054137958,-31.086726978296383
1601,2544,2073,1773.233054706672,-30.187275082572796,-5.548882067041967,1773.2373229877285,-30.191543363629194
1600,2544,2062,1774.291016251278,-26.98469846858768,-4.631788027054417,1774.293993783353,-26.987676000662645
1605,2545,2072,1772.272982158866,-25.752267141512675,-6.517087712103049,1772.2788875671422,-25.75817254978881
1607,2545,2060,1770.5568751385113,-23.915586921196336,-6.533565852514927,1770.5628221984664,-23.92153398115147
1606,2545,2071,1769.6665080172522,-26.60925906052637,-7.412842342047189,1769.674155784739,-26.616906828013157
1604,2545,2061,1773.1637636972448,-23.056890222420975,-5.637294273152309,1773.168186735194,-23.061313260370184
1608,2546,109,1775.9063570630744,-34.057881893346575,-0.16419755018724214,1775.9063607870203,-34.05788561729241
1611,2546,2064,1775.3635000750335,-34.23466541806715,-1.5071584914150162,1775.363813891433,-34.23497923446678
1610,2546,2075,1774.0357012971358,-38.25805227511387,-1.69017641636084,1774.0360953689703,-38.2584463469484
1609,2546,110,1774.5777736060743,-38.08389236910489,-0.3471111883740606,1774.577790223375,-38.08390898640562
1615,2547,101,1771.6504925089018,-14.184835085488544,-2.316805525893626,1771.6512439199507,-14.185586496537553
1613,2547,2059,1771.6059464602968,-14.643424588419748,-2.191817624575613,1771.6066188276,-14.644096955723057
1612,2547,102,1771.7704120953083,-14.145261621974328,-2.1512201701063414,1771.7710599067657,-14.145909433431598
1614,2547,2058,1771.486137317733,-14.682670562568319,-2.357372758941048,1771.4869151283017,-14.683448373137026
1617,2548,2060,1771.4251762492408,-19.073189464902384,-2.404369289703311,1771.4259834252184,-19.073996640880182
1616,2548,103,1771.657670145331,-18.37118744573081,-1.9188772078878609,1771.6581843952363,-18.371701695636034
1618,2548,2059,1769.9868346177022,-19.547433266994744,-2.637450555253517,1769.9878063987094,-19.548405048001882
1619,2548,102,1770.2192080514444,-18.845879936713345,-2.1522708626706173,1770.2198553543599,-18.846527239628927
1623,2549,103,1770.0310189935408,-23.300433360246302,-1.9199429742692724,1770.031532866752,-23.30094723345735
1622,2549,2060,1769.7350094319831,-24.193625964646344,-2.6517331456649353,1769.7359893601551,-24.19460589281846
1621,2549,2061,1771.9060269221432,-23.477712854176048,-2.354883941780953,1771.9067991074803,-23.478485039513203
1620,2549,104,1772.2020858912838,-22.58398128399108,-1.6226328404496864,1772.202452639283,-22.584348031990316
1627,2550,100,1774.7228625312496,-9.642313465492407,-2.4144605630455342,1774.7236792947156,-9.643130228958285
1624,2550,101,1772.95724937027,-10.22496580861582,-2.315949068123953,1772.9580013430323,-10.225717781377966
1626,2550,2057,1774.6260960409209,-9.938314867031977,-1.8184600239356719,1774.6265592906611,-9.938778116772369
1625,2550,2058,1772.860542748846,-10.521120166475725,-1.719565588509605,1772.8609572570226,-10.521534674652344
1628,2551,105,1773.015279410868,-26.46500113337379,-1.2702954418986692,1773.0155035936955,-26.465225316201213
1631,2551,104,1770.6654532747662,-27.24044375828737,-1.6235360701589125,1770.6658197940649,-27.24081027758598
1630,2551,2061,1770.3142805083824,-28.30091021056751,-2.415088283326727,1770.315091222205,-28.301720924390224
1629,2551,2062,1772.6641260725214,-27.52608120624177,-2.062329665452906,1772.6647167326412,-27.52667186636154
1635,2552,99,1779.7698178533478,-5.53391326286112,-2.4513259025499936,1779.7706593062255,-5.5347547157387
1634,2552,2056,1779.7346598630986,-5.645817562845764,-1.0520720935877628,1779.7348148518543,-5.6459725516012895
1633,2552,2057,1775.5927808837498,-7.012703289415413,-1.0137651229022668,1775.5929250154227,-7.012847421088168
1632,2552,100,1775.6275406058674,-6.900864754529607,-2.4139311581887566,1775.6283578524462,-6.901682001108384
1638,2553,2062,1771.322829015646,-31.59100589686011,-1.9612292806433695,1771.3233623771243,-31.591539258338344
1639,2553,105,1771.7176235867787,-30.397291509402407,-1.2709189108846555,1771.717847661651,-30.397515584274515
1636,2553,106,1773.7681508056062,-29.720617527189347,-0.8729829701198144,1773.7682564479637,-29.720723169547
1637,2553,2063,1773.3733836974704,-30.915022512013934,-1.563691776102214,1773.3737224919091,-30.915361306452724
1641,2554,2056,1780.1577876780188,-4.367161120624928,-0.12621034370148643,1780.1577899095723,-4.367163352178409
1642,2554,2055,1787.0305575149998,-2.0991688004279467,-0.11534711082541854,1787.0305593741377,-2.0991706595659707
1643,2554,98,1787.0159411716736,-2.1372291048539864,-2.4387623376891625,1787.0167722294998,-2.1380601626801763
1640,2554,99,1780.1421699381606,-4.405573611913269,-2.451146106805761,1780.14301162402,-4.406415297772469
1647,2555,106,1772.8310273381994,-32.56038561024013,-0.8733006747461973,1772.8311329460498,-32.56049121809053
1644,2555,107,1774.2150431817427,-32.10366038187067,-0.44440458457328486,1774.215070515711,-32.10368771583887
1645,2555,2064,1773.7903335241233,-33.390009025245604,-0.9102909764810486,1773.7904481543,-33.3901236554226
1646,2555,2063,1772.4063735004195,-33.84596231398882,-1.3389500148868319,1772.4066216366932,-33.84621045026256
1648,2556,98,1786.7699109644345,-2.8827751873968737,-2.438845442900296,1786.7707418469263,-2.8836060698886286
1649,2556,2055,1786.8184009776216,-2.7446971734689214,0.865068091151857,1786.8185055202835,-2.7448017161307234
1650,2556,2054,1796.578766143148,0.4761435101005418,0.908326558266252,1796.578880983062,0.47602867018656525
1651,2556,97,1796.5318706226383,0.33867149981040257,-2.393419400156971,1796.5326679274444,0.33787419500413307
1654,2557,2064,1773.2848503279251,-34.92219817936211,-0.6081856551438947,1773.2849014683325,-34.92224931976955
1653,2557,109,1773.7714186623355,-34.76241156559047,-0.1637252414592688,1773.771422367817,-34.762415271072086
1652,2557,108,1774.2110375910468,-33.430232993737945,0.0,1774.2110375910468,-33.430232993737945
1655,2557,107,1773.7242646461245,-33.59086806556218,-0.4444908754332945,1773.7242919756327,-33.59089539507022
1659,2558,96,1808.1913073522928,1.7836032470925147,-2.3367635426564712,1808.1920630595396,1.7828475398457613
1658,2558,95,1808.2478477171428,1.9549376860318262,1.9104277998370855,1808.2483528585483,1.9544325446263429
1657,2558,2054,1795.700875157881,-2.1854635115840892,1.8563994068687306,1795.701354361956,-2.1859427156591664
1656,2558,97,1795.6420881254367,-2.357639097770061,-2.3935767306729487,1795.6428847338761,-2.358435706209434
1662,2559,2444,5353.787124611159,25.752954037242034,-3.178515355585754,5353.78759865837,25.752479990030224
1661,2559,2446,5356.8010873507055,24.648453887032247,1.5107547640969228,5356.8011943609545,24.648346876784217
1660,2559,2441,5362.585792330727,42.68766116714187,2.840762208046403,5362.586171563991,42.68728193387642
1663,2559,2440,5359.5152087784545,43.07704212792851,-1.6566183350889787,5359.515337830282,43.07691307610139
1664,2560,2446,5370.780652947928,26.03675132564649,8.210097269414652,5370.783805842559,26.03359843101498
1666,2560,2443,5349.530364872956,15.787344633062276,2.463318428149696,5349.530649285673,15.78706022034612
1667,2560,2444,5352.9923166971585,21.171235404617846,6.848757289853459,5352.994516014069,21.169036087707354
1665,2560,2445,5358.552976671011,17.82137165361337,2.7509007929183906,5358.553330904065,17.821017420558746
1668,2561,2442,5368.459691946422,58.19415239305954,3.3160803024894876,5368.460209641225,58.193634698256574
1669,2561,2445,5358.508349627122,28.08302088356936,4.665521365031184,5358.509370515892,28.081999994798934
1670,2561,2446,5348.338529588716,-3.045887425843148,-4.441927444372684,5348.339451346268,-3.046809183395908
1671,2561,2441,5369.414264261687,60.79074427035471,-5.391562049900257,5369.415633210423,60.78937532161808
1673,2562,2434,5357.863590003059,1.7235238267955992,5.064222066830667,5357.8647870563045,1.7223267735498666
1672,2562,2445,5361.604312326126,12.596932024947591,10.20818476609327,5361.609182713,12.592061638073574
1674,2562,2435,5342.840954802097,-5.8163417483644935,0.350994976873,5342.840960560434,-5.816347506701277
1675,2562,2443,5347.30538794496,10.728957363292466,8.064984093384668,5347.308435026367,10.725910281884808
1676,2563,146,5371.924452004402,20.423892953803943,6.605897754531313,5371.926490585359,20.42185437284752
1677,2563,147,5361.810989888288,-10.22296194351361,2.769910199195764,5361.811346941225,-10.223318996450871
1678,2563,2434,5352.685123320754,-13.02140671645293,-5.45315669572325,5352.686508828427,-13.022792224125169
1679,2563,2445,5362.323215727165,15.858059293785118,-1.734854376186156,5362.323356461255,15.857918559695463
1683,2564,2442,5373.646934848133,62.74099536523431,-7.518060503180834,5373.649595467906,62.73833474546154
1682,2564,2445,5357.5626223587005,13.614303064543492,-5.753317530306988,5357.564170869793,13.612754553450486
1681,2564,146,5359.13797704549,16.204356217363056,6.329598186623096,5359.139851661665,16.202481601188083
1680,2564,145,5373.791006186312,60.60747482591705,6.663600982265787,5373.793095496813,60.605385515415946
1687,2565,2046,5350.98822526619,30.573431898026,2.0604352576366116,5350.9884247522,30.57323241201493
1684,2565,2440,5355.837308520133,31.771456697086478,5.492151969797786,5355.83872490594,31.77004031127899
1686,2565,2045,5347.644352693034,19.365173603205676,0.524397741857461,5347.644365595557,19.365160700682736
1685,2565,2444,5352.053143196943,20.345258667384996,3.6532488121556637,5352.053768991979,20.344632872348484
1688,2566,2444,5355.365356448075,19.966709438360795,13.54297681383523,5355.373950554049,19.958115332387024
1691,2566,2045,5343.969150106202,16.655825729894786,10.712854973578121,5343.974535801517,16.650440034579333
1690,2566,2044,5341.046103238286,7.581290122745713,6.855881038359883,5341.0483064536,7.579086907432156
1689,2566,2443,5350.72715394619,10.557332024251536,9.322283671621015,5350.731222398577,10.55326357186459
1695,2567,2044,5336.514776558442,5.459255227102858,14.269081446891132,5336.5243246826285,5.449707102915909
1694,2567,2043,5336.647001901244,2.084353783636516,10.852769409844186,5336.652521682797,2.0788340020835676
1693,2567,2435,5344.976965037206,5.22082031050104,12.24246521066993,5344.9839821065925,5.213803241115329
1692,2567,2443,5345.633598099386,8.37493704648432,15.270502155670249,5345.644520736534,8.36401440933696
1696,2568,2448,5358.9618184337105,56.866651112711224,-10.840507390706808,5358.967359473336,56.86111007308591
1699,2568,2447,5364.212452654607,59.6154680022164,-14.698228770606905,5364.222634272313,59.60528638451024
1697,2568,2441,5355.107978355081,43.980729526215555,-9.246062450637142,5355.11200243519,43.97670544610628
1698,2568,2440,5359.741730376011,46.48823209074794,-12.641259217261826,5359.749249366424,46.48071310033538
1703,2569,2448,5368.396782680824,89.8490845679471,-16.999246805174145,5368.410468909462,89.835398339309
1700,2569,2439,5361.279489470835,71.3319465529089,-12.690534575019562,5361.28710057826,71.3243354454844
1701,2569,2442,5357.419548068069,58.95831627472876,-13.079429922366748,5357.427619809043,58.95024453375527
1702,2569,2441,5358.886403449389,60.39487906362956,-16.749908984691437,5358.899641120373,60.38164139264518
1704,2570,2439,5365.633000998069,109.64066101135472,-15.952223200312984,5365.645104936895,109.62855707252857
1705,2570,2448,5342.820678583754,49.28371743479329,-2.1186124917834745,5342.8208905648335,49.28350545371404
1706,2570,2447,5351.644659567439,58.732711984730486,-26.071298980250283,5351.6767642252535,58.700607326915815
1707,2570,2438,5371.513817777869,117.02366197601145,-30.46257495736026,5371.5579686206875,116.97951113319277
1710,2571,2047,5355.881930908059,54.063816077460615,-23.92429258967984,5355.908920180882,54.03682680463771
1709,2571,2447,5344.593712474312,48.62190486647819,-15.36157075085854,5344.604851948245,48.610765392546
1708,2571,2438,5354.298329027489,74.09419205650511,-20.101300302750396,5354.317459954978,74.07506112901547
1711,2571,2048,5364.908837020359,80.14502125596073,-28.031974787789046,5364.94600926262,80.10784901370062
1715,2572,2047,5357.867806553318,51.80366789049549,-9.93510166681002,5357.872457183052,51.7990172607615
1714,2572,2046,5351.682149534475,32.27203263874458,-10.745790251002717,5351.687576446848,32.266605726371836
1713,2572,2440,5354.658075066036,32.63215912997043,-5.3735289006865985,5354.6594314482645,32.630802747741654
1712,2572,2447,5360.823822225725,51.589643700644274,-4.283557260860005,5360.824686232623,51.58877969374544
1717,2573,145,5330.664448844374,46.37571090307756,7.497831022007932,5330.667108494732,46.373051252719506
1716,2573,144,5361.1397770543,138.72519032709306,1.0628650575953225,5361.139831132835,138.72513624855765
1718,2573,2442,5351.542693470136,57.9968494960799,-23.675937593557418,5351.569166614705,57.970376351512186
1719,2573,2439,5379.771349897573,154.27690492148895,-24.07128194270091,5379.799070888699,154.2491839303625
1720,2574,2450,5356.780768227715,99.51357606541387,-41.78923523162751,5356.863811020339,99.4305332727904
1721,2574,2438,5352.110264461107,80.35138962837709,-40.47871056900325,5352.187966320103,80.27368776938056
1722,2574,2048,5361.496064766738,85.75235355196219,-47.63638440738515,5361.6035936287235,85.6448246899763
1723,2574,2049,5366.612642295453,106.09921059207977,-49.160280306590025,5366.727492320507,105.98436056702576
1725,2575,2450,5340.598301356959,106.36026260908329,-65.47503667971165,5340.80305000941,106.15551395663215
1724,2575,2449,5349.106470555058,136.34024919200283,-74.95179441890751,5349.375880352156,136.07083939490485
1726,2575,2049,5367.729806936841,119.5796938333574,-75.78306579539434,5368.003368744017,119.30613202618042
1727,2575,2050,5377.030203468677,148.99382009321653,-85.33074592966334,5377.3783672339505,148.64565632794347
1728,2576,2436,5346.8577009850405,192.6019876223304,-118.59725015354942,5347.539828887311,191.91985972005978
1729,2576,2449,5330.579533808464,141.47862176872377,-103.69079662935835,5331.097480385974,140.96067519121334
1730,2576,2050,5371.715929450446,160.65648930985844,-120.3943358140011,5372.411222918625,159.96119584168036
1731,2576,2051,5389.380968502753,212.32707027341894,-135.84499893475186,5390.271952481695,211.43608629447635
1735,2577,2437,5378.184095041052,321.55643776880015,-62.025671168283544,5378.374292908273,321.3662399015793
1734,2577,2439,5314.518841522385,141.07966984527116,-42.3840358095278,5314.6056491705285,140.99286219712758
1733,2577,144,5280.935070749853,112.25763724662556,4.955770301267221,5280.936258657879,112.2564493385994
1732,2577,143,5334.246625192065,273.80780222302496,-5.684776411982121,5334.248221727157,273.8062056879321
1737,2578,2456,5193.867605314322,410.51702835161245,-257.44828539888465,5197.329179403889,407.0554542620457
1736,2578,2453,5206.560870820729,506.50546741995504,-293.21132341439557,5211.129401769118,501.9369364715658
1738,2578,2455,5295.987143430329,463.2816579459359,-292.4750522283044,5300.408242128452,458.8605592478125
1739,2578,2452,5313.290420933007,573.481985330578,-333.9741795612081,5319.166220243095,567.60618602049
1740,2579,2456,5162.096531301089,377.9488138889849,-224.75277857623425,5164.734721751323,375.310623438751
1743,2579,2455,5308.137382953367,434.03373479073707,-248.6990135734462,5311.307760454556,430.86335728954737
1742,2579,2454,5325.850435397639,418.35383139755777,-215.11554094146865,5328.206651441714,415.9976153534826
1741,2579,2451,5245.974023351605,388.48979173543717,-203.33506155587332,5248.101001492105,386.36281359493705
1747,2580,1549,5384.422343389017,478.00709684067556,-347.0543066718511,5390.551890133504,471.8775500961892
1746,2580,1550,5354.186523705021,386.3834008285637,-306.5351115824461,5358.910669474182,381.65925505940186
1745,2580,2455,5264.7563667839895,344.6435570846022,-278.9213044277329,5268.706209604524,340.69371426406815
1744,2580,2452,5276.161713087586,426.25456224107097,-313.1337315499669,5281.210817995492,421.2054573331643
1748,2581,2455,5285.583955374093,327.05667610360024,-237.95932180937288,5288.437225661988,324.203405815706
1749,2581,2454,5287.990068370891,278.26234242095575,-213.73039528344017,5290.26863104806,275.9837797437867
1750,2581,26,5368.192150815962,311.86742877403026,-234.72008115225321,5370.914675128017,309.14490446197624
1751,2581,1550,5388.403205481646,373.11269200111155,-266.35271062736297,5391.937089158604,369.57880832415276
1755,2582,26,5402.923344483876,308.9205802147262,-202.84305622014716,5404.941845943702,306.9020787548993
1754,2582,2051,5370.087551460721,218.7672818455478,-169.2846179687065,5371.477949822253,217.3768834840157
1753,2582,2436,5272.210630148165,175.7694511829127,-136.03071832268523,5273.118178234349,174.86190309672838
1752,2582,2454,5312.122153875207,267.67617022061404,-171.5923124607149,5313.580956753048,266.2173673427733
1758,2583,1549,5329.528507534977,484.4399265752568,-381.85435827483894,5337.0406005717505,476.92783353848245
1757,2583,2452,5238.427600136712,442.9171360648613,-356.53585095985727,5245.045385336376,436.29935086519754
1756,2583,2457,5240.354906861554,534.0826405252321,-403.1161322527547,5248.971367688413,525.4661796983723
1759,2583,1548,5358.11064646304,571.0529819159897,-427.32507084707015,5367.628203664399,561.5354247146311
1760,2584,2053,5147.498556455086,576.064153478876,-391.1143146930114,5155.848862031247,567.713847902714
1762,2584,2452,5282.2511166943295,615.148039302979,-369.41253259325885,5289.549677547576,607.8494784497325
1763,2584,2457,5238.357677687871,618.8019744878407,-453.48515851056715,5249.460245452308,607.6994067234023
1761,2584,2453,5189.7383379777275,581.6722386239185,-353.0906338559541,5196.492284744385,574.918291857261
1766,2585,1548,5226.886451062516,525.3687522948269,-460.45575080563776,5238.133537862777,514.1216654945656
1764,2585,2053,5249.40604615104,740.7387029510699,-452.0038629530384,5260.706320258213,729.4384288438969
1765,2585,2457,5127.4986391629745,498.4439839846093,-382.6823490211051,5135.394226380697,490.5483967668865
1767,2585,1547,5294.478153524846,730.1917584564474,-490.10934638315683,5307.59733029661,717.0725816846825
1771,2586,2451,5327.655352336632,555.9615514671998,-104.62031173944152,5328.228738590968,555.3881652128639
1768,2586,142,5219.40266862926,458.49638434640565,-23.828589921150062,5219.432484283457,458.46656869220897
1769,2586,143,5136.972257934158,208.7072610279156,9.645918944367693,5136.976977833718,208.70254112835528
1770,2586,2437,5270.348183932109,310.57210046443834,-92.80631334910365,5270.782289114646,310.137995281902
1772,2587,2463,5349.390855527742,4.86666021377232,1.7917551084988024,5349.3910056994955,4.86651004201849
1773,2587,2460,5340.377947355575,-2.3584044582446495,-12.588670727459569,5340.3853627697135,-2.3658198723833266
1774,2587,2461,5307.29177293161,-13.109405926874615,-13.292108318579475,5307.3000749309285,-13.117707926193816
1775,2587,2462,5312.193593753969,-7.824018962468472,-0.9931991402355408,5312.193640109292,-7.8240653177908825
1779,2588,2463,5346.226004251446,-3.3980888643386606,0.38149977082686126,5346.226011052955,-3.3980956658474497
1778,2588,2460,5333.197532882123,-22.742841757499036,-14.750410171269586,5333.2076886238065,-22.752997499182584
1777,2588,2459,5354.242732480066,-17.069497698033047,-13.05995869998312,5354.250671055494,-17.0774362734619
1776,2588,2434,5362.9476777077525,-6.151516645381662,-4.73528442534026,5362.948721780203,-6.152560717833239
1781,2589,2463,5346.4987132571405,3.1578611235568133,-0.8589150747752629,5346.498747773706,3.157826606990966
1780,2589,2434,5340.653906756479,-4.684862975336046,2.4729028453238215,5340.654192764926,-4.68514898378271
1782,2589,2462,5340.713947633018,2.1891931502441366,2.0956201634575238,5340.714153290193,2.188987493067998
1783,2589,2435,5337.732921068311,-4.275128936579449,3.9193888647764994,5337.733639974333,-4.275847842600797
1786,2590,2459,5345.359488086629,-45.398791623518264,-14.793981812144974,5345.369637933572,-45.408941470461286
1784,2590,147,5376.699848560636,-5.30963858163841,2.721495380027297,5376.700192602051,-5.309982623053656
1785,2590,148,5368.0603408553825,-31.489964961195938,-3.56154409438217,5368.060928154057,-31.490552259871038
1787,2590,2434,5362.544007051049,-9.809381998189792,-3.8815799893235243,5362.544708171217,-9.810083118357852
1791,2591,2043,5327.719941498202,1.1007559757351828,15.352207615167528,5327.731003382908,1.0896940910297417
1788,2591,2435,5332.283573599688,2.449141398265965,15.181758750902802,5332.294384692143,2.4383303058116326
1789,2591,2462,5333.77346413117,3.996262016748915,13.550280522359015,5333.782076583369,3.9876495645498835
1790,2591,2042,5329.517819279251,2.6549725022812254,13.828672883807448,5329.526794161702,2.6459976198302684
1792,2592,2462,5317.488702819833,-1.6339190272703945,11.699084351531987,5317.495135666886,-1.6403518743236418
1793,2592,2461,5324.515329608243,22.436664849786894,8.965771381731393,5324.519119866936,22.432874591093878
1794,2592,2041,5314.079767929559,14.633892020115809,16.516549323998667,5314.092636998586,14.621022951089344
1795,2592,2042,5309.863937097549,-3.0904859951779144,17.746374226122214,5309.878756202639,-3.1053051002686516
1799,2593,2460,5346.454430062182,-19.06254140707938,-13.925024891528272,5346.463464885515,-19.071576230412575
1798,2593,2464,5336.292972802534,-37.90766868724381,-25.54258960355659,5336.323322441614,-37.938018326324254
1797,2593,2465,5363.292413087196,-29.612638727549665,-21.062313728045268,5363.312978040762,-29.6332036811159
1796,2593,2459,5372.004190200508,-12.723450282211843,-10.639430689106268,5372.00944568335,-12.728705765054656
1801,2594,149,5374.778912924201,-45.919283299747576,-27.042195797552402,5374.812639013409,-45.953009388956616
1800,2594,2465,5405.46992658923,-16.913749441958316,-11.99418474679029,5405.47655929453,-16.920382147257442
1802,2594,2458,5355.11473171851,-51.370264585796576,-32.52916901051586,5355.163660794472,-51.41919366175898
1803,2594,2464,5363.619294637491,-29.153100503989663,-23.87381634587808,5363.64571686861,-29.17952273510855
1804,2595,148,5411.300190524525,-17.220814570378934,0.1155678844530317,5411.300191139606,-17.22081518546065
1807,2595,2459,5365.587772077681,-35.39477214621115,-8.248981929222252,5365.59092176677,-35.39792183530108
1806,2595,2465,5345.510275155445,-66.75120851522911,-39.71502918655094,5345.583131128686,-66.82406448847041
1805,2595,149,5406.6782056561715,-31.226829322964022,-15.198614319266689,5406.688825436428,-31.237449103221024
1811,2596,2461,5318.111773638329,-9.044233155667143,-17.188381339542946,5318.125638432404,-9.058097949741295
1810,2596,2466,5300.188467185852,-35.63342392024106,-33.88873654177474,5300.24227496405,-35.687231698439064
1809,2596,2464,5342.141604280321,-19.669003400546444,-25.169602747438596,5342.171142129514,-19.69854124973881
1808,2596,2460,5353.925355414931,1.9349486841474572,-11.483884330201379,5353.931515714066,1.9287883850115577
1812,2597,2461,5343.188231913201,29.966776754281,5.360751093540244,5343.189584089334,29.965424578147122
1815,2597,2041,5246.70574509647,-0.7291388252269826,11.340025546488622,5246.711871710335,-0.7352654390915632
1813,2597,2466,5298.499888368915,6.376520815198774,-55.53656732028837,5298.645587230359,6.230821953755367
1814,2597,2040,5207.891023683655,-18.129680275939563,-20.569369008489666,5207.911263619868,-18.14992021215312
1818,2598,2040,5302.324461617779,-19.4735488380677,-52.408529797232745,5302.4534869678555,-19.60257418814399
1816,2598,2464,5370.090036594602,-9.973383479463337,-22.535235251568157,5370.113634578525,-9.996981463387328
1817,2598,2458,5369.653502888003,0.02252022046809543,-48.65587468922752,5369.763722079802,-0.08769897133151972
1819,2598,2466,5227.461403814036,-54.990109487157724,-20.903022939093383,5227.482082406943,-55.01078808006423
1822,2599,2039,4999.676235868594,-232.21021001470103,-280.7165911521233,5003.438988182825,-235.97296232893177
1820,2599,2458,5506.052917181421,91.70297247636972,20.49157530736901,5506.0723056195175,91.6835840382737
1821,2599,2467,5561.463171195463,2.4574412772494725,-156.4112603431496,5562.563171966451,1.3574405062609003
1823,2599,2040,5001.313774405797,-104.71425553381118,-66.919888252997,5001.53302893825,-104.93351006626472
1824,2600,2467,5468.070653225346,-59.69095022278975,128.4526495965571,5468.816789613538,-60.43708661098208
1825,2600,2433,5456.092719387045,65.34009440158002,-7.648627793344337,5456.09543243482,65.33738135380418
1827,2600,2038,4954.965774721992,-277.7950474451384,238.7689850880549,4957.6880940714655,-280.5173667946119
1826,2600,2037,5036.9699153995725,-79.30179695924312,46.745162094289086,5037.07668575416,-79.4085673138311
1831,2601,2458,5466.187913871063,-26.024492728340874,29.510568020135345,5466.227554878855,-26.0641337361335
1830,2601,2467,5495.467246494207,112.42853102595882,56.6766797357678,5495.616426036539,112.27935148362576
1829,2601,150,5388.550374798758,76.82579442367819,7.8812420728124755,5388.553298234521,76.82287098791448
1828,2601,149,5344.677032223922,-56.12372853036845,-24.83392558719204,5344.705579870258,-56.15227617670462
3180,2602,2467,6996.469087998397,401.39993314041294,9.792063621555402,6996.472722700888,401.3962984379227
3179,2602,2039,6996.469087998397,401.39993314041294,9.792063621555402,6996.472722700888,401.3962984379227
3181,2602,2038,6996.469087998397,401.39993314041294,9.792063621555402,6996.472722700888,401.3962984379227
1835,2603,2467,5455.591716705084,98.65576625728454,-36.739082852139894,5455.654707207028,98.59277575533997
1834,2603,2433,5421.585859291554,-27.002513114269732,-22.738275067569006,5421.609582266507,-27.026236089222493
1833,2603,151,5350.543379207291,-52.037177218127226,28.241778911868096,5350.580287154289,-52.074085165125325
1832,2603,150,5393.620271612055,78.49886037206647,7.88543917834801,5393.623196292039,78.49593569208264
1839,2604,2035,5326.370623386219,0.8380258993202006,1.9366482308776678,5326.37079945341,0.8378498321299048
1838,2604,2034,5326.328677415903,0.6689828751441382,0.46571178000947266,5326.328687597152,0.6689726938952845
1837,2604,2471,5330.700319404483,2.116439544592822,0.5694102472585592,5330.700334616218,2.116424332857605
1836,2604,2472,5330.760904535485,2.291429206073417,2.0386589315319084,5330.761099531914,2.2912342096437897
1843,2605,2472,5327.658900244843,-7.117797843125345,3.610177179236877,5327.659511019132,-7.118408617413934
1840,2605,153,5332.20730583071,-5.748311529569264,1.2555806123842737,5332.2073796643435,-5.748385363203397
1842,2605,2471,5330.016686115264,0.036063468499150986,2.0651663061198944,5330.0168861587545,0.03586342500875617
1841,2605,154,5334.557659227259,1.373971490278791,-0.28410540491209973,5334.557663010923,1.373967706615531
1844,2606,152,5344.3760343302165,-20.25321612554876,8.35170510052562,5344.379284831442,-20.256466626774454
1847,2606,2469,5323.4298486183825,-27.030834166695513,15.333272949273404,5323.440834063868,-27.041819612181826
1846,2606,2472,5330.238656728477,-6.007849956713699,8.321508841247546,5330.241900931458,-6.011094159694494
1845,2606,153,5351.234740480222,0.5307419047699113,1.3876090318384475,5351.234830443094,0.5306519418977587
1851,2607,2036,5311.3806524505635,-0.5558320422594534,13.095895557744464,5311.38872399944,-0.5639035911362953
1850,2607,2035,5310.341420459178,-4.170565998314032,5.330263618509151,5310.342756974326,-4.171902513461646
1849,2607,2472,5333.354259944491,3.519961266402561,6.776826869129457,5333.356414109202,3.5178071016916874
1848,2607,2469,5334.703545222078,7.185712362815593,14.437992351131408,5334.7133272278315,7.175930357061134
1854,2608,2033,5331.4051088981,1.554283590109435,-1.202972834209948,5331.40517677728,1.554215710929384
1852,2608,2471,5330.695489319069,1.959731203819274,-1.3004750688396487,5330.695568664126,1.9596518587622995
1855,2608,2034,5331.636461786553,2.251009516470731,-1.5226083757019488,5331.636570539065,2.2509007639587253
1853,2608,2470,5330.4645103871035,1.2606648156463507,-0.9798864724686104,5330.464555430299,1.2606197724503545
1856,2609,154,5330.538855505752,0.04776626218131241,-0.31814337814181803,5330.538860252744,0.04776151518899496
1857,2609,155,5331.052311566261,1.6036937182695965,-0.4978908757021874,5331.052323194825,1.6036820897065809
1859,2609,2471,5330.017986409167,-0.0892478913431205,0.19587438339477606,5330.017988208698,-0.08924969087411228
1858,2609,2470,5330.531011807593,1.4648873266521605,0.01616553949031458,5330.531011819852,1.464887314392854
1863,2610,2033,5333.118330431072,2.0748045008865574,-1.8064855229431518,5333.118483468175,2.0746514637826294
1862,2610,2032,5332.894949473711,1.401382826208419,-1.2761328398211529,5332.895025836693,1.4013064632263195
1861,2610,2468,5331.330177885374,0.8976903320567544,-1.0637607744849882,5331.330230957379,0.8976372600513969
1860,2610,2470,5331.554124951237,1.5748138283258868,-1.5971160974518608,5331.554244594279,1.5746941852835334
1867,2611,2470,5331.622520669903,1.784879501242358,-0.6022250747532312,5331.6225376814455,1.7848624896996625
1865,2611,156,5331.138101516193,1.3398415863200626,-0.36840144404784575,5331.138107882271,1.339835220243458
1864,2611,155,5331.246297823107,1.667709183028819,-0.4963250895968299,5331.246309378364,1.6676976277722133
1866,2611,2468,5331.5146643286635,1.4584013040748687,-0.47482239521332703,5331.514674903426,1.4583907293126686
1869,2612,152,5398.006109450018,-2.5552913360143066,8.481005868893188,5398.009439076832,-2.558620962828172
1868,2612,151,5385.48189104842,-40.507468310554714,28.103734571874092,5385.518281398066,-40.543858660201295
1870,2612,2469,5336.153422613976,-22.709268939017193,21.777687286891,5336.175547910552,-22.731394235593598
1871,2612,2433,5325.429257480241,-60.73273971634694,41.34225964999839,5325.508588424069,-60.81207066017441
1875,2613,2037,5249.856235630809,-10.268658588079461,52.279584930577435,5249.98613214292,-10.398555100189697
1874,2613,2036,5247.645453530681,-21.433592708590822,17.054786474825406,5247.659254091335,-21.447393269245822
1873,2613,2469,5347.395534858545,11.619185079034423,21.225419255077192,5347.416643157075,11.598076780504925
1872,2613,2433,5354.39886182036,23.709136441926375,54.417791027203045,5354.537737790764,23.570260471522488
1878,2614,2031,5333.306887689068,1.0642988061224514,-0.9535933275481384,5333.306930323111,1.0642561720801496
1877,2614,2432,5332.201084981534,0.7061215949008783,-0.7839984794587547,5332.201113803358,0.7060927730776712
1876,2614,2468,5332.376507720495,1.2370176585970967,-1.1613709817533249,5332.376570970695,1.2369544083981054
1879,2614,2032,5333.481329322964,1.5916823531606497,-1.3284536016585726,5333.481412069845,1.5915996062799422
1883,2615,2468,5332.561381168682,1.7983131249197868,-0.5729803571419936,5332.561396565468,1.798297728133548
1882,2615,2432,5332.3497725278885,1.1573037818898229,-0.4473566388700803,5332.349781912653,1.1572943971245877
1881,2615,157,5331.979179251431,1.0428255381791587,-0.23512727984727816,5331.979181844073,1.0428229455374094
1880,2615,156,5332.191959703966,1.6876147882849182,-0.36144843273369015,5332.191965831199,1.6876086610518541
1887,2616,2031,5333.499983710459,1.1341637230930246,-0.7931354321916496,5333.500013203175,1.1341342303762758
1886,2616,2030,5333.4080168395285,0.8558158071207345,-0.5990649385007855,5333.4080336644365,0.8557989822129457
1885,2616,2431,5332.835189591969,0.6685808570246081,-0.5081665014405002,5332.835201699298,0.6685687496951687
1884,2616,2432,5332.927761674869,0.9488851993753542,-0.7036042565380575,5332.927784886651,0.9488619875924087
1891,2617,2432,5333.07648224905,1.3999274608477208,-0.36712850196832886,5333.076488568982,1.3999211409154668
1890,2617,2431,5332.940995334788,0.9894399827280722,-0.2960678236645108,5332.940999444734,0.9894358727810868
1889,2617,158,5332.7306010402235,0.9225647289968038,-0.1595236953886875,5332.730602233431,0.9225635357897772
1888,2617,157,5332.866967216668,1.3357955667077022,-0.23104188504939083,5332.866969719718,1.3357930636580022
1893,2618,160,5333.179845474639,0.7988130932446893,-0.22068679822548384,5333.179847757983,0.7988108098993507
1895,2618,2030,5333.445353776589,0.8738164178485022,-0.307416318855811,5333.445358207135,0.8738119873037249
1894,2618,161,5333.44998577746,0.8879593931758336,-0.21599264007262967,5333.449987964627,0.8879572060086502
1892,2618,2431,5333.175166832622,0.7845632831920284,-0.3127734433296302,5333.175171419084,0.784558696730528
1896,2619,158,5333.174650960035,1.069101202534739,-0.15848110372405672,5333.174652137632,1.069100024938507
1899,2619,2431,5333.280938135394,1.105248445631787,-0.1007059774969151,5333.280938610889,1.1052479701361335
1898,2619,160,5333.337776571129,1.277513994827359,-0.06512521969346585,5333.337776769988,1.2775137959688436
1897,2619,159,5333.231896883511,1.2425736979134854,-0.12264611904165838,5333.231897588786,1.2425729926389977
1903,2620,2485,5394.30044275229,96.73787970062767,-98.94034838262502,5394.762369294783,96.27595315813505
1902,2620,2486,5390.068478472742,83.18322806807168,-91.05042141102244,5390.458988576853,82.79271796396097
1901,2620,2484,5371.111492673056,78.43998667368396,-88.27568457105734,5371.479551346682,78.07192800005805
1900,2620,2483,5375.862242447776,90.29035813185601,-95.17440823650941,5376.290646131547,89.86195444808527
1907,2621,2481,5338.069726068762,19.904947018550047,-50.557791919608206,5338.189881831151,19.784791256160588
1906,2621,2480,5346.763954453559,52.376555981102456,-62.65277950285313,5346.949303251602,52.19120718305976
1905,2621,2486,5394.602470045328,96.44051711913562,-85.75886809158781,5394.949481983267,96.09350518119618
1904,2621,2485,5376.146968361849,38.45767683690042,-63.61722048552068,5376.336517003898,38.26812819485167
1910,2622,2480,5353.436526637404,7.412019780110995,-52.312161131952216,5353.564495406288,7.284051011226893
1911,2622,2486,5404.725572519861,89.61793976301442,-86.36334884657434,5405.0763714264785,89.26714085639742
1908,2622,2484,5368.282176673224,93.39942217049747,-49.1797042075246,5368.396804374941,93.28479446878009
1909,2622,2482,5341.90937250311,22.860004399964055,-37.574443408953236,5341.975729340905,22.7936475621691
1915,2623,1019,5431.874052432657,141.62184921823382,-162.79367065997175,5433.126143413478,140.3697582374134
1912,2623,1018,5392.813196557283,128.73176677936044,-153.96548520210004,5393.938763446131,127.60619989051247
1913,2623,2483,5381.040949590994,96.38088856273953,-137.82529642769518,5381.939426648741,95.48241150499325
1914,2623,2485,5421.987847810437,110.83698698055241,-147.5265819220015,5423.012103030669,109.81273176032164
1916,2624,1019,5407.019349858725,63.54627642267337,-111.79761252947216,5407.604050974178,62.961575307220755
1917,2624,2485,5411.643537380007,77.6546445619515,-113.54100745854389,5412.247686575323,77.05049536663455
1918,2624,2481,5407.08692262427,74.19606194347534,-109.8436863341207,5407.652486231977,73.63049833576906
1919,2624,1020,5403.27804240481,62.31164496288147,-108.45762623619689,5403.828590910403,61.761096457287294
1923,2625,2484,5378.679518551225,100.68834418201959,-71.01215797579039,5378.918364080946,100.44949865229864
1920,2625,2050,5359.3333713997545,92.63545582041797,-64.0992266225141,5359.528396763839,92.44043045633407
1922,2625,2482,5370.032054288341,81.39089076903497,-63.98437742411204,5370.225575205453,81.1973698519223
1921,2625,2049,5352.858389282471,72.1404885481536,-57.3204995015094,5353.013933611324,71.98494421929945
1924,2626,2051,5364.0040308295,138.29235715562004,-112.07145309084287,5364.604837356352,137.69155062876825
1927,2626,2483,5399.817037175873,152.1418580664215,-124.46129227686075,5400.5549084679415,151.40398677435314
1926,2626,2484,5385.456397698314,113.50745146626969,-110.97962699063063,5386.040390143227,112.92345902135685
1925,2626,2050,5350.5007250179915,98.99471146462838,-98.63037944859522,5350.9637871385985,98.53164934402139
1931,2627,1018,5426.804812284683,224.49088954040076,-189.38275814031934,5428.527793392594,222.76790843248955
1930,2627,2483,5404.3263650957515,161.0092998963919,-166.7079382567542,5405.65112365943,159.6845413327137
1929,2627,2051,5340.794610221412,136.5711881950108,-145.4750520468547,5341.811037484169,135.55476093225388
1928,2627,26,5365.346306624713,204.20958267260994,-169.7716460489332,5366.742056285828,202.8138330114948
1934,2628,2477,5348.5495646910695,36.94887453381125,-22.503454809722623,5348.573399464969,36.925039759911215
1933,2628,2047,5349.612659350979,37.71770400199489,-15.905425335906306,5349.624565741739,37.70579761123463
1932,2628,2048,5357.114752521478,60.57167851055874,-15.875163267528272,5357.1266480276245,60.559783004412566
1935,2628,2487,5357.155865489116,63.65099615900567,-23.761864896972718,5357.182531346287,63.624330301835016
1936,2629,2049,5360.627176822759,58.78440238135295,-34.844356287726846,5360.68442654265,58.72715266146179
1937,2629,2048,5362.746142444636,70.65933948430052,-37.31367670980366,5362.811914852449,70.59356707648612
1938,2629,2487,5347.91906980055,63.48095061088111,-30.714783116820954,5347.963700370209,63.436320041221734
1939,2629,2482,5351.458175758244,53.39368679762674,-30.62975104674624,5351.502445406713,53.349417149157034
1943,2630,2482,5357.753414588737,50.14284261810735,-28.582630452919105,5357.791895220911,50.10436198593334
1940,2630,2487,5363.451364104578,88.75118898196433,-21.36800556390303,5363.473004661072,88.72954842547006
1941,2630,2477,5337.159921216331,17.825493250923273,-11.185690229672,5337.165801629064,17.819612838191006
1942,2630,2478,5343.022717416059,13.00951228398526,-21.82134521659628,5343.045051746831,12.987177953212722
1944,2631,2482,5344.165536753735,53.99615253053571,-11.45012667515313,5344.171732455508,53.98995682876239
1945,2631,2478,5333.792067269604,8.973843669947883,-12.085143573908583,5333.798924335,8.966986604551948
1946,2631,2479,5321.200769872451,5.918317371947978,-24.40923973146219,5321.2287932112085,5.890294033190003
1947,2631,2480,5331.27457354729,39.89875879510896,-21.611162898289326,5331.296639661592,39.87669268080708
1948,2632,1020,5390.223391140142,10.193288230698727,-53.9692721626926,5390.358734670316,10.057944700524786
1949,2632,2481,5405.78408087757,61.93907434505854,-73.5829431635132,5406.037371948536,61.685783274092046
1951,2632,1021,5343.628156455523,-5.1831392152255376,-40.36807961953945,5343.704320978721,-5.259303738422659
1950,2632,2488,5360.963715478319,49.02811993071373,-61.10765507590026,5361.139452829951,48.85238257908168
1955,2633,30,5234.193129183866,-31.923223620205363,20.14021369613777,5234.212385629096,-31.942480065434665
1954,2633,66,5251.242641555099,19.741965383530214,-29.735017834092265,5251.284893491944,19.69971344668602
1953,2633,2488,5378.603902196602,104.75784851666663,-89.25916081269827,5378.981550085647,104.38020062762189
1952,2633,1021,5348.501981958934,5.798697795567023,6.851511223642779,5348.504178561677,5.796501192824508
1959,2634,2488,5295.878908622208,29.61655406000432,-47.67538951292888,5295.986807547644,29.50865513456756
1957,2634,2480,5334.527399250169,-0.17611203500223382,-31.514271993322268,5334.573940762397,-0.22265354723049313
1956,2634,2481,5353.852235813234,52.71086800246576,-18.657004627582893,5353.868651275474,52.69445254022594
1958,2634,66,5307.541616962235,-15.614408996104885,-45.35228929796539,5307.63821345551,-15.711005489379659
1961,2635,2479,5323.410971052534,17.914414249790752,-18.685349914802984,5323.427422915947,17.89796238637655
1960,2635,2480,5313.393779034725,22.682449570355402,21.923393512779956,5313.416490211446,22.659738393635052
1962,2635,65,5220.048447486571,-16.56311034812461,-23.11475519680067,5220.073954882881,-16.588617744434032
1963,2635,66,5222.729383969469,-8.43906039994522,13.587048415781881,5222.738206452213,-8.447882882688646
1967,2636,2478,5335.443862982024,25.287583501057725,1.8595881313740303,5335.444025786456,25.287420696625304
1966,2636,2490,5333.566849067653,18.11007986583695,-0.7925554156258581,5333.566878610931,18.110050322558436
1965,2636,2489,5340.743719490032,21.03143105526442,1.4910380393727718,5340.743823969104,21.031326576192896
1964,2636,2477,5342.163057869644,28.61429056132988,4.187122871074091,5342.163882741871,28.613465689102668
1971,2637,2479,5302.97085755752,-3.844444449579214,18.26409558093282,5302.986572076521,-3.8601589685804356
1970,2637,2476,5305.138180183055,12.09651376289321,10.010189216077125,5305.142912990997,12.091780954950991
1969,2637,2490,5344.657858930354,47.306074310974964,-9.760052516456254,5344.6623545041875,47.30157873714188
1968,2637,2478,5326.695148253615,4.427559682714218,12.979342645250549,5326.703061379094,4.41964655723541
1975,2638,2490,5317.297348153902,14.505210785683403,5.159411618685211,5317.298603130585,14.503955809000217
1972,2638,2489,5334.153149116044,22.46905890379503,14.589280194856615,5334.1631669696835,22.45904105015552
1973,2638,2475,5330.141809141058,1.6645797982766908,11.963875095887452,5330.148524667875,1.6578642714589478
1974,2638,2476,5320.340975081484,-2.319701242438896,6.493894284562141,5320.342955794226,-2.321681955180793
1976,2639,2479,5313.089851758249,20.81724604529927,25.05952720530038,5313.119516537001,20.787581266548386
1979,2639,65,5238.9372646339625,-3.9314239790010106,21.781656641346153,5238.9598876742775,-3.9540470193160218
1978,2639,64,5236.864532168666,-10.21243144959658,-5.1248686162530985,5236.865783545016,-10.213682825946307
1977,2639,2476,5299.709308067759,10.38983210229685,-4.133420141932594,5299.7101155988385,10.38902457121776
1983,2640,2489,5339.016460278408,21.007529195415827,6.613861526797613,5339.018516647058,21.005472826766436
1981,2640,2045,5344.348307049038,13.592229252900779,7.769245902427564,5344.351137845879,13.58939845606119
1980,2640,2046,5347.205361353273,23.842767038395095,10.200866319517372,5347.210248188252,23.837880203415352
1982,2640,2475,5337.495931351313,11.027849222197347,4.743231288572863,5337.4969873155205,11.026793257989993
1987,2641,2477,5348.969575053031,38.100005622940216,-6.538477540025183,5348.971587514068,38.09799316190265
1986,2641,2489,5344.140909730947,22.187370136444542,-7.0115001220816815,5344.143219085598,22.185060781794164
1985,2641,2046,5347.143352600998,23.34493929966925,-2.5448442491908687,5347.143656718067,23.34463518259963
1984,2641,2047,5352.227378821885,39.47720071438789,-1.7497978584362548,5352.227522899451,39.477056636822
1989,2642,2043,5335.294612215878,4.999417470771277,17.34545702443953,5335.308723258133,4.985306428515742
1990,2642,2491,5325.9149711367745,1.288024604345992,15.645856165331965,5325.92646453759,1.2765312035307943
1991,2642,2492,5325.362237742265,3.7086424364026698,19.577735654275745,5325.380243726197,3.690636452471608
1988,2642,2044,5334.7834032647015,6.985057097969047,20.595254446199153,5334.803306557468,6.965153805202135
1994,2643,2492,5328.351397486825,2.7635147871108074,10.951011204261892,5328.357027124447,2.7578851494881746
1992,2643,2045,5343.024854967185,14.187647855070963,17.753657431721113,5343.039642033544,14.172860788713024
1993,2643,2044,5340.857569839707,7.382385494845721,13.517340361057988,5340.866134527398,7.37382080715588
1995,2643,2475,5331.367869772902,10.125447374071427,15.515047978302189,5331.379178983377,10.11413816359618
1996,2644,2492,5326.262525416065,10.116284921409715,22.93247192044484,5326.2872564805475,10.091553856927476
1997,2644,2491,5325.243465644001,3.009962017266389,19.273435943330096,5325.260914338942,2.9925133223259763
1998,2644,2493,5315.69033204581,-0.7878998356188731,16.89791038303259,5315.703759104179,-0.8013268939889713
1999,2644,2495,5315.696353366691,6.076035148980054,20.386529979640354,5315.715922048064,6.056466467606697
2000,2645,2475,5329.900167222299,3.0137911467393224,22.04851200483895,5329.922982370079,2.990975998959584
2001,2645,2492,5331.1114733784925,9.64042719723102,14.778059656390639,5331.121733258902,9.630167316821826
2002,2645,2495,5302.5097306007265,0.9660434152694961,16.938122756001448,5302.523259644684,0.9525143713112811
2003,2645,2476,5313.058550131137,-2.2895174600557766,23.544714927026703,5313.084623253476,-2.3155905823941794
2004,2646,2495,5316.046520992126,16.33210901767825,24.999212041283307,5316.076001690408,16.302628319395808
2005,2646,2493,5316.471742134544,2.137872277714905,17.01522084716293,5316.485361762403,2.124252649855407
2007,2646,2476,5303.641163627872,3.431946996460283,17.586684569048995,5303.655752232311,3.4173583920214696
2006,2646,2494,5305.024021634902,-2.8106842230865823,14.089945722118644,5305.033372256752,-2.8200348449367993
2011,2647,64,5269.782426505478,-1.3534915337816074,18.711780885474944,5269.799032491659,-1.3700975199631102
2010,2647,63,5267.568576995213,-8.062126413370379,3.035470370952422,5267.569013629245,-8.062563047401909
2009,2647,2494,5318.928517209025,6.870970539396922,0.2522156517221279,5318.928520202815,6.870967545606618
2008,2647,2476,5303.1510765781,9.52519360446422,19.968035179695114,5303.169906819387,9.506363363178025
2015,2648,61,5329.430706627252,-5.598818334907719,-5.591181210944555,5329.432171534738,-5.600283242392834
2013,2648,2497,5344.374697442773,16.93602823020842,-14.297167745464266,5344.384289699493,16.92643597348888
2012,2648,2500,5336.904281473071,-6.090526499196812,-9.90376901354884,5336.908870872834,-6.095115898960103
2014,2648,60,5334.959233682066,11.154293952404032,-8.841531498912898,5334.962904582213,11.150623052257288
2017,2649,2496,5541.137737718097,79.64846500602152,-72.97347085056423,5541.381484868893,79.40471785522686
2016,2649,2499,5513.309799886455,-10.492507186153034,-0.12265001416014365,5513.309800567283,-10.492507866981214
2018,2649,2497,5342.5473250732275,14.088862126955064,-45.27274998735869,5342.643487261457,13.992699938725309
2019,2649,2500,5315.41166206362,-74.38254141799325,26.25381739642198,5315.443632618218,-74.41451197259175
2023,2650,2501,5377.419472020671,12.876756793588356,7.235259113868484,5377.42191160189,12.874317212368624
2022,2650,2500,5356.318447724016,-60.918070010765405,25.838846763915004,5356.3492587382025,-60.9488810249527
2021,2650,2499,5305.29187382444,-76.65542735004419,47.01371897982551,5305.394543336259,-76.75809686186358
2020,2650,2498,5316.194953471008,-13.32607247516762,33.71333614096577,5316.248268659098,-13.379387663258058
2026,2651,2501,5357.013038792471,3.6967878014909274,17.891552941028216,5357.027987786596,3.6818388073656934
2025,2651,2498,5317.988849032375,-10.400196343711741,24.086167073836435,5318.016068351188,-10.427415662525163
2024,2651,2474,5312.371386186075,-4.032272212083626,17.245507615654716,5312.385371521354,-4.046257547362529
2027,2651,62,5335.048824014249,4.337082820408341,13.482363734521076,5335.057348853426,4.32855798123137
2031,2652,62,5334.294125323183,-16.631437419043323,7.1118638754124675,5334.2964883996665,-16.63380049552643
2030,2652,61,5339.071473423354,-2.1546249942828126,-4.4336484387169195,5339.072393494642,-2.15554506557055
2029,2652,2500,5372.943615831732,6.0873999290924985,-6.725585239464848,5372.945722906956,6.0852928538683955
2028,2652,2501,5368.103672390376,-18.76696281769705,13.558241288032455,5368.112203577968,-18.7754940052896
2035,2653,2499,5558.583367336042,126.83553101210123,-1.3727212873705068,5558.583454065201,126.83544428294181
2034,2653,2496,5493.951490585725,-86.21299258538306,214.2576521029467,5496.0074082219235,-88.26891022158179
2033,2653,2039,4885.799726589602,-270.0254552002266,263.784185838615,4889.1714769614855,-273.3972055721106
2032,2653,2040,4985.950817296183,-71.75004604744095,72.99148813740577,4986.2141523620085,-72.01338111326595
2039,2654,2498,5317.013970883837,-9.479087992510586,33.18337712585863,5317.065652441542,-9.530769550215155
2038,2654,2499,5348.747691858262,48.99373570584635,59.33863215619512,5348.913782725433,48.82764483867595
2037,2654,2040,5289.323710154634,31.850967403187497,44.19549165741192,5289.416587810561,31.758089747259874
2036,2654,2041,5250.169554291066,-23.41183545075569,18.109577070189896,5250.185101401776,-23.427382561465038
2042,2655,2498,5319.028516528834,-4.864719140658735,23.984909604752485,5319.055530264099,-4.891732875923481
2041,2655,2041,5314.361007481005,-7.5750585602309,26.930801862302815,5314.395077011201,-7.609128090427021
2040,2655,2042,5315.811634183905,-0.9136967953429576,26.255189543651973,5315.844047499084,-0.9461101105212038
2043,2655,2474,5320.101622329503,2.3305972543810185,23.578626514778264,5320.127758698165,2.304460885719436
2044,2656,2496,5242.0247261252625,-19.09208554412112,-35.773296184698935,5242.0855361193335,-19.152895538191842
2046,2656,2504,5394.968291493904,79.85181841433382,29.829915936234634,5395.010144616152,79.80996529208642
2047,2656,2497,5380.128218170559,26.466566831214777,-18.466641441818894,5380.144142590797,26.450642410976798
2045,2656,2503,5246.5056564537135,26.509082944357942,7.0432287329866226,5246.508032271768,26.50670712630381
2048,2657,2497,5373.671773035208,11.839351374071839,10.201874393197967,5373.676625767388,11.834498641892424
2049,2657,2504,5381.267382355102,29.36498651702277,-21.689823049445398,5381.289358021762,29.34301085036259
2050,2657,59,5317.812831535901,0.20202913193770655,-0.6988499882505885,5317.812854496931,0.20200617090677042
2051,2657,60,5314.589644572686,-9.565204089924691,17.712273869115624,5314.604375726573,-9.579935243812542
2055,2658,2504,5233.076474454683,22.203231788760604,7.174969620742001,5233.078944298137,22.200761945307022
2052,2658,2503,5470.456362220327,116.46793139151487,81.50696807913597,5470.766551580162,116.15774203167939
2053,2658,2502,5468.06044855697,19.714588998123418,49.68543215747626,5468.173721048735,19.60131650635776
2054,2658,59,5345.84992980282,-40.31271375816095,7.688239585325202,5345.8526733607905,-40.315457316132324
2056,2659,2038,5003.522362515988,-248.54025547046172,-209.13290464640014,5005.603413899337,-250.6213068538109
2057,2659,2037,5043.622499419829,-86.90233645280227,-58.56822253378157,5043.789642404874,-87.0694794378469
2059,2659,2503,5586.370339404287,-60.158518964502946,-141.53183302254303,5587.257083942284,-61.0452635025008
2058,2659,2502,5513.411640124695,77.8482502380914,8.590345927629988,5513.41503416096,77.84485620182522
2060,2660,2039,6947.876969765792,405.27845309911754,306.711296511119,6951.469586353537,401.68583651137214
2063,2660,2496,5116.389578395434,-200.3634272200211,244.87086795228797,5119.207556675696,-203.18140550028284
2062,2660,2503,5237.675395386391,-170.64073285564405,-222.14906257769843,5239.955652611671,-172.92099008092464
2061,2660,2038,7044.497767649725,425.3336194008957,-229.7015466208345,7046.489972549663,423.34141450095785
2067,2661,59,5356.569094451951,-36.211739144990815,9.425064549151008,5356.573212539477,-36.21585723251701
2066,2661,58,5373.302501454269,14.495554801426806,12.117349533754757,5373.309351391834,14.488704863861585
2065,2661,2473,5361.48545971155,4.06330528529179,-8.135864433755355,5361.488548522269,4.0602164745719165
2064,2661,2502,5343.650497755019,-51.47375025314659,-9.926612831130246,5343.655063801804,-51.478316299931066
2068,2662,2037,5251.8142743309,-16.66122924138881,-45.077059424705084,5251.910692360141,-16.75764727062915
2069,2662,2036,5249.771226056143,-18.02264047959693,-6.909951062999385,5249.773492061817,-18.024906485270094
2070,2662,2473,5366.230053962142,20.36366407892774,-4.669045197447589,5366.231073440432,20.362644600637395
2071,2662,2502,5373.59095193925,23.478119477371592,-42.745686359127774,5373.676331659302,23.392739757319305
2074,2663,2509,5336.208376728348,1.9364645948703583,-2.112078361414091,5336.208585795064,1.9362555281554705
2072,2663,2034,5331.42634151678,1.5871041631226035,-3.5197573440078993,5331.426922617347,1.5865230625554432
2073,2663,2033,5330.976385637134,0.24794690708722555,-1.7296165212119756,5330.976525935654,0.24780660856822578
2075,2663,2510,5336.656014233027,3.2635326356175938,-3.8853579853491436,5336.656721850399,3.262825018246531
2076,2664,2035,5327.511086942753,4.097340860238546,-4.965603605074181,5327.512244903366,4.096182899624637
2077,2664,2034,5326.151994369985,0.07608079417377667,-1.550772668894252,5326.152107253084,0.07596791107516765
2078,2664,2510,5336.168143721441,3.2322487113219722,-2.7373007947546726,5336.168494973326,3.231897459436368
2079,2664,2507,5337.534686078997,7.216139202211934,-6.11704635497949,5337.536441051212,7.21438422999654
2080,2665,2510,5335.369487882044,-0.6200818363993221,-2.981696043010389,5335.369904417275,-0.620498371631129
2081,2665,2509,5335.5440207978,-0.06017716952578667,-1.1128229232506357,5335.544078821915,-0.0602351936404375
2082,2665,55,5340.970346773315,1.7484229287940707,-0.8627477973139903,5340.97038162548,1.7483880766294533
2083,2665,56,5340.787065717094,1.1930257887306652,-2.704492524766405,5340.7874081719365,1.1926833338879987
2087,2666,57,5349.275218621815,2.6036060428191377,-5.970428567538975,5349.276885359963,2.6019393046717596
2086,2666,56,5349.871222222468,4.409677559948477,-0.9647068831718992,5349.8712657481465,4.409634034269857
2085,2666,2510,5334.883019494795,-0.6201688670914791,-1.8307944972091166,5334.883176546917,-0.620325919213883
2084,2666,2507,5334.361030870841,-2.4408968531297432,-6.954488983230865,5334.363296501884,-2.443162484173172
2089,2667,2508,5334.974752673743,0.14827544037234475,-0.7731058387904696,5334.974780682744,0.14824743137160112
2088,2667,2509,5334.817536509193,-0.33256900515766574,-1.455952041633942,5334.817635840808,-0.33266833677316754
2090,2667,54,5336.954610030305,0.8122978758058252,-0.5998237243192024,5336.954626886512,0.8122810195977763
2091,2667,55,5336.797449332483,0.3360533369504992,-1.2755051246511444,5336.797525549342,0.3359771200916839
2092,2668,2033,5332.6849785906215,0.758165275389274,-2.3304476376892005,5332.685233235243,0.7579106307675829
2093,2668,2032,5332.528121028388,0.2891499707025105,-1.371752358033419,5332.52820925139,0.28906174770099824
2095,2668,2509,5335.4795615922085,1.6670986117862867,-2.4534099830092613,5335.4798437178115,1.666816486183052
2094,2668,2508,5335.324085010271,1.202124144094796,-1.5029538224622763,5335.324190879155,1.2020182752116852
2099,2669,54,5334.782323548529,0.09449337267210467,-0.6324123189140448,5334.782342291207,0.0944746299946928
2098,2669,53,5334.881982555074,0.39649036220043854,-0.4251113450926853,5334.881991024478,0.39648189279660073
2097,2669,2506,5334.275751976097,0.1921119988069222,-0.5272917613984937,5334.275765007229,0.19209896767415557
2096,2669,2508,5334.175411749582,-0.11253319869069855,-0.7364241850791944,5334.17543716631,-0.11255861541803824
2102,2670,2506,5334.470055170417,0.7796306319523865,-0.9854994842000846,5334.470100692802,0.7795851095679609
2101,2670,2031,5333.060118584987,0.316558458011059,-0.9398076908194107,5333.06015999137,0.31651705162812505
2100,2670,2032,5333.114244362838,0.478991085294183,-1.423750221409202,5333.114339393932,0.47889605420004955
2103,2670,2508,5334.523666090265,0.9407477749787176,-1.465604021247955,5334.523766772823,0.9406470924204768
2106,2671,2507,5335.7983456713055,7.212438046014995,-2.139992993294381,5335.798560529896,7.212223187424115
2107,2671,2473,5337.071327970516,9.912057106630982,-10.145296327292803,5337.076158262751,9.907226814395472
2105,2671,2035,5311.647280083034,-0.6340420535459543,-1.7030055584167685,5311.647416569964,-0.6341785404752045
2104,2671,2036,5312.680565437094,2.0131085633997827,-9.792687045799504,5312.68507977728,2.0085942232130947
2111,2672,58,5365.416592700045,4.2829002886207945,-11.233451959987823,5365.422477197228,4.277015791438771
2110,2672,57,5367.167800140001,9.589589500611737,-0.22001729470416123,5367.16780239884,9.589587241773188
2109,2672,2507,5332.751754584548,-2.1458191452029496,-2.9541003347912063,5332.7521635290495,-2.1462280897048913
2108,2672,2473,5331.537542552932,-7.495725331039694,-14.447457970359757,5331.5473162633225,-7.505499041430085
2115,2673,53,5333.747528564886,0.029302685125458083,-0.26711676126731004,5333.74753190924,0.029299340772013238
2114,2673,52,5333.806757937341,0.20878563196038158,-0.25148350144317994,5333.806760901754,0.2087826675474389
2113,2673,2505,5333.760748469191,0.1923422995025703,-0.31028569045651333,5333.760752981986,0.19233778670695756
2112,2673,2506,5333.701043764108,0.01139740025428182,-0.32603623542592447,5333.70104874657,0.011392417792194465
2117,2674,2030,5333.2450916308835,0.36217309051176017,-0.5590060882066068,5333.245106279986,0.3621584414086101
2118,2674,2505,5333.886726865556,0.5737461709991294,-0.565433614753325,5333.886741852262,0.5737311842935924
2119,2674,2506,5333.894943194855,0.5983452114185184,-0.7840541028571597,5333.89497201103,0.598316395243728
2116,2674,2031,5333.253402930825,0.38697331423736614,-0.7793234130931056,5333.253431402614,0.3869448424488837
2121,2675,162,5333.414019848009,0.04871790890342709,-0.05536085017780422,5333.414019991672,0.048717765240326116
2120,2675,2505,5333.426927084251,0.08783724883937793,-0.04783387270435182,5333.426927191504,0.08783714158607836
2122,2675,51,5333.392269633089,0.041540337979995456,-0.06804472273725953,5333.392269850124,0.04154012094568316
2123,2675,52,5333.405078410141,0.08035481389492816,-0.06057516267005856,5333.405078582142,0.08035464189379127
2124,2676,2030,5333.282556422448,0.38053777835625624,-0.2673645385410243,5333.282559773522,0.38053442728232767
2125,2676,161,5333.2458821929695,0.26951208378886804,-0.17445559018499324,5333.245883619695,0.2695106570640746
2126,2676,162,5333.516383839027,0.35877762698783044,-0.2107298733609374,5333.516385920678,0.3587755453372665
2127,2676,2505,5333.552770938775,0.46896192355916355,-0.30293618615862744,5333.552775240711,0.4689576216237583
2128,2677,2290,1369.201007495898,730.2863805787904,-993.5439483042195,1640.3665596844007,459.12082839028744
2129,2677,2016,1514.930948828379,1110.3653821124612,-1143.0164680943271,1918.8989271414885,706.397403799352
2130,2677,2015,1162.809067340766,994.1651612215489,-1039.9193319133897,1605.239661488653,551.7345670736623
2131,2677,2511,1046.6922570240288,628.4564237957876,-900.5963966359184,1334.060765659814,341.08791516000235
2132,2678,2304,3690.9772454389113,72.1333358758327,-487.26379090694894,3707.305632551822,55.80494876292255
2133,2678,2313,3737.4739924019523,153.06486603106396,-583.9374601116809,3761.1006261159196,129.43823231709666
2135,2678,2512,3381.1087843279697,-32.78453013960143,-456.4884333123893,3396.301004501751,-47.97675031338281
2134,2678,2312,3469.0617540331596,92.05572763940927,-599.4634124008646,3495.458598343057,65.65888332951181
2139,2679,2303,3207.5535832874775,-3.140134440443262,-666.1971694088032,3241.747271161066,-37.333822314031295
2138,2679,2311,3253.19516466378,41.59510377665265,-774.0421611161315,3299.1757051705117,-4.385436730078936
2137,2679,2312,3536.1789586697028,129.04524691712004,-762.7115072382768,3578.3418193471093,86.88238623971347
2136,2679,2512,3489.451980421325,86.65705076609788,-664.5144689720378,3521.590844370852,54.51818681657073
2143,2680,2375,3081.3850935941928,-100.3891138545041,-616.1056101408637,3110.9356799734187,-129.93970023373004
2141,2680,2512,3401.1097188601157,41.040767507916144,-718.4674536418044,3439.087091206579,3.0633951614531725
2140,2680,2513,3386.2894778469345,-9.397378965427833,-609.1477964750972,3413.3917201416225,-36.49962126011587
2142,2680,2303,3129.408477999464,-43.95542184002852,-715.3422213786048,3169.2222193198904,-83.76916316045504
2145,2681,2304,3355.2998786508206,-34.04923368795835,-529.5242987608136,3375.8573321735457,-54.6066872106835
2144,2681,2372,3333.0714002819036,-89.19676731645995,-541.4605676728958,3354.356070515773,-110.48143755032925
2146,2681,2512,3382.0975173102706,-27.050671183378427,-511.1989001104734,3401.154451342388,-46.10760521549582
2147,2681,2513,3346.7496594967733,-133.2796560799659,-528.9538588722079,3366.7347333908624,-153.26472997405517
2151,2682,2336,4289.815238793742,1118.580229777871,-205.33091778627886,4293.135450828438,1115.260017743175
2150,2682,2339,4371.595889336181,1344.101359460159,-265.64650313253634,4377.411982163797,1338.2852666325437
2149,2682,2318,4417.939319254318,1243.794880608806,-271.98170154820644,4423.754961910654,1237.9792379524702
2148,2682,2514,4360.076513378248,1125.4163305233567,-234.33372069088438,4364.31501371617,1121.1778301854347
2154,2683,2336,4276.417712519883,1141.102704014592,-151.27505237652298,4278.2413601156795,1139.279056418795
2153,2683,2514,4268.995696923489,1110.8742722254174,-208.30581425299883,4272.426868075644,1107.4431010732626
2152,2683,2317,4213.784652609282,945.1453385562254,-195.71401801082473,4216.711689137147,942.2183020283601
2155,2683,2337,4206.406640484642,929.6210520295392,-145.11015569530986,4208.012379030289,928.0153134838922
2159,2684,2515,4327.614610709981,1065.11806581867,-117.94326020960585,4328.6802111191,1064.0524654095507
2158,2684,2516,4341.505215788676,1159.4220826637543,-28.835694504882728,4341.570540936802,1159.3567575156287
2157,2684,139,4216.652896205143,1131.5602319715676,-31.261191712947355,4216.73208645397,1131.481041722741
2156,2684,138,4198.1758246705685,1075.5691061092198,-82.14212938985342,4198.715931316072,1075.0289994637174
2163,2685,2514,4284.9034421297065,1119.02344183977,-125.90441933242539,4286.154726129684,1117.7721578397927
2162,2685,2318,4325.720196504499,1191.3813004578465,-156.96258305400173,4327.684073580567,1189.4174233817776
2161,2685,2516,4385.396707694859,1210.1455405545764,-173.9900970382025,4387.778398344956,1207.7638499044795
2160,2685,2515,4355.457635405756,1135.4587755290372,-144.16073205457238,4357.070362150409,1133.8460487843843
2167,2686,2317,4121.816337230366,941.7388446736072,-35.4360508490545,4121.91505139101,941.6401305129641
2166,2686,2514,4203.283485091931,1102.6104592732077,-96.76423494630849,4204.038243691485,1101.855700673653
2165,2686,2515,4409.518775615275,1147.6243268319092,-159.4689796866722,4411.46666041509,1145.676442032095
2164,2686,138,4229.932136633433,961.1609727421871,-67.24121724064331,4230.277901360937,960.8152080146838
2169,2687,140,4435.920924247001,1080.8689564562578,-51.70964811917688,4436.120155805962,1080.6697248972964
2171,2687,2516,4507.097607191641,1254.7352734901347,-93.47972967971408,4507.769169503957,1254.063711177819
2170,2687,2517,4449.818120752603,1082.004557365574,-83.68050083786594,4450.337845615112,1081.4848325030655
2168,2687,139,4481.489782033793,1218.9564042950217,-59.018402224296146,4481.756667187684,1218.6895191411306
2172,2688,2516,4508.874274024775,1248.3416227384535,-221.0273658320488,4512.61577169144,1244.600125071788
2175,2688,2318,4558.826552286193,1263.0666600456475,-253.694711328325,4563.701448380682,1258.1917639511582
2174,2688,2164,4514.292234398272,1123.289411761075,-230.70938404940776,4518.21182470213,1119.3698214572169
2173,2688,2517,4463.117721887424,1111.8491718152593,-197.0660512691499,4466.012261264845,1108.954632437838
2179,2689,2517,4777.709493103145,1185.1563972624958,-126.339884519044,4778.819903579268,1184.045986786374
2178,2689,2518,4644.422510116794,779.7777760227274,-135.920406144329,4645.617228433079,778.5830577064428
2177,2689,141,4691.769344787999,869.6506274005014,-56.35450903353082,4691.977060608711,869.4429115797896
2176,2689,140,4801.256429947144,1201.4296733373053,-46.775587800725816,4801.408372208274,1201.2777310761755
2183,2690,2164,4832.680183586465,1212.5942730521278,-324.6966779882955,4839.946360824404,1205.3280958141897
2182,2690,2052,4715.5555268244725,873.1487344105468,-293.86120676657526,4721.165845486632,867.5384157483879
2181,2690,2518,4679.493620363139,876.0037700908882,-216.00198027873247,4682.557865236464,872.9395252175632
2180,2690,2517,4791.4662938709735,1212.803004496738,-237.65880936699637,4795.407679733343,1208.861618634369
2186,2691,2451,5191.955269582243,565.1245420271712,-150.16715290246455,5193.173394894213,563.9064167152014
2187,2691,2520,5237.947882354896,730.8075494024013,-214.84709047663762,5240.5067709868335,728.2486607704641
2184,2691,2519,4905.682002529547,581.8258127658416,-107.90766699744772,4906.355143102046,581.1526721933437
2185,2691,142,5039.730137969955,480.9851720772033,-95.7119761858097,5040.232456763682,480.48285328347583
2189,2692,2519,4837.490137682361,577.8496456868825,-145.81663257285572,4838.73767635164,576.6021070176034
2188,2692,2518,4955.822646944271,967.3579203395287,-208.60539721390484,4958.548413342984,964.6321539408154
2190,2692,2520,5017.621508290875,682.6406432559684,-257.8508717158069,5021.452457574339,678.8096939725046
2191,2692,2052,5090.135689885642,995.1087818211557,-293.8409373286774,5095.400102198317,989.8443695084802
2195,2693,2518,4941.775081917664,876.5676524372452,-101.21400728344953,4942.40498139725,875.9377529576589
2192,2693,141,5078.863766825518,997.3917866728827,-9.443646345946776,5078.869229458692,997.3863240397088
2193,2693,142,4988.796742343466,724.4614094545423,-51.9853118660133,4988.955171034003,724.302980764005
2194,2693,2519,4779.605779816086,416.5542010326267,-180.69262521801102,4781.47579191873,414.684188929984
2196,2694,2520,5205.714997554003,636.6075182176396,-225.2732417435058,5208.490005091453,633.8325106801899
2197,2694,2451,5147.7996158656215,452.6386298028665,-206.5765403359133,5150.070743259614,450.36750240887477
2199,2694,2453,5264.359418437443,673.160646259709,-277.5582050367911,5268.55049687081,668.969567826342
2198,2694,2456,5156.386430649356,281.2412250476625,-253.6033993001708,5159.68229316151,277.9453625355086
2200,2695,2052,4983.080196034656,730.1946557652057,-348.0498225733139,4990.189282407424,723.0855693924373
2203,2695,2053,5166.561070678273,862.6769115449355,-423.6946309172121,5176.963551739428,852.2744304837797
2202,2695,2453,5223.936595742722,681.6784459772678,-339.0210077063374,5230.2536971052705,675.3613446147197
2201,2695,2520,4978.499739022686,582.5162332839577,-275.84844886225187,4982.822867673825,578.1931046328195
2207,2696,2521,1465.1354752036093,438.95190796505636,-973.914736464126,1659.4266549734066,244.66072819525914
2206,2696,2290,1557.2963305958137,682.0250522399558,-1103.3545226800597,1823.8430210444594,415.4783617913099
2205,2696,2306,1905.4424271003145,791.2954087018772,-1174.0987122261145,2157.6635744782207,539.0742613239706
2204,2696,2307,1782.1680709807122,536.19509421319,-1037.167260371462,1969.7623288556697,348.6008363382326
2210,2697,2511,1285.2944886269838,702.0537283651199,-1005.275265132434,1574.782562899772,412.56565409233167
2208,2697,2521,1508.0028017142663,575.0340256444854,-953.9247233719362,1708.6771494726972,374.3596778860548
2209,2697,2290,1593.1359444015698,800.3825931543606,-1070.668983283717,1862.8654817199158,530.6530558360146
2211,2697,2291,1227.3650511449412,484.3558998642262,-893.7927356120954,1437.0076283668864,274.71332264228124
2212,2698,2522,1615.385522509001,447.0947284347995,-917.3231834962377,1773.9354200743032,288.54483086949733
2213,2698,2521,1680.6101774127617,629.4308582765532,-1034.4945954704506,1892.4411964666422,417.5998392226727
2214,2698,2291,1358.8127293499213,525.0110092315784,-979.5665246135221,1585.1023318707933,298.72140671070633
2215,2698,2292,1306.8096282320653,348.1390098274477,-865.4242373997702,1473.2313293036027,181.71730875591027
2217,2699,2307,1982.39280599732,594.3498523636662,-1106.989491706286,2176.0774990193904,400.6651593415961
2216,2699,2299,1902.783108085052,405.2613346263325,-980.1496057832562,2048.905553374456,259.1388893369283
2218,2699,2521,1634.0606865173932,485.74345923912347,-1053.645661088168,1839.132724481809,280.6714212747079
2219,2699,2522,1565.2262484010992,294.0661424168558,-924.3042741759411,1715.4875289976649,143.80486182029017
2220,2700,2523,1689.775844333142,332.71576817893026,-877.9272367822898,1819.386926880377,203.10468563169513
2221,2700,2522,1739.7958943364024,484.48042647624584,-985.3916720837922,1910.0751364985865,314.2011843140615
2223,2700,2293,1385.2013686263363,231.24145657007608,-828.9436264442396,1518.6387220817624,97.80410311465005
2222,2700,2292,1427.523487545454,384.07445479781893,-937.8435881853146,1607.286048715172,204.31189362810073
2227,2701,2523,1640.387624618063,183.0536188896275,-877.4385463345789,1762.2676232249905,61.17362028269997
2226,2701,2522,1690.5166826234315,335.1645985821872,-994.0101518186751,1853.2327296947892,172.44855151082936
2225,2701,2299,2014.7748219078776,442.0013540035767,-1041.3618394782707,2171.527905541817,285.24827036963757
2224,2701,2356,1964.8097052122434,290.8903639583091,-925.576365304121,2084.2361450335607,171.46392413699175
2231,2702,2294,1458.936068497329,148.160628493554,-799.6839847727532,1571.2766092783695,35.82008771251333
2229,2702,2523,1783.8841798726855,364.94066888519865,-936.5969127810394,1924.5027819887184,224.32206676916553
2228,2702,2524,1740.234886618278,235.45406491995772,-835.5174721134837,1848.4336297151194,127.25532182311656
2230,2702,2293,1491.2290458987593,267.52453666380814,-893.8805036759159,1637.0830471571776,121.67053540538984
2233,2703,2356,2015.9844901367778,308.54365872615875,-972.4274955578535,2144.731558229928,179.7965906330088
2232,2703,2360,1992.1100836044027,198.1036862697158,-873.1824848637034,2092.7173557059027,97.49641416821578
2234,2703,2523,1734.4104333839005,215.03518736035545,-935.8826196333962,1866.96400757737,82.48161316688572
2235,2703,2524,1694.3689570493832,96.55801650463218,-832.0367503800019,1796.1972093203872,-5.270235766371911
2239,2704,2295,1514.0288835549277,66.56343040604764,-764.8263155645712,1608.8490769312336,-28.25676297025825
2238,2704,2294,1579.5441417155462,180.57911963445315,-851.8357826336716,1699.0132979883815,61.10996336161759
2237,2704,2524,1833.6351106137722,259.5248049143526,-883.5022370478114,1949.131820176634,144.0280953514906
2236,2704,2525,1767.8314069889066,134.23392970058882,-787.0406474154576,1857.6849857309244,44.38035095857083
2243,2705,2525,1741.8311412098146,40.66095455784932,-802.3386395964908,1831.688403446233,-49.19630767856893
2242,2705,2524,1791.5813611081085,132.59462304358556,-878.6504704511892,1900.7391048832178,23.436879268476332
2241,2705,2360,2006.8908612145885,206.05601376684473,-908.7422914640979,2115.039089800664,97.90778518076922
2240,2705,2362,1999.9850501604749,107.52891850968388,-818.7917773326333,2084.7528845270017,22.761084143157177
2247,2706,2296,1615.8352140048225,6.156045454374635,-745.4056589387327,1697.9421644828421,-75.95090502364508
2244,2706,2526,1807.279407332475,41.443610565683684,-741.7746317743326,1882.0156304207821,-33.29261252262347
2245,2706,2525,1925.9855430936932,161.22669043530118,-835.0975813767523,2019.7928020938793,67.4194314351148
2246,2706,2295,1693.1509382847585,97.2625105563626,-818.9667995215879,1792.0855474055895,-1.6720985644685697
2248,2707,2361,1964.38076027758,16.47105714996667,-786.3978438120905,2040.7560687457287,-59.90425131818188
2251,2707,2526,1837.463213066684,-9.050237849923633,-782.2986514451528,1916.9032394317896,-88.49026421502924
2250,2707,2525,1911.1106504014874,70.4257632284432,-839.1273037699069,2002.2344056816646,-20.697992051733877
2249,2707,2362,2129.0186792294126,125.46281755710152,-855.6117393900829,2216.5418476564037,37.93964913011018
2255,2708,2297,1936.8735262682844,-119.90775950990655,-689.3516302394617,1993.097437914715,-176.13167115633723
2253,2708,2528,2064.138538894005,-46.16568704473332,-760.0737569293452,2130.4916691120657,-112.51881726279407
2252,2708,2352,2079.8349920314818,-67.03529314540594,-709.6096381010933,2136.952574867803,-124.152875981727
2254,2708,2527,1789.6302704034354,-136.58093094121784,-743.1161590155995,1858.8171692165636,-205.76782975434594
2259,2709,2527,1838.4369804245393,-120.1750594607413,-712.9957570174582,1901.3070579227874,-183.04513695898925
2258,2709,2526,1935.526076703821,-19.074062952907525,-818.3010059527372,2017.7162430609258,-101.2642293100123
2257,2709,2361,2143.233538874115,33.06593607190382,-813.5581001324819,2218.9331046799207,-42.633629733902126
2256,2709,2528,2120.6475604454163,-27.29275178940952,-737.4368729643829,2182.179575894721,-88.82476723871446
2261,2710,2526,1915.7620916603914,26.705616334021556,-768.8711956907974,1991.0006511787342,-48.532943184321084
2262,2710,2296,1814.5859455621185,5.100769651093174,-773.2710895903034,1893.7367435786236,-74.050028365412
2263,2710,2297,1764.1123804936785,-38.09363660181123,-735.6522788802987,1836.29386317614,-110.27511928427248
2260,2710,2527,1854.9354765921978,-40.742172560932545,-704.629921428568,1918.2960729597867,-104.10276892852141
2266,2711,2528,2045.360099811214,-161.0581136570703,-722.6235926399501,2103.019869109637,-218.71788295549322
2264,2711,2353,2283.5766576514243,-117.9051732107065,-672.1631543036686,2329.7236972873316,-164.05221284661388
2265,2711,2529,2283.036541354135,-77.37875438343258,-748.2336333252905,2340.913496651774,-135.25570968107127
2267,2711,2352,2066.1303485555036,-191.8424477997081,-653.6308861944975,2112.481612974011,-238.19371221821552
2268,2712,2529,2386.846384479421,-51.6975810330091,-727.1241119058822,2439.8957198119197,-104.74691636550756
2269,2712,2357,2343.415469554993,-20.116413680581104,-813.2815853826119,2411.4204969744883,-88.12144110007648
2270,2712,2361,2095.388957797326,-108.83863075708553,-784.0374278771249,2163.033039156845,-176.4827121166045
2271,2712,2528,2074.9316709493537,-161.28184360315265,-694.2052768706621,2127.569532398972,-213.91970505277095
2272,2713,2531,2414.4821680600417,-177.43882306270325,-635.5529750964901,2452.873763250648,-215.83041825330997
2273,2713,2530,2446.79831578391,-142.96113896773477,-701.8164189800781,2493.503501805815,-189.66632498964032
2274,2713,2529,2251.1075466051034,-210.3981217593888,-685.0355833595943,2297.880045426018,-257.1706205803032
2275,2713,2353,2254.9385199970475,-229.9602316882441,-628.5605133194264,2294.0711864981117,-269.09289818930847
2276,2714,2346,2581.7593476335537,-226.12256109931127,-579.3417874840325,2611.3313614779527,-255.69457494371
2277,2714,2347,2658.196857787071,-174.01470471476216,-654.3337111485839,2695.49870520701,-211.31655213470071
2279,2714,2531,2363.1041824123195,-291.13243294392,-588.0172130879245,2395.2813037327523,-323.30955426435276
2278,2714,2530,2430.870534137165,-217.9667920221999,-726.1194993356912,2479.7315865352334,-266.8278444202683
2283,2715,2529,2386.2974277793037,-171.72775173133107,-671.9473470816346,2429.6885260349945,-215.11884998702158
2282,2715,2357,2369.272797708953,-174.06309983279414,-698.845532240629,2416.4056835656183,-221.19598568945958
2281,2715,2347,2441.2499514913925,-149.42014576421593,-707.3072568495465,2488.6597695831015,-196.8299638559247
2280,2715,2530,2523.4785005040235,-125.7928951598866,-679.5364690959916,2566.3595978810386,-168.67399253690155
2287,2716,2351,2197.857835425588,-280.22458825335934,-575.5581589528732,2230.838605794337,-313.20535862210863
2285,2716,2531,2427.136882369273,-173.67292040990526,-659.0544639201682,2468.2390082297616,-214.7750462703941
2284,2716,2532,2398.092072907279,-216.02378496167967,-582.1101843178878,2430.1060226492737,-248.03773470367446
2286,2716,2353,2213.887651559101,-243.8433326448578,-647.943994291797,2255.875515519001,-285.8311966047578
2289,2717,2346,2580.222945784323,-238.79236028202774,-596.8315254862948,2611.4664133173146,-270.03582781501905
2288,2717,2345,2555.4171315979243,-256.07969144109006,-527.5771744160054,2579.9529628884998,-280.61552273166535
2290,2717,2531,2375.238292755337,-304.0900376086397,-611.1755534621487,2409.649804077447,-338.5015489307493
2291,2717,2532,2352.496060648785,-322.6664499986068,-527.0542819286181,2378.2086726252164,-348.3790619750382
2295,2718,2285,2168.578273745773,-313.4585160028423,-529.3828147075878,2196.491790970509,-341.3720332275782
2294,2718,2351,2194.041489535886,-285.17878926656545,-597.0850817987917,2229.484661346781,-320.6219610774607
2293,2718,2532,2374.2118157243463,-226.88313707959196,-599.9166481499929,2408.354840733626,-261.02616208887184
2292,2718,2533,2359.099433231875,-251.38198054016095,-533.8270842374031,2386.111007964719,-278.39355527300495
2298,2719,2532,2334.3074018379657,-330.7353940156104,-545.8090880942136,2361.9662000963453,-358.3941922739898
2297,2719,2345,2484.6971055249214,-281.23984403127224,-544.8853214680519,2511.2770710701398,-307.8198095764908
2296,2719,2286,2485.671517558385,-284.3688703200296,-490.041808159389,2507.1776052987734,-305.8749580604183
2299,2719,2533,2326.1145909291236,-337.038508982807,-488.5259306205405,2348.332894196791,-359.25681225047447
2303,2720,2278,2019.5512740611937,-291.77603095800384,-525.2137564677672,2049.0124462968924,-321.2372031937025
2302,2720,2284,2076.3682322340364,-256.6148017865297,-576.011701035111,2111.396514972926,-291.64308452541945
2301,2720,2285,2226.949428696492,-211.43523215765651,-569.1075053240754,2259.715874238598,-244.20167769976274
2300,2720,2534,2166.278288904416,-263.6387071085351,-471.6526356358489,2188.953906480455,-286.31432468457365
2307,2721,2278,2170.21341994303,-302.5797297180004,-477.3133209093737,2193.0362429268966,-325.40255270186674
2306,2721,2534,2075.651906457376,-348.25662392316553,-516.7564126734047,2102.88787622809,-375.4925936938796
2305,2721,2536,2250.352351476532,-291.30836871530994,-509.2732747333937,2275.612119894422,-316.5681371331998
2304,2721,2279,2253.5505059891825,-277.2857388395854,-478.2045272368134,2275.9417316547815,-299.6769645051845
2311,2722,2534,2159.8486271689258,-322.1044885508494,-496.2692812759865,2184.4129090460738,-346.6687704279973
2310,2722,2285,2186.8740066279206,-309.37557151799547,-546.6275395129109,2216.448675892838,-338.95024078291294
2309,2722,2533,2318.8525075684834,-265.96379171109743,-546.0359504405131,2347.37495415573,-294.4862382983438
2308,2722,2536,2313.6210627585124,-271.2467625285767,-499.2252005785344,2337.504691126357,-295.13039089642166
2313,2723,2286,2413.811678059908,-307.948412926121,-500.62731746968785,2436.640932228601,-330.777667094814
2312,2723,2535,2432.0779455568345,-301.7915377904534,-452.98340747510264,2450.7149558528713,-320.4285480864901
2314,2723,2533,2287.951265044883,-349.48181078470554,-500.4714173266662,2311.483294743488,-373.01384048331033
2315,2723,2536,2284.1847982333948,-350.60138558799156,-454.9204873866918,2303.6771618031075,-370.0937491577042
2318,2724,2536,2221.6787813178926,-372.33567292546013,-466.6442095564049,2242.498155758042,-393.15504736560933
2316,2724,2280,2364.4544908439048,-328.1426655539851,-403.215133552739,2379.466117059071,-343.1542917691514
2317,2724,2535,2524.646565519685,-272.5321639755466,-464.51456856533775,2543.800357090413,-291.6859555462747
2319,2724,2279,2217.87978266694,-376.11840300856295,-411.0336628939512,2234.061490339901,-392.3001106815236
2320,2725,2280,2419.564005539787,-358.0504838172549,-414.9140196995042,2434.9732590578033,-373.4597373352708
2321,2725,2287,2415.988810130797,-373.0534426862032,-414.9686910061299,2431.3396373508763,-388.4042699062825
2322,2725,2286,2422.445175752331,-367.21976675681435,-420.89104903021234,2438.231342420346,-383.00593342482944
2323,2725,2535,2431.456845748171,-336.5790830544896,-422.7855642168375,2447.507677554063,-352.6299148603814
2324,2726,2418,881.3247786823844,324.4651396807626,-587.5410469774132,1007.6470868573683,198.14283150577882
2325,2726,2537,849.6332599826259,389.00928670734197,-618.6506782682554,1004.9710842089598,233.67146248100784
2327,2726,2416,795.4609074700458,261.74283800193035,-551.6783755113718,912.3999992568317,144.80374621514443
2326,2726,2407,731.2464823517693,272.15959915086836,-553.846439905113,861.3927144016357,142.01336710100196
2328,2727,2408,1020.4759084451774,284.58213651012255,-609.7162848058401,1130.3609990997256,174.6970458555744
2331,2727,2418,872.1391340822871,231.65943054002182,-585.0915820253078,985.6464465688778,118.1521180534312
2330,2727,2537,811.7726268146218,285.8887958345417,-637.284000611266,961.9543916920311,135.70703095713253
2329,2727,2539,1067.9705445017476,355.311790364095,-661.764526565529,1197.9062156498196,225.37611921602297
2335,2728,2537,826.4857132029219,304.57639839648317,-602.3116554324494,964.0184028860009,167.04370871340427
2334,2728,2407,873.4349444755405,352.587567171365,-628.1109522066608,1020.9957404324255,205.02677121448005
2333,2728,2414,918.2716010900677,358.2336509827333,-634.250398588584,1061.3117453300883,215.19350674271283
2332,2728,2539,894.223459879417,320.4360891372732,-614.9594971417296,1027.8672668761455,186.79228214054461
2338,2729,2414,961.7578496424853,365.0171965977164,-691.5496831205812,1120.098693122673,206.67635311752872
2336,2729,2538,1033.6499285521663,309.33373894419606,-670.2244269887493,1164.9071570460615,178.076510450301
2337,2729,2415,1059.021204867445,385.30053873569807,-707.9506810274169,1210.8053496021982,233.516394000945
2339,2729,2539,910.2583712547743,284.78631049170315,-649.9782412898755,1048.5453483089686,146.49933343750865
2340,2730,2269,1092.4584500453018,266.8996470163742,-680.9129963224378,1214.7467652311066,144.61133183056938
2341,2730,2538,1164.028907183058,323.6065332659821,-712.4171033927072,1294.6915478354504,192.94389261358958
2342,2730,2539,1070.033787699581,306.23200596552726,-694.6319933719985,1204.3467013738677,171.9190922912402
2343,2730,2408,1046.2275101000932,262.0238194457944,-673.6815884055286,1171.044979316427,137.20635022946033
2344,2731,2269,1261.0904536894107,330.3643856927826,-731.1315904756023,1387.5053375453892,203.94950183680407
2345,2731,2268,1248.7209667256493,409.23581704857924,-787.3647688228114,1404.4518047637935,253.50497901043502
2346,2731,2415,1041.3724190302187,330.8877156439974,-746.1945627720443,1201.2986900366009,170.96144463761527
2347,2731,2538,979.2984731307298,145.84147190154184,-620.354318386585,1082.0625261775995,43.077418854672146
2348,2732,2451,5303.82529129698,371.5995426986633,-147.04865585219707,5304.921069621479,370.50376437416435
2349,2732,2540,5205.0124495558675,184.1724401778372,-89.74600232427323,5205.413463214455,183.77142651924987
2350,2732,2436,5302.977567784421,248.25271247897922,-161.69751109507152,5304.270387883801,246.9598923795993
2351,2732,2454,5365.356434512626,415.77762490278633,-191.75211280543627,5367.212909991366,413.92114942404623
2355,2733,2540,5331.143125374884,345.8670801599767,-164.21736099175885,5332.4951081927065,344.5150973421537
2354,2733,2542,5329.495121757326,277.9462088241378,-103.70623283440436,5330.02732732155,277.4140032599139
2353,2733,2437,5256.125383602134,248.88028136085995,-89.57683370994822,5256.525971504813,248.47969345818092
2352,2733,2451,5245.882834702211,273.4773588663975,-113.24560057021186,5246.5275379319555,272.8326556366528
2357,2734,2542,5301.29360060036,190.2711194002768,-105.08117971157974,5301.833653385402,189.7310666152348
2356,2734,2540,5307.932307241633,232.30719963389788,-125.40302391139491,5308.7067694460875,231.53273742944293
2358,2734,2449,5353.478810873276,212.77186237050591,-119.39199932716514,5354.171931876827,212.078741366955
2359,2734,2436,5367.572114564319,258.1625955825509,-141.8244595945973,5368.556098347975,257.1786117988945
2360,2735,2542,5335.904241070637,186.17083655514648,-73.99985598734884,5336.170065318511,185.90501230727295
2361,2735,2541,5316.600301927686,130.1988633918595,-60.00300810582193,5316.773844245836,130.02532107371007
2363,2735,2449,5369.092255974413,203.69591105671407,-89.95871638224472,5369.483898579214,203.30426845191278
2362,2735,2450,5352.781862252687,148.5635082430831,-77.32502324659946,5353.069072975479,148.27629752029134
2367,2736,2542,5365.362024828744,274.96613680056566,-77.21544033352836,5365.654825301859,274.6733363274502
2366,2736,2541,5288.3665341756605,42.86684511721023,-68.86404813917966,5288.592539946931,42.640839345941004
2365,2736,2439,5317.9011216929675,153.7033746395848,-40.70261230020715,5317.981321803467,153.62317452908474
2364,2736,2437,5352.7371090776705,256.2173934502007,-48.07335762204276,5352.8504705693695,256.10403195850176
2370,2737,2438,5360.183108756826,119.23008795038436,-45.465124242897524,5360.281709079426,119.13148762778474
2369,2737,2439,5343.101093219134,111.27741735908035,-38.593673865832585,5343.172265887239,111.20624469097538
2368,2737,2541,5334.643742429214,127.04748825705724,-39.05641015768706,5334.716971115262,126.97425957100904
2371,2737,2450,5363.191267177645,140.65461131604707,-50.60208881897395,5363.3138374661685,140.53204102752306
2374,2738,2543,5323.017598678657,-1.0352939000749757,21.50159937245492,5323.039307558142,-1.0570027795602073
2375,2738,2491,5325.719747460421,4.720982552747728,19.689835186319385,5325.737962475104,4.702767538065018
2373,2738,2042,5321.8458934490045,1.5801441224405153,21.604710799772015,5321.8678266393035,1.5582109321412645
2372,2738,2043,5323.667432433084,4.891113873772383,20.45941281272099,5323.6871073544935,4.871438952363405
2379,2739,2545,5319.433493659657,-0.4614844210038882,23.474438016833606,5319.459389215874,-0.4873799772203711
2378,2739,2474,5320.552654824241,2.8390359561667537,23.09128678421642,5320.577722223976,2.813968556430609
2377,2739,2042,5321.75664361842,4.006659445416062,22.02370806205389,5321.779446572599,3.9838564912361107
2376,2739,2543,5321.561394982593,0.8165090201041494,21.371559979493988,5321.582855405126,0.7950485975711672
2383,2740,2493,5315.535283292252,1.0025084236690418,22.560795785688075,5315.559226470088,0.9785652458322147
2382,2740,2545,5316.091414366822,-0.5222303443877081,19.924721636045177,5316.110081941941,-0.5408979195067332
2381,2740,2543,5324.614272043594,2.09864286710922,20.295736246489433,5324.633619822029,2.079295088674371
2380,2740,2491,5323.273123592844,3.7512858869408774,23.47700040376584,5323.299026619512,3.7253828602733847
2385,2741,2545,5319.252732579017,4.657852590672974,15.956373824783713,5319.264709281739,4.645875887950297
2386,2741,2544,5304.041208592575,-0.3163571834470531,15.757093946131539,5304.052910549824,-0.32805914069604114
2387,2741,2494,5302.168539549357,0.2640761512948302,21.27742332155257,5302.18988692196,0.24272877869088916
2384,2741,2493,5316.83841668997,5.316944228063903,22.658619739507483,5316.862581645123,5.292779272910593
2389,2742,2474,5319.581342155827,-1.6888385381005264,17.08567583194646,5319.595056906081,-1.7025532883549204
2388,2742,2545,5321.546367780176,4.988205625803175,19.773659552758797,5321.5647535594735,4.969819846505743
2390,2742,62,5313.139768261612,-3.2572031923868963,15.51323354440079,5313.151085132042,-3.268520062816151
2391,2742,2544,5308.365646091399,1.0444782522029072,16.294446690543737,5308.378152794823,1.0319715487789836
2392,2743,2494,5304.9696614383265,-4.467827491882417,9.77358937189936,5304.974159229689,-4.472325283244118
2393,2743,2544,5304.020741061723,1.7893363313542068,17.58146330827407,5304.035315444602,1.7747619484757706
2394,2743,62,5316.349317256247,1.5054825556428568,13.597110661168795,5316.358013707242,1.4967861046475264
2395,2743,63,5315.208207832709,-1.9524247884091892,9.774360632238789,5315.212699799929,-1.9569167556292086
2396,2744,2323,3679.6180114186773,392.0573491415943,-1031.4366750961492,3758.6200753379917,313.05528522227974
2398,2744,2546,3385.8013592515335,289.4248416672666,-1114.9454337340078,3483.110810792932,192.1153901258681
2397,2744,2334,3684.874591405612,390.5681887777653,-1077.37227032366,3770.7235311216114,304.7192490617658
2399,2744,2322,3539.2413102199353,345.4303286498989,-1036.9934657191284,3621.3075310743307,263.3641077955035
2976,2745,1,4757.1432326680715,1199.497842628051,-579.7776325647324,4780.609556125354,1176.0315191707687
2981,2745,2596,5001.136271274065,1409.877552406859,-785.1033649470658,5043.544348856567,1367.4694748243564
2980,2745,2595,4903.104391218267,1234.8432364214575,-688.5987659532447,4935.14021584994,1202.807411789784
2979,2745,1490,4813.3979003004915,1396.8591901067925,-631.7721675021145,4842.358583935009,1367.8985064722751
2978,2745,2547,4881.052333571804,1417.658433571446,-738.1856951073122,4919.949593647776,1378.7611734954742
2977,2745,956,5085.6766264700855,1282.2702171432556,-809.2927709995785,5128.2506077874,1239.6962358259407
2982,2745,2597,4837.345784786058,1403.5700530085664,-683.2612336473461,4871.00509689262,1369.9107409020044
2401,2746,956,5094.885751472858,1314.7386000336928,-818.1193333263146,5138.644622612099,1270.9797288944524
2400,2746,2547,4894.876803213994,1462.3915856366818,-743.1919735767457,4934.644521735208,1422.6238671154683
2403,2746,2548,5237.061550507122,1564.3226598692493,-973.0124512034622,5300.413412972624,1500.970797403746
2402,2746,957,5387.974555931835,1325.7736714061584,-1007.7273729778389,5449.539309327993,1264.2089180100015
2404,2746,2596,4996.404285790388,1393.410300391336,-781.0127743441756,5038.24303384121,1351.5715523405145
2407,2746,2601,5042.338471365553,1503.434792312849,-850.6287408031712,5092.736110799835,1453.0371528785677
2406,2746,2600,5313.91945235506,1449.3924312635324,-990.454202821182,5376.3720008408,1386.9398827777925
2405,2746,2599,5219.438827434535,1312.9989980515477,-906.5460016213119,5271.343459600753,1261.0943658853296
2408,2747,2548,5238.201485500478,1568.7498410234728,-974.9408552048202,5301.855567437014,1505.0957590869377
2415,2747,2604,5471.46789491,1581.5970392804684,-1102.4943927333145,5548.078234539322,1504.9866996511462
2414,2747,2603,5871.324733241665,1472.2714393971123,-1248.837542153662,5958.23992292802,1385.3562497107573
2413,2747,2602,5610.190624556444,1295.8519811020462,-1113.4190344923286,5680.86891188904,1225.173693769451
2412,2747,2600,5317.8673567442875,1462.9897100047342,-993.5693727096012,5380.859502393459,1399.9975643555636
2411,2747,2549,5806.860211492843,1635.2939728021347,-1256.120654589262,5899.367934911024,1542.786249383953
2410,2747,958,5928.769911437985,1286.9787250314498,-1239.8792565451133,6010.140227174246,1205.6084092951878
2409,2747,957,5391.436673744634,1337.6669900528868,-1010.3956407612365,5453.447951819974,1275.655711977547
2421,2748,2605,6373.99740086898,1174.3011748970748,-1310.6527792068912,6455.317482440636,1092.981093325419
2420,2748,2603,5880.165517077871,1507.9607774612887,-1266.5248649823186,5970.038735821892,1418.0875587172673
2416,2748,2549,5819.650161124468,1679.2226213841568,-1265.9335385982286,5914.253238933801,1584.6195435748232
2419,2748,2550,6906.47571857658,1537.3616741167486,-1595.8626039687915,7022.55090502571,1421.28648766762
2417,2748,958,5941.504486465282,1336.3929425263445,-1261.2724816273612,6026.303977387686,1251.5934516039392
2418,2748,959,7097.599512601547,1108.275442386328,-1390.3636524165702,7177.23064438696,1028.6443106009137
2422,2748,2606,7000.465278268274,1319.8738792752931,-1496.907733103539,7097.423883549385,1222.9152739941815
2423,2748,2607,6220.688027375088,1555.8433645488844,-1408.3617133459377,6324.669728748668,1451.8616631753052
2430,2749,2609,9936.520475147752,397.8600839348146,-952.2614628796131,9960.228041560798,374.15251752176846
2424,2749,2550,6981.045970754084,1810.465652548141,-1687.4858640706018,7115.246084131269,1676.2655391709568
2425,2749,959,7079.432221674381,1133.9987511892516,-1556.2660791896135,7179.586426660232,1033.8445462034006
2426,2749,5,9368.615846869956,289.09174408050603,-549.0788152867736,9376.909574556314,280.7980163941493
2427,2749,1467,10513.018399468765,574.2851268688751,-1439.3222449564705,10564.85848040101,522.4450459366308
2428,2749,2606,7028.105264270498,1453.1534612059631,-1596.2606805653163,7140.117928279202,1341.1407971972599
2429,2749,2608,7732.626523752496,549.3862029497109,-1134.288800210234,7777.129043785898,504.8836829163092
2431,2749,2610,8160.918240770624,1021.5964283803753,-1608.76964902848,8250.425809943448,932.0888592075507
2983,2750,1490,4652.943393096895,1308.8731793627985,-517.8990832195608,4672.876448960995,1288.9401234986985
2984,2750,2547,4922.402929348977,1439.101947255821,-763.7705338997122,4963.77873930756,1397.7261372972375
2985,2750,2551,4780.676720022336,1473.8136744585606,-657.4652487563155,4813.039057372636,1441.4513371082605
2986,2750,1489,4653.783041954501,1410.4485002567849,-578.0426647365406,4679.337088326348,1384.8944538849382
2988,2750,2611,4871.884503149976,1526.8706253492596,-712.1631271278843,4909.369827559598,1489.3853009396375
2989,2750,2612,4708.725695417564,1438.487261412396,-615.7987929707218,4737.462509496754,1409.750447333206
2987,2750,2597,4774.420168184588,1367.4111443702125,-633.5297734925217,4803.620944421786,1338.2103681330145
2436,2751,2611,4866.8537251157095,1508.8798864125108,-711.4263123263215,4904.121135641047,1471.612475887174
2435,2751,2552,5114.097883532581,1688.8542977572965,-888.1368425332936,5170.7330443517585,1632.2191369381196
2439,2751,2615,4931.022444643988,1593.2304707697967,-764.0245222057348,4974.185797463452,1550.0671179503324
2438,2751,2614,5173.9055252459175,1630.8249279461897,-926.7414317092233,5233.503520131543,1571.226933060564
2433,2751,2547,4933.879902803493,1482.470671609217,-766.8668788144004,4975.964195065238,1440.3863793474723
2432,2751,2551,4795.591748707768,1521.6483916040281,-656.2993684384619,4828.158476912121,1489.0816633996749
2437,2751,2601,5058.575078561693,1511.3244493255895,-859.0475540223839,5109.843577750884,1460.055950136399
2434,2751,2548,5229.4979556766575,1559.5895092690566,-965.850293881697,5291.98245317013,1497.1050117755847
2440,2752,2552,5114.881083870996,1692.0561957324294,-888.4956220057267,5171.600046483929,1635.3372331194964
2441,2752,2548,5229.888591518784,1563.709730850798,-967.5652289667127,5292.653184488947,1500.9451378806355
2442,2752,2549,5788.697777413443,1629.6640596674358,-1256.4916149642297,5881.5260018446315,1536.8358352362475
2443,2752,2553,5658.5605238819835,1849.1810680000285,-1202.651198854351,5751.227908790464,1756.5136830915467
2444,2752,2614,5177.109874787834,1643.571450772599,-927.9941465123853,5237.0225542129665,1583.658771347466
2445,2752,2604,5457.253033053296,1575.644193472224,-1098.0473489161704,5533.4138561447335,1499.4833703807872
2446,2752,2616,5729.301157198126,1758.1871977700323,-1229.4743389775945,5822.286529047373,1665.2018259207853
2447,2752,2617,5335.31063631798,1746.99490771937,-1031.356927061521,5407.948615108243,1674.3569289291074
2451,2753,2554,6864.393031325666,1927.2215576912158,-1703.6032095817595,7007.220994775359,1784.393594241522
2448,2753,2553,5671.229321638949,1894.630170666341,-1204.5921615108623,5764.957963831472,1800.9015284738175
2449,2753,2549,5797.419010447749,1671.6656426567324,-1264.3480535597505,5892.111378308131,1576.9732747963503
2450,2753,2550,6993.449032373108,1569.3618146879728,-1609.5252507156868,7110.331619004128,1452.4792280569527
2452,2753,2616,5738.761449495608,1796.0707746533944,-1233.3244796821105,5832.960775696599,1701.8714484524035
2453,2753,2607,6242.003040481317,1563.4824125167163,-1411.0873501304786,6346.086888502628,1459.3985644954041
2454,2753,2618,6934.169298300461,1763.0255913138137,-1654.8512886397984,7063.337765068931,1633.8571245453445
2455,2753,2619,6113.332874124303,1848.0120845369931,-1423.4897990466404,6228.965423214717,1732.3795354465797
2462,2754,2620,10834.628933373837,871.3349359692315,-2050.176540330769,10939.003246198878,766.9606231441903
2457,2754,2550,7031.727097207968,1826.8360781361594,-1688.4739480565893,7165.238220811566,1693.3249545325607
2458,2754,1467,10707.720056963068,658.6724052266177,-1508.966215751289,10764.050926595115,602.3415355945717
2459,2754,1468,10966.114320163895,1159.8010728163767,-2628.231238968246,11139.161468764058,986.7539242162138
2463,2754,2621,8127.717905739549,1422.090816283232,-2088.109226296191,8286.514917572073,1263.293804450709
2461,2754,2610,8069.058334912783,980.9755663152825,-1573.439527522147,8155.327862962241,894.7060382658246
2460,2754,2618,6996.643502780295,2015.7184908043125,-1681.7921895796496,7134.775628142821,1877.5863654417858
2456,2754,2554,6962.161780107798,2244.8119555392013,-1698.3972030138825,7110.374501252786,2096.5992343942135
2995,2755,2622,4784.573389571368,1537.1428347036508,-626.1433844756542,4814.479951208574,1507.2362730664452
2996,2755,2623,4621.187433303222,1391.145020716971,-546.9098996199056,4644.174501211441,1368.1579528087523
2993,2755,1488,4547.062352685719,1360.78828388798,-509.7270878530912,4567.319577727493,1340.531058846206
2992,2755,2555,4716.0802045427445,1427.1815286279539,-585.6112505140576,4741.9448368588055,1401.3168963118933
2991,2755,2551,4802.568757516049,1497.2685722652009,-683.5815705929219,4837.542221720878,1462.295108060372
2990,2755,1489,4589.762074903352,1303.3624098940315,-444.005127831239,4604.690955113254,1288.4335296841296
2994,2755,2612,4684.344695192479,1393.037429437642,-557.7604558497308,4707.807613347393,1369.5745112827278
2467,2756,2556,5033.126930325087,1680.548897677739,-804.3462099186324,5080.696397926358,1632.9794300764684
2464,2756,2555,4733.8599176911275,1475.2978179575216,-578.3598895631127,4759.3240989457,1449.8336367029485
2465,2756,2551,4816.372203189188,1543.4673294721263,-680.4229967369581,4851.362389253249,1508.4771434080662
2466,2756,2552,5108.163571239165,1681.8763313648894,-880.1287076677639,5163.781579686856,1626.2583229171983
2471,2756,2626,4859.683240889546,1565.2617687150403,-683.7886848342127,4894.79083093975,1530.1541786648365
2470,2756,2625,5074.146634178863,1690.022739421357,-840.6281182083627,5125.568997612172,1638.600375988048
2469,2756,2615,4938.749257722076,1601.6328630821342,-773.4279952781108,4982.976561804324,1557.4055589998866
2468,2756,2622,4778.426428630799,1518.0060580965053,-627.9513980870499,4808.386712845209,1488.0457738820949
2476,2757,2625,5078.288932946342,1703.1374028686387,-839.4715027160161,5129.704273035558,1651.722062779423
2472,2757,2556,5035.14380526769,1683.8876601102234,-802.931173788426,5082.566531439312,1636.4649339386017
2473,2757,2552,5108.713232869051,1684.9139675711397,-880.3380174925469,5164.396443688629,1629.2307567515616
2474,2757,2553,5664.189643773916,1850.265365921641,-1201.956359698287,5756.647263665956,1757.8077460296013
2475,2757,2557,5554.607711377866,1911.1924375879132,-1138.3197714976727,5641.449704402716,1824.350444563063
2477,2757,2617,5331.547286351723,1742.2219399014737,-1025.7571928068483,5403.3943412867,1670.374884966497
2478,2757,2627,5617.093988857207,1903.4600852441285,-1167.5265721083767,5706.696510509796,1813.8575635915392
2479,2757,2628,5241.219039103609,1770.9479790514752,-955.4160623524094,5305.778002765037,1706.389015390048
2486,2758,2629,6814.8199822069555,2064.6688054532274,-1752.461382666852,6971.2981212746345,1908.190666385548
2487,2758,2630,5985.895451610945,1979.006882091181,-1423.0452931446166,6108.492906498312,1856.409427203815
2485,2758,2619,6110.412152780934,1847.5412593986325,-1423.9876501484698,6226.18659178256,1731.7668203970056
2484,2758,2627,5630.742311684991,1941.9882504453008,-1162.407858817123,5720.150335986718,1852.5802261435733
2483,2758,2558,6732.657818430621,2150.6815960213216,-1796.6958122408105,6902.493854968341,1980.845559483601
2482,2758,2554,6880.129915550359,1940.6111178258311,-1717.1776427112513,7025.114529478895,1795.6265038972956
2481,2758,2553,5674.69537647266,1893.7831144175652,-1201.8955541382034,5767.913264558118,1800.5652263321085
2480,2758,2557,5573.095428641417,1957.7786161580457,-1129.8177957837272,5659.308975984141,1871.5650688153207
2495,2759,2632,7820.135774381135,1829.1348744928512,-2549.112675512315,8080.0180674842595,1569.2525813897264
2494,2759,2631,10670.091126170466,1506.2275768276622,-3199.0583607102153,10941.260667827717,1235.0580351704102
2488,2759,2558,6855.498056479822,2429.158368276439,-1731.5042570610299,7018.806175014481,2265.850249741779
2489,2759,2554,6969.630899387703,2247.0760225287877,-1698.711929929471,7117.743166934015,2098.9637549824765
2490,2759,1468,10953.585119163487,1191.8753861000055,-2681.4380305798713,11134.377386333046,1011.0831189304463
2491,2759,1469,10412.99690938572,1912.9353910513971,-3711.7991945487474,10800.543617930573,1525.3886825065438
2492,2759,2629,6905.904025524003,2313.5778515156417,-1716.0135169295684,7060.973387654709,2158.5084893849357
2493,2759,2621,8134.78695638101,1407.755917508297,-2063.7243511562806,8289.506249869748,1253.0366240195585
2998,2760,2555,4717.076622286755,1452.5790866394777,-609.4513002054078,4745.277721785917,1424.3779871403171
2999,2760,2559,4677.912441854383,1290.18147817368,-570.8008843637267,4701.7878260843045,1266.3060939437594
3000,2760,1487,4455.483905825739,1199.8492986564995,-492.02425595838923,4473.9688651814195,1181.3643393008192
3001,2760,2623,4631.79776443608,1344.3812735258143,-500.71147293288675,4650.7544855207625,1325.4245524411315
3002,2760,2633,4729.9132494960895,1442.5774762731614,-572.4399152629852,4754.647588256064,1417.8431375131868
3003,2760,2634,4551.0515033322645,1239.2184563282472,-528.2446785243371,4571.983256480323,1218.286703180189
2997,2760,1488,4573.048372852927,1256.51488881995,-406.2917736538045,4585.4452232489475,1244.11803842393
2500,2761,2633,4721.253211065616,1423.3259722307255,-577.1395333740286,4746.312748121246,1398.2664351750955
2503,2761,2637,4813.87747406688,1427.9370268957991,-657.1166621257074,4845.464803843384,1396.3496971192947
2502,2761,2636,5008.058270695027,1622.4673092381197,-782.244194865602,5052.655386553456,1577.8701933796908
2501,2761,2626,4859.6832171973665,1573.7062406933542,-691.7757465008069,4895.697288023308,1537.6921698674118
2498,2761,2556,5032.90474253189,1673.1606800045668,-797.3993578017764,5079.570134951125,1626.4952875853323
2497,2761,2555,4734.9627879741265,1498.8619683711008,-600.4433004333017,4762.579467202972,1471.2452891422556
2496,2761,2559,4699.630803108668,1329.551619129958,-558.060499736459,4722.577249385779,1306.6051728528466
2499,2761,2560,4974.990902398306,1552.584110438274,-771.4439730464602,5017.925047576613,1509.649965259967
2508,2762,2636,5014.717934683395,1633.7729345657262,-778.2555690868494,5058.926300420583,1589.5645688285379
2507,2762,2561,5458.108187558831,1831.183222171173,-1124.1940172549541,5543.223915855011,1746.0674938749926
2509,2762,2628,5243.779186045172,1766.7414860081672,-950.9628962642889,5307.62833379724,1702.8923382560986
2505,2762,2556,5035.262901803303,1676.4942621907085,-795.9153055397994,5081.770231843365,1629.9869321506465
2511,2762,2639,5164.147609294644,1664.2245360192555,-930.0106394031686,5224.875258315861,1603.4968869980382
2504,2762,2560,4978.672747629913,1554.3375486877792,-768.7577021365138,5021.28860768514,1511.7216886325523
2510,2762,2638,5520.373897894769,1894.7872914133059,-1126.727986713162,5605.89525489483,1809.2659344132446
2506,2762,2557,5563.99148487196,1913.799822105472,-1139.0474340944563,5650.787925038498,1827.0033819389341
2512,2763,2561,5485.51312195292,1872.176369715414,-1107.1903546750261,5568.426244907157,1789.2632467611777
2514,2763,2558,6718.5106916491495,2157.901071184733,-1806.1453054035833,6890.822900771165,1985.5888620627175
2515,2763,2562,6473.997811867709,2240.9119987810855,-1912.851434582361,6680.06206710074,2034.847743548054
2516,2763,2638,5540.695873065268,1929.6552750773083,-1114.5968359500766,5624.748297402357,1845.6028507402193
2517,2763,2630,5980.978068647545,1976.1637012670565,-1421.2671772380706,6103.337843135977,1853.8039267786244
2518,2763,2640,6603.582019659788,2215.575305641033,-1855.5256849812195,6791.677447855313,2027.4798774455076
2519,2763,2641,5814.80799582546,1969.2240452062326,-1459.59502496884,5948.647584394874,1835.3844566368189
2513,2763,2557,5583.126564760339,1958.8003322672967,-1128.9256715066663,5669.002819241146,1872.9240777864884
2526,2764,2642,9742.370511333284,2315.6363464500364,-4118.05285007689,10275.023319090906,1782.9835386924142
2522,2764,1469,10346.171169982897,1929.4156099600048,-3739.765957404775,10742.889034291446,1532.697745651456
2523,2764,1470,9194.116553288724,2786.851983484919,-4462.090579889752,9894.433922602537,2086.534614171107
2524,2764,2640,6721.194288964451,2418.8806790648728,-1785.4841030056393,6899.085351707219,2240.989616322104
2525,2764,2632,7850.80754096475,1822.085795036577,-2536.761994077085,8106.792494684028,1566.1008413172995
2527,2764,2643,7208.990946811559,2226.7911356470145,-2911.922995693828,7603.268420846143,1832.513661612431
2521,2764,2558,6850.518709007542,2428.8014422083884,-1732.0894164127217,7014.092499049341,2265.227652166589
2520,2764,2562,6622.752937256383,2453.6701988834416,-1819.5290556587818,6812.631101917272,2263.792034222553
3010,2765,2645,4484.678116333307,1046.8018109351005,-563.6127620272684,4507.624922288078,1023.85500498033
3009,2765,2644,4681.137340230284,1262.5140095908578,-583.3653912488224,4705.8456183151375,1237.8057315060053
3008,2765,2634,4596.773709533971,1187.4940488091029,-492.89169825364394,4614.496357806597,1169.771400536477
3007,2765,1486,4378.388723718838,1006.0920359888843,-506.53081847818567,4397.303312720461,987.1774469872616
3006,2765,2563,4622.965096160675,1092.636747724294,-625.6021604572894,4650.4662777006615,1065.135566184307
3005,2765,2559,4662.4907634778965,1312.3415925898564,-585.7877079145786,4687.904836180825,1286.9275198869277
3004,2765,1487,4554.085109589113,1077.4844495381205,-408.75514016730835,4566.058537728335,1065.5110213988978
2534,2766,2647,4945.2218467968905,1453.8887165125598,-793.022802628503,4989.687413098502,1409.423150210949
2535,2766,2648,4753.596058570984,1225.2987810819654,-709.5083039340952,4788.911486686928,1189.9833529660207
2531,2766,2564,4902.471588852573,1348.4437109197304,-823.7841160496013,4949.583086018454,1301.3322137538496
2528,2766,2563,4650.431376110497,1126.0446318606137,-609.839489940393,4676.617586633982,1099.8584213371282
2529,2766,2559,4686.027614212725,1350.3266361327203,-572.0785085714803,4710.377972821523,1325.9762775239228
2530,2766,2560,4979.941822679875,1545.9541416090754,-766.9478536695997,5022.243324319462,1503.6526399694883
2532,2766,2644,4672.267752668838,1244.8159074331181,-588.6044514605628,4697.354740608705,1219.7289194932512
2533,2766,2637,4808.711815973626,1436.4762382176245,-662.8617561700985,4840.976878767238,1404.2111754240125
2540,2767,2647,4954.253378371467,1463.6073833780026,-787.8672575591744,4998.158166673522,1419.7025950759476
2538,2767,2561,5464.622553969592,1834.1689759880223,-1125.884725125755,5549.909484749773,1748.882045207842
2537,2767,2560,4984.519538351022,1547.9705501960102,-764.3975789384493,5026.512964696157,1505.9771238508754
2536,2767,2564,4908.124587029197,1349.314689995047,-820.6697743716653,4954.823877171259,1302.6153998529855
2542,2767,2649,5400.786668477245,1765.6801947295935,-1153.2434814744884,5490.06126881405,1676.4055943927888
2543,2767,2650,5061.278210309464,1475.4030964392525,-988.3828372203956,5128.139094414781,1408.5422123339358
2539,2767,2565,5318.225721325083,1660.9027411233142,-1191.6423788616694,5412.844173186045,1566.2842892623528
2541,2767,2639,5170.23155051645,1660.731471766817,-927.5086046025523,5230.478963919147,1600.4840583641196
2550,2768,2651,6260.836934044924,2254.4264567799764,-1977.4899126979008,6491.56271869631,2023.7006721285902
2544,2768,2565,5354.255506892624,1690.0716157811412,-1171.2855481465308,5445.581965063553,1598.7451576102126
2545,2768,2561,5495.35794017857,1874.291825649797,-1108.188505009841,5578.247812981873,1791.4019528464944
2546,2768,2562,6444.554475895137,2242.642818689292,-1915.102162592165,6652.477047518587,2034.7202470658435
2547,2768,2566,6070.044698886034,2242.940107276385,-2044.2613545990594,6325.924013032698,1987.06079312972
2548,2768,2649,5428.744979633025,1792.6705653611182,-1137.3525499739235,5515.60986768825,1705.8056773058922
2551,2768,2652,5563.926000723759,1869.6325914629992,-1551.48641472916,5720.208474327329,1713.35011785943
2549,2768,2641,5812.114495132964,1965.8986471785752,-1457.5375912345717,5945.568761980387,1832.4443803311538
2552,2769,2566,6240.944696187698,2382.0176310283937,-1947.703937192788,6472.78104569147,2150.1812815246217
2553,2769,2562,6612.538402062755,2451.6611398511595,-1818.614380368998,6802.576475069685,2261.62306684423
2554,2769,1470,9112.708464672494,2792.713700935391,-4469.011741983834,9822.93070718102,2082.4914584268645
2555,2769,1471,7581.038078323772,3641.611161215449,-4769.281515253846,8704.265397046942,2518.3838424922797
2556,2769,2651,6401.819178453986,2400.682689473616,-1897.1480468882467,6615.311903949838,2187.1899639777635
2557,2769,2643,7244.459838836892,2224.2353849484566,-2908.906299078783,7635.398689702219,1833.296534083131
2558,2769,2653,8304.282602939278,3186.291078181219,-4643.060064764437,9200.42229421853,2290.1513869019673
2559,2769,2654,6359.848109800755,2580.532860917683,-3116.570135287012,6919.487994779165,2020.8929759392718
3011,2770,1486,4516.505499496741,920.6100543802438,-478.2531758569594,4532.337680374053,904.7778735029324
3012,2770,2563,4591.6016480833605,1111.021447085449,-631.5493930836806,4620.0182199500505,1082.6048752187585
3013,2770,2567,4520.480106448786,891.5093677099554,-770.3729001743255,4560.914076831483,851.0753973272581
3014,2770,1485,4226.899963047058,785.4275882691203,-607.3015753266696,4253.486535607861,758.8410157083172
3017,2770,2656,4358.723864626766,835.5537843256765,-685.0407867758967,4391.7145608464725,802.5630881059694
3016,2770,2655,4601.2147013580925,1046.426125603447,-677.5348848416085,4633.210872896113,1014.4299540654263
3015,2770,2645,4545.86772107557,1009.8955730954054,-551.5305878770127,4567.245012968409,988.5182812025671
2565,2771,2648,4743.062166052775,1231.5823793643222,-711.5561787191872,4778.746460875259,1195.898084541838
2566,2771,2658,4841.214743937985,1238.6118951928788,-891.3661355202237,4895.531873669333,1184.294765461531
2567,2771,2659,4642.19240538577,1008.8231001420318,-849.581873058155,4691.195418700805,959.8200868269971
2564,2771,2655,4593.175520993754,1034.106394084578,-682.2902956338268,4625.580049895345,1001.7018651829867
2563,2771,2568,4766.798008665135,1124.8069159786655,-962.5757461921053,4829.326498959399,1062.2784256844016
2562,2771,2564,4912.600139211507,1343.87079657069,-822.4893719156041,4959.377044062892,1297.0938917193048
2561,2771,2563,4621.922732924302,1143.4008510993906,-615.5417399743687,4648.943629374262,1116.3799546494315
2560,2771,2567,4559.803063612373,915.9939106547713,-752.0099126229376,4598.198466428629,877.5985078385156
2568,2772,2568,4773.721448830624,1123.46082835768,-960.115746668158,4835.79971506203,1061.3825621262727
2569,2772,2564,4919.451046702003,1345.2171761162108,-819.6891621526075,4965.844275288294,1298.8239475299197
2570,2772,2565,5320.970247007843,1663.5839026219323,-1193.0921671643437,5415.8118282993055,1568.7423213304696
2571,2772,2569,5086.845895794327,1462.1188347035447,-1338.6074000247881,5206.483661755032,1342.4810687428403
2572,2772,2658,4853.721389788772,1244.7737757376376,-885.7472429398681,4907.274160838782,1191.221004687628
2573,2772,2650,5069.642486203515,1473.458427043264,-988.1552841637173,5136.288417636878,1406.812495609901
2574,2772,2660,5212.064199036876,1575.4168654087293,-1261.0221903137797,5318.278190574054,1469.202873871551
2575,2772,2661,4883.097029962013,1262.7314005557234,-1130.8120373561794,4969.343963128271,1176.4844673894654
2576,2773,2569,5128.423890564213,1477.1425819791848,-1320.6706071539616,5244.176167070537,1361.3903054728607
2577,2773,2565,5362.219701314942,1693.081262197248,-1173.3014408972185,5453.7354459141225,1601.5655175980678
2578,2773,2566,6033.400718471332,2237.1342148311246,-2038.6785668809798,6289.788855830304,1980.746077472153
2579,2773,2570,5520.391239758693,2192.7849479922547,-2168.7273760272396,5842.560278004294,1870.6159097466536
2582,2773,2662,5775.155526994452,2222.5654078772513,-2103.3455856191786,6063.137532596489,1934.5834022752147
2581,2773,2652,5562.6831284223945,1866.5821617325018,-1549.9864904921296,5718.6049800083765,1710.6603101465198
2583,2773,2663,5202.332613993885,1733.563293670259,-1689.2565271234025,5397.063568048043,1538.832339616101
2580,2773,2660,5245.676110332423,1592.1574524673945,-1245.893240005435,5348.971738445117,1488.8618243547005
2586,2774,1471,7499.795898399497,3636.058334104674,-4760.2655232534335,8633.404070072575,2502.4501624315963
2585,2774,2566,6228.910399035199,2377.6805026425054,-1944.7545547453774,6460.4951398495705,2146.0957618281336
2584,2774,2570,5702.115885403165,2261.105365282635,-2089.9379123038925,5994.593106443102,1968.628144242697
2588,2774,2662,5931.960983223645,2311.091056551183,-2031.3201066326055,6197.3969456370705,2045.6550941377577
2590,2774,2664,6604.520005888047,3962.9698832170725,-4714.102636344451,7985.6216403222215,2581.8682487828983
2591,2774,2665,5366.147203600746,2846.3955918066376,-3138.5783547275114,6118.721538322277,2093.8212570851065
2589,2774,2654,6395.686541832003,2583.650901365182,-3120.853699171816,6952.966487593586,2026.3709556036001
2587,2774,1472,5821.03385736899,4323.807463542381,-4620.551849244766,7500.958608786443,2643.8827121249283
3024,2775,2667,4182.734873409135,660.5369901541628,-865.3758581856849,4235.11003586588,608.1618276974177
3023,2775,2666,4463.098976280671,835.5723592959872,-844.0084949227855,4511.5453563327055,787.125979243953
3022,2775,2656,4449.115146917774,818.0777341811906,-696.9097931012031,4482.252435618139,784.9404454808257
3021,2775,1484,4019.556011978428,593.9920882535272,-766.3809304654307,4061.897117461014,551.6509827709413
3020,2775,2571,4356.6117680108655,718.8155032273837,-966.1536215659565,4419.668369701328,655.7589015369213
3019,2775,2567,4472.285492481736,892.5418980856692,-761.4323146991841,4512.3278579896905,852.4995325777147
3018,2775,1485,4420.451662334759,737.2241968254241,-629.3166116825104,4447.139562107738,710.536297052445
2593,2776,2567,4516.279072136697,917.4047500164705,-744.0879278862755,4554.3377090882705,879.3461130648977
2599,2776,2670,4438.148319032208,825.4929039074966,-1052.7797663734823,4513.284428881398,750.3567940583068
2598,2776,2669,4653.923834754442,1029.8542119497374,-1066.1241756900306,4730.704881828412,953.0731648757674
2597,2776,2659,4626.064197621769,1010.0641373068786,-846.8724259501068,4674.9869810211985,961.1413539074495
2596,2776,2666,4448.752967939793,829.423299108779,-849.1711506107306,4497.89412761767,780.2821394309026
2595,2776,2572,4530.911189983119,932.6719554941843,-1166.1905010401754,4623.042869719823,840.5402757574805
2594,2776,2568,4781.561374382488,1124.8772863382474,-965.4365878445074,4844.211551715653,1062.2271090050824
2592,2776,2571,4382.2130385975015,738.249948230275,-954.8097651964029,4443.7208543921415,676.7421324356349
2600,2777,2572,4538.15862578049,931.2178902558413,-1164.7310127197325,4629.854464553771,839.5220514825605
2601,2777,2568,4789.826133128265,1124.341104617504,-963.4896573763959,4852.0831448693825,1062.084092876386
2604,2777,2669,4668.7229736599675,1033.3295441770713,-1061.5208743915523,4744.628114767342,957.4244030696971
2603,2777,2573,4727.3291411264745,1288.5032355922121,-1535.868067751289,4891.026270783604,1124.806105935083
2602,2777,2569,5086.901094893156,1463.3662423415317,-1339.0113111965895,5206.645778284841,1343.6215589498474
2607,2777,2672,4592.035171600109,1080.3486495506777,-1331.7909607628212,4714.0636708610355,958.3201502897509
2606,2777,2671,4911.998849713286,1382.4638476162795,-1434.565088993675,5052.198167640074,1242.264529689492
2605,2777,2661,4893.066427665164,1263.455587866801,-1132.9571338701573,4979.422936401275,1177.0990791306897
2615,2778,2674,4713.206182276843,1602.5222912196493,-1843.8628397895707,4965.914598466607,1349.8138750298856
2614,2778,2673,5154.002152844313,2149.736601723661,-2209.055882028425,5516.375973650346,1787.362780917628
2613,2778,2663,5201.602131632309,1730.829471775059,-1688.2541068492253,5396.012733099954,1536.4188703074133
2611,2778,2574,4840.697567440833,2112.378031079953,-2259.3185024114014,5247.7130861692685,1705.3625123515178
2610,2778,2570,5483.229592502748,2178.268861679724,-2157.0054307119863,5804.035690101819,1857.4627640806539
2609,2778,2569,5134.424938632147,1480.220224547067,-1322.7946819994756,5250.451364195621,1364.1937989835933
2608,2778,2573,4770.283296238832,1290.296462557857,-1524.5955514847685,4929.9411604365305,1130.6385983601588
2612,2778,2671,4948.319393745716,1389.3682581088156,-1423.6764861918823,5085.415499723139,1252.2721521313936
2617,2779,2570,5690.7515883294745,2254.2558982658093,-2085.593370559637,5982.4292602726155,1962.5782263226686
2618,2779,1472,5748.207763530106,4304.041198633231,-4600.317788795709,7436.96151544734,2615.2874467159954
2619,2779,1473,4127.669433826325,4695.74814672687,-4080.7422564542135,6471.755560841635,2351.6620197115603
2620,2779,2673,5314.716609057296,2187.399718997833,-2159.0868300746897,5651.174401962311,1850.9419260928191
2616,2779,2574,5018.77827064143,2122.408650029831,-2211.934664075441,5392.790756002342,1748.3961646689186
2621,2779,2665,5398.401617548851,2856.2312449171145,-3147.880855747373,6150.419498643749,2104.2133638222167
2623,2779,2676,4321.728127931541,2980.8928688902024,-2984.7293023361926,5287.345965638948,2015.2750311827963
2622,2779,2675,4872.10868181949,4496.262803891348,-4358.08622964193,6871.3171808896195,2497.0543048212194
3025,2780,1484,4269.970141210989,667.6202175925372,-859.4821244632426,4320.526429777052,617.0639290264749
3026,2780,2571,4316.570695182814,710.0192194513451,-951.8392539177453,4378.3158360473635,648.2740785867952
3027,2780,2575,4069.269734955519,640.7561738993174,-1174.6096366574486,4167.084492534759,542.941416320077
3028,2780,1483,3896.4523431146085,472.3250333872362,-985.1766992798418,3965.906367227526,402.8710092743188
3029,2780,2667,4273.438979776054,671.878603912394,-896.1510279888165,4328.347599669812,616.969984018637
3030,2780,2677,4231.8088317557995,686.7052407186045,-1053.5800790504888,4308.431882902388,610.0821895720167
3031,2780,2678,3958.299247982828,536.5521482165876,-1067.0224128505545,4039.5536263099193,455.29776988949675
2625,2781,2572,4544.084705479128,937.7497473857512,-1171.319834958545,4636.810286822033,845.0241660428464
2626,2781,2576,4172.096398516213,819.1505681617751,-1388.1282323354708,4310.089364163019,681.15760251497
2627,2781,2575,4098.86159144208,635.7211982390697,-1172.4808790008983,4195.408786767104,539.1740029140458
2628,2781,2670,4420.890421302168,820.439616580685,-1046.3673694612733,4495.373707584336,745.9563302985161
2629,2781,2680,4355.154948683911,878.5160263373382,-1280.1027861788812,4469.244819944879,764.4261550763706
2630,2781,2681,4116.897995204932,716.1414331695399,-1270.872417705931,4231.751234979591,601.2881933948813
2631,2781,2677,4220.232874460038,682.5421821880668,-1056.7539617378175,4297.46339146161,605.3116651864948
2624,2781,2571,4344.077887080526,728.6858973849547,-940.9477698675473,4404.297973375949,668.4658110895316
2639,2782,2680,4367.863601889961,878.04118721757,-1278.5455595108497,4481.280893077018,764.6238960305127
2632,2782,2572,4552.488994690352,937.1666231392006,-1170.3925819349179,4644.852456523758,844.8031613057958
2633,2782,2573,4725.667333511973,1288.1582999127968,-1535.2778562882768,4889.301356047787,1124.524277376983
2634,2782,2577,4235.686590749235,1179.5312047738535,-1733.8144565803982,4464.4667685833065,950.7510269397812
2635,2782,2576,4181.6473983080605,816.5711523423032,-1387.8069428088515,4319.119320055117,679.0992305952466
2636,2782,2672,4600.737786997809,1084.2496571434192,-1335.2846130745945,4723.229865534165,961.7575786070638
2637,2782,2682,4480.517280982566,1235.0464800446202,-1634.103177033769,4674.604237881853,1040.9595231453327
2638,2782,2683,4175.728965847595,970.5141716157602,-1543.4940437246403,4351.869424680917,794.3737127824384
2647,2783,2682,4516.356730091765,1233.7458696393378,-1629.70207402407,4707.4993149016245,1042.603284829478
2646,2783,2685,4109.503134945291,1506.0814624602376,-1975.57626930617,4441.859769816683,1173.7248275888448
2645,2783,2684,4424.608571144998,2054.1224616199374,-2269.328681988732,4880.177591419397,1598.5534413455389
2644,2783,2674,4712.074097050939,1600.4803630262152,-1843.1132863771843,4964.527914542942,1348.0265455342112
2643,2783,2577,4275.507784602993,1171.2255095852095,-1731.5438661274159,4500.640725796727,946.0925683914759
2642,2783,2578,4071.134202115573,2016.6356962194182,-2292.2094274987217,4582.974628998039,1504.7952693369512
2641,2783,2574,4806.03371352577,2088.542394248728,-2243.807266737775,5209.348645964839,1685.2274618096578
2640,2783,2573,4774.564602873622,1293.4905171037449,-1526.5594987544384,4934.570948986682,1133.4841709906852
2655,2784,2684,4575.342452595341,2052.4884814869984,-2249.380391364409,5003.923181860235,1623.9077522221044
2648,2784,2574,5008.551327521006,2112.8546520690697,-2206.8733860993257,5381.09782186423,1740.308157725845
2649,2784,1473,4065.0618420064857,4659.69507192565,-4054.0713596651276,6411.102649444228,2313.6542644879073
2650,2784,1474,2665.652651344363,4669.556050555847,-3275.598753503868,5587.576748364156,1747.6319535360542
2651,2784,2578,4229.026409369907,1983.1294795662445,-2283.4672516861997,4707.505097730505,1504.6507912056456
2652,2784,2676,4348.765261920265,2997.3898055282552,-2996.4252307877673,5316.608776798166,2029.546290650354
2653,2784,2686,3295.835103320861,4671.068327969327,-3671.781742995016,5943.888375573726,2023.0150557164611
2654,2784,2687,3314.954277631549,2954.1097846664,-2689.0972129922116,4491.131877181857,1777.9321851160926
3038,2785,2689,3609.341587893104,495.781687568661,-1248.3424745835905,3729.8074595141597,375.3158159476054
3037,2785,2688,3885.463999147296,610.0919782950638,-1260.1589081934408,4002.4903831665574,493.0655942758026
3036,2785,2678,4024.395075536131,574.66347111432,-1100.4074456967082,4110.022623844045,489.03592280640646
3035,2785,1482,3553.552499416532,385.20230200778246,-1141.857457928834,3653.292587683265,285.46221374104994
3034,2785,2579,3683.9975293042776,609.82254740628,-1366.9506847261691,3829.103992229274,464.7160844812836
3033,2785,2575,4029.6713532971467,611.3095734115781,-1154.0816608127939,4124.451503538355,516.5294231703699
3032,2785,1483,4030.0526119688107,531.8829377640584,-1051.2660444335177,4107.326951322744,454.60859841012484
2659,2786,2579,3706.170794634363,609.127772660138,-1366.8534097925096,3850.2776926476326,465.02087464686906
2662,2786,2692,3689.0719075406955,690.910786982636,-1463.9378504781066,3858.230249134567,521.7524453887643
2663,2786,2688,3879.9807504380597,607.6751312168502,-1261.6007237122421,3997.368676856843,490.28720479806634
2656,2786,2575,4063.24440104084,609.9962801728606,-1154.0774941371467,4157.115976879573,516.1247043341273
2660,2786,2681,4103.733216495566,707.6339228848609,-1264.1498795632606,4217.558657138499,593.8084822419275
2657,2786,2576,4182.391521775273,828.1007278714352,-1393.5683571626387,4321.375215509986,689.1170341367217
2661,2786,2691,3934.281811151408,807.670141283482,-1487.695693955318,4102.228341700847,639.7236107340432
2658,2786,2580,3700.522177493224,792.1689334537712,-1578.8200299875377,3900.9747646322035,591.7163463147913
2671,2787,2691,3946.8604926703524,805.9749511464755,-1488.3519547398569,4114.257870349265,638.5775734675622
2664,2787,2576,4193.31425523641,826.9052707562579,-1393.9871617811252,4331.915848862725,688.3036771299423
2667,2787,2580,3709.1002148096545,789.8233116781184,-1579.9185796766146,3909.154532671758,589.7689938160158
2668,2787,2683,4182.8382050051805,976.9710398830154,-1547.2726954370094,4359.766771211056,800.0424736771397
2669,2787,2693,3925.8659250200867,1160.2976304228355,-1809.1811480753067,4195.466752434726,890.6968030081957
2670,2787,2694,3645.4430604517624,944.7426635854347,-1715.732711148581,3894.899207310053,695.2865167271443
2665,2787,2577,4233.670635204488,1177.9123919686551,-1732.7598496110531,4462.216514656064,949.3665125170796
2666,2787,2581,3631.3690203280557,1148.9972328902352,-1881.8691109661145,3947.7133062425637,832.652946975727
2676,2788,2685,4108.291432092329,1505.1002582678007,-1974.941735144143,4440.479731186112,1172.9119591740173
2673,2788,2578,4040.9547789868598,1983.2317760278763,-2275.6912893186036,4546.123492430391,1478.0630625843448
2672,2788,2577,4278.976267558776,1174.8971169483411,-1733.428937578936,4504.581430023907,949.2919544832107
2677,2788,2695,3626.7089732036065,1947.0698427087104,-2264.332679855975,4196.5338749897255,1377.2449409225921
2678,2788,2696,3418.2939411877564,1455.7095502175926,-2047.2313412039075,3855.001539081298,1019.0019523240505
2679,2788,2693,3956.528482430533,1153.2701666916728,-1812.3626977427382,4223.949633339153,885.8490157830533
2675,2788,2581,3661.3858306579255,1134.2170237374676,-1889.3068921258673,3975.4628857579664,820.1399686374261
2674,2788,2582,3252.919906138073,1914.0186576486913,-2250.4190738916436,3892.7670480013967,1274.1715157853675
2682,2789,1475,1529.3879101418029,4225.131461102295,-2359.7789753155675,4668.599275488141,1085.9200957559567
2680,2789,2578,4220.585031896981,1970.7587298247374,-2278.6059054219427,4696.746774621283,1494.5969871004345
2681,2789,1474,2615.419873006274,4619.371268518691,-3248.5360412534446,5525.850941402491,1708.9402001224744
2683,2789,2582,3371.119691988626,1851.2656556090876,-2282.1704112662387,3982.1647812793744,1240.2205663183393
2687,2789,2695,3752.5661818165795,1918.4524997068406,-2277.2465270520966,4297.513508323569,1373.5051731998508
2686,2789,2698,2408.3308544267024,2758.9802446028284,-2304.384277578676,3749.11059943976,1418.200499589771
2685,2789,2697,2004.9174267824292,4434.641185463054,-2798.8706299081564,5072.968067856121,1366.5905443893623
2684,2789,2687,3337.1794326216623,2977.1014069984108,-2701.1336440820955,4519.654561730127,1794.6262778899459
3040,2790,2579,3653.224748074137,572.0417853348858,-1348.4038289261691,3794.290287007506,430.9762464015173
3041,2790,2583,3216.7262252145447,667.2707089316056,-1495.3889414137554,3419.827238921159,464.1696952249913
3042,2790,1481,3169.7566355482986,393.7602206752497,-1291.0579534517958,3312.5251260902055,250.99173013334303
3043,2790,2689,3662.33133031356,558.271800784294,-1280.377560646757,3789.1815687556177,431.4215623422365
3044,2790,2699,3448.7898958899277,610.5739854512141,-1430.4648351549552,3618.840460051374,440.5234212897674
3045,2790,2700,3182.5718164352356,518.7341659334173,-1385.313479793998,3351.912834243649,349.3931481250045
3039,2790,1482,3687.9609055582678,552.2811488307183,-1222.7871618502927,3802.9531623120183,437.2888920769676
2695,2791,2699,3446.8965723306355,613.6860314126806,-1427.83297742033,3616.6226812323525,443.9599225109637
2694,2791,2703,3176.92464705125,739.2616437126601,-1590.019356069293,3413.2875027205823,502.8987880433274
2693,2791,2702,3414.778733753565,818.2740938609996,-1640.812236699066,3652.2755096140336,580.7773180005315
2691,2791,2583,3232.8921506497113,659.6635989028171,-1503.057044229589,3436.3018391585156,456.25391039401234
2690,2791,2584,3142.9607271751242,838.765293401683,-1694.1074165659636,3420.838231742099,560.8877888347081
2688,2791,2579,3677.6620886302185,573.7502663031764,-1349.6853255053088,3818.0358645154374,433.3764904179568
2689,2791,2580,3709.6487687667664,805.1354694705481,-1584.25334241022,3911.6333468970124,603.1508913403025
2692,2791,2692,3677.6683416234528,677.1871177889592,-1457.0543512098466,3845.2028162333795,509.6526431790321
2702,2792,2705,3036.6878323639676,989.6405423090874,-1801.972537035202,3376.7539012855323,649.5744733875229
2697,2792,2581,3630.1548234848474,1146.8924952392224,-1881.1607498162195,3946.1948022491497,830.8525164749199
2698,2792,2585,2953.032544733323,1182.6027976143328,-1933.8112575168916,3378.737907990591,756.8974343570649
2699,2792,2584,3155.192002130861,838.9527768558502,-1695.2688823964809,3432.2466587307536,561.8981202559576
2700,2792,2694,3651.156474022145,953.5956978298968,-1719.1060257743045,3901.7634427836747,702.9887290683671
2701,2792,2704,3276.6550203269876,1158.0801226014996,-1911.0915922028348,3643.9570946857034,790.7780482427838
2703,2792,2702,3426.3746729319064,816.3854739332185,-1643.5265796338651,3663.5557473469194,579.2043995182053
2696,2792,2580,3719.3126463364583,804.2189771137184,-1586.0027534399412,3921.071075552511,602.460547897666
2705,2793,2582,3229.304112311807,1871.7470511566512,-2236.6926042843197,3858.7452670654425,1242.3058964030156
2706,2793,2586,2428.1398919567923,1809.253998637581,-2121.4108316192414,3223.6181716139045,1013.7757189804686
2707,2793,2585,2975.308636678189,1169.3946294874736,-1946.496740647962,3399.959911409007,744.7433547566561
2708,2793,2696,3416.3997327399566,1455.885091141069,-2045.9942163004464,3852.9795579331717,1019.305265947854
2709,2793,2706,2800.9606587147246,1835.0088647806965,-2180.372605996528,3510.3655282380605,1125.6039952573608
2710,2793,2707,2682.2541904822388,1447.6242726158334,-2023.2625591983667,3250.0449670790695,879.833496019002
2711,2793,2704,3300.3554571830487,1149.646727475458,-1920.2038621017186,3666.59143913992,783.4107455185867
2704,2793,2581,3664.633657804813,1138.6882458399239,-1891.2459000982956,3979.4134101364953,823.9084935082417
2719,2794,2706,2890.334514252614,1790.9424109702622,-2224.2776157193666,3581.2102973463143,1100.0666278765623
2718,2794,2709,1635.7913481707483,2411.8726339619934,-1887.8782485360996,3044.4183964543618,1003.2455856783798
2717,2794,2708,1055.0717248286062,3793.428974141104,-1897.6974322148117,4090.0726666226255,758.428032347085
2714,2794,1476,738.4157320400426,3396.753707127017,-1492.7298553007463,3591.9701048040542,543.1993343630058
2713,2794,1475,1491.4922613358226,4161.660163678174,-2337.586077533809,4600.9849377292385,1052.167487284759
2712,2794,2582,3365.533822793825,1835.9781962904174,-2279.1255949207866,3973.158455254681,1228.3535638295616
2715,2794,2586,2494.3290547673423,1730.16673616538,-2190.156044466543,3272.0676603743036,952.4281305584186
2716,2794,2698,2425.4513616804857,2787.634761856916,-2314.411398751123,3777.8326222566793,1435.2535012807218
3046,2795,1481,3267.6512617320977,601.4849336302415,-1345.163913913932,3427.7114970571624,441.42469830517666
3047,2795,2583,3188.2198952965937,611.523597954133,-1478.7550918709553,3385.3077457913173,414.4357474594094
3048,2795,2587,2719.8567124644987,759.3373882233928,-1541.9692640807748,2986.724272411988,492.4698282759034
3049,2795,1480,2719.7566605316447,448.7338619493304,-1369.9204415709485,2910.3510797853905,258.1394426955844
3050,2795,2700,3223.9031366261324,607.2846240220392,-1407.999973002796,3401.2886979496916,429.89906269847984
3051,2795,2710,2951.926681820592,672.7077715653545,-1524.5753653007455,3183.3723755971823,441.2620777887639
3052,2795,2711,2713.951486629147,595.4212718904832,-1450.7207496354151,2938.5049961391032,370.8677623805272
2724,2796,2703,3167.2777848647847,719.8574210656168,-1584.4901187378036,3401.346339049366,485.78886688103535
2720,2796,2583,3206.662658343642,608.1930277486564,-1487.7844716706563,3404.554011349006,410.3016747432923
2721,2796,2584,3149.0082106984846,854.7707207571386,-1696.8619510931442,3428.6748508961628,575.1040805594603
2722,2796,2588,2576.1302944056165,926.4000694351239,-1702.339795766798,2936.5468568222195,565.9835070185206
2723,2796,2587,2718.0150951578,749.4836179624316,-1552.9216850149287,2987.412183688944,480.08652943128754
2725,2796,2713,2846.4285127052513,886.0174081692622,-1700.4127396880585,3163.7798170028436,568.66610387167
2726,2796,2714,2640.789060203297,829.3619449667074,-1621.7531586200275,2950.739056092755,519.4119490772491
2727,2796,2710,2950.0131441489734,675.0356645375247,-1521.3315887207589,3180.9150955914474,444.13371309505055
2735,2797,2713,2849.5940661841787,883.097901591121,-1704.6970109299398,3167.604899748813,565.0870680264866
2734,2797,2716,2422.174625386016,1066.1769198996617,-1772.7037179770516,2860.106801987162,628.2447432985159
2733,2797,2715,2598.959814229307,1205.8735020718261,-1897.4877288934385,3079.398938648207,725.4343776529256
2732,2797,2705,3041.709182361625,1001.6096982331555,-1804.5043427193427,3383.4819166167354,659.8369639780451
2729,2797,2585,2951.2399519116907,1184.5650854662274,-1931.7523198967735,3376.795859373816,759.0091780041018
2730,2797,2589,2292.757374470857,1244.3911254125012,-1856.0867286959235,2834.422472791188,702.7260270921709
2728,2797,2584,3162.2619633114177,856.3449691803722,-1698.7335812941235,3441.3430051587275,577.2639273330622
2731,2797,2588,2571.5665568781856,923.3007008529703,-1704.672891718369,2933.04423103414,561.8230266970158
2742,2798,2718,1981.4052220051526,1462.845356264414,-1875.818869636713,2695.2132561298295,749.0373221397371
2740,2798,2707,2678.7876444605336,1444.9198095487195,-2020.4848633098686,3245.5754971953947,878.1319568138579
2741,2798,2717,2006.0433866764924,1731.6189190482137,-1999.4573334399095,2877.9320418570683,859.730263867638
2743,2798,2715,2606.8798389449603,1196.3941779941115,-1910.7482886976275,3089.116358027757,714.1576589113147
2739,2798,2589,2292.230853618037,1231.716369803427,-1870.7041590232052,2837.1741768341985,686.7730465872655
2736,2798,2585,2976.987952159606,1178.1215739997042,-1946.4682574707997,3402.7584194864294,752.3511066728809
2737,2798,2586,2407.332483381683,1757.984721767622,-2111.2293128210054,3187.07493336072,978.2422717885845
2738,2798,2590,1681.1894745556376,1727.6639445610624,-1882.949525699162,2646.1881964398463,762.665222676854
2750,2799,2720,1015.1428496589201,1959.874804079748,-1493.533357900576,2371.132100225345,603.8855535133229
2744,2799,2586,2488.588834735427,1711.510276470717,-2188.1833053032465,3261.083282861092,939.0158283450519
2749,2799,2719,433.49442665048105,2799.8905975702005,-1112.8382752835166,2924.193933207035,309.19109101364666
2746,2799,1477,261.9783095279498,2268.1711749043125,-806.7271051917503,2346.233661540446,183.91582289181633
2747,2799,2590,1635.8627060698027,1621.1376595472962,-1994.4869315795681,2625.770826520272,631.2295390968272
2748,2799,2709,1653.216690437513,2451.4788045496407,-1897.0217714984562,3081.4145582942538,1023.2809366929002
2745,2799,1476,700.314797578809,3308.220217686838,-1473.0954917006661,3501.863999340258,506.6710159253894
2751,2799,2717,2028.5885307681656,1672.1636242835705,-2075.109283039567,2903.124534010077,797.627621041659
3059,2800,2722,2254.1948776659824,687.3057278600013,-1439.4430486892888,2534.6038991520372,406.8967063739465
3053,2800,1480,2807.584882807254,694.4522912834864,-1400.2660070572947,3018.503719096249,483.5334549944914
3054,2800,2587,2699.030983896021,700.5096022467194,-1535.0056672900382,2959.7633596715373,439.77722647120345
3055,2800,2591,2221.968784274612,854.9195638558745,-1501.2517414663612,2553.65109414401,523.2372539864766
3056,2800,1479,2298.976764753014,547.4178957362897,-1389.2001231833385,2540.9892891846584,305.4053713046453
3057,2800,2711,2747.8433133508106,693.0767753674207,-1461.2629146481443,2981.1498189807544,459.77026973747684
3058,2800,2721,2444.4158172660614,765.1088530035915,-1533.936327083583,2741.9774132716652,467.5472569979879
2753,2801,2588,2586.1638714368733,949.2584430743703,-1707.953310671774,2950.5640531008007,584.858261410443
2752,2801,2587,2698.5955932965485,694.7866926362192,-1546.3630372446403,2962.243270826199,431.1390151065684
2754,2801,2592,2010.15915632053,1006.7491315599163,-1609.2122919750452,2456.6624383610315,560.245849519415
2755,2801,2591,2264.355246137028,857.5020482591862,-1521.8144258346867,2597.166441704955,524.6908526912591
2756,2801,2714,2629.2615259418426,801.770262168046,-1615.8514751748999,2935.218758382405,495.8130297274836
2757,2801,2724,2279.487317114628,972.7152863372337,-1657.953517791282,2681.6181191640235,570.5844842878378
2758,2801,2725,2129.177475317574,915.8363472067056,-1556.5652139115248,2509.306277689377,535.7075448349028
2759,2801,2721,2466.855248315358,771.7983834042626,-1534.0132302104214,2762.394439159373,476.2591925602476
2763,2802,2592,2079.7354913159265,1020.7224773213447,-1623.1931487265215,2519.2832348488378,581.1747337884334
2765,2802,2726,1963.1867520400165,1259.6090227553818,-1761.6624630024876,2559.880393126892,662.9153816685063
2764,2802,2716,2423.4214082014287,1076.926733857748,-1770.1439229578054,2862.205704574734,638.1424374844426
2762,2802,2593,1681.149789394999,1271.5252615812597,-1664.5586346385105,2333.4471599480758,619.227891028183
2761,2802,2589,2298.873619151478,1264.7037279051804,-1856.8815947949954,2844.5111938798063,719.0661531768517
2760,2802,2588,2581.7129875667847,946.827468314016,-1710.1800862862697,2947.229080626379,581.3113752544216
2766,2802,2727,1869.2903527137191,1120.6372541597036,-1634.4564986238113,2393.8422028696014,596.0854040038212
2767,2802,2724,2310.1658512782146,977.0849620019355,-1667.7561893215081,2711.1594066107828,576.0914066693679
2774,2803,2729,1415.8518619389476,1449.1238386301393,-1603.2212672455016,2234.271090347157,630.7046102219299
2773,2803,2728,1312.8653885243523,1624.0032795548796,-1706.3348837435212,2335.669239171285,601.1994289079468
2772,2803,2718,1973.2161160571693,1445.0399695497686,-1870.886838641966,2681.134679193254,737.1214064136835
2771,2803,2593,1761.788687794951,1285.961655694394,-1684.3277971037207,2398.999661827926,648.7506816614191
2770,2803,2594,1074.331300465852,1628.2566226554866,-1520.152901426953,2160.259057575274,542.3288655460647
2769,2803,2590,1663.9765732945052,1656.4649915705481,-1886.4919112252703,2603.4742153680195,716.9673494970339
2768,2803,2589,2300.304435399687,1257.6233550249522,-1872.126618491843,2850.4164036135467,707.5113868110925
2775,2803,2726,1990.2838017792244,1258.3469072970647,-1780.716154201311,2586.9525706452428,661.6781384310466
2778,2804,1478,-106.52051496142707,909.9301961832298,-447.8931050210958,957.083153500394,-153.67347227859136
2779,2804,2594,972.9631533739102,1540.296503270871,-1637.0026164510446,2122.8925910238804,390.36706562090035
2780,2804,2720,1037.2899492754473,2042.3379866305636,-1492.742170451137,2439.5918217639537,640.0361141420574
2781,2804,2730,13.279845981805465,1502.3491279552827,-600.1695751230698,1560.5490080619772,-44.92003412488907
2782,2804,2731,552.1981383177438,1505.2538183861705,-1135.1384351770598,1769.8154460154294,287.6365106884848
2783,2804,2728,1270.6248471011834,1564.793712962573,-1800.8056505563789,2330.046431626337,505.37212843741986
2776,2804,2590,1631.6994247152272,1590.4168503856026,-2000.9030292090729,2611.722564723846,610.3937103769837
2777,2804,1477,216.76520212490152,2090.391073816174,-812.2277683698511,2174.630028765265,132.52624717581057
3158,2805,1479,2372.4878470177077,791.193327883458,-1377.9388264392758,2630.555010643673,533.1261642574925
3160,2805,972,1887.2699117146788,903.1717051298469,-1434.3082386325368,2264.9462541251946,525.4953627193313
3161,2805,13,1791.9373812884132,614.2852492926785,-1297.020149315297,2079.0573484061674,327.1652821749243
3162,2805,2722,2292.271577332717,807.79370663572,-1439.2155860061728,2583.838239230647,516.2270447377896
3163,2805,2732,2006.3021552804435,812.9609229492854,-1474.5695611686285,2358.1064580645816,461.1566201651474
3159,2805,2591,2182.6840060247428,745.9814007412799,-1486.5801136142716,2498.0196494916618,430.64575727436113
3060,2806,972,1656.7293635797118,845.5407605892132,-1322.7922616420512,2026.9904476238312,475.2796765450938
3065,2806,2725,2131.5549788011595,915.2067556851068,-1564.4565572673737,2514.2172966620437,532.5444378242229
3064,2806,2732,1925.3424883339578,795.9584034573179,-1415.0386265495235,2265.891121876314,455.40976991496154
3063,2806,971,1717.7183430244393,1030.3558498156601,-1494.4714605440336,2196.519944789972,551.554248050127
3062,2806,2592,1983.5684915603738,944.8201668155161,-1587.83173592172,2412.904994217124,515.4836641587656
3061,2806,2591,2228.5948148235516,757.3600043996527,-1509.406421781051,2546.8796362812445,439.0751829419596
3066,2806,2735,1828.8020229214146,980.7492758819033,-1539.271061437346,2283.489035884947,526.0622629183706
3067,2807,971,1354.9004534277942,939.4766281578588,-1320.4769280722767,1839.329471560019,455.0476100256342
3068,2807,2592,2056.460440460959,965.8970512094027,-1605.0786380535578,2481.4372088634227,540.920282806939
3070,2807,970,1431.2580183896646,1170.863188648375,-1526.065995767182,2075.1217914739636,526.999415564076
3071,2807,2735,1690.0582253359619,947.7375141948387,-1461.7962964625683,2138.6369213148464,499.15881821595383
3072,2807,2727,1891.6074637929687,1180.1429998441367,-1645.0993292153314,2432.0523190126423,639.6981446244631
3073,2807,2737,1509.609355779658,1151.9254732843274,-1571.8418441429096,2136.779905563539,524.7549235004461
3069,2807,2593,1626.9726267336844,1145.1770123094323,-1621.1633260745223,2231.6955299892375,540.454109053879
3080,2808,2739,937.3661906064631,1222.0334940112828,-1379.0407742419084,1783.7575335972883,375.64215102045773
3079,2808,2729,1442.3443331154856,1509.9101420576933,-1625.4091174214539,2289.533645468714,662.7208297044649
3078,2808,2737,1315.509989017567,1110.0025423455854,-1437.023417970095,1938.5781471428772,486.9343842202752
3077,2808,969,1035.9240257248198,1178.845765845965,-1302.0626166718027,1762.326435453911,452.44335611687404
3076,2808,2594,953.7774021894977,1300.8206211182533,-1468.4735547137957,1881.761332896329,372.83669041142196
3075,2808,2593,1711.894339526552,1169.1563324488914,-1644.7940296098482,2306.538029914149,574.512642061294
3074,2808,970,1002.212674403056,1076.6901557800136,-1237.2771243388363,1659.2097505829656,419.69307960010394
3081,2809,969,452.5142905086662,1066.5814225695042,-812.1918762255865,1268.6485554396713,250.447157638499
3087,2809,2741,-356.86723787567587,-253.5946072267297,-412.1626820513877,-92.7789793281841,-517.6828657742215
3086,2809,2731,653.9137194321579,1818.9735321261003,-1142.427944251818,2052.302984823609,420.58426673464896
3085,2809,2739,566.2633497849947,1131.8849904688088,-1184.7245610984355,1505.484888747441,192.66345150636266
3083,2809,1478,-308.43848007639264,267.7737206245748,-452.21692351801437,345.90546858879964,-386.5702280406174
3082,2809,2594,864.6537055169738,1253.2339731005434,-1583.6713386022575,1874.2673231275407,243.6203554899762
3084,2809,9,-127.46758262375978,-690.9394051045141,-414.0977850957096,-59.568873742303424,-758.8381139859705
3168,2810,2768,5411.707340030964,209.20607501192717,-239.7384227849066,5414.467744550862,206.44567049202897
3164,2810,1018,5424.01145497984,223.56908162980244,-209.16233457444676,5426.11373785752,221.46679875212203
3165,2810,2743,5411.241179953564,230.71565891413002,-268.9603662159178,5414.729773782212,227.227065085483
3166,2810,1550,5379.578990156906,346.37281747455086,-251.11894416003216,5382.709277649348,343.2425299821093
3167,2810,26,5328.671011362361,192.1067352360344,-205.02475871374472,5330.716075936189,190.06167066220632
3169,2810,2769,5409.815985503414,293.29835348336974,-266.26204889860367,5413.2776927675295,289.8366462192539
3094,2811,2768,5402.66768998695,181.81319609067145,-223.35601891367716,5405.055474648489,179.4254114291325
3093,2811,2773,5462.628389972778,191.99342649155278,-261.7536496967148,5465.876232958857,188.74558350547386
3092,2811,2772,5449.491917291626,136.28547253503075,-209.7496512730417,5451.561185124006,134.21620470265088
3089,2811,2744,5465.84674457348,132.0757649435834,-234.80006043969405,5468.429550670872,129.49295884619096
3090,2811,2743,5413.203814064513,236.66303500802564,-276.671703994405,5416.898010956476,232.96883811606176
3088,2811,1019,5433.708681966137,142.22727696428228,-189.2298934801464,5435.399914948486,140.53604398193283
3091,2811,1018,5392.703157865679,128.69545401113123,-174.5709852067482,5394.150090323605,127.24852155320559
3096,2812,2745,5478.785577894053,52.73060751090452,-170.19036090418336,5480.119771834627,51.39641357033133
3095,2812,1020,5428.540411853684,70.64822688101003,-140.97073763979327,5429.4675166782745,69.72112205642043
3097,2812,2744,5471.4668215193415,149.1063011430508,-241.2082789559405,5474.198297045101,146.37482561729166
3101,2812,2772,5438.953590568527,104.35114913169969,-188.7081909787684,5440.621927072818,102.68281262740857
3099,2812,2775,5452.966913317538,59.58007914607447,-154.65549702953595,5454.075373027781,58.471619435831144
3100,2812,2776,5506.417343397307,111.2446634662358,-210.57400907543249,5508.471241480756,109.19076538278614
3098,2812,1019,5407.832504306676,63.81461739049746,-138.05817506776452,5408.724009583215,62.92311211395827
3102,2813,1021,5368.571676366163,3.0482223552855885,-86.42443816083721,5368.919671262358,2.700227459090911
3103,2813,2746,5433.662692613419,0.16043936627465882,-85.87727339371112,5434.001997045065,-0.1788650653716104
3104,2813,2745,5481.46122784764,60.8386376731778,-178.36930896957503,5482.928172010992,59.37169350982549
3105,2813,1020,5410.83487240925,16.995077049504516,-85.97319638571123,5411.177435470973,16.652513987781276
3106,2813,2778,5401.400596986118,2.462508618085394,-85.70837867064093,5401.7407316240715,2.1223739801321244
3107,2813,2779,5493.030526472122,42.204105506463975,-134.33888268697345,5493.858116381789,41.37651559679671
3108,2813,2775,5446.431224356809,39.77496108326113,-131.72877758682816,5447.233471420349,38.972714019721934
3114,2814,2782,5405.004364825751,6.603536069729671,-45.192606456627296,5405.098945422911,6.508955472568687
3115,2814,2778,5402.051845941292,4.435777513623407,-66.85254619364645,5402.258839709015,4.228783745900728
3110,2814,1539,5305.6827271393695,-8.28841415623242,1.1972037450379238,5305.682794569957,-8.28848158682058
3109,2814,30,5223.439585327397,-35.47189309284022,-30.347175332105834,5223.483365460777,-35.515673226220315
3112,2814,1021,5372.043535602661,13.567410497996889,-39.239922664760535,5372.1153727655255,13.495573335132576
3111,2814,2746,5432.928056130333,-2.065836010331168,-95.11220045474174,5433.344139310646,-2.4819191906444757
3113,2814,2781,5264.127202620851,-23.195164571548958,-14.251451007842448,5264.13680594522,-23.204767895917485
3122,2815,2784,5404.180336477938,387.44639821677515,-351.34970921937423,5410.324553714892,381.3021809798206
3121,2815,2783,5431.294622753479,266.5879445508042,-318.40117381329054,5436.197280811923,261.6852864923617
3120,2815,2769,5386.257466137739,285.5240420926973,-280.4529308784352,5390.1095833078425,281.67192492259437
3119,2815,1549,5372.040524512728,440.4864335791917,-334.982751609136,5377.722521579282,434.8044365126366
3118,2815,2747,5438.165226692264,335.0148992289537,-367.6003235804864,5444.776591665335,328.40353425588137
3117,2815,2743,5438.09001835413,239.57577558631692,-266.3912660076139,5441.500501509119,236.1652924313271
3116,2815,1550,5336.266276703073,332.07962203478496,-294.39718834770053,5340.592396472069,327.7535022657894
2791,2816,2787,5484.923889115129,262.4299207052445,-355.0623232746795,5490.9518476458,256.4019621745733
2784,2816,2747,5431.0827755993005,313.55292622019715,-371.77205545782334,5437.825901009448,306.80980081004964
2785,2816,2743,5440.0526524651195,245.52315168022483,-274.10260378603135,5443.66606972715,241.9097344181946
2786,2816,2744,5478.910927362852,136.3869452640772,-239.13963104725502,5481.585653143071,133.71221948385892
2787,2816,2748,5537.348742430246,210.839549324058,-336.79120806093016,5542.667196314027,205.5210954402769
2788,2816,2783,5435.358512325758,278.9027614364959,-320.01480317778413,5440.318850365186,273.9424233970676
2789,2816,2773,5460.189880360363,191.1887183194558,-257.4017652147365,5463.331661105625,188.04693757419363
2790,2816,2786,5507.919607459231,172.97763128917018,-285.04286805698365,5511.724313014389,169.17292573401255
2797,2817,2776,5495.682908591693,107.70229998038303,-209.5546785132028,5497.719690669735,105.66551790234053
2799,2817,2789,5565.873943916349,155.45090993810913,-296.6153143613866,5569.936224982532,151.38862887192727
2798,2817,2788,5541.260184176263,78.07230167851503,-212.14930719349493,5543.31898093257,76.01350492220718
2796,2817,2786,5509.083288586825,176.50393773642463,-288.31256125370413,5512.977439515756,172.60978680749395
2792,2817,2748,5535.442453426117,205.0629159784403,-334.7602272824046,5540.693211235826,199.81215816873146
2794,2817,2745,5497.429238192482,58.88301540938437,-171.53652768740548,5498.7815051688995,57.53074843296781
2793,2817,2744,5484.53100430863,153.41748146351847,-245.54784956350147,5487.356952500986,150.59153327116292
2795,2817,2749,5586.8993127436715,102.73456559095598,-256.4452762661352,5589.895588023837,99.73829031079003
2805,2818,2779,5484.325397114614,39.33141281848657,-133.67124812675902,5485.145660245339,38.511149687761645
2804,2818,2788,5542.185464369113,80.87618105078855,-215.43546816522243,5544.309240776556,78.75240464334502
2803,2818,2750,5556.750051907588,20.787799612997333,-134.16945472754313,5557.562864527337,19.974986993248876
2806,2818,2790,5503.358156693452,13.583670926369905,-108.74293556042285,5503.896606239663,13.045221380158637
2801,2818,2745,5500.104888145989,66.99104557163514,-179.71547575276924,5501.590630182831,65.50530353479326
2800,2818,2749,5583.957717380481,93.82064024806914,-253.576651326078,5586.884186260693,90.89417136785642
2802,2818,2746,5449.6587891619065,5.439151227273214,-85.7375571434305,5449.996324817725,5.1016155714546585
2807,2818,2791,5579.797962501218,60.42068021754358,-194.81780547909307,5581.5165514470045,58.70209127175667
2808,2819,2750,5556.057283523985,18.688501480751256,-129.34128324397477,5556.8124655883275,17.93331941640872
2812,2819,2790,5503.334433484726,13.511782415081598,-112.00184382325098,5503.905631715861,12.940584183947522
2811,2819,1540,5424.958752715422,-7.882290457998806,1.6886681447975587,5424.958883935902,-7.882421678479204
2810,2819,1539,5321.03378884135,-3.222563794581447,4.151975301877024,5321.0345982922445,-3.223373245476523
2809,2819,2746,5448.924114084773,3.2128631146363205,-94.97248524852685,5449.338159505296,2.798817694112131
2814,2819,2792,5373.839951468978,-2.9913448255192634,3.0752612207829872,5373.840391190362,-2.9917845469035456
2813,2819,2782,5394.654455933416,3.188066135259305,-46.351502888108456,5394.754077352106,3.088444716569029
2815,2819,2793,5500.184064430356,8.596200793904472,-64.76760817538799,5500.3750245547235,8.405240669535942
3129,2820,2795,5389.921242106963,507.5825493025586,-451.19489034464283,5400.323225501639,497.18056590788274
3128,2820,2794,5438.254848052876,370.1043475473209,-422.5747061143768,5447.0480016907895,361.3111939094074
3127,2820,2784,5376.804190832712,378.4122701538506,-368.9726693271688,5383.604171402711,371.61228958385254
3126,2820,1548,5360.581752231677,578.5410873083397,-419.00365748496,5369.742505957372,569.3803335826442
3125,2820,2751,5432.094829461245,440.8592634648487,-480.0318902382397,5443.610025131763,429.34406779433084
3124,2820,2747,5458.386575878791,341.687944460509,-359.8348100484485,5464.705171190506,335.3693491487943
3123,2820,1549,5308.055962473801,419.37152810634484,-374.75627851482756,5315.227449469234,412.20004111091157
2816,2821,2751,5429.21222421368,432.1240960480966,-483.4825549463984,5440.879562662103,420.45675759967344
2818,2821,2748,5531.535216269254,208.92108569092989,-337.52736636111484,5536.880823623959,203.5754783362254
2820,2821,2794,5439.40151681281,373.5791013653052,-419.9148465576886,5448.088488542782,364.89212963533237
2821,2821,2787,5493.543205683491,265.27429517280393,-353.04195296933904,5499.49626906035,259.3212317959451
2822,2821,2797,5559.109773682509,252.2484816972974,-394.3781464501935,5566.426715059308,244.93154032049824
2823,2821,2798,5510.928470497171,367.1466858618587,-473.4604414471694,5521.80043206106,356.27472429796944
2817,2821,2747,5451.30412478591,320.2259714517795,-364.0065419257436,5457.751818020059,313.7782782176305
2819,2821,2752,5588.397646469762,300.7677424730239,-458.8883302961905,5598.335155672445,290.83023327034016
2827,2822,2753,5695.440560615568,155.16130370160795,-366.2510456123945,5701.486898237016,149.11496608015932
2831,2822,2800,5651.662658052479,230.32700206416098,-415.3701852514231,5659.607191433424,222.38246868321585
2830,2822,2799,5637.7421961525515,123.4859409332048,-307.6698959290324,5642.030499158092,119.19763792766435
2824,2822,2752,5587.765767033986,298.8529563042291,-458.5762612749047,5597.687391778337,288.93133155987834
2825,2822,2748,5529.628927265168,203.14445234532604,-335.4963855825893,5534.906630067128,197.8667495433665
2826,2822,2749,5583.251500822053,101.53078765682471,-255.1698135823154,5586.219382800862,98.5629056780158
2829,2822,2789,5566.49967868708,155.65740241245066,-298.2895971568335,5570.607596607884,151.54948449164704
2828,2822,2797,5557.093521137194,246.13862549937357,-393.99580597664516,5564.3906881996545,238.84145843691385
2836,2823,2799,5636.234454312524,118.91702626645429,-306.12218775449077,5640.477403200082,114.67407737889516
2835,2823,2754,5707.618085440061,34.44834158119875,-198.18073611273238,5709.348318762415,32.71810825884495
2834,2823,2750,5548.209498589839,17.969417018142394,-133.35968212315586,5549.013361522155,17.16555408582599
2833,2823,2749,5580.309905458819,92.61686231391832,-252.3011886422303,5583.208313142233,89.71845463050386
2832,2823,2753,5692.331083604212,145.7386460913283,-365.2671498390035,5698.338183965108,139.73154573043166
2837,2823,2791,5583.409978596337,61.61264552893317,-195.40994236845435,5585.1382699166425,59.88435420862834
2838,2823,2801,5627.827752254798,25.948152753982413,-163.10824182892682,5629.014794113096,24.76111089568394
2839,2823,2802,5719.124835279271,96.41292147255899,-284.30338479002046,5722.7163770100815,92.82137974174884
2841,2824,2750,5547.516730206194,15.870118885882675,-128.53151063961545,5548.263258372703,15.123590719373624
2842,2824,1540,5412.822884875833,-11.887126845065268,2.120664327754862,5412.8230921319355,-11.887334101167198
2843,2824,1541,5562.399904730717,-12.969913189473118,1.6597376446105265,5562.4000282529705,-12.970036711727062
2844,2824,2801,5627.213644570184,24.08722037636562,-161.09199752211848,5628.371269319351,22.929595627198978
2845,2824,2793,5503.005217942753,9.527181452995364,-63.72195551315466,5503.189998468501,9.342400927248036
2846,2824,2803,5488.316706221847,-10.291212687923007,1.7095627446765775,5488.316839101148,-10.291345567223743
2847,2824,2804,5656.785330815265,15.065582441772222,-96.33226749565398,5657.196518798384,14.654394458653769
2840,2824,2754,5705.49993609696,28.02970720805706,-193.2912079214837,5707.144624204429,26.385019100588124
3130,2825,1548,5230.2389555041755,535.5279643882632,-450.9097341683996,5241.041156034013,524.7257638584256
3136,2825,2806,5349.6520037995715,660.6888829623128,-560.317090455132,5366.33172495554,644.0091618063443
3135,2825,2805,5426.901325855539,506.6794769761202,-539.0827000381146,5441.623385662988,491.9574171686704
3134,2825,2795,5347.673790060349,493.64089012717614,-463.37028640757234,5358.707145571447,482.6075346160792
3133,2825,1547,5292.614020807881,724.542455001995,-527.0115632518311,5307.763909948704,709.392565861172
3132,2825,2755,5403.114227704806,595.6548694831049,-593.2195508229349,5421.34526857023,577.4238286176815
3131,2825,2751,5461.539089388887,450.5758692409722,-475.42957122330733,5472.790762306431,439.32419632342817
2855,2826,2809,5516.777179895961,518.5980214847191,-610.5331077976231,5535.352469933938,500.02273144674245
2854,2826,2808,5608.447286435779,365.60766734053686,-531.8555576237803,5621.901174322726,352.1537794535898
2853,2826,2798,5521.675651936595,370.6932557368684,-471.7919123464965,5532.456251933127,359.9126557403365
2852,2826,2805,5427.740995740301,509.223931172369,-537.2331702012476,5442.367545347288,494.59738156538197
2849,2826,2751,5458.656484141321,441.84070182421806,-478.8802359314521,5470.058450594635,430.4387353709035
2850,2826,2752,5587.510124803088,300.4748603230237,-460.88210760796136,5597.535134248363,290.4498508777492
2848,2826,2755,5401.906935825537,591.9964092430084,-605.0013256994073,5420.8568830276345,573.0464620409116
2851,2826,2756,5634.4625713859405,446.1286323748823,-612.2436227379748,5652.461911491905,428.1292922689181
2860,2827,2808,5607.098719190382,361.52109993024624,-532.434096530538,5620.574815958717,348.04500316191115
2863,2827,2811,5741.256163716528,350.9918956873539,-573.5974091183878,5756.472847978816,335.7752114250661
2862,2827,2810,5762.850144639209,195.2137390407886,-441.1003936345097,5771.573109943409,186.49077373658974
2859,2827,2757,5833.618296713196,253.3779392913193,-525.9697679626867,5845.984810361855,241.01142564266002
2861,2827,2800,5650.266306319707,229.86620599234607,-416.8638125648183,5658.269370616706,221.86314169534762
2857,2827,2752,5586.878245367436,298.56007415426893,-460.5700385867035,5596.887289346238,288.55103017546753
2856,2827,2756,5633.616057120598,443.56343763142127,-613.6299805966255,5651.690776142094,425.48871860992494
2858,2827,2753,5698.375614105057,156.12987135314052,-365.562143546319,5704.397119325584,150.10836613261336
2870,2828,2812,5813.90648735912,45.092010313413084,-246.38234172276202,5816.53599647583,42.46250119670276
2864,2828,2757,5828.634239578843,238.27473585388657,-526.8103314846592,5841.017866620166,225.8911088125633
2865,2828,2753,5695.266137093618,146.70721374283244,-364.578247772942,5701.248507721292,140.72484311515836
2866,2828,2754,5698.994043728417,31.6024078163573,-197.2082591686084,5700.70908895828,29.887362586493964
2868,2828,2810,5760.825891502818,189.07963862748056,-440.42478021298933,5769.515803066619,180.3897270636794
2869,2828,2802,5721.7921782114245,97.29314464016988,-285.35061636289,5725.409062416026,93.67626043556811
2871,2828,2813,5904.5096880924775,159.97662469475358,-420.90975412221644,5912.209525016036,152.27678777119445
2867,2828,2758,5931.063812284587,65.4030276394974,-306.09511806411814,5935.054433482696,61.41240644138725
2873,2829,2754,5696.875894385316,25.183773443211976,-192.31873097737366,5698.505737293952,23.553930534576466
2872,2829,2758,5925.537361234767,48.656206276406465,-297.5108015335303,5929.300243177361,44.893324333811506
2875,2829,1542,5781.537782521894,-20.86590600281761,0.5806838600777962,5781.537797050086,-20.86592053100958
2876,2829,2812,5812.264298425406,40.11568021125049,-244.28883056380397,5814.847839578973,37.53213905768234
2877,2829,2804,5658.829921694002,15.740297431755607,-95.86384823536379,5659.237022018809,15.333197106949228
2878,2829,2814,5665.621501857722,-16.165873331432067,2.6046601933701936,5665.621800366533,-16.16617184024335
2879,2829,2815,5890.1327773753155,25.971567950811732,-149.8577203344033,5891.09001875638,25.014326569747027
2874,2829,1541,5547.589439255317,-17.85736679635511,3.3765134834929387,5547.5899513814165,-17.857878922453892
3139,2830,2759,5330.976428847113,797.5170629667305,-712.6124214377616,5358.809355930669,769.6841358831757
3140,2830,1546,5250.459005020507,927.0819146048335,-592.066750130996,5270.635058186144,906.9058614391956
3141,2830,2806,5290.927370585077,641.3097540015299,-564.4143768410701,5307.993215708221,624.2439088783858
3142,2830,2816,5385.883991573561,695.4463705869057,-659.9324787775046,5408.982935991531,672.3474261689348
3143,2830,2817,5273.374482300418,856.5764295378412,-651.8848232690635,5297.2981734991745,832.6527383390849
3138,2830,2755,5446.240094292538,609.8864054570552,-591.3931489266607,5464.252018223319,591.8744815262735
3137,2830,1547,5170.301107042522,684.1791934594264,-538.345011741016,5186.394039165853,668.086261336095
2887,2831,2820,5478.3382976853645,734.2608059381437,-755.6940976555352,5508.24380683382,704.355296789689
2883,2831,2760,5641.603411626847,667.4262959648333,-788.6029474047734,5672.665593258789,636.3641143328919
2882,2831,2756,5635.052433578502,446.32328689842893,-615.0384190804036,5653.214530655068,428.16118982186254
2885,2831,2809,5530.456674456965,523.1122546898505,-610.0349424391461,5548.968080469046,504.60084867776914
2881,2831,2755,5445.032802413353,606.2279452169887,-603.1749238031331,5463.757341116712,587.5034065136297
2880,2831,2759,5334.245070821681,807.4220386471279,-720.9287059114439,5362.768597642098,778.898511826711
2884,2831,2816,5385.9632326916535,695.6864951871855,-657.0944134647897,5408.865665033342,672.7840628454969
2886,2831,2819,5634.652218676758,545.7362946867654,-696.8632818502084,5658.398089861186,521.9904235023369
2895,2832,2822,5807.925429270507,553.9655424886002,-776.6621036258548,5836.472670598338,525.4183011607697
2893,2832,2811,5739.2211575308265,350.3203436460726,-576.0620080287197,5754.572377044797,334.96912413210293
2892,2832,2819,5633.227590038587,541.4192382074591,-698.2676079225724,5657.055401317949,517.5914269280966
2891,2832,2761,5973.3103705370795,434.9182285429363,-752.069068737515,5998.724979163118,409.5036199168967
2890,2832,2757,5845.253411946416,257.2175273182802,-526.7123837371389,5857.637569433525,244.8333698311717
2889,2832,2756,5634.205919313159,443.7580921549652,-616.4247769390404,5652.4437020324585,425.5203094356657
2888,2832,2760,5643.557414274104,673.3475161081499,-792.2682865965879,5674.9319241661815,641.9730062160729
2894,2832,2821,5903.627784331561,328.9342206271815,-633.3117699710808,5921.556930404775,311.00507455396746
2896,2833,2761,5967.695022580799,417.90202261469835,-759.6628874166598,5993.570293243785,392.02675195171196
2897,2833,2757,5840.269354812105,242.11432388085973,-527.5529472591534,5852.670625612824,229.71305308014144
2899,2833,2762,6258.7902814872605,149.41816324366755,-500.7214756143926,6269.032837982541,139.1756067483866
2900,2833,2821,5899.487109857368,316.3867222205324,-632.7918785381316,5917.360144211167,298.51368786673356
2901,2833,2813,5908.155511889024,161.17974654761406,-423.34695187476467,5915.941353158963,153.393905277675
2902,2833,2823,6084.210024578763,91.73596780621892,-391.3257710360242,6090.591902254702,85.35409013027993
2903,2833,2824,6141.953469864307,293.1341767521328,-637.9815477090464,6159.299573650966,275.78807296547484
2898,2833,2758,5918.61987740084,61.29652912786378,-303.5620286860344,5922.550346381246,57.36606014745894
2906,2834,1542,5749.619998549229,-31.398774713798048,2.9226244100316916,5749.620367936237,-31.399144100805643
2904,2834,2762,6240.192667529466,93.06175731084613,-483.38288899589145,6249.680789830838,83.57363500947349
2910,2834,2825,5947.996568926749,-28.413918333098536,2.3228686180852876,5947.996794635745,-28.414144042093085
2905,2834,2758,5913.093426351019,44.54970776477012,-294.97771215544657,5916.797793460457,40.845340655332166
2907,2834,1543,6142.621227257591,-36.7984923971012,-5.768153227494687,6142.622573321863,-36.79983846137202
2908,2834,2823,6078.519002963545,74.49044776010305,-385.43466754871264,6084.698484690116,68.31096603353262
2909,2834,2815,5895.500114814782,27.742789305835686,-149.76075900267128,5896.455532379031,26.787371741586867
2911,2834,2826,6255.550349758581,49.29895523735195,-248.3087362416848,6258.033030919602,46.816274076330956
3150,2835,2828,5147.932839879444,1072.3495333456763,-721.1922528295208,5179.591449003398,1040.6909242217216
3144,2835,1546,5017.562628059977,850.22611020786,-579.1749681734195,5037.589766332767,830.19897193507
3145,2835,2759,5380.036323916505,813.7068283396325,-716.4535033492081,5407.968214341014,785.7749379151251
3146,2835,2763,5202.869976771143,1032.4800956575154,-785.6121551598471,5239.545568246729,995.8045041819296
3147,2835,1545,5105.367453708474,1116.3013394457312,-660.732045376203,5132.542541917714,1089.1262512364924
3148,2835,2817,5192.60952192446,829.923992613775,-645.8329327415776,5216.381561801437,806.1519527367982
3149,2835,2827,5294.755200270847,933.1102528092638,-762.1926574129235,5327.802883907654,900.0625691724567
2912,2836,2763,5211.808850184008,1059.5675908481294,-798.9793428223969,5249.894659465925,1021.4817815662141
2914,2836,2760,5640.372847038754,667.0202096507626,-793.1234141136457,5671.79507714251,635.5979795470066
2919,2836,2831,5374.871042042624,1013.2730572886661,-870.5454642696928,5417.8855752321615,970.258524099128
2918,2836,2830,5602.605737271787,810.5913940897933,-866.1112007644147,5641.426592326179,771.7705390354008
2917,2836,2820,5494.365465011138,739.5497711556491,-756.9129819770374,5524.300008813254,709.615227353534
2916,2836,2827,5293.535899530837,929.4154020819609,-758.3342815955771,5326.23402356947,896.7172780433275
2915,2836,2764,5572.878159848151,978.5103492916827,-946.1785959417197,5621.087052913921,930.3014562259123
2913,2836,2759,5383.3049658909895,823.6118040199997,-724.7697878229183,5411.926111378909,794.9906585320809
2925,2837,2822,5806.627388976915,553.537189191715,-778.4431831478821,5835.309701024238,524.854877144392
2924,2837,2830,5602.3513877991245,809.8206381120308,-870.6236071212885,5641.570382232725,770.6016436784303
2923,2837,2765,6039.667889166709,777.9284338991929,-1032.0441737050733,6089.796915337094,727.7994077288072
2922,2837,2761,6009.779139511642,446.95292230454083,-757.8670837898702,6035.472995361834,421.2590664543486
2921,2837,2760,5642.326849686053,672.941429794093,-796.7887533054322,5674.0633444281775,641.2049350519687
2920,2837,2764,5578.515314193989,995.5926351881626,-952.6019530679574,5627.493610888452,946.6143384936995
2927,2837,2833,5789.667095023925,880.3509404737833,-993.4381994350176,5839.420353842812,830.5976816548969
2926,2837,2832,6016.655206124868,587.9946249001275,-890.8848239080302,6052.962635915394,551.6871951096014
2934,2838,2834,6456.381629903072,222.84734163497433,-663.2956867380841,6473.976896653388,205.25207488465776
2929,2838,2761,6004.16379155532,429.93671637629063,-765.460902469015,6030.319610020591,403.78089791102
2931,2838,2766,6690.83470036381,373.94373623652837,-865.727525427611,6720.358619069094,344.419817531244
2932,2838,2832,6013.965247918926,579.8432363972731,-890.1599412850361,6050.178055147498,543.630429168702
2933,2838,2824,6136.236264247504,291.24749889858754,-646.8975190170981,6154.080725446551,273.4030376995411
2935,2838,2835,6380.497146004246,592.2523161283134,-974.0291487054753,6421.18779977753,551.56166235503
2928,2838,2765,6048.026917973151,803.2588242218592,-1055.0074292553122,6100.555628226954,750.7301139680567
2930,2838,2762,6246.174550330782,145.25497196202969,-501.0091873184087,6256.4430203806605,134.98650191215165
2936,2839,2766,6654.446493658295,263.6764431896272,-889.3138243426855,6685.236483675549,232.88645317237388
2937,2839,2762,6227.576936372945,88.8985660291919,-483.6706006998936,6237.089379020588,79.38612338154826
2938,2839,1543,6031.065392625101,-73.61191782582318,7.877712180855344,6031.067934050316,-73.61445925103772
2939,2839,1544,6797.638707425251,-27.366868869552945,-29.932126676621007,6797.671525270208,-27.3996867145097
2943,2839,2837,6890.692915007027,172.48939093358103,-471.49598102934635,6898.955368903877,164.22693703673212
2942,2839,2836,6408.215241317437,-69.11765704144909,6.071496514111243,6408.216664089063,-69.11907981307468
2941,2839,2826,6293.980699583629,61.98097067961726,-249.77011468205316,6296.4823074436035,59.47936281964303
2940,2839,2834,6434.8689028938425,157.65725978882165,-669.3927747104709,6452.664224224149,139.86193845851494
3151,2840,1545,4897.122794794397,1047.5806020040857,-614.2151822370766,4921.469151515097,1023.2342452833852
3152,2840,2763,5252.380866298173,1048.8186892014357,-795.7534995158751,5289.709324308256,1011.490231191352
3153,2840,956,5038.516098769186,1266.707243001959,-795.1410968105239,5079.966815136439,1225.2565266347053
3155,2840,2828,5059.409826572686,1043.1369389544461,-700.526096727854,5089.727743303318,1012.819022223814
3156,2840,2838,5156.71617951569,1191.9075024107078,-808.2367202544417,5197.487219051725,1151.136462874672
3157,2840,2595,4989.160410045632,1263.2417226344878,-728.3757322647617,5024.424003230759,1227.9781294493603
3154,2840,1,4970.488818497086,1269.9018859516254,-670.5269604402222,5000.617515596416,1239.7731888522962
2950,2841,2840,5481.977423083664,1150.502726909993,-981.2327571758996,5536.853209209304,1095.6269407843529
2949,2841,2831,5388.457851822683,1017.7567045160855,-874.2830925000275,5431.750331963476,974.4642243752928
2948,2841,2838,5154.570564045566,1185.4056373497256,-806.4522645103682,5195.119915558489,1144.8562858368018
2947,2841,957,5403.3175034049045,1330.8368440722716,-1012.5619183909873,5465.313359158023,1268.840988319154
2946,2841,2764,5562.230597244341,974.9966536324262,-950.747454116683,5610.975466344624,926.251784532144
2945,2841,2763,5261.319739711081,1075.9061843920636,-809.1206871784389,5300.065689387337,1037.1602347158068
2944,2841,956,5049.41464286197,1299.7331341920997,-804.6276999982664,5092.094237315103,1257.0535397389672
2951,2841,2599,5203.048756478368,1307.5902746360127,-902.9438310471282,5254.688437603821,1255.95059351056
2955,2842,958,5952.808333943148,1294.9114044581536,-1242.605014327638,6034.25771122476,1213.462027176542
2957,2842,2833,5778.4277102832375,876.6419435093565,-993.7409858376473,5828.285956571168,826.7836972214259
2958,2842,2841,6011.39608382906,1032.4949751054537,-1144.0843026776424,6076.27446003212,967.6165989023939
2959,2842,2602,5636.249482392647,1304.4514041879931,-1122.0399383149859,5707.728831801718,1232.9720547789225
2956,2842,2840,5484.277361252044,1157.472236511144,-986.9491977955001,5539.844791159165,1101.9048066040227
2952,2842,957,5407.2988416650405,1342.901505466621,-1015.4717791643114,5469.766533680011,1280.4338134516515
2953,2842,2764,5567.867751590137,992.0789395288912,-957.1708112429347,5617.387473098766,942.559218020262
2954,2842,2765,6076.595739729596,790.1146245849473,-1044.3077791462467,6127.676122504133,739.034241810411
2964,2843,2841,6009.498782894012,1026.7455783325804,-1156.887059185335,6075.768421069437,960.475940157156
2960,2843,958,5969.551568768509,1345.6484796864095,-1265.016689887735,6054.511943912739,1260.6881045421792
2961,2843,2765,6084.95476853608,815.4450149076258,-1067.2710346964716,6138.452135517415,761.9476479262908
2967,2843,2605,6384.696343737538,1177.831826043699,-1334.717679676106,6468.870333490804,1093.6578362904324
2966,2843,2842,6846.525808684216,677.4289947150137,-1141.6163017131255,6898.896402903747,625.0584004954826
2965,2843,2835,6378.152514014775,591.478587571788,-979.159992514074,6419.28098004591,550.3501215406532
2962,2843,2766,6800.037122430213,409.98053551844123,-894.1895157084663,6831.167460921051,378.85019702760246
2963,2843,959,6928.5270611784745,1052.4815334167147,-1407.558017588556,7011.643594698775,969.3649998964133
2973,2844,2837,6882.779277541851,169.8778905700733,-509.96319798897196,6892.450517918087,160.20665019383705
2968,2844,959,6940.275429909018,1088.0770099066806,-1574.177657993508,7044.286021796379,984.0664180193194
2969,2844,2766,6763.648817154352,299.7132099433243,-917.7758663392882,6796.063653306524,267.2983737911527
2970,2844,1544,6719.826715511277,-53.04482620116278,22.393992334760668,6719.845226475163,-53.06333716504969
2975,2844,2608,7954.46724379955,622.5936405652387,-1114.156020636134,7996.552629687609,580.5082546771791
2972,2844,2842,6821.989610268898,603.0767165941147,-1155.9460695317882,6875.249120278582,549.8172065844301
2974,2844,2843,7673.235783677846,-85.33063397309024,-163.56519314344638,7674.097753499335,-86.19260379458046
2971,2844,5,8686.585442085847,64.02171050175048,-529.5880352992004,8694.709461145369,55.89769144222828
