NID,U1,U2
1,0.0,0.0
2,0.002023570522138262,0.0008482011995690045
3,0.0046376340861695045,0.001562353837356291
4,0.0034402914760603607,0.0007636943391442652
5,0.0033545633043547203,-7.853464889567201e-07
6,0.0017440252746203746,-0.00028379812624496433
7,0.0,0.0
11,0.0,0.0
12,0.0015951532678984736,0.0002483975787133412
