,NID,U1,U2
0,1,0.0,0.0
1,2,0.000330820235208124,0.00012687702345465557
2,3,0.0003120896715202825,-2.144441608960071e-05
3,4,0.0,0.0
