,Element,NID,S1,S2,S12,S_max,S_min
0,2141,969,529.754594816131,1705.8111288449288,-681.7548061264994,1797.4700301124553,438.09569354860434
1,2141,9,251.03827777600824,861.2162287233449,-538.3292441422701,962.9796549020075,149.27485159734562
2,2141,2018,411.11322823701107,204.83320783371636,-682.5331729312809,664.4851319208697,-48.538695850142176
3,2141,2026,951.9598202496608,1092.5203377396504,-1001.542433197801,1527.9189554995046,516.5612024898065
4,2142,970,748.3471497455289,1126.1679757642564,-1036.2748245187518,1488.758716086607,385.7564094231785
5,2142,969,718.801700549237,1036.636311533069,-1037.8873589068085,1420.4502953818806,334.9877167004254
6,2142,2026,676.8369100326038,933.3306390588945,-1094.7536243853956,1367.2835902551576,242.88395883634053
7,2142,2024,735.2976345671491,1099.0788508240475,-1065.4751003974925,1480.121178947421,354.25530644377557
8,2143,2024,967.6234498787114,936.6362778804283,-883.5650344461355,1394.1839824341457,510.07574532499416
9,2143,2026,872.6526401605028,1134.2532053955285,-968.4022373912646,1505.0099357674892,501.8959097885419
10,2143,2018,655.6569152977495,918.2668905415987,-851.5312694040351,1232.5147903164518,341.4090155228965
11,2143,2019,813.5752798983235,853.4590174501112,-833.251984331035,1250.620128138734,416.41416920970096
15,2144,2025,1072.1068172555815,915.2225011628759,-1191.4827229415441,1594.548127051387,392.7811913670704
14,2144,2024,1123.3251158077248,1092.0472816265703,-1192.1419898339984,1703.9623148823912,511.4100825519039
12,2144,971,1003.656739781176,831.607926723243,-1270.8408448838695,1558.8493883707924,276.41527813362666
13,2144,970,1067.3951616963818,1024.754659799624,-1257.5250479297224,1675.1987973102318,416.9510241857737
16,2145,972,1296.118245071613,729.0997532811361,-1312.0067409539756,1727.2543060141477,297.9636923386015
17,2145,971,1346.1133197726483,880.5999796479094,-1311.4323317940718,1809.157884027402,417.55541539315584
18,2145,2025,1363.999062176902,929.9513514322423,-1258.107898499518,1812.4135772547502,481.5368363543944
19,2145,2023,1306.7035098261667,755.9568567648494,-1254.694385834062,1716.4542373364088,346.2061292546073
20,2146,2025,953.5023551942325,841.4599540891036,-1025.1761862356618,1413.1214634980693,381.8408457852669
21,2146,2024,908.3098842029793,805.9155493628036,-965.4586120245568,1342.5493582047525,371.67607536103054
22,2146,2028,1085.1647456327992,847.4611045199931,-926.3487646494974,1444.493083271489,488.1327668813034
23,2146,2027,1171.5271525290252,900.9662902987938,-1000.14335639808,1554.2935131031309,518.1999297246879
27,2147,2022,775.4011002805437,762.591638561327,-885.2853325522952,1211.6853692678267,326.307369574044
26,2147,2020,829.363971231505,729.9078202059117,-922.83411663604,1243.724877704988,315.54691373242855
24,2147,2027,980.7017707096705,874.1488950639229,-818.8225820480868,1340.2884870251487,514.5621787484448
25,2147,2028,1043.222083068267,799.5896401951601,-894.8831051601046,1385.1332975036137,457.6784257598136
28,2148,2023,1315.869046914339,910.0201779827672,-1034.409403698013,1668.5335159716333,557.3557089254726
29,2148,2025,1295.0123875880874,828.6397432137699,-1064.7322637579148,1643.0227268047402,480.62940399711704
30,2148,2027,1183.4931747374144,756.1693259381534,-1108.7618566506583,1563.9605558168246,375.70194485874333
31,2148,2029,1179.2737196320168,844.9168260580323,-1080.6335144540308,1577.684197073946,446.5063486161031
32,2149,2028,1174.4225812183784,843.5350640352326,-916.3615733153943,1496.1146050521706,521.8430402014402
33,2149,2024,896.2272484625428,950.4022563248841,-910.4207892982297,1379.3303620671368,467.29914272029
34,2149,2019,653.3248753219143,809.8635877645327,-822.086448857124,1150.0229882891329,313.1654747973142
35,2149,2020,803.3422233705095,717.9254713613786,-813.090820142324,1169.4164006028411,351.85129412904706
38,2150,2023,1272.2870418742407,698.5758414690021,-1368.2889545652467,1727.280348905378,243.58253443786464
39,2150,2017,1446.9152828234821,1039.4822437696198,-1212.4222872007936,1882.7238769187352,603.6736496743671
37,2150,972,1720.2134019358814,891.9587538468518,-1234.5364716164202,2049.403987979675,562.7681678030581
36,2150,13,1808.24495489947,1158.7210355546958,-1118.8871753383387,2130.3581441038973,836.6078463502686
40,2151,2017,1541.5686846075444,1061.7933183974,-1019.3577988337768,1864.991467423646,738.3705355812981
41,2151,2023,1444.5399375863449,899.37625409469,-1124.0070369832022,1796.577031869907,547.3391598111278
42,2151,2029,943.9278070417695,690.1407555233607,-1239.094443690609,1449.442952140134,184.62561042499624
43,2151,2016,1276.6620384479083,974.3741251647202,-1064.513561984147,1678.81888294555,572.2172806670785
44,2152,2022,1205.1840649262822,1628.4077174706404,-1130.583293645744,2020.396927468249,813.1948549286735
45,2152,2020,459.56372049368724,525.9564540972495,-685.9448860290487,837.3353264467887,148.18484814414813
46,2152,2021,732.3132794033892,195.46594315884636,-714.585395056874,910.7781178634223,17.001104698813208
47,2152,2015,1459.6868571759194,959.05607749356,-1091.3832673307797,1809.7356513461978,609.0072833232816
3396,2153,2015,1361.8787406975146,1120.2154106098224,-1116.381401413394,1812.1662835539996,669.9278677533372
3395,2153,2022,1361.8787406975146,1120.2154106098224,-1116.381401413394,1812.1662835539996,669.9278677533372
3394,2153,2016,1361.8787406975146,1120.2154106098224,-1116.381401413394,1812.1662835539996,669.9278677533372
3399,2154,46,1464.3032983004123,1004.2402801948546,-1142.2939887768705,1850.0017498277907,618.5418286674762
3398,2154,2021,1464.3032983004123,1004.2402801948546,-1142.2939887768705,1850.0017498277907,618.5418286674762
3397,2154,2014,1464.3032983004123,1004.2402801948546,-1142.2939887768705,1850.0017498277907,618.5418286674762
51,2155,2016,1282.3566739188318,823.290508350939,-1074.631740668808,1637.1127152896313,468.53446698013954
49,2155,2027,992.9830270497912,683.4415680100687,-913.4700011329528,1320.4579190326754,355.9666760271845
48,2155,2029,1243.164820548596,1190.478034948227,-1061.5226417023584,1748.2361001615031,685.4067553353203
50,2155,2022,1116.137023325622,542.3631470781908,-977.5293909550338,1395.9908044124027,262.50936599141016
3402,2156,2014,1553.5599306773104,1274.7149237612125,-1199.8253370704585,2030.0382669163425,798.2365875221806
3400,2156,2015,1553.5599306773104,1274.7149237612125,-1199.8253370704585,2030.0382669163425,798.2365875221806
3401,2156,2021,1553.5599306773104,1274.7149237612125,-1199.8253370704585,2030.0382669163425,798.2365875221806
55,2157,2324,3787.058854451454,125.02887100798966,-646.246899859552,3815.351439168933,96.73628629050995
54,2157,2333,4166.2424902827,-34.0139365661546,-868.4351255955446,4210.661642775685,-78.43308905914
53,2157,1484,4412.956812466068,330.26800784723537,-568.4400720718843,4432.648071595886,310.576748717418
52,2157,2325,4148.973306043034,320.52306603626516,-528.2484674284223,4167.109286063942,302.3870860153577
58,2158,1485,4936.944690876203,649.4096660964519,-248.28964132925879,4940.5362736718835,645.8180833007723
57,2158,2332,4186.950457717692,556.5993971111293,-287.4163038414777,4192.630286508118,550.9195683207035
56,2158,2325,3940.054389718703,250.76170593847792,-472.858001867115,3955.1442654495236,235.67183020765742
59,2158,1484,4337.634714847035,206.21489114383985,-510.8812308949226,4353.368376081701,190.48122990917363
63,2159,2334,4154.997494399265,195.37233104891902,-843.6645880400987,4199.437946027372,150.93187942081204
62,2159,1483,4082.291369709062,-22.63884967826675,-902.7582048279717,4131.339077155917,-71.68655712512145
61,2159,1484,4236.222159832807,129.30684952790807,-823.6840932724172,4277.114574005373,88.41443535534154
60,2159,2333,4325.779625255683,330.1982689896547,-760.9527438452851,4361.687514567358,294.29037967797876
67,2160,2323,3777.0312286146946,112.60447823054164,-844.6054743551048,3825.069287157052,64.5664196881844
64,2160,2324,4026.8359724868974,223.0476206211158,-786.4828213396487,4067.06441459671,182.81917851130333
66,2160,2334,3751.818053350871,-8.197917782147215,-959.85332283546,3812.1089174808235,-68.48878191209951
65,2160,2333,4141.617312497577,179.60135610566294,-853.7343670112075,4187.086129636331,134.13253896690912
68,2161,2334,4188.416459825344,302.3218891268168,-987.890764976747,4250.2169976249415,240.52135132721924
71,2161,2546,3735.193682226887,90.06872741701272,-1105.6540929218943,3817.191975011013,8.0704346328871
70,2161,1482,3815.791032026355,-7.939660970657997,-1185.9564403438178,3905.6380206899466,-97.78664963424944
69,2161,1483,4145.890551447788,176.97496376926983,-1077.5705282899382,4217.730959812952,105.13455540410541
75,2162,1486,4275.10489451469,799.0742461464888,-81.57368563631233,4275.583410885061,798.5957297761177
74,2162,1487,4489.215622425726,1090.3467699839543,41.970112047260265,4489.345181937953,1090.2172104717267
73,2162,2331,4296.352137383446,1141.893482662603,-8.737388317938315,4296.358187693226,1141.887432352823
72,2162,2335,4114.954715976338,786.3115761693941,-134.40287163260112,4116.310882317704,784.9554098280278
76,2163,2332,4081.2172854924424,505.9600344697093,-259.2178102634188,4085.909661095859,501.267658866293
77,2163,2335,4292.581356534988,818.718386101613,-105.42406803467586,4293.3810193579775,817.9187232786237
78,2163,1486,4766.9953036016295,900.0554452287352,-19.5613512678857,4767.020041768599,900.030707061765
79,2163,1485,4372.839901512968,517.9106777373127,-222.33538310318693,4376.043071954561,514.7075072957196
83,2164,2332,4224.115731989685,612.172302165811,-128.48853162370023,4225.258059066151,611.0299750893441
82,2164,2335,4427.280658639876,967.1843264193177,5.513498242466018,4427.282855012509,967.182130046684
81,2164,2328,4111.3914770535785,847.1449375587657,-114.10549385909322,4112.388344829181,846.148069783163
80,2164,2327,4002.687757904847,563.8998087351998,-204.96869197486123,4005.7393357283045,560.8482309117426
85,2165,2327,4003.248589337999,572.6850752047757,-234.33553217305413,4007.2456902625017,568.6879742802732
87,2165,2325,4170.9420564285,393.91350720424794,-268.0755719254012,4175.692764189298,389.16279944345047
86,2165,2332,4343.961132223666,656.3490382205886,-148.68536506690506,4345.459280580093,654.8508898641614
84,2165,2326,3933.7965945863316,341.2226169559026,-325.7783133849605,3941.1669522631883,333.85225927904617
88,2166,2328,4064.856978084007,830.987565580478,-120.70267638876511,4065.9828789490875,829.8616647153976
91,2166,2335,4199.534791852389,885.1698673097277,-48.000768498081385,4199.708577254978,884.9960819071398
90,2166,2331,4426.19884926249,1378.6072108093272,88.61713824727651,4426.842910119801,1377.9631499520158
89,2166,2329,4129.084869110948,1049.3076387267156,-79.20758218838623,4129.594062105835,1048.798445731828
95,2167,2331,4164.803734097829,1159.7116987232707,-30.961678797917752,4164.883482080897,1159.6319507402022
94,2167,1487,4187.3886325703725,1167.4182640639372,-34.82099228338615,4187.489002860381,1167.3178937739285
93,2167,1488,4195.427632551951,1169.6482339861702,-28.782387418536594,4195.4960783122915,1169.5797882258307
92,2167,2329,4184.83847633269,1165.9653576180071,-25.967904243238365,4184.894318326619,1165.909515624078
96,2168,2546,3736.9898744002053,222.41959802931387,-1089.511046663893,3819.4899511483136,139.91952128120556
97,2168,1482,4053.436846870831,359.68637645746753,-1335.2106184943214,4170.395867235309,242.72735609298888
98,2168,1481,3535.0419147793577,199.3564781900859,-1404.8733201630373,3676.927517088375,57.47087588106842
99,2168,2322,3294.3854641798303,107.74008240051671,-1311.4789755394568,3424.0460793974507,-21.92053281710355
103,2169,1488,4089.451645384229,1416.5448933860787,-111.48051031219323,4090.613536292717,1415.3830024775907
102,2169,1489,4079.3334506863407,1385.9505658991372,-114.71065654689751,4080.554273500499,1384.7297430849787
101,2169,2330,4076.0966479996123,1375.9831792690304,-107.10686739270484,4077.1583970641586,1374.9214302044838
100,2169,2329,4084.547217266641,1401.5471101938338,-104.9836547487057,4085.5738061397174,1400.5205213207569
105,2170,2319,4050.959267157562,1443.4940509744238,-277.8984804397313,4058.342826596133,1436.1104915358526
104,2170,2330,4100.813768097511,1561.4476472255212,-252.74851692466183,4107.087418196797,1555.1739971262336
106,2170,1490,4022.9656036740516,1458.0518537552998,-308.9417485815177,4032.235049238772,1448.7824081905796
107,2170,1489,4076.8741138214823,1597.1873970017373,-284.1742659873425,4084.989210952271,1589.0722998709484
110,2171,2329,4166.443100000252,1205.4934581242112,1.1850924872668522,4166.443218580802,1205.4933395436615
111,2171,2328,4071.9457358721825,897.2308629880292,-34.9201252890678,4072.041758532297,897.1348403279148
109,2171,2336,4052.6330558219506,1174.102805160749,-92.67031050981254,4053.3787108695406,1173.3571501131592
108,2171,2337,3957.3096859012903,860.6068474182944,-128.71485551343991,3958.646621128078,859.269912191507
114,2172,2328,4152.178213463621,923.5930827734753,-26.12642317691854,4152.231067793465,923.5402284436323
113,2172,2337,4054.17151040448,892.2418927987089,-103.20306123901663,4055.0134042790805,891.3999989241083
112,2172,2338,3960.0340337310095,635.0595726278003,-147.63909581616875,3961.672134216854,633.421472141956
115,2172,2327,4067.586083147491,685.6435354826033,-65.16451399002642,4067.899957478244,685.3296611518506
118,2173,2337,4095.0390386163535,932.0477930605148,6.2845656196710245,4095.042160323227,932.0446713536414
119,2173,2338,3933.731999728613,535.6865725330209,-125.50905960242129,3934.890544800548,534.5280274610861
116,2173,2316,3813.882723283093,688.8999153377156,-127.64161673099686,3815.1855778588138,687.5970607619952
117,2173,2317,3913.8381837001757,889.8536546621217,-55.52863715794899,3914.0930766760903,889.5987616862076
120,2174,2316,3979.113728724844,512.4445845238484,-132.66975680368074,3980.3825853455637,511.1757279031292
121,2174,2338,4032.349301522854,652.5957296349479,-179.43251015777093,4034.729162219015,650.2158689387868
122,2174,2327,4023.608580876551,664.9263340064499,-99.06626158171107,4024.3389261314614,664.1959887515397
123,2174,2326,3980.739543759196,535.5997364073563,-95.27753998061611,3981.398158143564,534.9411220229881
125,2175,2339,4055.0557221023596,1384.6251865122306,-125.55442514002505,4056.530691337216,1383.1502172773744
124,2175,2336,3982.085251740047,1154.2779422114565,-145.2132025347717,3983.9482668417413,1152.4149271097624
126,2175,2330,4097.5529750322785,1348.992520684377,-63.73279806239184,4097.922379651281,1348.6231160653751
127,2175,2329,4025.073223607555,1165.2807358941295,-96.63583856951801,4025.8893510958114,1164.4646084058734
130,2176,2319,4072.6959498703673,1317.311580285889,-213.27423763731778,4076.8167883007195,1313.190741855537
128,2176,2339,3998.9154929684455,1382.155710283082,-141.61464724817418,4000.8300788898227,1380.2411243617048
129,2176,2318,4006.0822851806665,1251.5995479747494,-165.96982812902374,4008.5801250347427,1249.1017081206733
131,2176,2330,4105.044521352663,1468.589084033466,-219.53617409295492,4109.606790248282,1464.0268151378468
132,2177,2322,3269.659124458216,309.3938800416531,-1342.577920475367,3414.771544531914,164.28145996795502
133,2177,1481,3756.6002835207364,578.1613709989566,-1547.6292456974134,3934.9802023142292,399.7814522054639
134,2177,1480,3022.319377695493,386.2693528582955,-1565.889149040519,3237.328004872503,171.26072568128598
135,2177,2321,2676.4013175765,159.66289292392435,-1365.4747941772607,2849.68270086146,-13.618490361035356
139,2178,2315,2093.333248160161,536.18548836827,-1217.2266561553067,2302.9837707002125,326.53496582821833
138,2178,13,2326.463031125385,1023.0986720060384,-1362.2528489257472,2617.448804376894,732.1128987545295
137,2178,1479,2662.5397708253304,1107.0612478499668,-1525.395398938635,2974.105856627927,795.4951620473703
136,2178,2320,2343.9564963525468,556.9971289634076,-1335.7807170873875,2565.996187752185,334.9574375637694
143,2179,2320,2340.3721895393483,408.01630477348255,-1348.5949128646232,2552.403428965148,195.98506534768285
142,2179,1479,2616.194613744739,750.6219624736281,-1526.7473326564252,2888.742135529083,478.0744406892841
140,2179,2321,2707.854189122198,418.5797659130833,-1384.5839355173478,2900.92491081737,225.50904421791142
141,2179,1480,3103.81993737213,853.5337711946296,-1614.6473245816494,3363.493973298424,593.8597352683353
147,2180,2342,2762.505003320644,114.38924546995258,-1142.774931298671,2880.533426474843,-3.6391776842465333
146,2180,2321,3016.135803037361,255.33844400832038,-1342.1997669984944,3170.6232978166004,100.85094922908092
145,2180,2322,3485.742668964402,393.44243484971184,-1304.0364224828352,3617.599683079896,261.58542073421836
144,2180,2341,3400.454391641624,318.93987862505537,-1147.0995056859263,3503.7446534457395,215.6496168209403
150,2181,2342,2756.036016113496,103.9954968556583,-1176.3615607620743,2880.631611684013,-20.600098714858632
149,2181,2341,3166.7308450946675,243.95157622085287,-1145.7080208491302,3274.99766380257,135.68475751295023
148,2181,2310,3184.8399842061044,275.74884465958405,-1071.2077645980412,3280.3183927250516,180.27043614063678
151,2181,2309,2971.932618969824,209.1664571692976,-1070.052166038066,3071.924617415839,109.17445872328267
153,2182,2321,3057.3947410531027,529.9079054690611,-1336.8481193031098,3223.2799986637974,364.0226478583661
155,2182,2309,2633.494995561371,322.8012540261178,-1212.870865709774,2782.9815724085893,173.31467717889996
154,2182,2320,2810.0290507545224,514.1914181961395,-1319.5874093946093,2986.1364205932696,338.08404835739225
152,2182,2342,2789.1678665029813,198.36080324159013,-1153.3534530444397,2911.7299045084674,75.79876523610392
159,2183,2308,2180.422345177688,283.6801171039719,-1107.9868580723228,2330.3756319235654,133.72683035809428
157,2183,2320,2876.913393723099,709.1039053053448,-1355.9836038211458,3071.493056136554,514.5242428918896
156,2183,2309,2560.4715853149646,372.24206808402096,-1164.4867023085708,2705.7495913159255,226.96406208305984
158,2183,2315,2377.7389357693282,592.4384918472932,-1281.5852080356342,2583.9242702638658,386.25315735275603
162,2184,2322,3309.564832885755,46.03146100467893,-1131.4886089941108,3404.8560890584004,-49.25979516796633
163,2184,2341,3280.9664630058037,115.84371392400544,-1004.5867650708849,3358.7662378320165,38.043939097792645
160,2184,2340,3696.282660460764,263.2524166500225,-956.1539243055097,3761.6153843242223,197.91969278656416
161,2184,2323,3734.9699988882353,194.26622904632768,-1086.3660648456757,3816.4263122306015,112.80991570396145
166,2185,2341,3120.433179440163,61.92738643497387,-1014.1057879018456,3202.3032015026233,-19.942635627486652
164,2185,2311,3481.7207233764866,170.2525018957524,-881.7815125514018,3539.4159530054717,112.55727226676709
165,2185,2340,3541.1277737775636,199.34923398867772,-1000.7953142304879,3614.4485736553397,126.02843411090157
167,2185,2310,3131.355330380925,55.309270115610616,-886.6950583823207,3193.979629567986,-7.315029071450681
171,2186,2343,3722.392349722155,129.79477393064167,-550.9803527067535,3743.3949052097623,108.7922184430347
168,2186,2344,4046.499177331395,264.7932205622185,-480.40576982038993,4061.69509962723,249.59729826638363
169,2186,2325,4075.3651801633587,208.9305277557637,-586.0089987398853,4097.443449767415,186.85225815170702
170,2186,2324,3803.465296999695,84.09795023961806,-664.3007965301897,3832.8944450530234,54.668802186289895
172,2187,2313,3755.652068290287,170.78765842045436,-438.5830561797434,3769.016635857702,157.4230908530394
173,2187,2326,3830.0946026096044,324.24318986794356,-367.3095080163057,3839.689137463104,314.6486550144439
174,2187,2325,4011.69602711476,366.69502197743213,-328.77378427800187,4019.0947382106497,359.296310881542
175,2187,2344,3978.778045617971,98.11462471648747,-442.13696779957877,3991.330976193026,85.56169414143301
179,2188,2312,3492.3459526261217,66.72235271978502,-510.14589861117383,3511.234609312687,47.83369603321967
178,2188,2343,3603.28317861369,28.24647434562212,-617.694093128584,3629.768232592075,1.7614203672369513
177,2188,2344,4091.6860902210647,234.1682109811327,-509.3889120548278,4108.429736848425,217.42456435377244
176,2188,2313,3780.252837238302,186.93437258141944,-448.1245069915172,3794.170388852652,173.01682096706963
183,2189,2313,3866.72985905049,222.68724407097352,-182.9712280546694,3869.0252078791045,220.3918952423594
180,2189,2314,3777.850714451747,189.61536675332763,-258.35089167298094,3782.494982446192,184.9710987588826
182,2189,2326,3975.791530231028,511.5702964731282,-132.5535941055827,3977.0590610545214,510.3027656496349
181,2189,2316,3850.1708136183925,416.18977375528516,-230.8518699485368,3854.0462361703057,412.3143512033721
184,2190,2312,3685.621743580515,128.33802495689565,-675.7408850187348,3717.428254042792,96.53151449461916
187,2190,2311,3360.1584185595325,17.396543642203596,-705.9401011673336,3397.022807366753,-19.467845165017025
186,2190,2340,3411.6126133948796,16.397761940851524,-828.0271895545926,3461.368409366182,-33.35803403045065
185,2190,2343,3807.8494969268227,152.6801377706836,-782.9386329164183,3849.3057443369057,111.22389036060076
191,2191,2340,3562.9783011395784,95.30213078424435,-776.541175714482,3605.920606164248,52.35982575957519
189,2191,2324,3953.034533131864,173.43668801595163,-820.4299750422052,3997.044366291016,129.4268548567993
188,2191,2343,3883.4546199515376,220.68555515700905,-720.7261704571557,3918.5723936603777,185.56778144816917
190,2191,2323,3595.0361693606933,27.622944588921882,-891.4140403014835,3649.8789925029323,-27.219878553317358
193,2192,2165,4124.405162742988,1341.2356635684566,-424.72967737510777,4140.516026558934,1325.1247997525106
192,2192,2319,4204.841569645404,1583.9327260002863,-417.5484059792531,4221.3677277516745,1567.4065678940165
194,2192,1,4112.77089733223,1322.2868654791396,-504.27519798609217,4135.370075557113,1299.6876872542568
195,2192,1490,4218.991872254596,1642.8552902473332,-495.1455674183547,4242.56842857913,1619.278733922799
199,2193,2319,4184.138323010535,1479.952617264116,-338.49400286286476,4194.6898222279015,1469.4011180467496
198,2193,2165,4098.69408024513,1217.6873445699455,-337.43383034891053,4108.5407909118385,1207.8406339032376
197,2193,2164,4092.621928618666,1233.0102687267477,-282.0966465678367,4099.562193446818,1226.0700038985963
196,2193,2318,4151.812647513626,1413.2808023562277,-285.1276245301933,4159.214298208465,1405.879151661388
201,2194,138,3925.74099537901,908.3699447945935,-84.82625503313503,3926.337050048594,907.77389012501
200,2194,137,3815.802544451004,575.2231238006342,-101.93373005649634,3816.603937894043,574.4217303575952
202,2194,2317,4014.527405102961,999.3763984261589,62.82588270608296,4014.8546410519725,999.0491624771471
203,2194,2316,3864.1243819963233,580.7005671545503,11.540292229238563,3864.1345221686674,580.6904269822066
204,2195,136,3718.3109556513677,227.2085115585296,-121.26992319352443,3719.363772119571,226.15569509032662
207,2195,2314,3774.7594503933933,244.02939582084628,-2.496692689257817,3774.759891766247,244.0289544479922
206,2195,2316,3886.764056463152,588.0574916078799,12.52222952137138,3886.775940338255,588.045607732776
205,2195,137,3835.2764904057326,581.6495259656946,-102.15879779993689,3836.07819947781,580.8478168936174
211,2196,2307,1786.8426996624005,356.9547004900451,-1086.119692994564,1969.7065411101114,174.0908590423344
210,2196,2306,1938.3324356284288,640.5201905140207,-1285.342384981782,2202.7200322820213,376.1325938604283
208,2196,2308,2268.4117990507543,501.64881439605045,-1150.3299804754845,2439.154410888411,330.90620255839394
209,2196,2315,2484.961975123359,803.2778578196223,-1357.1109337788987,2724.6072552420433,563.6325777009383
214,2197,2017,1787.505177517263,1151.8769090185676,-1458.4815448471138,2265.177013033296,674.2050735025344
215,2197,2306,1469.5677830449783,518.9179836820213,-1136.2602444384108,1734.9895310305797,253.49623569641994
212,2197,2315,2189.6444091521103,722.6565983386522,-1282.7371721843256,2430.5051478533032,481.7958596374591
213,2197,13,2640.3127392492324,1433.3034043901175,-1650.9935623976119,3059.384630996957,1014.2315126423927
219,2198,2301,2658.3608147600753,47.06179741232222,-913.1476727661798,2735.8889185315084,-30.46630635911083
216,2198,2302,3075.037156307946,184.63756484624037,-934.9551234037914,3148.763863168726,110.91085798546055
217,2198,2310,3120.4440340779415,264.6721121343112,-1093.8587556060136,3221.606817209593,163.5093290026598
218,2198,2309,2695.209481996065,115.77327477854885,-1051.1541200417814,2798.1880549096477,12.7947018649661
220,2199,2301,2740.410983460385,261.71615011925496,-1024.4227702372825,2842.086505539624,160.04062804001614
221,2199,2309,2815.1286172463797,436.1899037779028,-1192.5110122418673,2956.2072600932515,295.11126093103144
222,2199,2308,2335.4931770475937,303.70529381109793,-1165.4397950502355,2490.7537852597015,148.44468559898974
223,2199,2300,2228.913281935666,97.04818370971338,-970.6454232655223,2334.198190720694,-8.236725075314553
226,2200,2310,3015.705898915048,13.43574186989531,-908.8278176979861,3082.9771849952176,-53.83554421027475
225,2200,2311,3366.84868907855,127.71690259478964,-908.6864091916042,3429.3712091237812,65.19438254955844
224,2200,2303,3320.8599467152812,90.60882817114361,-791.2679351600142,3368.610452734012,42.85832215241294
227,2200,2302,2991.5808062583415,-16.698348835925117,-790.6492168961126,3042.663854185863,-67.78139676344654
231,2201,2299,1905.1014635773047,206.48948478122844,-992.2589797728059,2039.393529465227,72.19741889330635
230,2201,2307,1994.7876406019639,412.18547266609414,-1152.3770182652715,2182.3382326020064,224.63488066605169
229,2201,2308,2420.24472576182,541.1601803824271,-1203.0450326436471,2596.3049897369783,365.0999164072691
228,2201,2300,2323.964331670438,341.0975717549336,-1048.5310896692624,2454.045333428411,211.01656999696047
235,2202,2304,3591.214798311483,-12.875328013737317,-239.29093688546635,3595.182317549011,-16.84284725126531
234,2202,2313,3646.656918699491,146.41947916849995,-257.2161893912946,3651.3759621744784,141.70043569351242
232,2202,2305,3631.9779164750735,1.0069796315547137,-291.72214664481453,3637.8279302644687,-4.843034157840748
233,2202,2314,3683.9218605950196,156.25378196575684,-306.23403467235335,3690.555369484222,149.6202730765542
239,2203,2305,3618.08481497646,-1.9840820368351615,-47.55616081421261,3618.240992312464,-2.1402593728389547
238,2203,2314,3690.33330243786,216.8845966950148,-49.42591319547659,3690.5091217353684,216.70877739750608
237,2203,136,3691.944282258467,218.5075093388723,-121.21944694684424,3693.0015695975194,217.45022199981986
236,2203,135,3619.639715962188,-0.5972370134893481,-120.80609387933066,3620.6472502759857,-1.604771327286926
242,2204,2016,1414.2726438962763,1019.7856249626817,-1173.908067755664,1836.2383397165431,597.8199291424147
241,2204,2017,1703.7550657143247,1115.3148241626377,-1264.3815013716774,2106.8373361017957,712.2325537751666
240,2204,2306,1552.8758107835552,784.9443184709646,-1136.6377442041446,1854.778881974085,483.0412472804352
243,2204,2290,1295.004991863794,706.0121599663438,-1057.8148286487656,1605.8772172683757,395.13993456176183
245,2205,2359,2159.744902568801,88.28385026137119,-899.1287103446169,2253.1050867869963,-5.076333956824101
247,2205,2362,2003.5991937199497,-46.790538864351674,-782.3798893664045,2075.698311140927,-118.88965628532947
246,2205,2360,2002.7107041916588,27.446283949681742,-872.3593908195986,2094.7405287631263,-64.58354062178546
244,2205,2361,2187.294047475656,59.17244176560405,-855.7456457039452,2270.0987749718556,-23.632285730595413
251,2206,2361,2224.4216541229953,-104.85476089136955,-758.2914795652376,2284.5828776986546,-165.0159844670286
249,2206,2358,2440.77300100074,23.841612661456793,-868.3421667515818,2516.3999295124304,-51.78531585023393
248,2206,2357,2457.1420025237153,-20.464217046825183,-788.3304741922161,2518.3386538725335,-81.66086839564332
250,2206,2359,2170.1568956756955,-72.8028925172963,-835.8440151210268,2245.496101220452,-148.14209806205258
254,2207,2356,2003.045724847694,109.89000653116977,-953.0064905258891,2116.21547063825,-3.2797392593863606
255,2207,2360,1981.599133479166,0.39826458819709387,-836.7586138471993,2066.3267723143217,-84.32937424695888
252,2207,2359,2296.8251434426315,123.952864900593,-892.9215480295547,2384.982852039032,35.79515630419223
253,2207,2355,2298.344726916234,213.93184173019563,-992.6039031015868,2410.4822088515684,101.79435979486084
259,2208,2359,2262.427984452265,-52.576894289090774,-811.9610121248907,2331.559992849865,-121.70890268669132
256,2208,2358,2562.965535670216,55.04632308508826,-848.8571986174434,2632.8466789108297,-14.834820155525449
257,2208,2354,2573.803692116783,122.48790908885564,-950.3157708120324,2662.684610640002,33.606990565636806
258,2208,2355,2253.8722006816115,15.02007287288825,-922.2240415325296,2345.1232234702957,-76.23094991579569
260,2209,2347,2690.032210350026,-104.61409854542342,-701.6916028989319,2733.404989939202,-147.98687813459946
261,2209,2348,2692.502319986184,-72.79912766588177,-783.2432251615202,2746.893875126573,-127.19068280627084
262,2209,2358,2420.8275083210992,-164.22858823629338,-765.6379949349159,2476.3273308259136,-219.72841074110784
263,2209,2357,2449.378472934236,-193.25972645253012,-665.9849377156667,2490.6921732022247,-234.5734267205189
266,2210,2354,2522.3601252898798,-68.966494478286,-847.738009223191,2589.931331419165,-136.5377006075712
265,2210,2349,2859.0816615296926,42.764883006355376,-873.4801290116068,2925.2542843519964,-23.40773981594839
264,2210,2348,2817.639393720793,-34.61634206724534,-762.8239806725478,2867.762114973555,-84.73906332000752
267,2210,2358,2512.058409002522,-138.533197393558,-735.2079783493245,2562.0958958950923,-188.57068428612865
271,2211,2355,2274.7985418731632,19.03342646500164,-884.093732315368,2358.33023860599,-64.49827026782486
270,2211,2300,2306.6391308006787,119.09375600891781,-1020.9021694480401,2419.887156395729,5.845730413867386
269,2211,2301,2686.43520233174,242.20920678882726,-1048.8647411752195,2794.205466595744,134.43894252482391
268,2211,2354,2650.240226259342,145.25691611506727,-918.5078042100315,2731.783612939866,63.713529434543034
275,2212,2356,1956.5613928112468,85.38635838700952,-907.4146979835405,2060.7692212764764,-18.821470078220045
272,2212,2355,2340.9396155682502,221.50858590353084,-962.3250459073275,2445.060148412516,117.38805305926508
274,2212,2299,2006.5009405858123,236.34890125586213,-1050.727423392062,2150.6802780373428,92.16956380433135
273,2212,2300,2385.035225464663,358.5379733410846,-1092.6810569721697,2522.942866502419,220.63033230332917
276,2213,2349,2936.3310156645416,67.37711594723191,-838.2929746784262,2996.3131309945556,7.395000617217875
279,2213,2354,2582.363204467033,-50.06169374416959,-811.8462828509804,2643.535526558392,-111.23401583552891
278,2213,2301,2613.6749307862183,32.40220844143744,-938.9860356696637,2696.4161253413004,-50.33898611364475
277,2213,2302,2983.6307342937544,154.57653201002427,-965.642111976719,3063.761818815261,74.44544748851763
283,2214,2350,2035.5604295573037,-247.12811981548634,-598.2590345172332,2074.108192921334,-285.67588317951663
282,2214,2352,2046.1518677122535,-211.8881111913762,-670.7508105528581,2094.910634668494,-260.64687814761646
281,2214,2353,2263.654067832226,-138.30395727243194,-686.8319404052347,2311.788787964544,-186.43867740475002
280,2214,2351,2246.0381854583325,-178.42941945345774,-608.1374804523862,2283.5918011657914,-215.98303516091664
284,2215,2350,2078.657749175859,-115.12956512895471,-630.336188011272,2123.038214476216,-159.5100304293121
285,2215,2352,2095.4068616333534,-59.73707077016297,-737.2349770928513,2156.7116206333167,-121.04182977012624
286,2215,2297,1816.0305340514064,-162.30772962496064,-698.7977888094825,1875.9253463046978,-222.20254187825208
287,2215,2298,1808.3584716648782,-205.16840175283767,-612.6874143600389,1853.9348490952686,-250.74477918322805
291,2216,2283,1800.326182107981,-251.0413829770947,-558.9100262506872,1837.7145166542387,-288.42971752335234
290,2216,2298,1823.6634101738841,-198.437892786857,-644.472664019368,1873.7723477874147,-248.54683040038753
289,2216,2350,2094.8725800135767,-107.98486952504345,-664.2761215195856,2143.8615737935875,-156.97386330505424
288,2216,2284,2044.9293021262304,-172.54843526936668,-570.9958998870922,2081.0969616582443,-208.71609480138045
292,2217,2285,2215.5147466688177,-210.728803757268,-544.9373613168453,2245.736698441915,-240.95075553036554
294,2217,2350,2038.468494216039,-248.01186158738585,-626.4360929010244,2080.5989963089914,-290.1423636803386
293,2217,2351,2246.264787148073,-179.85431412578305,-631.0781149805866,2286.631887812819,-220.22141479052925
295,2217,2284,2008.0387567894022,-274.73940641561524,-556.9172471666833,2041.5148762416134,-308.2155258678263
299,2218,2349,2865.0440457273703,-95.01735372654366,-715.1641794583661,2907.6281439809645,-137.6014519801381
298,2218,2302,2894.3124598362892,-53.98923181897476,-822.6876791260596,2950.62705648058,-110.30382846326575
297,2218,2303,3223.231406069055,52.441538773820184,-827.678787203147,3276.354137670138,-0.6811928272627483
296,2218,2375,3172.857424401813,2.744634227156439,-713.5933423173507,3212.5187402283373,-36.91668159936762
302,2219,2349,2783.9136096684724,-133.54360144891143,-753.5960991769559,2831.7924230643293,-181.42241484476813
301,2219,2375,3164.1976658874532,-13.917854669911549,-755.0910954205381,3208.4326552705543,-58.15284405301304
300,2219,2374,3056.891478549957,-90.80525110450162,-637.2010017944013,3088.8154994117112,-122.72927196625619
303,2219,2348,2750.1000270296527,-186.05417701326292,-639.421820998968,2784.5093455032793,-220.46349548688954
307,2220,2346,2497.056288435587,-352.2545916617222,-490.8889574501444,2518.0446893784983,-373.2429926046336
306,2220,2347,2602.222072661336,-297.296873418054,-598.8145624240176,2632.8163579210213,-327.89115867773967
305,2220,2373,2880.1526100871715,-208.6221939933398,-589.6990373244025,2908.0465716189647,-236.51615552513317
304,2220,2369,2833.83806035161,-243.2678515714622,-487.8324158010249,2853.0528389302863,-262.4826301501389
311,2221,2347,2650.9564296713193,-265.33251496530556,-561.1818112971871,2677.708101359431,-292.0841866534174
310,2221,2348,2651.743281278736,-230.01213990417511,-671.6762906484228,2690.364079214437,-268.6329378398759
309,2221,2374,2988.4272550385117,-124.59429847173601,-667.1515559928812,3023.770302546398,-159.93734597962225
308,2221,2373,2937.6506576751412,-175.90484785128683,-556.2637478247888,2962.3008390222685,-200.55502919841433
314,2222,2374,2912.6563919790224,-251.02689175652722,-552.6799909131996,2936.612611934426,-274.98311171193063
315,2222,2373,2853.7240332213114,-307.71098910518594,-421.0480908047292,2867.6814807222763,-321.6684366061511
313,2222,2372,3220.908508287463,-161.51120938404415,-521.3423917509174,3240.879603933845,-181.48230503042555
312,2222,2371,3169.180718355114,-208.47378065628027,-415.51243998934683,3181.9116152609504,-221.20467756211656
316,2223,2372,3206.377958539525,-126.40028929931918,-488.4540375947592,3224.1799012831448,-144.20223204293916
317,2223,2513,3569.1541716987504,7.252128459291953,-596.3462578818414,3593.9422664052904,-17.53596624724787
318,2223,2375,3030.2623896292885,-165.0254841341732,-627.5711791618556,3060.7853807016927,-195.5484752065779
319,2223,2374,2939.4369767024164,-209.47263904706278,-520.4441390907722,2960.7965275543947,-230.8321898990414
322,2224,2373,2791.3315564985733,-341.0383765912213,-454.108354483353,2807.704313651025,-357.41113374367296
320,2224,2370,2988.205971469061,-285.1116855643777,-368.45090862854164,2998.541720654108,-295.4474347494247
321,2224,2371,3009.2854227813655,-270.3113263690493,-445.23788772785815,3024.3277968664584,-285.3537004541422
323,2224,2369,2756.3899193098055,-360.97736474499834,-371.6399508260731,2767.427194893655,-372.01464032884746
327,2225,2372,3387.3732528647697,-163.38804637333146,-282.1673029738055,3392.9701572195586,-168.9849507281201
324,2225,2368,3423.4916002138134,-150.1582654935953,-311.49151728970793,3430.266422601926,-156.93308788170816
325,2225,2305,3453.0220782196775,-57.78703482107949,-323.3506804477371,3460.451624128966,-65.21658073036815
326,2225,2304,3411.7782905430167,-71.67377319408001,-289.68384129064333,3417.790440458223,-77.6859231092867
328,2226,2367,3273.8858732522444,-236.5988836231786,-268.2812966644698,3279.0041171299345,-241.7171275008684
329,2226,2368,3294.734593690377,-191.64827902965135,-332.9735125504626,3302.6668605032537,-199.58054584252773
330,2226,2372,3122.8039204743063,-248.96269701506958,-319.17358689371537,3130.340369304977,-256.49914584574003
331,2226,2371,3086.2302898835387,-296.6381884680595,-257.3935497280633,3091.1193233526146,-301.5272219371352
335,2227,2370,2932.047646216393,-368.1061013688702,-230.5320675612238,2936.068698173255,-372.127153325732
334,2227,2371,2950.723869556183,-344.398950167071,-282.35617300234645,2956.7615197370337,-350.4366003479213
333,2227,2367,3092.197796459313,-298.53156831509637,-286.0677266126559,3098.2208101420547,-304.5545819978379
332,2227,2366,3081.3390012381274,-319.2322289974559,-235.82132115011976,3085.422506015945,-323.31573377527366
339,2228,2345,2499.0636022420426,-368.1008243049415,-435.07838638097314,2515.4749278466006,-384.5121499094996
338,2228,2346,2526.9819834406403,-348.43504143103416,-512.7816735939867,2549.66452408748,-371.117582077874
336,2228,2363,2714.131143606726,-297.08546168601356,-439.0595122098277,2730.051570499554,-313.0058885788419
337,2228,2369,2726.3313382659207,-283.5467115503634,-509.54986652347424,2747.744741635728,-304.96011492017055
343,2229,2363,2672.866035132682,-388.44286920595164,-336.71768451605936,2682.097212389205,-397.6740464624745
342,2229,2369,2678.3554125274914,-391.23139202264247,-394.95497183674473,2691.0076943110657,-403.88367380621685
341,2229,2370,2835.133736825413,-339.1652143892618,-389.22399709815045,2847.0206235000314,-351.0521010638806
340,2229,2364,2833.5048934117576,-335.54374876191764,-336.5371678198025,2842.414487003137,-344.45334235329665
346,2230,2370,2803.8029865014314,-411.5352772601982,-249.70008777900986,2808.6435665484623,-416.3758573072291
345,2230,2366,2906.307732225958,-377.51583981993554,-245.74928514265847,2910.899056090173,-382.10716368415046
344,2230,2365,2908.616711945911,-368.0572696614138,-210.32537405862962,2911.98836952625,-371.4289272417532
347,2230,2364,2804.9299486518294,-402.16764070165027,-213.09669136462963,2808.4658707454482,-405.7035627952689
349,2231,133,3108.726642548765,-331.3184766742388,-98.45750064485597,3109.430986147302,-332.0228202727758
351,2231,2366,3054.5103068084527,-361.88905956266217,-76.96524742242572,3054.943723490429,-362.32247624463866
350,2231,2367,3060.8258557745917,-346.9117076809214,-94.17478522148359,3061.4763751664523,-347.5622270727815
348,2231,132,3103.9776807346325,-345.7092700503979,-81.48668141291802,3104.458822455098,-346.1904117708634
355,2232,2367,3239.405293899832,-287.28590558178803,-78.3041536838677,3239.839892836372,-287.7205045183284
353,2232,134,3302.8642608432615,-215.2302457820938,-112.47625145536954,3303.763019819665,-216.12900475849733
352,2232,133,3283.5987131357792,-273.610693380524,-97.42515941656696,3284.2656602654633,-274.27764051020836
354,2232,2368,3259.913285673285,-229.34472948576627,-93.78727862195053,3260.5433956736524,-229.97483948613376
358,2233,2305,3474.1475156710862,-49.10426257115137,-79.12355429149356,3474.5916896952167,-49.54843659528137
359,2233,2368,3434.290946526768,-171.7315797714848,-72.11640768693532,3434.651472307208,-172.09210555192521
356,2233,134,3458.1114062560086,-163.99868779588724,-112.41423081317103,3458.9834061004603,-164.87068764033893
357,2233,135,3498.8835371405203,-40.446776024639576,-120.62468757703427,3499.91099793559,-41.474236819709404
363,2234,2365,2893.8528431921995,-403.3502943069384,-74.18896879280295,2894.270114012444,-403.76756512718293
360,2234,131,2928.385092495965,-392.16860069534823,-70.22422835193598,2928.7563326133013,-392.5398408126846
361,2234,132,2924.1314130589126,-405.05853838338544,-82.18091238269542,2924.6384939055,-405.565619229973
362,2234,2366,2889.7894246254996,-416.5185686174225,-86.46244518042143,2890.3545925395874,-417.0837365315101
364,2235,2288,2685.8252003824164,-366.35342812683757,-312.7016291582233,2693.8135152918776,-374.3417430362988
365,2235,2364,2675.028743901891,-387.1130708108144,-345.53998184432,2684.7458145348037,-396.8301414437269
366,2235,2363,2575.1596186732745,-419.60404078273064,-351.3161294341533,2585.4276487269553,-429.8720708364117
367,2235,2287,2591.387363214762,-395.8508149441341,-315.87264211479925,2599.714300053578,-404.17775178295005
370,2236,2364,2670.3466849047577,-446.1881507362298,-224.35454006478287,2674.3792015887975,-450.2206674202696
369,2236,2365,2740.9508405609677,-423.20084605256034,-215.2389240273766,2744.6069804654035,-426.8569859569959
368,2236,2289,2751.3011580080065,-395.0444147076653,-191.66635205006875,2754.217396218238,-397.9606529178966
371,2236,2288,2683.3521388348163,-415.8383942247888,-199.24702950333554,2686.551235620081,-419.0374910100536
375,2237,2289,2747.5099157645086,-423.09776088942,-70.94165990056692,2747.906692179043,-423.49453730395453
374,2237,2365,2736.6464356134347,-454.926643738296,-79.08290133586907,2737.136252503561,-455.4164606284221
373,2237,131,2759.045376858289,-448.0507068557813,-69.13459169086863,2759.417912986834,-448.4232429843264
372,2237,130,2769.2629887171906,-417.0882466772912,-61.35797165649843,2769.5583462800687,-417.383604240169
379,2238,2286,2460.5553987035505,-365.6996593928336,-401.7379011109112,2474.7602586422754,-379.9045193315585
376,2238,2287,2591.7351208833306,-325.57417219064337,-408.2891147391802,2605.951269143894,-339.790320451207
378,2238,2345,2452.875515930692,-383.11156648983444,-454.67969274565735,2470.984021464616,-401.22007202375835
377,2238,2363,2576.074146185758,-342.507378425148,-450.4950204249536,2593.355755898334,-359.78898813772435
380,2239,2511,1021.5676624531975,743.2294158846935,-852.825775974442,1330.9473056562802,433.8497726816107
383,2239,2265,787.4984017810785,667.2501089615536,-751.8027293284362,1108.053580969547,346.694929773085
382,2239,2014,904.4083335646468,1060.4948967140328,-848.8854390217748,1414.0096945964908,550.8935356821887
381,2239,2015,1149.6043242017126,1141.4095736242646,-954.8844192141775,1622.9667398888948,668.0471579370826
387,2240,2266,944.0807197703939,543.2474300700935,-822.0310397540671,1200.9392536832938,286.38889615719364
385,2240,2511,1286.2680959798088,828.8063961579576,-994.7736970098906,1604.9963575709712,510.07813456679503
384,2240,2291,1238.5771800989191,638.2385340451588,-872.2674612126343,1467.8549776223344,408.96073652174334
386,2240,2265,941.1832952844388,715.683523199799,-934.7232392276131,1309.2030217288032,347.6637967554346
389,2241,2291,1399.506754730897,686.953487054369,-975.1719452291987,1647.1118315857532,439.34841019951295
388,2241,2292,1339.8851555174424,487.5747270472127,-864.6530689069821,1520.7838919426804,306.6759906219746
390,2241,2266,1086.3823807119809,586.3107341478501,-913.3264891874738,1356.9800483688095,315.71306649102155
391,2241,2267,1031.003085289665,386.6981499333257,-802.7702932021591,1223.52745635898,194.17377886401084
395,2242,2268,1135.244992189115,282.8297704625747,-786.8422779099437,1289.0659324631179,129.008830188572
394,2242,2267,1168.0096318292874,430.3867471460061,-892.8360210571195,1378.2585664142662,220.1378125610272
393,2242,2292,1485.4417567320884,534.2914790687738,-942.445809386933,1679.36100815512,340.372227645742
392,2242,2293,1444.3675875739086,385.9207784121593,-836.5586899062557,1589.707020963367,240.58134502270082
397,2243,2293,1560.1831732619128,425.56231382269993,-901.1924378908875,1717.3574405487889,268.38804653582383
396,2243,2294,1516.5499491216915,269.7403780699844,-798.0587627505151,1633.3194497050326,152.9708774866432
398,2243,2268,1200.704326729686,305.5826783712973,-839.0800161640298,1366.5964426538194,139.6905624471641
399,2243,2269,1219.6237964798215,169.50162324960473,-745.9852419192034,1338.6222101965936,50.503209532832784
400,2244,2295,1553.130972794706,161.04108141684537,-752.0805812609062,1648.2148829797993,65.95717123175211
403,2244,2270,1274.4316479670504,83.87706171711949,-720.028555000614,1374.8305264293072,-16.521816745137244
402,2244,2269,1351.9219231009429,216.10123077768822,-812.5247198337956,1482.274612165058,85.7485417135731
401,2244,2294,1636.8176612198479,312.08682999526036,-858.1971970743172,1763.6629595907084,185.24153162439973
407,2245,2271,1384.3629962693778,-7.589555433748956,-692.054029787459,1465.6367905911638,-88.86334975553507
406,2245,2270,1469.8860163831107,124.79211683193813,-781.5949182177546,1575.183558584166,19.49457463088288
404,2245,2296,1621.1023155485511,53.55376615452326,-717.5425829046595,1699.3135124502196,-24.6574307471451
405,2245,2295,1727.419053885377,195.6625748767574,-812.495453279386,1828.4933466146028,94.58828214753157
410,2246,2271,1560.7689709892468,20.75148812765724,-750.1053362291367,1647.2518907786257,-65.73143166172179
411,2246,2272,1486.3830442389458,-89.14064510209835,-660.5748278072938,1552.8217027887524,-155.5793036519051
408,2246,2297,1715.8385325744357,-23.79621604951501,-680.1855116572023,1779.961920421427,-87.91960389650626
409,2246,2296,1840.4910990447534,97.10161877510939,-770.9093637495957,1921.910744363176,15.681973456686478
415,2247,2273,1540.8022757288306,-173.4866781666018,-600.1999186299726,1591.8189298271586,-224.50333226492978
412,2247,2298,1851.872071467729,-68.68206924074514,-631.8126050172746,1902.4999639130594,-119.30996168607567
413,2247,2297,1870.0054440961069,8.139875916068263,-727.5740706079487,1938.5609568604577,-60.41563684828259
414,2247,2272,1560.468972068287,-83.93470191237736,-712.3387907520616,1634.2986629567479,-157.7643928008381
416,2248,2283,1847.6258313683943,-110.4005724670427,-572.7972086916874,1888.6572412694093,-151.4319823680578
417,2248,2298,1870.8332847970605,-59.85936811837735,-666.1819016601512,1926.6838597889575,-115.70994311027448
418,2248,2273,1576.557167878416,-158.25094610263386,-646.3371587807427,1634.8030062526627,-216.49678447688052
419,2248,2274,1584.3142492146549,-197.8235326156863,-556.3617795325692,1626.7272144637882,-240.23649786481963
422,2249,2287,2462.097780536996,-433.6041663409808,-330.16074836845405,2471.478419172434,-442.98480497641856
421,2249,2288,2523.954213569533,-417.4095053377167,-316.2603731355175,2532.4309959220955,-425.8862876902797
420,2249,2281,2542.775333534847,-374.82747462922123,-296.7598381688014,2550.302043122877,-382.35418421725103
423,2249,2280,2493.5268450699537,-386.1774799577273,-307.2008714158701,2501.696555231195,-394.3471901189687
427,2250,2277,1805.8282999299804,-282.4922012463222,-507.28654376184716,1836.1937764785837,-312.8576777949254
426,2250,2283,1840.2694562760585,-242.15522332863213,-589.6568985724238,1881.2063441984235,-283.09211125099705
425,2250,2284,2131.9543710425473,-147.6902694202323,-597.7496387843529,2170.4872940906935,-186.22319246837856
424,2250,2278,2032.5146543657006,-210.65902920948827,-509.16416920453423,2061.044798571925,-239.18917341571296
431,2251,2281,2558.0924678387714,-418.958219984666,-184.8692159494627,2560.959713495253,-421.8254656411475
430,2251,2288,2538.7854795454646,-461.767473345345,-205.93596389163528,2542.3148120665746,-465.29680586645486
428,2251,2282,2613.3209073688586,-403.3370391618446,-173.197392622165,2615.804836416195,-405.8209682091813
429,2251,2289,2598.0115363990185,-444.7235686736128,-193.28648527484714,2601.0780251573124,-447.79005743190623
435,2252,2275,1593.6567539528073,-234.50607009835312,-501.71884535398976,1627.4547001561705,-268.3040163017164
434,2252,2274,1614.62061929336,-186.63884735959869,-590.6201672030538,1661.7999184351656,-233.81814650140416
433,2252,2283,1892.5657416969348,-94.35606943349637,-608.0061052714423,1938.0381481870672,-139.82847592362896
432,2252,2277,1850.636361241854,-150.0768751490067,-515.8819962492693,1883.3561787862632,-182.79669269341593
438,2253,2289,2599.260863839874,-471.40369091535706,-73.96247047168121,2599.7061789922136,-471.8490060676961
437,2253,130,2613.8252538656166,-468.38269917831076,-59.04951813793331,2614.108048355358,-468.665493668052
436,2253,129,2628.7917095309913,-423.0298032226292,-53.930724759789065,2629.0299521692605,-423.26804586089816
439,2253,2282,2614.9241088618014,-425.26079732179426,-68.28613547636309,2615.3075072787387,-425.6441957387317
441,2254,2280,2356.587078807804,-334.60326263671993,-399.3920644729996,2371.3245397466644,-349.34072357558034
443,2254,2381,2179.339475037482,-376.96192998350864,-346.7919331738277,2191.047439031454,-388.66989397748057
442,2254,2279,2174.48527897146,-397.62215451252314,-416.3177542010501,2191.222520312016,-414.35939585307915
440,2254,2380,2356.278831062628,-318.4721679522521,-340.32710890647974,2367.0609120875733,-329.2542489771977
447,2255,2261,2124.9574496175765,-353.7729771186381,-308.64682809292106,2134.528522947045,-363.3440504481068
445,2255,2380,2253.5476505835277,-352.4218559240828,-343.4978656109713,2264.8181857465897,-363.69239108714476
444,2255,2262,2266.7786363284386,-307.19422434013313,-294.17100000875473,2275.1563309320504,-315.571918943745
446,2255,2381,2110.5212856292865,-399.8634735768119,-358.6447976978245,2123.2659835432933,-412.6081714908189
450,2256,2379,1975.0427278783322,-342.2344929732999,-422.2088832934373,1994.117374086931,-361.3091391818987
451,2256,2260,1982.1727200498667,-320.32678264337517,-361.6473799732008,1996.2869448223064,-334.44100741581497
448,2256,2261,2155.451454249828,-263.57131047309576,-355.9161220996885,2168.4730389508313,-276.5928951740991
449,2256,2381,2149.2166017852887,-285.3194971947288,-416.86001174057776,2166.9321844363294,-303.03507984576936
455,2257,2379,2033.4779474772654,-323.78611863605,-412.26457195985745,2051.367535065459,-341.67570622424364
452,2257,2381,2218.4824702893693,-263.3763970147879,-406.023223073819,2234.9788092866675,-279.87273601208585
453,2257,2279,2211.4523492624166,-290.88974219240276,-478.55881247586063,2234.127298903441,-313.5646918334272
454,2257,2278,2021.6751427935778,-349.33472304009115,-474.8603830390007,2045.2173726520982,-372.8769528986114
459,2258,2380,2324.5302434098126,-394.52702575910007,-269.43704528767404,2331.1887075048944,-401.1854898541819
456,2258,2378,2455.2235141151577,-353.5277867605828,-254.792924983283,2460.989993463564,-359.29426610898895
457,2258,2281,2435.7091746546694,-406.5280452492551,-301.11295762156846,2443.6620663651324,-414.4809369597183
458,2258,2280,2313.2314274632313,-440.90247697441646,-311.02599256550167,2321.9846955132844,-449.65574502446975
460,2259,2263,2346.9168062185286,-346.01617852278,-221.08763133844798,2351.4469645689796,-350.5463368732312
461,2259,2378,2330.891225197457,-393.9409660074807,-257.64720015832023,2336.9681465643953,-400.01788737441916
462,2259,2380,2226.690253575385,-426.3660547178929,-271.39272429626317,2233.6126783569366,-433.2884794994443
463,2259,2262,2240.9390156429613,-379.43826180868336,-235.42379618888742,2246.2162107567033,-384.71545692242535
467,2260,2259,1819.5045735833476,-278.5463786697193,-396.8957596868699,1838.1101248145126,-297.1519299008844
466,2260,2377,1815.5845989364202,-295.84746265995284,-465.0140953379033,1840.8846942436724,-321.1475579672049
465,2260,2379,2011.8368080443972,-230.91795104340122,-458.50461928867867,2035.030898016494,-254.11204101549788
464,2260,2260,2017.6163009635193,-213.06608320049372,-390.59832608801213,2034.585904485176,-230.03568672215033
469,2261,2278,2066.280547060623,-205.33342796939382,-527.8472098136809,2096.540959876719,-235.59384078549
471,2261,2377,1816.2194230198147,-295.0651348694098,-445.0275003499654,1839.4158670140437,-318.26157886363865
470,2261,2277,1826.031753907586,-283.8213208229082,-533.9284806862605,1859.2871429036504,-317.07670981897263
468,2261,2379,2068.4840915059585,-211.89988072967492,-446.9805845218859,2090.18094514097,-233.5967343646862
472,2262,2376,2497.0336961306143,-394.12691914344,-153.65834514064548,2499.0739007777292,-396.167123790555
475,2262,2378,2440.3003356987633,-410.13584329542164,-169.67069806034723,2442.822992652095,-412.65850024875317
474,2262,2281,2422.2667871471344,-462.18038174692356,-189.48706904815313,2425.3754153312884,-465.28900993107754
473,2262,2282,2478.9164325907527,-446.91340586466345,-173.72362975365257,2481.492910738924,-449.48988401283475
479,2263,2263,2331.795183460413,-393.05658901300865,-151.3860350506283,2333.8962219818673,-395.1576275344628
478,2263,2378,2312.346548211288,-451.63820739958567,-171.6873941847562,2315.010110573954,-454.30176976225175
477,2263,2376,2371.2664206922127,-435.2735733573687,-153.40711895746406,2373.3611879142927,-437.36834057944884
476,2263,2264,2391.272330464309,-375.2614587732354,-132.59060783095998,2392.8600740908323,-376.8492023997585
480,2264,2259,1857.0190167661174,-165.57894800070198,-406.2299453716016,1877.2147381494665,-185.7746693840512
481,2264,2377,1860.2806809332114,-161.35247058243,-477.3738486566426,1888.0793359861468,-189.15112563536525
482,2264,2276,1651.4040444080074,-230.2311656502427,-477.35124576135536,1681.2067662267277,-260.03388746896303
483,2264,2258,1647.4253097125193,-234.76253062454077,-404.66225211970544,1668.9297747238209,-256.2669956358425
487,2265,2276,1623.435888806761,-238.46784621586528,-454.6442879579389,1650.7881153939743,-265.82007280307823
486,2265,2275,1632.7998317794013,-222.45228351293997,-536.1530077969468,1670.7591482802322,-260.4116000137709
485,2265,2277,1872.7182497182025,-143.3990756906005,-540.1956917142729,1908.2759503341792,-178.95677630657724
484,2265,2377,1861.580516933189,-160.08695539932842,-458.10435190983907,1887.2069784983823,-185.7134169645218
489,2266,129,2488.9530093805865,-469.17657427226266,-51.11181711324147,2489.1737758162235,-469.39734070789973
491,2266,2376,2493.090183497048,-415.66928498186826,-63.78156755882143,2493.43978265831,-416.01888414312975
490,2266,2282,2474.666864513234,-470.9455740393988,-69.20355209776994,2475.0732715895206,-471.35198111568525
488,2266,128,2507.3769427382113,-413.3464731885516,-45.876182697486456,2507.557077421061,-413.5266078714012
492,2267,127,2399.263035959795,-394.3389297729177,-38.57280927660925,2399.396178648503,-394.47207246162543
495,2267,2264,2384.8531166542816,-396.8960185439538,-58.6300369582832,2385.162013987976,-397.2049158776481
494,2267,2376,2364.7238036138906,-457.7426688051838,-63.832881604474125,2365.084668474461,-458.1035336657544
493,2267,128,2379.0115560189033,-455.70705080592325,-43.746607513190334,2379.1803251281417,-455.87581991516186
499,2268,2412,569.1656865449095,708.4190882201806,-675.8302405588263,983.8061638944168,293.77861087067316
498,2268,46,588.2400145158895,715.1393965459619,-795.4888046639026,1054.4631814157024,248.9162296461492
497,2268,2014,823.1879826537503,792.6722260314559,-795.594099531393,1206.0196616696571,409.8405470155491
496,2268,2265,839.8308428737244,797.7363475737222,-675.321443913794,1157.0996453692837,480.4675450781628
500,2269,2266,995.309364810321,596.3385884342599,-749.4152775832487,1220.3239585649565,371.3239946796246
501,2269,2265,1023.0045384093473,854.9019947812036,-852.4269082005521,1373.3753249091358,504.53120828141505
502,2269,2412,635.9872136094032,729.0631209188498,-751.7944120257363,1061.2922337029204,303.75810082533246
503,2269,2411,760.9372050573555,519.045236305046,-688.0563063316746,1004.659976276486,275.3224650859155
507,2270,2411,818.5514140234106,640.0266924060631,-653.8836073103408,1068.1971706070972,390.3809358223766
506,2270,67,648.074003030855,480.9554373167862,-570.6324718432733,861.8150871969256,267.2143531507156
505,2270,46,520.031574721087,605.8918494024305,-565.5097929693951,848.957041006413,276.9663831171046
504,2270,2412,688.1578551900814,1054.4118537233626,-716.1116867166628,1273.4533326141357,469.11637629930823
509,2271,2266,1108.4340890562908,633.5940100140222,-843.3972511543185,1354.9541346488843,387.0739644214286
508,2271,2267,1074.370214219281,502.25579820842654,-745.1155904679881,1258.0235948122745,318.60241761543296
510,2271,2411,848.8456534830555,547.9615094015935,-804.1034475544577,1127.6801888088914,269.1269740757576
511,2271,2410,775.293809304452,411.1614585050054,-705.7098510046434,990.285174666684,196.1700931427734
514,2272,2413,774.3339623552574,552.1661534374928,-638.8062460258062,1001.4186383710044,325.08147742174583
515,2272,2409,736.9051201574756,474.26993455678587,-617.3722420570807,941.044576015411,270.1304786988504
513,2272,2411,794.2883634271801,521.9338360450673,-652.3568502307455,1011.5748350147635,304.64736445748395
512,2272,2410,772.2813950608555,464.54661077781816,-640.0972061640596,973.5284671406503,263.2995386980233
518,2273,68,597.9343298485853,466.07042571693927,-554.0082983164665,816.7449298435436,247.2598257219811
517,2273,2413,711.7122169262761,505.43937236736645,-582.3166029296077,917.4613367372139,299.69025255642885
516,2273,2409,648.7014182563717,413.72650472310863,-536.5048272496565,824.0665863935252,238.36133658595497
519,2273,2406,536.4388254443077,398.2339916678378,-518.6393702971915,735.705265030445,198.96755208170043
522,2274,68,548.216370948195,446.62202057722504,-507.93524397474386,756.4170838327589,238.4213076926613
523,2274,2413,995.1427386167986,600.1338245873519,-602.1426600750162,1157.7104359145615,437.5661272895891
520,2274,2411,574.4940671511649,634.4371950428222,-610.6723191302241,911.2692571892067,297.6620050047805
521,2274,67,384.015357997618,497.309846489642,-531.5414094978102,712.4032465782547,168.9219579090053
524,2275,2268,1171.8294184088954,381.523708700524,-757.6182555313845,1324.0723380890201,229.2807890203992
525,2275,2267,1210.226573312995,532.1494816808711,-832.0259656303084,1407.8573273640222,334.51872762984385
526,2275,2410,990.2284611695385,467.8890543876931,-786.5303159566693,1201.146777589569,256.97073796766256
527,2275,2415,906.8372428279351,276.8968631185992,-689.8381882595503,1058.9595512992307,124.7745546473036
529,2276,2410,969.9168941917045,463.9416272370747,-701.1550584126128,1149.257083872755,284.6014375560242
528,2276,2415,937.4929430149318,389.5241139425189,-663.7866643605397,1093.8812080884686,233.135848868982
530,2276,2409,874.632791752613,450.82524426657454,-688.1668760688076,1066.8287849683338,258.62925105085367
531,2276,2414,815.8629516592694,364.2138699500058,-643.1720865825158,982.99426900239,197.0825526068852
534,2277,2406,752.7359920659,387.1157865420523,-606.9306813123239,924.2008484125555,215.65093019539688
532,2277,2414,775.2949049887231,374.8864366354701,-591.4350958424735,932.2049431827181,217.97639844147506
533,2277,2409,794.886891462969,396.87431443743424,-608.4556338870105,959.4161135538258,232.34509234657742
535,2277,2407,723.5774676748179,363.4921963061605,-590.1052800904891,889.1811990505648,197.8884649304136
536,2278,2270,1289.0384615610585,177.73012235177293,-683.087258860939,1385.6140114598763,81.15457245295511
537,2278,2269,1348.7982003487784,281.9241736379998,-752.6648667987248,1468.186697865784,162.53567612099414
538,2278,2408,1131.4675634578775,241.4131440503865,-739.1316995013907,1264.9108669859258,107.96984052233825
539,2278,2404,1089.74359749721,121.28284532624582,-657.0195387472967,1190.6608315904032,20.36561123305262
543,2279,2416,699.6062421530853,384.99522645844854,-516.7106755898984,844.7780117436681,239.82345686786573
542,2279,2417,667.9493603793776,396.24300315356516,-506.62465450022444,819.538734768107,244.65362876483562
541,2279,2406,612.1739447750076,362.70987315593504,-526.4603322612752,778.7290544394083,196.15476349153437
540,2279,2407,635.9832157079876,345.8869311150751,-539.9413594539601,797.4038834002489,184.46626342281377
547,2280,2405,521.0098294400707,311.6702587330226,-424.73293061824194,653.1000059758891,179.5800821972042
546,2280,69,542.2778360173294,353.6222095879508,-438.2681349397167,686.5238601606994,209.37618544458078
544,2280,2416,524.8790385942592,287.21778793362904,-437.72296864239354,655.0887048548254,157.0081216730628
545,2280,2417,567.4519181968433,369.24004040915133,-465.45810846397285,721.2981483147407,215.39381029125389
551,2281,2417,818.164847413853,450.72112268167535,-469.68502804218815,932.6119457110294,336.2740243844989
550,2281,69,440.14221501489146,305.42059392250275,-382.5285953998922,575.5608668708198,170.00194206657443
549,2281,68,324.8554364798341,339.658627194011,-399.4746633459102,532.1314556076045,132.38260806624066
548,2281,2406,468.7073569378633,484.0344807157698,-482.0037932204268,717.4946305404219,235.24720711321135
554,2282,2418,808.4907180857045,217.95075629002062,-607.26959761999,936.7516719114057,89.68980246431954
553,2282,2408,1165.4599269226733,348.66970999729824,-684.4022242618421,1289.8763853012938,224.25325161867784
552,2282,2404,1109.8970720429752,187.40638719412163,-591.7510323821313,1196.638578903781,100.66488033331575
555,2282,2403,873.394210765133,107.15995181641708,-544.2874334294714,960.2142445838927,20.339917997657437
557,2283,2418,844.1615398832245,343.4144160542514,-592.9549771011169,981.8418681991977,205.7340877382781
559,2283,2405,756.7425630099782,182.57672519298922,-487.07761840579144,846.1271113771909,93.19217682577653
558,2283,2416,590.7626744711338,178.24245923082958,-494.206170769294,706.3770249896927,62.6281087122706
556,2283,2403,891.9779711914802,284.02933509200614,-548.9765133826389,997.5695075476523,178.437798735834
563,2284,2402,685.1720566801087,212.0810206770614,-439.60673144086644,771.5310163010541,125.72206105611588
561,2284,2405,647.5221366908131,216.89957614684772,-460.0014755367084,747.2652751885844,117.1564376490764
560,2284,2403,655.7023292164405,185.1994687108726,-456.28778704830256,748.1594151611148,92.74238276619826
562,2284,2419,687.4643183960304,260.2860794832427,-437.2298624800025,779.5102756426029,168.24012223667017
566,2285,70,436.56802635712666,224.5251759284666,-347.6272419030534,534.1435496286686,126.94965265692477
567,2285,2401,345.1454664977573,80.51936175857301,-279.7854355153771,405.3855660343096,20.27926222202072
564,2285,2402,502.3916092248037,113.42674978481213,-313.4343844747364,557.6764588120809,58.14190019753494
565,2285,2419,713.9297484823819,384.169575025947,-446.26003715543146,826.4887509070743,271.61057260125455
570,2286,70,357.91244334161524,131.9026310765535,-276.2581727550134,423.37252905204167,66.44254536612704
568,2286,2405,451.66540631171085,386.10636653969044,-404.6635941259128,623.8557696443889,213.91600320701232
569,2286,69,233.63945862765925,180.0499399299062,-291.42836606771505,355.0019882178989,58.68741033966663
571,2286,2419,735.2247877633353,336.8352694020616,-399.2145434993955,818.0257998637401,254.03425730165668
575,2287,2400,344.17888927291926,148.6174456228981,-222.8609082547496,394.64733495873514,98.14899993708224
572,2287,2401,306.023077447607,170.88379967511165,-205.06242244647967,361.2471899256798,115.65968719703895
573,2287,70,268.1329758386793,94.07479969635617,-182.09378927208178,307.0546686041776,55.153106930857874
574,2287,71,285.7562392340982,55.16066561334862,-188.78225362364256,319.4660511030389,21.45085374440785
576,2288,2272,1505.8960447883162,12.555590557791561,-635.7061801151082,1570.7349149230433,-52.28327957693568
577,2288,2271,1575.5636147845175,118.76505944877238,-717.3759359094722,1659.0895590814366,35.239115151853184
578,2288,2423,1327.5427897421705,49.31954761170755,-694.0687700189922,1415.683895422977,-38.82155806909884
579,2288,2422,1252.5250295149813,-70.96060559203238,-601.0027662040421,1317.559095076149,-135.99467115320022
583,2289,2421,1063.3257060934634,-48.3327719972994,-545.2045207008192,1126.57492356706,-111.58198947089613
582,2289,2420,1194.745379953979,80.84302915226692,-623.7458300433614,1276.1196128712593,-0.5312037650135153
581,2289,2423,1324.749398021624,112.12482786680965,-639.3613398160222,1403.8642190237924,33.01000686464124
580,2289,2422,1277.9060151933181,28.888131091703883,-587.43977046158,1343.529516722297,-36.735370437275265
587,2290,2420,956.0712634653902,44.72972528327142,-551.7986048325728,1033.0882780505017,-32.28728930184002
584,2290,2423,1155.992611420842,91.62651990676528,-578.266118283419,1229.4635263376204,18.155604989986728
586,2290,2403,1049.3888291703613,169.05252919707075,-625.1531731108255,1149.083738417536,69.35761994989582
585,2290,2404,1238.9578426987796,233.31878293717412,-662.0400868665342,1338.1364430344365,134.14018260151715
588,2291,2271,1393.6646129083704,83.06136760040954,-657.9489097234712,1471.6053844219093,5.1205960868705915
591,2291,2423,1158.5887817948114,19.846229729409515,-628.6140764106972,1239.5809151237722,-61.14590359955139
590,2291,2404,1240.610937291827,153.03515704206706,-715.7520926058987,1347.8073280554331,45.838766278461094
589,2291,2270,1481.0714606857434,220.9210790696044,-747.9890061408572,1583.708105730434,118.28443402491393
595,2292,2399,1349.5979328520557,-102.2296298135941,-573.0438269189485,1404.097903846417,-156.72960080795542
593,2292,2272,1605.5134649080421,45.297105935946774,-683.4756161734118,1677.0821614594631,-26.271590615474224
592,2292,2273,1592.6207687930848,-14.856918030200177,-604.5121150081831,1647.5756150674683,-69.81176430458379
594,2292,2422,1324.8255254881842,-47.26128579109644,-658.7633328116539,1399.799752092315,-122.23551239522715
597,2293,2422,1370.6536907749714,67.29548297080072,-635.2358237807946,1443.9344426002506,-5.985268854478363
596,2293,2399,1379.8177637635274,10.15437688316382,-580.5389694443778,1438.7943938187418,-48.82225317205064
598,2293,2421,1102.1760369444312,-27.14283846782041,-595.1860471335552,1175.7970143116609,-100.76381583504997
599,2293,2398,1206.2487990351808,-74.53394873091452,-532.6963298962348,1259.429668480142,-127.71481817587585
603,2294,2397,878.6371367561272,105.49338638027376,-504.3451181677436,953.6157076098209,30.514815526580094
602,2294,2402,897.1629683515343,110.32181984215015,-520.7860190622966,975.5307657843823,31.95402240930224
601,2294,2403,941.5148422081103,125.53520365989309,-512.8879823056584,1015.4163107051255,51.63373516287777
600,2294,2420,923.1372670444507,121.02469267697086,-492.96644638997407,992.8252042609645,51.336755460457255
605,2295,2420,1034.241538075729,12.160944715243147,-526.0519148135279,1097.9575715918359,-51.5550888008637
604,2295,2421,1126.7423509500954,94.51435973776887,-581.5041793584163,1203.005291182411,18.251419505453555
606,2295,2397,1095.437266024184,12.712193159471042,-519.0706685162304,1154.4346096479037,-46.285150464248545
607,2295,2398,1183.8863306391806,60.625218612278786,-547.1292010902957,1246.9688864774055,-2.4573372259460484
608,2296,2397,739.4008701469303,52.619730975223575,-383.76536577334406,789.3753311271962,2.6452699949576868
611,2296,2396,619.0711423315006,20.152259593572523,-362.0112902466641,669.5245480995425,-30.30114617446924
610,2296,2401,688.0078556227198,123.22725393059552,-418.0668914784281,756.9567974603328,54.2783120929825
609,2296,2402,818.044803726553,153.48681879259544,-439.08489188298023,884.0222793863866,87.5093431327619
615,2297,2395,491.590387556239,36.91613961890286,-274.4478256351666,529.7952945041723,-1.2887673290304633
614,2297,2400,519.144017753278,50.47336245484493,-301.73208828598405,563.5085448937991,6.108835314323812
612,2297,2396,559.9238647859742,58.45291587233521,-269.8237347196964,593.9154352434157,24.46134541489363
613,2297,2401,579.8478013907355,68.7972936903821,-292.79009603534956,618.8130659605829,29.83202912053474
618,2298,2424,386.79064295018713,49.633918455169876,-177.98462752670483,408.83834431153343,27.586217093823564
619,2298,2394,375.9465107306165,32.77267238074076,-167.1450432277661,395.21670355533564,13.502479556021626
616,2298,2395,395.3712746878184,34.706777042881384,-167.41917780334222,413.853047602891,16.225004127808802
617,2298,2400,407.2094338587207,49.501409973325366,-176.80634947479336,427.86451667525785,28.84632715678825
623,2299,73,64.36168612293979,-57.61591343289857,-13.031657900583477,64.70876267576666,-57.96298998572546
620,2299,2394,298.2963222172847,15.747254558604908,-33.671774087464485,299.2959638424053,14.747612933484334
621,2299,2424,423.4762617027331,172.92409216025683,-178.97520111839103,452.1551316080255,144.24522225496446
622,2299,72,89.6190808517943,18.92164635150901,-93.38440473899593,112.83394932985553,-4.293222126552216
624,2300,2400,190.8051916373066,166.75480351614556,-132.9148597499179,246.31661932951818,111.24337582393402
625,2300,71,45.822762030471274,0.7461138944421464,-48.22441633614032,56.290113755192635,-9.721237830279211
626,2300,72,148.81035804550092,-51.18228756568587,-38.96565693789798,150.69065267389445,-53.0625821940794
627,2300,2424,425.70311175620725,120.30933685296625,-141.22128819777856,441.23880883407935,104.77363977509415
630,2301,2397,962.0939175239589,1.1767915277253564,-510.84076384838016,1025.7676934476476,-62.496984395963295
629,2301,2398,1185.3944367140066,118.98669278840686,-579.9084636970649,1259.133581551791,45.247547950622334
628,2301,2427,1235.43788092521,23.75921015534692,-488.28991288375704,1282.7815674075514,-23.58447632699449
631,2301,2426,954.203926497084,-79.59163324899652,-440.9475219183553,999.2598761331222,-124.6475828850347
635,2302,2427,1211.776255156957,-117.0985299849981,-473.8908434712891,1252.7608508511607,-158.083125679202
634,2302,2398,1166.5061483619484,-55.01484294563079,-549.2994394573482,1225.41784983023,-113.92654441391221
633,2302,2399,1329.6665053961397,22.05837146135576,-592.476597249538,1393.6485399626235,-41.923663105128185
632,2302,2393,1368.6546091117968,-9.507871065782751,-550.4631712243871,1421.5877766734964,-62.441038627482385
639,2303,2392,1082.230097081456,-71.48517930912038,-462.81409857452655,1126.9140562101795,-116.16913843784391
638,2303,2426,1111.6159517607318,-10.964127161892065,-505.6763846270482,1165.9342779758877,-65.28245337704789
636,2303,2393,1189.7586771357837,-44.086291298658296,-473.41755087672055,1233.6117946944419,-87.93940885731661
637,2303,2427,1339.992688395965,74.20421509656842,-548.5256322721464,1396.8630544182897,17.333849074243517
643,2304,2393,1372.398037737023,-152.42699981955866,-521.3581755427402,1415.7314066870974,-195.76036876963303
642,2304,2399,1293.2837141233076,-109.91266429939685,-602.7510802853511,1355.2739188133673,-171.9028689894567
641,2304,2273,1631.2029521935144,12.279099518899102,-648.573003487322,1693.7446642676796,-50.262612555265946
640,2304,2274,1629.0989275719915,-58.365721773984205,-557.7705320785639,1673.9954496690627,-103.26224387105549
646,2305,2425,843.8762010895404,-32.94700700065124,-439.7233607839987,895.9173399934341,-84.98814590454498
645,2305,2426,1123.6466312197174,58.577945801835426,-459.9838136430086,1171.1890966731398,11.035480348412875
644,2305,2392,1084.5941384625405,-3.7774656805597715,-377.4873885126945,1116.3965040626795,-35.57983128069873
647,2305,2391,854.6094581129031,-80.33986506550372,-358.70400673984113,887.8340079678004,-113.56441492040096
649,2306,2397,1007.073932054264,112.7177750510132,-475.6363351844684,1066.3795302188603,53.412176886416944
651,2306,2425,722.5521172704795,-69.99041796378225,-359.51874241918136,761.4180108755949,-108.8563115688977
650,2306,2396,776.4218871157598,45.50936055922563,-451.77146351747996,840.5964469653212,-18.665199290335863
648,2306,2426,997.6699171428739,19.398954569750288,-395.99569122008563,1036.2243693586056,-19.1554976459812
655,2307,2428,582.8029289875799,-15.44534929704838,-285.1570979704944,615.0454949445697,-47.6879152540381
653,2307,2396,762.1645436550145,61.959358878945466,-340.0517382655596,801.2670660473223,22.856836486637746
652,2307,2425,746.4772194162969,38.77510095260135,-293.78302216631226,775.7549742245753,9.497346144322819
654,2307,2395,633.2944086403252,23.96369344538809,-345.1215629877447,678.7693135517109,-21.511211465997576
658,2308,2428,479.0742285127991,-48.90704750878132,-314.7561223038198,522.4252750963352,-92.25809409231746
659,2308,2390,675.0078156777929,-80.47921931835714,-242.6124170355604,694.0077432884905,-99.4791469290547
656,2308,2391,906.8547611030705,10.809318357237089,-285.3856003409276,929.0294387945064,-11.365359334198843
657,2308,2425,906.8970133411613,93.6023121102181,-367.84332444536494,946.5558867438372,53.94343870754227
661,2309,2395,538.6426437506137,-18.47843886244786,-219.57149072526073,559.4963390091064,-39.33213412094045
660,2309,2428,586.9244359300897,64.72211747089895,-257.88507661830073,617.0276611740891,34.61889222689956
662,2309,2394,587.6287151444369,-20.648517052429014,-225.5006831370539,607.8555369799637,-40.87533888795582
663,2309,2390,620.8762347109468,29.725241344281272,-249.25132123699225,646.075471328408,4.526004726820133
666,2310,73,342.99234173962816,16.362880021657077,-125.43004761223995,354.620102936018,4.73511882526725
664,2310,2390,458.6450708322211,4.518582730782157,-78.39646341460711,462.0036533687762,1.160000194227024
665,2310,2394,532.7473235418872,75.9732573745317,-141.5025724212418,543.455211736814,65.26536917960493
667,2310,74,326.47216917297885,-33.698248968189176,-71.0992801931314,329.9474663040048,-37.1735460992152
668,2311,2389,1385.1370585566679,-63.484959936678024,-436.0851109365285,1417.2445803568387,-95.59248173684887
669,2311,2393,1415.622724300807,1.508564300587409,-520.8050479681708,1462.0503414748096,-44.91905287341524
670,2311,2392,1167.1182651702186,-70.70059914052416,-514.9709659412354,1218.5428237623673,-122.12515773267296
671,2311,2388,1137.0927300854057,-143.6696750655546,-418.1266252369632,1170.355018753648,-176.93196373379692
675,2312,2387,942.589279296312,-106.62806617356961,-331.596303849121,968.1653816054612,-132.20416848271873
674,2312,2391,955.400826363109,-45.092579520940376,-411.82467839310686,996.122380565404,-85.81413372323533
673,2312,2392,1197.1411403002908,35.493556725490464,-434.49059676551434,1236.4397531845057,-3.8050561587245966
672,2312,2388,1169.9728838892343,-31.49398264763886,-351.9968420351686,1195.2235574854735,-56.74465624387824
677,2313,2391,999.6941716186091,70.92110537478635,-345.5786557163664,1030.7983084054972,39.81696858789826
679,2313,2386,697.342238679383,-95.5721252905335,-208.81348058688488,710.859524882575,-109.08941149372549
678,2313,2390,704.1952527897711,-37.901946563432375,-304.82490964107564,734.278326889237,-67.98502066289831
676,2313,2387,987.6054921537173,2.8016750078557493,-234.1556898166241,1001.3328766815115,-10.92570951993855
680,2314,2275,1640.4651117620078,-90.77850536002529,-492.12138808942143,1674.7582884136,-125.07168201161755
683,2314,2389,1348.179364781163,-187.992617013006,-472.70553410169765,1383.721845197128,-223.53509742897097
682,2314,2393,1376.2939662487863,-133.32635992846815,-566.9043260830181,1427.7613676717797,-184.79376135146128
681,2314,2274,1666.4776148856154,-30.70792207051352,-598.6165477095311,1717.7154579735197,-81.94576515841788
687,2315,75,492.3929299084969,-82.75935356142438,-55.02125010920393,493.7058184015134,-84.07224205444084
686,2315,74,518.9498506632781,-2.283836122693316,-143.5607945422994,528.6542319133605,-11.98821737277575
685,2315,2390,757.168488152959,66.72927319025248,-156.37104690211407,765.9115248403025,57.98623650290898
684,2315,2386,744.4234533702677,-2.380758871539456,-77.38823097130069,746.4229554355084,-4.380260936780132
688,2316,2383,1078.4940972369243,-14.419988836153323,-216.69155132554448,1089.1313971874647,-25.057288786693675
689,2316,2387,1096.0561709293065,45.50328009697978,-291.43236988354244,1115.8930629605259,25.66638806576043
690,2316,2386,882.245558389036,-27.460609208120957,-268.7383996032894,901.6776311117333,-46.89268193081824
691,2316,2382,866.5638734389593,-84.8271640175222,-196.78497154421672,876.6330176850281,-94.89630826359098
695,2317,2383,1043.8205908296447,-111.3516408384649,-308.05621079743287,1064.0056506614865,-131.5367006703067
694,2317,2387,1055.4363984611862,-69.12482708406947,-386.4688786835256,1087.7136348905408,-101.40206351342408
693,2317,2388,1283.5363590952638,6.215691400222909,-400.6425610874241,1314.2157278419486,-24.463677346461623
692,2317,2384,1267.3305009002613,-37.331991521672876,-322.339719463456,1286.9455162825097,-56.947006903921306
696,2318,2385,1459.8785322248075,-72.66283064961544,-395.6571813635741,1485.003395708965,-97.7876941337729
698,2318,2388,1246.1789103680262,-111.67012639417794,-466.10376602775517,1285.0647303321764,-150.55594635832813
697,2318,2389,1476.178312188825,-36.68443433307232,-474.9680414837772,1512.5817783245684,-73.08790046881575
699,2318,2384,1232.5187057469868,-147.3373070874914,-385.4850275789004,1258.935819129375,-173.7544204698795
703,2319,76,714.9276509860615,-66.55832392544585,-54.822430406765044,715.8879402140412,-67.51861315342558
702,2319,75,733.4934011928317,-10.298474814021176,-117.37839506341129,738.0958172500359,-14.900890871225272
701,2319,2386,912.8733741596662,46.93111496173958,-133.10373792232983,917.9583486483259,41.84614047307997
700,2319,2382,897.9364869602216,-6.591542140845945,-72.7776764103335,899.3980352814388,-8.053090462063096
706,2320,2389,1438.9266019635143,-156.31405225940284,-513.8782801165685,1479.2895132973606,-196.67696359324918
705,2320,2275,1680.5881811633594,-76.07256764967713,-526.7587747622995,1719.2272437079123,-114.71163019423011
704,2320,2276,1664.0717361995517,-113.41422520827962,-442.8224342140487,1691.2365089355194,-140.5789979442476
707,2320,2385,1421.9788787585203,-193.56995201788754,-430.51587539110966,1450.1682699413293,-221.75934320069655
711,2321,2254,1014.1275163099658,-74.41362616257635,-179.57862087586713,1021.484151602503,-81.77026145511343
710,2321,2382,1027.7564029503778,-30.654497009357613,-237.37631732822325,1040.9025799575338,-43.800674016513426
709,2321,2383,1196.9642376850481,25.53682761654045,-252.34141630828498,1210.3995891142679,12.101476187320714
708,2321,2255,1182.9533987777988,-18.421477420543965,-194.40559821675242,1190.767219875886,-26.235298518631225
715,2322,2255,1153.7767580502893,-104.66751907244492,-278.23618717386125,1168.9724525902434,-119.86321361239902
714,2322,2383,1164.3607382408718,-70.90736139641746,-343.3775985127738,1187.7796217167252,-94.32624487227065
713,2322,2384,1355.4344019835432,-7.640692424204985,-355.00507559118677,1378.1699404307885,-30.37623087145016
712,2322,2256,1343.0674544125493,-42.173917332600695,-289.36568155729606,1358.0176405481257,-57.12410346817717
718,2323,2384,1319.3820134940756,-119.7131499737149,-417.7061057012718,1349.0795986208864,-149.4107351005257
719,2323,2256,1310.37868641132,-143.82749610857417,-347.04741571487614,1330.7977570357978,-164.24656673305208
717,2323,2385,1522.743275963961,-52.8490634796176,-424.5593255679923,1550.8426021606192,-80.94838967627584
716,2323,2257,1512.8876975419926,-76.8973131441951,-355.02369568572436,1532.4671384163285,-96.4767540185311
720,2324,2254,1036.1772441376972,-12.285588785869265,-69.122359001611,1037.315272099564,-13.423616747735991
721,2324,2382,1054.1475740759242,44.026939943615844,-112.72043421046843,1057.2824930629167,40.89202095662347
722,2324,76,925.1830315623101,1.9008260714657013,-94.34579178603306,927.5869587988313,-0.5031011650556252
723,2324,77,906.3670342845,-55.117347497655885,-50.27788060046951,907.0238675118476,-55.77418072500336
726,2325,2385,1484.3160223181617,-172.3229662072223,-460.29148839695006,1515.6942936383934,-203.70123752745394
724,2325,2258,1685.370140775391,-118.56791206000264,-393.47515381266817,1706.5770449277366,-139.77481621234801
725,2325,2276,1692.8332928235573,-103.4065237016448,-465.5225130834564,1722.5049409810968,-133.0781718591844
727,2325,2257,1477.4637184731032,-187.13059903519456,-389.11910701727874,1499.9015948799743,-209.56847544206562
731,2326,2247,1667.3822834482298,-219.35915493276173,-358.4027702945125,1684.251872860059,-236.22874434459084
728,2326,2248,1844.3162837911618,-160.95960756549516,-355.1523923353405,1859.9200361194694,-176.56335989380284
729,2326,2259,1842.4410353360731,-170.24154041713336,-416.0081290894398,1863.7127478405787,-191.51325292163892
730,2326,2258,1665.3992940207045,-228.617378427419,-418.8443564659333,1688.2788057531507,-251.49689015986507
732,2327,2247,1700.9920662883158,-116.84738574789242,-346.2767060998255,1717.3355231763844,-133.19084263596096
733,2327,2258,1703.4276788817647,-112.74870937078663,-407.35854359867943,1725.9894802275944,-135.31051071661636
734,2327,2257,1524.2951756580046,-171.85020086320787,-406.3681791975407,1548.2953391934238,-195.8503643986271
735,2327,2246,1521.7487561493203,-176.02492338140837,-344.5539031065276,1539.053705056253,-193.32987228834088
739,2328,2245,1381.807883113147,-133.19086828151842,-308.12884527335564,1397.316366692951,-148.69935186132238
738,2328,2256,1387.2201143817201,-118.20279348684551,-367.1237488389803,1409.2792681915996,-140.2619472967251
737,2328,2257,1560.2094977242748,-61.05102258597333,-372.2912873242787,1581.307329756469,-82.14885461816743
736,2328,2246,1554.0414867265922,-76.34714776619501,-313.0137022289256,1568.9291951358432,-91.23485617544623
743,2329,78,1071.3887452882516,-44.466146873977266,-46.27004730173585,1071.8681978123757,-44.94559939810142
742,2329,77,1087.6083761569162,4.684249697734174,-77.30141100390345,1088.9861078508775,3.3065180037730215
740,2329,2243,1162.713688010516,-14.119606326823998,-62.63780660494244,1163.5465842182398,-14.952502534547762
741,2329,2254,1178.707900491083,34.74227270857699,-93.49148373323767,1180.6148876676102,32.83528553204985
747,2330,2243,1145.731858838243,-64.34505164352646,-159.28982031942448,1150.951417911488,-69.56461071677154
746,2330,2254,1158.0481491069168,-26.448500106496567,-204.22793240390297,1166.7867961501322,-35.18714714971202
745,2330,2255,1290.3778755209864,17.463409813308488,-217.08369847802453,1299.5669407965415,8.274344537753564
744,2330,2244,1277.7706482831798,-20.63693775786669,-171.97856273232483,1283.4406762252167,-26.306965699903685
750,2331,2255,1261.9346326734812,-68.91963783771376,-300.5855511334854,1278.6960276073223,-85.68103277155478
749,2331,2256,1420.2757729764294,-16.645532142883212,-309.2480338795449,1436.726200678214,-33.095959844667846
748,2331,2245,1411.168571386912,-42.951063572053386,-255.27619249455574,1422.2872294856109,-54.069721670752415
751,2331,2244,1253.2033679981328,-95.2535644216477,-246.28425941138457,1264.3565536846108,-106.40675010812583
753,2332,127,2282.3822963798925,-432.90957383428565,-36.97612370817927,2282.508173303059,-433.03545075745205
755,2332,2253,2289.0453784950655,-371.78608490389945,-52.92402153955825,2289.308517585771,-372.04922399460474
754,2332,2264,2268.066192458527,-435.3278397568097,-58.02849006869581,2268.3775527188777,-435.6392000171604
752,2332,126,2303.592503165102,-368.6362199397116,-31.82912702910622,2303.6872796140988,-368.7309963887087
759,2333,2252,2243.011044759066,-368.05861546926985,-133.85379165703787,2244.72538830173,-369.7729590119342
757,2333,2264,2275.1186621614224,-413.4967711399862,-132.23173694220952,2276.7435385889594,-415.12164756752327
756,2333,2253,2295.293228614068,-352.4730901481612,-114.24756885353807,2296.5250628996005,-353.7049244336936
758,2333,2263,2223.039369085053,-428.7938496726548,-151.71869879151959,2225.207657563811,-430.962138151413
762,2334,2262,2149.8193432324765,-409.10564666480457,-238.3482033706831,2155.357526296384,-414.64382972871226
763,2334,2251,2167.429305618441,-354.5580801790054,-207.9089626636892,2171.7069779688222,-358.83575252938647
760,2334,2252,2257.1555646993215,-325.8753252923083,-190.38018237042593,2260.6587674930224,-329.3785280860095
761,2334,2263,2238.926963386398,-381.4867567002432,-221.4183009771734,2243.595965204752,-386.1557585185973
765,2335,2261,2084.13829326432,-286.8610350120965,-359.4004549262546,2097.6805906195805,-300.4033323673568
764,2335,2250,2095.2131198114994,-251.0414080440903,-308.0453670581113,2105.2809219705296,-261.10921020312037
766,2335,2260,1936.405715621613,-334.9076880361109,-369.9318944909756,1951.3699531334312,-349.8719255479293
767,2335,2249,1947.690638792059,-299.53159582291414,-319.3651961495272,1958.9806075114052,-310.8215645422605
770,2336,2261,2053.633245866934,-377.24909585443265,-312.54992617405975,2063.63856666186,-387.25441664935875
768,2336,2251,2188.553941557571,-292.4317708714739,-256.6790247451081,2195.1751766575876,-299.0530059714906
769,2336,2262,2174.1414697324226,-337.7061790062909,-297.8639126442721,2182.941085579341,-346.50579485320895
771,2336,2250,2068.178391204931,-331.33318221483705,-270.7673683378976,2075.7927588731527,-338.9475498830586
772,2337,2249,1978.38086877055,-207.06643142744144,-342.43211273554766,1991.7132359888533,-220.3987986457446
773,2337,2260,1971.7991425094365,-228.33964972523552,-399.415616767575,1989.7797832882206,-246.3202905040198
774,2337,2259,1804.8760354985554,-283.5486323366795,-406.8290334425592,1824.504321184565,-303.17691802268916
775,2337,2248,1810.8073469185576,-262.14359113082173,-348.8444442801056,1825.381120063912,-276.7173642761762
779,2338,2234,1444.7391870264491,-120.4880124923036,-269.0511481394643,1456.217003041806,-131.9658285076605
778,2338,2245,1448.183316988133,-111.27272930519098,-318.5705552627252,1464.286676579235,-127.37608889629314
777,2338,2246,1592.6492104873034,-63.594929711635814,-321.5641479092613,1608.1129619205235,-79.058681144856
776,2338,2235,1589.1710479329165,-72.75692218871279,-272.4389675899715,1600.262222724188,-83.84809697998412
781,2339,2247,1711.3613187541719,-113.2823945562161,-352.70366535992775,1728.2494163183471,-130.17049212039137
783,2339,2235,1560.5959375918424,-160.17733356144936,-301.8924074142991,1573.7365878468986,-173.31798381650572
782,2339,2246,1560.0807869906414,-163.18148325918844,-353.3271895001025,1578.0053571662263,-181.10605343477323
780,2339,2236,1711.5636835079977,-110.36438599020403,-300.96113632064265,1723.9088461571541,-122.70954863936049
784,2340,2237,1831.9066016402783,-151.76820202783927,-308.865561852919,1843.8574820159772,-163.7190824035381
787,2340,2236,1681.7807729629615,-201.17128168779004,-313.2687741315956,1694.7215525096408,-214.11206123446948
786,2340,2247,1677.6473632888956,-215.99467325845205,-364.83492082514647,1695.0598076725646,-233.4071176421212
785,2340,2248,1827.5598244129585,-166.50596704528857,-359.842473457529,1843.6637637619056,-182.6099063942355
791,2341,2233,1342.0050096298585,-84.16049267881402,-215.0072017149935,1350.0630451400716,-92.2185281890271
789,2341,2245,1477.6043136454048,-20.815930039536397,-265.87870206991346,1489.3072471021615,-32.51886349629319
788,2341,2234,1470.345572531056,-41.73052124516869,-222.01706002292502,1478.4517673131254,-49.83671602723837
790,2341,2244,1348.9001802761838,-63.42693485693718,-258.7061694890862,1360.6497028021859,-75.17645738293902
793,2342,2243,1287.723575684007,27.316325874522988,-76.99597115660514,1288.89836641973,26.14153513880001
792,2342,2232,1273.7972955409768,-14.868396631939959,-55.90216322772747,1274.4032678778326,-15.474368968795716
794,2342,78,1225.424249808568,6.577301636142295,-62.927450160922575,1226.2359244668762,5.7656269778340175
795,2342,79,1211.4901518149284,-35.647237738523245,-41.8140876869299,1211.8405396024577,-35.99762552605273
799,2343,2232,1260.6182778908455,-54.86817964115369,-138.78001881081644,1264.2683726418018,-58.51827439211013
798,2343,2243,1271.2152639823707,-22.782712217007997,-173.5876141240413,1277.0109262485842,-28.578374483221296
797,2343,2244,1373.3864936128173,11.048071371174046,-184.2910631506216,1379.590756789818,4.843808194173334
796,2343,2233,1362.789601794942,-20.936010026546853,-149.60299501621475,1366.8214763008132,-24.967884532418225
801,2344,2251,2105.4635065483208,-319.8116726714924,-256.8270648166122,2112.2437940586833,-326.5919601818548
800,2344,2240,2121.2910925412157,-270.8106227135588,-221.49111059497704,2126.4072641189086,-275.92679429125167
802,2344,2250,2002.8132927192037,-352.8023188272083,-272.15253892344964,2010.647919743894,-360.6369458518984
803,2344,2239,2018.5522347436463,-304.2740100868939,-237.16338490397732,2024.5902071084383,-310.3119824516858
804,2345,2241,2178.652269203213,-301.79844904598235,-164.25434483461441,2181.36850720416,-304.514687046929
807,2345,2240,2102.781102520219,-325.75135802253055,-182.22953775459456,2106.194788764272,-329.1650442665832
806,2345,2251,2084.5089176823785,-381.88346676007654,-208.12344760151626,2088.8916889496713,-386.26623802736924
805,2345,2252,2160.2408362502074,-357.8383737784942,-190.1229495187415,2163.8244572926715,-361.4219948209586
811,2346,2241,2166.3205326926027,-338.72292426693775,-117.78692520138567,2167.7043509949854,-340.10674256932066
810,2346,2252,2146.1505925928977,-399.991804275183,-133.21632068587883,2147.891899316598,-401.73311099888315
808,2346,2242,2211.790819172687,-324.7815756213064,-97.67538983351398,2212.730763545752,-325.72151999437096
809,2346,2253,2191.360002010372,-386.7603062342515,-113.2945894766467,2192.604074397068,-388.00437862094736
814,2347,2248,1794.175847977911,-267.4812342524606,-353.5807163492824,1809.2260340205062,-282.5314202950558
815,2347,2237,1802.7227519863602,-240.1034053044482,-305.47286220960734,1814.0792965457222,-251.45994986381027
812,2347,2238,1943.9204078064686,-193.5940655278788,-296.5685347381984,1954.1581919237485,-203.83184964515863
813,2347,2249,1935.383208762132,-221.16778267820712,-345.06133308199253,1949.0989563986377,-234.88353031471297
817,2348,2250,2029.5474221175764,-272.6817916981944,-309.68063015402197,2039.9147829603073,-283.04915254092543
816,2348,2239,2041.8173725123547,-234.48424803904663,-267.06833383270634,2049.624083554647,-242.290959081339
818,2348,2249,1904.5780094086824,-313.71323191843294,-322.02938517204615,1916.2043276629938,-325.33955017274445
819,2348,2238,1916.784140920806,-275.2138678650325,-279.032314537497,1925.628372362414,-284.0580993066403
822,2349,2253,2184.8734077795953,-406.1533955528514,-52.026038681206124,2185.134543242422,-406.4145310156779
820,2349,125,2219.135452242498,-339.2782119154871,-26.17914609986915,2219.2024204737445,-339.3451801467338
821,2349,126,2197.941966109106,-403.50089716819014,-30.795226562143732,2198.0330994539177,-403.59203051300165
823,2349,2242,2205.949333800762,-342.26722089916666,-47.44538149477368,2206.170161693234,-342.48804879163913
824,2350,2229,2062.4531151440065,-247.0480549629367,-190.59815427390546,2066.3788558107467,-250.97379562967683
825,2350,2240,2046.611911657043,-295.4840256218723,-220.1673967161612,2051.7747087814396,-300.646822746269
826,2350,2239,1959.5803497916913,-323.7639453139732,-235.8962125814659,1965.65688913659,-329.8404846588719
827,2350,2228,1975.3881239072505,-275.091605933962,-206.18048544659425,1980.1006260142512,-279.8041080409629
828,2351,2228,1995.7855757345128,-213.88377159668278,-229.54387305400212,2001.7309223915377,-219.82911825370775
829,2351,2239,1982.8614183971144,-253.9841986005074,-265.698778621442,1990.7238929463415,-261.84667314973456
830,2351,2238,1877.250932266607,-288.2805246694526,-278.3309631505998,1886.1576152879343,-297.1872076907798
831,2351,2227,1890.15848954071,-248.4852982727283,-242.46704450161,1897.0089237049133,-255.33573243693172
834,2352,2236,1688.6050622670632,-198.88512793274356,-314.509478297472,1701.6169151481308,-211.8969808138114
832,2352,2226,1820.2368005773185,-139.10202846049913,-265.8417569593998,1829.2129856944152,-148.07821357759565
833,2352,2237,1814.6257877704734,-157.46924043832814,-308.8625887999859,1826.6457687592278,-169.48922142708273
835,2352,2225,1694.3475925064854,-180.57419437185354,-271.74030575337736,1704.142538410891,-190.36914027625903
836,2353,2227,1913.667591333106,-177.49422540302544,-255.62023485007268,1921.4502773900567,-185.2769114599763
837,2353,2238,1904.2901484185527,-206.67722448417067,-295.9747977753609,1914.6141756728566,-217.0012517384747
838,2353,2237,1785.4407998956758,-245.80593387982765,-305.50672563877737,1796.8638843532585,-257.22901833741025
839,2353,2226,1794.7071800436509,-216.43539289710907,-264.82096797235005,1803.3874148652767,-225.1156277187349
843,2354,2230,2100.113118327494,-306.87920968148626,-103.09624351614251,2101.216566488933,-307.9826578429256
842,2354,2241,2080.275844662698,-367.165186957992,-116.31056746195506,2081.6569319208365,-368.5462742161301
841,2354,2242,2119.0932924933027,-355.39930866001737,-96.53842274282434,2120.034508029226,-356.3405241959407
840,2354,2231,2138.9900455794527,-295.06010912937154,-83.29178555684979,2139.7023862650813,-295.7724498150001
847,2355,2229,2046.4824614881604,-294.9798768086441,-158.79499490340942,2049.1716914368503,-297.6691067573339
846,2355,2240,2028.302760290652,-350.38957774708115,-180.64914028561685,2031.7276664288488,-353.81448388527804
845,2355,2241,2092.6653185055916,-330.22717193506946,-162.71453851554026,2095.394106103643,-332.9559595331208
844,2355,2230,2111.02205395871,-274.31222751597466,-140.6591725555865,2113.0938634948543,-276.3840370521192
850,2356,2242,2113.2647383113494,-372.88678976229437,-46.17351833541981,2113.479106779647,-373.10115823059164
851,2356,2231,2133.8417128548394,-310.51830714053347,-42.14489164777287,2134.023361618972,-310.69995590466624
849,2356,125,2124.7987970885747,-370.40930811628175,-25.421925415143807,2124.863546950549,-370.47405797825604
848,2356,124,2145.5088336917406,-307.65162144002136,-21.359216870851657,2145.5553255038058,-307.69811325208616
854,2357,2233,1425.0397375659768,-56.70298430074183,-220.0572928488041,1433.1654904356242,-64.8287371703891
855,2357,2222,1419.4735814864887,-73.20505492193945,-184.9914285858615,1425.1833541401058,-78.91482757555673
853,2357,2234,1527.9468913046717,-22.682019637958206,-225.6246379235577,1536.1112959006311,-30.84642423391756
852,2357,2223,1522.390526781015,-39.117672519870325,-190.70911056269276,1528.1918640413323,-44.919009780187594
858,2358,2234,1502.1269419603748,-101.46759413082589,-272.7863993559301,1513.64508872245,-112.98574089290105
857,2358,2235,1620.9674003577652,-62.212465469943936,-274.7669915322189,1632.1071081219293,-73.35217323410802
856,2358,2224,1618.9209725438625,-67.30703680857869,-234.30674773684638,1627.0214754331137,-75.40753969782986
859,2358,2223,1500.324822332047,-106.46467534304281,-232.48384729799963,1508.6906953981284,-114.83054840912416
862,2359,2235,1592.3699065843832,-149.67823266734695,-304.1549142443717,1605.5463135656923,-162.8546396486562
860,2359,2225,1720.3013360425816,-101.66038799871717,-259.28962063333483,1729.4801926631744,-110.83924461931008
861,2359,2236,1718.4853204692351,-108.07334120570181,-302.09513090460393,1730.891953209049,-120.47997394551567
863,2359,2224,1594.1018480079917,-143.2500763720019,-261.03485230417874,1603.8521637810823,-153.0003921450924
867,2360,2221,1359.5796508026049,-46.0103709189537,-119.51804159645566,1362.1157450673304,-48.546465183679175
866,2360,2232,1368.4523522281672,-19.14782127751789,-145.67428454227615,1372.2652023339224,-22.960671383273166
865,2360,2233,1445.6783078596595,6.518315745261248,-154.76503121230562,1449.827145307949,2.3694782969716925
864,2360,2222,1436.701872469394,-20.41028569426976,-128.56341945017874,1439.5322155832937,-23.240628808169618
870,2361,79,1341.0120217716847,7.232889697424241,-50.92412125664123,1341.4979196382196,6.746991830889442
869,2361,2232,1381.6142769475407,20.814255114914147,-62.7309097349419,1382.3368442900623,20.091687772392675
868,2361,2221,1369.92312319143,-14.600655794193585,-48.992755690981234,1370.356401988182,-15.033934590945591
871,2361,80,1329.3060959427075,-28.23961281462715,-37.16439381689819,1329.5604029378014,-28.493919809721092
872,2362,2218,2011.8544811519369,-221.56289614957416,-162.66251350756252,2014.8122913450288,-224.52070634266602
874,2362,2228,1922.906013731377,-292.53656099099203,-202.96032860911365,1927.5446834975605,-297.17523075717554
875,2362,2217,1938.3431155688886,-245.4365989544092,-178.07741026275104,1941.967453287084,-249.0609366726045
873,2362,2229,1996.3409378734884,-268.97361586946965,-187.7085211186256,2000.2227624301343,-272.8554404261156
879,2363,2218,1997.9019379730505,-263.4417120207362,-137.4547783839955,1999.9887941907193,-265.5285682384049
878,2363,2229,1980.362945371951,-316.88612454582835,-155.9743358704694,1983.0074148911997,-319.53059406507714
877,2363,2230,2034.8936314212121,-299.4973208192944,-138.49911940894972,2036.946110610203,-301.5498000082853
876,2363,2219,2052.4587367349286,-246.13870348498517,-119.99656531832412,2054.0237539841924,-247.70372073424903
882,2364,2230,2024.0567193038414,-332.06970637627717,-100.79004086562298,2025.1341221375305,-333.1471092099664
881,2364,2231,2057.0457400943897,-322.1492819084226,-81.82810289367471,2057.749114494038,-322.85265630807123
880,2364,2220,2076.12090587523,-264.28785878618953,-70.54550173861823,2076.652387597504,-264.8193405084635
883,2364,2219,2043.0116931202215,-274.5509443434702,-89.57839713577044,2043.8769657903722,-275.416217013621
886,2365,2227,1854.4584522661742,-260.3290448205074,-239.14242202195877,1861.1975967212454,-267.06818927557856
884,2365,2217,1955.9415456551478,-192.34314395507192,-196.3577971795659,1960.419093598045,-196.82069189796903
885,2365,2228,1943.2174727037823,-231.2887979830224,-226.44550509105784,1949.0968874237494,-237.16821270298965
887,2365,2216,1867.1439037210553,-221.21205345953797,-208.91072499684023,1872.3555447323604,-226.42369447084297
891,2366,2215,1788.053406612675,-192.14386193356097,-227.98849545236902,1794.5941224076505,-198.68457772853674
890,2366,2226,1778.3927927231186,-221.91783399327437,-261.7257233183306,1786.9176761568776,-230.44271742703336
889,2366,2227,1877.9676287986338,-189.38040009448605,-252.24617343493352,1885.6336170146087,-197.0463883104611
888,2366,2216,1887.589617429243,-159.4643219554764,-218.32185261923073,1893.3942587934941,-165.26896331972762
893,2367,2225,1725.034284212564,-100.17105007878104,-256.51627392339594,1734.0029804339836,-109.13974630020061
895,2367,2213,1623.6289317003072,-125.88392114953172,-223.77418366436714,1630.7554492596555,-133.01043870887986
894,2367,2224,1620.940324782038,-134.447806229918,-259.03012545516424,1630.4446723143958,-143.95215376227566
892,2367,2214,1727.5855222110815,-91.62110909143757,-221.12024838232747,1734.2800472780737,-98.3156341584297
896,2368,2215,1810.0961340062631,-125.3354997909097,-227.203669951981,1816.7412764988103,-131.98064228345686
899,2368,2214,1705.1861191662772,-159.77940216577736,-233.2167880495934,1712.4488647392411,-167.04214773874128
898,2368,2225,1699.1039080283945,-179.03735203298504,-268.95228700503066,1708.6836252582461,-188.61706926283648
897,2368,2226,1803.9400734417031,-144.51605970684545,-262.7350375133056,1812.75714860067,-153.33313486581233
903,2369,2212,1548.6106426821393,-92.77264063657867,-198.4501965633462,1554.58724815614,-98.74924611057929
901,2369,2224,1645.923585368462,-58.423623496550704,-232.20854773223698,1653.7965229913657,-66.29656111945462
900,2369,2213,1644.9602184758426,-60.957293990844846,-199.5683000331236,1650.777053668839,-66.7741291838413
902,2369,2223,1549.6174379256763,-90.21520407204355,-231.22976282318427,1557.7286371482894,-98.32640329465653
905,2370,2223,1571.623670877154,-22.901216370490715,-189.5281829476205,1577.2358357980813,-28.513381291418
904,2370,2212,1567.2095056089338,-35.864122879487354,-162.0631646375518,1571.2950482552471,-39.94966552580058
906,2370,2222,1490.6822572110464,-49.71020542069823,-185.0236410516971,1496.2183712760918,-55.2463194857437
907,2370,2211,1486.3856507338216,-62.60931314354002,-157.62400556242557,1490.3852345004286,-66.608896910147
911,2371,81,1427.591717451671,-22.035111447231657,-32.63948530015402,1427.775420076513,-22.21881407207377
910,2371,80,1437.3296572929073,7.473797162574897,-40.70767941352138,1437.6193332596897,7.184121195792386
909,2371,2221,1461.2239848674092,15.555163479296994,-50.54562804889218,1461.6656628228657,15.113485523840609
908,2371,2210,1451.4728767520578,-13.959684191226984,-42.47178222138984,1451.7805459160763,-14.267353355245518
915,2372,2210,1443.5701379409977,-38.15656825680867,-101.66532361844428,1445.311974341576,-39.898404657387005
912,2372,2211,1500.6551438872896,-19.15468544972964,-109.20105763942817,1502.6141915406288,-21.11373310306874
914,2372,2221,1450.9644102656878,-15.83118049123982,-121.02992062069048,1453.45681504439,-18.323585269941987
913,2372,2222,1508.0362017683685,3.126881956766624,-128.5274169248684,1510.7754503650788,0.38763336005627025
916,2373,123,2081.678074259184,-275.46740121252856,-17.34940390464166,2081.7099982263744,-275.49932517971877
919,2373,2220,2071.5375951655924,-278.0058942407785,-37.220978350720664,2071.6849976637423,-278.15329673892825
918,2373,2231,2051.873371275899,-337.6124159043675,-40.71329510139097,2052.046782237523,-337.78582686599134
917,2373,124,2061.9586686063076,-335.22317591821434,-20.863064967932043,2062.004061411908,-335.2685687238146
923,2374,2206,1906.716335311101,-216.25362702503367,-152.62434157666925,1909.4559134611318,-218.99320517506465
922,2374,2217,1892.1200645936287,-260.7987485034755,-173.52451505874876,1895.6109084170346,-264.28959232688135
921,2374,2218,1953.7230661296767,-240.83306557807168,-158.9559128888442,1956.5976712104325,-243.70767065882762
920,2374,2207,1968.3357721446896,-196.3882086702298,-138.098126916084,1970.536021280554,-198.58845780609408
924,2375,2206,1921.948671700207,-170.3034414660167,-166.54347613429704,1925.257657710421,-173.61242747623066
925,2375,2217,1909.7179445419968,-207.74490518062703,-191.75740032137253,1914.0504665500002,-212.07742718863062
926,2375,2216,1835.547089140981,-231.80509033948385,-203.8329541241787,1840.5592234590576,-236.81722465756047
927,2375,2205,1847.7614156439804,-194.53321277647296,-178.73566017080742,1851.6645618370126,-198.43635896950525
931,2376,2204,1782.5747951560616,-168.45567473879044,-194.48558277107594,1787.409566120291,-173.29044570302005
930,2376,2215,1773.283134259246,-197.10906921197602,-222.58591367932772,1779.5493268733294,-203.37526182605927
929,2376,2216,1855.9816430867006,-169.979261551582,-213.2792640812974,1861.5793212526278,-175.57693971750894
928,2376,2205,1865.3124441722957,-141.41550526085132,-185.28280798656928,1869.5801955803454,-145.68325666890098
933,2377,123,2008.2427161900484,-299.7010693753432,-16.974421014827072,2008.273926555119,-299.7322797404139
932,2377,122,2026.7190414831855,-243.7122048506858,-13.971386164005443,2026.7405349531796,-243.73369832067976
934,2377,2220,1999.615117758502,-301.79251597507186,-35.56627475571616,1999.7525210983913,-301.929919314961
935,2377,2209,2018.0297936862708,-245.98216869647558,-32.579191010024,2018.1469914709137,-246.09936648111852
938,2378,2219,1976.2396166241042,-296.6713479782028,-86.8110524176914,1977.068225022286,-297.4999563763847
939,2378,2208,1994.048119836292,-242.62734484926978,-77.33334791254055,1994.7163728467772,-243.29559785975482
937,2378,2220,2004.172280675482,-288.07545960919015,-68.94346013844144,2004.6905630306073,-288.59374196431554
936,2378,2209,2022.0038844165222,-234.01396432173317,-59.45138818184153,2022.3954874956862,-234.40556740089733
942,2379,2218,1939.8264397339603,-282.7454389712742,-133.6535407832555,1941.8339281189742,-284.7529273562882
941,2379,2219,1985.6958279030007,-268.26828966631945,-117.18910901702931,1987.218037005956,-269.79049876927456
940,2379,2208,2002.2797543232955,-217.88425216756968,-101.58257101510277,2003.4411126386428,-219.04561048291703
943,2379,2207,1956.3322190860224,-232.60581387418938,-118.12203917132857,1957.9246206247374,-234.19821541290435
946,2380,2214,1708.7614974145908,-158.74693576457616,-227.8991293221646,1715.6886510483562,-165.6740893983415
947,2380,2203,1715.0319066334212,-139.461256527734,-198.61855464490142,1720.3348173668837,-144.7641672611968
944,2380,2204,1801.5117907627946,-111.03326669954606,-192.40113247314895,1806.3384755107243,-115.85995144747562
945,2380,2215,1795.3036324859427,-130.3653435142205,-221.78914150683065,1801.6687405985315,-136.73045162680933
948,2381,2203,1734.17523504246,-81.3385496003857,-187.04558227549626,1738.9801696781162,-86.14348423604201
949,2381,2214,1731.2460165825,-90.49385997001593,-215.75893517576122,1737.6121569590819,-96.86000034659764
950,2381,2213,1646.4406836005342,-118.4338205822238,-218.6444366049774,1653.1866810663882,-125.17981804807789
951,2381,2202,1649.3249374017928,-109.26438911309504,-189.83152496859466,1654.432957768159,-114.37240947946134
955,2382,2201,1590.3810855297465,-79.68799303296498,-167.9472396917306,1594.592785812706,-83.89969331592454
952,2382,2202,1667.364035075084,-54.279771330331755,-168.33660699015886,1671.4690954633907,-58.38483171863845
953,2382,2213,1667.7268574458856,-53.569623240993906,-194.4733019622788,1673.2023726364268,-59.045138431535065
954,2382,2212,1590.6553425489417,-79.00854344796778,-194.01852518656239,1596.2727853432707,-84.62598624229656
956,2383,2201,1605.9822193857885,-32.228264141795876,-136.39707421065094,1608.8164142888513,-35.06245904485877
957,2383,2212,1609.3905389134834,-22.02316675712234,-157.57241857024644,1613.1865454606195,-25.819173304258697
958,2383,2211,1546.8398546895116,-42.72296128281437,-154.05972619140292,1550.5639797392882,-46.447086332591084
959,2383,2200,1543.4111003805642,-52.95337685285904,-132.84033854568028,1546.1698863901468,-55.71216286244157
962,2384,81,1516.6409605680626,7.338002463836233,-32.20333024611759,1516.8127180788397,7.166244953058936
961,2384,2210,1528.2134827143595,11.317087340128296,-40.27302982944876,1528.4807440813909,11.049825973096858
960,2384,2199,1520.204271684568,-12.947449908141834,-36.37260251148541,1520.4199679029193,-13.163146126492961
963,2384,82,1508.629992151932,-16.93765940322669,-28.3025013347826,1508.7612486497865,-17.06891590108114
967,2385,2199,1514.1959903597083,-31.227734368698066,-85.70057063428804,1515.383197118938,-32.414941127927705
966,2385,2210,1520.249072682629,-12.905571120236345,-99.49131317013565,1521.8614544369093,-14.517952874516709
965,2385,2211,1561.0467430603953,0.6925935383999331,-105.68045777042032,1562.8340906174906,-1.094754018695312
964,2385,2200,1554.9565367511827,-17.65864015544969,-91.87090135244411,1556.2971497736887,-18.999253177955552
968,2386,2189,1600.9192522010308,-15.943818172518377,-76.57248679804323,1601.8253372433262,-16.84990321481382
970,2386,2199,1577.8897254792735,-10.303283663887669,-81.00075893515702,1578.921851576857,-11.335409761471283
969,2386,2200,1605.867346375965,-0.9741158669396555,-86.03164104329154,1607.0180738651693,-2.124843356143856
971,2386,2188,1572.9373152019164,-25.283214923998912,-71.5351736060435,1573.7373801102012,-26.08327983228378
975,2387,2189,1591.6090767173844,-44.24578646557211,-111.01553234181564,1593.4904005409217,-46.12711028910928
974,2387,2200,1594.2399318487364,-36.315016921625215,-127.02885109203832,1596.710244065464,-38.785329138352495
973,2387,2201,1641.6172604019835,-20.62081573124783,-129.7946557527068,1644.1471404071585,-23.150695736423017
972,2387,2190,1638.9469593690712,-28.57475482393818,-113.75633694145884,1640.884787729761,-30.51258318462783
978,2388,2202,1668.6608543563154,-103.05567848304122,-182.87275072941011,1673.3672845892233,-107.76210871594913
977,2388,2203,1737.0355863567179,-80.56841592441936,-179.9690405524803,1741.479604187186,-85.01243375488741
976,2388,2192,1740.032036478345,-71.20001642207956,-156.79980179812893,1743.4192728520097,-74.58725279574458
979,2388,2191,1671.708778956041,-93.69085901616825,-159.75769898561893,1675.3156794719362,-97.29775953206365
983,2389,2190,1626.10645252775,-67.71745733311514,-140.73237505578774,1629.024633419352,-70.63563822471713
982,2389,2201,1626.0612452459886,-68.03144342801966,-161.31641396345884,1629.8928332871783,-71.86303146920932
981,2389,2202,1686.79223293602,-47.99217014506576,-161.33968497239871,1690.5354139739243,-51.73535118297025
980,2389,2191,1686.8604334099466,-47.67111825508778,-140.79152886102156,1689.7127470228415,-50.523431867982595
987,2390,83,1574.9180516302222,-12.767262128185735,-24.317334501054205,1575.0111585696932,-12.860369067656734
986,2390,82,1581.44803544757,7.020567621353052,-25.11915646223908,1581.5482197822985,6.920383286624542
985,2390,2199,1583.8691707308592,7.9588835583113,-31.688042767195938,1584.0284486074015,7.799605681769094
984,2390,2188,1577.3356724610628,-11.837275951650327,-30.883515169441768,1577.485703562594,-11.98730705318144
990,2391,2203,1717.9230543783497,-138.62938696410106,-191.5327932833254,1722.849890168783,-143.55622275453447
991,2391,2192,1723.8505367235757,-120.36931160020151,-167.58347914965998,1727.6497700165748,-124.16854489320053
989,2391,2204,1788.54939495258,-115.42705219768914,-185.62998862907142,1793.063236715178,-119.94089396028687
988,2391,2193,1794.5071280445006,-97.19763360212505,-161.73651196924152,1797.9578606339287,-100.64836619155324
992,2392,2194,1846.5616612531012,-123.689189070049,-155.89060420093628,1849.6404525464586,-126.76798036340654
993,2392,2205,1837.7490462889741,-150.68275262082682,-179.0092981054434,1841.7697605339358,-154.7034668657883
994,2392,2204,1769.5782540545117,-172.93086489427958,-187.72192131852992,1774.1030237502325,-177.45563459000027
995,2392,2193,1778.40514680123,-146.01322578389352,-164.67488611275786,1781.9215802966369,-149.5296592793003
996,2393,2195,1893.03724865637,-149.15145449765214,-140.36805914670447,1895.4464255684547,-151.56063140973708
997,2393,2206,1881.6840548838318,-183.69817676630043,-161.1629381551043,1884.8231924607005,-186.83731434316928
998,2393,2205,1820.209730536891,-203.75109603969656,-172.48292620830563,1823.877852342057,-207.4192178448625
999,2393,2194,1831.5452178608218,-169.14093087852132,-151.64933143933763,1834.4148060761406,-172.01051909384
1001,2394,2207,1917.7719930397745,-213.20740341538783,-133.70204101297023,1919.8671185952314,-215.3025289708446
1000,2394,2196,1931.3591658311902,-171.8774777850756,-116.29351493545518,1932.9654830087602,-173.48379496264545
1002,2394,2206,1866.4712841847463,-229.70154077782593,-147.2017422736847,1869.0523815561228,-232.28263814920228
1003,2394,2195,1880.0216360158627,-188.52046300384222,-129.8541823181971,1882.0575540694797,-190.55638105745925
1004,2395,2198,1975.793822006848,-204.85801944007244,-49.73672957638071,1976.0773863735826,-205.14158380680703
1005,2395,2209,1959.340097224569,-254.74325305414402,-57.70539475950896,1959.716025630253,-255.11918145982804
1006,2395,2208,1935.9284174032096,-261.90538974281037,-74.18602035538503,1936.554260776645,-262.53123311624563
1007,2395,2197,1952.3290252401105,-212.1738094911018,-66.24367550591869,1952.8357463920574,-212.68053064304877
1011,2396,2196,1921.018104583276,-203.07453734855733,-100.76905625177848,1922.2125788052167,-204.26901157049815
1010,2396,2207,1905.7683861472697,-249.4027570323882,-113.7580701378427,1907.2684871196104,-250.90285800472907
1009,2396,2208,1944.1306882911456,-237.15015653098192,-98.48620534396242,1945.2418008722461,-238.26126911208257
1008,2396,2197,1959.3921965262414,-190.84959864511302,-85.4977423805653,1960.2417494704455,-191.699151589317
1015,2397,2198,1972.3300984364023,-215.28576870491747,-28.315908950587858,1972.4217229683322,-215.3773932368473
1012,2397,121,1979.7049441545605,-213.34072486117532,-11.170382603284565,1979.719168281304,-213.35494898791876
1014,2397,2209,1955.3629069315555,-266.70960727086515,-30.848346375396233,1955.4699662895637,-266.81666662887346
1013,2397,122,1962.7119875889387,-264.83453263578735,-13.713049262823068,1962.7330921917785,-264.8556372386272
1016,2398,2180,1703.5490082612491,-41.37805985643115,-116.72913274273607,1705.499015308766,-43.328066903948184
1019,2398,2179,1656.452738833724,-56.91328287086958,-116.98107067194078,1658.4471550789635,-58.90769911610914
1018,2398,2190,1656.1115486573633,-57.99189477554103,-132.90478677620965,1658.6839158798743,-60.564261998052075
1017,2398,2191,1703.2367599820288,-42.448590123991266,-132.6768416547802,1705.75408028611,-44.96591042807211
1023,2399,2180,1691.0043463758695,-79.52088316880815,-133.22579756415425,1693.507002042575,-82.02353883551359
1021,2399,2192,1742.4718557865779,-70.53857182158004,-148.79529924316452,1745.5196711804642,-73.58638721546629
1020,2399,2181,1745.3806463526137,-61.63958005052143,-130.4128055513632,1747.7305662800354,-63.98949997794318
1022,2399,2191,1688.1137739053177,-88.42368528079953,-151.6298476987052,1691.3433553881407,-91.6532667636227
1025,2400,2194,1822.841150520651,-131.64441672535122,-149.0324319904233,1825.6780190634709,-134.48128526817118
1024,2400,2183,1830.9144270799545,-107.0828095126808,-130.2307810423638,1833.0997956485865,-109.26817808131273
1026,2400,2193,1767.23512435885,-149.84146678234504,-157.06318794129018,1770.446731479673,-153.05307390316773
1027,2400,2182,1775.2915252507537,-125.25386481564851,-138.23861660670647,1777.8019501908218,-127.76428975571662
1031,2401,2181,1731.8161161630912,-102.7897269037336,-140.30922679440428,1734.4948899011906,-105.46850064183297
1030,2401,2192,1726.2413433461138,-119.77161860936451,-159.59678488164488,1729.6844008555224,-123.21467611877301
1029,2401,2193,1783.3204579748842,-101.07063836521115,-154.12138346616862,1786.4665418098161,-104.21672220014295
1028,2401,2182,1788.8741426350994,-84.06240610312057,-134.79470622444458,1791.2962943042958,-86.48455777231686
1033,2402,2190,1669.0198721719016,-18.799959075272227,-105.9065229030264,1670.6795832415646,-20.459670144935103
1032,2402,2179,1666.9619921246435,-25.00272677422572,-94.0677409002758,1668.2684485279574,-26.30918317753958
1034,2402,2189,1634.0088726494625,-30.392341339738323,-103.76693302458133,1635.6246389526725,-32.00810764294829
1035,2402,2178,1631.943426481603,-36.600857762249575,-91.92080785108396,1633.2084563931576,-37.86588767380397
1036,2403,2186,1923.0911987166926,-165.36399928286448,-71.39662401936742,1923.7012177194356,-165.9740182856076
1039,2403,2185,1891.2535471045512,-175.56798171593277,-85.31108356874337,1892.133507415303,-176.4479420266847
1038,2403,2196,1877.3981143592032,-217.598450719908,-96.06867496888724,1878.498873160468,-218.69920952117297
1037,2403,2197,1909.2019655798263,-207.50164401572124,-82.18103931257103,1909.9993351311282,-208.29901356702305
1043,2404,2184,1857.6614118747393,-162.64270850998037,-109.61285778859953,1859.1470977946005,-164.1283944298417
1042,2404,2195,1845.3411167818897,-200.09150675642536,-123.95188964718156,1847.2172469600098,-201.96763693454545
1040,2404,2185,1900.0525111620975,-148.95374566688884,-97.2908354312571,1901.2067508758753,-150.1079853806666
1041,2404,2196,1887.722409994429,-186.3767095405118,-111.62339635139762,1889.2231547703445,-187.87745431642725
1046,2405,2194,1807.8169935196822,-177.15026454506483,-144.78224067312445,1810.453572402339,-179.78684342772146
1047,2405,2183,1818.2039792343244,-145.58631652040242,-127.70513394539132,1820.2779526885765,-147.66028997465457
1044,2405,2184,1868.747782617914,-129.1091549911231,-117.32882163838909,1870.4689022732634,-130.83027464647262
1045,2405,2195,1858.351107237089,-160.75097807506836,-134.44754500491712,1860.5867729921447,-162.98664383012408
1051,2406,2187,1933.5868069402034,-186.5421532864591,-24.396254306347796,1933.6569863414038,-186.61233268765955
1048,2406,120,1939.7749216673333,-184.87169118633358,-8.84163623475195,1939.784120160907,-184.8808896799071
1049,2406,121,1924.3522299811511,-231.6071205384004,-10.972016025920222,1924.3661894693223,-231.6210800265717
1050,2406,2198,1918.1918063786911,-233.1969909203318,-26.51995126169262,1918.2735304608866,-233.27871500252718
1052,2407,2187,1936.5527380737522,-177.58093868177787,-41.33970538612517,1936.7548075942175,-177.78300820224308
1053,2407,2198,1921.6441803442399,-222.7687254467096,-47.95823308029769,1921.9122845645702,-223.0368296670399
1054,2407,2197,1902.1388995326215,-228.81744356588877,-62.94347568125245,1902.6035990278951,-229.28214306116251
1055,2407,2186,1917.0346313782231,-183.64877382574548,-56.33299706394867,1917.4122270973398,-184.02636954486206
1058,2408,2188,1625.3783325947954,-8.113590385676389,-65.27376786325691,1626.0301517495627,-8.765409540443557
1057,2408,2189,1643.2913735166899,-2.1170054549573933,-69.33854457670675,1644.0215419723659,-2.8471739106336145
1056,2408,2178,1639.284450253887,-14.233442917058255,-63.28499330069447,1639.889754378697,-14.838747041868373
1059,2408,2177,1621.382304455678,-20.217367220094502,-59.2269921019135,1621.9163408402035,-20.75140360462001
1063,2409,84,1628.5513374014895,-9.41815261477177,-20.696048625512592,1628.6167093967142,-9.483524609996493
1062,2409,83,1633.8271288025956,6.569094055246637,-19.322889967466953,1633.884489237733,6.511733620108998
1061,2409,2188,1629.8093466260527,5.350034392772727,-24.613909722966895,1629.902579152419,5.25680186640659
1060,2409,2177,1624.5332491523684,-10.639366171628126,-25.986672833058968,1624.6364897099943,-10.742606729253907
1067,2410,85,1671.5807176026176,-6.743154601722608,-17.484377627533608,1671.626253385677,-6.788690384781944
1066,2410,84,1675.8031761605293,6.052174361646166,-14.601002558336813,1675.8350948718016,6.020255650373883
1064,2410,2166,1663.0863496809898,-9.468684516647158,-21.709362947472922,1663.1567922944319,-9.539127130089128
1065,2410,2177,1667.3095462437575,3.3331763401835133,-18.825189862096988,1667.3627886516333,3.2799339323079266
1071,2411,2166,1660.9548451782982,-15.967855124232528,-48.61823036890072,1661.3071625232974,-16.320172469231693
1070,2411,2177,1664.1680354836797,-6.236040070992431,-52.061077403066754,1664.573580757447,-6.6415853447598465
1069,2411,2178,1674.3669982063266,-2.8091001580635293,-55.313915285516686,1674.8229428273485,-3.2650447790855424
1068,2411,2167,1671.1539382883093,-12.541690838533214,-51.87088082643967,1671.5533498732655,-12.941102423489383
1074,2412,2178,1666.9887495759099,-25.200335449148042,-83.9589051972399,1668.0295264250312,-26.241112298269513
1073,2412,2179,1692.033139526036,-16.903474357793016,-85.60069492984196,1693.1044034464514,-17.974738278208633
1072,2412,2168,1690.4508685536034,-21.66217626922969,-77.13275612291989,1691.319159109992,-22.530466825618305
1075,2412,2167,1665.4177827260407,-29.951124390234213,-75.49994039788616,1666.2579269576074,-30.791268621800782
1077,2413,2180,1717.3918103456751,-36.96722898406392,-108.11424000341302,1719.0558956199154,-38.6313142583042
1079,2413,2168,1681.994433203088,-47.36972951721168,-96.38104480988548,1683.3362708399727,-48.711567154096315
1078,2413,2179,1681.5432257888003,-48.788658071958935,-108.50507220412979,1683.2425817852595,-50.48801406841801
1076,2413,2169,1717.851077376944,-35.5461009218991,-95.99449698968056,1719.1639642798925,-36.858987824847645
1083,2414,2171,1773.1033218076386,-106.41707102664213,-115.15082646472408,1774.865379497569,-108.17912871657245
1081,2414,2183,1810.7211991783622,-113.90677059742598,-123.08302654520666,1812.6870301980189,-115.87260161708264
1080,2414,2172,1818.0094647663377,-91.72853012501673,-107.88702048936983,1819.5319690501724,-93.25103440885152
1082,2414,2182,1765.8125165415954,-128.56019851833435,-130.32179022874715,1768.0512156343157,-130.7988976110546
1086,2415,2181,1733.8867933951742,-102.25890725996032,-131.86088515063722,1736.2511118992231,-104.62322576400925
1087,2415,2170,1738.9140099209746,-86.93298216235553,-116.46125323643348,1740.7692387637958,-88.78821100517655
1084,2415,2171,1784.455192790626,-72.0054112158931,-111.48205872775065,1786.1273350854804,-73.67755351074754
1085,2415,2182,1779.4160250015823,-87.32611366533718,-126.87307417703538,1781.5692724586959,-89.47936112245065
1089,2416,2181,1747.4362542220947,-61.14082627297478,-121.96765243382613,1749.4902491581802,-63.19482120906025
1088,2416,2170,1750.1598721080227,-52.801353405144596,-107.54647951642714,1751.7622325549426,-54.403713852064584
1090,2416,2180,1704.8045944332453,-75.1503806512377,-124.6246871095654,1706.9833468463662,-77.32913306435864
1091,2416,2169,1707.5432027375953,-66.81661868925289,-110.22294314000322,1709.2533123709463,-68.52672832260384
1094,2417,2186,1874.0626883339573,-197.90940159493618,-52.97586169833278,1874.4012526699685,-198.24796593094743
1092,2417,2176,1903.4981117637528,-152.46696197412916,-34.09431113792611,1903.6394495424615,-152.60829975283787
1093,2417,2187,1890.1463506354671,-192.93566439174572,-39.55613299581403,1890.334118882065,-193.12343263834373
1095,2417,2175,1887.3916096966946,-157.50767773407722,-47.52373419791357,1887.667686916178,-157.78375495356067
1096,2418,2175,1892.523959596595,-141.97876706737054,-59.205417124462784,1892.9545979503048,-142.40940542108024
1097,2418,2186,1880.1090015961458,-179.61778737255577,-68.05476131993493,1880.6709920540566,-180.1797778304666
1098,2418,2185,1853.9552753416435,-187.97790108380593,-80.5113224800363,1854.7485867670885,-188.77121250925074
1099,2418,2174,1866.3617571585953,-150.34311531375783,-71.66614834187295,1866.998242996379,-150.9796011515416
1103,2419,2173,1839.1099375503575,-139.02569422301303,-91.81494608824919,1840.1747594976923,-140.090516170348
1102,2419,2184,1828.0574138427435,-172.55626380082492,-103.53886200160746,1829.3961439622778,-173.89499392035918
1101,2419,2185,1862.7513486897715,-161.3763631191921,-92.47970635181089,1863.807116743871,-162.4321311732915
1100,2419,2174,1873.8202888501503,-127.7818339356329,-80.7345030155546,1874.6340633494947,-128.59560843497718
1107,2420,2172,1807.3215384895177,-124.1087565177263,-106.65907959256562,1808.79292208154,-125.58014010974853
1104,2420,2173,1848.4533443229452,-110.73034589811459,-97.36532012354584,1849.6622865274248,-111.93928810259422
1106,2420,2183,1798.0186287973484,-152.38412706150336,-120.56433491173381,1799.8800263478956,-154.24552461205064
1105,2420,2184,1839.140957671077,-138.99483752293418,-111.26619032689774,1840.7043473522526,-140.5582272041097
1108,2421,119,1906.1043332851461,-158.73447989508588,-6.930736882434168,1906.1101491118018,-158.74029572174163
1111,2421,2176,1900.961163243972,-160.13331499589538,-20.854219189305578,1901.0139128064643,-160.1860645583879
1110,2421,2187,1887.1806530001597,-201.89528845090877,-22.618059015696208,1887.2418716462362,-201.9565070969852
1109,2421,120,1892.3101386931453,-200.53506956781564,-8.698997000301183,1892.3191780886139,-200.54410896328432
1115,2422,2158,1771.6335749407012,-89.59935658365805,-95.1091584564833,1772.8478042907104,-90.81358593366724
1114,2422,2171,1765.1915092259364,-109.1682951789877,-107.21384782225128,1766.7234218971498,-110.70020785020097
1113,2422,2172,1801.005382412102,-97.46499065020055,-100.7882807318077,1802.3421335753305,-98.8017418134292
1112,2422,2159,1807.4550900281797,-77.89635620830393,-88.68397661078446,1808.4974025982337,-78.93866877835808
1116,2423,2160,1831.6718161331148,-94.0843326903697,-80.12640666365664,1832.5049258652903,-94.91744242254526
1117,2423,2173,1823.4248016374872,-119.11371995326556,-91.3264656732319,1824.4976142911044,-120.18653260688257
1118,2423,2172,1790.3114203306482,-129.8684987052551,-99.55938958809139,1791.6010676179221,-131.15814599252928
1119,2423,2159,1798.5525188158006,-104.87323291100779,-88.37398296527856,1799.5777435343339,-105.89845762954121
1123,2424,2160,1823.845637261366,-117.78684105616662,-76.27953052755991,1824.5945332884744,-118.5357370832752
1122,2424,2173,1814.0852007838369,-147.39653354349434,-85.78181862084332,1815.0226305313404,-148.33396329099787
1121,2424,2174,1842.2008468680315,-138.30421646796265,-75.99571863950685,1842.9296035136742,-139.03297311360552
1120,2424,2161,1851.9681522966478,-108.69052063792105,-66.49062844106622,1852.531704403854,-109.25407274512736
1124,2425,118,1877.9299980556696,-135.11955858120075,-5.369520642174417,1877.933578655629,-135.12313918116035
1126,2425,2176,1861.5258650371543,-173.18181495518206,-19.12013564359606,1861.5707819950658,-173.22673191309343
1125,2425,119,1865.7415689903885,-172.05419211235585,-6.821901674285925,1865.7472783716908,-172.05990149365812
1127,2425,2163,1873.7008839867676,-136.28687412463046,-17.67030863118628,1873.7397192698613,-136.32570940772416
1131,2426,2162,1862.685877336673,-133.91454722944252,-39.77411439772007,1862.883941911632,-134.1126118044017
1130,2426,2175,1850.908532493445,-169.6123020529643,-44.22927195760759,1851.1505485837156,-169.854318143235
1129,2426,2176,1864.0587149377811,-165.51513021857204,-32.36506484233896,1864.187735968359,-165.6441512491499
1128,2426,2163,1875.8446706496595,-129.7972105639128,-27.905506497219314,1875.9417317971024,-129.89427171135583
1134,2427,2174,1834.7471646306976,-160.8760506549255,-66.91958721581355,1835.308013606665,-161.4368996308931
1133,2427,2175,1856.0393700575703,-154.08743704676124,-55.90583832447474,1856.4280095435367,-154.47607653272757
1132,2427,2162,1867.0156082283734,-120.8118234385746,-48.6968069026121,1867.3138010303428,-121.11001624054416
1135,2427,2161,1845.708887963151,-127.64673824163287,-59.72020710962697,1846.160616842369,-128.09846712085084
1139,2428,2155,1703.3176396352278,-39.03522926719825,-78.76827835482456,1704.2074242074755,-39.92501383944591
1138,2428,2168,1702.778642065173,-40.67698208012416,-87.76513657123697,1703.8824621761369,-41.780802191088014
1137,2428,2169,1729.4149183740687,-31.89747013309227,-87.28351911880645,1730.4956098492416,-32.97816160826517
1136,2428,2156,1729.94663062895,-30.256668461509662,-78.27789110638372,1730.8164735800724,-31.126511412632
1143,2429,2156,1721.5891251349958,-55.62225216384729,-90.40603823011736,1722.7381121334347,-56.77123916228618
1142,2429,2169,1719.1171892250763,-63.14940216072819,-101.50831009810997,1720.5613607288524,-64.5935736645041
1141,2429,2170,1751.9618606739805,-52.35422146085136,-99.0788615751491,1753.320995019049,-53.713355805919946
1140,2429,2157,1754.4402398173384,-44.82553065226432,-87.97705128608845,1755.5150311258992,-45.90032196082507
1146,2430,2170,1740.694217029578,-86.51342657190798,-108.00027440341754,1742.288711456923,-88.10792099925288
1147,2430,2157,1745.1979646686245,-72.84558578762028,-95.89420425353558,1746.4615910817906,-74.10921220078615
1145,2430,2171,1776.536302153062,-74.77570705336427,-103.54390292303272,1777.9829746121673,-76.22237951246962
1144,2430,2158,1781.035579782508,-61.09394843666689,-91.42382284782096,1782.1692100167174,-62.227578670876596
1148,2431,2155,1710.0600058832315,-18.588792793080643,-62.72912068149706,1710.6288964581333,-19.1576833679826
1149,2431,2168,1711.2631777716715,-14.948231558895827,-68.50971937655962,1711.9426621655773,-15.627715952801509
1150,2431,2167,1694.1585773292927,-20.614226638453147,-67.2632748126873,1694.8179371445694,-21.273586453729877
1151,2431,2154,1692.9536940945766,-24.254809245224692,-61.483509336283994,1693.5038618777253,-24.804977028373287
1154,2432,85,1709.084440331264,5.509402584023178,-10.807198976846625,1709.1015799306467,5.49226298464032
1152,2432,2153,1694.3488108360255,-8.339834978416093,-18.008665024792883,1694.3964271379728,-8.387451280363507
1153,2432,2166,1697.6991383459815,1.8138221489178932,-14.14818045615199,1697.728646167864,1.784314327035304
1155,2432,86,1705.7351734177762,-4.6398910932122135,-14.666096741504907,1705.7666124928119,-4.671330168248005
1159,2433,2153,1693.001187209298,-12.429972245454906,-39.60112171883052,1693.2310466045792,-12.659831640736115
1156,2433,2154,1697.3298555689094,-10.958376246782905,-42.17844580789822,1697.5901673548155,-11.218688032689101
1157,2433,2167,1699.885850586584,-3.2156075322357083,-43.638141797674436,1700.165337014099,-3.4950939597507613
1158,2433,2166,1695.5545137799777,-4.69305314651092,-41.05927359114949,1695.8023627203663,-4.940902086899541
1160,2434,2165,4384.100219951473,1401.033683881602,-554.3883689680085,4409.639166930288,1375.4947369027873
1161,2434,2429,4314.887622290717,1201.5289300120821,-533.2144082492006,4337.553073207404,1178.8634790953959
1162,2434,1545,4334.8145630466615,1128.4673876788258,-595.3984137458071,4362.2207403604825,1101.0612103650049
1163,2434,1,4425.219184470332,1402.4207859323733,-617.3123839398341,4456.413964313252,1371.2260060894534
1167,2435,1545,4555.737626770635,1142.872006476733,-611.2367561427479,4582.889406010945,1115.7202272364232
1166,2435,1546,4497.813385028652,967.3440011979978,-590.2168078483659,4522.311211566314,942.8461746603361
1165,2435,2430,4452.774016744783,1005.4819210416127,-536.7373218501058,4473.5411758029295,984.7147619834659
1164,2435,2429,4530.654029177952,1179.492816307817,-578.1817174618537,4555.409828652931,1154.7370168328387
1171,2436,1546,4644.250728580067,997.9846675861244,-593.5861904478214,4668.250662507059,973.9847336591322
1170,2436,1547,4580.497985311553,804.7945364694149,-557.2722709461375,4600.949755985268,784.3427657956995
1168,2436,2430,4553.851664666335,1026.6703971803904,-539.0201197382872,4574.325938878397,1006.1961229683275
1169,2436,2053,4518.048400191145,810.0718573159866,-519.7245770306299,4536.171482177961,791.948775329171
1175,2437,2165,4314.082769914861,1248.5722584180178,-457.93256383608355,4331.090151566045,1231.5648767668335
1174,2437,2429,4243.285793457115,1006.7250374348002,-493.6952657150766,4262.004235147213,988.0065957447023
1173,2437,2052,4348.342005029018,1138.8645723641523,-429.9884740787065,4362.679837120531,1124.526740272639
1172,2437,2164,4390.961476809765,1288.3724855164112,-408.6432591250083,4404.359264179387,1274.9746981467897
1178,2438,2053,4559.992358366568,980.9140324473603,-518.8777110488672,4578.700671700512,962.2057191134154
1177,2438,2052,4474.052581901954,926.6906116679078,-486.4685457730312,4490.65290106991,910.0902924999518
1176,2438,2429,4395.479830506845,932.9256075672408,-496.4610602388408,4413.184946729078,915.2204913450091
1179,2438,2430,4522.980957437768,1076.3709374784737,-589.2708358000896,4547.9866140451795,1051.3652808710624
1181,2439,2154,1720.6977521962085,-3.38489650854126,-34.016124678434345,1720.8655202777577,-3.552664590090444
1183,2439,2142,1718.7084181496903,-9.516977213960786,-32.0019753090539,1718.8565525671115,-9.66511163138182
1182,2439,2153,1720.7235798224842,-3.4104206092940785,-31.98909983252572,1720.871946257089,-3.5587870438988602
1180,2439,2143,1718.6816961057766,-9.494159048574147,-34.02909226000293,1718.8491945252379,-9.6616574680354
1187,2440,2143,1715.406461352823,-19.421108990595712,-49.66210573758389,1715.7618020968062,-19.776449734578932
1185,2440,2155,1727.1520763522353,-13.095878582240175,-54.254483939636444,1727.574837102019,-13.518639332023781
1184,2440,2144,1726.2483490141751,-15.829451550285853,-50.58995513631065,1726.6155548013542,-16.196657337465012
1186,2440,2154,1716.3078151707837,-16.690201317352717,-53.323662385960894,1716.7179051201285,-17.100291266697468
1190,2441,2155,1720.414830869598,-33.53363482247187,-70.2915100106865,1721.1188016784033,-34.23760563127712
1191,2441,2144,1720.9641453843747,-31.860220610723218,-63.817318222732865,1721.5448226957421,-32.4408979220907
1188,2441,2145,1740.1272402726395,-25.545163093612246,-63.29902949242501,1740.6943727387343,-26.112295559707036
1189,2441,2156,1739.575423356189,-27.219818922298032,-69.77509367552068,1740.2640525109036,-27.908448077012622
1195,2442,2145,1733.4169629380272,-45.88326183035133,-73.53430663195998,1734.1763889282656,-46.642687820589686
1192,2442,2146,1758.2059946328523,-37.73669987120411,-71.34863989330643,1758.9143442635782,-38.44504950193004
1193,2442,2157,1755.993045163777,-44.4586919501844,-79.7293799068594,1756.8752766282385,-45.340923414645886
1194,2442,2156,1731.2013154581994,-52.600556031703945,-81.90765901977646,1732.141068377382,-53.54030895088647
1196,2443,2147,1778.443130516136,-51.422978858110696,-74.35360940827552,1779.1981282612373,-52.17797660321173
1197,2443,2158,1774.5004478761111,-63.37690169170628,-83.7305111513121,1775.4536078412784,-64.33006165687357
1198,2443,2157,1746.7551612935706,-72.46747658337017,-87.64599479818939,1747.8101954405893,-73.52251073038883
1199,2443,2146,1750.6928692384158,-60.51703541092411,-78.27132698663553,1751.5380974708628,-61.36226364337108
1202,2444,2158,1765.0892141172012,-91.89830922108592,-87.4182925172987,1766.1174559128365,-92.9265510167213
1201,2444,2159,1793.273102256073,-82.7008093863601,-81.79751541765485,1794.1643268570442,-83.59203398733132
1200,2444,2148,1798.9110827059817,-65.59717988438558,-72.26934716758092,1799.6111196055408,-66.29721678394492
1203,2444,2147,1770.7256606281292,-74.81167166809848,-77.899509853645,1771.5473228364945,-75.63333387646378
1207,2445,87,1732.5848260786277,-2.9990666631267686,-12.232953199615224,1732.6063812575658,-3.020621842064884
1206,2445,86,1735.214455629512,4.969507733492378,-7.781706353649977,1735.2232050623074,4.960758300696966
1205,2445,2153,1722.0689976338208,0.676707426107896,-10.397709453486243,1722.0846987869497,0.6610062729789661
1204,2445,2142,1719.438528141502,-7.296496616578679,-14.851529633152513,1719.470461798121,-7.328430273197796
1211,2446,2150,1828.7139162971691,-107.51707202194928,-49.34402700801482,1829.0282431789435,-107.83139890372354
1208,2446,2151,1845.875880789475,-102.01340121887415,-39.72842482156434,1846.0784312689343,-102.21595169833324
1210,2446,2161,1819.1558816923925,-136.48932203622758,-55.14394522573029,1819.5445322630835,-136.87797260691866
1209,2446,2162,1836.3116655379054,-130.9990249336197,-45.532001501401524,1836.5750816849452,-131.26244108065953
1212,2447,2152,1852.901423444222,-109.63255146723452,-22.64627578730852,1852.9667518337426,-109.69787985675498
1215,2447,2151,1842.2565087935095,-112.97754110006281,-33.002135625539466,1842.3957585413768,-113.11679084793013
1214,2447,2162,1831.9853340017912,-144.1042711917578,-36.605536304487,1832.1548417954978,-144.27377898546422
1213,2447,2163,1842.619712837561,-140.7911968390074,-26.25337578752944,1842.7065845934426,-140.878068594889
1219,2448,2152,1851.0976487125552,-115.09432418473705,-14.84081571457065,1851.125652930501,-115.12232840268268
1217,2448,118,1843.9096950041142,-146.34625858821403,-5.290068838664475,1843.9132102277265,-146.34977381182648
1216,2448,117,1854.5390255766101,-114.13616594428731,-4.109521581234929,1854.541170184987,-114.13831055266428
1218,2448,2163,1840.4765627724148,-147.28006957072455,-16.019751741185075,1840.508838891468,-147.31234568977766
1221,2449,2160,1810.707373148402,-101.10021231795008,-74.30149741806872,1811.4290238837302,-101.82186305327832
1220,2449,2149,1817.8924852206378,-79.32003669536653,-65.40152199079374,1818.4559551845605,-79.88350665928931
1222,2449,2159,1784.3737378690716,-109.6679762380868,-81.4897818949537,1785.2498424272583,-110.54408079627342
1223,2449,2148,1791.5534192279538,-87.89377289560218,-72.59278970801866,1792.2541238276792,-88.59447749532751
1227,2450,2149,1811.3957151449367,-99.00517350190785,-62.84006580562809,1811.9123352832082,-99.52179364017934
1226,2450,2160,1802.881115604277,-124.8130708066891,-70.45249249199918,1803.5246172234624,-125.4565724258747
1225,2450,2161,1825.4130637304079,-117.5380873114259,-61.91103664953729,1825.9061286236001,-118.03115220461814
1224,2450,2150,1833.935452680255,-91.70148787352002,-54.29067757148018,1834.3180393609055,-92.08407455417034
1229,2451,2145,1748.0571481583695,-23.056416376190896,-55.18178489119514,1748.4868623827251,-23.486130600546517
1228,2451,2134,1748.5974389284224,-21.41746446487832,-50.73163813973533,1748.960878065486,-21.780903601941873
1230,2451,2144,1734.8913472000938,-27.39255521372229,-55.70001808201751,1735.3313610879245,-27.832569101553077
1231,2451,2133,1735.432556519401,-25.75442090314982,-51.25323070261689,1735.8053644251181,-26.127228808867017
1232,2452,2133,1739.514802584207,-13.38857763355827,-40.45419381969002,1739.748175963985,-13.621951013336343
1235,2452,2132,1733.5458987257662,-15.36775666573385,-39.76827998131983,1733.7719407187296,-15.59379865869721
1234,2452,2143,1734.2170414299144,-13.334334100199499,-41.78377799354137,1734.4667672285316,-13.584059898816804
1233,2452,2144,1740.1858186964491,-11.354336648155822,-42.47059825371349,1740.4432331013975,-11.611751053104172
1239,2453,88,1753.4527827393142,-1.7371546825628457,-10.154885685313687,1753.4674707280806,-1.7518426713289728
1238,2453,87,1755.49634104061,4.455446230454754,-5.397467982421058,1755.5005003654305,4.451286905634333
1236,2453,2131,1739.3962702351764,-6.347261606072607,-12.185201197949606,1739.4175329975906,-6.36852436848676
1237,2453,2142,1741.4413144429436,-0.15096798082208807,-7.424978827154963,1741.4492281866815,-0.1588817245598193
1242,2454,2142,1740.7067156034948,-2.3741065160044172,-24.575913156471167,1740.7933360125185,-2.4607269250282116
1243,2454,2131,1739.1343043229747,-7.138803704861971,-25.665918692420014,1739.2286056966118,-7.233105078499079
1240,2454,2132,1735.917656014414,-8.178480383557257,-27.242296571692652,1736.024028800629,-8.284853169772305
1241,2454,2143,1737.4909934864017,-3.4106053441859103,-26.15162112916359,1737.5891995984503,-3.508811456234639
1247,2455,2134,1743.2816264234662,-37.52926107576798,-59.26563465325546,1743.7745821121161,-38.02221676441775
1244,2455,2135,1761.4909700135297,-31.547583262799435,-57.34994084404338,1761.9494340760593,-32.006047325329064
1245,2455,2146,1759.555426074475,-37.41024406325073,-63.50342054654591,1760.1162918448201,-37.97110983359585
1246,2455,2145,1741.3487033342278,-43.38896335235688,-65.4164508932873,1741.947933660817,-43.988193678946004
1248,2456,2136,1776.5079260154341,-42.97275008315444,-59.91720946236092,1777.0010748646846,-43.4658989324048
1249,2456,2147,1773.1000501699184,-53.302989433577636,-67.03772841617146,1773.7149944494554,-53.91793371311451
1250,2456,2146,1752.0338499030793,-60.199946389716956,-70.42846433903102,1752.7178534179766,-60.8839499046145
1251,2456,2135,1755.441161388963,-49.87779381214682,-63.31367210764594,1755.996103387124,-50.43273581030792
1254,2457,2149,1794.0081352819805,-104.82898391399499,-57.313758676176015,1794.4405208551366,-105.26136948715123
1253,2457,2150,1811.8406425689473,-99.05983219760049,-49.96028550653187,1812.1671383444839,-99.38632797313699
1252,2457,2139,1819.167478236841,-76.85789260446506,-43.93230402312142,1819.4219300473972,-77.11234441502143
1255,2457,2138,1801.3303766306724,-82.63767030120573,-51.28905738057784,1801.6793846970181,-82.98667836755146
1259,2458,2139,1814.8458875174135,-89.9539700318038,-40.39358117333733,1815.0600121137813,-90.16809462817162
1258,2458,2150,1806.6205302901303,-114.87884082205937,-45.01213345362172,1806.8841023614455,-115.14241289337451
1257,2458,2151,1820.2824155886465,-110.50790893622809,-36.73549670652932,1820.457133500237,-110.68262684781848
1256,2458,2140,1828.514665240563,-85.56047142656882,-32.11310180429199,1828.6493489226405,-85.69515510864619
1263,2459,2140,1825.5056758651326,-94.6772986584125,-27.12868936938721,1825.6014908310283,-94.77311362430805
1262,2459,2151,1816.6641529239955,-121.47055709036749,-30.01056673045836,1816.780318757674,-121.58672292404594
1260,2459,2141,1834.0196607038229,-91.99718127494748,-18.21190659124708,1834.0627114862693,-92.04023205739395
1261,2459,2152,1825.172297561159,-118.80732322089239,-21.095903934585923,1825.2295286216704,-118.8645542814038
1267,2460,2136,1770.2302546223143,-61.997544379161354,-63.21354264901393,1770.7753237964089,-62.54261355325605
1266,2460,2147,1765.3842924774685,-76.68573852807992,-70.58432665356543,1766.060205940213,-77.36165199082473
1265,2460,2148,1787.2045526829313,-69.55957277785751,-65.74034503592284,1787.7862689239792,-70.14128901890535
1264,2460,2137,1792.0543744023278,-54.86512668707712,-58.36630667497648,1792.515381993735,-55.326134278484346
1270,2461,2148,1779.8440877735384,-91.86392482508279,-66.06431693197172,1780.4268623619673,-92.44669941351174
1269,2461,2149,1800.5032183443475,-85.14806240577616,-59.873473583340406,1800.9783764203307,-85.62322048175929
1268,2461,2138,1806.687076109183,-66.40596581192528,-52.88992593561458,1807.0603606761279,-66.77925037886996
1271,2461,2137,1786.024094625636,-73.13850807002484,-59.086653925563326,1786.493439201755,-73.60785264614401
1273,2462,117,1826.1317340554551,-123.51057214626837,-4.0503879669141565,1826.133837726591,-123.51267581740433
1275,2462,2141,1832.5143812360948,-96.55873475740623,-12.341250524781444,1832.5341193301156,-96.57847285142714
1274,2462,2152,1823.3699355364192,-124.26916003365022,-13.289329465723974,1823.392604549189,-124.29182904641982
1272,2462,116,1835.2835148772406,-95.77790298934269,-3.101567651098656,1835.2847602694897,-95.77914838159188
1279,2463,2124,1759.487645186337,-40.83452231006925,-50.68937214812871,1759.8443734812563,-41.191250604988454
1277,2463,2136,1772.19427282713,-44.48986049406619,-53.0714162670093,1772.5817885349024,-44.8773762018385
1276,2463,2125,1775.089971807291,-35.72176417007586,-47.79920012982965,1775.405350489792,-36.03714285257672
1278,2463,2135,1756.5943016650642,-49.59795978775469,-55.958797750920056,1757.0276215347292,-50.031279657419645
1282,2464,2136,1765.9130960208568,-63.51950943261647,-56.36883633279963,1766.3472049213287,-63.95361833308834
1283,2464,2125,1770.0248394999512,-51.06684845499592,-50.76939280828278,1770.378615017502,-51.420623972546764
1280,2464,2126,1786.6065923997005,-45.64507310213867,-46.65143920423418,1786.9034954146077,-45.9419761170459
1281,2464,2137,1782.4926881551482,-58.10721394754876,-52.25503532841658,1782.8634964333269,-58.47802222572727
1285,2465,2138,1792.4144954434096,-71.18704427662396,-47.72467408878759,1792.7199887534994,-71.49253758671387
1284,2465,2127,1797.6534850021526,-55.31696121887296,-42.33386463654523,1797.895248477173,-55.558724693893396
1286,2465,2137,1776.463171631701,-76.37793140105964,-52.9762260958273,1776.8417668589684,-76.75652662832704
1287,2465,2126,1781.6988622730228,-60.51627464525143,-47.58840564933496,1782.006138908518,-60.82355128074687
1288,2466,2129,1814.3817690618184,-71.4169119149276,-25.6891920955597,1814.4692524161965,-71.50439526930563
1289,2466,2140,1807.4016960311615,-92.56659617149876,-29.322989020726087,1807.5148277204535,-92.67972786079088
1290,2466,2139,1796.657648694651,-96.01274497997849,-36.3465444990155,1796.8321309401094,-96.18722722543669
1291,2466,2128,1803.6335393979964,-74.87563883346809,-32.71492951337075,1803.7759642376147,-75.01806367308632
1294,2467,2138,1787.0576001891802,-87.42173689159938,-46.12379072095015,1787.3412899195682,-87.7054266219875
1295,2467,2127,1793.2665857793418,-68.61155132667568,-41.42116990572794,1793.4969312898713,-68.84189683720524
1292,2467,2128,1807.1913316524024,-64.09312268405267,-35.1783300041866,1807.3566466560637,-64.25843768771404
1293,2467,2139,1800.9782204253709,-82.91819691647311,-39.884348604359865,1801.1892966602747,-83.12927315137699
1297,2468,2134,1755.0769551313733,-19.383742428443725,-43.1115346278391,1755.3387713313084,-19.64555862837892
1299,2468,2122,1747.1760143818801,-20.628568984355866,-40.76363753844057,1747.410974362218,-20.863528964693614
1298,2468,2133,1746.6733843180587,-22.14999732978231,-43.6025483164391,1746.942050697206,-22.41866370892967
1296,2468,2123,1755.580526062603,-17.861280706808884,-40.27106946119969,1755.8091140573533,-18.089868701559226
1303,2469,2123,1751.4193132442101,-30.462337484562454,-47.2934322634616,1751.7330651386387,-30.776089378990832
1302,2469,2134,1749.7549756452613,-35.500404050974,-51.64691284326249,1750.1284300210173,-35.873858426729726
1301,2469,2135,1762.643919690718,-31.27061671655406,-49.99483263579644,1762.9921801705395,-31.61887719637582
1300,2469,2124,1764.3088044723368,-26.229041832941334,-45.63821382386635,1764.5995702311316,-26.519807591736026
1304,2470,115,1819.5777995593933,-79.99013888380136,-2.3052574442084914,1819.578498956585,-79.99083828099322
1305,2470,116,1811.8117637015298,-103.52358087732728,-3.059046439914733,1811.8129851272165,-103.52480230301398
1306,2470,2141,1809.6141928340724,-104.1359173292177,-10.901029767709272,1809.6297162147719,-104.15144070991732
1307,2470,2130,1817.37487568652,-80.61884172300734,-10.147577218674016,1817.3884390332537,-80.63240506974114
1311,2471,2129,1811.8954175248655,-78.95336046458408,-22.060046986787043,1811.9597575609596,-79.01770050067819
1310,2471,2140,1804.3938479031203,-101.68410333840495,-24.337869636884392,1804.4715346206508,-101.76179005593542
1309,2471,2141,1811.1190319335046,-99.57466759574311,-16.771326295695864,1811.155834269763,-99.61146993200157
1308,2471,2130,1818.6261494703551,-76.82626576593168,-14.492075490672072,1818.653849609534,-76.85396590511073
1315,2472,2121,1748.0526301165842,-12.00610964213945,-31.560494977231443,1748.1941005069216,-12.147580032477094
1312,2472,2122,1750.2661629139247,-11.269675305644682,-32.05630233198185,1750.411990412047,-11.415502803767254
1314,2472,2132,1748.5416043658327,-10.523828872926401,-32.30749299452498,1748.6899339954693,-10.672158502562866
1313,2472,2133,1750.7555110027226,-9.78635647609326,-32.8038254685911,1750.9083045263824,-9.939149999752999
1316,2473,2121,1749.702436007959,-7.013877072767514,-21.639910171759023,1749.7690756733073,-7.080516738115762
1319,2473,2120,1755.193360793751,-5.216800855347174,-20.426540035967363,1755.2526125385791,-5.276052600175262
1318,2473,2131,1756.4079158081483,-1.536805353499176,-18.56868580949032,1756.4569484187523,-1.5858379641031206
1317,2473,2132,1750.9180247741556,-3.3316200024897853,-19.78089622868311,1750.9737852840462,-3.3873805123802185
1323,2474,89,1769.4852955381127,-0.7761737202297354,-8.402914021597093,1769.4952670264433,-0.7861452085604697
1321,2474,2131,1756.6700464010105,-0.7459113483898818,-5.08818111038794,1756.673729298711,-0.7495942460901688
1320,2474,2120,1755.0993696446715,-5.504294583157616,-9.958817984469167,1755.1134524936901,-5.518377432176408
1322,2474,88,1771.0545184550936,3.9790472403184367,-3.535409042034485,1771.0562867871188,3.9772789082933286
1325,2475,2126,1778.8935281266058,-48.25884700696224,-40.989450047502814,1779.1233835705139,-48.48870245087039
1324,2475,2115,1782.3209573585086,-37.881330971881994,-36.82907917931929,1782.5072336705475,-38.06760728392089
1326,2475,2125,1766.5831413277517,-52.279462393510244,-44.421425930209686,1766.8543230156379,-52.55064408139663
1327,2475,2114,1770.0083252747595,-41.90792426966232,-40.263496521987705,1770.2319764883741,-42.13157548327695
1331,2476,2115,1778.3481152285503,-49.91814885789415,-37.840775278438784,1778.5438978367074,-50.11393146605144
1330,2476,2126,1773.9846544652846,-63.132278661953706,-41.92691231752717,1774.2238386332224,-63.37146282989136
1329,2476,2127,1786.083053298653,-59.19455938108206,-37.546872524843295,1786.274030219683,-59.38553630211197
1328,2476,2116,1790.4490291262782,-45.970916298911675,-33.45797717508701,1790.6014103067566,-46.123297479389976
1333,2477,2128,1792.4002241032226,-69.01981336901292,-31.430983593873336,1792.5328965121794,-69.15248577796945
1335,2477,2116,1786.871247312122,-56.81338756563878,-33.01916554723187,1787.019073282836,-56.96121353635283
1334,2477,2127,1781.6966933846788,-72.48803014661121,-36.63477576046304,1781.8776321852458,-72.6689689471782
1332,2477,2117,1797.5777046130643,-53.33582988225737,-27.813291110211846,1797.6821848445134,-53.44031011370646
1336,2478,114,1806.9038819984867,-66.67373394633887,-1.683188320216906,1806.9042600349135,-66.67411198276568
1339,2478,2119,1805.1713960096167,-67.17582858881451,-8.227795999511748,1805.180434971422,-67.18486755061986
1338,2478,2130,1798.6955524693185,-86.79928030322844,-8.819671560515031,1798.7058662314657,-86.80959406537568
1337,2478,115,1800.4235731086367,-86.31103361255111,-2.2750458628108,1800.4242589273758,-86.31171943129038
1343,2479,2118,1800.952671934161,-65.69917372595546,-17.7005891276482,1800.994632599376,-65.74113439117059
1342,2479,2129,1794.6946201897788,-84.66132393479518,-19.478684189417514,1794.7450907977827,-84.71179454279888
1341,2479,2130,1799.9463298103658,-83.00672022382037,-13.164384141214562,1799.9693387340576,-83.02972914751228
1340,2479,2119,1806.2081840017058,-64.03235651046111,-11.385442705342516,1806.2255115996545,-64.0496841084099
1344,2480,2118,1803.001443551085,-59.48838302394768,-20.28789227070176,1803.0566903446625,-59.5436298175249
1347,2480,2117,1794.6602619593627,-62.17902764513633,-26.149593586984782,1794.7523226115604,-62.27108829733413
1345,2480,2129,1797.1803817698772,-77.1253584514451,-23.107472738862917,1797.2515994742614,-77.19657615582923
1346,2480,2128,1788.8429170844938,-79.80317761435663,-28.967499808410917,1788.955172909988,-79.91543343985097
1349,2481,2123,1760.8079415383784,-16.22318803543567,-33.18951046970423,1760.962897681417,-16.378144178474372
1351,2481,2111,1756.5929857695678,-16.388599894732124,-32.060350619584995,1756.737908604589,-16.533522729753145
1350,2481,2122,1756.140260448825,-17.757942322845224,-33.637291759505,1756.2997067043534,-17.917388578373334
1348,2481,2112,1761.2610012387195,-14.85290308174217,-31.611491134486016,1761.4016463917524,-14.993548234775176
1355,2482,2112,1758.0472230746425,-24.58218032341881,-37.29319901073065,1758.2422482647498,-24.77720551352604
1353,2482,2124,1765.2858010562215,-25.98908945290259,-38.815343585883895,1765.4960499252427,-26.199338321923733
1352,2482,2113,1766.688240300616,-21.745501050071425,-35.894803705312796,1766.8683290530562,-21.925589802511695
1354,2482,2123,1756.6460996508324,-28.823157034682254,-40.21197401062527,1756.8724824142369,-29.049539798086812
1358,2483,2124,1760.4614827965647,-40.597464667607255,-43.86733540881264,1760.7285559268405,-40.86453779788303
1359,2483,2113,1762.8791274039672,-33.279325578285466,-40.08878286546199,1763.1027867385565,-33.50298491287447
1356,2483,2114,1774.0673984833918,-29.61257211004977,-37.66955335954635,1774.2640576155804,-29.809231242238297
1357,2483,2125,1771.648368568995,-36.93586568515582,-41.45075056177545,1771.885838729534,-37.17333584569485
1360,2484,2111,1758.8825367082359,-9.461759395276204,-25.14539607733901,1758.9719224384419,-9.551145125482208
1361,2484,2122,1759.2340857486115,-8.396808794593198,-24.929400232273498,1759.321977980197,-8.48470102617864
1362,2484,2121,1759.87121756883,-8.190840087532251,-24.576858537651454,1759.956620792959,-8.276243311661347
1363,2484,2110,1759.5199310674752,-9.255133339032682,-24.79269619001478,1759.6068058216267,-9.342008093184177
1364,2485,2109,1767.312608316845,-4.768524201576042,-8.118584642521055,1767.3219068570666,-4.777822741797422
1365,2485,2120,1768.5034706131717,-1.1627391640429323,-3.268802522597675,1768.5049800872125,-1.1642486380836772
1366,2485,89,1782.8278550699854,3.549734653725409,-2.095238001221757,1782.8284718960888,3.5491178276220126
1367,2485,90,1781.6388148526034,-0.05341752015920065,-6.941864223896874,1781.6455765838305,-0.06017925138633018
1369,2486,2121,1761.5217075054866,-3.199069019154763,-14.65636855346593,1761.552138018626,-3.2294995322941986
1368,2486,2110,1760.595179523573,-6.004385224018392,-17.0507152349184,1760.6363207257773,-6.0455264262226365
1370,2486,2120,1768.5960696317725,-0.8759012332374141,-13.736567981433131,1768.6227287792717,-0.9025603807367588
1371,2486,2109,1767.67048751515,-3.679270399270308,-16.129303895370647,1767.7072037326366,-3.71598661675705
1372,2487,2102,1768.653835207484,-18.050573445755504,-27.805617246571373,1768.7620100039937,-18.158748242265347
1373,2487,2113,1767.4993171970007,-21.544224793080275,-29.596549835190363,1767.6217144189336,-21.66662201501333
1374,2487,2112,1762.2025759359622,-23.27991940519962,-30.75013913321768,1762.334963253336,-23.412306722573362
1375,2487,2101,1763.3562260162857,-19.78866271108643,-28.960438381556024,1763.4738064350076,-19.90624312980833
1379,2488,2102,1765.6635132976762,-27.102896529611826,-31.1980812565216,1765.7992318428614,-27.23861507479694
1378,2488,2113,1763.6895379794055,-33.07756376423447,-33.79080227237134,1763.8483951533117,-33.236420938140895
1377,2488,2114,1771.3644958148193,-30.565544473740715,-31.813842866888976,1771.5049066124866,-30.70595527140813
1376,2488,2103,1773.3399213113046,-24.587155584134052,-29.21947825126423,1773.4586304559639,-24.705864728793244
1383,2489,2103,1770.0977363074107,-34.40543043960565,-31.405714445037507,1770.2343728398105,-34.5420669720055
1382,2489,2114,1767.3039845231526,-42.86237725429885,-34.40829338678717,1767.4674810605866,-43.02587379173292
1380,2489,2104,1778.9891584857007,-31.495834868708585,-28.601530474029353,1779.102111163468,-31.608787546475696
1381,2489,2115,1776.193765848231,-39.958575336631384,-31.60610542114964,1776.331263988432,-40.09607347683243
1387,2490,2104,1775.7784075206723,-41.22272959297118,-29.58105398261341,1775.8987955550733,-41.34311762737218
1386,2490,2115,1772.2209293831584,-51.99473238475866,-32.618216281314545,1772.3667267014578,-52.140529703058064
1385,2490,2116,1781.2136457923848,-49.06469288047799,-29.044071711729018,1781.3288611923351,-49.179908280428435
1384,2490,2105,1784.773139146924,-38.286100187008174,-26.005106562456266,1784.8658721688523,-38.378833208936385
1390,2491,2110,1768.700648436246,-6.293830021557596,-18.300190657594463,1768.7478159180441,-6.340997503355879
1389,2491,2111,1765.9306462686802,-7.205328084597113,-18.544272106734468,1765.9791310760831,-7.253812892000042
1388,2491,2100,1765.683657461763,-7.951903324866521,-19.481144624464932,1765.7371497854617,-8.005395648565127
1391,2491,2099,1768.4539855295386,-7.039858573925244,-19.236430007273917,1768.5060878477257,-7.0919608921121835
1393,2492,2110,1769.7775890044982,-3.0422389339122446,-10.558086162209802,1769.7933086215212,-3.0579585509352682
1395,2492,2098,1777.2260790916994,-2.4641600368354375,-12.62481865919964,1777.2484683869754,-2.486549332111508
1394,2492,2109,1777.9203034488025,-0.36244143208421065,-9.871179704880694,1777.9340019788096,-0.3761399620910879
1392,2492,2099,1769.082099350242,-5.145560557546446,-13.31353904570669,1769.1070747002004,-5.170535907505041
1399,2493,91,1790.7122191629999,0.4857408424082905,-5.736877847076057,1790.7168151852543,0.48114482015409976
1397,2493,2109,1777.5627382532277,-1.4517662032967564,-1.860502772123033,1777.563224684003,-1.4522526340720106
1396,2493,2098,1776.674888350118,-4.138783711768042,-6.612282692860363,1776.6810262931826,-4.144921654832729
1398,2493,90,1791.5982226474287,3.1705998861319813,-0.9882534512396837,1791.5983591702598,3.170463363300769
1402,2494,2111,1763.6402836948532,-14.131976610880429,-25.459273878934102,1763.7314288616371,-14.223121777664232
1403,2494,2100,1764.0315940027904,-12.947391217288668,-24.85812985498771,1764.1185247427165,-13.034321957214729
1400,2494,2101,1765.8102579219656,-12.36388566362723,-24.46645509893926,1765.894414344166,-12.448042085827865
1401,2494,2112,1765.4185718976041,-13.549249189321017,-25.068001154003944,1765.5068778077327,-13.637555099449628
1407,2495,2106,1787.5677851067394,-51.74031253201599,-20.536894297767645,1787.62510977185,-51.79763719712662
1404,2495,2107,1793.9553884726456,-49.67479592960274,-15.751264420099035,1793.9890310390401,-49.70843849599714
1405,2495,2118,1789.2052460493271,-64.06601815236127,-17.90985062398964,1789.248514844729,-64.10928694776305
1406,2495,2117,1782.8202542494037,-66.12250904564542,-22.694415038217024,1782.889890947612,-66.19214574385376
1408,2496,2106,1789.9610108313932,-44.4859725663066,-21.619775089980877,1790.024708290315,-44.54967002522835
1409,2496,2117,1785.7372657780222,-57.27979214866241,-24.35778401094911,1785.8177419371716,-57.36026830781179
1410,2496,2116,1777.6357375980629,-59.90796088613831,-28.605483726890064,1777.7470579616318,-60.01928124970732
1411,2496,2105,1781.8571028839197,-47.122923140531725,-25.869089572024958,1781.9485713963977,-47.2143916530099
1414,2497,2118,1787.1568749104595,-70.27697975430101,-15.322462193027702,1787.1884741317485,-70.3085789755902
1413,2497,2119,1791.2100782643,-68.99454042733237,-10.165582900797265,1791.2239662934937,-69.00842845652619
1412,2497,2108,1796.3225297491636,-53.503250180727264,-8.793272355408734,1796.3329795443228,-53.51369997588665
1415,2497,2107,1792.266140162821,-54.79635832322958,-13.950631740512625,1792.2924816307773,-54.82269979118564
1419,2498,2108,1795.461916010092,-56.11278589231688,-6.548187394851294,1795.467705490803,-56.11857537302774
1418,2498,2119,1790.1735243905496,-72.1378845446917,-7.008039942767213,1790.180117333295,-72.14447748743692
1417,2498,114,1791.5183371950043,-71.75096373148813,-1.6625817376085186,1791.518708072349,-71.75133460883296
1416,2498,113,1796.8101523052576,-55.715160367084536,-1.2029003299564112,1796.8103475750659,-55.71535563689292
1421,2499,2103,1771.2598759145044,-25.321043608610694,-23.818553162570005,1771.338817327831,-25.399985021937255
1423,2499,2091,1767.884714298803,-22.20250009600852,-23.71890642714059,1767.9632805590034,-22.28106635620884
1422,2499,2102,1766.3202689376878,-26.9372663136121,-25.387827758901643,1766.4101207147303,-27.02711809065454
1420,2499,2092,1772.8253995520502,-20.583089170070252,-22.148502404431973,1772.8937801605693,-20.65146977858933
1424,2500,2093,1776.435474894955,-26.41490562066508,-21.687757233884806,1776.5006968628036,-26.480127588513824
1427,2500,2092,1770.2279682157887,-28.4477109226234,-23.908798578385966,1770.3074163075285,-28.527159014363065
1426,2500,2103,1768.017294983466,-35.13911882923696,-26.005065819235078,1768.11105117153,-35.232875017301126
1425,2500,2104,1774.2234475900054,-33.11053252140505,-23.785334807485555,1774.3017006500327,-33.18878558143217
1431,2501,2093,1773.827966046692,-34.31335602702393,-22.55475700375451,1773.89830032721,-34.383690307542224
1430,2501,2104,1771.0122293879308,-42.838003350093004,-24.765152223815246,1771.0967573403632,-42.9225313025255
1429,2501,2105,1777.5574208041367,-40.70312561942467,-21.934301158544063,1777.6235686488599,-40.76927346414777
1428,2501,2094,1780.374706014979,-32.17281380445036,-19.722562907729227,1780.4283553635319,-32.226463153003465
1432,2502,2095,1784.028348389327,-37.44752224190813,-16.391939960357693,1784.0652264863718,-37.48440033895281
1433,2502,2106,1780.6845047872478,-47.57506644889486,-18.433783322919837,1780.730969159319,-47.62153082096631
1434,2502,2105,1774.641493461468,-49.5396974024834,-21.79854376396372,1774.7066130272185,-49.60481696823399
1435,2502,2094,1777.9835879783873,-39.418518774680365,-19.757789705843685,1778.0372853300887,-39.472216126381795
1439,2503,2095,1782.0519605691197,-43.43833534132,-15.717189521744285,1782.085790585792,-43.47216535799225
1438,2503,2106,1778.2914420122618,-54.829594009806215,-17.351003075979424,1778.3324991163868,-54.87065111393133
1437,2503,2107,1783.1279707569156,-53.26712249864465,-13.559619752514214,1783.1530008801283,-53.292152621857326
1436,2503,2096,1786.8905620591552,-41.868281132234415,-11.925074047992277,1786.9100022767502,-41.88772134982946
1441,2504,2108,1784.5398295536145,-57.40131159113605,-7.671780804025537,1784.5478178606427,-57.40929989816402
1440,2504,2097,1788.5905567223522,-45.12737768670286,-6.622694904955152,1788.5965363694881,-45.133357333838944
1442,2504,2107,1781.4389784394689,-58.388533480265664,-11.759102567448272,1781.4577675759733,-58.40732261677033
1443,2504,2096,1785.4873745924565,-46.12255888741265,-10.710270329143786,1785.503031434544,-46.138215729500075
1446,2505,2108,1783.6793957527825,-60.01082127485995,-5.4266762073837596,1783.6833889332265,-60.01481445530408
1447,2505,2097,1787.8706599912416,-47.31035718041585,-5.072091639204761,1787.874164558942,-47.31386174811621
1445,2505,113,1784.7184456948767,-59.70542354851011,-1.1894309383044437,1784.718637454731,-59.7056153083646
1444,2505,112,1788.9124046364225,-46.99645705897706,-0.8351099917008104,1788.9124996041896,-46.996552026744325
1450,2506,2101,1766.5931282483477,-18.773217488257046,-22.91727914530337,1766.6666677844246,-18.84675702433367
1449,2506,2102,1769.3118176982184,-17.884118742306327,-21.995037761232204,1769.379488421801,-17.95178946588885
1448,2506,2091,1770.2319680579485,-15.099078123215236,-21.075348927586816,1770.2941630862156,-15.161273151482419
1451,2506,2090,1767.5125510995838,-15.989985652226665,-21.998221292491294,1767.58038158008,-16.05781613272302
1454,2507,2100,1769.4608321505002,-11.209378956090859,-18.750573581474697,1769.5101919732615,-11.258738778852148
1455,2507,2089,1769.785392477107,-10.225495500185616,-18.889536336809595,1769.8355051674707,-10.275608190549292
1452,2507,2090,1769.3727133133991,-10.363967117426796,-18.56218130885724,1769.4211116536048,-10.412365457632518
1453,2507,2101,1769.0479643219517,-11.348493959638176,-18.423147452866733,1769.0956227065778,-11.396152344264237
1456,2508,2088,1775.5662382176583,-4.431551761124069,-10.276865913298527,1775.5810715356383,-4.446385079104061
1457,2508,2099,1776.07663580768,-2.8902400487152136,-7.285999177010631,1776.0840959748862,-2.8977002159211906
1458,2508,2098,1784.915498853957,0.022107016644213218,-6.784668463794128,1784.9219462362066,0.015659634394410205
1459,2508,2087,1784.4063307550175,-1.5179019680308556,-9.77352926453415,1784.4197021452142,-1.531273358227395
1461,2509,2100,1771.1142605702637,-6.213190509746141,-13.373428883702058,1771.1394171710606,-6.238347110542918
1460,2509,2089,1770.944494412673,-6.723762790910769,-14.838959017760912,1770.9754606613255,-6.754729039563244
1462,2509,2099,1775.448026606042,-4.784526181946035,-13.208883967535302,1775.4725279294976,-4.809027505401559
1463,2509,2088,1775.2788314580828,-5.294620064054243,-14.673461136638721,1775.309061439067,-5.3248500450383744
1466,2510,91,1798.0011322470996,2.84202846461028,-0.13839845410075602,1798.0011349145695,2.8420257971404226
1464,2510,2087,1783.71745365846,-3.6096989390068757,-5.388885482839747,1783.721515592604,-3.6137608731507953
1465,2510,2098,1784.3649022433108,-1.6522511076127557,-0.7721393843156553,1784.3649856970446,-1.6523345613466063
1467,2510,92,1797.3557737987614,0.8863968029797888,-4.752082770866985,1797.358916386585,0.8832542151562848
1468,2511,111,1782.8918844095438,-40.40989361533434,-0.5537501284992231,1782.891926454037,-40.409935659827624
1469,2511,112,1779.716931442302,-50.0309632130369,-0.8269460165335247,1779.7170248758948,-50.03105664662962
1470,2511,2097,1778.9133341112693,-50.27352755092522,-4.035312752233032,1778.9155596533308,-50.27575309298686
1471,2511,2086,1782.0862992280922,-40.65878573088344,-3.761852678436248,1782.08824019074,-40.66072669353116
1475,2512,2085,1780.327859151248,-39.56676411470653,-7.879665922425744,1780.3363883324528,-39.57529329591125
1474,2512,2096,1777.2635962860147,-48.85068030147181,-8.680446250551464,1777.2739118673599,-48.860995882817065
1473,2512,2097,1779.6331342173619,-48.09058850452891,-5.585891899219723,1779.6374021101324,-48.09485639729928
1472,2512,2086,1782.6991331012118,-38.80057409058736,-4.7849812633055295,1782.702275567568,-38.803716556943414
1479,2513,2084,1777.8626004696885,-37.161525346078406,-11.532825626965598,1777.8809204361514,-37.179845312541374
1478,2513,2095,1775.017090817314,-45.78054870068047,-12.765051030860379,1775.0394635019738,-45.80292138534003
1476,2513,2085,1781.513615855639,-35.97186940830932,-8.662499166447704,1781.5239375977194,-35.98219115038967
1477,2513,2096,1778.6666454389945,-44.59638999008348,-9.895217023890725,1778.6800711758528,-44.60981572694175
1483,2514,2082,1772.366029392046,-29.084602242907636,-16.512425826467638,1772.4038675757538,-29.122440426615412
1482,2514,2093,1770.2370160852017,-35.529610079488066,-18.092281721809623,1770.2823323568202,-35.57492635110657
1481,2514,2094,1774.9157959902193,-34.000645746753094,-15.950580410973195,1774.9509573808014,-34.03580713733538
1480,2514,2083,1777.0459537718516,-27.551550338989387,-14.36980965631308,1777.0745596182953,-27.580156185432998
1486,2515,2094,1772.524605736888,-41.246548281597484,-15.985963249034196,1772.5598287662356,-41.28177131094537
1485,2515,2095,1776.993345942953,-39.789848864214605,-13.439674233139115,1777.0182006384646,-39.81470355972601
1484,2515,2084,1779.5227091596093,-32.12968602179501,-11.930217970000204,1779.5423498696816,-32.14932673186718
1487,2515,2083,1775.0526801648516,-33.591373609643824,-14.477286930359481,1775.081650552819,-33.620343997611144
1489,2516,2093,1772.8446549430437,-27.631265114689313,-17.225077974416294,1772.8858519009095,-27.67246207255505
1491,2516,2081,1770.3473306649455,-23.93592519625213,-17.49677525522719,1770.389984168238,-23.97857869954464
1490,2516,2092,1768.6757650043385,-28.99514896070184,-18.904916204043282,1768.7254662556975,-29.04485021206085
1488,2516,2082,1774.5172265550405,-22.568706462637124,-15.816042354511861,1774.5520248843063,-22.603504791903106
1495,2517,2080,1769.5822545581846,-18.487537914282825,-17.36184081002441,1769.6243986642312,-18.529682020329233
1493,2517,2092,1771.273749564597,-21.13012718020275,-17.144391743941075,1771.31474527007,-21.171122885675572
1492,2517,2081,1772.4583318403397,-17.544714551992,-16.17202392990695,1772.494858177798,-17.581240889450328
1494,2517,2091,1768.3985115001374,-22.070620014003566,-18.333551363733495,1768.4454419791123,-22.117550492978353
1498,2518,2090,1769.9553525498009,-15.22325281511337,-16.393020365453392,1769.99298540219,-15.260885667502635
1499,2518,2079,1770.6543935343766,-13.105950600681012,-16.1251025007043,1770.6908353158497,-13.142392382153957
1496,2518,2080,1771.4457886952364,-12.848488422295418,-15.421703756322856,1771.4791106237426,-12.881810350801402
1497,2518,2091,1770.7462475079396,-14.967202278332707,-15.689832667417699,1770.7807107778294,-15.00166554822249
1501,2519,2090,1771.8163347204415,-9.596799752498669,-12.956832412077208,1771.8398942870986,-9.62035931915591
1500,2519,2079,1772.0702752372727,-8.824714586213759,-13.64139606021553,1772.09639763051,-8.85083697945106
1502,2519,2089,1773.8429507902706,-8.92622215954134,-13.21510716795403,1773.8674403121286,-8.950711681399184
1503,2519,2078,1774.0969011351212,-8.154576908071022,-13.899251997851007,1774.123999761653,-8.181675534602846
1507,2520,2077,1780.3392321626613,-3.963244482473101,-10.899257892362838,1780.3558763017645,-3.9798886215763787
1504,2520,2078,1774.8897081542877,-5.761001332735759,-11.00713571152177,1774.9067182111392,-5.778011389587164
1505,2520,2089,1775.0026426272689,-5.424427428753461,-9.164480393143352,1775.014435745052,-5.4362205465365605
1506,2520,2088,1780.4514815172029,-3.6270930089310696,-9.057823836948115,1780.462978158262,-3.6385896499901946
1508,2521,2076,1788.8677461105858,-3.1741758758747665,-4.399470447462434,1788.8704462861253,-3.1768760514144105
1509,2521,2087,1789.3234967949468,-1.7980643541021664,0.0765085893951865,1789.3234976119718,-1.7980651711270639
1510,2521,92,1802.5430198950512,2.561180964764276,0.5207912455397229,1802.543057565364,2.5611432944516537
1511,2521,93,1802.0893981751744,1.186569692410444,-3.952211641700398,1802.0915665262103,1.184401341374496
1515,2522,2076,1789.651699082868,-0.7951931224129112,-7.443795993303429,1789.6594359584483,-0.8029299979932603
1514,2522,2087,1790.0121804336056,0.2937060466631465,-4.3081190756427095,1790.0147730010053,0.2911134792635721
1513,2522,2088,1780.7395399667062,-2.76373445395177,-4.661206676627783,1780.7425854910532,-2.7667799782987004
1512,2522,2077,1780.37758768799,-3.8537470092539934,-7.798961973412515,1780.3861100578415,-3.8622693791054417
1517,2523,2078,1777.7689389127786,-4.838833512724932,-5.686860801071932,1777.7734744454947,-4.843369045440909
1519,2523,2066,1783.9060062400451,-2.9995212218290135,-7.719883591610645,1783.9143441632968,-3.0078591450806016
1518,2523,2077,1783.976608566591,-2.79066601955833,-5.621825205797125,1783.9810306366721,-2.7950880896393073
1516,2523,2067,1777.6975276749624,-5.048076302651339,-7.786291822194792,1777.7060294560192,-5.056578083708132
1520,2524,2068,1773.9999994372959,-7.721235677797154,-9.459596191475498,1774.012555179428,-7.733791419929275
1523,2524,2067,1777.1573424965272,-6.678666589273462,-9.645200042599857,1777.1703802986922,-6.691704391438407
1522,2524,2078,1776.975746472103,-7.232591471361388,-8.579014527471152,1776.9860590380886,-7.242904037346648
1521,2524,2079,1773.8185882644716,-8.275423879159916,-8.392728444894937,1773.8284695473487,-8.285305162037048
1527,2525,2068,1772.892388241356,-11.070904460338625,-11.070849383912892,1772.9095638366412,-11.088080055623891
1525,2525,2080,1771.8249162559619,-12.749854169402965,-10.382145772156209,1771.8400162171101,-12.764954130551473
1524,2525,2069,1772.3152443734002,-11.263097691945177,-10.57658206916551,1772.3309239628848,-11.278777281429598
1526,2525,2079,1772.4023411119915,-12.55670872678104,-10.876507438195127,1772.418909743634,-12.573277358423411
1529,2526,2081,1771.3597609494705,-17.931919772904962,-11.490084213992363,1771.3782068903497,-17.950365713784322
1528,2526,2070,1772.1878082251328,-15.42496605641827,-11.016788635186845,1772.2047817667708,-15.441939598056251
1530,2526,2080,1769.9609510635319,-18.38913454755209,-12.32241338747466,1769.982177342253,-18.41036082627329
1531,2526,2069,1770.7884298769982,-15.883839976707577,-11.849443267911923,1770.8080764238468,-15.90348652355624
1535,2527,2065,1793.3046546170854,-0.25858237340412416,-5.511362250908298,1793.3088885132663,-0.2628162695850733
1534,2527,2076,1793.5438187489842,0.46204441940028573,-2.288873717034023,1793.5445491870537,0.4613139813309317
1533,2527,2077,1784.0152386812194,-2.681128422501274,-2.5215327258503026,1784.0161283293205,-2.6820180706023393
1532,2527,2066,1783.7745443879512,-3.4026801314805653,-5.7461646701098505,1783.779163169266,-3.4072989127953406
1537,2528,2082,1771.9529378452776,-23.43685499117828,-11.640631286359417,1771.9718060143591,-23.455723160259822
1539,2528,2070,1770.416340449158,-20.788787719788616,-11.90158476999796,1770.4361101218842,-20.808557392514786
1538,2528,2081,1769.2485582091258,-24.323119646717146,-12.814962337456214,1769.2714484518026,-24.346009889394054
1536,2528,2071,1773.121429299447,-19.90024312577043,-10.726681801933616,1773.1374721441541,-19.916285970477475
1540,2529,2072,1774.6226389815386,-24.355292388569637,-9.71447502081473,1774.6357534193717,-24.368406826402747
1543,2529,2071,1771.2892430795291,-25.450056862112547,-11.212198585810507,1771.3067347898307,-25.46754857241399
1542,2529,2082,1769.801570643978,-29.952897839601178,-12.337151031406194,1769.822712903972,-29.974040099595186
1541,2529,2083,1773.1341905825989,-28.86104510049688,-10.840078273077301,1773.1504928224144,-28.877347340312554
1547,2530,2073,1774.8004810598961,-32.8181312614463,-7.829019731338687,1774.8089581332806,-32.82660833483067
1546,2530,2084,1772.8111879650246,-38.843070647923696,-8.77025554038581,1772.8218021497173,-38.853684832616295
1545,2530,2085,1775.6009814138788,-37.93305192164689,-6.763507972014663,1775.6072874550368,-37.939357962804934
1544,2530,2074,1777.5912407956134,-31.904234221146226,-5.8219016561615415,1777.5959236549581,-31.908917080490937
1548,2531,2073,1776.238999967289,-28.458247081773266,-8.043234819079984,1776.2479617620174,-28.467208876501786
1551,2531,2072,1772.907817339679,-29.551268474235485,-9.823891681525433,1772.9212029598896,-29.56465409444604
1549,2531,2084,1774.4712592939418,-33.81118788300989,-9.167578494068685,1774.4828786009177,-33.82280718998595
1550,2531,2083,1771.140918254855,-34.90081938183482,-10.94766844725338,1771.1575084505569,-34.91740957753677
1553,2532,2086,1776.2543844783934,-40.93242659849295,-3.816490601897251,1776.2563883428784,-40.93443046297796
1555,2532,2074,1776.5578949370417,-35.03670101945136,-5.359982703180122,1776.5618595867168,-35.04066566912638
1554,2532,2085,1774.4153047499663,-41.52790182887202,-5.980719646573706,1774.4202290381222,-41.53282611702798
1552,2532,2075,1778.398117483698,-34.437044554159456,-3.195658271931702,1778.3995258058762,-34.438452876337806
1559,2533,94,1805.3136682464926,1.4178542090240853,-3.302188075121325,1805.3151794807977,1.4163429747189866
1557,2533,2076,1792.7600661256508,-1.9168493221243352,0.7554370475198995,1792.7601456225652,-1.916928819038617
1556,2533,2065,1792.4591791830812,-2.823073141367331,-3.5966766618531465,1792.4609805808855,-2.824874539171674
1558,2533,93,1805.612303577932,2.3228097588404353,1.0470448056097161,1805.6124555644456,2.322657772326693
1562,2534,2086,1775.6416010753455,-42.790629911139604,-2.7933659115938823,1775.6426738247696,-42.7917026605636
1563,2534,2075,1777.8604534604594,-36.06710344156022,-2.5789230908920557,1777.8613700958733,-36.06802007697411
1560,2534,110,1778.494263220726,-35.86583793759837,-0.33511317784591405,1778.494278694617,-35.8658534114893
1561,2534,111,1776.274041785292,-42.59378168133742,-0.5493470804512469,1776.2740832646953,-42.59382316074084
1564,2535,2058,1772.8553673371698,-10.31583846122146,-6.282252107005261,1772.8609005368062,-10.321371660858063
1565,2535,2069,1772.5652585134742,-11.197406086488058,-5.791540591406321,1772.5699595107944,-11.202107083808073
1566,2535,2068,1774.0187878190911,-10.716712060393093,-6.085147771397317,1774.02397471034,-10.72189895164206
1567,2535,2057,1774.3087920605353,-9.83569460313845,-6.575554581148391,1774.314850674558,-9.84175321716134
1568,2536,2059,1771.9759695480036,-14.189312438953493,-6.420007034697539,1771.9817383810482,-14.195081271998106
1569,2536,2070,1771.4864209722643,-15.672004029679215,-6.571828292411927,1771.492462515714,-15.678045573128884
1570,2536,2069,1771.0383179764767,-15.818150468835256,-7.06445879329731,1771.0453004039837,-15.825132896342211
1571,2536,2058,1771.5275352557856,-14.336429486786301,-6.912749853617475,1771.5342247254885,-14.343118956489207
1573,2537,2071,1771.4728149253567,-20.45822083121311,-6.762227119162859,1771.4791945727734,-20.464600478629677
1572,2537,2060,1772.1637160789992,-18.367559410456238,-6.168328400815708,1772.169028491423,-18.37287182288003
1574,2537,2070,1769.7148107226149,-21.035917944774155,-7.456709114456879,1769.7225731471817,-21.043680369340905
1575,2537,2059,1770.4052985368148,-18.94661906571241,-6.863184954166713,1770.4118795695915,-18.953200098489106
1576,2538,2057,1775.2346458940679,-7.03365528002405,-5.783121001961422,1775.2393371631194,-7.038346549075641
1577,2538,2068,1775.126615985125,-7.3669350814566315,-4.473846145333722,1775.1294231857175,-7.369742282049174
1578,2538,2067,1779.0002640476039,-6.088242416889557,-4.586446519530442,1779.0032100439628,-6.091188413248574
1579,2538,2056,1779.1086378149653,-5.755043187920137,-5.8948796286684875,1779.113505064975,-5.759910437929989
1583,2539,2055,1786.1788033034381,-2.3673657950586176,-4.9502278880772455,1786.1822285308153,-2.3707910224356965
1582,2539,2066,1786.2180853036975,-2.2541909722418723,-2.693137581135854,1786.2190991558573,-2.255204824401517
1581,2539,2067,1779.540614940103,-4.457625073933741,-2.7275223363898844,1779.5416574542687,-4.458667588099502
1580,2539,2056,1779.5004150096156,-4.57116840832839,-4.986095033073377,1779.5038987676894,-4.574652166402416
1587,2540,2054,1795.6168772643516,0.12225234617528713,-3.8574747854758593,1795.6189491300013,0.12018048052573249
1586,2540,2065,1795.7536145997674,0.532295560032594,-0.5878127694515309,1795.7536627169325,0.5322474428676287
1584,2540,2055,1785.9483785104023,-3.0681134031915462,-3.9912361860362062,1785.9506045863695,-3.0703394791588607
1585,2540,2066,1786.086753523713,-2.657291839967911,-0.719420692776265,1786.086825860238,-2.6573641764928198
1591,2541,95,1807.3211423271125,1.606613941066371,-2.7671048649549177,1807.322202415061,1.6055538531180673
1590,2541,94,1807.4903349091853,2.1193187352259883,1.4913121351909429,1807.4906428807167,2.119010763694746
1589,2541,2065,1794.9081642721862,-2.032200598649297,1.3268674103607756,1794.9084092131034,-2.032445539566538
1588,2541,2054,1794.736779895233,-2.545927074565043,-2.9343589473549043,1794.7379776000598,-2.547124779391993
1594,2542,2074,1772.7374602513648,-36.3037815905584,-3.5569501681705833,1772.7392086750572,-36.305530014250735
1593,2542,2075,1774.2316821223685,-35.81519331953211,-2.2770725540881744,1774.2323982719658,-35.81590946912968
1592,2542,2064,1775.4992581258,-31.974730929886164,-1.773391858424517,1775.4996931137923,-31.975165917878485
1595,2542,2063,1774.0044357341712,-32.46577327903708,-3.053400270723776,1774.0057259916175,-32.46706353648324
1597,2543,2074,1773.770777002103,-33.171313970337906,-4.018846839116915,1773.7730115936297,-33.17354856186455
1599,2543,2062,1772.7158619025224,-30.341493273659466,-4.453460970610972,1772.7186118544737,-30.344243225610512
1598,2543,2073,1771.5395004639336,-33.90346410470295,-5.205480351234969,1771.5432525859758,-33.90721622674505
1596,2543,2063,1774.9476134492331,-29.60710279702107,-3.2664918746127722,1774.9490916477507,-29.608580995538773
1603,2544,2061,1771.4311673722495,-27.23277436039166,-5.598313959928565,1771.4355235283056,-27.237130516447678
1601,2544,2073,1772.9779942797575,-29.54360267128868,-5.41964824119719,1772.9820680895698,-29.547676481101007
1600,2544,2062,1774.0233000954381,-26.37921965810915,-4.545319895496896,1774.0261688844735,-26.38208844714461
1602,2544,2072,1770.38628141566,-30.39516148109351,-6.472175534167992,1770.3920967966765,-30.400976862109815
1606,2545,2071,1769.6405816250883,-26.00801167161353,-7.247824679087986,1769.6478952426887,-26.01532528921382
1607,2545,2060,1770.5202688288675,-23.34645610606617,-6.417733005979526,1770.526008826797,-23.352196103995425
1604,2545,2061,1772.9812346213607,-22.53589513717725,-5.5321143178083725,1772.9854958193864,-22.540156335202937
1605,2545,2072,1772.101130613545,-25.199137588507483,-6.362691489526351,1772.1067617978365,-25.20476877279907
1609,2546,110,1774.2150719553742,-37.27797105516447,-0.33321797488302585,1774.215087278952,-37.277986378742185
1608,2546,109,1775.5278818542556,-33.29975924037251,-0.15738791374745317,1775.5278852778758,-33.29976266399285
1610,2546,2075,1773.6940391054936,-37.445244024677095,-1.6603441782749677,1773.6944196314748,-37.445624550658295
1611,2546,2064,1775.0060711968908,-33.46962548645047,-1.484407830921011,1775.0063757995795,-33.469930089138984
1614,2547,2058,1771.65231806184,-14.303388618718941,-2.2831721234246225,1771.6530477653814,-14.304118322260365
1612,2547,102,1771.7967902746725,-13.817284288221117,-2.125442246424118,1771.7974227606064,-13.817916774155037
1613,2547,2059,1771.6343330679915,-14.309611317727672,-2.119516200916899,1771.6349619157443,-14.310240165480309
1615,2547,101,1771.8146691399747,-13.811384262671368,-2.289097844509269,1771.815402771574,-13.8121178942705
1616,2548,103,1771.5865491534573,-17.946965243068462,-1.8958662511354942,1771.5870512826164,-17.94746737222738
1617,2548,2060,1771.3569267238095,-18.64052046733218,-2.3324140723785223,1771.3576865228115,-18.641280266334206
1618,2548,2059,1770.0636430467214,-19.06690004898553,-2.562728106791185,1770.0645607511346,-19.06781775339857
1619,2548,102,1770.293143706387,-18.373789040601764,-2.1264607264075237,1770.293775718074,-18.374421052288653
1623,2549,103,1770.0058193562527,-22.73705553762818,-1.8969019302815666,1770.006321134279,-22.737557315654612
1622,2549,2060,1769.7134544300259,-23.61944744042887,-2.5818560989182,1769.7143837022004,-23.620376712603502
1621,2549,2061,1771.7454827491324,-22.94939445039904,-2.2885634657844207,1771.7462123328453,-22.950124034111923
1620,2549,104,1772.0379039754366,-22.066467613297505,-1.6031788994502243,1772.0382621182112,-22.066825756072035
1627,2550,100,1774.9576208492417,-9.368710366381265,-2.38576151422399,1774.9584183288507,-9.369507845990142
1624,2550,101,1773.0758238303983,-9.989703382599487,-2.288271274727519,1773.0765579850313,-9.990437537232538
1626,2550,2057,1774.8619356497604,-9.661617379716972,-1.750537582512217,1774.8623649493745,-9.66204667933107
1625,2550,2058,1772.9802073113328,-10.282758653963697,-1.6526386773508408,1772.9805902069102,-10.283141549541142
1628,2551,105,1772.770938583719,-25.86314695116323,-1.2550747507734061,1772.7711575293692,-25.863365896813434
1631,2551,104,1770.5423011807584,-26.59859729414029,-1.6040580119086727,1770.542659110623,-26.59895522400484
1630,2551,2061,1770.1954149156222,-27.646264832591214,-2.3547952415964253,1770.196185987168,-27.647035904136942
1629,2551,2062,1772.4240616699678,-26.91142396267867,-2.0062676523035656,1772.4246209192954,-26.911983212006135
1635,2552,99,1780.0445620359665,-5.354830653393719,-2.4225228049891543,1780.0453837868395,-5.355652404266834
1633,2552,2057,1775.7878220123712,-6.859580766599493,-0.9580893174789947,1775.787950744373,-6.859709498601205
1632,2552,100,1775.822408650893,-6.748141270467954,-2.3852554525927814,1775.8232065773802,-6.748939196955007
1634,2552,2056,1780.0095688977005,-5.466338854751143,-0.9962865733529438,1780.0097078784136,-5.466477835464275
1637,2553,2063,1773.0734007015838,-30.22865965572487,-1.5216565810274805,1773.0737217013748,-30.228980655515898
1636,2553,106,1773.463399897028,-29.048617880979464,-0.862529042596014,1773.4635030802938,-29.04872106424523
1638,2553,2062,1771.1166256034203,-30.87370418717751,-1.9144313891509492,1771.1171340754204,-30.874212659177715
1639,2553,105,1771.506642271455,-29.694347897418538,-1.255682191918618,1771.5068611167676,-29.69456674273124
1643,2554,98,1787.2895862378466,-2.04074487876494,-2.410663283549907,1787.2903981749619,-2.041556815880199
1642,2554,2055,1787.3035272836034,-2.004757543469509,-0.07732593031977847,1787.3035281190241,-2.00475837888996
1641,2554,2056,1780.4014061180017,-4.282437011480511,-0.08749343871662847,1780.4014071903348,-4.282438083813645
1640,2554,99,1780.386459881374,-4.3187765764008645,-2.4223577145273674,1780.3872818398233,-4.319598534850002
1645,2555,2064,1773.454986397129,-32.65090027119686,-0.8850463332527418,1773.4550948219687,-32.65100869603657
1644,2555,107,1773.874596667049,-31.37997650192517,-0.4390848557179985,1773.8746233662623,-31.380003201138493
1646,2555,2063,1772.1302306494038,-33.08732518303793,-1.3085754740089461,1772.1304677911185,-33.087562324752525
1647,2555,106,1772.5497788969524,-31.81716636605711,-0.8628387793901071,1772.5498820481876,-31.81726951729229
1648,2556,98,1787.0259966850963,-2.8395010992206835,-2.410752320037855,1787.026808439404,-2.8403128535285305
1651,2556,97,1796.7539838132914,0.37073465308367304,-2.3666803609354883,1796.7547633203235,0.3699551460515522
1650,2556,2054,1796.7995266453854,0.5041237399860847,0.9235750033081076,1796.7996453606493,0.5040050247222325
1649,2556,2055,1787.073127682616,-2.7055104760208906,0.8816628847400017,1787.0732362616013,-2.705619055006423
1655,2557,107,1773.3959556996645,-32.830403675817365,-0.43916901249689205,1773.395982394743,-32.830430370896124
1654,2557,2064,1772.9618049646053,-34.145793027480636,-0.5960654943339511,1772.961854116917,-34.14584217979245
1652,2557,108,1773.8625060120376,-32.67644207273429,0.0,1773.8625060120376,-32.67644207273429
1653,2557,109,1773.428150614733,-33.992670549414925,-0.15692339383882142,1773.428154020823,-33.99267395550487
1658,2558,95,1808.358806384432,1.9408490359758162,1.8989514400609497,1808.3593054405283,1.9403499798796702
1659,2558,96,1808.3040401418289,1.7748907250576167,-2.31180749278246,1808.3047797440236,1.7741511228626905
1656,2558,97,1795.8624681243377,-2.3308280407145503,-2.366837997912717,1795.8632469504648,-2.331606866841639
1657,2558,2054,1795.9194609204064,-2.164038350070882,1.8466816139164821,1795.9199350685876,-2.1645124982520656
1663,2559,2440,5368.546835037059,47.63383689476518,-34.06799159618347,5368.601365911617,47.579306020207696
1660,2559,2441,5350.434584907004,40.40069213750962,-29.245322435805583,5350.474852182874,40.36042486163933
1661,2559,2446,5344.15725719802,23.88443821592,-21.291381344087323,5344.178558789119,23.86313662482098
1662,2559,2444,5363.489917411338,32.14397923986803,-26.68072881762433,5363.523298139273,32.110598511933404
1664,2560,2446,5349.957508973554,22.131979721429843,-13.129504294482778,5349.9655978092505,22.123890885733545
1665,2560,2445,5352.40451465882,24.89705353760428,-11.826289363155825,5352.411077810013,24.89049038641133
1666,2560,2443,5353.75211704069,24.899962492050918,-11.408769974656538,5353.758223415919,24.893856116821553
1667,2560,2444,5352.711606634809,22.57037277432937,-12.190808211352879,5352.718577163542,22.56340224559608
1670,2561,2446,5334.030900842115,-7.768658842177274,-23.849220621675194,5334.057520265193,-7.7952782652546375
1669,2561,2445,5337.052873583927,34.68715826580137,-14.90114685480105,5337.0633426722125,34.67668917751598
1668,2561,2442,5353.6443672591,80.20923368867898,-21.404586249361643,5353.6660871823515,80.18751376542787
1671,2561,2441,5366.6340250411,87.90170455699649,-34.78489358316494,5366.691329314788,87.84440028330846
1675,2562,2443,5349.615738962261,17.605295821074606,-3.620578402481035,5349.616353579702,17.604681203633845
1674,2562,2435,5343.7204748788645,-1.1292607753807715,-5.626175892090222,5343.721955455867,-1.1307413523827563
1673,2562,2434,5348.842946861471,3.4377506634616566,-1.5046258286060117,5348.843052742071,3.437644782861753
1672,2562,2445,5352.868561502035,15.503293957785218,0.012667432672200949,5352.868561509551,15.503293950268926
1679,2563,2445,5357.964369179774,31.742875791667075,-8.735520553086541,5357.967950952899,31.73929401854184
1678,2563,2434,5344.864591317538,-7.8746230936155825,-9.754765065113785,5344.869035554341,-7.879067330419275
1676,2563,146,5360.8648665551345,34.61924854732729,2.497312337166831,5360.865159283307,34.61895581915587
1677,2563,147,5346.975152169097,-7.4707950467272894,1.572594247582812,5346.975267636348,-7.470910513978197
1683,2564,2442,5359.359693683544,96.5680043692605,-23.029100575348792,5359.3848864408255,96.54281161197923
1682,2564,2445,5333.647396908911,22.541009133959733,-16.11288904375557,5333.65961774281,22.528788300061024
1681,2564,146,5326.653596433899,23.32952940731957,1.7580500164276294,5326.653742132132,23.32938370908687
1680,2564,145,5348.5708192009,89.74535597398699,-1.6040585775057854,5348.5709415192705,89.74523365561572
1686,2565,2045,5369.872503680119,18.040369863508886,-17.8962781694007,5369.887464719113,18.02540882451467
1685,2565,2444,5357.519051327103,13.827403003159134,-16.744549739735987,5357.532168628595,13.81428570166645
1684,2565,2440,5358.560477425189,17.093182664520327,-21.64769469465811,5358.582410572743,17.07124951696551
1687,2565,2046,5372.015550750678,21.648827385020013,-22.847615334809134,5372.039942122976,21.624436012721617
1689,2566,2443,5352.0922241063445,8.296775449965253,-2.9466200139286856,5352.092630304941,8.29636925136856
1691,2566,2045,5354.045648474389,10.81186152424516,-4.03892360942525,5354.046411724803,10.811098273831249
1690,2566,2044,5353.360869037718,8.764545302370607,-3.5374119625273384,5353.361454361719,8.763959978369257
1688,2566,2444,5352.527112293579,10.209713436688617,-3.3274627291550116,5352.527630421122,10.209195309146253
1695,2567,2044,5342.1477257348615,4.295615431065698,5.614862856127547,5342.1492022967595,4.294138869167909
1693,2567,2435,5344.142357513446,4.251942611314689,5.133946312403153,5344.14359149938,4.250708625380867
1692,2567,2443,5344.292845296447,4.981845612512416,5.846411416906662,5344.294445714377,4.980245194582949
1694,2567,2043,5342.183448994819,3.51574831666062,4.810641041878113,5342.184532704456,3.5146646070238603
1698,2568,2440,5376.145912004763,55.05665920995716,-50.5271407487683,5376.265856168662,54.93671504605845
1699,2568,2447,5380.966944429461,66.48952208770288,-65.27764428231525,5381.16738794413,66.2890785730342
1696,2568,2448,5343.821737873799,53.373335832051,-60.88436321351671,5343.996901804747,53.19817190110416
1697,2568,2441,5343.567670699293,43.479451755745686,-46.56668924021771,5343.6699527090805,43.37716974595742
1702,2569,2441,5357.6044467543925,89.07097214637201,-50.264230200459075,5357.72432998954,88.9510889112239
1703,2569,2448,5355.669276517476,107.28190912504465,-88.24871993158322,5356.040213609536,106.91097203298477
1701,2569,2442,5315.103332105455,74.36334449382662,-46.26674333738132,5315.205444108562,74.26123249071952
1700,2569,2439,5308.542675369784,80.14896011072824,-61.934499533381576,5308.726084839556,79.96555064095583
1707,2570,2438,5398.410060429619,147.35589804988626,-105.90868531251307,5398.944025077708,146.82193340179765
1706,2570,2447,5363.280400594471,64.96381557214136,-80.25768077773878,5363.5843143832235,64.6599017833887
1705,2570,2448,5279.665916223765,28.42489646190802,-44.99602445959444,5279.762303203897,28.32850948177611
1704,2570,2439,5347.176302289562,123.00080728879857,-83.9847062868926,5347.513818478869,122.66329109949129
1710,2571,2047,5410.704209490423,50.64505337297646,-69.2360707189063,5410.927781349029,50.4214815143705
1708,2571,2438,5360.352792913993,51.66141194705801,-83.6897391373255,5360.68260759069,51.33159727036082
1709,2571,2447,5344.261434250149,27.246100774664683,-60.40885791697091,5344.433011353616,27.074523671197312
1711,2571,2048,5420.960355040363,73.8489970067983,-92.69306761473986,5421.362037313929,73.4473147332319
1715,2572,2047,5392.834625545742,41.00890373914922,-50.76174745630656,5392.954990874674,40.888538410216825
1714,2572,2046,5386.900730681956,28.640986451083336,-41.174250401070964,5386.979827905287,28.561889227753
1713,2572,2440,5363.900269704481,20.680681261628024,-37.61877232641929,5363.966482334875,20.61446863123365
1712,2572,2447,5368.352187808527,32.22173971985217,-46.713266999275966,5368.4544195441285,32.119507984249594
1717,2573,145,5235.801132306565,52.53135929885639,0.5773318736964046,5235.801148382908,52.53134322251299
1719,2573,2439,5349.826646233568,226.836300759614,-65.80273404125252,5350.037939879237,226.62500711394478
1718,2573,2442,5318.468891318585,86.86394296125127,-46.885578004524604,5318.5739362000695,86.75889807976591
1716,2573,144,5281.225858004804,190.18204323291366,-26.35750358166673,5281.259972489237,190.14792874848035
1720,2574,2450,5364.771755090104,66.04713785848071,-138.18780109103022,5365.672567261868,65.14632568671732
1723,2574,2049,5442.381392128336,92.24735153439997,-144.15330211959957,5443.352227824533,91.27651583820307
1722,2574,2048,5457.310097511299,93.8843804454084,-117.82748522666894,5457.9571485895995,93.23732936710758
1721,2574,2438,5380.325317140436,68.07327312207008,-113.34846286439746,5380.929882394997,67.46870786750969
1727,2575,2050,5523.041732799205,162.72262412822852,-228.46603949735635,5525.475032308054,160.28932461937984
1725,2575,2450,5372.5653179707015,77.58150162773359,-156.8179159368856,5373.7261557293405,76.42066386909437
1724,2575,2449,5375.722826951724,110.12124385209677,-210.97178087770067,5377.835180282971,108.00889052084995
1726,2575,2049,5514.227320402233,129.27509372470354,-175.54428370405637,5515.657584387134,127.84482973980312
1729,2576,2449,5328.714274476953,99.0069400695179,-220.31594634924892,5331.03360116238,96.68761338409058
1728,2576,2436,5345.698792022052,164.51407457693972,-338.50813508278407,5351.22193698014,158.99092961885162
1730,2576,2050,5636.835546943002,208.02274538389906,-254.2698158518707,5639.811230708488,205.0470616184125
1731,2576,2051,5664.447544178747,277.15419202496355,-373.36766722413,5670.908878769611,270.6928574341
1732,2577,143,5192.501626359972,322.4397946112174,-41.89752991374976,5192.591736639577,322.349684331612
1733,2577,144,5132.679915237805,141.1618821198042,-19.147511722477645,5132.698277680554,141.1435196770558
1734,2577,2439,5197.8096014786315,182.56031761198392,-73.60032524956638,5198.079613792261,182.29030529835518
1735,2577,2437,5273.932756536477,386.6215828410027,-107.61527648706895,5274.52508859253,386.0292507849508
1738,2578,2455,4750.589279250653,212.50625802289755,-603.0508389622304,4770.53596333813,192.55957393541985
1739,2578,2452,4870.106169122106,581.1037747143739,-589.6312327251851,4890.2762246631155,560.9337191733639
1736,2578,2453,4822.49739087287,465.35836364326383,-505.03116192236035,4837.082966229205,450.7727882869285
1737,2578,2456,4717.775116601649,141.61994947368908,-519.0131687138531,4732.444304989066,126.950761086272
1740,2579,2456,4657.8016884039525,91.81816539042279,-473.05244078470776,4670.021471840453,79.59838195392194
1741,2579,2451,4968.631878549194,327.664545364541,-337.52737121925634,4974.76069118548,321.53573272825406
1742,2579,2454,5186.263900075746,372.22905007215786,-307.69402094900477,5191.175534332166,367.3174158157385
1743,2579,2455,5049.841939651613,159.82636593109737,-425.931615594301,5059.099320432779,150.56898514993145
1745,2580,2455,4619.735145397104,65.11003820820065,-813.541337274477,4655.7783455989575,29.066838006347552
1747,2580,1549,4307.803514110764,526.9288357370867,-657.2334044281097,4336.152841118439,498.5795087294123
1746,2580,1550,4125.901070310732,-24.29069092967552,-905.916259415477,4174.762341102786,-73.1519617217291
1744,2580,2452,4900.110990641688,625.9727299065087,-549.8278466470773,4917.720985621357,608.36273492684
1749,2581,2454,4926.9118929789365,140.14303854829382,-604.8452391744763,4945.942947656156,121.11198387107424
1748,2581,2455,4883.0989536367115,33.46198921009841,-626.6062599390975,4903.255629360998,13.305313485811439
1751,2581,1550,4920.480461166171,23.24697796602186,-590.1407176535944,4938.195097119069,5.5323420131248895
1750,2581,26,4958.068006586423,137.1487967825833,-575.4284327594139,4975.178169409193,120.03863395981261
1752,2582,2454,5166.115395156355,202.4711576133284,-578.7237885169613,5182.927170150068,185.65938261961492
1753,2582,2436,5018.69980304726,34.525754489514156,-264.04732764718955,5022.194471358019,31.031086178754776
1754,2582,2051,5926.320591856896,350.2505746823981,-349.868766243526,5931.8033024735705,344.7678640657232
1755,2582,26,6004.065282524271,496.0857581513703,-663.4364248768492,6023.971081221671,476.17995945397115
1757,2583,2452,4551.082895838676,558.1573130631439,-598.0760885682022,4573.354220010731,535.8859888910897
1756,2583,2457,4625.854085514617,695.250764032761,-533.7523851317226,4643.891407365797,677.2134421815806
1758,2583,1549,4465.260233840928,544.0661589255626,-614.0522169366827,4489.154510188639,520.1718825778519
1759,2583,1548,4500.753790430036,651.621852857093,-566.3641129261727,4521.476038158966,630.8996051281626
1760,2584,2053,4612.653253626895,653.845769290631,-555.7838495653407,4632.064934745422,634.434088172105
1761,2584,2453,4560.007153335977,530.8866929290259,-582.8699837865493,4580.978125452258,509.9157208127451
1762,2584,2452,4546.517056270372,563.7793357829867,-609.7069142224528,4569.7165289111545,540.5798631422053
1763,2584,2457,4646.774970384836,826.7513596566477,-567.0261880572752,4667.701996552154,805.8243334893291
1767,2585,1547,4610.128605472797,809.9235291386223,-562.6200626891168,4630.839694205541,789.2124404058784
1766,2585,1548,4565.159935496092,673.6549146283471,-555.3191235217531,4584.871152556817,653.9436975676215
1765,2585,2457,4541.601576243134,669.7880991538722,-503.1766175584471,4557.881195979111,653.5084794178958
1764,2585,2053,4602.9769308227305,824.4758805860913,-535.5376148694689,4621.858392988012,805.5944184208092
1770,2586,2437,5111.720306411629,333.3050582648425,-95.34931666018004,5112.195913224146,332.82945145232634
1769,2586,143,4929.383898998131,235.61094458180992,-21.44997873359212,4929.408404826918,235.58643875302414
1768,2586,142,4982.849803423198,397.62883677898117,-71.81493891403876,4983.130982304352,397.3476578978275
1771,2586,2451,5126.152979108879,484.9657577567932,-132.16573802478146,5127.093699750678,484.02503711499367
1772,2587,2463,5346.981133721937,6.691185859415555,-1.5729481919456658,5346.981249547388,6.691070033964934
1774,2587,2461,5306.89675028459,-10.415144207998082,-15.932551859638645,5306.908685151494,-10.427079074902394
1775,2587,2462,5311.561144696181,-5.392141207625627,-4.221481761516308,5311.56198262462,-5.392979136063786
1773,2587,2460,5338.4025568642255,-0.1772629271072219,-15.26574563972668,5338.4134699966235,-0.1881760595047126
1776,2588,2434,5358.265730933661,-3.1044717181869146,-7.808413081843332,5358.268574016689,-3.1073148012146703
1777,2588,2459,5350.282318962791,-13.828457300929813,-15.163397383022271,5350.293035005508,-13.839173343646507
1778,2588,2460,5332.0125590490625,-18.578934575310086,-17.023590915390884,5332.02609969754,-18.592475223787915
1779,2588,2463,5344.110601280494,0.5412663864246952,-3.7074574540358936,5344.111244354358,0.5406233125604558
1781,2589,2463,5341.756806568983,4.423578353365883,-3.5997429456594,5341.757413526955,4.422971395394143
1780,2589,2434,5338.753561540319,0.559541094562519,-1.9168110596079355,5338.75373360996,0.5593690249215797
1782,2589,2462,5338.6716128333355,3.862260514770469,-2.1746733540481347,5338.671834453438,3.8620388946669664
1783,2589,2435,5337.180785184732,0.7078428652969251,-1.2290607544690113,5337.180855951994,0.7077720980346385
1784,2590,147,5372.111075934929,0.8240597959975275,1.4908585530933927,5372.111179385889,0.8239563450379137
1785,2590,148,5362.3530826856295,-28.745616717032817,-4.104683434960838,5362.353863993142,-28.74639802454567
1786,2590,2459,5341.56845411509,-42.85291585231994,-16.37841338612739,5341.580909111928,-42.86537084915744
1787,2590,2434,5359.519371153033,-3.1372919576924687,-5.978107784854336,5359.521037200471,-3.1389580051309167
1791,2591,2043,5330.996599627507,2.2040108054679877,10.249700170439645,5331.001528335777,2.1990820971977882
1790,2591,2042,5331.636347344494,4.410936509137628,10.086955046209987,5331.6411221833205,4.406161670311121
1789,2591,2462,5331.293002816271,4.166630606540366,9.311716786935722,5331.29707198965,4.1625614331615
1788,2591,2435,5330.556904981138,1.7315515352677266,9.4033449698157,5330.561053307549,1.727403208857595
1793,2592,2461,5323.715251269713,23.78076418768228,6.436710562420269,5323.717205597059,23.778809860336878
1792,2592,2462,5316.263084058651,-0.9104700455538932,8.302092413405772,5316.266324722875,-0.9137107097776607
1794,2592,2041,5315.368145297527,16.57094574907137,13.968164237040044,5315.377350654226,16.56174039237203
1795,2592,2042,5310.577451448894,-1.7037298009299775,14.528109943551625,5310.587384356089,-1.7136627081254119
1796,2593,2459,5369.360879682319,-9.378217074823851,-12.073075636227678,5369.367654456532,-9.384991849036851
1799,2593,2460,5345.11650825809,-15.125750831694177,-15.792591347821624,5345.128140446906,-15.137383020510697
1798,2593,2464,5334.723591475607,-35.23768637583521,-26.95940251090977,5334.75742806988,-35.27152297010889
1797,2593,2465,5360.416977153156,-27.420895856922698,-22.08153770691883,5360.439601825217,-27.44352052898421
1803,2594,2464,5362.872566740128,-26.24890432371808,-25.00624925545205,5362.901574674878,-26.27791225846886
1802,2594,2458,5354.216063546697,-49.10320115392096,-33.26240421244671,5354.267253241321,-49.15439084854461
1801,2594,149,5372.871849960518,-44.016386029029036,-27.574149790652786,5372.906940624112,-44.0514766926226
1800,2594,2465,5402.595962938848,-14.759060055951977,-12.713863488515427,5402.60342239561,-14.76651951271333
1806,2595,2465,5342.276185140363,-65.64025651261068,-40.78408292467465,5342.3530778673485,-65.71714923959689
1807,2595,2459,5363.275873850844,-31.801930888918605,-8.897597584227777,5363.279542342374,-31.80559938044962
1804,2595,148,5409.5615842411335,-13.166811203716634,-0.0900777436662199,5409.561584615207,-13.166811577790668
1805,2595,149,5404.532631076186,-28.406063218709733,-15.566640143021129,5404.543781569577,-28.417213712099965
1809,2596,2464,5340.1996261341865,-17.764174133007828,-26.949073544821683,5340.233512513362,-17.798060512183838
1810,2596,2466,5299.770060433068,-33.25331367003673,-35.70453243710675,5299.829820125752,-33.3130733627213
1811,2596,2461,5317.410175166933,-6.489401920756109,-19.53629312997169,5317.428097437014,-6.507324190837153
1808,2596,2460,5351.873877763849,4.033433011710031,-13.72740582028379,5351.882686990773,4.02462378478549
1814,2597,2040,5208.082258952755,-16.32623710966186,-22.463870508877562,5208.106406334522,-16.35038449142894
1812,2597,2461,5342.115186204658,31.081919742433,3.067481203231804,5342.115629124128,31.08147682296294
1813,2597,2466,5298.043941713136,8.390489546590743,-57.24734058306022,5298.198827192658,8.235604067067925
1815,2597,2041,5246.440987584509,0.5628605961353514,9.120339384102477,5246.444951674295,0.5588965063489013
1819,2598,2466,5227.427399990441,-52.521733833885264,-22.834904311292497,5227.452089168473,-52.54642301191825
1816,2598,2464,5369.109361311674,-7.6568643852342575,-23.959906513454435,5369.136053669408,-7.683556742968904
1817,2598,2458,5368.408262432821,1.4579053483566895,-49.91175499694672,5368.52430270056,1.3418650806183905
1818,2598,2040,5301.479799320693,-18.119110529479713,-53.87435119308038,5301.616199232882,-18.255510441667866
1820,2599,2458,5505.58222913405,93.45178051093694,19.38399625003833,5505.599585427899,93.43442421708824
1821,2599,2467,5560.673155418008,3.544681789323022,-157.263654712874,5561.7855513034265,2.432285903903903
1822,2599,2039,4999.438802883502,-231.1955008958787,-281.6756773548142,5003.228197465666,-234.98489547804274
1823,2599,2040,5001.373535021656,-102.94481172471296,-68.1547167455951,5001.601031529539,-103.1723082325957
1827,2600,2038,4955.27105968683,-276.77298584268055,238.074790112874,4957.977950920625,-279.4798770764746
1826,2600,2037,5037.122918255657,-78.67497178159488,46.3067280095604,5037.227704898136,-78.7797584240734
1825,2600,2433,5455.689031104177,65.77047049112457,-7.982427382893223,5455.691986580743,65.7675150145592
1824,2600,2467,5467.683964096252,-58.99540214899366,127.94327277530186,5468.424340339195,-59.73577839193695
1830,2601,2467,5494.534159538326,113.47274975050891,56.10331349076468,5494.680389808332,113.32651948050352
1829,2601,150,5387.384553607948,77.79621682702737,7.764978821026128,5387.387392569277,77.7933778656984
1828,2601,149,5343.923125530402,-53.90508037765744,-25.021822542406255,5343.952122759292,-53.93407760654736
1831,2601,2458,5465.742944681122,-23.610014061048787,28.780475026603966,5465.78066816405,-23.6477375439772
3404,2602,2467,6996.4167012495145,402.5206983193593,8.89562856054451,6996.419701454986,402.51769811388704
3403,2602,2039,6996.4167012495145,402.5206983193593,8.89562856054451,6996.419701454986,402.51769811388704
3405,2602,2038,6996.4167012495145,402.5206983193593,8.89562856054451,6996.419701454986,402.51769811388704
1835,2603,2467,5455.455718753455,99.96447724208952,-37.09076294698415,5455.519938268405,99.90025772713943
1834,2603,2433,5421.258959209792,-26.361999729302397,-23.042366979234902,5421.283325272758,-26.386365792267952
1833,2603,151,5349.933839225266,-51.49834717548015,28.206928749542378,5349.97066396812,-51.53517191833453
1832,2603,150,5393.238545009749,79.72803398962174,7.769825037948172,5393.241385417645,79.7251935817253
1839,2604,2035,5326.42964411874,0.9637398459394717,1.9042019319604682,5326.429814337878,0.9635696268010179
1838,2604,2034,5326.357677787136,0.7037592968756599,0.4345402869110202,5326.357686651083,0.7037504329282456
1837,2604,2471,5330.7267840374025,2.152893000305994,0.5685153382634627,5330.726799201389,2.152877836319476
1836,2604,2472,5330.817335184372,2.418695594564724,2.0366205736468452,5330.817529793648,2.418500985289029
1843,2605,2472,5327.731164114401,-6.942381227321675,3.5789819972715318,5327.731764390621,-6.942981503542342
1841,2605,154,5334.581904292034,1.4243366694613542,-0.2708829820884493,5334.581907731722,1.4243332297728557
1840,2605,153,5332.272848320885,-5.572802637051382,1.2662653170244875,5332.272923418028,-5.5728777341946625
1842,2605,2471,5330.047468568173,0.08576389622885472,2.036489898645363,5330.047663095413,0.08556936898912681
1844,2606,152,5344.405588374199,-19.870234746297456,8.34820929676911,5344.40883636883,-19.873482740927557
1847,2606,2469,5323.499112771752,-26.63634286264687,15.246588533746419,5323.509975019629,-26.647205110523828
1846,2606,2472,5330.22584654687,-5.862817784727895,8.247802715891911,5330.229033628893,-5.866004866750245
1845,2606,153,5351.183063391433,0.6675683362295786,1.3974803679921024,5351.183154642049,0.6674770856129726
1851,2607,2036,5311.486631316409,-0.2595377406453281,12.965722735828516,5311.4945434845695,-0.2674499088052471
1850,2607,2035,5310.387304938919,-4.054833485987274,5.226298429826199,5310.388589842771,-4.0561183898385025
1849,2607,2472,5333.325770015651,3.61588060192139,6.731926987093724,5333.327895779708,3.6137548378637803
1848,2607,2469,5334.733126190105,7.459005537791882,14.368145442081477,5334.742814223016,7.449317504881947
1855,2608,2034,5331.6657672643,2.2893234729717733,-1.5123469971606776,5331.665874556092,2.289216181179654
1853,2608,2470,5330.504077640618,1.268731982355348,-0.9641313329734682,5330.504121246743,1.2686883762298748
1852,2608,2471,5330.747901263426,2.006742509362539,-1.2770472900858283,5330.747977775387,2.006665997401342
1854,2608,2033,5331.421651339554,1.553817642687818,-1.2003361832422277,5331.421718921292,1.5537500609498238
1856,2609,154,5330.6009278640795,0.11061444823644706,-0.3046005703264611,5330.600932215532,0.11061009678360278
1857,2609,155,5331.096651139869,1.6128061930535296,-0.48601432760768726,5331.096662220207,1.6127951127164124
1859,2609,2471,5330.074664582196,-0.029384152717057077,0.19146696114603942,5330.074666301656,-0.029385872177044803
1858,2609,2470,5330.569979973015,1.4710798591970615,0.010099893802782773,5330.569979977799,1.4710798544115278
1863,2610,2033,5333.130499308976,2.0744071740246,-1.783014008523005,5333.130648394767,2.074258088233364
1862,2610,2032,5332.902996800212,1.3884387846489972,-1.261341078910963,5332.903071402901,1.388364181959787
1861,2610,2468,5331.364017828357,0.8934944197869754,-1.0446147746633383,5331.364069006766,0.8934432413775539
1860,2610,2470,5331.5921227748,1.583242186470443,-1.5692374953303345,5331.5922382767785,1.5831266844929814
1867,2611,2470,5331.6598828658525,1.7913201798826321,-0.5961652441034782,5331.659899536667,1.7913035090687117
1865,2611,156,5331.17764893028,1.3319235483052125,-0.3591412273576911,5331.177654980287,1.331917498297571
1864,2611,155,5331.291566484026,1.6771282566251102,-0.48444104224194057,5331.291577492473,1.6771172481776375
1866,2611,2468,5331.546333016991,1.4475815619020977,-0.47137290174148794,5331.546343438582,1.4475711403124478
1869,2612,152,5397.779678226826,-2.2567850949308195,8.476892891072891,5397.783004948289,-2.2601118163943283
1868,2612,151,5385.39127780116,-39.79739244543521,28.066834096160672,5385.4275780090065,-39.83369265328247
1870,2612,2469,5336.029466192464,-22.379737467139194,21.628009300050053,5336.051290248044,-22.401561522719476
1871,2612,2433,5325.440371548173,-59.98467037006958,41.163966097860985,5325.519030490726,-60.063329312622955
1875,2613,2037,5250.03309549326,-9.649487597385587,51.95684614355202,5250.161403996969,-9.777796101095191
1874,2613,2036,5247.706178007206,-21.156274758228392,16.813429429818093,5247.719591276771,-21.169688027793654
1873,2613,2469,5347.232837875698,11.826707921928119,21.091037266259484,5347.253681186608,11.805864611018478
1872,2613,2433,5354.333870235405,24.233334498301474,54.21248979614348,5354.4717155736325,24.095489160074067
1878,2614,2031,5333.309422920011,1.0476567451121355,-0.9373444233475344,5333.309464113345,1.047615551778108
1877,2614,2432,5332.223150151015,0.6959579428398683,-0.7667842072039496,5332.2231777208835,0.6959303729709063
1876,2614,2468,5332.399440104483,1.2294940451333787,-1.1375119533065936,5332.399500782225,1.2294333673903566
1879,2614,2032,5333.4847223736615,1.5776613620573698,-1.3056048948904595,5333.484802298353,1.5775814373655521
1883,2615,2468,5332.582128801628,1.7841404435573622,-0.5648121368822014,5332.582143762462,1.7841254827230841
1882,2615,2432,5332.369564722802,1.1402318885930072,-0.4413519515726177,5332.36957385726,1.1402227541357206
1881,2615,157,5332.005420023458,1.027917040581542,-0.22812511213616374,5332.005422463961,1.0279146000789297
1880,2615,156,5332.219163059701,1.675623211013999,-0.3522696581131025,5332.219168879647,1.675617391067135
1887,2616,2031,5333.499954613546,1.1166856273043777,-0.7766342714196941,5333.499982891745,1.1166573491054805
1886,2616,2030,5333.407195871557,0.8359314115277812,-0.5863869853982452,5333.407211991815,0.8359152912698846
1885,2616,2431,5332.845673949349,0.652442770351854,-0.49466246416991444,5332.845685421689,0.6524312980109244
1884,2616,2432,5332.939044423536,0.9351707582218296,-0.686249865399886,5332.939066504299,0.9351486774580735
1891,2617,2432,5333.085488922065,1.3793033688818923,-0.3609812404445012,5333.085495032092,1.379297258855786
1890,2617,2431,5332.949235961377,0.9664930881842793,-0.29122546324457327,5332.949239937959,0.9664891116026411
1889,2617,158,5332.742729261352,0.9009151991565432,-0.1538966799233944,5332.742730371859,0.9009140886500973
1888,2617,157,5332.879867162459,1.3164845964518008,-0.2241011087216511,5332.879869517365,1.3164822415469644
1893,2618,160,5333.182657428906,0.7723436614908223,-0.21345906383430815,5333.182659565125,0.7723415252721679
1895,2618,2030,5333.444608956726,0.8538375671805625,-0.3008771035940858,5333.444613200772,0.8538333231349498
1894,2618,161,5333.446403574822,0.8593798896429234,-0.21161700099510855,5333.446405674261,0.8593777902042348
1892,2618,2431,5333.1808370472345,0.7667569532925427,-0.30336631086862553,5333.1808413619365,0.7667526385898782
1896,2619,158,5333.180514164426,1.0453842171709766,-0.152868797973126,5333.180515260088,1.0453831215090759
1897,2619,159,5333.232922996329,1.204198859299595,-0.11784701226017374,5333.232923647484,1.20419820814368
1898,2619,160,5333.33639996903,1.2383462602913369,-0.06518643904763938,5333.33640016826,1.2383460610603834
1899,2619,2431,5333.28436483123,1.0806367918291926,-0.09996011349078425,5333.284365299705,1.080636323354156
1900,2620,2483,5674.665766184444,147.79183102745333,0.3411364691098592,5674.665771448454,147.79182576344328
1901,2620,2484,5669.20644367907,114.42884889901484,-43.477820842015774,5669.291518730314,114.34377384777054
1902,2620,2486,5538.543457747885,66.66741168921317,-61.555107394449145,5538.716566173056,66.49430326404263
1903,2620,2485,5554.150702851951,109.13579002476877,-8.9241145547069,5554.1543593969,109.13213347981946
1907,2621,2481,5430.145414149459,184.94083352326152,36.995148815142734,5430.210646305512,184.87560136720867
1904,2621,2485,5592.294290211139,218.43735420489907,59.82112145589056,5592.460765415023,218.2708790010147
1905,2621,2486,5524.457577815535,22.598228843515244,-46.66997276375986,5524.556546502319,22.499260156730543
1906,2621,2480,5382.776185473989,70.3613049060175,-25.544818316431478,5382.80689344699,70.3305969330163
1909,2622,2482,5474.139197265747,-13.10740567246421,-12.356499050599803,5474.146153526613,-13.114361933329747
1910,2622,2480,5499.7902145081625,-26.879669840780025,-27.6549961319932,5499.824810116352,-26.914265448969218
1911,2622,2486,5576.960623915988,73.98932252136228,-72.83329473409515,5577.201605389588,73.74834104776346
1908,2622,2484,5506.897775665294,69.12750063683916,-31.299971868584525,5506.94281619086,69.08246011127267
1915,2623,1019,5491.913422964606,529.0436493012996,170.19872672364662,5493.372210704985,527.5848615609207
1914,2623,2485,5326.567930120303,41.17616376808496,-75.39540308524023,5326.836792766118,40.90730112226902
1913,2623,2483,5968.307477287782,238.09415259924185,60.6770999014183,5968.468099896633,237.93352999039053
1912,2623,1018,6114.656861533934,734.548984029178,309.18665558922316,6119.095322176254,730.1105233868589
1919,2624,1020,5372.369467319487,556.4553976244758,-23.05360675167103,5372.397056357204,556.427808586759
1918,2624,2481,5251.541756297145,203.3422094169391,-83.45673879337551,5251.886659036912,202.99730667717267
1917,2624,2485,5376.089430668322,186.82321389785943,6.894122230040761,5376.091720438126,186.82092412805514
1916,2624,1019,5514.7781890687575,603.4502758017352,75.39087974370351,5515.067492189202,603.1609726812903
1921,2625,2049,5486.649651365682,36.92281159622644,-106.80474985349548,5487.172895914776,36.39956704713313
1920,2625,2050,5487.186562948932,41.01352313498364,-126.20050341944713,5487.917554672446,40.28253141146979
1923,2625,2484,5540.122467527219,58.83808969799088,-129.30579129735418,5540.884955885635,58.07560133957486
1922,2625,2482,5531.61243347826,52.524358713103084,-111.72888036130688,5532.18196462439,51.9548275669722
1927,2626,2483,5691.2052983787,125.38377636250425,-190.52412890109625,5692.8352831055345,123.75379163567004
1924,2626,2051,5596.214432290706,93.37918294252654,-184.67661454942905,5597.763445329027,91.83016990420629
1925,2626,2050,5590.414410972326,80.18515811227371,-148.8271062135712,5591.41915453603,79.18041454856893
1926,2626,2484,5682.254996641059,111.4564797849655,-155.51683864545015,5683.340154215923,110.37132221010143
1928,2627,26,5827.723491031299,93.95206892883652,-199.21907210384308,5829.453428668858,92.2221312912784
1929,2627,2051,5848.396990200219,170.112768932393,-153.18069852860785,5849.429875226823,169.07988390578885
1930,2627,2483,5971.320396194325,206.63312326011487,-132.7878315271419,5972.084976692521,205.86854276191934
1931,2627,1018,5950.571066373939,134.49176879190782,-176.37917055049996,5951.907983428533,133.1548517373135
1933,2628,2047,5395.166944861735,9.900924439159553,-50.044399083267535,5395.283205962094,9.784663338800328
1932,2628,2048,5400.959597840253,24.857789423647546,-57.881938081112864,5401.115390168525,24.701997095376555
1934,2628,2477,5414.66344161394,16.067177708457848,-54.10700572558125,5414.799009010139,15.931610312259181
1935,2628,2487,5425.293217084739,34.85044360376742,-64.1126705925021,5425.48384563541,34.659815053096736
1936,2629,2049,5452.2266278859315,11.20342491072688,-83.01659277985881,5452.543266566721,10.886786229937115
1937,2629,2048,5462.461530657564,55.74476178387499,-88.1121440713479,5462.820493168843,55.385799272596614
1938,2629,2487,5424.669398597044,34.855251668605206,-64.62414621026747,5424.86310333683,34.66154692881901
1939,2629,2482,5428.432115786866,-5.359660503166651,-68.33918834352355,5428.646977719063,-5.574522435363633
1940,2630,2487,5425.765348868769,36.69143885477274,-63.95778635369262,5425.955105702362,36.501682021180386
1941,2630,2477,5384.933192717933,-29.36400035687484,-21.89367248219176,5384.955325365913,-29.386133004855765
1942,2630,2478,5437.976727196236,-17.561807924529376,-27.248420726431846,5438.010750959282,-17.5958316875749
1943,2630,2482,5466.402609686871,19.078365382368474,-50.30802537541412,5466.518760449138,18.962214620100895
1947,2631,2480,5378.831468410483,-8.201085145523848,5.196831977537168,5378.8327217469,-8.202338481940387
1944,2631,2482,5409.92481981598,5.457749425090697,12.428750316990635,5409.931965461804,5.450603779267112
1945,2631,2478,5420.844113617737,-5.299283041731769,-3.5294231990857123,5420.844687544091,-5.29985696808626
1946,2631,2479,5379.039668955347,-18.7151565832944,-7.367787319008291,5379.042183161089,-18.71767078903622
1950,2632,2488,5254.592431324677,195.5397212958701,-123.87281481411652,5255.350585861512,194.7815667590353
1948,2632,1020,5346.533141086391,484.630240051147,-52.04690679218534,5346.672428262529,484.49095287500904
1951,2632,1021,5350.363914391838,485.8943952419445,-124.62417305955168,5351.161978642393,485.09633099138955
1949,2632,2481,5254.564969892233,205.56127135508723,-53.04247972785624,5254.704275941454,205.42196530586625
1955,2633,30,5004.002641629475,63.37429713966412,40.92107329302779,5004.087373034321,63.28956573481764
1953,2633,2488,5294.186850466153,320.2239938843934,-182.02471393547557,5295.851615145373,318.5592292051738
1952,2633,1021,5240.461218024568,141.4056273500446,16.875578935156966,5240.475180628991,141.39166474562126
1954,2633,66,5034.853204682942,156.86085184714238,-62.2505180466545,5035.051799153665,156.66225737641935
1959,2634,2488,5120.204832231976,155.81327286730948,-93.63307772660455,5120.646294875618,155.37181022366667
1958,2634,66,5188.732855620283,-129.55801402634802,-77.10865728674108,5189.012336036881,-129.83749444294608
1957,2634,2480,5354.239491211528,-33.94489682573703,9.468821611567913,5354.243651170942,-33.94905678515215
1956,2634,2481,5475.179077265048,297.8241894891853,88.306432729439,5475.555594771028,297.4476719832055
1960,2635,2480,5358.210189205238,24.128000563025353,114.12951518279674,5358.82060611203,23.517583656233
1961,2635,2479,5398.31529230639,38.35882127801665,-10.95546568394618,5398.320890397701,38.35322318670569
1962,2635,65,5082.980120238683,-65.65639489688601,-16.336970702836062,5082.9930797833695,-65.66935444157161
1963,2635,66,5082.649345460672,-66.65874270904442,95.78550624754344,5083.09474848932,-67.10414573769322
1967,2636,2478,5376.440121966637,-17.133748854206942,2.1348836042610277,5376.440333223956,-17.133960111525994
1964,2636,2477,5378.827080586279,-18.94222249187601,-1.9453717760316511,5378.827255865687,-18.94239777128405
1965,2636,2489,5385.637929877547,-0.04523935109887134,-4.4005272637170565,5385.638828771725,-0.04613824527586985
1966,2636,2490,5382.416482558916,0.1857839886658894,0.2623307339944534,5382.416485755426,0.18578079215649268
1968,2637,2478,5367.999801674013,-25.98639607798532,33.87901222255233,5368.052998702491,-26.03959310646269
1969,2637,2490,5407.3675173888705,63.4068865202878,-24.498185999863008,5407.395593847774,63.378810061384684
1970,2637,2476,5309.358944610829,-14.772089218107794,23.195156382685795,5309.384207546853,-14.797352154131204
1971,2637,2479,5306.684203352068,-47.13649495342406,44.94230080997711,5306.778517998322,-47.230809599678196
1972,2638,2489,5349.168267693935,-6.74962928225068,14.016919913310154,5349.177438563953,-6.758800152268577
1973,2638,2475,5351.0135103637695,-8.070470101038154,10.670440688269197,5351.018821821476,-8.075781558744893
1975,2638,2490,5336.319239776804,-11.22769564911141,12.702324666867439,5336.326782900142,-11.235238772449065
1974,2638,2476,5343.374836541138,-10.665528387552058,10.00975563402887,5343.379515022877,-10.670206869291178
1979,2639,65,5220.296325589702,-12.65934710322631,39.64261795182976,5220.371403361696,-12.734424875220157
1978,2639,64,5217.33754546041,-21.62534749501924,0.28991634140671035,5217.337549471295,-21.625351505902927
1977,2639,2476,5309.254261758219,8.512300291291012,1.6821573377652885,5309.254395213746,8.51216683576422
1976,2639,2479,5328.746126770428,23.526377661723927,44.36865884064139,5328.838891234458,23.43361319769474
1983,2640,2489,5362.811312802327,-0.5325534797598266,-4.042331608174005,5362.812074474658,-0.5333151520908359
1981,2640,2045,5362.383625418379,2.799505328291616,-4.962673064026125,5362.3847742070775,2.7983565395938967
1980,2640,2046,5361.194579304638,-1.1163860503365868,-5.3932243701154245,5361.195935383292,-1.1177421289908125
1982,2640,2475,5363.74943788998,3.3649628176920032,-3.8331065987582513,5363.750123134872,3.3642775727998924
1985,2641,2046,5374.926262069632,2.7396482564599864,-23.361881955366524,5374.951660244875,2.7142500812165054
1984,2641,2047,5377.42275690121,5.208779588411744,-31.84555080776021,5377.469950209299,5.161586280322354
1986,2641,2489,5395.557308684568,9.52891182932126,-23.771378543609725,5395.583537458557,9.502683055332454
1987,2641,2477,5399.488456622273,12.456071687014855,-32.21141057248008,5399.536607701699,12.40792060758804
1989,2642,2043,5339.384627333358,2.7656165374692137,12.14149596574889,5339.391533191413,2.7587106794144347
1991,2642,2492,5331.713475732588,-1.9532699186406717,15.081509666328504,5331.724136854196,-1.963931040249463
1990,2642,2491,5333.750171467648,1.5845288772809454,12.338901129382554,5333.757309668497,1.57739067643206
1988,2642,2044,5337.664427337431,-0.17378120455146018,14.41614684450191,5337.67416090853,-0.1835147756501101
1995,2643,2475,5343.598433850059,-1.9697766787926412,8.648356124451007,5343.601931795075,-1.9732746238087202
1992,2643,2045,5350.314258217581,0.18316249043232347,8.122386967693844,5350.3173409986775,0.18007970933513207
1994,2643,2492,5343.907639946763,0.002729598042606085,6.095647238580405,5343.909378231023,0.000991313782378711
1993,2643,2044,5351.028118071832,2.2079872544147747,5.642458477009794,5351.029606125647,2.20649920059941
1998,2644,2493,5322.691602520809,-2.164444011492151,15.737349633584097,5322.703230235742,-2.176071726425562
1996,2644,2492,5331.497338759924,3.3124792130674905,20.6914299462795,5331.517426917071,3.2923910559197793
1997,2644,2491,5332.1213865022,1.1711306843446891,16.81003440952224,5332.134638199404,1.1578789871396111
1999,2644,2495,5321.028595011759,-0.3340838105084458,19.59513144247957,5321.046633994338,-0.3521227930873465
2003,2645,2476,5319.1681434037655,-16.3196312322018,26.058029871089325,5319.199959467282,-16.351447295717662
2002,2645,2495,5306.11703425264,-5.60118204364403,17.741586922303785,5306.131848810558,-5.615996601562074
2001,2645,2492,5346.70922413268,6.0898060173308295,12.195705609561575,5346.716186576068,6.082843573942682
2000,2645,2475,5343.1282857626275,-8.98024793729519,22.47851571199646,5343.1518877429135,-9.003849917580737
2004,2646,2495,5318.842703161309,3.5746644872785964,25.432045618416254,5318.873124263211,3.5442433853768307
2007,2646,2476,5308.5244192421,-2.380549486334985,19.164765751076487,5308.541708529556,-2.397838773791136
2006,2646,2494,5311.766787471294,-3.2504757398876336,15.017547083322828,5311.77739544579,-3.2610837143829485
2005,2646,2493,5323.18325744982,0.8560054278946154,16.412508117996122,5323.195910269235,0.8433526084800178
2009,2647,2494,5325.857699208237,6.415752275744353,0.9515566798857993,5325.857741762518,6.415709721463372
2008,2647,2476,5308.580074434003,6.627337236786843,21.74891822702036,5308.6023781717795,6.6050334990100055
2010,2647,63,5272.141012423005,-9.79447440126387,4.575133874376307,5272.14200315103,-9.79546512928846
2011,2647,64,5273.8063611521075,-4.747963100952802,20.90483545652263,5273.827058600929,-4.768660549775177
2012,2648,2500,5337.904161292545,-6.376498697833767,-10.354516341469855,5337.909176743401,-6.381514148690258
2013,2648,2497,5345.571030044774,17.24181684722157,-14.70491092818571,5345.581175532459,17.231671359535085
2014,2648,60,5336.207096316186,11.408543857851555,-9.129701296169245,5336.21100967477,11.404630499267114
2015,2648,61,5330.536887946819,-5.773905746293167,-5.90902428615405,5330.538523747218,-5.775541546692693
2018,2649,2497,5343.773738273441,14.522087478070262,-46.097650329740176,5343.873421763637,14.422403987874077
2016,2649,2499,5513.880201616876,-10.21187232545276,-1.1730708933232608,5513.880263893865,-10.211934602442398
2017,2649,2496,5541.691760765247,79.85978205432093,-73.77644449753492,5541.940885762631,79.61065705693682
2019,2649,2500,5316.653495656392,-73.88145219431522,25.185896263808015,5316.682914161,-73.91087069892319
2020,2650,2498,5317.19236305424,-13.21055240169676,32.31156439054431,5317.241328752489,-13.25951809994558
2021,2650,2499,5306.508753737965,-76.16950171069539,45.81035757462784,5306.606221520808,-76.26696949353709
2022,2650,2500,5358.037712862244,-60.26086265827939,24.74600201239298,5358.065967184788,-60.289116980823565
2023,2650,2501,5378.979775961043,13.148106237701768,5.938988280087232,5378.981419302334,13.146462896409957
2024,2651,2474,5315.071591752762,-3.7761687644087942,15.955318960674639,5315.0835572968945,-3.7881343085409753
2025,2651,2498,5320.672618998045,-9.744161225844437,22.698312302935012,5320.696782729847,-9.76832495764529
2027,2651,62,5337.303138029043,4.402369260097203,12.351895676875143,5337.310290286736,4.395217002404024
2026,2651,2501,5358.93290238775,4.040633149121277,16.773587717184824,5358.946037691908,4.027497844963364
2031,2652,62,5337.504262530825,-16.273751034287443,6.268158459421308,5337.506097207053,-16.27558571051577
2030,2652,61,5342.310745058121,-1.7086524667247431,-4.727712698824069,5342.31179067853,-1.709698087133802
2029,2652,2500,5374.511965880489,5.964064607806677,-7.1747348089699745,5374.514363027611,5.961667460685476
2028,2652,2501,5369.439885059758,-19.108736274029297,12.114937783345022,5369.44669447832,-19.11554569259124
2035,2653,2499,5559.432164472908,127.99149065351025,-2.8191200186775927,5559.432530279957,127.99112484646093
2034,2653,2496,5494.6895612460075,-85.42552812999747,213.22473401236417,5496.725729073598,-87.46169595758784
2033,2653,2039,4885.370852224333,-269.593859686355,262.83348860106406,4888.718916103594,-272.941923565616
2032,2653,2040,4985.7025771316075,-70.9727598780803,71.67586075428886,4985.956556804505,-71.22673955097753
2036,2654,2041,5250.010990132435,-22.86069678454237,16.104787528608778,5250.023287206584,-22.872993858692553
2039,2654,2498,5317.926877559574,-8.63285830570635,31.255072008034123,5317.972726623797,-8.67870736993018
2037,2654,2040,5289.645359418264,32.86537484772998,42.54535161109114,5289.731442405753,32.77929186024039
2038,2654,2499,5350.0069816501145,50.29980477925346,57.78777693986361,5350.164505820637,50.1422806087312
2042,2655,2498,5321.319030377383,-3.609535673406299,22.086936832999324,5321.341933533471,-3.632438829494731
2040,2655,2042,5316.486785642978,-0.9418621267170693,23.610654103279618,5316.512994750634,-0.9680712343720188
2041,2655,2041,5315.6000595761125,-6.491724027227519,24.686836648027416,5315.628687259094,-6.52035171020907
2043,2655,2474,5321.627905752687,2.309603039669355,21.186333303010244,5321.6490014511,2.2885073412558086
2044,2656,2496,5242.329869434302,-18.9630190458372,-36.44187005318475,5242.392971507958,-19.026121119492927
2045,2656,2503,5246.795045819067,26.699888801647376,6.523864217979163,5246.797084133812,26.697850486902098
2046,2656,2504,5395.762180196361,80.21570853530261,29.353427599896047,5395.802703647142,80.17518508452213
2047,2656,2497,5380.905519517453,26.75142196695242,-19.108988992012534,5380.922569470202,26.734372014203018
2048,2657,2497,5374.339165772749,11.86919743807357,10.012837835142815,5374.343839777206,11.864523433616796
2049,2657,2504,5382.082313496699,29.79686983248257,-22.142340847657383,5382.105214048512,29.77396928067037
2050,2657,59,5318.060546389408,0.25327201155300827,-0.9240564424652807,5318.060586531908,0.25323186905370676
2051,2657,60,5314.7615284535095,-9.743752036624755,17.638104499957205,5314.7761355325,-9.758359115615804
2052,2658,2503,5470.636268874863,116.66375115937149,81.15809947377775,5470.943809619757,116.35621041447803
2053,2658,2502,5468.0752474780675,19.681621506705596,49.479955940376,5468.187584055135,19.569284929637888
2055,2658,2504,5233.9480241702195,22.598360537114786,6.7244849736445875,5233.950193410544,22.596191296790494
2054,2658,59,5346.200156130178,-40.27076833594742,7.447779478584877,5346.202730607671,-40.27334281344065
2059,2659,2503,5586.816802771733,-59.529977943426275,-142.0892108288841,5587.710573085373,-60.42374825706611
2058,2659,2502,5513.676378079075,78.12867497510433,8.155849315662538,5513.679437469051,78.1256155851288
2057,2659,2037,5043.630656653216,-86.68930310540622,-58.90670077824213,5043.7997438184375,-86.8583902706273
2056,2659,2038,5003.636605361659,-248.02838381430365,-209.56058504397916,5005.726331718418,-250.11811017106174
2063,2660,2496,5116.959590583617,-199.60332977072244,243.94655332537894,5119.756446003622,-202.40018519072783
2061,2660,2038,7044.163718480541,425.71081639021486,-230.3661912923339,7046.167680713741,423.70685415701473
2060,2660,2039,6947.62356411124,405.776822825555,305.80197238829373,6951.195331378465,402.2050555583296
2062,2660,2503,5238.158401275289,-169.99169326029232,-222.85947937057875,5240.453330219663,-172.2866222046673
2065,2661,2473,5361.5942975498665,4.121092616005399,-8.238453974173675,5361.597464718472,4.117925447400012
2064,2661,2502,5343.7599557723315,-51.39025518596145,-9.982545201125998,5343.764573397398,-51.3948728110272
2066,2661,58,5373.259977567082,14.500037335412344,11.998339460361565,5373.266693671694,14.49332123080103
2067,2661,59,5356.535165536085,-36.181211243368125,9.349060549536407,5356.5392175231245,-36.18526323040851
2071,2662,2502,5373.804234636765,23.769447919570666,-43.01748222577303,5373.890704816046,23.68297774028906
2070,2662,2473,5366.3864816219975,20.50898989978623,-4.885719140187618,5366.387597914251,20.50787360753293
2069,2662,2036,5249.771224299848,-17.920561711568553,-7.081016288464976,5249.7736039364645,-17.92294134818485
2068,2662,2037,5251.863970014866,-16.415167094862,-45.301147737267705,5251.961352670539,-16.512549750535072
2074,2663,2509,5336.168817472611,1.9249786625950946,-2.102763276256906,5336.1690247003535,1.924771434853028
2073,2663,2033,5330.995847138311,0.2565173759953723,-1.712962626519193,5330.995984747782,0.25637976652478756
2072,2663,2034,5331.4524199269,1.6159987720836853,-3.4830567712713125,5331.4529889726555,1.6154297263283297
2075,2663,2510,5336.622986972378,3.2721702919552627,-3.8561893843408104,5336.623684010467,3.2714732538670432
2079,2664,2507,5337.521194786526,7.264602292529162,-6.1197634393575076,5337.522951338559,7.262845740496232
2078,2664,2510,5336.140540468452,3.2371342206020017,-2.757401514746594,5336.140896900119,3.236777788935342
2077,2664,2034,5326.177172206823,0.10002730328778853,-1.5554960379794818,5326.177285778585,0.0999137315252483
2076,2664,2035,5327.550654226051,4.165395287018782,-4.9527141439563955,5327.5518061890825,4.164243323987648
2080,2665,2510,5335.342548059958,-0.5928436548340414,-2.9432749459710044,5335.342953933817,-0.5932495286924677
2081,2665,2509,5335.511447797636,-0.050580280387748644,-1.1088046519749886,5335.511505403926,-0.05063788667848712
2082,2665,55,5340.837783219816,1.7244601308480014,-0.8657196542244441,5340.837818313214,1.7244250374496914
2083,2665,56,5340.660260781777,1.186513348912058,-2.6735559607545016,5340.660595454319,1.1861786763688542
2084,2666,2507,5334.34594717111,-2.3951956734624673,-6.912921112197155,5334.348185824671,-2.3974343270238023
2085,2666,2510,5334.860923428132,-0.5981620679172011,-1.841640440563662,5334.8610823478875,-0.5983209876731053
2086,2666,56,5349.695687851756,4.379963636379671,-0.9860726101844776,5349.695733327984,4.379918160152101
2087,2666,57,5349.107414280753,2.597316451522829,-5.940577720706674,5349.109064443762,2.595666288513712
2090,2667,54,5336.870169547158,0.7956961930026409,-0.5949667355835409,5336.8701861317,0.7956796084595226
2091,2667,55,5336.717123008842,0.331918804162342,-1.2513260271706101,5336.717196364529,0.331845448475633
2088,2667,2509,5334.793815061219,-0.31762468475039896,-1.4269904722042062,5334.793910481052,-0.3177201045837137
2089,2667,2508,5334.946919583445,0.1506335040412523,-0.7636715801931104,5334.94694691318,0.1506061743061764
2092,2668,2033,5332.700212251852,0.7671474305873289,-2.292964699591991,5332.700458770647,0.7669009117912537
2093,2668,2032,5332.540630549823,0.28977360687849796,-1.3499960452127049,5332.540715996351,0.2896881603496695
2094,2668,2508,5335.290593092824,1.1873939991191946,-1.4843066720360674,5335.290696351336,1.187290740606386
2095,2668,2509,5335.448770953435,1.6606553477229227,-2.419171300973634,5335.4490452608015,1.6603810403566968
2099,2669,54,5334.7408769494195,0.09281994295929508,-0.6163440289762827,5334.740894751904,0.0928021404743049
2098,2669,53,5334.837657392461,0.386094012780859,-0.4178554488102226,5334.837665575269,0.3860858299726715
2097,2669,2506,5334.2571759503035,0.1903377096029999,-0.5170391045416377,5334.257188479647,0.19032518025915124
2096,2669,2508,5334.159731017285,-0.10550904933597849,-0.717280797640951,5334.159755129872,-0.10553316192363127
2103,2670,2508,5334.5023209383635,0.9306327008337121,-1.437257910837468,5334.502417764204,0.9305358749920742
2102,2670,2506,5334.447486501863,0.7657801909144837,-0.967090281413616,5334.447530339481,0.7657363532962336
2101,2670,2031,5333.06677022459,0.31240198233581395,-0.9200126208443903,5333.066809904985,0.3123623019396291
2100,2670,2032,5333.122127498077,0.47859922007660316,-1.3939389506158024,5333.1222185910665,0.47850812708702506
2106,2671,2507,5335.8234149439295,7.261518181254132,-2.22726668930583,5335.8236476857455,7.261285439438325
2104,2671,2036,5312.733002485516,2.151355608806398,-9.852315206802185,5312.737572042952,2.146786051370782
2107,2671,2473,5337.124282694375,10.045527303729159,-10.233846259875902,5337.129197748078,10.040612250026243
2105,2671,2035,5311.671530368596,-0.5811629141285266,-1.761644272761815,5311.671676417299,-0.5813089628309172
2108,2672,2473,5331.565427778843,-7.42216701028633,-14.42486535150235,5331.5751710287095,-7.431910260153018
2109,2672,2507,5332.771644491382,-2.1059742184959305,-2.996748235873903,5332.77206533043,-2.1063950575444323
2110,2672,57,5366.992187658055,9.562544554553142,-0.27930289885648846,5366.992191298332,9.56254091427627
2111,2672,58,5365.2519756285965,4.289174768315206,-11.230202009719909,5365.257856908858,4.283293488053005
2115,2673,53,5333.733041559049,0.028801226065525043,-0.2585920572164883,5333.733044693355,0.02879809175919945
2112,2673,2506,5333.693600507964,0.013307310564869113,-0.31548477616987863,5333.693605173159,0.013302645369094535
2113,2673,2505,5333.751282920228,0.18812073134540697,-0.30216077248595047,5333.751287199784,0.1881164517894831
2114,2673,52,5333.790263788131,0.20220192025203687,-0.24536604396274905,5333.790266610082,0.20219909830120741
2116,2674,2031,5333.257492560301,0.381982414201957,-0.7592762775142892,5333.257519586081,0.3819553884227389
2117,2674,2030,5333.247910903637,0.3533233105808904,-0.544281280966599,5333.247924791129,0.3533094230892857
2118,2674,2505,5333.874033746321,0.5597513302559491,-0.5520107186878663,5333.8740480299275,0.5597370466498433
2119,2674,2506,5333.883511398852,0.5881797840759191,-0.7653497995755075,5333.883538856562,0.5881523263656163
2120,2675,2505,5333.425507312714,0.08615380436890518,-0.0451341438348769,5333.425507408203,0.08615370888082907
2121,2675,162,5333.412414369646,0.0464713266835588,-0.053112400690561244,5333.412414501876,0.046471194453715725
2122,2675,51,5333.3893603070455,0.0388634860255479,-0.06597887415600798,5333.389360511102,0.03886328196949762
2123,2675,52,5333.402353483158,0.07823674697169736,-0.058061540660717344,5333.4023536411805,0.07823658894949403
2124,2676,2030,5333.285449776159,0.3715860840084133,-0.2587781830987127,5333.285452915445,0.37158294472328635
2125,2676,161,5333.248200755189,0.2588155797207037,-0.16845664764266172,5333.248202085477,0.25881424943327147
2126,2676,162,5333.511168542882,0.34559494965947124,-0.20530118300889463,5333.511170518659,0.34559297388250343
2127,2676,2505,5333.548126383313,0.4575109814993539,-0.29493959024903565,5333.548130461124,0.45750690368777214
2129,2677,2016,1451.0253480097808,1149.6337910228697,-1133.3908288411828,1886.7192951946272,713.939843838023
2131,2677,2511,1004.3483058447405,695.9718733678847,-903.1029422661901,1327.3107336478465,373.0094455647787
2130,2677,2015,1112.8423232843013,1038.0333928634616,-1036.9481906739018,1595.2594443447356,555.6162718030272
2128,2677,2290,1314.1329463183047,793.8996514632483,-990.0017441714215,1613.2001091308002,494.83248865075245
2134,2678,2312,3457.608638971878,20.221398492102708,-544.1322038969403,3479.0091897706516,-1.1791523066710852
2132,2678,2304,3649.7169118667525,34.35307895689539,-445.5702987875724,3663.3935910399814,20.676399783666284
2135,2678,2512,3395.799362897534,-50.84710659972711,-428.1743621841048,3409.046395236425,-64.09413893861756
2133,2678,2313,3680.7804014243193,79.28953494574193,-524.3134064598402,3699.7630391836988,60.306897186362676
2139,2679,2303,3235.5511400908163,-39.2875363578421,-640.5405068409652,3266.578721734488,-70.31511800151429
2138,2679,2311,3267.395402371268,-28.548795673240875,-738.2765145270193,3308.232082379771,-69.3854756817434
2137,2679,2312,3528.7464545047005,57.65102621198844,-718.8093516650191,3565.5693531504076,20.828127566281182
2136,2679,2512,3494.9970313475287,46.30456290251209,-629.9821426994878,3523.531086964405,17.77050728563563
2140,2680,2513,3373.409855959247,-37.348939346694806,-577.9924031204747,3397.7234063336,-61.662489721047905
2141,2680,2512,3382.4666406769106,-4.872251030957841,-677.5234473267868,3416.0133646287613,-38.41897498280832
2142,2680,2303,3134.70993668787,-83.61164664553917,-678.4455085813529,3170.0765940064257,-118.97830396409495
2143,2680,2375,3094.9487787836842,-123.00865177223841,-588.5747656933859,3121.640436753424,-149.70030974197857
2146,2681,2512,3369.3137262670184,-55.00963911337567,-474.1489026646323,3385.649056344574,-71.34496919093158
2144,2681,2372,3298.038691003937,-116.94827113869246,-507.5095128208115,3316.7912712755415,-135.700851410297
2145,2681,2304,3320.898146761094,-69.44508510166042,-489.1407658619967,3338.4499409769624,-86.99687931752919
2147,2681,2513,3339.4607631459776,-143.89427388732975,-505.5874718173501,3357.7108713858884,-162.14438212724053
2148,2682,2514,3986.7105520872256,1112.9967918680695,-120.00316496237363,3987.9628068552747,1111.7445371000206
2149,2682,2318,4050.9817766481096,1284.4338485532194,-145.6902044416222,4052.89851013263,1282.517115068699
2150,2682,2339,4079.2532076847524,1468.678889585446,-99.6855434491216,4080.20449144449,1467.727605825709
2151,2682,2336,3964.6238386441664,1130.4477401340978,-70.96769935318432,3965.0680263873987,1130.003552390866
2152,2683,2317,3933.946068897025,904.0637218238385,-85.3281453328635,3934.5467068499456,903.4630838709181
2153,2683,2514,4005.0093368055436,1130.9613656281374,-94.59486332339421,4005.7874871865415,1130.18321524714
2155,2683,2337,3945.7984577543652,889.9217397083385,-16.253403214345163,3945.820069493987,889.9001279687175
2154,2683,2336,4040.188779990065,1180.8839764815903,-14.41186696308958,4040.206940050332,1180.8658164213234
2159,2684,2515,3964.222023625389,1027.9187200482934,-57.35869591735193,3964.5021127253226,1027.63863094836
2158,2684,2516,4003.315867599707,1176.6170838860908,-7.993784563755362,4003.321519109541,1176.6114323762572
2157,2684,139,3935.638526765746,1174.4736574356116,-24.377707479452024,3935.6923320499327,1174.4198521514254
2156,2684,138,3907.672243764544,1089.727345310757,-53.83956567938846,3907.929384557874,1089.4702045174272
2163,2685,2514,3938.723311113043,1118.9248436690978,-46.74505459281354,3938.9170262004836,1118.7311285816568
2161,2685,2516,4052.606943096994,1266.8133457712975,-113.65242600841374,4053.7656347965676,1265.6546540717247
2160,2685,2515,4001.4423048541707,1126.5900050595724,-84.3973835676671,4002.0615874786818,1125.9707224350616
2162,2685,2318,3997.79454051266,1250.4933216207405,-80.85160008549,3998.389266565552,1249.898595567848
2165,2686,2515,4054.9778417731845,1136.2403343939259,-106.95072111311366,4055.957256648941,1135.2609195181699
2164,2686,138,3932.778424833117,934.8900055577933,-28.424246589669192,3932.845798891465,934.8226314994442
2166,2686,2514,3964.3508767267626,1135.504978992918,-20.646464749013383,3964.3885485234414,1135.46730719624
2167,2686,2317,3886.4958631405975,940.1956383067194,16.723812848026604,3886.51959490943,940.171906537887
2168,2687,139,4118.501292153701,1234.8183700136367,-43.54331674750764,4118.665657690797,1234.6540044765404
2169,2687,140,4074.4939203566396,1101.4626979013296,-46.77373281059658,4074.6778779537653,1101.2787403042041
2170,2687,2517,4066.552654287238,1095.509841880925,-77.9375649844326,4067.063688610441,1094.998807557722
2171,2687,2516,4121.429645267198,1262.1765682568735,-74.53873721623034,4121.915356004975,1261.6908575190964
2175,2688,2318,4114.937695344308,1283.0849031266357,-193.85630462328842,4118.251457175031,1279.771141295912
2172,2688,2516,4133.654127768151,1290.674879464433,-167.21258426847461,4136.110697703634,1288.2183095289488
2173,2688,2517,4097.8200376343675,1181.3088146292357,-175.21922905263318,4100.449388418761,1178.6794638448416
2174,2688,2164,4077.075695213549,1170.0861598567965,-203.47537444218642,4080.631920695506,1166.529934374839
2178,2689,2518,4233.721482331753,708.1212410732811,-169.93749563720564,4235.768084054435,706.0746393505985
2179,2689,2517,4393.436450502085,1196.4641731635336,-137.9925032479037,4394.924817334683,1194.9758063309355
2177,2689,141,4325.373117449445,827.8679197382804,-69.83553349096674,4325.7216884633035,827.5193487244223
2176,2689,140,4457.3527172218755,1227.8061008668576,-41.60301064505137,4457.486694131105,1227.6721239576282
2183,2690,2164,4356.707599824915,1240.8574279231266,-334.7721038695481,4365.673915285558,1231.8911124624835
2181,2690,2518,4299.30330606048,895.8649091532016,-257.93464644624976,4304.183299228891,890.9849159847909
2180,2690,2517,4424.631190395453,1279.0131284183167,-233.28766755526345,4428.95057266864,1274.6937461451291
2182,2690,2052,4237.416004197396,858.6226899223029,-349.11223008074757,4246.410027217247,849.6286669024526
2187,2691,2520,4981.749502856517,660.5579234033646,-288.2243244980243,4986.550323890264,655.7571023696182
2186,2691,2451,4941.070066202695,501.2363676274065,-198.50548902132564,4943.28775943134,499.0186743987606
2185,2691,142,4737.531393449413,401.2016184599199,-139.63084286818273,4738.655138763848,400.0778731454848
2184,2691,2519,4532.3344292209495,474.12126222837037,-177.49775135625256,4534.274346945673,472.1813445036473
2190,2692,2520,4557.844436977845,567.9971521614605,-371.21445295078183,4566.460258009058,559.3813311302488
2188,2692,2518,4637.817568733094,1008.0645499605718,-247.34205833203237,4642.026342607913,1003.8557760857534
2189,2692,2519,4466.6499033842965,476.4195924571882,-227.80311844980457,4469.898590856814,473.1709049846702
2191,2692,2052,4688.333970499125,1002.2656697307692,-366.0080150011529,4697.397373226985,993.2022670029089
2192,2693,141,4821.770992839113,991.6792186168708,-9.678498811318889,4821.777107130572,991.6731043254108
2193,2693,142,4713.023588523893,662.1416297828674,-84.69745949461942,4713.466262235312,661.6989560714485
2194,2693,2519,4393.317840505095,268.22076470171487,-263.33175914011224,4397.5161122158825,264.0224929909268
2195,2693,2518,4595.58926133595,825.7776753939376,-127.8337470955149,4596.672655794124,824.6942809357643
2196,2694,2520,4953.413585256594,594.9789267426236,-341.2314196022307,4960.082320863212,588.3101911360068
2197,2694,2451,4853.7094621282595,302.2302979651938,-370.00898649689105,4861.216977488162,294.72278260529083
2198,2694,2456,4670.97919552979,-32.69257798177546,-505.691720570328,4684.531874590562,-46.24525704254893
2199,2694,2453,4905.515946372238,606.2839769130701,-417.5653812623494,4915.6312166167845,596.1687066685245
2200,2695,2052,4581.538613849736,787.2800772140043,-447.02251718591015,4594.659785507239,774.1589055565021
2201,2695,2520,4500.177272437557,483.6987837883187,-432.3353552605783,4511.777954269857,472.0981019560186
2203,2695,2053,4698.827467441596,962.1744226368654,-530.1932668503017,4717.541013338117,943.4608767403447
2202,2695,2453,4614.665488415403,555.8767571593014,-536.7722087250247,4632.335506791374,538.2067387833308
2207,2696,2521,1438.6255556053834,437.233921822958,-1017.5261308772059,1651.747753201647,224.1117242266945
2206,2696,2290,1569.7684285004902,786.4501930455622,-1190.120210255366,1890.4950161417014,465.72360540435113
2205,2696,2306,2032.939335879961,931.2145777653514,-1292.2547661934675,2331.152899155323,633.0010144899886
2204,2696,2307,1860.3131779216783,565.7772438997799,-1108.9956705824143,2065.350127276417,360.74029454504137
2211,2697,2291,1191.3886992018247,513.7897650509877,-924.6751828341705,1425.7743046186504,279.40415963416194
2210,2697,2511,1262.31725716129,774.1763693674213,-1044.4871259131817,1594.7090588916312,441.78456763708016
2209,2697,2290,1594.100644964113,879.7759238054641,-1122.7429139315077,1902.297483998387,571.5790847711899
2208,2697,2521,1493.8969345913815,611.3115012888765,-996.5634364599783,1718.2046479968358,387.0037878834223
2212,2698,2522,1642.3270318200043,462.59572514848793,-960.5750975424461,1813.1305697164735,291.7921872520187
2215,2698,2292,1292.9807601481511,350.7899909688788,-897.604936401297,1472.5423641820535,171.22838693497658
2213,2698,2521,1720.8211667795242,683.1148932213613,-1093.336083834729,1955.661950368159,448.2741096327263
2214,2698,2291,1356.4711749320927,565.0254699954838,-1026.7619485338364,1608.9432011113304,312.5534438162464
2217,2699,2307,2068.0534762983802,627.0181815884666,-1173.160965850443,2276.6334250541377,418.4382328327091
2216,2699,2299,1977.4755565654782,413.42884784200174,-1025.1997170132522,2130.502544007965,260.40186039951493
2218,2699,2521,1661.279532679069,499.9395019992236,-1113.164908379479,1884.9488083269357,276.2702263513571
2219,2699,2522,1583.371192365272,283.5984459131317,-962.198147973452,1742.0691481339086,124.90049014449505
2220,2700,2523,1724.0082446322804,336.9059127986583,-909.696988814741,1859.8546749316747,201.05948249926405
2221,2700,2522,1779.122648267607,504.1261289842055,-1027.479492128778,1960.3627825787612,322.8859946730513
2222,2700,2292,1436.8732979735507,394.09701798450413,-975.0769672617268,1629.3054193530165,201.66489660503828
2223,2700,2293,1390.1881548691003,225.68230181560688,-855.7294452572368,1530.4908949307664,85.37956175394083
2224,2701,2356,2022.9476211656054,286.4358756817552,-954.3218642944696,2145.42421267347,163.9592841738911
2225,2701,2299,2075.58149807772,445.6063719416768,-1080.8319562805773,2238.476421500216,282.71144851918064
2226,2701,2522,1721.2847481659712,328.86585666009563,-1030.960908119812,1891.3475984455335,158.80300638053313
2227,2701,2523,1668.4855120971179,168.64446283664927,-903.5907925162768,1794.0647723564825,43.06520257728471
2228,2702,2524,1772.4885789013917,232.45378294853447,-857.4910433637473,1883.805121919324,121.13723993060228
2229,2702,2523,1818.6080252113456,369.2352652023498,-965.4828772306423,1964.6739899756765,223.1693004380188
2231,2702,2294,1471.9231464271504,139.1140225397719,-819.6986781846329,1587.8685834824828,23.16858548443963
2230,2702,2293,1505.9380282701302,265.16693536959383,-920.3524021767573,1657.9774699530333,113.12749368669074
2235,2703,2524,1722.6866932650098,81.7509960319004,-849.6317425577276,1826.1430921405847,-21.705402843674392
2234,2703,2523,1762.9424535208827,200.7216715571913,-959.1280505442398,1898.409990068939,65.25413500913498
2233,2703,2356,2059.844976917728,299.2909027661779,-995.8489937249584,2190.911831195759,168.22404848814733
2232,2703,2360,2036.5865353347567,188.64226061801514,-891.1063611342373,2138.4029470097976,86.82584894297474
2239,2704,2295,1528.4145224980477,54.597969839790665,-778.2202746419562,1624.8372168452272,-41.82472450738874
2237,2704,2524,1864.4567330632415,256.44363675814685,-902.6235377637332,1982.463656723039,138.43671309834917
2236,2704,2525,1795.6877176969556,126.07763039704662,-801.1232156280925,1886.8141307747528,34.95121731924928
2238,2704,2294,1596.934580999464,173.2596350940372,-869.7625600972344,1719.2639472560475,50.93026883745392
2241,2705,2360,2041.9858649504463,193.17558657783434,-922.8435098919556,2150.7481358635296,84.41331566475105
2240,2705,2362,2036.752075957648,96.19175838080287,-828.6016034075448,2121.502125661321,11.441708677129782
2242,2705,2524,1816.9498825601033,116.52927562779985,-892.9310636752139,1927.046317193317,6.4328409945860585
2243,2705,2525,1766.4986239702264,25.142192791215848,-813.3113146649285,1856.7831437365849,-65.14232697514251
2247,2706,2296,1630.7128352651603,-7.281878267195793,-753.2760611405116,1713.1659077860436,-89.734950788079
2246,2706,2295,1711.360934815113,87.46145893823916,-830.1145721005281,1811.2965666692326,-12.474172915880331
2245,2706,2525,1954.733039633389,154.40513876116097,-846.7845526236747,2049.3334619535926,59.80471644095735
2244,2706,2526,1830.8626049273712,29.79974619118127,-749.3209273099883,1905.6912722958195,-45.02892117726708
2250,2707,2525,1934.7591953548708,56.1306023865053,-847.2887007833335,2025.8748495215573,-34.98505178018104
2249,2707,2362,2167.4099785464796,115.13400658356989,-864.4401918302967,2254.723104014008,27.820881116041164
2248,2707,2361,1991.9825149567082,-0.3299654061510182,-790.8557986184329,2067.5960627449253,-75.94351319436828
2251,2707,2526,1856.4444052165927,-27.824511909955618,-786.7428880017754,1935.2695104792604,-106.64961717262327
2255,2708,2297,1955.412970097971,-129.53747760056467,-689.8443909892778,2010.993260912886,-185.11776841547953
2254,2708,2527,1809.3573803135455,-151.87261868836868,-744.1347758677401,1877.5702591654642,-220.0854975402874
2253,2708,2528,2077.9576447766617,-63.374299960417375,-757.8179768545549,2143.02828179379,-128.4449369775457
2252,2708,2352,2094.937438807275,-78.87945813063982,-708.1734450709715,2151.1595088833865,-135.10152820675125
2259,2709,2527,1857.2040062334115,-135.78025284355374,-713.6823318928765,1919.169330703428,-197.74557731357027
2258,2709,2526,1955.0931746783995,-35.86837482818089,-820.708420870194,2036.3540360315724,-117.12923618135392
2257,2709,2361,2166.9288969428108,17.979099410272397,-815.130294525844,2241.630075782681,-56.7220794295979
2256,2709,2528,2144.699147665202,-41.14883885174743,-737.59508642847,2205.2457794860597,-101.6954706726051
2263,2710,2297,1777.5579185107717,-51.84268013644498,-738.5914460496793,1849.2936123601303,-123.57837398580352
2262,2710,2296,1831.5879756242205,-5.203219074549793,-778.799381787256,1910.7306444575352,-84.3458879078645
2261,2710,2526,1939.4411797910004,17.596519530323462,-774.3029328065214,2014.5005012748757,-57.46280195355166
2260,2710,2527,1874.2214797654578,-55.3558389824351,-705.6890991550741,1936.7187754318554,-117.85313464883279
2265,2711,2529,2294.251148907791,-95.37801511220187,-740.6019803319679,2350.3181395103384,-151.4450057147492
2267,2711,2352,2082.7864942630804,-203.2028527855466,-648.9827726098248,2127.9548918241444,-248.3712503466105
2266,2711,2528,2061.071955638077,-176.98081400364754,-716.9421974826515,2117.0866673572727,-232.99552572284324
2264,2711,2353,2296.2102989336663,-130.8392006063208,-665.8135507675048,2341.045290811797,-175.67419248445162
2268,2712,2529,2403.7110766501487,-67.37231396373465,-721.0976549070824,2455.2430924491696,-118.90432976275542
2269,2712,2357,2359.2444085430934,-42.76508276068239,-805.6996632399757,2425.0073550568245,-108.52802927441326
2270,2712,2361,2117.3548775650092,-128.4692309735707,-779.0495205265844,2182.996995591392,-194.1113489999534
2271,2712,2528,2099.424942571502,-173.47821214922305,-691.3560699733287,2150.835096035522,-224.88836561324297
2272,2713,2531,2422.841950067232,-190.41747397206348,-625.4208998828915,2459.7408123008936,-227.3163362057246
2273,2713,2530,2452.8724192182276,-160.76414856662677,-689.3402368678298,2497.56126355591,-205.45299290430899
2274,2713,2529,2263.810280616481,-225.52502931541449,-674.3492119844875,2308.671332676653,-270.3860813755866
2275,2713,2353,2268.577050315491,-241.2187720956025,-619.6718364205278,2306.260689249525,-278.9024110296366
2279,2714,2531,2370.8891119653163,-302.9113002666162,-574.9261444587579,2401.4453691447875,-333.46755744608754
2276,2714,2346,2588.0767398631942,-237.6035217712863,-565.2611489820994,2616.0687564124737,-265.59553832056577
2277,2714,2347,2662.8966702331973,-188.97196817554743,-639.3396394012374,2698.289650545351,-224.3649484877012
2278,2714,2530,2436.2075290850444,-236.11403621334273,-711.6977204357631,2482.7810117262106,-282.6875188545091
2281,2715,2347,2451.48644938693,-170.58753889166496,-692.2645481458056,2496.40872866136,-215.50981816609465
2282,2715,2357,2389.8591883325075,-190.6153592988088,-686.2904410689966,2434.710250590134,-235.46642155643508
2283,2715,2529,2405.9997942107107,-184.1491912550748,-662.7755924160527,2447.7258898989076,-225.87528694327216
2280,2715,2530,2523.9171038076556,-145.46740005716742,-666.7969714964642,2564.9275660063263,-186.47786225583832
2287,2716,2351,2207.320239528326,-288.9692114488133,-567.2122563288999,2239.13554923514,-320.7845211556273
2286,2716,2353,2221.8190261202776,-256.96709668730216,-638.0273363527599,2262.216916840782,-297.36498740780667
2285,2716,2531,2430.523069971648,-188.27144822093987,-647.705121727448,2469.977790636988,-227.72616888627977
2284,2716,2532,2403.351193394114,-225.92168585764512,-572.4983818669712,2434.154298193135,-256.7247906566661
2291,2717,2532,2358.4837242679455,-329.5460346176029,-516.1706960813827,2383.0389172134505,-354.10122756310784
2290,2717,2531,2378.854545047885,-316.40198447967543,-597.2418895092771,2411.5437831204595,-349.09122255224975
2289,2717,2346,2577.032700727281,-252.36465019165712,-582.0785751959762,2606.6595458040656,-281.9914952684421
2288,2717,2345,2554.3892009525252,-265.1160079362861,-515.3742634205809,2577.746872651188,-288.4736796349489
2293,2718,2532,2374.829752461071,-238.16063161844897,-589.5232440946894,2407.6680142911796,-270.9988934485573
2292,2718,2533,2361.0599195571654,-259.0547715896032,-524.9137941990682,2387.0915947926105,-285.0864468250486
2295,2718,2285,2174.645167511782,-319.9050859175319,-521.5659112856937,2201.616089123304,-346.8760075290536
2294,2718,2351,2198.5215259313813,-295.3698459549065,-587.6994381840083,2232.677397673134,-329.52571769665883
2299,2719,2533,2328.851778538521,-342.1706692568706,-479.0694153112859,2350.162984190247,-363.4818749085964
2296,2719,2286,2482.153979573136,-291.57705783853805,-479.62131679557604,2502.734772048081,-312.1578503134831
2297,2719,2345,2480.3031119474895,-291.3422071734733,-532.329145841709,2505.631763774071,-316.67085900005486
2298,2719,2532,2335.7695452524035,-339.00567696479845,-534.0696553236608,2362.1682889410467,-365.40442065344155
2300,2720,2534,2170.130998440834,-268.6980701122037,-464.69041699038587,2192.0689935915902,-290.6360652629601
2301,2720,2285,2229.9747542523346,-219.07663021681935,-562.0508554886962,2261.8082709948176,-250.91014695930244
2302,2720,2284,2079.1871469560147,-264.64805915636873,-569.426822154565,2113.276423979796,-298.73733618015035
2303,2720,2278,2022.777419233853,-298.49739824841936,-518.7559249456623,2051.407062918662,-327.1270419332286
2305,2721,2536,2247.802357883116,-298.49282160248333,-500.8097383340121,2272.1937401062632,-322.88420382563004
2304,2721,2279,2251.637332554194,-282.71906604475976,-471.03580868518975,2273.33820905888,-304.41994254944564
2306,2721,2534,2080.3486924398458,-352.9661107059238,-509.45245866985397,2106.728170735484,-379.3455890015623
2307,2721,2278,2171.8681390397483,-306.5733518827559,-470.88755195737053,2194.0362422800545,-328.7414551230622
2308,2722,2536,2313.5531110685824,-277.58845185484415,-491.09465399310494,2336.616903540249,-300.65224432651075
2309,2722,2533,2317.965464613672,-274.529248404977,-536.7416800314885,2345.4552863342888,-302.019070125594
2310,2722,2285,2189.1850801655933,-316.96316326875797,-537.982368782619,2217.7314216891973,-345.5095047923619
2311,2722,2534,2163.560789644912,-327.13677231322026,-488.9835941657768,2187.3336833396597,-350.9096660079681
2312,2723,2535,2427.727640905667,-307.3666016966781,-443.99002844063983,2445.6287919401325,-325.26775273114345
2313,2723,2286,2409.379167205672,-315.45996427516707,-490.09195371020763,2431.240860417054,-337.32165748654916
2314,2723,2533,2287.838657304269,-355.5598250065285,-490.57818939604624,2310.407106770248,-378.1282744725079
2315,2723,2536,2284.879081230804,-354.58735373687523,-446.6089195524753,2303.637793900525,-373.3460664065965
2319,2724,2279,2216.864387881026,-378.7889404424891,-403.57706355222587,2232.4579389457567,-394.3824915072198
2316,2724,2280,2360.5664784354585,-331.47341003341126,-395.32030560791907,2375.0020558125743,-345.90898741052683
2317,2724,2535,2516.7833207588037,-279.18151070444503,-454.72738783593724,2535.1515268743447,-297.54971681998586
2318,2724,2536,2219.9210879405855,-377.0986537342983,-458.04678345398537,2239.9633012546974,-397.14086704841
2322,2725,2286,2419.1054250516922,-370.57740854785436,-410.98882111054945,2434.1613558589916,-385.63333935515357
2320,2725,2280,2412.10425518622,-362.62233434606776,-405.6521968699408,2426.851989501127,-377.37006866097454
2323,2725,2535,2427.487218171,-339.7471054523702,-414.8960862264471,2442.9523059255544,-355.21219320692444
2321,2725,2287,2409.427626598355,-377.52735797255264,-404.7156247120925,2424.0439542438326,-392.1436856180301
2327,2726,2416,794.1658642302219,266.25335277494946,-557.6214946579228,914.1475432835699,146.2716737216016
2325,2726,2537,849.9505353978645,397.15609319656835,-626.8459771008015,1010.1922563012008,236.91437229323213
2324,2726,2418,882.867970633034,330.8881030558539,-594.6124127557224,1012.5397480071142,201.2163256817737
2326,2726,2407,727.7122418894737,276.828128206061,-559.9526935801672,861.729328421448,142.8110416740867
2331,2727,2418,871.4751027626243,235.89251827356907,-593.6422352790412,988.5333032201358,118.83431781605736
2330,2727,2537,811.4173513461946,293.40497934986314,-645.9338127465371,966.4061254594244,138.41620523663317
2329,2727,2539,1069.9663740231156,362.955058860916,-671.9010414309491,1204.1378661126193,228.78356677141227
2328,2727,2408,1021.3287063338144,289.48616671310987,-619.2087691813203,1134.7332658477142,176.08160719921005
2334,2728,2407,872.2170671790291,360.90028795390765,-635.5660493878318,1024.415592382071,208.70176275086556
2332,2728,2539,890.1043533365155,326.5691290740859,-624.1485388037474,1028.7928469628932,187.88063544770796
2333,2728,2414,913.5963104586655,365.11874631289226,-642.4011835319748,1061.7042221619238,217.01083460963406
2335,2728,2537,827.3162773572197,312.5462858343482,-610.7472122179279,969.3058868864897,170.5566763050782
2336,2729,2538,1029.3731281841604,315.5385444075966,-683.0847213988106,1166.4610360670831,178.450636524674
2337,2729,2415,1055.9665291006677,395.2215885940136,-720.287042747527,1214.3161936936967,236.8719240009845
2338,2729,2414,960.3421458478091,376.05811584232697,-702.6674666230009,1125.127202807825,211.27305888231132
2339,2729,2539,908.0884779573246,292.4790098261592,-661.2784958353107,1052.0204665264384,148.5470212570453
2340,2730,2269,1093.0217522135288,270.41536104465933,-694.6643137109226,1220.0585476049034,143.3785656532848
2341,2730,2538,1164.0016882390569,330.04332889666404,-727.0684933190718,1300.2211932857294,193.8238238499914
2342,2730,2539,1073.3952822773895,315.0719182250419,-706.7563862153926,1212.5382678753626,175.92893262706855
2343,2730,2408,1048.625475440456,267.12249193946343,-686.1035818073075,1177.8463479050613,137.90161947485808
2344,2731,2269,1266.6421088461225,338.8055537303966,-747.411768950849,1398.4387432585859,207.0089193179332
2345,2731,2268,1254.1473717933623,422.0926495852124,-805.8734701260954,1417.2890513419184,258.95097003665626
2347,2731,2538,972.8126344861201,145.39237237809695,-631.5573632895864,1079.5563902636425,38.64861660057454
2346,2731,2415,1038.2075796749205,340.37628081777706,-762.5860719871115,1206.1347590766857,172.4491014160119
2351,2732,2454,5121.834376685645,339.5591048774197,-283.75182430387184,5126.039715865905,335.35376569715936
2350,2732,2436,5102.356100821045,277.23967926348996,-285.0646902793879,5106.562791683948,273.0329884005878
2349,2732,2540,5111.091307436009,268.04485651469895,-260.45043384269775,5114.5904197214595,264.54574422924816
2348,2732,2451,5126.544371211463,332.0328928841948,-268.81854352038346,5130.309442305017,328.26782179064
2355,2733,2540,5221.5562537424385,437.33860897123236,-325.1986573021696,5227.076084800237,431.8187779134337
2353,2733,2437,5055.549389379118,256.41858686855835,-145.39515899178457,5056.650364979642,255.31761126803394
2352,2733,2451,5022.721997258605,294.44232259775526,-205.8846564883086,5024.962157603333,292.2021622530274
2354,2733,2542,5235.577236731448,324.3042240365867,-173.39306099459904,5237.107175642963,322.7742851250714
2357,2734,2542,5174.926543197084,176.60904082039065,-215.77512280271972,5177.254188043389,174.28139597408608
2356,2734,2540,5190.177363618436,309.82147455028803,-297.81710006218213,5194.716612802871,305.2822253658537
2358,2734,2449,5380.584151153253,261.4602441015654,-264.02062067565294,5383.98612947907,258.05826577574817
2359,2734,2436,5425.17380191572,407.232475309087,-353.22654893175667,5431.38226504341,401.02401218139676
2361,2735,2541,5234.026359199896,127.8423531464498,-155.50726188812166,5235.210066241292,126.65864610505423
2363,2735,2449,5421.876025638739,268.74713755250536,-252.91380868973337,5424.977389983154,265.64577320808985
2362,2735,2450,5406.573502716033,193.8083907976727,-186.16879372721954,5408.23518199286,192.1467115208452
2360,2735,2542,5264.511485237573,207.58302714193155,-224.02118521748912,5266.991295561415,205.1032168180891
2367,2736,2542,5310.617876407141,354.1880676349938,-188.1473000965985,5312.402763140955,352.4031809011799
2364,2736,2437,5268.45058972384,322.01295957666457,-149.96833689850519,5269.5870306213965,320.87651867910836
2366,2736,2541,5212.556973227693,63.01444593778001,-153.76571607103216,5213.7045813548175,61.86683781065449
2365,2736,2439,5220.709370942987,192.28749556613275,-130.2036374860597,5221.552087949778,191.44477855934247
2370,2737,2438,5398.578765500849,154.25416732505937,-123.80673301018558,5399.309363491022,153.52356933488636
2368,2737,2541,5228.7456259895625,119.36008452529381,-139.0347913950363,5229.691292348167,118.4144181666893
2369,2737,2439,5306.114131174864,120.72601177764795,-111.50045053742576,5306.7134553443375,120.12668760817496
2371,2737,2450,5382.765385668896,175.6371834596605,-160.14130089293255,5383.996350903206,174.40621822535059
2375,2738,2491,5330.33088924238,3.967386979353023,16.060873868274545,5330.3429965217165,3.955279700016945
2374,2738,2543,5327.184062491126,-0.33940529897836313,19.383638241298065,5327.201693769068,-0.35703657692147317
2373,2738,2042,5323.021436029666,0.30393864904817747,18.15353449004832,5323.03691448857,0.2884601901446331
2372,2738,2043,5325.454423189202,2.9274896143924707,16.211154330071512,5325.466766993119,2.9151458104756784
2376,2739,2543,5324.214265961137,0.10795235731893627,18.503882280450366,5324.230343430545,0.09187488791167198
2379,2739,2545,5321.7027677957785,-1.4979040137677657,21.32901855198218,5321.7241330060415,-1.5192692240307224
2378,2739,2474,5323.2068190111795,2.9542808348126073,20.877291707709443,5323.227300164472,2.933799681520668
2377,2739,2042,5324.658824207632,4.473023957790929,19.453699107432996,5324.676607662861,4.455240502561992
2381,2740,2543,5328.72677167329,1.7651851898542645,17.75124423698622,5328.741559925096,1.7503969380491071
2380,2740,2491,5326.612337527109,0.7689143306572532,20.94413575931881,5326.632928403141,0.7483234546252788
2382,2740,2545,5320.582258407912,-0.9498115072008204,18.137648837658148,5320.597713231149,-0.9652663304377711
2383,2740,2493,5319.366931252245,-1.5942466281401266,20.73482192872768,5319.387131136904,-1.614446512799077
2385,2741,2545,5323.55447221844,4.232041692881694,14.654601606174666,5323.5645654654445,4.221948445877388
2384,2741,2493,5320.482686764535,2.7391767084227467,21.32722579783529,5320.5040703048635,2.717793168094431
2386,2741,2544,5308.625304779689,-0.7095903561016712,14.99825441434064,5308.6358968402365,-0.7201824166500046
2387,2741,2494,5306.20911569054,-1.901385813364186,20.49007544956918,5306.228889281718,-1.9211594045423226
2388,2742,2545,5323.768884310836,3.9244820835072005,18.06563769944853,5323.7842215227865,3.909144871556691
2389,2742,2474,5322.126229026948,-1.5796790488520855,16.11388658364291,5322.138422447781,-1.5918724696853133
2390,2742,62,5317.451832715906,-2.663475221149156,14.795517781192922,5317.462119472417,-2.673761977660888
2391,2742,2544,5314.178473086835,1.0937485825788826,15.184369211682435,5314.189321991451,1.082899677963269
2392,2743,2494,5309.7072281058945,-4.299680623304084,9.07402827113924,5309.711101733199,-4.303554250609068
2393,2743,2544,5307.943248623602,-0.0030908714836641593,17.424864941671242,5307.957549121422,-0.017391369303368265
2394,2743,62,5321.464207304823,1.2270893256386444,12.775052663953643,5321.471876217491,1.2194204129705213
2395,2743,63,5320.616890203458,-1.340538254252806,8.739119403444041,5320.620477800572,-1.3441258513671528
2396,2744,2323,3844.0324400999934,237.99325049453432,-1051.4509774629691,3919.114799064566,162.9108915299621
2397,2744,2334,3811.7041064219043,126.64888817176097,-1085.0017171235766,3889.9094750760005,48.44351951766453
2398,2744,2546,3554.344407627849,-34.76448789678989,-1194.0393494952489,3651.048312925545,-131.468393194486
2399,2744,2322,3732.787943909244,191.82936108540798,-1093.4361105874812,3815.27858028963,109.33872470502183
3201,2745,956,4608.110700232841,843.61668611121,-453.9953546206033,4621.749169959499,829.9782163845509
2400,2745,1490,3670.8932794887523,774.9368378272927,304.8060404576646,3678.891572402319,766.9385449137262
2401,2745,1,4299.574804739479,989.0589401041807,-1107.07927398937,4389.677852914034,898.955891929626
2402,2745,956,4608.110700232841,843.61668611121,-453.9953546206033,4621.749169959499,829.9782163845509
2403,2745,2547,4581.258091851517,975.204520813141,-739.4447206695821,4618.774762225502,937.6878504391561
3202,2745,2547,4581.258091851517,975.204520813141,-739.444720669603,4618.774762225504,937.6878504391541
2404,2745,2598,3833.0074265324793,412.2036262268657,-392.83093204220654,3844.2482579992784,400.96279476006634
2405,2745,2595,4432.762397776664,909.3816257328006,-811.4142012427444,4478.874895837149,863.269127672316
2406,2745,2596,4394.4580590041805,291.42780658431934,-585.7330966245122,4415.256887818556,270.6289777699435
3206,2745,2597,4292.285782882486,1059.903341168355,-622.2233364454999,4321.957415509815,1030.2317085410257
3205,2745,2596,4588.132726426526,890.366471832157,-598.7820126014713,4612.216174660785,866.2830235978975
3204,2745,2595,4274.906989580979,857.2893410282245,-386.78262646950355,4285.8155252098495,846.3808053993539
2407,2745,2597,4084.8669967062838,854.5263839470213,-194.26189001619773,4087.7849262052273,851.6084544480777
3200,2745,1,4002.856247719167,891.1418162874777,-308.90536552304206,4010.503847124559,883.4942168820862
3203,2745,1490,4060.8085538429814,1161.0565617436523,-499.6547571379866,4082.174931776496,1139.6901838101373
2410,2746,957,5050.8652086943575,1271.0507399070448,-1031.1974994601383,5119.935111823415,1201.9808367779865
2408,2746,2547,4689.300982576825,1393.2175945365918,-919.2862799120851,4752.19857483701,1330.3200022764072
2409,2746,956,4676.888105827255,1234.681375742562,-825.5524357909904,4725.694625276263,1185.8748562935548
2411,2746,2548,4910.501524359826,1467.1181716964225,-966.8090292930865,4977.0777678685845,1400.5419281876643
2412,2746,2596,4702.447103234901,1375.353858706656,-876.9234966860278,4759.259765889596,1318.5411960519614
2413,2746,2599,4822.929095561528,1239.3533624640418,-915.4803643016825,4880.473495823371,1181.8089622021982
2414,2746,2600,5006.3829156630145,1450.587432560876,-1004.8584417753805,5076.012034921878,1380.958313302013
2415,2746,2601,4765.011909500675,1417.1384685212001,-936.9767601916067,4829.334521357157,1352.8158566647176
2416,2747,2548,4930.878889711441,1528.1877152769855,-964.1763575503956,4997.861840763706,1461.2047642247207
2423,2747,2604,5164.892055916663,1542.9510999713973,-1081.3152547141392,5243.875212853575,1463.9679430344852
2422,2747,2603,5550.729932828545,1425.5130623206096,-1212.5516708874454,5637.987527313129,1338.2554678360252
2421,2747,2602,5283.040185680703,1279.3952312392928,-1106.7377879114126,5358.11692679097,1204.3184901290265
2418,2747,958,5599.954204701358,1260.4886568482375,-1195.019837421984,5680.723244417493,1179.7196171321025
2419,2747,2549,5505.240204707882,1601.1520460956528,-1228.3713634202172,5599.583219568403,1506.8090312351314
2417,2747,957,5069.366926123796,1332.3705976505275,-1040.8611241977458,5140.490724982605,1261.2467987917187
2420,2747,2600,4999.4361427070035,1428.6120528089043,-1003.3816946137008,5068.583311296474,1359.464884219434
2426,2748,959,6760.020520667287,1066.3756514583968,-1334.0434426374825,6837.119417234082,989.2767548916017
2424,2748,2549,5512.177992674682,1627.5411410548882,-1238.9380704498078,5608.570618692167,1531.148515037403
2425,2748,958,5608.407084142844,1296.75628361581,-1216.3217670119268,5692.546598034927,1212.6167697237265
2427,2748,2550,6578.662790767615,1479.109531497852,-1533.9539195207892,6691.519165854847,1366.2531564106193
2428,2748,2603,5560.538035216786,1464.401816858395,-1230.7293154637014,5650.987319425421,1373.95253264976
2430,2748,2606,6668.822635675312,1273.18405680999,-1438.1256684621437,6763.006261357063,1179.0004311282396
2431,2748,2607,5909.5204215037165,1503.1649251339372,-1364.63685356268,6012.757775945065,1399.9275706925887
2429,2748,2605,6044.1999904159375,1135.361409580691,-1259.7411420701758,6123.7323549101075,1055.8290450865202
2432,2749,2550,6650.204047781731,1741.303266431285,-1622.2290391656916,6780.755298143486,1610.7520160695312
2433,2749,959,6742.757457106777,1091.6708292122273,-1493.4270824302903,6839.760315870245,994.6679704487597
2439,2749,2610,7795.559575117995,983.1151332941251,-1543.9197742623087,7881.939805899321,896.7349025127987
2438,2749,2609,9499.423822543353,378.12118841922984,-910.6558384665271,9522.097057578078,355.4479533845033
2437,2749,2608,7382.941097455932,529.6415468415607,-1087.0573299494129,7425.7800585855675,486.8025857119251
2436,2749,2606,6694.200039484624,1397.4820697731807,-1533.2805564661808,6802.930576003813,1288.7515332539915
2435,2749,1467,10053.665661187139,548.7420594741734,-1378.218889554775,10103.366393552687,499.0413271086236
2434,2749,5,8954.251382508539,274.8799329938097,-523.4535665348873,8962.136600098449,266.99471540389914
2445,2750,2597,4015.857062211595,1055.0255954699144,-875.4261403795781,4079.2105717740674,991.6720859074417
2446,2750,2611,4265.638873414677,395.57705252933715,-816.4824945029867,4308.234201755778,352.98172418823674
3207,2750,1490,3888.357606827422,1052.897287094991,-335.62949125010823,3898.2550577349284,1042.999836187484
3208,2750,2547,4660.839635008285,947.0077824290886,-575.8303346037272,4683.027724166053,924.8196932713201
3212,2750,2611,4488.33414614873,1011.1704759210122,-739.027819943552,4527.168223828076,972.3363982416661
3210,2750,1489,3833.5747390399383,1204.4586205703217,-539.1771585383032,3860.933552480761,1177.0998071294991
3211,2750,2597,4220.394115351491,980.4714491086781,-448.62402094137934,4235.8503432370235,965.0152212231446
3213,2750,2612,4039.30852945435,1134.9579149298481,-698.6710474201005,4080.7357232438308,1093.5307211403672
2447,2750,2612,4187.210540289445,903.8620712651773,-291.5765187153791,4193.6711633746945,897.4014481799281
2440,2750,1489,4111.7020369173115,769.8852921632118,226.35949679618403,4115.530791473076,766.0565376074474
2441,2750,1490,3503.7631452816145,1193.1568735610342,-1138.194689718179,3636.325345415071,1060.5946734275776
2442,2750,2547,4660.839635008285,947.0077824290886,-575.8303346037272,4683.027724166053,924.8196932713201
2443,2750,2551,4336.66589490049,1103.1381070216357,-876.8667967761634,4395.058511132068,1044.7454907900576
3209,2750,2551,4336.66589490049,1103.1381070216357,-876.8667967761808,4395.05851113207,1044.7454907900553
2444,2750,2613,3630.087314132171,502.15304805875746,-524.8227916856217,3651.948965639126,480.2913965518021
2448,2751,2551,4475.8555931250585,1438.2479172561616,-798.2260319566986,4527.419959672522,1386.683550708698
2449,2751,2547,4698.8872096875075,1336.2674324620068,-735.5430057037771,4738.640602844767,1296.5140393047473
2450,2751,2548,4904.386998475376,1478.537114641496,-1007.7172605974989,4976.955090979932,1405.969022136939
2451,2751,2552,4845.483982738981,1568.9754330243993,-885.7392096295877,4904.289092805211,1510.1703229581694
2452,2751,2611,4612.911608512766,1456.3917695254827,-757.1004203810926,4657.674989873238,1411.6283881650104
2453,2751,2601,4776.007355418231,1395.9736972567441,-861.4817524767857,4830.035991638994,1341.945061035981
2454,2751,2614,4908.8571236444795,1615.0790595887115,-933.4472422544007,4973.714107336167,1550.2220758970238
2455,2751,2615,4628.860510934245,1493.0048500629784,-839.1972297846587,4684.034858143061,1437.8305028541622
2460,2752,2614,4899.12763108576,1591.121559130989,-938.6193902236441,4964.420274434173,1525.8289157825761
2463,2752,2617,5069.41769859741,1697.3211419478478,-1007.750281532347,5143.0992161004115,1623.639624444846
2462,2752,2616,5428.75192946052,1698.0081611296741,-1199.784513981847,5522.83991633929,1603.9201742509047
2461,2752,2604,5151.490550760373,1543.6861527123879,-1096.565157955421,5232.973439736719,1462.2032637360412
2457,2752,2548,4924.976219568922,1538.8759770684103,-1002.6407805302999,4997.638658947125,1466.2135376902072
2458,2752,2549,5490.1715976346395,1592.4709798703855,-1216.395486059004,5582.870215684254,1499.7723618207715
2456,2752,2552,4874.248173142553,1639.5906023960788,-870.3190223013299,4931.767500328111,1582.0712752105214
2459,2752,2553,5370.968102841685,1805.5459769882862,-1177.0141620088973,5465.595400007172,1710.9186798227995
2470,2753,2618,6611.2696271647255,1701.8485719766113,-1594.2877114583262,6737.458574755212,1575.6596243861245
2468,2753,2616,5439.986416937161,1740.0482362279317,-1202.562425217187,5535.2486063802835,1644.7860467848095
2469,2753,2607,5929.443674303015,1508.767199769385,-1362.4729644718107,6032.042588766208,1406.168285306192
2467,2753,2554,6546.807312314021,1857.0949930235647,-1642.00100192512,6686.381113848407,1717.5211914891784
2471,2753,2619,5812.1085692229035,1784.4211386002016,-1382.4691380189422,5927.436462564255,1669.0932452588504
2465,2753,2549,5492.981522117614,1617.1444641316314,-1225.706882941479,5587.578076890765,1522.5479093584802
2464,2753,2553,5376.866434749638,1833.6014626627448,-1182.1144279657992,5472.8608642880245,1737.6070331243586
2466,2753,2550,6663.201007178292,1511.306627797729,-1550.5813608243577,6777.34295415379,1397.1646808222308
2474,2754,1467,10241.472579682926,629.2202356634666,-1442.5761300208917,10295.295507612764,575.3973077336286
2472,2754,2554,6640.579988652764,2162.462430958089,-1637.4688755488694,6785.574542835363,2017.4678767754895
2475,2754,1468,10495.88575095019,1111.4534153227037,-2518.8123892319622,10661.961106761784,945.3780595111093
2476,2754,2618,6669.582155648466,1940.2477391424595,-1620.9788171406678,6804.623747874379,1805.206146916547
2477,2754,2610,7707.168478719495,944.4754804211925,-1511.2938800000954,7790.573982995649,861.0699761450401
2478,2754,2620,10365.931218701393,832.3837994203795,-1963.1747356732394,10465.947555859324,732.3674622624476
2479,2754,2621,7770.595742535443,1369.8692833523767,-2006.623539123051,7924.179338441032,1216.285687446787
2473,2754,2550,6699.787499842669,1758.4575786588132,-1626.682919915156,6830.220322492009,1628.0247560094735
3214,2755,1489,3792.2354695684126,1074.7241607567098,-361.87032711459267,3804.2294136638257,1062.730216661296
3216,2755,2555,4012.913536434688,1200.5004673991011,-952.9039770836622,4091.437049806412,1121.9769540273776
2486,2755,2622,3983.6175346195364,519.0356256279216,-1019.7631044573332,4057.098201434439,445.5549588130191
2487,2755,2623,4251.061550971487,936.6520932114083,-417.8062519238714,4264.176560781928,923.5370834009675
3217,2755,1488,3662.1475092406235,1220.4076858448389,-553.9239766670862,3693.1686807727738,1189.3865143126886
3218,2755,2612,4121.9960266714215,1049.7816860108703,-537.0202302098103,4145.287112289168,1026.4906003931233
3219,2755,2622,4264.297951633472,1125.2364402465082,-862.4311588895729,4322.45686815139,1067.07752372859
2484,2755,2624,3432.2976596745366,534.5120010922856,-629.8427302251365,3466.127291593062,500.68236917375975
2485,2755,2612,3599.727703938021,1149.2297751264014,-901.1246351132412,3679.9447202377605,1069.0127588266614
2483,2755,2555,4012.913536434688,1200.5004673991011,-952.9039770836902,4091.4370498064163,1121.976954027373
2482,2755,2551,4551.784797098153,1067.453150753418,-734.7993430242581,4590.103254692418,1029.1346931591527
2481,2755,1489,2810.3552366390686,1261.6895742324532,-1046.3976138282667,2970.5427770894253,1101.5020337820965
2480,2755,1488,4509.278386194626,742.4416736043859,55.069770899871045,4509.479650403114,742.2404093958987
3220,2755,2623,3800.4383630029834,1190.8626939790524,-741.7524068477716,3852.12406356516,1139.176993416876
3215,2755,2551,4551.784797098153,1067.453150753418,-734.7993430242581,4590.103254692418,1029.1346931591527
2492,2756,2622,4536.326517461742,1463.727673750939,-640.3687829572775,4569.337121745149,1430.7170694675324
2488,2756,2555,4292.801993168986,1388.1557816637085,-679.5527775417122,4332.01849395355,1348.9392808791445
2489,2756,2551,4708.890667395677,1399.9229307407777,-644.8237986916248,4740.012418243584,1368.8011798928712
2490,2756,2552,4774.39907903879,1572.0170868369091,-919.577219983958,4839.106690858835,1507.3094750168636
2491,2756,2556,4803.468611679088,1564.0563900993016,-808.2243617271108,4853.120024025692,1514.4049777526973
2493,2756,2615,4727.670491573478,1476.0211731290606,-773.0540834951756,4772.985855370631,1430.7058093319079
2494,2756,2625,4836.215384495491,1660.0275248929904,-834.5669916340904,4890.122625751336,1606.1202836371451
2495,2756,2626,4517.722935677802,1466.432562175336,-740.3736196099971,4561.992240232004,1422.1632576211327
2496,2757,2556,4842.201274150709,1629.9398007343607,-781.5430341980992,4889.055208265176,1583.0858666198937
2497,2757,2552,4806.5152207403835,1641.934020945121,-901.7280753140549,4869.497219221757,1578.9520224637472
2498,2757,2553,5393.535970262368,1804.1287673052789,-1165.592343647967,5485.790872581072,1711.8738649865757
2499,2757,2557,5276.106502782601,1861.2438600965238,-1108.4121160130626,5363.798038470349,1773.5523244087756
2503,2757,2628,5006.703371806451,1718.4698119666782,-929.0447305943878,5071.065744195845,1654.1074395772848
2502,2757,2627,5332.822115747551,1836.7478106461604,-1140.4609224479484,5423.479245997901,1746.0906803958105
2500,2757,2625,4823.983405050862,1641.665497861315,-843.6766626468576,4878.951540528663,1586.6973623835136
2501,2757,2617,5041.437358190712,1697.485636804015,-1019.5235049157753,5117.420399477099,1621.5025955176288
2509,2758,2619,5815.657611597424,1782.9497474929026,-1378.8031242058057,5930.25597678988,1668.3513823004469
2504,2758,2557,5286.277969202722,1893.7224935927127,-1105.651398489728,5374.089471743737,1805.9109910516975
2505,2758,2553,5396.678684752463,1830.5033118362114,-1169.3123621823945,5490.083616901385,1737.09837968729
2506,2758,2554,6558.141577473205,1870.9282291765116,-1658.0535952894804,6700.450765602938,1728.6190410467793
2507,2758,2558,6428.795753871868,2077.1063647908704,-1734.0917130315731,6595.186882655151,1910.7152360075884
2508,2758,2627,5349.21762404122,1879.7518716968611,-1133.3940676754391,5439.435070434856,1789.5344253032258
2510,2758,2629,6503.341573536386,1995.4721232107472,-1690.5910172816943,6656.634764924715,1842.1789318224178
2511,2758,2630,5694.475914742678,1912.2394139882474,-1380.8709965303872,5816.571367421968,1790.1439613089572
2519,2759,2632,7484.090926018682,1764.5941766587653,-2451.785828374639,7735.768945059029,1512.9161576184188
2518,2759,2631,10220.95965682011,1443.5383500850544,-3067.211767415124,10481.198154123525,1183.2998527816399
2517,2759,2621,7774.968003803919,1356.1607643587,-1984.2878283339303,7924.823400696005,1206.305367466613
2515,2759,1469,9979.321729621914,1836.692999636178,-3561.4153043448173,10351.71307058018,1464.301658677913
2516,2759,2629,6588.674447659772,2231.3299603405276,-1657.1915820513286,6740.921278141999,2079.0831298582993
2513,2759,2554,6643.792825394139,2165.539375960152,-1640.754528466655,6789.3479127881055,2019.984288566186
2512,2759,2558,6546.99602164908,2346.1214765399977,-1671.6588570354315,6707.1886545661555,2185.9288436229226
2514,2759,1468,10489.147265527872,1142.3291607422611,-2567.838437273971,10662.304083003382,969.1723432667513
3224,2760,1487,3489.2958648323993,1168.990881739498,-580.1231050852833,3525.0068721456155,1133.2798744262816
2520,2760,1487,4789.512392956232,685.6447225938648,-216.38189830876263,4792.362669413127,682.7944461369698
2521,2760,1488,2220.769186750788,1282.303801268754,-879.4886783373247,2394.618451281058,1108.454536738484
2522,2760,2555,4359.046384043537,1173.4957242040437,-863.2122736901392,4416.488345562491,1116.0537626850894
2523,2760,2559,3679.082197014818,1258.3068632842544,-985.9611461159378,3775.625342974815,1161.7637173242572
2524,2760,2635,3210.871464368284,546.8323649287837,-730.8698922430596,3260.0900478762733,497.6137814207941
2525,2760,2623,3195.8283266824733,1209.073247638946,-871.0053202355949,3287.098888157522,1117.8026861638975
3221,2760,1488,3694.3190641609513,1074.4182429572213,-409.88792772743506,3710.254058320813,1058.48324879736
3222,2760,2555,4359.046384043537,1173.4957242040437,-863.2122736901392,4416.488345562491,1116.0537626850894
3223,2760,2559,3679.0821970148177,1258.3068632842542,-985.9611461159238,3775.625342974812,1161.7637173242601
3225,2760,2623,3979.875892041718,1098.495407277655,-621.1369830147971,4012.970288747765,1065.401010571608
3226,2760,2633,3992.0409306350543,1211.5550849652086,-945.2200734192612,4070.1765799984823,1133.4194356017804
3227,2760,2634,3552.7359831848257,1190.6269065953702,-769.2877646487091,3613.7928483624773,1129.5700414177181
2526,2760,2633,3632.2863047231194,640.0944471925224,-1164.9002297874395,3741.665746185533,530.7150057301089
2527,2760,2634,4244.520672496831,933.462017335974,-575.7587168071145,4269.363886787326,908.6188030454784
2528,2761,2559,4163.925350249374,1236.9817360238999,-605.1296645925422,4194.874905389027,1206.0321808842461
2529,2761,2555,4728.874497690973,1386.5982913763241,-597.2872761854898,4755.349596178101,1360.1231928891953
2530,2761,2556,4681.699141479573,1556.0500749326652,-823.2122988019221,4734.993460279219,1502.7557561330186
2531,2761,2560,4772.042324254164,1455.3593984373565,-782.8153837172586,4817.607076149639,1409.7946465418806
2532,2761,2633,4493.663539237541,1374.8589687615406,-571.0614196309307,4519.588751223134,1348.9337567759478
2533,2761,2626,4695.635087598322,1460.9210072949297,-702.1983276020303,4733.305061772986,1423.2510331202654
2534,2761,2636,4790.072861994461,1588.9596644665157,-762.5908352545016,4834.863527898478,1544.1689985624985
2535,2761,2637,4434.18254490874,1334.7083290987214,-687.8132828178186,4471.882642572171,1297.00823143529
2539,2762,2561,5186.724948348742,1780.0153217538284,-1084.2274880417456,5270.911723781444,1695.8285463211257
2540,2762,2636,4774.0016026195135,1573.294482612683,-773.4595714659938,4820.0658037535,1527.2302814786965
2541,2762,2628,4962.468928662148,1714.7090820821015,-933.6837603209427,5028.242030799587,1648.9359799446624
2542,2762,2638,5248.520978182616,1829.2719943963805,-1097.5114224913834,5334.432265355336,1743.36070722366
2543,2762,2639,4954.795276104758,1616.6672316285621,-900.0050458263543,5014.394604828276,1557.0679029050443
2538,2762,2557,5317.181530932849,1864.5672102000003,-1103.9460278390127,5403.279021859224,1778.4697192736262
2537,2762,2556,4726.702738912091,1621.6454282116988,-795.1019061146752,4776.794433476461,1571.5537336473287
2536,2762,2560,4823.500171881642,1509.514789834856,-748.4440981854656,4865.232567542998,1467.7823941734996
2546,2763,2558,6406.337873166759,2083.804993325036,-1744.5883291417408,6575.730081326432,1914.4127851653625
2545,2763,2557,5326.643580452597,1895.5178095277242,-1099.870816880224,5412.631406858243,1809.5299831220786
2544,2763,2561,5202.970600977537,1810.3678626275275,-1074.7946540692592,5286.060763244941,1727.2777003601238
2548,2763,2638,5272.719197302942,1868.3352654262626,-1082.8038644775108,5356.74489479112,1784.309567938085
2549,2763,2630,5702.525884788635,1909.9874277734064,-1377.2495539171882,5823.690935365754,1788.8223771962876
2551,2763,2641,5533.842144032353,1905.1149436870123,-1411.443943913866,5666.260189379877,1772.6968983394884
2547,2763,2562,6188.315370026015,2169.964778121937,-1846.2371409564487,6390.233302552984,1968.046845594968
2550,2763,2640,6307.116791957015,2145.1309501397695,-1789.74017643275,6491.366465486389,1960.8812766103956
2557,2764,2632,7509.5865674801225,1757.4416254095865,-2440.296359389912,7757.702701356508,1509.3254915332009
2554,2764,1469,9923.425654215627,1853.4501192957196,-3587.6191751056444,10304.191403421644,1472.6843700897025
2559,2764,2643,6906.8118452954095,2151.870211807889,-2802.757966618881,7289.092926699315,1769.5891304039837
2558,2764,2642,9347.181116152082,2224.752746894435,-3954.585104233126,9859.286499818529,1712.6473632279885
2556,2764,2640,6417.528757104381,2338.993814764261,-1724.307211696804,6592.289438205591,2164.233133663051
2555,2764,1470,8825.572124880828,2680.7452451361437,-4287.979628755784,9499.679293475005,2006.6380765419663
2553,2764,2558,6533.19432579998,2345.4279891457595,-1673.5606395333693,6694.205395824729,2184.416919121011
2552,2764,2562,6332.174528045536,2377.214094652464,-1756.1456470969583,6518.357845931163,2191.030776766837
2565,2765,2634,2822.943968134251,1187.497924107778,-795.1606967061026,2914.473976980408,1095.9679152616209
2564,2765,2646,2972.311745122559,529.8369348843878,-800.9916365537196,3036.3049419264316,465.84373808051555
2563,2765,2563,3326.651715717282,1262.252832163115,-981.4728986866457,3437.3686970958966,1151.5358507845008
3228,2765,1487,3570.6291260237244,993.9271449710368,-463.2765199077512,3591.287134039663,973.2691369550973
3229,2765,2559,4127.103890153621,1248.2717301813743,-962.309999300197,4205.392914926293,1169.9827054087032
3230,2765,2563,3326.651715717282,1262.2528321631148,-981.4728986866319,3437.3686970958934,1151.535850784503
2567,2765,2645,4171.480375210899,930.1124791225786,-741.2405403990043,4213.317357600627,888.2754967328513
2560,2765,1486,4963.755797193177,670.6995411898436,-530.1768510323002,4980.062586064496,654.3927523185253
2561,2765,1487,1723.1483901378904,1170.2119431768213,-648.4503666713597,1872.7748135417517,1020.58551977296
2562,2765,2559,4127.103890153621,1248.2717301813743,-962.309999300197,4205.392914926293,1169.9827054087032
3231,2765,1486,3329.8490702149684,1090.6197625330547,-593.0904355241875,3368.4554830417583,1052.013349706265
3232,2765,2634,3805.4558193864564,1093.750295516047,-696.6848266274588,3849.488463104356,1049.7176517981472
2566,2765,2644,3240.4194819183967,741.9777201809914,-1249.3765265053305,3387.904810473855,594.4923916255327
3233,2765,2644,3687.066641011047,1251.236747067923,-993.782161039612,3784.5290406426884,1153.7743474362817
3234,2765,2645,3302.597226467475,1153.44907656199,-774.6846066677666,3370.2768459769304,1085.7694570525343
2568,2766,2563,4046.141702356855,1015.6992348775727,-592.7311718404112,4074.8530926955145,986.9878445389131
2570,2766,2560,4609.61547920666,1430.3474012908796,-772.7721576733766,4655.900319573893,1384.062560923647
2571,2766,2564,4716.716812142077,1278.1025089049895,-839.7434096482458,4767.242796759429,1227.576524287638
2572,2766,2644,4463.930452018415,1203.079218194593,-569.3430475964583,4488.595638882596,1178.4140313304122
2573,2766,2637,4677.1335418331655,1349.1162362249056,-687.8864995090507,4712.307561862865,1313.942216195205
2574,2766,2647,4744.478720557831,1422.3538408472252,-760.259930999431,4787.419572885048,1379.4129885200077
2575,2766,2648,4343.64877961863,1133.6596656624088,-707.1545883116437,4382.133589980406,1095.1748553006328
2569,2766,2559,4760.044674178224,1286.9968168350529,-614.8234234220603,4787.044863670635,1259.9966273426412
2583,2767,2650,4872.752821409712,1436.438472054965,-953.2348824842088,4937.634699078502,1371.556594386175
2582,2767,2649,5139.845730289975,1706.9049498339493,-1116.9502613584634,5228.414140785285,1618.336539338639
2581,2767,2639,4895.302388068883,1606.4038443834063,-895.6119499764485,4955.183952331408,1546.522280120881
2580,2767,2647,4723.166787923255,1409.2488460869304,-772.2132598749179,4767.557681373923,1364.8579526362626
2578,2767,2561,5238.083890610585,1789.5671269464922,-1088.469304420186,5321.934555264482,1705.7164622925948
2577,2767,2560,4670.046374323291,1485.1714885465594,-738.496348519582,4712.295820018493,1442.9220428513577
2576,2767,2564,4783.34847537805,1319.4253888392648,-802.3638143206592,4829.205176473614,1273.5686877437013
2579,2767,2565,5055.775307084876,1610.953576264892,-1137.9656482199002,5147.321619618876,1519.4072637308918
2591,2768,2652,5296.334869153438,1810.4512906164125,-1493.6778253150194,5449.60362785632,1657.1825319135312
2584,2768,2565,5077.20106413991,1632.590035066713,-1125.7669648142025,5166.848667145243,1542.9424320613803
2585,2768,2561,5255.580254823649,1818.7914474169563,-1078.2569781678176,5338.168597961837,1736.2031042787687
2586,2768,2562,6146.867155842061,2169.56677062025,-1847.5639371025998,6350.955596536982,1965.4783299253281
2587,2768,2566,5807.548514950738,2177.407087261487,-1971.6788158451955,6057.994935982901,1926.9606662293245
2590,2768,2651,5984.5665932249785,2186.913198452279,-1905.2993086891165,6210.141974219734,1961.3378174575241
2588,2768,2649,5172.7591871672985,1737.2765777706663,-1098.2733693222624,5258.3997855353555,1651.6359794026098
2589,2768,2641,5549.330039450768,1904.6688125895726,-1410.5620639989559,5681.0491180046365,1772.949734035704
2593,2769,2562,6309.144158097934,2373.048538123862,-1754.3199762264128,6495.770761367234,2186.4219348545635
2592,2769,2566,5973.897651673142,2314.9001026118294,-1877.6463536523192,6200.719553339449,2088.0782009455224
2594,2769,1470,8757.629913809898,2688.7184972692235,-4295.75771835435,9440.875785703665,2005.4726253754561
2595,2769,1471,7291.4159583871815,3510.4166600080753,-4592.097868109447,8375.110255657686,2426.72236273757
2596,2769,2651,6117.235483342934,2327.751864400782,-1829.6249819050947,6326.520389044584,2118.466958699132
2597,2769,2643,6935.850547003751,2148.347373180398,-2799.3588435808333,7315.030467292663,1769.1674528914868
2598,2769,2653,7982.896256275135,3068.6328161311926,-4467.317870507629,8846.416359087196,2205.112713319131
2599,2769,2654,6100.313533572341,2497.9328667283967,-3002.049020796351,6643.768418094618,1954.4779822061187
3235,2770,1486,3425.276948606504,931.099585295458,-527.4097710568308,3452.8531039041563,903.5234299978056
2600,2770,1485,4937.967372245508,688.933554691238,-904.3158982667481,4985.55057779194,641.3503491448064
2601,2770,1486,1332.6172236579316,1005.0153913813657,-394.9051853654684,1425.367016902559,912.2655981367384
2602,2770,2563,3837.0947196610196,1284.2981437669862,-1032.2219315134864,3937.4909401459745,1183.9019232820312
2603,2770,2567,2987.7605440819657,1217.5352232395949,-954.627274320562,3108.2585090307816,1097.037258290779
2604,2770,2657,2679.4927788437553,504.5086242172432,-870.4785271836895,2763.3555729469595,420.6458301140392
2605,2770,2645,2488.183020909077,1120.6764874096866,-694.8337931612823,2571.3828360494044,1037.4766722693591
2606,2770,2655,2814.8327959539974,800.7020812013624,-1283.1978908894341,3001.8486086927032,613.6862684626567
2607,2770,2656,4008.8938382964616,923.2414080804157,-928.8649553989259,4077.2815308886575,854.8537154882194
3236,2770,2563,3837.0947196610196,1284.2981437669862,-1032.2219315134864,3937.4909401459745,1183.9019232820312
3241,2770,2656,3034.8638307241717,1076.1164607235078,-789.7934970910425,3111.48079761568,999.4994938319994
3237,2770,2567,2987.760544081966,1217.5352232395962,-954.627274320562,3108.258509030782,1097.0372582907803
3238,2770,1485,3106.613496024362,976.3665065088502,-642.8362187251679,3154.0535545574703,928.9264479757423
3239,2770,2645,3601.1343650697922,1081.3422514077458,-765.3196080475453,3657.964019855988,1024.5125966215498
3240,2770,2655,3360.070132256231,1246.2547830059743,-1014.0601428875401,3475.3967883132277,1130.928126948977
2611,2771,2568,4590.229521608851,1082.8592211124023,-976.882331414838,4656.980137477839,1016.108605243415
2612,2771,2655,4404.399082355519,991.615234377235,-650.2382437638378,4435.095481298931,960.9188354338221
2610,2771,2564,4527.635925053393,1229.9249239285991,-802.5740010342972,4575.7647256908995,1181.7961232910932
2615,2771,2659,4215.295218844403,908.2784524600735,-806.8188687601113,4263.794222543847,859.7794487606293
2614,2771,2658,4656.562979201758,1207.9209015859785,-845.3952467436794,4707.616922103288,1156.866958684449
2608,2771,2567,3917.248914303355,765.7546552822274,-661.6572064159707,3951.603204226153,731.4003653594289
2609,2771,2563,4745.697689922601,1139.3270244862706,-705.1823331741541,4779.846805497711,1105.17790891116
2613,2771,2648,4630.791832667329,1176.0477880077285,-749.4695402126589,4670.971860901921,1135.8677597731369
2617,2772,2564,4605.234736722664,1273.304119056889,-767.0081552352084,4648.806145186011,1229.7327105935417
2618,2772,2565,5112.169563081511,1627.8492106478272,-1150.2130350618895,5204.640027103316,1535.3787466260217
2620,2772,2658,4630.95701100464,1196.6510123954872,-856.7152007515774,4683.579324224342,1144.0286991757855
2621,2772,2650,4802.758212642889,1417.950980902944,-939.1741904645271,4866.697968388624,1354.0112251572089
2622,2772,2660,4962.823006715967,1524.857414260219,-1214.1331257614484,5066.868368662073,1420.8120523141124
2623,2772,2661,4711.902634747831,1232.47192911067,-1089.2982876317258,4795.166217268887,1149.2083465896153
2616,2772,2568,4670.371046357773,1109.9532063408637,-942.5702042022032,4731.697748144376,1048.6265045542593
2619,2772,2569,4837.322006768397,1412.3311129740598,-1270.2340703270331,4951.302484705287,1298.35063503717
2624,2773,2569,4861.245184290736,1422.603302333338,-1259.6910856132545,4972.9812893598255,1310.8671972642485
2631,2773,2663,4952.769032398659,1678.3622506747326,-1620.7644906398405,5142.353622277664,1488.7776607957271
2626,2773,2566,5756.332843006356,2167.441428925542,-1963.025902043008,6007.224044286602,1916.5502276452958
2627,2773,2570,5286.13413599775,2132.4807793251257,-2090.8788401328534,5601.218120071783,1817.3967952510918
2628,2773,2660,5002.506555780461,1543.861714984493,-1196.3751937543898,5103.043265137785,1443.3250056271686
2629,2773,2652,5316.738038765925,1813.3276981205981,-1496.6223067146732,5469.879472759247,1660.1862641272767
2625,2773,2565,5136.265078715008,1649.1917254295554,-1138.090610906173,5226.77657550082,1558.6802286437432
2630,2773,2662,5524.780215765826,2159.010028156529,-2024.3761293212065,5805.724777809988,1878.0654661123672
2637,2774,2654,6129.09928516414,2498.8214753743237,-3004.7474816785752,6670.198080762652,1957.7226797758112
2636,2774,2662,5673.000874574798,2245.8103177886164,-1955.8679451135529,5932.4143728504205,1986.3968195129942
2635,2774,1472,5611.891515369776,4178.372598474561,-4459.196387157035,7237.108193880591,2553.1559199637454
2639,2774,2665,5153.464343438607,2759.178005530629,-3026.2027238049614,5885.732353669693,2026.9099952995434
2638,2774,2664,6363.793489697568,3826.8760781750693,-4545.987447884206,7698.311533218128,2492.35803465451
2634,2774,1471,7224.679506863985,3509.6208958346065,-4586.4210667605485,8318.290603168925,2416.0097995296655
2633,2774,2566,5946.421173669464,2306.1225601476963,-1871.4290750185664,6172.855653272662,2079.6880805445
2632,2774,2570,5464.759601778149,2202.2729003684317,-2013.0731391264853,5750.302815896551,1916.72968625003
2642,2775,2567,3526.4647726306334,1283.3590144336536,-1078.9549610923366,3649.466758787409,1160.3570282768776
2641,2775,1485,1058.0756882742187,740.8796347137187,-174.72696501588024,1080.54591430076,718.4094086871776
2640,2775,1484,4778.232574401876,783.8155888706407,-1282.1020384370397,4878.591285045059,683.4568782274582
2643,2775,2571,2666.261685631602,1123.280260303062,-908.3813644789685,2790.029089691437,999.5128562432268
2644,2775,2668,2380.3547060364726,470.3154049902629,-937.4413839509283,2489.1779104366087,361.4922005901269
3243,2775,2567,3526.4647726306334,1283.3590144336536,-1078.9549610923366,3649.466758787409,1160.3570282768776
3244,2775,2571,2666.261685631602,1123.2802603030627,-908.3813644789547,2790.029089691434,999.5128562432311
3245,2775,1484,2902.681178189009,865.0134794668359,-706.4567699894205,2962.175991421058,805.5186662347867
3246,2775,2656,3361.5881291885985,1038.212915707065,-840.6604200576052,3435.293407775389,964.507637120274
3247,2775,2666,3029.4878967556474,1197.2880351311082,-1012.0346412770941,3159.950248858475,1066.825683028281
3248,2775,2667,2779.6359852923447,977.0184582002408,-802.6008144207964,2864.937329170773,891.7171143218125
3242,2775,1485,3242.17837595353,842.3378900559051,-626.6423696619335,3282.410847109806,802.1054188996288
2646,2775,2666,2389.897388678193,818.6611615825691,-1268.5145177593163,2613.9713523380615,594.5871979227006
2645,2775,2656,2199.458061554437,984.2284168059598,-600.2026417997657,2269.5279558255806,914.1585225348163
2647,2775,2667,3777.5906990321982,933.81419420104,-1108.8936252971987,3881.866746557363,829.5381466758749
2648,2776,2571,3737.777666572436,531.9873624633746,-787.3490842406887,3785.41349380717,484.3515352286404
2655,2776,2670,4008.2272962983557,705.8169151157653,-965.0438277627804,4077.285451480432,636.7587599336887
2654,2776,2669,4483.8525934978925,995.2553423650106,-1007.3048950141507,4555.1099387108825,923.9979971520206
2649,2776,2567,4660.508360062571,975.7038222461093,-870.7404837910503,4711.249870164896,924.9623121437853
2652,2776,2666,4281.582780345824,779.9135302312119,-801.7113927416192,4326.884891066862,734.6114195101741
2651,2776,2572,4353.825578708492,914.6018109231775,-1173.1432750336944,4451.115265392526,817.3121242391426
2653,2776,2659,4521.3993226695375,986.1830114091202,-890.2327917996264,4576.582213141231,931.0001209374266
2650,2776,2568,4391.975916270577,1006.77938395959,-914.7763580506315,4452.68676059865,946.0685396315162
2662,2777,2671,4676.732085737098,1339.0568371834495,-1375.6712340409074,4812.925445195407,1202.8634777251407
2660,2777,2669,4453.715234271484,987.6350044378571,-1016.815954588863,4526.75006555361,914.6001731557321
2663,2777,2672,4434.55131523079,1056.9580666216398,-1283.52508366457,4552.379499335964,939.1298825164654
2658,2777,2569,4894.285723111894,1436.8771908362994,-1288.9253910649345,5010.507093875485,1320.6558200727086
2657,2777,2568,4483.737037986203,1037.6425168321648,-883.8880068121501,4539.511399812217,981.8681550061508
2656,2777,2572,4445.673771804277,932.3296248365657,-1145.541123647787,4536.692930710218,841.3104659306243
2659,2777,2573,4494.796934678542,1236.6559289076772,-1454.597729434416,4649.776414834598,1081.676448751621
2661,2777,2661,4637.931698043574,1203.961722421908,-1066.0872144397003,4718.771211001856,1123.1222094636266
2664,2778,2573,4517.6579206512715,1235.8755541135529,-1449.0351762276591,4670.491802941724,1083.0416718231004
2665,2778,2569,4921.482634854728,1447.9889337048364,-1279.2756093608907,5035.526465085803,1333.9451034737615
2666,2778,2570,5233.1326475455735,2111.0960433851974,-2073.9457175537614,5546.171668299778,1798.0570226309935
2667,2778,2574,4638.417750578296,2055.1140412264,-2181.1422923643163,5037.242141985944,1656.2896498187533
2668,2778,2671,4719.8509213825,1346.6809138174726,-1362.8887800493317,4852.313864103912,1214.21797109606
2669,2778,2663,4975.150818144589,1685.6207030087278,-1627.356136306085,5165.41276124714,1495.3587599061766
2670,2778,2673,4934.495167404018,2088.4687665822967,-2126.5155011682427,5287.85006305905,1735.1138709272643
2671,2778,2674,4486.118426090927,1549.1418018705717,-1767.5831480853503,4731.557028744919,1303.703199216579
2679,2779,2676,4156.1136372070205,2891.1876277819665,-2882.270750324781,5097.461492119767,1949.83977286922
2678,2779,2675,4708.1279397713715,4354.531976674298,-4213.495894943566,6645.483320790509,2417.17659565516
2672,2779,2574,4817.048879138443,2068.145889996621,-2132.8638994102876,5182.250802429873,1702.9439667051909
2673,2779,2570,5436.873604102432,2188.076941466054,-2003.2357595219657,5720.853724728774,1904.0968208397123
2674,2779,1472,5553.413507036384,4167.053249758743,-4444.38421016354,7188.029856319866,2532.43690047526
2677,2779,2665,5178.691148107979,2765.0066252993856,-3032.8906742304257,5909.908407040946,2033.7893663664177
2675,2779,1473,3990.956340159396,4548.98173176724,-3948.465636868905,6263.820411016989,2276.1176609096465
2676,2779,2673,5088.175943775603,2127.3182738574615,-2078.019380953176,5416.395961491513,1799.0982561415508
3249,2780,1484,3021.864929621421,804.3722730512933,-732.3673014640984,3080.7696136465693,745.4675890261453
2680,2780,1484,914.8201128797815,492.05638783355295,-8.069566212428068,914.8586166378157,492.0178840755188
3250,2780,2571,3196.360317115718,1247.7925152300886,-1099.4373111763914,3340.745142802034,1103.407689543772
3252,2780,1483,2695.207428983321,760.8342703507303,-793.7247086100181,2773.463151984122,682.5785473499295
3253,2780,2667,3083.624912280312,994.1168218344742,-901.7202332779149,3176.757443032937,900.9842910818493
3254,2780,2677,2682.6750466470194,1119.6355857950925,-996.016588632159,2827.8620391127597,974.448593329352
3255,2780,2678,2509.113051732792,865.8000884107652,-820.8824776027875,2605.923436302879,768.9897038406781
3251,2780,2575,2338.3137605544334,1019.0113785622834,-858.9061947870827,2465.790041219364,891.5350978973531
2686,2780,2678,3451.653927739314,952.9637447778922,-1260.6176658634936,3601.6488172777717,802.9688552394348
2685,2780,2677,1983.669093591498,809.7959286795331,-1209.9850835382576,2239.650376304702,553.8146459663287
2684,2780,2667,1962.9966656024762,828.0121428640252,-516.5036993538863,2018.995771114557,772.0130373519443
2683,2780,1483,4467.416539666964,924.7255730004889,-1620.5304887245761,4643.940299262147,748.2018134053058
2682,2780,2575,2338.3137605543498,1019.0113785622545,-858.9061947870827,2465.7900412192844,891.5350978973197
2681,2780,2571,3196.360317115718,1247.7925152300886,-1099.4373111763914,3340.745142802034,1103.407689543772
2687,2780,2679,2093.022816161124,461.94819277386233,-990.2748133502745,2231.5621042504745,323.4089046845122
2688,2781,2571,4472.225884815599,844.0720060378628,-1078.9093328696806,4550.736190221752,765.56170063171
2695,2781,2677,4061.447179953024,622.1836987395274,-997.1808693037729,4132.269500423675,551.361378268876
2694,2781,2681,3700.5084217084186,567.8810942231722,-1148.600681220409,3802.4751224285064,465.9143935030843
2693,2781,2680,4196.86046742256,836.3048968825472,-1209.9398245533066,4302.44998697447,730.7153773306359
2692,2781,2670,4311.4025511340105,821.8369165856425,-1082.9320960603332,4393.489340762478,739.750126957176
2690,2781,2576,3996.4637914210766,815.1467647532637,-1379.213009893259,4139.515645393757,672.0949107805839
2689,2781,2572,4158.883307723337,809.6972660855997,-1091.515361934504,4245.571988311151,723.0085854977865
2691,2781,2575,3473.7348821717237,364.6838929256685,-953.2668498107267,3545.164164032343,293.25461106504963
2703,2782,2680,4161.625248929493,828.0943176155233,-1217.8953588355187,4269.380674604876,720.3388919401409
2696,2782,2572,4262.185032719247,832.8049930585636,-1068.5578380586314,4343.494964844615,751.4950609331956
2697,2782,2573,4548.2426399266205,1269.1328662146636,-1477.6917874939184,4707.029623160994,1110.34588298029
2698,2782,2577,4022.0359722909366,1126.9812064584862,-1643.859480647754,4239.111852113666,909.9053266357571
2699,2782,2576,4092.858213751726,824.2782629042657,-1362.5411976580679,4229.170777747661,687.9656989083308
2700,2782,2672,4360.922728081725,1018.4902606843432,-1252.916371994598,4474.479185394712,904.933803371357
2701,2782,2682,4260.928218230083,1196.8494426374793,-1564.5394724941523,4449.089582092534,1008.6880787750283
2702,2782,2683,4028.554438032813,950.2294222789681,-1487.9112877003706,4198.92146358622,779.8623967255605
2705,2783,2574,4587.419131760768,2020.8554702178672,-2158.477268973568,4980.91047806397,1627.3641239146652
2708,2783,2674,4507.876587056161,1561.6388431372689,-1776.8456920807132,4755.040937211468,1314.4744929819615
2706,2783,2578,3902.001290092816,1962.3747824280522,-2222.7590896963516,4407.2142190842815,1457.1618534365869
2704,2783,2573,4574.419357568523,1270.507811415005,-1473.5898174441459,4731.282152983475,1113.6450160000536
2707,2783,2577,4037.62708769299,1115.9244183606809,-1645.9519397269457,4253.491611175916,900.0598948777547
2711,2783,2682,4302.4481189171,1194.9561010900904,-1559.5884985307832,4487.151341762183,1010.2528782450086
2710,2783,2685,3906.5738950520954,1455.004971696743,-1898.6153817261022,4231.187007683076,1130.391859065762
2709,2783,2684,4238.50388987232,1993.6200616233946,-2190.697877329288,4684.393939337565,1547.730012158149
2717,2784,2686,3196.513874645184,4534.338181291629,-3558.9330621478634,5766.463798260149,1964.3882576766632
2712,2784,2574,4790.298254021787,2047.7469035865267,-2120.5081053435115,5152.382216516553,1685.6629410917608
2713,2784,1473,3940.7465035867294,4525.364925146992,-3928.09469296928,6218.736115121287,2247.375313612435
2714,2784,1474,2587.3156755771906,4528.45179564166,-3177.176991431885,5419.500175125304,1696.2672960935467
2715,2784,2578,4064.6553006192466,1929.160503284173,-2213.255388365995,4534.669054047206,1459.1467498562133
2716,2784,2676,4177.111890452166,2901.7642488156416,-2890.924425376524,5119.307972526736,1959.5681667410715
2718,2784,2687,3193.1061996397952,2861.4560956249497,-2604.942487004995,4340.266024934547,1714.2962703301976
2719,2784,2684,4385.527261421209,1993.6257341599812,-2170.6292302148354,4804.570628676032,1574.5823669051574
3258,2785,2579,2037.3287293111462,863.1161493598371,-804.0269806604997,2161.776121172981,738.668757498002
3259,2785,1482,2411.406051960872,670.5021405704409,-844.538943326167,2508.4240512886768,573.4841412426362
2727,2785,2690,1752.827225505854,410.17954572906183,-1001.293440652119,1918.9535850775453,244.0531861573702
3261,2785,2688,2333.800033814004,1009.5746888370626,-964.4048725509824,2490.77977407262,852.5949485784466
3257,2785,2575,2832.757565116688,1193.5927508252148,-1099.8489314814162,3000.1565357704535,1026.1937801714494
3262,2785,2689,2230.48155647415,763.366032512363,-828.3859693128712,2339.3386677599997,654.5089212265128
3260,2785,2678,2785.3909822248884,935.7130550188773,-953.3111189271776,2900.9978994661624,820.1061377776034
3256,2785,1483,2757.9700284920036,705.1488397883005,-818.1085258907927,2836.477575104234,626.6412931760701
2723,2785,1482,3996.39371500547,1093.4443658295268,-1857.9533164260006,4268.222949330506,821.6151315044908
2725,2785,2688,1581.5680543026278,746.7018996100446,-1124.5845399804427,1864.4370338957337,463.83292001693883
2724,2785,2678,1751.060160711936,643.895294173898,-455.12857229608943,1796.0084407351565,598.9470141506775
2722,2785,2579,2037.3287293112296,863.1161493598646,-804.0269806604997,2161.7761211730594,738.6687574980344
2721,2785,2575,2832.757565116688,1193.5927508252148,-1099.8489314814162,3000.1565357704535,1026.1937801714494
2720,2785,1483,813.0344946526991,156.42049376206157,118.6596023192379,818.3523012092614,151.1026872054992
2726,2785,2689,3073.3924574450375,988.290769310451,-1367.328971809343,3277.5610652805067,784.1221614749816
2731,2786,2579,3139.4364348400118,260.256686568836,-1110.4536765403357,3242.7969317952134,156.8961896136343
2730,2786,2580,3518.636815743549,790.152240054149,-1551.1378939706008,3723.682331799596,585.1067239981021
2729,2786,2576,3815.9898636809676,683.1860777453223,-1285.8333573023149,3942.7969790700618,556.3789623562277
2728,2786,2575,4163.772564570259,771.220870090629,-1302.4934254608982,4284.492598110412,650.5008365504766
2732,2786,2681,3984.5933527002626,722.867848563708,-1291.3897568931789,4107.764577536615,599.6966237273557
2734,2786,2692,3297.11409662427,498.86037435602395,-1311.0703102834952,3443.070506117895,352.9039648623989
2733,2786,2691,3789.0228509,752.2805117828403,-1407.3040077640758,3944.144182404361,597.1591802784792
2735,2786,2688,3741.6070751447683,527.138593651537,-1198.2907054592906,3849.6503799650154,419.09528883128974
2739,2787,2580,3622.8463656565273,800.2281108334778,-1543.3650210247188,3820.041932097568,603.0325443924364
2740,2787,2683,3959.061674286671,902.3278662150472,-1452.1867239312883,4122.769521449099,738.6200190526197
2738,2787,2581,3428.7178272922006,1095.9226415774165,-1791.1192811289961,3732.867892428772,791.7725764408447
2737,2787,2577,4071.3841703283274,1166.9042393004524,-1669.698615606601,4294.248465502534,944.0399441262464
2736,2787,2576,3922.9670786022366,699.4950182901953,-1274.5925787784893,4044.3898961495615,578.0722007428701
2741,2787,2693,3719.533795844932,1126.8956668021676,-1733.5375179203616,3982.615641465314,863.8138211817852
2743,2787,2691,3752.052347937153,746.601637365849,-1411.2128933073764,3909.4667310403015,589.1872542627011
2742,2787,2694,3502.600443497276,925.4689724743541,-1653.047969175293,3744.898370051393,683.1710459202372
2751,2788,2693,3758.7885278277713,1119.4952678593413,-1736.736740208356,4018.866827768409,859.4169679187032
2745,2788,2578,3856.6597679045576,1914.0793078845456,-2198.0928302117404,4352.103233379166,1418.6358424099367
2749,2788,2695,3471.2741922805776,1890.0400394800358,-2201.4382183022135,4035.890645109169,1325.4235866514443
2750,2788,2696,3239.079820433587,1413.782038011854,-1977.3843114869874,3671.9569146489184,980.9049437965225
2747,2788,2581,3444.6220804417017,1082.630548160507,-1798.049293356401,3747.875725612047,779.3769029901616
2746,2788,2582,3110.715321935692,1870.0030949208012,-2202.0802520739003,3754.135718223204,1226.5826986332884
2744,2788,2577,4089.8453715753203,1159.4240082812457,-1673.393900515134,4311.911824302742,937.3575555538232
2748,2788,2685,3925.782345072432,1472.4586387365814,-1908.8255552979529,4253.341535436282,1144.8994483727308
2759,2789,2695,3600.5111787704323,1860.5653970401247,-2214.747453544291,4138.7745612576955,1322.3020145528617
2757,2789,2697,1952.8506731617717,4298.474850211249,-2718.1798481597134,4920.826714289489,1330.4988090835316
2756,2789,2687,3211.237199676265,2877.9712292357135,-2614.5831610811965,4362.47288329813,1726.7355456138484
2755,2789,2582,3242.9061085979256,1801.1472860624096,-2236.864863543955,3852.6499460482746,1191.403448612061
2754,2789,1475,1490.7068836845706,4076.305948459691,-2294.15399672147,4511.834009761987,1055.1788223822748
2753,2789,1474,2546.0073952269486,4491.479712048826,-3155.26451830844,5372.156399984895,1665.330707290879
2752,2789,2578,4041.587036629592,1902.2819720889365,-2200.5222638572227,4506.447814247827,1437.421194470701
2758,2789,2698,2324.072378812937,2661.209255409951,-2248.3283180707463,3629.373140418081,1355.9084938048068
3265,2790,2583,1754.3357226421983,715.706964702285,-745.7820513479838,1874.3453157186161,595.6973716258669
3267,2790,2689,2458.602483177659,896.1361794869501,-971.4981037880532,2597.302687047909,757.4359756167005
3268,2790,2699,1995.6537097812961,882.9793197308074,-920.4528263881652,2161.3410475595065,717.2919819525969
3269,2790,2700,1939.6048804476752,663.1185676974322,-836.3478552656599,2064.3976081642163,538.325839980891
3266,2790,1481,2118.182170652517,629.9292925461459,-916.984804629201,2248.0920239111483,500.01943928751473
3264,2790,2579,2475.7845990606825,1102.7695790259745,-1079.6861950695272,2662.6173041177035,915.9368739689534
2763,2790,1481,3424.831216542526,1320.0393710178819,-2024.939690267585,3832.788800829783,912.081786730625
2760,2790,1482,780.8277508893544,-70.26390644693095,186.35748743334466,790.9096653431043,-80.34582090068074
2761,2790,2579,2475.7845990606825,1102.7695790259745,-1079.6861950695272,2662.6173041177035,915.9368739689534
2762,2790,2583,1754.3357226421983,715.706964702285,-745.7820513479838,1874.3453157186161,595.6973716258669
2767,2790,2701,1417.7456757536647,430.9395810591597,-997.33659665597,1625.8528841325015,222.83237268032292
2766,2790,2700,2634.8028121120133,1030.290797154974,-1425.8508028475512,2905.802286581117,759.2913226858698
2765,2790,2699,1216.521286966605,654.6124148020206,-1015.3359399906387,1515.7928093810756,355.34089238754984
3263,2790,1482,2463.087670748753,729.9351809290297,-875.8410094690805,2567.453626337475,625.5692253403081
2764,2790,2689,1563.527535012966,470.3786209643117,-406.33728734535254,1600.0663901700989,433.83976580717876
2769,2791,2580,3356.8693725382427,632.5687612509255,-1452.0769163360085,3538.2816013919996,451.1565323971686
2768,2791,2579,3747.7263588345045,755.7626440145624,-1486.6714103940847,3922.2263745140235,581.2626283350435
2770,2791,2584,2964.8983829312206,839.9470456256138,-1630.9658239923249,3241.7758888507415,563.0695397060929
2771,2791,2583,2714.0271478763584,218.09127321258427,-1236.9218674214947,2858.8685654580486,73.24985563089444
2772,2791,2692,3547.7956658025405,683.5399706592865,-1466.8542078803484,3724.675428089926,506.6602083719008
2773,2791,2702,3281.248332734098,749.803401743133,-1543.819267531188,3498.0567581006226,532.9949763766083
2774,2791,2703,2812.086488866931,492.0440490720122,-1414.8993813666586,3010.790515463526,293.3400224754173
2775,2791,2699,3319.135768746814,496.533045231011,-1363.7425972249503,3475.227147042014,340.44166693581064
2781,2792,2704,3088.262765120384,1130.7437839392187,-1833.295985022076,3450.4781745915634,768.5283744680394
2782,2792,2705,2885.226783806772,970.7390860073132,-1738.5718602633085,3221.0311995055545,634.9346703085307
2780,2792,2694,3445.469601705199,874.4602219447129,-1617.8846124504053,3678.816439297292,641.1133843526195
2779,2792,2584,3011.6428910671834,832.8986886615453,-1641.4643668097278,3286.2109981416775,558.3305815870513
2778,2792,2585,2779.511178457124,1133.3441047830042,-1850.6769730978515,3194.861258452577,717.9940247875509
2776,2792,2580,3470.3848706239683,650.7434868290967,-1450.0365002722858,3645.886179561896,475.2421778911694
2783,2792,2702,3217.1289746354,736.8857513316655,-1547.0430721215278,3438.5945750361793,515.4201509308864
2777,2792,2581,3465.2191174312456,1141.0853026539676,-1813.1053871132444,3777.00338415842,829.3010359267926
2788,2793,2696,3254.3879405396374,1432.5934237918123,-1986.6099235785075,3691.22528602075,995.7560783106999
2789,2793,2706,2676.2582909332555,1798.1099420868838,-2138.121864175918,3392.899222910509,1081.4690101096305
2790,2793,2707,2533.71157367874,1426.4247286084933,-1967.7188309864905,3109.005876959844,851.1304253273893
2787,2793,2585,2769.230144317012,1118.8831584765119,-1860.8615753460097,3187.685512459424,700.4277903340997
2784,2793,2581,3484.038473848488,1132.5882245060513,-1821.7459211709333,3795.5991721141,821.0275262404391
2791,2793,2704,3109.9610803007467,1119.9119246939993,-1844.065735209216,3471.483044041731,758.3899609530151
2786,2793,2586,2329.24888628746,1804.6365021813867,-2090.8598110617186,3144.777665724784,989.107722744063
2785,2793,2582,3070.370176721049,1807.1456893196655,-2178.2726919288953,3697.7861322650806,1179.7297337756336
2796,2794,2698,2343.0072657045803,2689.733339324094,-2259.5389655195117,3659.363665009127,1373.3769400195465
2795,2794,2586,2380.028097633099,1695.4869805757962,-2181.4077699045924,3180.9041175822676,894.6109606266277
2794,2794,1476,730.6927170853617,3199.084928169801,-1449.454697039919,3396.1364450285246,533.6412002266379
2793,2794,1475,1450.5130106561644,4013.0229804505725,-2270.461122684562,4443.598233552874,1019.9377575538629
2792,2794,2582,3222.5913966310713,1768.1500517556547,-2224.9286286634015,3824.4406083914264,1166.3008399952996
2798,2794,2709,1585.4274940346177,2311.7936946313757,-1868.9578615204155,2951.1837020798002,946.0374865861933
2799,2794,2706,2761.6586594071273,1741.0463566649835,-2191.740012019706,3460.212896252656,1042.492119819455
2797,2794,2708,1030.116476355103,3622.4670491591023,-1840.725192733887,3915.9891181900816,736.594407324124
3275,2795,2710,1649.715848780039,726.8606418012284,-865.5731054435314,1820.9173890065754,555.6591015746922
3276,2795,2711,1615.79981272556,556.6724317757462,-839.366231447662,1761.9369583409052,410.53528616040114
2804,2795,2700,1401.497358033394,310.80783320212333,-392.6696107746531,1435.763038674684,276.5421525608333
3270,2795,1481,2128.8777304698606,738.17525133836,-907.0482037319678,2263.705662733284,603.3473190749364
3274,2795,2700,2113.9733262835407,851.7792588228275,-966.3156895342509,2277.687571375565,688.0650137308033
3271,2795,2583,2114.845149075453,997.2784881829796,-1034.6000175939275,2317.532835468286,794.5908017901465
2800,2795,1481,789.3936808512624,-278.86085157320883,171.3992784057471,796.225160451366,-285.6923311733124
2801,2795,2583,2114.845149075453,997.2784881829796,-1034.6000175939275,2317.532835468286,794.5908017901465
3273,2795,1480,1767.6593247167418,598.4645726168667,-968.7482877614401,1942.2538897098138,423.87000762379466
3272,2795,2587,1456.0524007075903,523.1228044384959,-694.7808610951614,1571.1970240362252,407.978181109861
2805,2795,2710,903.1717723774905,526.6405243440937,-890.0551435538364,1198.1177840113182,231.69451271026583
2803,2795,1480,2748.8145141475247,1519.414713291734,-2058.967544926215,3333.1528972414426,935.0763301978161
2802,2795,2587,1456.0524007075903,523.1228044384959,-694.7808610951336,1571.197024036217,407.9781811098693
2806,2795,2711,2137.689322071692,1046.5309169182633,-1419.2628268739493,2487.2265416551354,696.9936973348198
2807,2795,2712,1095.0927663928583,441.92812965737807,-963.103691669084,1350.3593896732941,186.66150637694227
2812,2796,2703,2999.116045201908,688.8123799711889,-1555.3416505243565,3236.4970376425977,451.43138753049925
2809,2796,2584,2844.7464485275514,679.6804598517729,-1547.0151457306738,3092.6989479513118,431.72796042801247
2810,2796,2588,2174.7373560081505,919.1630877657249,-1653.5719981404275,2585.069566676667,508.83087709720826
2813,2796,2713,2638.2423450876536,818.1379012021558,-1614.4333315680847,2944.657875361313,511.7223709284965
2808,2796,2583,3215.155341648936,767.865163047825,-1609.0436752211167,3455.9428017550217,527.0777029417397
2811,2796,2587,2339.0898898212063,237.64365499208566,-1273.609777714528,2516.999970697285,59.73357411600705
2814,2796,2714,2212.956844034488,514.5761346487009,-1424.0425293483136,2471.962563983455,255.5704146997341
2815,2796,2710,2871.293743529996,516.1072014894469,-1452.0861443919189,3077.1253727612593,310.2755722581835
2817,2797,2585,2820.9021528628764,1201.246903990367,-1877.2449116166397,3250.765173647319,771.3838832059243
2818,2797,2589,2093.3900879520997,1174.6452204293096,-1819.331247029068,2653.0930093553525,614.9422990260567
2816,2797,2584,2896.315990198267,680.3517067143109,-1560.6471715592465,3143.519933443554,433.14776346902454
2819,2797,2588,2469.461883628252,962.7869070789891,-1685.1822303924957,2846.3797464347763,585.8690442724646
2820,2797,2705,2833.886224422707,912.2224437151648,-1700.8543393146767,3156.1849947626133,589.9236733752589
2821,2797,2715,2415.1933930712203,1180.2215673581331,-1845.5360151109135,2908.0180891634277,687.3968712659257
2822,2797,2716,2270.2664938446705,1053.7668606331642,-1741.7063172548853,2724.256322183657,599.7770322941781
2823,2797,2713,2653.1121122228296,815.7197596437984,-1621.4058274006816,2959.6676972506357,509.1641746159921
2831,2798,2715,2466.4951607877015,1180.7766436542965,-1859.246433846059,2953.8869149466027,693.3848894953956
2830,2798,2718,1896.6621864242138,1450.820593808322,-1839.6884641329293,2620.212252157204,727.2705280753318
2829,2798,2717,1921.9873351348126,1722.3082078309524,-1975.2842556772644,2814.823403878394,829.4721390873708
2828,2798,2707,2540.383086115706,1435.5506322276544,-1972.3381686769992,3118.317756325351,857.6159620180097
2826,2798,2590,1628.0787320399754,1750.6391943163553,-1862.181534599392,2622.4641467877555,756.2537795685754
2825,2798,2586,2298.185947837224,1723.996622470481,-2076.4198573676417,3088.2649950813384,933.9175752263666
2824,2798,2585,2811.4531849482514,1190.0856758638083,-1887.6054784779553,3244.9445629632073,756.5942978488522
2827,2798,2589,2180.035824672982,1193.1876605516452,-1821.9732440124446,2722.644536606655,650.5789486179724
2832,2799,2586,2366.2781154333984,1655.0412212732722,-2175.8961102249987,3155.2536795759634,866.0656571307072
2833,2799,1476,692.4359594361185,3061.323220721561,-1438.7924032190754,3262.6781357052746,491.08104445240497
2834,2799,1477,210.31644424573943,1940.2953150702235,-806.8084317551072,2029.738530379117,120.87322893684586
2835,2799,2590,1638.1652576594834,1644.9470332751107,-1988.283016808406,2635.7034367940446,647.4088541405495
2836,2799,2709,1606.3606279979012,2375.792620259666,-1876.9000388192612,3005.322568961157,976.8306792964105
2837,2799,2719,388.9000945283142,2508.2216619192213,-1096.57221022293,2641.665496252029,255.4562601955065
2838,2799,2720,1016.1672158429847,1890.9800765618672,-1494.7299600673616,2319.529071556718,587.618220848134
2839,2799,2717,1959.63099083283,1653.2009862817836,-2066.4236529424725,2850.9261681545745,761.9058089600389
2841,2800,2587,1674.7548232032207,683.0910975005853,-956.4483555435311,1867.7971146239943,490.0488060798116
2840,2800,1480,789.2542678792003,-352.6677772125278,104.92167349372428,791.6592965247191,-355.07280585804665
2842,2800,2591,1241.3861490064269,184.62980461462595,-722.6667375691991,1353.1214794413552,72.89447417969768
3279,2800,2591,1241.3861490064685,184.6298046146397,-722.6667375691991,1353.1214794413945,72.89447417971371
3278,2800,2587,1674.7548232032207,683.0910975005853,-956.4483555435311,1867.7971146239943,490.0488060798116
3280,2800,1479,1315.3594785834523,668.7458414331837,-900.9744807205249,1546.5488752024162,437.55644481421984
3281,2800,2711,1759.677587099175,850.1336507745084,-933.9955915402201,1956.7525981278045,653.0586397458786
3277,2800,1480,1766.2348393256186,815.6400236453305,-877.1725586430779,1937.6719599503394,644.2029030206095
3282,2800,2721,1266.2159460339071,376.6326855187945,-838.9671626463637,1432.8211340105458,210.02749754215586
3283,2800,2722,1323.252983876794,538.9000775932479,-840.4527435941051,1505.8743855958196,356.27867587422213
2843,2800,1479,1972.457603095062,1750.2368703414736,-1864.580300923903,2800.2351097706114,922.4593636659242
2844,2800,2711,1240.1290446131193,228.84113147545276,-411.73401040280874,1280.431087796257,188.539088292315
2845,2800,2721,597.2390403415175,195.10002929790213,-800.3232522301239,844.0068636187223,-51.66779397930276
2846,2800,2722,1672.689551429145,1114.023825149363,-1352.8859428152984,2125.2049936071926,661.5083829713153
2847,2800,2723,720.9626160640619,515.6594665220922,-849.9643658397484,1055.5148857435856,181.1071968425685
2852,2801,2714,2419.0161381664075,800.8326287078378,-1614.7698572931354,2752.946645064838,466.90212180940784
2853,2801,2724,2124.3431345347603,897.229925515423,-1633.2017908352584,2532.201592247256,489.3714678029273
2854,2801,2725,1382.2908330388875,621.8954220231259,-1384.777451884906,1791.9997315581352,212.18652350387833
2855,2801,2721,1913.564688307358,351.8773051325957,-1283.3858930042716,2143.4072528263923,122.03474061356178
2850,2801,2592,1832.7721649293703,1053.7542025840548,-1746.8612745823348,2399.609525085531,486.91684242789427
2848,2801,2587,2675.962401122698,665.3920475876823,-1601.9866356048444,2956.052104221998,385.3023444883818
2851,2801,2591,829.4634584953177,-44.02551424586977,-936.2323102402208,1032.9364984855297,-247.49855423608182
2849,2801,2588,1980.2734223027499,628.599196321829,-1481.9852024016488,2307.344998241468,301.52762038311073
2861,2802,2726,1897.4265394437912,1226.3227441666058,-1755.6444712552338,2501.644269624234,622.1050139861633
2862,2802,2727,1751.1917698802763,1157.075504466102,-1752.831654924045,2379.5244934244074,528.7427809219707
2860,2802,2716,2229.0524205652614,991.9649436665709,-1705.4320296316796,2663.941621746294,557.0757424855383
2859,2802,2592,1619.2593971199651,1008.254566104822,-1709.2751976827935,2221.356646241215,406.15731698357206
2858,2802,2593,1832.8987606583291,1236.1668802140118,-1710.2070906274012,2440.1951788748506,628.87046199749
2856,2802,2588,2292.4407083299366,699.2267066110593,-1528.6034993947492,2599.799231573827,391.86818336716897
2863,2802,2724,1901.8025613101886,840.9120749001552,-1612.0871301357329,2336.2813487035114,406.4332875068326
2857,2802,2589,2116.3134253409803,1252.682750124456,-1821.5249479660897,2692.4429125170186,676.5532629484179
2868,2803,2718,1911.8105562336088,1457.0459162550037,-1859.8126248154522,2641.7309414005454,727.1255310880674
2864,2803,2589,2207.1809179397997,1276.5968387634423,-1828.2778429946402,2767.630878028153,716.1468786750888
2865,2803,2590,1554.483885621978,1615.6422074592122,-1807.5541386635423,2489.357288550579,680.7688045306111
2866,2803,2594,1434.9294990667681,1628.9325445932727,-1507.965546369317,2292.127915849996,771.7341278100448
2867,2803,2593,1467.1200658441892,1124.8531872744875,-1713.5768248592608,2169.6988433190377,422.27440979963865
2869,2803,2728,1446.759706298642,1606.8634270165678,-1659.8929152036571,2360.6097573684956,693.0133759467144
2870,2803,2729,1470.4465305433127,1385.6263198610761,-1661.7796569840414,2260.0078935390266,596.0649568653625
2871,2803,2726,1803.1539041360015,1189.7351768328217,-1772.5483005585995,2434.2891455255976,558.5999354432257
2872,2804,2590,1582.0474530372057,1558.7833666649517,-1939.721353113364,2540.3458384693736,600.484981232784
2879,2804,2728,1213.770058422923,1499.0204318940657,-1737.0184193434416,2236.537387755901,476.25310256108776
2873,2804,1477,114.77402739960189,1628.008120479995,-792.3251822216437,1725.4485390502264,17.33360882937029
2874,2804,1478,195.1523354515794,517.5185641272229,-263.9525685467909,564.6566824044455,148.01421717435684
2875,2804,2594,1025.853681702442,1480.9487257421665,-1559.43031180476,2065.641069230796,441.16133821381266
2876,2804,2720,1073.0359322008176,2050.3848129745506,-1514.2543707711616,2462.8453699866914,660.5753751886768
2877,2804,2730,17.442133363068137,1041.6318522585925,-507.6625075502691,1101.0887843974547,-42.014798775794134
2878,2804,2731,834.1894644403085,1527.9591410429366,-1084.0080649820477,1824.578352674379,537.5702528088659
3385,2805,13,1724.1578980810648,903.9117724686196,-872.6334229776669,1912.844654307552,715.2250162421323
2880,2805,1479,712.0547849463759,-68.68102741793962,231.5225347553019,728.8573261224736,-85.48356859403737
2881,2805,2591,1396.556131318915,643.5774816939633,-752.8315387018466,1552.4511067199237,487.6825062929548
2882,2805,972,659.2233255167426,185.2094000120432,-421.8150374402574,739.4769525731101,104.95577295567563
3384,2805,972,1574.4455370562398,450.23795118127134,-636.4005673475648,1658.261316948672,366.4221712888391
3383,2805,2591,1396.556131318915,643.5774816939633,-752.8315387018466,1552.4511067199237,487.6825062929548
3382,2805,1479,1314.5398110747196,783.6039077855464,-787.0902150146121,1523.7833349532234,574.3603839070424
3387,2805,2732,1395.211738166569,519.0950409507693,-683.9394712557314,1512.885714397231,401.42106472010744
3386,2805,2722,1355.793007654881,720.232190587305,-764.2712327059761,1535.0156346584822,541.0095635837039
2886,2805,2733,1723.6229179891548,902.2906206749531,-1203.0524605274093,2041.297686312639,584.6158523514689
2885,2805,2732,192.09100417527324,150.45790528792864,-529.255499134266,436.7196930985871,-94.17078363538519
2884,2805,2722,945.394899425899,74.71882258600016,-133.40438464125216,950.4752872277722,69.6384347841269
2883,2805,13,2883.1578583191736,1907.6607742394758,-2083.0429565247555,3545.4813270438017,1245.337305514848
2887,2805,2734,1160.5097401457524,718.3076923306425,-881.360126383941,1432.4448009904681,446.3726314859267
3290,2806,2735,1428.584910482534,705.2991276952191,-846.893218096824,1623.8016168423528,510.08242133540034
3289,2806,2725,1196.2822189412066,536.5319984110649,-897.9201841755796,1423.5271609627766,309.287056389495
3287,2806,971,1290.5404321611845,712.1972899162008,-787.9664827147368,1490.084516625772,512.6532054516133
3286,2806,2592,1424.0180015222777,655.738061595085,-881.0388394636623,1624.361457914384,455.39460520297894
3285,2806,2591,1001.9631983290736,482.6964833130953,-953.7490831076992,1285.3020396610118,199.35764198115714
3284,2806,972,1155.5374568518193,303.09736473630676,-700.8013384122347,1281.0819952334514,177.55282635467483
3288,2806,2732,1130.5611068868864,408.3788250898954,-836.4100886519083,1321.993514025079,216.94641795170276
2895,2806,2732,1855.3075973722562,613.5271109615198,-1036.064100815931,2043.034630359712,425.8000779740637
2893,2806,2735,703.8677786128856,500.22591434591226,-647.2690225945988,941.3207758096289,262.7729171491689
2894,2806,2736,1080.7477667991657,76.46194033432562,-568.554768513013,1155.6327008230658,1.5770063104255314
2892,2806,2725,1015.2951189222761,134.20404194963768,-733.7909367875545,1148.0668191512168,1.4323417206970817
2891,2806,972,2605.094289921498,713.412010590737,-1100.1269527912993,2753.4127773434875,565.0935231687472
2888,2806,2591,1001.9631983290736,482.6964833130953,-953.7490831076992,1285.3020396610118,199.35764198115714
2890,2806,971,-158.96779532990902,302.02993369407045,-388.6977183069706,373.02933716313873,-229.96719879897728
2889,2806,2592,1424.0180015222782,655.7380615950864,-881.0388394636763,1624.3614579143898,455.39460520297484
2897,2807,2593,1464.4695718590785,874.5995880620424,-932.5470707753002,1721.2570276179645,617.8121323031563
2896,2807,2592,1200.9838092460298,590.4062983180469,-833.5498917311714,1412.3212046048693,379.0689029592071
3291,2807,971,928.9856467282558,605.3318871689394,-717.0010822130696,1160.4914213175148,373.82611257968017
3292,2807,2592,1200.9838092460298,590.4062983180469,-833.5498917311714,1412.3212046048693,379.0689029592071
3293,2807,2593,1464.469571859079,874.5995880620437,-932.5470707752862,1721.2570276179595,617.8121323031633
3294,2807,970,1002.4067686456134,827.8201354033565,-832.9602827281406,1340.6435112181366,489.58339283083353
3295,2807,2735,1030.845601404911,586.4021820118036,-777.2218280681748,1256.2855170090616,360.9622664076528
3296,2807,2727,1352.159903036968,807.8662303873054,-869.4773673918712,1592.9084006968487,567.1177327274246
3297,2807,2737,1186.4405782706544,835.4516214644816,-885.2518099498167,1487.093139871838,534.799059863298
2899,2807,971,2455.879006483188,1009.8969015870618,-1310.3587657762666,2708.580572476831,757.1953355934187
2900,2807,2727,1068.2902369883766,129.23724424781724,-658.2052625367724,1172.1429107154468,25.384570520747047
2898,2807,970,-524.4274027859922,423.4344795407691,-239.65298511608637,438.3480180544842,-539.3409412997073
2902,2807,2738,772.8065322338826,132.06184324659665,-578.4710437890787,884.053958188675,20.81441729180426
2903,2807,2735,1794.2737429282688,788.6797773064529,-1073.8934657612854,2027.083040592826,555.8704796418956
2901,2807,2737,423.0816963748532,633.3096301713051,-588.6267047921923,840.7165352731906,215.67479127296775
3300,2808,2594,998.9478366607237,946.4802687232624,-834.5702668525472,1390.8230026080419,554.6051027759443
3299,2808,2593,1090.857513281707,754.428391306535,-920.5020294696427,1412.6706403819258,432.61526420631606
3298,2808,970,622.1881956243373,743.8681147909484,-580.148895097956,979.4141970566865,386.6421133585992
2911,2808,2737,1590.388890957822,933.4341070293234,-1098.539810770811,1901.907456788407,621.9155411987383
2909,2808,2739,27.0542711864056,682.4299947834304,-444.6096793286552,750.7203855547572,-41.2361195849212
2908,2808,2729,736.1429541429749,129.23309198129124,-631.337394849396,870.5597185747387,-5.1836724504725
2910,2808,2740,406.60217803074516,90.57715238612406,-454.54561670937477,525.3944405029503,-28.21511008608104
2906,2808,969,-871.972347101227,441.53340987504424,-58.236739038688896,442.17860169584776,-872.6175389220306
3303,2808,2729,1123.1089757135526,1082.3985505392861,-892.1257937187465,1549.2808537200847,656.2266725327543
2905,2808,2594,998.9478366607239,946.4802687232626,-834.5702668525333,1390.823002608035,554.6051027759513
3304,2808,2739,787.7798876385217,875.1014259629828,-793.761069147392,1230.7155263922912,432.16578720921353
2904,2808,2593,1090.857513281707,754.428391306535,-920.5020294696707,1412.670640381939,432.6152642063029
3301,2808,969,649.6270650784522,827.0162040458424,-756.6174894860385,1126.8885309969014,349.75473812739324
2907,2808,970,2143.943926198409,1129.8246010660216,-1278.6436166631013,2452.875609180724,820.8929180837061
3302,2808,2737,829.5711750175005,740.5126744118635,-749.3241009939608,1162.3408860373086,407.7429633920553
3305,2809,969,216.3098644588193,755.9786126106512,-315.62268321402524,798.738238753464,173.55023831600653
3306,2809,2594,587.0517784515519,806.223426214156,-869.897144457707,1145.17891958207,248.09628508363784
3307,2809,1478,95.17220879157823,266.7897805101826,-200.89943345958156,313.0919076056503,48.8700816961105
3308,2809,9,-86.6220485869238,-161.99688146735815,-374.3955465655947,66.6443191196414,-315.2632491739233
3309,2809,2739,372.5215784314249,772.394169689759,-587.7670747951512,927.904151102884,217.01159701829982
2918,2809,2742,-11.631930143505091,65.24590169451673,-221.42275758235826,144.0015234079089,-90.38755185689725
3310,2809,2731,583.312807010333,1245.0699828504873,-590.0400353108847,1357.494283214935,470.8885066458855
2912,2809,2594,587.0517784515519,806.223426214156,-869.897144457707,1145.17891958207,248.09628508363784
2913,2809,1478,95.17220879157823,266.7897805101826,-200.89943345955365,313.0919076056397,48.870081696121105
2914,2809,9,-921.0758095052922,-341.2053202782092,205.8852592219469,-323.4725115284933,-938.8086182550081
2915,2809,969,1050.9885319198102,935.8685863990332,-896.01478974317,1445.1184708508397,541.7386474680036
2916,2809,2731,210.1837658353129,268.4013704468998,-394.4177185660218,438.6381388252431,39.946997456969626
2917,2809,2741,-452.97578524789344,-48.96059999137323,10.725344745017036,-48.889431404012356,-453.04695383525427
2919,2809,2739,789.8097172207198,862.2856133753316,-877.9305573551886,1266.506181807074,385.58914878897747
3311,2809,2741,-35.78235426590076,40.63610305523482,-279.39182101142364,147.2539870733896,-142.40023828405552
2920,2810,1550,4676.827807236354,349.55345703966395,-1223.4476444668487,4761.64162341076,264.739640865258
2927,2810,2769,1479.0369379484957,-655.1037723670108,-661.3930755996073,1529.1054922237954,-705.1723266423105
3393,2810,2769,4739.435096900621,420.8276200871903,-43.891184769904555,4739.546613539202,420.7161034486094
3392,2810,2768,3844.85633827832,-304.2454081522699,-169.89168855094712,3846.594732486525,-305.9838023604748
3391,2810,26,4835.790027427002,-233.38597406058125,-171.3549104726332,4837.237704636142,-234.83365126972058
3390,2810,1550,5071.095140959341,479.66167716825,-7.1854562405362525,5071.097952213722,479.65886591386834
3389,2810,2743,4122.161417357454,267.74133323738374,-90.58556529906778,4122.693573408251,267.2091771865871
3388,2810,1018,3650.6261509608657,-624.4900532944064,-265.0494180380646,3654.73035612448,-628.5942584580207
2925,2810,2767,1519.8837130968411,-1327.6350577895346,385.5530857086249,1532.8753788495187,-1340.6267235422124
2924,2810,2770,5179.592815265914,808.4199684187455,-2004.536405185653,5398.445944873794,589.5668388108647
2926,2810,2768,4147.701650960525,613.4676605816841,1816.2001317644483,4367.3781036017,393.7912079405087
2923,2810,2743,4122.161417357454,267.74133323738374,-90.58556529906778,4122.693573408251,267.2091771865871
2922,2810,1018,3685.7915265360075,-517.9283091273114,3644.2396751064744,4365.646154913637,-1197.78293750494
2921,2810,26,5194.942370125876,-209.82287119724674,-2864.3809966130584,5550.997496401981,-565.8779974733525
3313,2811,2744,3364.1899572015136,-183.45965151028918,-406.4188362707814,3375.791853712152,-195.0615480209276
2930,2811,1019,3690.974137265738,165.7801935729142,2934.726400366722,4221.824973069305,-365.070642230653
2931,2811,2744,3364.1899572015136,-183.45965151028918,-406.4188362707814,3375.791853712152,-195.0615480209276
2934,2811,2772,3559.173590644635,86.89222076158785,1246.7606623151992,3667.697513479653,-21.63170207342978
2935,2811,2773,1073.6306728808934,-843.0345242781468,38.22378169730988,1073.8212267979557,-843.2250781952091
2929,2811,1018,3767.2287658335645,-271.14879610418507,-2651.6525895926607,4163.601761587433,-667.5217918580533
2933,2811,2771,1061.1212653731834,-933.1177627038699,109.23184497349948,1062.6159031798559,-934.6124005105423
2932,2811,2768,3974.7218067843783,89.28631459336134,-1069.4811542827579,4046.9729750485694,17.03514632916972
3318,2811,2768,4017.503395731896,218.92749322220357,369.26994589349624,4026.456727705373,209.9741612487269
3314,2811,2743,4119.031760913125,258.25752583043936,547.4765204925194,4138.343865993626,238.94542074993842
3315,2811,1018,3852.79194372857,-11.866438846592018,225.84961075994534,3856.0887791238865,-15.163274241908766
3316,2811,2772,3516.392001697136,-42.74895786719685,-191.99043786109675,3518.979251906806,-45.33620807686634
3317,2811,2773,3328.4018852027298,-98.96002421194089,61.02454559306846,3328.673500818697,-99.23163982790788
2928,2811,2743,4119.031760913084,258.2575258304255,547.4765204925194,4138.3438659935855,238.94542074992387
3312,2811,1019,3605.410959370732,-93.50216368467886,57.22420001410202,3605.6322685125915,-93.72347282653868
2936,2812,2744,3369.9825354686363,-165.90638403404705,193.02651012026368,3372.6149368469564,-168.5387854123669
2943,2812,2776,1089.6093202777388,-927.0153869810548,-76.68576101618666,1090.338085219489,-927.744151922805
2942,2812,2775,3463.496020001726,-113.32560208692962,1154.7949799995126,3554.3938825175055,-204.22346460270887
3324,2812,2776,3192.0550550354674,-233.2082945110044,-81.21690077616348,3192.536423724192,-233.68966319972856
3320,2812,2745,3492.1001971966825,-142.77928532315082,-353.7673484061971,3500.687577123771,-151.36666525023907
3322,2812,1019,3630.1716076889506,-18.46989605360136,-37.75173448325416,3630.2692574109883,-18.567545775639246
3321,2812,2744,3369.9825354685945,-165.9063840340607,193.02651012026368,3372.6149368469146,-168.53878541238055
3323,2812,2775,3471.997885042407,-87.56237469092684,-186.76007224144385,3474.4458948408383,-90.01038448935833
2941,2812,2774,1191.2773730635888,-823.3049934799708,-37.96609611403118,1191.4562310389904,-823.4838514553724
2940,2812,2772,3516.9029928872687,-41.2004997152801,-1251.0132607329504,3623.6623878856835,-147.95989471369467
2939,2812,2745,3492.1001971966825,-142.77928532315082,-353.7673484061971,3500.687577123771,-151.36666525023907
2938,2812,1020,3418.2435341090813,-134.32133914616907,2637.562315227988,3854.281832896979,-570.3596379340668
2937,2812,1019,3647.1752303991884,33.056233371361714,-2720.8478871907123,4102.02141901657,-421.7899552460199
3319,2812,1020,3435.2472475056697,-82.79493491408402,-45.5481473827709,3435.394669472881,-82.94235688129515
3325,2812,2772,3508.401177429205,-66.96357686092756,90.535043209934,3508.9742155051554,-67.53661493687832
2950,2813,2778,3356.682816082727,-141.43200071392312,1111.515630668623,3442.8552481071847,-227.60443273838064
2944,2813,2745,3485.6419865898138,-162.34962049548062,179.55516796515462,3487.8500889478564,-164.55772285352305
2945,2813,1020,3460.8550800865733,-5.195442244567403,-2736.0622666838435,3935.7441600200355,-480.08452217802983
2946,2813,1021,3395.4393700948917,-291.6787822102731,2547.7093707172444,3792.7318790935165,-688.9712912088976
2947,2813,2746,3312.38796787082,-8.032725582066405,-302.0008931982132,3319.24076639433,-14.885524105576678
2948,2813,2775,3476.029584515634,-75.34510355993552,-1289.5888523162766,3589.4757444368906,-188.79126348119212
2949,2813,2777,1160.0232010208767,-896.9180401704726,-70.67025354543874,1160.6300258162166,-897.5248649658126
2951,2813,2779,1130.9071876725855,-833.666461604818,-37.71738362753093,1131.0882027699793,-833.8474767022117
3326,2813,1021,3444.4553317213235,-143.05543703932517,-114.48538517568822,3445.3684696169407,-143.96857493494235
3327,2813,2746,3312.38796787082,-8.032725582066405,-302.0008931982132,3319.24076639433,-14.885524105576678
3328,2813,2745,3485.6419865898556,-162.34962049546675,179.55516796515462,3487.8500889478983,-164.5577228535094
3329,2813,1020,3411.8057414205487,-153.82980183858103,-73.86730166062189,3412.1882674025173,-154.21232782055017
3330,2813,2778,3381.2018571915532,-67.11685482832058,-219.578267394802,3384.693837185101,-70.60883482186819
3332,2813,2775,3451.5049151826342,-149.66228335690334,41.50863019531314,3451.6245228724265,-149.78189104669582
3331,2813,2779,3216.966606840662,-145.26685327935274,-50.78798733440469,3217.15838951769,-145.4586359563807
2958,2814,2781,3915.06779637394,300.4290969647586,1092.98525342709,3995.8844118129864,219.61248152571238
2956,2814,2778,3507.120216465017,314.46623110262885,-1309.54889008602,3636.188668730855,185.39777883679108
2955,2814,1539,3935.6897673695535,228.93863190404068,81.84276817533782,3936.1414717267207,228.48692754687363
2954,2814,30,3546.63980366237,-682.0380795379153,2080.403581828658,3788.664358169776,-924.0626340453214
2953,2814,1021,3428.2220519074576,-192.15206789237413,-2924.3119083518654,3944.9808930033587,-708.910908988275
2952,2814,2746,3238.1866113653946,-232.8787363161655,281.49699652209995,3243.884479908841,-238.57660485961196
3333,2814,30,3644.585344285177,-385.2334109839542,-872.0922136898877,3691.2278111052556,-431.8758778040328
3334,2814,1539,3935.6897673695535,228.93863190404068,81.84276817533782,3936.1414717267207,228.48692754687363
3335,2814,2746,3238.1866113653946,-232.8787363161655,281.49699652209995,3243.884479908841,-238.57660485961196
3336,2814,1021,3330.314050124033,-488.94293805713164,28.1677229381584,3330.3659849525266,-488.9948728856252
3337,2814,2781,3964.040206900264,448.83034098392284,-383.2623008969809,3974.4560877848226,438.41446009936385
3338,2814,2782,3280.4323088099654,-103.1169927900321,193.09958355534917,3283.1851235241056,-105.86980750417183
2957,2814,2780,867.4109202815563,-1301.700970905149,-384.4321487470138,884.3124719932302,-1318.602522616823
2959,2814,2782,966.9005384622337,-866.5824770047834,219.19984263237325,973.4288367735351,-873.1107753160848
3339,2814,2778,3458.1540487707593,166.06724543175164,166.69517951789308,3460.2628551507237,163.95843905178708
3340,2815,1550,4197.018394043963,191.21635068617502,-385.4366015213398,4206.268670376836,181.96607435330247
2961,2815,1550,4600.709197407834,324.4343157962528,-608.2538762523719,4622.230273652724,302.91323955136295
2962,2815,2743,4061.767627615355,247.811382622491,-90.86760928101434,4062.308781635973,247.2702286018732
2963,2815,2747,4525.9091995805275,371.1135015693296,-72.62177116373411,4526.2265147552425,370.7961863946148
2964,2815,2785,4178.872893199343,136.22998449035617,-311.4890325426217,4184.864137020035,130.23874066966482
2965,2815,2769,4279.301077803757,268.9833937852252,-356.83748840691106,4287.2232649562775,261.0612066327046
2966,2815,2783,4253.90961971575,188.48406151590257,-30.594267527972484,4253.967178016864,188.4265032147889
2967,2815,2784,4129.443348437922,263.40119256046205,-102.09534032930118,4130.117270333615,262.72727066476887
3341,2815,2743,4061.767627615355,247.811382622491,-90.86760928101434,4062.308781635973,247.2702286018732
3342,2815,2747,4525.909199580528,371.113501569331,-72.62177116372015,4526.226514755243,370.7961863946157
3343,2815,1549,4240.571248726792,323.19469820989957,-339.8447095449231,4247.928081365498,315.8378655711938
2960,2815,1549,3836.85783818062,189.9692727296631,-117.01495677200626,3837.796239332437,189.03087157784648
3344,2815,2769,4077.4537398703915,202.37377226721492,-245.42944238676017,4081.335938806867,198.49157333073936
3345,2815,2783,4306.171407056481,346.85311406357414,-62.794493666676615,4306.420370401436,346.6041507186187
3346,2815,2784,4331.298663621691,330.01344657110553,-213.510361911378,4334.144891029299,327.1672191634973
2971,2816,2748,4826.3510773072685,170.91528934623443,-77.95989340029442,4826.677433379108,170.58893327439455
2974,2816,2786,4955.480312454764,264.62041661608123,-304.11349954303637,4960.404145511386,259.6965835594606
2973,2816,2773,5026.788398482281,461.50752517031106,26.61336781842604,5026.827183901462,461.46873975112976
2972,2816,2783,4303.707113350646,339.38555737922684,163.57853877151422,4305.393818003551,337.6988527263218
2970,2816,2744,5094.214619462495,387.44848703583466,-474.7781324515384,5106.1572020982185,375.5059044001109
2969,2816,2743,4058.637971171068,238.32757521555914,547.1944765105449,4078.1325676229526,218.8329787636751
2968,2816,2747,4558.400804397238,469.57291010504196,-164.54727836155843,4560.055609514743,467.91810498753694
2975,2816,2787,5142.76326485071,468.87191664512625,-130.84892741290065,5143.678887779679,467.95629371615723
2980,2817,2786,4970.777621776302,310.97589940861803,-26.07470913484529,4970.814097852697,310.9394233322223
2976,2817,2748,4852.607602579123,250.4805174426499,-212.0943434207661,4855.049959626612,248.03816039516096
2981,2817,2776,5345.991660578645,477.5907853182441,-147.0095396436317,5347.101207682547,476.48123821434183
2983,2817,2789,5292.9931336622785,314.92619278341385,-164.45681761701366,5294.351023668618,313.5683027770742
2982,2817,2788,5119.758138440273,270.67175979386957,-235.84514781825695,5122.624146251101,267.8057519830413
2977,2817,2744,5100.007197729701,405.00175451210316,124.66721393957644,5100.834628914283,404.17432332752105
2978,2817,2745,5054.607986122698,372.8482850224318,-404.41957261563226,5063.325393059529,364.1308780856002
2979,2817,2749,5195.980291372833,202.02997354122022,-102.54994333328375,5196.506697413899,201.50356750015317
2990,2818,2790,5215.885175742163,293.8294067144752,-41.66402484718378,5215.973343164168,293.7412392924698
2989,2818,2779,5296.688738911325,541.0414503039663,-31.8002935635748,5296.7418992544535,540.9882899608383
2988,2818,2788,5119.482014590723,269.83502085584087,-6.698521094192128,5119.484327654102,269.8327077924614
2987,2818,2750,5330.752996214638,44.73036075776599,48.31134447747688,5330.863378700157,44.619978272246954
2986,2818,2746,5115.5786694179515,587.0202059284843,-149.21884737899094,5116.80754964585,585.7913257005853
2985,2818,2745,5048.149775515831,353.27794985010473,128.90294375570545,5049.0344023633315,352.39332300260367
2991,2818,2791,5482.897565698303,208.50188848046355,-77.42604850766996,5483.1816963567435,208.21775782202303
2984,2818,2749,5205.369474585392,230.4820438824206,-159.87779628674008,5206.653639995075,229.19787847273756
2999,2819,2793,5481.255774409764,87.46447776630794,-56.78540617462705,5481.405228329613,87.3150238464591
2992,2819,2750,5368.865040360892,160.221403625314,-13.201919993331378,5368.873405802249,160.21303818395563
2993,2819,2746,5041.379751430283,362.17499990524766,434.2789368880848,5051.434547561099,352.12020377443105
2994,2819,1539,5388.015793108807,708.2062203979924,167.3683116114713,5389.511751423535,706.7102620832643
2995,2819,1540,4941.532659191194,-200.49001835097965,-55.82858424142501,4941.6841919228245,-200.64155108261002
2996,2819,2790,5133.822771260021,45.15545373828763,186.33819288028232,5135.528045358377,43.450179639931775
2997,2819,2782,5540.736438336186,642.7833699536211,278.55471727875164,5544.6937083167795,638.8260999730287
2998,2819,2792,5093.4830970385,37.818156519458626,31.578058966996277,5093.53240628339,37.768847274569
3353,2820,2795,4515.473697216073,420.75291735862106,-251.94994846308572,4519.345683294936,416.8809312797571
3350,2820,1548,4435.419043451591,453.63446612113603,-273.4974751156636,4440.109958336226,448.9435512365019
3349,2820,2751,4708.118805083447,425.0262184500641,-223.2619038271076,4711.026287403709,422.1187361298021
3348,2820,2747,4465.326291641295,351.12114194938295,-37.14329263598012,4465.410122905592,351.03731068508523
3347,2820,1549,4410.925456283679,379.411586703671,-283.4222805372565,4415.900583749883,374.4364592374668
3007,2820,2795,4351.8556953220805,366.7589767336035,-92.66823094266833,4352.394342252777,366.2203298029076
3006,2820,2794,4505.8665366430705,143.05546286856747,-94.32713748393051,4506.376332342956,142.54566716868248
3003,2820,2751,4708.118805083447,425.0262184500648,-223.2619038271076,4711.026287403709,422.118736129803
3004,2820,2796,4342.31660031487,171.5055017050979,-242.58469972168672,4345.840953904377,167.98114811559117
3351,2820,2784,4381.830690483105,346.6890154353723,-163.85333741002853,4383.493386622905,345.0263192955724
3002,2820,2747,4465.326291641295,351.12114194938295,-37.14329263598012,4465.410122905592,351.03731068508523
3001,2820,1549,4738.161008345824,487.3993188841787,-601.9857227785876,4759.368255857204,466.1920713727982
3000,2820,1548,4108.183408435625,345.64670656586713,45.065897504075906,4108.318348134815,345.5117668666776
3005,2820,2784,4545.448951141396,400.683041452608,-323.1350706998987,4551.73749030673,394.39450228727355
3352,2820,2794,4580.582626434499,369.46785617592445,-120.42808056609866,4581.443441169543,368.6070414408805
3015,2821,2798,4920.641837906648,459.13953872241086,-331.7800089368492,4926.801545945895,452.979830683164
3014,2821,2797,5144.1355897916055,338.9803495392989,-208.34486297648965,5146.392915397326,336.7230239335786
3011,2821,2752,5101.071411945698,340.91862504903247,-292.88977084295124,5105.572495350682,336.41754164404756
3008,2821,2751,4760.6104665586245,584.0918592838261,-373.7843292254966,4768.956896105648,575.7454297368017
3009,2821,2747,4497.8178964580475,449.5805504851089,-129.06879983377652,4498.846401112042,448.5520458311137
3013,2821,2787,4823.5983534338575,363.5474958775653,-111.19089595542935,4824.291254439415,362.85459487200706
3012,2821,2794,4637.92555877718,543.2343178204144,-265.1130049487906,4642.212292313585,538.9475842840097
3010,2821,2748,5169.777013099948,284.2458481578187,-96.42707427172006,5170.252768701803,283.77009255596386
3020,2822,2797,5142.51131113913,334.0582930166447,-254.0269298182319,5145.8639860593885,330.70561809638684
3019,2822,2753,5444.147733434778,201.25527195854306,-277.78455201702525,5447.824624568453,197.5783808248675
3018,2822,2749,5336.909996113491,248.5367761056375,-103.4335858319093,5337.435576749752,248.01119546937662
3017,2822,2748,5196.033538371803,363.8110762542367,-230.56152429217778,5198.782190598815,361.0624240272241
3016,2822,2752,5107.884145991454,361.5632736726461,-296.3113730192053,5112.50430593368,356.94311373042
3022,2822,2799,5381.081283344624,196.26698939726703,-181.1994999026153,5382.663945597545,194.68432714434675
3021,2822,2789,5255.486678050926,302.5490624316674,-172.40121055288225,5256.986453658785,301.0492868238084
3023,2822,2800,5265.03090459467,277.7845729269716,-292.4515806239445,5269.314557466352,273.5009200552886
3024,2823,2753,5436.809915968577,179.01946145467673,-266.8709028305979,5440.194144922303,175.63523250094977
3025,2823,2749,5346.29917932605,276.98884644683767,-160.7614387853796,5347.573403230164,275.71462254272365
3026,2823,2750,5412.655221493607,71.75809509982469,-16.686476262929666,5412.668254782024,71.7450618114076
3028,2823,2799,5385.545436213152,209.79472536250432,-214.5175893281861,5387.767241948108,207.57291962754834
3029,2823,2791,5381.259001088248,174.9611621591455,-84.80161964851499,5381.6042962481915,174.61586699920235
3031,2823,2802,5477.694629164541,118.69229379417129,-214.25768058157047,5479.8353272116765,116.55159574703657
3030,2823,2801,5457.826362613266,46.26446881970628,-93.78922601701774,5458.232703640006,45.85812779296657
3027,2823,2754,5515.015662504298,57.18950548257931,-169.48914621271484,5516.331188476696,55.873979510181016
3039,2824,2804,5444.976554644614,18.725737221010377,-81.94046796209027,5445.285877683337,18.416414182287554
3032,2824,2754,5497.623936681154,4.487306018505933,-168.00076858262895,5498.9081602141405,3.203082485520099
3033,2824,2750,5450.7672656399445,187.24913796740134,-78.19974073372397,5451.057701708087,186.95870189925927
3034,2824,1540,5187.694937915236,-119.2564663720434,0.7085584006020268,5187.694961566056,-119.25649002286309
3035,2824,1541,5330.803522655153,12.660703939027826,-23.79964559512693,5330.830149445454,12.634077148726192
3036,2824,2801,5472.644679103556,91.16845818422075,-123.44003789102202,5473.352451402578,90.46068588519984
3037,2824,2793,5349.993926754155,44.1480680399568,-24.785852039780277,5350.022872898002,44.1191218961103
3038,2824,2803,5257.698308228286,-57.997645025266365,-11.885326830059165,5257.704951799446,-58.004288596425795
3040,2825,1547,4141.034329816874,415.07630882654917,90.86794423678099,4141.588264930129,414.5223737132933
3041,2825,1548,4879.752888794695,600.26463508436,-642.3917448108898,4903.725868416592,576.291655462463
3043,2825,2755,4719.681078894764,504.1305684828378,-331.6217142708552,4726.192882439942,497.6187649376602
3044,2825,2807,4410.003676394548,203.48799106938645,-239.9767522285154,4413.423493727485,200.06817373644935
3045,2825,2795,4695.402199601918,480.12932314595014,-396.66472350628976,4704.71334727797,470.81817546989896
3046,2825,2805,4537.064109254534,135.16788564048102,-206.33051807810895,4539.480620368442,132.75137452657373
3047,2825,2806,4408.283427087406,452.3190630218528,-119.55291101085203,4409.18647090072,451.4160192085378
3042,2825,2751,4555.202029750686,374.5636825902552,-152.5856806742049,4556.593841207308,373.1718711336325
3354,2825,1548,4499.534244496711,474.7924824660256,-263.05470537823174,4503.827938283998,470.49878867873826
3355,2825,2751,4555.202029750686,374.5636825902552,-152.5856806742049,4556.593841207308,373.1718711336325
3356,2825,2755,4719.681078894765,504.1305684828387,-331.6217142708412,4726.192882439942,497.6187649376616
3357,2825,1547,4521.2314703645025,540.5413652072666,-288.4477913744025,4526.449987410108,535.3228481616609
3358,2825,2795,4505.292304997978,417.3930579266498,-206.99633971145164,4507.911012770865,414.7743501537627
3359,2825,2805,4626.033016657451,404.77063534629156,-236.65734565336624,4629.347354576606,401.45629742713663
3360,2825,2806,4598.383408243776,515.0520568034547,-309.2113195830258,4604.228817097623,509.2066479496075
3055,2826,2809,4960.757248102605,579.1004686908364,-546.6460715502479,4977.741014135205,562.1167026582375
3054,2826,2808,5129.929779761898,426.8927257212947,-415.39906668762313,5139.084563276319,417.7379422068734
3053,2826,2798,4874.195211160333,443.81215189612703,-307.9381236934412,4879.53964947826,438.46771357820035
3052,2826,2805,4704.275860565891,641.8701623415628,-453.4872204222455,4716.892396578779,629.2536263286745
3050,2826,2752,5122.8771536305485,348.11451980503307,-312.78434878374907,5127.994126070389,342.9975473651916
3049,2826,2751,4607.693691225865,533.6293234240165,-303.10810607259396,4613.323679403305,527.9993352465774
3048,2826,2755,4783.783262714723,698.3796103614981,-589.5794309231682,4804.944737972386,677.2181351038344
3051,2826,2756,5119.912653888565,453.94119575154264,-503.7289187391569,5133.468660637011,440.38518900309555
3061,2827,2800,5291.616742411085,286.5578994063885,-297.52277698647606,5296.034359876915,282.14028194055845
3063,2827,2811,5340.759273149778,375.91896329648876,-485.85663036961273,5352.617368921029,364.0608675252379
3062,2827,2810,5441.8424455359545,202.60125265556758,-355.68186605158434,5447.872143166386,196.57155502513615
3060,2827,2808,5122.708591416712,405.010336796488,-410.201883751675,5131.60852212986,396.1104060833409
3059,2827,2757,5497.966022835038,255.71105520116885,-450.01920260317866,5507.6062230028365,246.07085503337066
3058,2827,2753,5397.745572636975,185.9425588952679,-271.64556791470255,5401.282797017291,182.40533451495276
3057,2827,2752,5129.689887676303,368.7591684286467,-316.205950960045,5134.934459964701,363.51459614024816
3056,2827,2756,5127.7575515355975,477.7136128637633,-514.5002359991216,5141.9458722560175,463.52529214334254
3071,2828,2813,5615.258493052213,159.0772109650436,-368.34663558794756,5621.468193364135,152.86751065312183
3070,2828,2812,5575.424292513363,43.14851324545225,-213.1600171720188,5577.476808667779,41.095997091036224
3068,2828,2810,5439.396018882791,195.1878385550733,-352.8571684482771,5445.324825199754,189.25903223811156
3069,2828,2802,5482.171214115057,120.16956682784166,-215.1044112985153,5484.327652600847,118.01312834205237
3066,2828,2754,5496.374211408748,51.03782662104686,-159.74848024973943,5497.545584794923,49.86645323487164
3065,2828,2753,5390.4077551706905,163.70674839137405,-260.7319187282613,5393.65736202484,160.4571415372243
3064,2828,2757,5493.436803286522,241.9861474783943,-452.6885824691202,5503.174477545717,232.24847321919833
3067,2828,2758,5659.52416176722,50.57544409125944,-274.2770738223429,5662.875190606657,47.22441525182285
3077,2829,2804,5447.1381667578435,19.43906921837629,-87.71900407394966,5447.492558239583,19.08467773663733
3072,2829,2758,5658.86987065755,48.592743758811366,-269.6031200969213,5662.106962412144,45.35565200421752
3073,2829,2754,5478.982485585605,-1.6643728430226474,-158.26010261965354,5480.124734019142,-2.806621276559781
3074,2829,1541,5325.876059343763,11.034641046269144,-6.717700060434399,5325.878182054137,11.03251833589411
3075,2829,1542,5549.59734870392,-30.23775340097791,-1.193883521249558,5549.597412565926,-30.23781726298421
3076,2829,2812,5569.251978000834,24.444529874154796,-210.61966648541426,5571.251355539329,22.445152335659714
3079,2829,2815,5648.940000360994,23.93060410341377,-140.62831166718738,5649.8188092406435,23.051795223763747
3078,2829,2814,5438.063667111215,-8.620827902446308,-0.6438083493610214,5438.0636861360545,-8.620846927286038
3361,2830,1547,4489.880295895353,530.1954776324462,-280.72359928444615,4494.849565436272,525.2262080915273
3367,2830,2817,4596.285589554793,632.7363589428664,-373.0970347012067,4605.046323142892,623.9756253547669
3366,2830,2816,4640.914644626326,500.2658165780392,-336.6703159829965,4647.746918173063,493.4335430313017
3365,2830,2806,4524.60986366801,490.706787093452,-262.0675519579112,4528.861768442988,486.45488231847366
3364,2830,1546,4536.110218085295,670.2861509353017,-309.27476140348756,4542.286023946492,664.1103450741048
3080,2830,1546,4079.493530071101,519.6026438906174,146.12246509874805,4080.9923673554513,518.1038066062663
3081,2830,1547,4946.4969839097985,680.8789846772131,-736.1208257866957,4978.022222895176,649.3537456918357
3082,2830,2755,4604.882477933907,466.2470301657538,-242.13669734362952,4608.421089503616,462.70841859604525
3083,2830,2759,4702.003994761814,610.2154619083819,-435.644655702351,4713.566876347716,598.6525803224804
3084,2830,2818,4393.658144935,238.61320199501324,-256.35855478914175,4397.608600652911,234.66274627710163
3085,2830,2806,4752.918207675066,566.0485406157804,-489.766165209015,4767.192349877407,551.774398413439
3086,2830,2816,4534.105487825334,176.60170505988617,-300.24984488397183,4539.271474143603,171.4357187416167
3087,2830,2817,4367.977245547612,557.3946054204969,-145.39842145008893,4369.363714086413,556.0081368816966
3363,2830,2759,4702.003994761814,610.2154619083817,-435.64465570232306,4713.566876347715,598.6525803224818
3362,2830,2755,4604.882477933907,466.2470301657538,-242.13669734362952,4608.421089503616,462.70841859604525
3088,2831,2759,4790.902844751781,879.6059164235469,-781.7780701192689,4829.5851337771455,840.9236273981828
3089,2831,2755,4668.984661753823,660.4960720444011,-500.0944139959565,4684.52223610805,644.9584976901751
3090,2831,2756,5164.0490322284095,468.50620060369056,-522.6001631698041,5178.5452459495555,454.0099868825446
3091,2831,2760,5152.770126315651,651.7099106680064,-727.2233699592887,5181.9547426788795,622.5252943047776
3092,2831,2816,4739.769369674578,799.8255894515318,-646.3671146585338,4766.103282679794,773.4916764463162
3093,2831,2809,4913.88176058918,563.6315578114063,-510.95013654565076,4928.833533924333,548.6797844762527
3094,2831,2819,5168.235195693775,589.8826508534257,-630.3426391654605,5189.829566781745,568.2882797654556
3095,2831,2820,4969.201399131947,764.788335033193,-754.1035680021121,5002.747743987913,731.2419901772278
3098,2832,2757,5504.010067914755,257.7055900774758,-449.31057536059757,5513.6125966922245,248.10306130000708
3097,2832,2756,5171.893929875485,492.2786177159269,-533.371480429727,5187.042993458192,477.1295541332197
3096,2832,2760,5166.379973565329,692.951872030666,-737.639102557583,5196.584008284435,662.7478373115605
3099,2832,2761,5619.247601243949,434.22462495397735,-695.2075864035165,5642.447147065059,411.0250791328681
3100,2832,2819,5161.546045881767,569.6124999079466,-629.7444080059752,5183.036484476901,548.1220613128121
3101,2832,2811,5347.003324957222,377.97950039294506,-494.49925630943545,5359.275708703575,365.70711664659075
3102,2832,2821,5554.037888255753,322.9622398686249,-566.4981666696743,5569.3303803306535,307.6697477937246
3103,2832,2822,5401.865145069537,566.5757407538811,-719.5816036961863,5428.490339417884,539.9505464055346
3105,2833,2757,5499.480848366197,243.98068235468622,-451.97995522651127,5509.180664167696,234.28086655318748
3106,2833,2758,5653.969042683442,48.74225479361485,-272.1498199786103,5657.270511496845,45.440785980211785
3107,2833,2762,5957.143855654729,140.2815870779591,-464.1305142803168,5966.387471311847,131.03797142084204
3108,2833,2821,5551.699100273485,315.8750035587216,-567.8391109872962,5567.05001009678,300.52409373542605
3109,2833,2813,5612.947245774411,158.3144993633689,-368.9220261712618,5619.178103714439,152.0836414233413
3110,2833,2823,5801.641567385866,82.64864280482061,-358.47410171225863,5807.25346923301,77.03674095767701
3111,2833,2824,5820.667738207988,287.8416201650664,-590.4375227813102,5836.375332609291,272.134025763763
3104,2833,2761,5611.747157506225,411.49600756693553,-703.0305006876096,5635.400532226416,387.8426328467458
3118,2834,2825,5711.578769068761,-29.987213610043455,1.3870557935894536,5711.5788528404955,-29.987297381777807
3119,2834,2826,5978.687905425524,47.23315445651633,-230.46124351159477,5980.925651348014,44.99540853402732
3116,2834,2823,5798.470916457176,73.04060968757676,-353.8571054854227,5803.933191718412,67.57833442634046
3115,2834,1543,5893.947014246174,-33.69947183461818,-6.017135496980569,5893.948541239659,-33.700998828102456
3112,2834,2762,5939.668099669494,87.32475075895309,-448.6718610944161,5948.254895364509,78.73795506393844
3113,2834,2758,5653.314751573729,46.75955446115199,-267.47586625318877,5656.503103162656,43.57120287222551
3114,2834,1542,5525.251542220314,-38.27186954056606,0.357730707721006,5525.251547970774,-38.271875291025026
3117,2834,2815,5651.163495364273,24.664357454495985,-136.67581298856751,5651.993386319657,23.83446649911275
3120,2835,1545,3914.584458150872,631.9146409196163,206.94029837509095,3917.8426159237547,628.6564831467335
3371,2835,1545,4444.869766181299,806.908792569658,-354.26257939705965,4453.473888954637,798.30466979632
3370,2835,2763,4646.2300768332425,740.7940315702183,-519.7521047817531,4663.446885234521,723.5772231689398
3369,2835,2759,4592.322011221135,574.0204073399582,-330.43757507645284,4599.103795627151,567.238622933942
3368,2835,1546,4383.124106938025,619.8007342567028,-289.0549669279922,4388.666409391054,614.2584318036731
3374,2835,2828,4533.875949825137,769.9991781666193,-437.883781546694,4546.568831444255,757.306296547501
3127,2835,2828,4268.731706133629,682.5015777484219,-157.281564175011,4270.455355040835,680.7779288412164
3126,2835,2827,4476.5858992334815,225.0128891140132,-382.8478753296995,4485.187219524425,216.41156882306905
3125,2835,2817,4741.204337437834,680.55954574427,-591.2391736646942,4762.612911088745,659.1509720933591
3124,2835,2829,4271.307570488661,280.96274501620996,-279.4107136277651,4276.192792738535,276.07752276633664
3123,2835,2763,4646.2300768332425,740.7940315702182,-519.7521047817531,4663.446885234521,723.5772231689398
3122,2835,2759,4592.322011221135,574.0204073399582,-330.43757507645284,4599.103795627151,567.238622933942
3121,2835,1546,4913.439111599078,794.8046857948505,-850.2892727527337,4956.866615773795,751.3771816201329
3372,2835,2817,4476.04523654072,593.0570424482225,-310.6219023830585,4482.247424962369,586.8548540265738
3373,2835,2827,4608.216718665887,623.8941601213028,-425.14660959994075,4619.525921468487,612.5849573187038
3131,2836,2764,5127.645172154793,933.0705074519316,-913.7949489231061,5176.83622464937,883.8794549573549
3135,2836,2831,4937.828702185834,1009.5372636222135,-922.5875088531697,4991.27073426604,956.0952315420084
3134,2836,2830,5170.799503734357,838.9803770871288,-838.5055853318589,5211.003523310515,798.7763575109707
3133,2836,2820,4927.264000773976,750.9489935750622,-709.8937712290069,4957.216279845416,720.996714503623
3132,2836,2827,4734.941826792197,1007.9096392919408,-813.9767861071706,4778.8668943223,963.9845717618382
3130,2836,2760,5186.9283056671675,662.9821098540062,-750.0357465940834,5217.805115832489,632.1052996886847
3129,2836,2759,4681.220861211103,843.410861855123,-676.5709894933987,4710.811043396595,813.8206796696304
3128,2836,2763,4761.632634786418,1090.4987526404452,-938.1988805506503,4820.626402697619,1031.5049847292453
3143,2837,2833,5407.313725222505,878.4091153952793,-957.5120585914485,5457.370348098021,828.3524925197635
3141,2837,2822,5412.53731083864,570.0975554576851,-728.8750995972333,5439.81093402308,542.8239322732452
3140,2837,2830,5164.409184552956,819.6157735071241,-841.486067900423,5204.778202459533,779.2467556005467
3139,2837,2765,5690.784548583192,768.3764920588922,-985.1805236235055,5739.594551111628,719.5664895304558
3137,2837,2760,5200.5381529168035,704.2240712166515,-760.4514791923639,5232.464815217827,672.2974089156273
3136,2837,2764,5148.615001871307,996.6154459869372,-929.9436578680101,5200.048860900728,945.1815869575166
3142,2837,2832,5659.881107044218,575.4571272587004,-837.5793076135561,5694.144728464344,541.1935058385752
3138,2837,2761,5649.309955056707,444.14520171218646,-697.3987056199327,5672.565780942845,420.8893758260483
3150,2838,2834,6144.969522609316,214.56252396813102,-623.3025167249541,6161.302254700646,198.2297918768022
3144,2838,2765,5696.6956204473,786.2888310411502,-1007.2214400587749,5747.813726807091,735.170724681358
3148,2838,2832,5658.313896306199,570.7080038101572,-837.964631922566,5692.5876770832665,536.4342230330903
3147,2838,2766,6363.511977227494,358.04957157316926,-819.2379143414498,6391.322370634492,330.23917816617177
3146,2838,2762,5948.291473121461,137.36030084198228,-463.87810914008685,5957.534448275146,128.11732568829711
3145,2838,2761,5641.809511318941,421.4165843251303,-705.2216199040396,5665.5188854226835,397.70721022138787
3151,2838,2835,6045.735942330623,577.3269442738942,-926.2103144142686,6084.677784399099,538.3851022054178
3149,2838,2824,5810.683641057839,284.546868105517,-597.5312818951083,5826.7891995795035,268.4413095838522
3159,2839,2837,6577.08593759704,166.534011557761,-446.53004981055767,6584.852344428355,158.76760472644673
3152,2839,2766,6329.449689775612,254.8305186886755,-842.4605280431629,6358.519802469452,225.7604059948353
3153,2839,2762,5930.815717136144,84.40346452294625,-448.41945595418616,5939.401544395827,75.8176372632629
3154,2839,1543,5783.081585400712,-70.28506335362044,7.948595948593678,5783.0842838541075,-70.28776180701516
3158,2839,2836,6137.919386877519,-66.66373489289481,6.5521238332405485,6137.92111665992,-66.66546467529633
3155,2839,1544,6504.486039304506,-27.44042379078337,-27.498773206083424,6504.51498096443,-27.46936545070639
3156,2839,2834,6124.2625455299685,151.8141085761672,-629.1120780902696,6140.783834870495,135.2928192356403
3157,2839,2826,6017.075691133692,59.901123740211915,-231.78647602519808,6019.3294715020875,57.64734337181653
3165,2840,2828,4675.360145948406,816.6889628872983,-698.9554509939818,4706.756689454432,785.292419381273
3378,2840,1,4287.494197184266,985.0723396109609,-420.7902188270156,4300.844361722098,971.7221750731292
3167,2840,2595,4135.607442654822,811.3204905425928,-175.61189905370045,4137.925086531587,809.002846665828
3381,2840,2595,4449.57670833666,914.930348217599,-520.3940636562747,4468.6279901825565,895.8790663717025
3380,2840,2838,4581.501334952892,755.6935112662558,-499.2561495450506,4597.720423765599,739.4744224535486
3375,2840,1545,4202.282470119507,726.8549848692659,-303.3321262025309,4208.888550808001,720.2489041807714
3376,2840,2763,4543.860562825879,707.0120919477881,-393.69543736608125,4553.933299505433,696.939355268235
3377,2840,956,4635.022591345894,852.4976101785184,-608.6793424701907,4659.353075215888,828.1671263085254
3379,2840,2828,4361.389773910686,713.0787401148508,-354.173104547924,4369.96527841918,704.5032356063571
3166,2840,2838,4419.7701603318865,265.5990427177535,-449.170666242883,4431.876548297096,253.49265475254424
3163,2840,956,4635.022591345894,852.497610178518,-608.6793424701627,4659.353075215885,828.167126308527
3164,2840,2839,4075.2179155850076,341.8108802192685,-310.0446316820752,4081.643849205042,335.38494659923435
3160,2840,1,3659.5549483190202,777.8523874854295,268.7738501039877,3665.8084526029215,771.5988832015285
3161,2840,1545,4830.223682479113,934.0755849479361,-992.8966795532085,4892.486285506179,871.8129819208707
3162,2840,2763,4543.860562825879,707.0120919477881,-393.69543736608125,4553.933299505433,696.939355268235
3175,2841,2599,4869.16750707174,1254.612038262412,-985.0448284139312,4935.077199960755,1188.7023453733968
3174,2841,2840,5110.336449542476,1166.3904618841564,-983.7203253910171,5170.752175431666,1105.9747359949665
3173,2841,2831,4884.857122161954,992.0566422143331,-867.1080047679841,4932.558927509116,944.3548368671709
3172,2841,2838,4736.598407116384,1225.684639034414,-913.3423838285938,4795.026152607087,1167.2568935437114
3170,2841,2764,5160.867584862153,944.0339036453602,-940.9392887348442,5212.720000627207,892.1814878803066
3169,2841,2763,4659.263120779012,1056.7168130180007,-812.1422131349644,4704.46734788089,1011.5125859161226
3168,2841,956,4771.43992734539,1265.8834768435474,-988.4981708184658,4839.791479277203,1197.531924911735
3171,2841,957,5017.31154811439,1259.9780319156557,-1000.4569783431953,5082.768584778742,1194.520995251303
3179,2842,958,5628.667775563732,1269.9641352328213,-1204.9365992424484,5710.409144125131,1188.222766671423
3176,2842,957,5037.758990631822,1321.9399789381769,-1011.3613815456989,5105.347003073841,1254.3519664961573
3177,2842,2764,5181.837414578709,1007.57884218038,-957.0879976797482,5235.995828838288,953.4204279208016
3178,2842,2765,5720.08084967706,778.0442714198687,-993.5508360401199,5769.522280749725,728.6028403472037
3180,2842,2840,5103.34117130776,1145.1926490516867,-984.490039360131,5163.6393848540565,1084.8944355053907
3181,2842,2833,5410.976856407293,879.6179486862593,-967.416050738392,5462.035808464081,828.5589966294706
3182,2842,2841,5667.917246885296,1004.4373374622922,-1099.5090688039322,5731.848652042154,940.5059323054334
3183,2842,2602,5293.231028285594,1282.7582092989069,-1100.2454882043764,5367.323378641515,1208.6658589429862
3189,2843,2835,6039.428808035572,575.2455899565275,-929.5534361767991,6078.680187126748,535.9942108653513
3190,2843,2842,6516.513304711868,653.4201800938129,-1089.9563806604115,6566.739113815765,603.1943709899147
3191,2843,2605,6058.54834512098,1140.096366633355,-1285.6969869456525,6141.181252773786,1057.4634589805505
3187,2843,959,6594.339514508292,1011.7009194259281,-1348.1389488639984,6674.5760804646025,931.4643534696179
3188,2843,2841,5667.286660650253,1002.5264700833729,-1113.55278407895,5732.821672205853,936.9914585277734
3186,2843,2766,6471.175149246708,393.57841833950897,-847.253970688263,6500.561153839215,364.19241374700186
3185,2843,2765,5725.991921541209,795.9566104021396,-1015.5917524754312,5777.751708296195,744.1968236471539
3184,2843,958,5641.065708749777,1307.5336297360982,-1226.9926651214248,5726.243900352047,1222.355438133828
3197,2844,2837,6570.640911648967,164.40715299489693,-483.2785211755393,6579.742467436077,155.30559720778683
3199,2844,2608,7593.3105679150785,599.0634720930793,-1066.6053714889672,7633.740533942193,558.6335060659658
3195,2844,5,8303.280363226404,60.059496630704416,-505.91712068209125,8311.035570934386,52.30428892272175
3194,2844,1544,6426.637987241855,-53.13028097145843,22.98809794092573,6426.6583757404205,-53.15066947002424
3193,2844,2766,6437.112764744315,290.3593334283478,-870.4766328001083,6467.778063687843,259.69403448482035
3192,2844,959,6605.818747767662,1046.4810551303187,-1508.223374205233,6706.29630950177,946.0034933962106
3198,2844,2843,7336.188640025462,-83.71883219652682,-155.53027679116147,7337.0035764179975,-84.53376858906222
3196,2844,2842,6492.693037943625,581.2374016221397,-1103.4168715104136,6543.742420230685,530.1880193350808
