,Element,NID,E1,E2,E12,E_max,E_min
0,1,12.0,5.083476001337822e-05,-1.993336820706171e-05,-4.661859586394673e-05,5.7822329846607435e-05,-2.6920938040290924e-05
1,1,13.0,5.083476001337822e-05,-2.668997566303733e-05,-1.4720918634534078e-05,5.152739847076832e-05,-2.7382614120427427e-05
2,1,89.0,8.295542654329895e-05,-2.668997566303733e-05,-2.1524759974017073e-05,8.400183478717585e-05,-2.7736383906914227e-05
3,1,11.0,8.295542654329895e-05,-1.993336820706171e-05,-5.342243720342973e-05,8.947666744187577e-05,-2.6454609105638528e-05
4,2,13.0,7.697804787767763e-05,-2.668997566303733e-05,-3.254673499631343e-05,7.947254856569344e-05,-2.918447635105313e-05
5,2,14.0,7.697804787767763e-05,-3.193712422884954e-05,-1.504230187265778e-05,7.749496855394869e-05,-3.2454044905120595e-05
6,2,90.0,9.460493723234802e-05,-3.193712422884954e-05,-2.0326158056043712e-05,9.541597501582104e-05,-3.274816201232256e-05
7,2,89.0,9.460493723234802e-05,-2.668997566303733e-05,-3.7830591179699793e-05,9.748623317934806e-05,-2.9571271610037364e-05
8,3,14.0,9.633852315251313e-05,-3.193712422884954e-05,-2.3991051612313064e-05,9.745062717936335e-05,-3.304922825569976e-05
9,3,15.0,9.633852315251313e-05,-3.6472405615572555e-05,-1.3478874288578961e-05,9.667963705591669e-05,-3.681351951897611e-05
10,3,91.0,0.00010692418868202963,-3.6472405615572555e-05,-1.8045860780873616e-05,0.00010748970742243029,-3.703792435597321e-05
11,3,90.0,0.00010692418868202963,-3.193712422884954e-05,-2.8558038104606852e-05,0.00010837728523762438,-3.339022078444429e-05
15,4,91.0,0.00011817218074252223,-3.6472405615572555e-05,-2.2356094341918244e-05,0.00011897597642643243,-3.727620129948275e-05
14,4,92.0,0.00011817218074252223,-4.0316537987890766e-05,-1.5719013502579673e-05,0.00011856098241953207,-4.07053396649006e-05
12,4,15.0,0.0001114886686992252,-3.6472405615572555e-05,-1.8485069469939292e-05,0.00011206377738051781,-3.704751429686517e-05
13,4,16.0,0.0001114886686992252,-4.0316537987890766e-05,-1.1847988630600721e-05,0.00011171949364427912,-4.054736293294469e-05
16,5,16.0,0.00012369412533147148,-4.0316537987890766e-05,-1.4427217348308638e-05,0.00012401078691003824,-4.0633199566457546e-05
17,5,17.0,0.00012369412533147148,-4.350596384904528e-05,-1.031104300141649e-05,0.00012385294210786167,-4.3664780625435475e-05
18,5,93.0,0.0001278390749033364,-4.350596384904528e-05,-1.3522765402744844e-05,0.0001281054691361633,-4.3772358081872165e-05
19,5,92.0,0.0001278390749033364,-4.0316537987890766e-05,-1.763893974963699e-05,0.00012830037529934312,-4.077783838389748e-05
20,6,17.0,0.0001335762323515866,-4.350596384904528e-05,-1.123826126557103e-05,0.00013375435810877563,-4.368408960623431e-05
21,6,18.0,0.0001335762323515866,-4.6121708215793506e-05,-8.87548135184834e-06,0.0001336857580721438,-4.623123393635072e-05
22,6,94.0,0.00013595552991443015,-4.6121708215793506e-05,-1.1509511783831285e-05,0.00013613723411479508,-4.630341241615844e-05
23,6,93.0,0.00013595552991443015,-4.350596384904528e-05,-1.3872291697553107e-05,0.00013622321110335364,-4.377364503796879e-05
27,7,94.0,0.0001426760780092193,-4.6121708215793506e-05,-1.0817356417157711e-05,0.0001428308988419111,-4.627652904848528e-05
26,7,95.0,0.0001426760780092193,-4.82441466279174e-05,-9.694985336267201e-06,0.0001427990773215311,-4.83671459402292e-05
24,7,18.0,0.00014154585512693788,-4.6121708215793506e-05,-8.680070005862711e-06,0.0001416461699625179,-4.6222023051373546e-05
25,7,19.0,0.00014154585512693788,-4.82441466279174e-05,-7.557698924972635e-06,0.00014162106481465075,-4.831935631563026e-05
28,8,19.0,0.00014792302863605566,-4.82441466279174e-05,-6.6206271711133705e-06,0.0001479788741530144,-4.829999214487616e-05
29,8,20.0,0.00014792302863605566,-4.994812582074745e-05,-6.367433085408859e-06,0.00014797424089262176,-4.9999338077313533e-05
30,8,96.0,0.000148177992743183,-4.994812582074745e-05,-8.083324403550338e-06,0.00014826040611456395,-5.00305391921284e-05
31,8,95.0,0.000148177992743183,-4.82441466279174e-05,-8.336518489254416e-06,0.0001482664072572481,-4.83325611419825e-05
35,9,96.0,0.00015263272945212347,-4.994812582074745e-05,-6.330336401333576e-06,0.00015268217067543381,-4.99975670440578e-05
32,9,20.0,0.00015297550116806675,-4.994812582074745e-05,-4.968501825147135e-06,0.00015300590954396098,-4.997853419664169e-05
33,9,21.0,0.00015297550116806675,-5.130049955979425e-05,-5.30889226260222e-06,0.00015300998830740815,-5.1334986699135625e-05
34,9,97.0,0.00015263272945212347,-5.130049955979425e-05,-6.6707268387890956e-06,0.00015268726531679245,-5.135503542446321e-05
39,10,97.0,0.00015619915489322725,-5.130049955979425e-05,-4.72040443194946e-06,0.00015622599751129727,-5.132734217786428e-05
38,10,98.0,0.00015619915489322725,-5.236054721356948e-05,-5.448120436536089e-06,0.00015623472858512577,-5.2396120905468015e-05
37,10,22.0,0.00015693195819246756,-5.236054721356948e-05,-4.380662234239677e-06,0.00015695487838761726,-5.238346740871918e-05
36,10,21.0,0.00015693195819246756,-5.130049955979425e-05,-3.652946229653481e-06,0.00015694797753669374,-5.1316518904020414e-05
43,11,98.0,0.00015902062808575068,-5.236054721356948e-05,-3.4409294385525507e-06,0.00015903463029188046,-5.237454941969927e-05
40,11,22.0,0.00015998878858562108,-5.236054721356948e-05,-2.615722338673767e-06,0.00015999684340694498,-5.2368602034893384e-05
41,11,23.0,0.00015998878858562108,-5.318002552965077e-05,-3.5771616382716115e-06,0.00016000379451499186,-5.319503145902154e-05
42,11,99.0,0.00015902062808575068,-5.318002552965077e-05,-4.4023687381499615e-06,0.00015904345879481232,-5.3202856238712416e-05
46,12,100.0,0.00016122403301363194,-5.3803560114308395e-05,-3.5178061936042525e-06,0.00016123841969341746,-5.381794679409392e-05
47,12,99.0,0.00016122403301363194,-5.318002552965077e-05,-2.4354722344454086e-06,0.0001612309490833614,-5.318694159938024e-05
44,12,23.0,0.0001623139386854192,-5.318002552965077e-05,-1.8075755722156937e-06,0.00016231772913030622,-5.31838159745378e-05
45,12,24.0,0.0001623139386854192,-5.3803560114308395e-05,-2.8899095313745377e-06,0.00016232359917548318,-5.38132206043724e-05
51,13,100.0,0.00016292002582007914,-5.3803560114308395e-05,-1.6554389936813962e-06,0.00016292318703379393,-5.38067213280232e-05
50,13,101.0,0.00016292002582007914,-5.426919029060057e-05,-2.7775432050974706e-06,0.00016292890567031683,-5.427807014083826e-05
49,13,25.0,0.0001640499744030902,-5.426919029060057e-05,-2.308657915695792e-06,0.00016405607756904983,-5.427529345656019e-05
48,13,24.0,0.0001640499744030902,-5.3803560114308395e-05,-1.1865537042797178e-06,0.00016405159005194228,-5.380517576316047e-05
52,14,25.0,0.00016531682681906633,-5.426919029060057e-05,-7.170449184221855e-07,0.00016531741218425852,-5.426977565579276e-05
53,14,26.0,0.00016531682681906633,-5.460898995083825e-05,-1.8222939216655e-06,0.00016532060161252788,-5.461276474429981e-05
54,14,102.0,0.0001642038457958083,-5.460898995083825e-05,-2.1644707274750402e-06,0.00016420919833707413,-5.461434249210407e-05
55,14,101.0,0.0001642038457958083,-5.426919029060057e-05,-1.0592217242321594e-06,0.00016420512964310604,-5.42704741378983e-05
56,15,26.0,0.00016621442903221734,-5.460898995083825e-05,-3.6902341331648825e-07,0.0001662145832031213,-5.460914412174223e-05
57,15,27.0,0.00016621442903221734,-5.4849730100158976e-05,-1.4195912805491616e-06,0.00016621670802967716,-5.485200909761881e-05
58,15,103.0,0.00016515651688746346,-5.4849730100158976e-05,-1.6620143886989305e-06,0.00016515965572153855,-5.485286893423408e-05
59,15,102.0,0.00016515651688746346,-5.460898995083825e-05,-6.114465214658235e-07,0.00016515694218865204,-5.460941525202685e-05
63,16,103.0,0.00016584622395092148,-5.4849730100158976e-05,-2.8232996250989253e-07,0.0001658463142450271,-5.484982039426458e-05
62,16,104.0,0.00016584622395092148,-5.501353636276282e-05,-1.2545910493002264e-06,0.00016584800560865933,-5.501531802050067e-05
61,16,28.0,0.0001668252818906018,-5.5013535556331945e-05,-1.0896348683988623e-06,0.00016682661990822075,-5.5014873573950914e-05
60,16,27.0,0.0001668252818906018,-5.4849730100158976e-05,-1.1737856812519751e-07,0.00016682529742880698,-5.4849745638364166e-05
64,17,28.0,0.0001672168182126699,-5.5013529942252756e-05,5.869889532468878e-08,0.00016721682208878345,-5.50135338183663e-05
65,17,29.0,0.0001672168182126699,-5.511849739636633e-05,-8.222037760612783e-07,0.0001672175783446538,-5.511925752835022e-05
66,17,105.0,0.00016632975735399397,-5.511849739636633e-05,-9.279050334229464e-07,0.0001663307293688477,-5.511946941122006e-05
67,17,104.0,0.00016632975735399397,-5.5013530459015604e-05,-4.700669878907396e-08,0.0001663297598496984,-5.501353295472004e-05
68,18,29.0,0.00016744362310487128,-5.511849739636633e-05,1.7629368737992306e-07,0.0001674436580158652,-5.511853230736024e-05
69,18,30.0,0.00016744362310487128,-5.517928270697939e-05,-6.079032087245168e-07,0.0001674440380954368,-5.517969769754489e-05
70,18,106.0,0.00016665394406923436,-5.517928270697939e-05,-6.691134554165194e-07,0.00016665444862822717,-5.51797872659722e-05
71,18,105.0,0.00016665394406923436,-5.511849739636633e-05,1.1508344068770354e-07,0.00016665395899917486,-5.5118512326306836e-05
75,19,106.0,0.0001668570059433212,-5.517928270697939e-05,2.2075822939896655e-07,0.00016685706081518933,-5.517933757884752e-05
74,19,107.0,0.0001668570059433212,-5.520763984678671e-05,-4.668517965089429e-07,0.00016685725131146422,-5.5207885214929734e-05
72,19,30.0,0.00016754942630107985,-5.517928270697939e-05,2.4931374800751804e-07,0.0001675494960690565,-5.517935247495604e-05
73,19,31.0,0.00016754942630107985,-5.520763984678671e-05,-4.382962779003914e-07,0.0001675496418985518,-5.520785544425867e-05
76,20,31.0,0.0001675688738233018,-5.520763984678671e-05,2.8894693936956303e-07,0.00016756896751618852,-5.520773353967345e-05
77,20,32.0,0.0001675688738233018,-5.521288559320067e-05,-3.0593397321856605e-07,0.0001675689788538394,-5.5212990623738285e-05
78,20,108.0,0.00016696983423553384,-5.521288559320067e-05,-3.112163914351703e-07,0.0001669699432174507,-5.521299457511752e-05
79,20,107.0,0.00016696983423553384,-5.520763984678671e-05,2.836645211531756e-07,0.0001669699247774847,-5.520773038873757e-05
80,21,32.0,0.0001675291067544471,-5.521288559320067e-05,3.0409765719961734e-07,0.000167529210546441,-5.521298938519455e-05
81,21,33.0,0.0001675291067544471,-5.520232231324127e-05,-2.0431923328451465e-07,0.00016752915361170978,-5.5202369170503945e-05
82,21,109.0,0.00016701713311832278,-5.520232231324127e-05,-1.9368205550506813e-07,0.00016701717532067117,-5.520236451558966e-05
83,21,108.0,0.00016701713311832278,-5.521288559320067e-05,3.14734834978847e-07,0.00016701724455462565,-5.521299702950354e-05
86,22,110.0,0.00016701844902606536,-5.518160263143137e-05,-1.0701630744351827e-07,0.00016701846191140147,-5.518161551676748e-05
87,22,109.0,0.00016701844902606536,-5.520232231324127e-05,3.226435658799237e-07,0.0001670185661379977,-5.520243942517361e-05
85,22,34.0,0.00016745111255241085,-5.518160263143137e-05,-1.278808357675458e-07,0.0001674511309161841,-5.5181620995204626e-05
84,22,33.0,0.00016745111255241085,-5.520232231324127e-05,3.01779037556113e-07,0.0001674512148083515,-5.5202424569181926e-05
88,23,34.0,0.00016735090345370153,-5.518160263143137e-05,2.8743030621673077e-07,0.0001673509962672728,-5.5181695445002664e-05
89,23,35.0,0.00016735090345370153,-5.515504364153297e-05,-7.188902422872526e-08,0.00016735090926032348,-5.515504944815493e-05
90,23,111.0,0.00016698907220473696,-5.515504364153297e-05,-4.514436656097298e-08,0.00016698907449830866,-5.515504593510465e-05
91,23,110.0,0.00016698907220473696,-5.518160263143137e-05,3.1417496388448304e-07,0.000166989183274592,-5.5181713701286396e-05
92,24,35.0,0.0001672405077834181,-5.515504364153297e-05,2.6521411821810864e-07,0.00016724058685256207,-5.515512271067694e-05
93,24,36.0,0.0001672405077834181,-5.5125893757038916e-05,-3.239068497749506e-08,0.00016724050896295385,-5.512589493657466e-05
94,24,112.0,0.0001669408210183403,-5.5125893757038916e-05,-3.0368758569074977e-09,0.000166940821028723,-5.5125893767421616e-05
95,24,111.0,0.0001669408210183403,-5.515504364153297e-05,2.9456792733891304e-07,0.0001669409186903814,-5.515514131357404e-05
97,25,37.0,0.000167128807983607,-5.5096557509327904e-05,-6.125081130009882e-09,0.0001671288080258126,-5.509655755153351e-05
98,25,113.0,0.00016688271271843628,-5.5096557509327904e-05,2.3416249518939426e-08,0.00016688271333597225,-5.509655812686389e-05
96,25,36.0,0.000167128807983607,-5.5125893757038916e-05,2.3826173222525528e-07,0.00016712887183899035,-5.512595761242227e-05
99,25,112.0,0.00016688271271843628,-5.5125893757038916e-05,2.6780306287442143e-07,0.00016688279347933056,-5.512597451793321e-05
103,26,113.0,0.00016682153132327742,-5.5096557509327904e-05,2.3684431104753836e-07,0.00016682159451687735,-5.509662070292785e-05
102,26,114.0,0.00016682153132327742,-5.506878279190033e-05,3.752639441952175e-08,0.00016682153290990625,-5.506878437852915e-05
100,26,37.0,0.0001670222436135863,-5.5096557509327904e-05,2.0887528928671076e-07,0.0001670222927189261,-5.509660661466772e-05
101,26,38.0,0.0001670222436135863,-5.506878279190033e-05,9.557372658477309e-09,0.0001670222437164083,-5.5068782894722326e-05
104,27,38.0,0.00016692538796439158,-5.506878279190033e-05,1.787167228045703e-07,0.0001669254239334237,-5.506881876093245e-05
105,27,39.0,0.00016692538796439158,-5.5043818481443274e-05,1.676431237969747e-08,0.0001669253882809244,-5.504381879797611e-05
106,27,115.0,0.000166762303382039,-5.5043818481443274e-05,4.190314257016513e-08,0.0001667623053611022,-5.504382046050648e-05
107,27,114.0,0.000166762303382039,-5.506878279190033e-05,2.0385555299503796e-07,0.00016676235021618476,-5.506882962604612e-05
108,28,39.0,0.00016684141774626915,-5.5043818481443274e-05,1.4895370570094588e-07,0.00016684144274478225,-5.504384347995638e-05
109,28,40.0,0.00016684141774626915,-5.502254154996151e-05,1.7154413890687475e-08,0.0001668414180778619,-5.502254188155425e-05
110,28,116.0,0.00016670869681466706,-5.502254154996151e-05,3.858012968295521e-08,0.0001667086984928546,-5.502254322814903e-05
111,28,115.0,0.00016670869681466706,-5.5043818481443274e-05,1.703794214932136e-07,0.00016670872954162728,-5.5043851208403494e-05
115,29,116.0,0.0001666633319910147,-5.502254154996151e-05,1.3751859895901226e-07,0.00016666335331777196,-5.502256287671875e-05
114,29,117.0,0.0001666633319910147,-5.500554950408937e-05,2.9134806801378414e-08,0.00016666333294834007,-5.5005550461414724e-05
112,29,40.0,0.00016677247368417688,-5.502254154996151e-05,1.2040773192032155e-07,0.0001667724900258661,-5.5022557891650726e-05
113,29,41.0,0.00016677247368417688,-5.500554950408937e-05,1.2023939762687702e-08,0.00016677247384714965,-5.500554966706216e-05
116,30,41.0,0.00016671992358694343,-5.500554950408937e-05,9.365545764112616e-08,0.00016671993347681336,-5.50055593939593e-05
117,30,42.0,0.00016671992358694343,-5.4993219449779997e-05,2.3887843500144945e-09,0.00016671992359337774,-5.4993219456214316e-05
118,30,118.0,0.00016662801870841903,-5.4993219449779997e-05,1.4805059674201891e-08,0.00016662801895567624,-5.499321969703721e-05
119,30,117.0,0.00016662801870841903,-5.500554950408937e-05,1.0607173296542198e-07,0.00016662803139965077,-5.5005562195321105e-05
120,31,42.0,0.00016668456741428204,-5.4993219449779997e-05,6.9097894845444e-08,0.00016668457279880774,-5.4993224834305694e-05
121,31,43.0,0.00016668456741428204,-5.49857597588792e-05,-1.0984625873180012e-08,0.00016668456755036478,-5.4985759894961926e-05
122,31,119.0,0.00016660392489633788,-5.49857597588792e-05,-3.4727712020085275e-09,0.00016660392490994426,-5.4985759772485583e-05
123,31,118.0,0.00016660392489633788,-5.4993219449779997e-05,7.660974951661549e-08,0.00016660393151764788,-5.4993226071089996e-05
127,32,119.0,0.0001665917281955701,-5.49857597588792e-05,4.95120058545016e-08,0.00016659173096146332,-5.4985762524772426e-05
126,32,45.0,0.0001665917281955701,-5.498326622170092e-05,-2.5049007554484894e-08,0.00016659172890351638,-5.4983266929647194e-05
125,32,44.0,0.00016666681059567199,-5.498326622170092e-05,-2.7559981420274826e-08,0.00016666681145237434,-5.498326707840327e-05
124,32,43.0,0.00016666681059567199,-5.49857597588792e-05,4.700103198871167e-08,0.00016666681308729318,-5.4985762250500406e-05
128,33,11.0,8.295542654329895e-05,-3.107412040455901e-05,-7.6059829394284e-05,9.447501529851261e-05,-4.259370915977267e-05
129,33,89.0,8.295542654329895e-05,-3.6604711710319345e-05,-5.416518474853603e-05,8.880403616684132e-05,-4.245332133386171e-05
130,33,120.0,0.00010500313159715526,-3.6604711710319345e-05,-5.973443914182499e-05,0.00011104480920873483,-4.264638932189891e-05
131,33,10.0,0.00010500313159715526,-3.107412040455901e-05,-8.162908378757296e-05,0.00011630605497670892,-4.2377043784112665e-05
132,34,89.0,9.460493723234802e-05,-3.6604711710319345e-05,-7.047101595421875e-05,0.00010346845513762052,-4.5468229615591845e-05
133,34,90.0,9.460493723234802e-05,-3.931149245719112e-05,-5.144054885611142e-05,9.93749250128556e-05,-4.40814802376987e-05
134,34,121.0,0.00011376853627816444,-3.931149245719112e-05,-5.416626550145548e-05,0.00011841885310206306,-4.396180928108974e-05
135,34,120.0,0.00011376853627816444,-3.6604711710319345e-05,-7.319673259956194e-05,0.00012220289555645082,-4.503907098860573e-05
139,35,121.0,0.00012156127820995774,-3.931149245719112e-05,-6.23955014715993e-05,0.00012739952261482006,-4.514973686205344e-05
138,35,122.0,0.00012156127820995774,-4.201566080721934e-05,-4.786002609766986e-05,0.0001249901735343346,-4.5444556131596185e-05
137,35,91.0,0.00010692418868202963,-4.201566080721934e-05,-4.513695353074512e-05,0.00011026882449633393,-4.5360296621523634e-05
136,35,90.0,0.00010692418868202963,-3.931149245719112e-05,-5.967242890467413e-05,0.00011277734470236238,-4.5164648477523866e-05
140,36,91.0,0.00011817218074252223,-4.201566080721934e-05,-4.944718709179062e-05,0.00012190124144000134,-4.574472150469845e-05
141,36,92.0,0.00011817218074252223,-4.451727584801944e-05,-3.8683644302217775e-05,0.00012044007652733013,-4.678517163282734e-05
142,36,123.0,0.00012901102233629346,-4.451727584801944e-05,-4.1202759958271825e-05,0.00013142329627584813,-4.692954978757409e-05
143,36,122.0,0.00012901102233629346,-4.201566080721934e-05,-5.1966302747845534e-05,0.00013287136672460065,-4.5876005195526524e-05
144,37,92.0,0.0001278390749033364,-4.451727584801944e-05,-4.060357054927466e-05,0.0001301981255764713,-4.687632652115434e-05
145,37,93.0,0.0001278390749033364,-4.6694207784254006e-05,-3.2719365135948884e-05,0.00012935929016090686,-4.821442304182448e-05
146,37,124.0,0.0001357783969772753,-4.6694207784254006e-05,-3.491151550098076e-05,0.00013743324783920715,-4.8349058646185856e-05
147,37,123.0,0.0001357783969772753,-4.451727584801944e-05,-4.2795720914306536e-05,0.00013828314197510583,-4.702202084584996e-05
151,38,124.0,0.00014168239807336482,-4.6694207784254006e-05,-3.491112984417306e-05,0.000143286230288096,-4.8298039998985194e-05
150,38,125.0,0.00014168239807336482,-4.8523656940796544e-05,-2.9224018964984534e-05,0.00014279837420968605,-4.9639633077117764e-05
149,38,94.0,0.00013595552991443015,-4.8523656940796544e-05,-2.7381780551569493e-05,0.00013696604679364158,-4.953417382000798e-05
148,38,93.0,0.00013595552991443015,-4.6694207784254006e-05,-3.3068891430758016e-05,0.00013744024874580318,-4.817892661562704e-05
152,39,94.0,0.0001426760780092193,-4.8523656940796544e-05,-2.6689625184895486e-05,0.0001436029875671499,-4.9450566498727156e-05
153,39,95.0,0.0001426760780092193,-5.003073412597741e-05,-2.268114726669719e-05,0.00014334116229867044,-5.069581841542853e-05
154,39,126.0,0.00014671259814360953,-5.003073412597741e-05,-2.4198767552054048e-05,0.00014745389678081175,-5.077203276317963e-05
155,39,125.0,0.00014671259814360953,-4.8523656940796544e-05,-2.8207245470252343e-05,0.00014772616428604615,-4.953722308323317e-05
156,40,95.0,0.000148177992743183,-5.003073412597741e-05,-2.1322680419684405e-05,0.00014874980011608997,-5.060254149888436e-05
157,40,96.0,0.000148177992743183,-5.1251735596024943e-05,-1.859576218482279e-05,0.00014861054356353866,-5.168428641638062e-05
158,40,127.0,0.00015092397423413506,-5.1251735596024943e-05,-1.9825299394378004e-05,0.00015140882744161838,-5.173658880350828e-05
159,40,126.0,0.00015092397423413506,-5.003073412597741e-05,-2.2552217629239618e-05,0.00015155472721183158,-5.066148710367392e-05
163,41,127.0,0.00015440077120147276,-5.1251735596024943e-05,-1.7824717305422143e-05,0.00015478628324047943,-5.1637247635031615e-05
162,41,128.0,0.00015440077120147276,-5.2226857035702874e-05,-1.606895836585038e-05,0.00015471271181341018,-5.25387976476403e-05
160,41,96.0,0.00015263272945212347,-5.1251735596024943e-05,-1.6842774182606463e-05,0.00015297998090628618,-5.159898705018764e-05
161,41,97.0,0.00015263272945212347,-5.2226857035702874e-05,-1.5087015243033831e-05,0.00015291012705299334,-5.250425463657274e-05
164,42,97.0,0.00015619915489322725,-5.2226857035702874e-05,-1.3136692836195063e-05,0.00015640594488153047,-5.2433647024006114e-05
165,42,98.0,0.00015619915489322725,-5.299494315262707e-05,-1.2107185581236059e-05,0.00015637418540477934,-5.316997366417918e-05
166,42,129.0,0.0001572358591958277,-5.299494315262707e-05,-1.288064121095266e-05,0.00015743297054276317,-5.319205449956255e-05
167,42,128.0,0.0001572358591958277,-5.2226857035702874e-05,-1.3910148465912965e-05,0.00015746654388772982,-5.245754172760501e-05
168,43,98.0,0.00015902062808575068,-5.299494315262707e-05,-1.0099994583252954e-05,0.00015914084576696005,-5.311516083383645e-05
169,43,99.0,0.00015902062808575068,-5.359130037355315e-05,-9.603672584069557e-06,0.0001591290222038872,-5.369969449168969e-05
170,43,130.0,0.00015952041975749376,-5.359130037355315e-05,-1.0204198800706134e-05,0.00015964249898868947,-5.371337960474886e-05
171,43,129.0,0.00015952041975749376,-5.299494315262707e-05,-1.0700520799889097e-05,0.00015965503198271972,-5.312955537785304e-05
175,44,130.0,0.00016133931938116337,-5.359130037355315e-05,-8.095673769738417e-06,0.00016141552618681988,-5.3667507179209654e-05
174,44,131.0,0.00016133931938116337,-5.40470100426053e-05,-7.98118831119108e-06,0.00016141323019504305,-5.412092085648497e-05
173,44,100.0,0.00016122403301363194,-5.40470100426053e-05,-7.522290621817668e-06,0.00016128972646788878,-5.411270349686215e-05
172,44,99.0,0.00016122403301363194,-5.359130037355315e-05,-7.63677608036457e-06,0.00016129188423824847,-5.365915159816967e-05
176,45,100.0,0.00016292002582007914,-5.40470100426053e-05,-5.659923421894378e-06,0.00016295693152431473,-5.4083915746840896e-05
177,45,101.0,0.00016292002582007914,-5.438888105243158e-05,-5.809748233543115e-06,0.00016295884975259977,-5.4427704984952224e-05
178,45,132.0,0.00016276915361774754,-5.438888105243158e-05,-6.154009184705482e-06,0.00016281274425500894,-5.443247168969297e-05
179,45,131.0,0.00016276915361774754,-5.40470100426053e-05,-6.004184373057178e-06,0.00016281071338953605,-5.408856981439382e-05
180,46,101.0,0.0001642038457958083,-5.438888105243158e-05,-4.091426752677804e-06,0.0001642229890528333,-5.4408024309456545e-05
181,46,102.0,0.0001642038457958083,-5.463968782684354e-05,-4.415417203287343e-06,0.00016422611504575874,-5.466195707679397e-05
182,46,133.0,0.0001638775887965369,-5.463968782684354e-05,-4.66797855336017e-06,0.00016390251535929797,-5.46646143896046e-05
183,46,132.0,0.0001638775887965369,-5.438888105243158e-05,-4.3439881027497636e-06,0.00016389920041237754,-5.4410492668272216e-05
187,47,133.0,0.00016472344466804444,-5.463968782684354e-05,-3.0425046257248622e-06,0.0001647339938304686,-5.46502369892677e-05
186,47,134.0,0.00016472344466804444,-5.481854907756238e-05,-3.4725703548775e-06,0.00016473717551575057,-5.483227992526849e-05
185,47,103.0,0.00016515651688746346,-5.481854907756238e-05,-3.2924587264303307e-06,0.0001651688360989225,-5.483086828902143e-05
184,47,102.0,0.00016515651688746346,-5.463968782684354e-05,-2.8623929972781265e-06,0.0001651658356861223,-5.464900662550238e-05
188,48,103.0,0.00016584622395092148,-5.481854907756238e-05,-1.9127743002417263e-06,0.00016585036896775947,-5.482269409440036e-05
189,48,104.0,0.00016584622395092148,-5.494133143849262e-05,-2.3984336217641733e-06,0.00016585273735487006,-5.4947844842441205e-05
190,48,135.0,0.0001653571670894925,-5.494133143849262e-05,-2.5220749345412387e-06,0.00016536438531114067,-5.49485496601408e-05
191,48,134.0,0.0001653571670894925,-5.481854907756238e-05,-2.036415613018358e-06,0.0001653618757148765,-5.482325770294637e-05
192,49,104.0,0.00016632975735399397,-5.494133143849262e-05,-1.1908516351997328e-06,0.00016633135959375799,-5.4942933678256634e-05
193,49,105.0,0.00016632975735399397,-5.502106757020533e-05,-1.6955760233964244e-06,0.00016633300438941744,-5.502431460562879e-05
194,49,136.0,0.0001658215045540752,-5.502106757020533e-05,-1.775869572004981e-06,0.00016582507458783938,-5.502463760396952e-05
195,49,135.0,0.0001658215045540752,-5.494133143849262e-05,-1.271145183808723e-06,0.0001658233343419996,-5.4943161226417015e-05
198,50,137.0,0.0001661522883752535,-5.506834993697124e-05,-1.1983735371014215e-06,0.00016615391128960947,-5.506997285132722e-05
199,50,136.0,0.0001661522883752535,-5.502106757020533e-05,-7.002004561661689e-07,0.00016615284255530862,-5.502162175026045e-05
196,50,105.0,0.00016665394406923436,-5.502106757020533e-05,-6.525875492855576e-07,0.00016665442435519852,-5.50215478561695e-05
197,50,106.0,0.00016665394406923436,-5.506834993697124e-05,-1.1507606302203766e-06,0.00016665543719954435,-5.506984306728121e-05
203,51,137.0,0.00016637923690341477,-5.506834993697124e-05,-2.8439826314395275e-07,0.00016637932821434288,-5.506844124789935e-05
202,51,138.0,0.00016637923690341477,-5.50916959325045e-05,-7.588481810694419e-07,0.00016637988693101027,-5.5092345960099985e-05
201,51,107.0,0.0001668570059433212,-5.50916959325045e-05,-7.353388633305966e-07,0.00016685761500495968,-5.5092304994142985e-05
200,51,106.0,0.0001668570059433212,-5.506834993697124e-05,-2.6088894540532426e-07,0.0001668570826166446,-5.5068426610294625e-05
204,52,107.0,0.00016696983423553384,-5.50916959325045e-05,1.5177454331305115e-08,0.00016696983449487088,-5.509169619184154e-05
205,52,108.0,0.00016696983423553384,-5.509788076870812e-05,-4.2482800421267397e-07,0.0001669700374153027,-5.509808394847699e-05
206,52,139.0,0.00016652675280036822,-5.509788076870812e-05,-4.3105607717931413e-07,0.00016652696239932274,-5.509809036766262e-05
207,52,138.0,0.00016652675280036822,-5.50916959325045e-05,8.949381364881798e-09,0.00016652675289071655,-5.509169602285283e-05
208,53,108.0,0.00016701713311832278,-5.509788076870812e-05,2.0112322220134336e-07,0.00016701717864714758,-5.509792629753293e-05
209,53,109.0,0.00016701713311832278,-5.509223109296439e-05,-1.9854214129916628e-07,0.00016701717748720174,-5.5092275461843365e-05
210,53,140.0,0.00016661467180514845,-5.509223109296439e-05,-1.9285294196769338e-07,0.00016661471374368274,-5.5092273031498676e-05
211,53,139.0,0.00016661467180514845,-5.509788076870812e-05,2.0681242153281626e-07,0.00016661472003355038,-5.509792899711005e-05
215,54,140.0,0.00016665895485607754,-5.509223109296439e-05,3.312243870381461e-07,0.000166659078541474,-5.509235477836083e-05
214,54,141.0,0.00016665895485607754,-5.507888349598239e-05,-2.5774088987639415e-08,0.00016665895560505172,-5.507888424495657e-05
213,54,110.0,0.00016701844902606536,-5.507888349598239e-05,-3.921499594017677e-08,0.00016701845075708108,-5.50788852269981e-05
212,54,109.0,0.00016701844902606536,-5.509223109296439e-05,3.1778348008582556e-07,0.00016701856269269372,-5.509234475959276e-05
216,55,110.0,0.00016698907220473696,-5.507888349598239e-05,3.819762753880414e-07,0.00016698923646275268,-5.507904775399812e-05
217,55,111.0,0.00016698907220473696,-5.506100775095929e-05,6.74163138088095e-08,0.00016698907732177998,-5.5061012868002325e-05
218,55,142.0,0.0001666723132270568,-5.506100775095929e-05,8.541702403979529e-08,0.00016667232145323104,-5.506101597713352e-05
219,55,141.0,0.0001666723132270568,-5.507888349598239e-05,3.9997698561946085e-07,0.00016667249358849482,-5.5079063857420415e-05
220,56,111.0,0.0001669408210183403,-5.506100775095929e-05,4.0712860770826184e-07,0.0001669410076762214,-5.5061194408840406e-05
221,56,112.0,0.0001669408210183403,-5.5040997630110156e-05,1.3298720411523968e-07,0.000166940840936182,-5.5041017547951824e-05
222,56,143.0,0.0001666647617963974,-5.5040997630110156e-05,1.5313731030214967e-07,0.0001666647882402673,-5.504102407398002e-05
223,56,142.0,0.0001666647617963974,-5.506100775095929e-05,4.272787138956055e-07,0.00016666496764406483,-5.5061213598626694e-05
227,57,143.0,0.0001666441019027565,-5.5040997630110156e-05,4.2433669104110366e-07,0.00016664430496270822,-5.504120069006186e-05
226,57,144.0,0.0001666441019027565,-5.502063046407312e-05,1.8738236834934825e-07,0.00016664414150326638,-5.5020670064583e-05
225,57,113.0,0.00016688271271843628,-5.502063046407312e-05,1.6687282015470477e-07,0.00016688274409080517,-5.502066183644201e-05
224,57,112.0,0.00016688271271843628,-5.5040997630110156e-05,4.038271428464602e-07,0.00016688289642596583,-5.5041181337639705e-05
228,58,113.0,0.00016682153132327742,-5.502063046407312e-05,3.803008816833037e-07,0.00016682169430926394,-5.502079345005963e-05
229,58,114.0,0.00016682153132327742,-5.50012015463284e-05,1.7653068007665758e-07,0.00016682156644487616,-5.500123666792714e-05
230,58,145.0,0.0001666163356010208,-5.50012015463284e-05,1.9609551722081075e-07,0.00016661637897918125,-5.5001244924488864e-05
231,58,144.0,0.0001666163356010208,-5.502063046407312e-05,3.998657188276737e-07,0.00016661651595503149,-5.50208108180838e-05
232,59,114.0,0.000166762303382039,-5.50012015463284e-05,3.428598386520654e-07,0.00016676243590248993,-5.500133406677935e-05
233,59,115.0,0.000166762303382039,-5.498363482638914e-05,1.6779553444054227e-07,0.00016676233512482713,-5.498366656917728e-05
234,59,146.0,0.00016658601524367615,-5.498363482638914e-05,1.8548505926498354e-07,0.0001665860540629607,-5.4983673645673706e-05
235,59,145.0,0.00016658601524367615,-5.50012015463284e-05,3.605493634763982e-07,0.00016658616190800017,-5.5001348210652435e-05
239,60,146.0,0.00016655654060904624,-5.498363482638914e-05,3.11409135219428e-07,0.00016655665004247227,-5.4983744259815167e-05
238,60,147.0,0.00016655654060904624,-5.496860262102054e-05,1.603095316886089e-07,0.00016655656961155833,-5.4968631623532644e-05
237,60,116.0,0.00016670869681466706,-5.496860262102054e-05,1.4517220983233797e-07,0.00016670872058228818,-5.496862638864166e-05
236,60,115.0,0.00016670869681466706,-5.498363482638914e-05,2.962718133633739e-07,0.00016670879579976452,-5.498373381148659e-05
240,61,116.0,0.0001666633319910147,-5.496860262102054e-05,2.4411067910850345e-07,0.00016666339920831994,-5.496866983832576e-05
241,61,117.0,0.0001666633319910147,-5.4956597794331716e-05,1.1215977461804388e-07,0.00016666334618176712,-5.4956611985084144e-05
242,61,148.0,0.0001665304583865424,-5.4956597794331716e-05,1.2424854808565106e-07,0.00016653047581160184,-5.495661521939117e-05
243,61,147.0,0.0001665304583865424,-5.496860262102054e-05,2.561994525761106e-07,0.00016653053247053313,-5.496867670501129e-05
244,62,117.0,0.00016662801870841903,-5.4956597794331716e-05,1.8909670078197903e-07,0.00016662805905142243,-5.495663813733511e-05
245,62,118.0,0.00016662801870841903,-5.494791997414793e-05,7.14850769287451e-08,0.00016662802447406773,-5.4947925739796616e-05
246,62,149.0,0.0001665095846556207,-5.494791997414793e-05,8.022357895885344e-08,0.00016650959192092247,-5.4947927239449706e-05
247,62,148.0,0.0001665095846556207,-5.4956597794331716e-05,1.9783520281181632e-07,0.0001665096288370384,-5.495664197574942e-05
250,63,150.0,0.00016649511224663084,-5.4942693065578225e-05,3.049619217365077e-08,0.00016649511329660708,-5.4942694115554466e-05
251,63,149.0,0.00016649511224663084,-5.494791997414793e-05,1.3855322581759165e-07,0.00016649513391924154,-5.4947941646758615e-05
248,63,118.0,0.00016660392489633788,-5.494791997414793e-05,1.332897667712129e-07,0.00016660394494374522,-5.4947940021555266e-05
249,63,119.0,0.00016660392489633788,-5.4942693065578225e-05,2.523273312732624e-08,0.00016660392561479936,-5.494269378403969e-05
252,64,119.0,0.0001665917281955701,-5.4942693065578225e-05,7.821751018383637e-08,0.00016659173509966504,-5.494269996967317e-05
253,64,45.0,0.0001665917281955701,-5.494096884928006e-05,-2.5049007554484894e-08,0.00016659172890365153,-5.4940969557361506e-05
254,64,46.0,0.00016648773956065934,-5.494096884928006e-05,-2.3312734238824413e-08,0.00016648774017426947,-5.494096946289017e-05
255,64,150.0,0.00016648773956065934,-5.4942693065578225e-05,7.995378349949685e-08,0.00016648774677805852,-5.49427002829774e-05
256,65,10.0,0.00010500313159715526,-3.9379928517020626e-05,-9.791957390287154e-05,0.00012003933652334778,-5.441613344321315e-05
257,65,120.0,0.00010500313159715526,-4.5188492690771903e-05,-7.848445476547634e-05,0.00011463826664204348,-5.4823627735660124e-05
258,65,151.0,0.00012457411716741088,-4.5188492690771903e-05,-8.433362527092859e-05,0.00013447084774391405,-5.508522326727509e-05
259,65,9.0,0.00012457411716741088,-3.9379928517020626e-05,-0.00010376874440832379,0.00013961369266327937,-5.441950401288912e-05
263,66,151.0,0.00013168535731697927,-4.5188492690771903e-05,-9.476540566284112e-05,0.00014357893730411738,-5.7082072677910016e-05
262,66,152.0,0.00013168535731697927,-4.798756856046757e-05,-7.697305504714147e-05,0.00013958221967808997,-5.588443092157827e-05
261,66,121.0,0.00011376853627816444,-4.798756856046757e-05,-7.415439760751451e-05,0.00012186226609498758,-5.608129837729071e-05
260,66,120.0,0.00011376853627816444,-4.5188492690771903e-05,-9.194674822321329e-05,0.00012610715195938792,-5.752710837199537e-05
264,67,121.0,0.00012156127820995774,-4.798756856046757e-05,-8.238363357765833e-05,0.00013103900933942849,-5.746529968993833e-05
265,67,122.0,0.00012156127820995774,-4.9636716385054614e-05,-6.686541807866212e-05,0.00012785860495235558,-5.593404312745244e-05
266,67,153.0,0.00013718797797238058,-4.9636716385054614e-05,-6.852609471511874e-05,0.00014327348514069717,-5.572222355337119e-05
267,67,152.0,0.00013718797797238058,-4.798756856046757e-05,-8.404431021411321e-05,0.00014627791749630343,-5.7077508084390406e-05
268,68,122.0,0.00012901102233629346,-4.9636716385054614e-05,-7.097169472883823e-05,0.000135801662810158,-5.642735685891916e-05
269,68,123.0,0.00012901102233629346,-5.0912944636987843e-05,-5.8219260802930446e-05,0.00013360340974259732,-5.550533204329171e-05
270,68,154.0,0.00014185266880532062,-5.0912944636987843e-05,-5.950441719898298e-05,0.00014634027076775916,-5.5400546599426384e-05
271,68,153.0,0.00014185266880532062,-4.9636716385054614e-05,-7.22568511248899e-05,0.00014844227785805602,-5.622632543779001e-05
274,69,155.0,0.0001459690080710032,-5.1944828408583867e-05,-5.073145374215934e-05,0.00014916830240399153,-5.5144122741572195e-05
275,69,154.0,0.0001459690080710032,-5.0912944636987843e-05,-6.0851319191881914e-05,0.00015056368859061616,-5.5507625156600785e-05
272,69,123.0,0.0001357783969772753,-5.0912944636987843e-05,-5.981222175896559e-05,0.0001404520596017137,-5.558660726142626e-05
273,69,124.0,0.0001357783969772753,-5.1944828408583867e-05,-4.969235630924301e-05,0.0001390112481131795,-5.517767954448807e-05
276,70,124.0,0.00014168239807336482,-5.1944828408583867e-05,-4.969197065243531e-05,0.000144819766296324,-5.5082196631543064e-05
277,70,125.0,0.00014168239807336482,-5.278666258441852e-05,-4.1810529542877194e-05,0.0001439043103886986,-5.50085748997523e-05
278,70,156.0,0.00014961893651892558,-5.278666258441852e-05,-4.2658248787165454e-05,0.00015184214039237306,-5.5009866457866e-05
279,70,155.0,0.00014961893651892558,-5.1944828408583867e-05,-5.053968989672357e-05,0.00015273870417032695,-5.506459605998524e-05
280,71,125.0,0.00014671259814360953,-5.278666258441852e-05,-4.0793756048145436e-05,0.00014877662791852936,-5.485069235933835e-05
281,71,126.0,0.00014671259814360953,-5.3453756203044266e-05,-3.475865631129976e-05,0.0001482103414241223,-5.495149948355705e-05
282,71,157.0,0.00015278991778911333,-5.3453756203044266e-05,-3.5430416734595974e-05,0.00015430049390170096,-5.496433231563189e-05
283,71,156.0,0.00015278991778911333,-5.278666258441852e-05,-4.146551647144208e-05,0.00015486000763741977,-5.4856752432724936e-05
286,72,158.0,0.0001554931064693659,-5.3969098213732677e-05,-2.909363880284309e-05,0.00015649853401400896,-5.4974525758375725e-05
287,72,157.0,0.0001554931064693659,-5.3453756203044266e-05,-3.363105103624479e-05,0.0001568377253590622,-5.4798375092740545e-05
284,72,126.0,0.00015092397423413506,-5.3453756203044266e-05,-3.3112106388484466e-05,0.0001522564453285667,-5.47862272974759e-05
285,72,127.0,0.00015092397423413506,-5.3969098213732677e-05,-2.8574694155082334e-05,0.0001519154439403037,-5.496056791990131e-05
288,73,127.0,0.00015440077120147276,-5.3969098213732677e-05,-2.657411206612734e-05,0.00015524462529985987,-5.481295231211979e-05
289,73,128.0,0.00015440077120147276,-5.4357701096093176e-05,-2.3235018215419546e-05,0.00015504530120526652,-5.5002231099886934e-05
290,73,159.0,0.00015776322444034608,-5.4357701096093176e-05,-2.3626339657359212e-05,0.00015841908068665265,-5.5013557342399754e-05
291,73,158.0,0.00015776322444034608,-5.3969098213732677e-05,-2.6965433508066572e-05,0.00015861832512417413,-5.4824198897560737e-05
292,74,128.0,0.0001572358591958277,-5.4357701096093176e-05,-2.10762083154817e-05,0.00015775939850241633,-5.4881240402681816e-05
293,74,129.0,0.0001572358591958277,-5.464318650147057e-05,-1.8683958205110117e-05,0.0001576469596408482,-5.505428694649108e-05
294,74,160.0,0.00015964483297466322,-5.464318650147057e-05,-1.8971439373075254e-05,0.000160063910309823,-5.506226383663034e-05
295,74,159.0,0.00015964483297466322,-5.4357701096093176e-05,-2.1363689483446836e-05,0.0001601766908555758,-5.488955897700575e-05
299,75,160.0,0.00016118569632168163,-5.464318650147057e-05,-1.6708539322724328e-05,0.0001615085889808745,-5.4966079160663446e-05
296,75,129.0,0.00015952041975749376,-5.464318650147057e-05,-1.650383779404612e-05,0.00015983790306392894,-5.496066980790577e-05
297,75,130.0,0.00015952041975749376,-5.484646694348951e-05,-1.4850121975519374e-05,0.00015977729499895343,-5.51033421849492e-05
298,75,161.0,0.00016118569632168163,-5.484646694348951e-05,-1.5054823504197581e-05,0.0001614476633367468,-5.510843395855471e-05
303,76,161.0,0.00016243277736628647,-5.484646694348951e-05,-1.2881452329811804e-05,0.00016262352990287942,-5.503721948008246e-05
302,76,162.0,0.00016243277736628647,-5.498535073569018e-05,-1.1795590735687572e-05,0.00016259264642774692,-5.5145219797150615e-05
300,76,130.0,0.00016133931938116337,-5.484646694348951e-05,-1.2741596944551223e-05,0.0001615268982596277,-5.503404582195383e-05
301,76,131.0,0.00016133931938116337,-5.498535073569018e-05,-1.165573535042699e-05,0.0001614962105336507,-5.514224188817749e-05
304,77,131.0,0.00016276915361774754,-5.498535073569018e-05,-9.678731412293088e-06,0.00016287665038321167,-5.509284750115432e-05
305,77,132.0,0.00016276915361774754,-5.507464801187431e-05,-9.022338983289378e-06,0.0001628625321324593,-5.5168026526586074e-05
306,77,163.0,0.00016343013473474723,-5.507464801187431e-05,-9.11226051612422e-06,0.0001635250951524858,-5.516960842961287e-05
307,77,162.0,0.00016343013473474723,-5.498535073569018e-05,-9.76865294512793e-06,0.0001635393061455668,-5.509452214650976e-05
308,78,132.0,0.0001638775887965369,-5.507464801187431e-05,-7.21231790133366e-06,0.00016393696638896757,-5.5134025604304976e-05
309,78,133.0,0.0001638775887965369,-5.5126467057079874e-05,-6.874417648786678e-06,0.00016393152156829577,-5.5180399828838735e-05
310,78,164.0,0.00016421785290691862,-5.5126467057079874e-05,-6.926599205872401e-06,0.00016427252245743132,-5.5181136607592574e-05
311,78,163.0,0.00016421785290691862,-5.507464801187431e-05,-7.26449945842025e-06,0.00016427799915209017,-5.513479425704584e-05
313,79,134.0,0.00016472344466804444,-5.5150573627329026e-05,-5.1415230160715975e-06,0.00016475349783935282,-5.518062679863742e-05
315,79,164.0,0.00016483161632648447,-5.5126467057079874e-05,-5.273218814870386e-06,0.0001648632164863438,-5.515806721693921e-05
312,79,133.0,0.00016472344466804444,-5.5126467057079874e-05,-5.24894372115137e-06,0.00016475476999911485,-5.515779238815027e-05
314,79,165.0,0.00016483161632648447,-5.5150573627329026e-05,-5.16579810979018e-06,0.00016486193899971845,-5.518089630056301e-05
316,80,134.0,0.0001653571670894925,-5.5150573627329026e-05,-3.705368274212889e-06,0.00016537273205892376,-5.516613859676028e-05
317,80,135.0,0.0001653571670894925,-5.515474312685147e-05,-3.7594951217672506e-06,0.00016537318978034199,-5.517076581770095e-05
318,80,166.0,0.00016530266158530258,-5.515474312685147e-05,-3.763693789968995e-06,0.00016531872405205414,-5.517080559360303e-05
319,80,165.0,0.00016530266158530258,-5.5150573627329026e-05,-3.7095669424146334e-06,0.0001653182657030342,-5.5166177745060634e-05
322,81,167.0,0.00016565794187240693,-5.514508401274835e-05,-2.6612659229561207e-06,0.0001656659604209479,-5.5153102561289314e-05
320,81,135.0,0.0001658215045540752,-5.515474312685147e-05,-2.508565371034735e-06,0.00016582862375529557,-5.5161862328071846e-05
321,81,136.0,0.0001658215045540752,-5.514508401274835e-05,-2.6709925616966515e-06,0.00016582957584296108,-5.5153155301634256e-05
323,81,166.0,0.00016565794187240693,-5.515474312685147e-05,-2.498838732294204e-06,0.0001656650112071103,-5.516181246155484e-05
327,82,167.0,0.00016592042673465972,-5.514508401274835e-05,-1.576436533605799e-06,0.00016592323712392277,-5.51478944020114e-05
326,82,168.0,0.00016592042673465972,-5.5126328217929845e-05,-1.8066885355883834e-06,0.00016592411833935388,-5.513001982262401e-05
325,82,137.0,0.0001661522883752535,-5.5126328217929845e-05,-1.8255754478404239e-06,0.00016615605361594747,-5.513009345862381e-05
324,82,136.0,0.0001661522883752535,-5.514508401274835e-05,-1.5953234458578394e-06,0.0001661551634927981,-5.514795913029295e-05
328,83,137.0,0.00016637923690341477,-5.5126328217929845e-05,-9.11600173883172e-07,0.00016638017481592033,-5.51272661304354e-05
329,83,138.0,0.00016637923690341477,-5.5102082089614744e-05,-1.1794978077529425e-06,0.00016638080724490107,-5.5103652431101024e-05
330,83,169.0,0.00016610946513090146,-5.5102082089614744e-05,-1.1550820601495537e-06,0.00016611097296976446,-5.5103589928477735e-05
331,83,168.0,0.00016610946513090146,-5.5126328217929845e-05,-8.871844262800001e-07,0.0001661103545586812,-5.512721764570959e-05
332,84,138.0,0.00016652675280036822,-5.5102082089614744e-05,-4.1170024531883564e-07,0.00016652694399496825,-5.5102273284214786e-05
333,84,139.0,0.00016652675280036822,-5.507504271631949e-05,-6.952860964431866e-07,0.00016652729817226498,-5.507558808821625e-05
334,84,170.0,0.00016624118446600163,-5.507504271631949e-05,-6.680576971288682e-07,0.00016624168860896002,-5.50755468592779e-05
335,84,169.0,0.00016624118446600163,-5.5102082089614744e-05,-3.8447184600451725e-07,0.00016624135142216342,-5.5102249045776516e-05
339,85,170.0,0.0001663288876035656,-5.507504271631949e-05,-2.936389321538807e-08,0.00016632888857716872,-5.507504368992261e-05
338,85,171.0,0.0001663288876035656,-5.504718390443911e-05,-3.131627157838216e-07,0.00016632899835496346,-5.504729465583698e-05
337,85,140.0,0.00016661467180514845,-5.504718390443911e-05,-3.412164202992729e-07,0.00016661480311842304,-5.504731521771371e-05
336,85,139.0,0.00016661467180514845,-5.507504271631949e-05,-5.74175977310562e-08,0.00016661467552293537,-5.507504643410641e-05
340,86,140.0,0.00016665895485607754,-5.504718390443911e-05,1.8286090870634972e-07,0.00016665899256151326,-5.504722160987482e-05
341,86,141.0,0.00016665895485607754,-5.5019909461798415e-05,-9.074444644752849e-08,0.00016665896414265775,-5.501991874837863e-05
342,86,172.0,0.00016638343678902594,-5.5019909461798415e-05,-6.327933447223578e-08,0.00016638344131049564,-5.501991398326812e-05
343,86,171.0,0.00016638343678902594,-5.504718390443911e-05,2.1032602068142559e-07,0.00016638348673359194,-5.504723384900512e-05
344,87,141.0,0.0001666723132270568,-5.5019909461798415e-05,3.350066281597886e-07,0.0001666724397869508,-5.502003602169245e-05
345,87,142.0,0.0001666723132270568,-5.4994183706205246e-05,7.810247595191333e-08,0.00016667232010675743,-5.4994190585905885e-05
346,87,173.0,0.00016641361311720698,-5.4994183706205246e-05,1.0400807436616519e-07,0.00016641362533186145,-5.4994195920859704e-05
347,87,172.0,0.00016641361311720698,-5.5019909461798415e-05,3.6091222657338995e-07,0.0001664137601788931,-5.502005652348454e-05
350,88,174.0,0.0001664264421998758,-5.497063657902636e-05,2.0701206212842948e-07,0.000166426490590289,-5.4970684969439564e-05
351,88,173.0,0.0001664264421998758,-5.4994183706205246e-05,4.4367602225372886e-07,0.00016642666445583585,-5.499440596216529e-05
348,88,142.0,0.0001666647617963974,-5.4994183706205246e-05,4.199641658075067e-07,0.00016666496071656944,-5.4994382626377274e-05
349,88,143.0,0.0001666647617963974,-5.497063657902636e-05,1.833002056820989e-07,0.00016666479969530695,-5.49706744779359e-05
355,89,174.0,0.00016642748543687757,-5.497063657902636e-05,4.7563399136981745e-07,0.000166427740890075,-5.4970892032223814e-05
354,89,175.0,0.00016642748543687757,-5.494964889413937e-05,2.605213284760221e-07,0.00016642756208361356,-5.494972554087538e-05
352,89,143.0,0.0001666441019027565,-5.497063657902636e-05,4.5449958642116133e-07,0.00016664433493064339,-5.497086960691325e-05
353,89,144.0,0.0001666441019027565,-5.494964889413937e-05,2.3938692352725756e-07,0.00016664416655494347,-5.494971354632633e-05
356,90,144.0,0.0001666163356010208,-5.494964889413937e-05,4.5187027400558303e-07,0.0001666165659912279,-5.494987928434647e-05
357,90,145.0,0.0001666163356010208,-5.493142199621139e-05,2.579845674933242e-07,0.00016661641070448292,-5.493149709967354e-05
358,90,176.0,0.00016642109352308526,-5.493142199621139e-05,2.763389758185606e-07,0.00016642117976922483,-5.4931508242350976e-05
359,90,175.0,0.00016642109352308526,-5.494964889413937e-05,4.7022468233092786e-07,0.00016642134322975385,-5.494989860080797e-05
360,91,145.0,0.00016658601524367615,-5.493142199621139e-05,4.224384137489117e-07,0.00016658621664322892,-5.493162339576416e-05
361,91,146.0,0.00016658601524367615,-5.491603187600836e-05,2.482660283497414e-07,0.00016658608480962632,-5.491610144195851e-05
362,91,177.0,0.00016641062525932443,-5.491603187600836e-05,2.637637373315905e-07,0.00016641070384371787,-5.491611046040181e-05
363,91,176.0,0.00016641062525932443,-5.493142199621139e-05,4.37936122730815e-07,0.0001664108418786499,-5.493163861553687e-05
367,92,177.0,0.00016639861795303217,-5.491603187600836e-05,3.8684085838271154e-07,0.00016639878699486416,-5.491620091784035e-05
366,92,178.0,0.00016639861795303217,-5.4903468971210416e-05,2.3001484780423628e-07,0.0001663986777206745,-5.490352873885275e-05
364,92,146.0,0.00016655654060904624,-5.491603187600836e-05,3.741901043042943e-07,0.000166556698662629,-5.49161899295911e-05
365,92,147.0,0.00016655654060904624,-5.4903468971210416e-05,2.1736409372592747e-07,0.00016655659394501643,-5.490352230718059e-05
368,93,147.0,0.0001665304583865424,-5.4903468971210416e-05,3.1325401461321234e-07,0.00016653056917357233,-5.490357975824037e-05
369,93,148.0,0.0001665304583865424,-5.489384766293163e-05,1.7073358042976605e-07,0.00016653049129841153,-5.4893880574800785e-05
370,93,179.0,0.00016638694134227467,-5.489384766293163e-05,1.8042216813336613e-07,0.000166386978119251,-5.489388443990794e-05
371,93,178.0,0.00016638694134227467,-5.4903468971210416e-05,3.229426023168124e-07,0.00016638705916467456,-5.490358679361031e-05
372,94,148.0,0.0001665095846556207,-5.489384766293163e-05,2.4432023515603973e-07,0.000166509652057872,-5.489391506518293e-05
373,94,149.0,0.0001665095846556207,-5.4887240411961163e-05,1.1288257884965909e-07,0.00016650959904434984,-5.488725480069029e-05
374,94,180.0,0.0001663772278883499,-5.4887240411961163e-05,1.1953603268924059e-07,0.000166377244032901,-5.488725655651227e-05
375,94,179.0,0.0001663772278883499,-5.489384766293163e-05,2.50973688995567e-07,0.00016637729905419495,-5.4893918828776686e-05
378,95,181.0,0.00016637031141429878,-5.4883297718597696e-05,5.124829810998141e-08,0.00016637031438192045,-5.488330068621937e-05
379,95,180.0,0.00016637031141429878,-5.4887240411961163e-05,1.7518248934963142e-07,0.0001663703460898381,-5.48872750875005e-05
377,95,150.0,0.00016649511224663084,-5.4883297718597696e-05,4.727803446869308e-08,0.00016649511477082968,-5.488330024279655e-05
376,95,149.0,0.00016649511224663084,-5.4887240411961163e-05,1.712122257083973e-07,0.00016649514534956508,-5.48872735148954e-05
380,96,150.0,0.00016648773956065934,-5.4883297718597696e-05,9.673562579459337e-08,0.00016648775012864168,-5.488330828658003e-05
381,96,46.0,0.00016648773956065934,-5.4882210758253915e-05,-2.3312734238824413e-08,0.00016648774017443232,-5.488221137202689e-05
382,96,47.0,0.00016636685173218837,-5.4882210758253915e-05,-2.2218173050772994e-08,0.00016636685228998418,-5.4882211316049736e-05
383,96,181.0,0.00016636685173218837,-5.4883297718597696e-05,9.783018698264478e-08,0.0001663668625465822,-5.488330853299154e-05
387,97,8.0,0.00014491228177925843,-4.8804219568924514e-05,-0.00012270894675135788,0.00016270956793986167,-6.660150572952776e-05
384,97,9.0,0.00012457411716741088,-4.8804219568924514e-05,-0.00011721691455745566,0.00014252702053407166,-6.675712293558531e-05
385,97,151.0,0.00012457411716741088,-5.425812477015792e-05,-9.70199423176981e-05,0.00013688537693231417,-6.65693845350612e-05
386,97,182.0,0.00014491228177925843,-5.425812477015792e-05,-0.00010251197451160033,0.00015732881483408978,-6.667465782498928e-05
388,98,151.0,0.00013168535731697927,-5.425812477015792e-05,-0.00010745172270961063,0.00014609244477786093,-6.866521223103958e-05
389,98,152.0,0.00013168535731697927,-5.6916020229731256e-05,-8.93956944673915e-05,0.00014174231057551364,-6.697297348826562e-05
390,98,183.0,0.00014986770059893795,-5.6916020229731256e-05,-9.20721838373259e-05,0.00015965357014540807,-6.670188977620138e-05
391,98,182.0,0.00014986770059893795,-5.425812477015792e-05,-0.00011012821207954503,0.0001637741542126197,-6.816457838383966e-05
394,99,184.0,0.0001531645369479695,-5.8162606617300394e-05,-8.185660471333317e-05,0.00016081431978720942,-6.58123894565403e-05
395,99,183.0,0.0001531645369479695,-5.6916020229731256e-05,-9.772225061969488e-05,0.00016397273565842553,-6.772421894018729e-05
392,99,152.0,0.00013718797797238058,-5.6916020229731256e-05,-9.646694963436411e-05,0.00014851290733144986,-6.824094958880053e-05
393,99,153.0,0.00013718797797238058,-5.8162606617300394e-05,-8.060130372800241e-05,0.00014517538139152399,-6.61500100364438e-05
398,100,185.0,0.0001554583236438329,-5.843826063017701e-05,-7.109850791823602e-05,0.0001612117912449617,-6.41917282313058e-05
399,100,184.0,0.0001554583236438329,-5.8162606617300394e-05,-8.460964255080101e-05,0.0001635311617585663,-6.623544473203381e-05
396,100,153.0,0.00014185266880532062,-5.8162606617300394e-05,-8.433206013777356e-05,0.00015037844388641705,-6.668838169839682e-05
397,100,154.0,0.00014185266880532062,-5.843826063017701e-05,-7.082092550520815e-05,0.00014792874133820396,-6.451433316306034e-05
401,101,155.0,0.0001459690080710032,-5.8417819478955675e-05,-6.0955521076572206e-05,0.00015041699201010696,-6.286580341805943e-05
402,101,186.0,0.000157259697139275,-5.8417819478955675e-05,-6.093493702597971e-05,0.00016148103177694343,-6.263915411662412e-05
400,101,154.0,0.0001459690080710032,-5.843826063017701e-05,-7.216782749810708e-05,0.00015215186598729227,-6.462111854646608e-05
403,101,185.0,0.000157259697139275,-5.843826063017701e-05,-7.214724344751459e-05,0.0001631327848500291,-6.431134834093111e-05
407,102,186.0,0.0001587894733627044,-5.8417819478955675e-05,-6.058343809895242e-05,0.00016293484138933225,-6.256318750558353e-05
406,102,187.0,0.0001587894733627044,-5.8238752165039624e-05,-5.147656530131613e-05,0.00016180011956622712,-6.124939836856236e-05
404,102,155.0,0.00014961893651892558,-5.8417819478955675e-05,-6.076375723113644e-05,0.00015396513534166417,-6.276401830169426e-05
405,102,156.0,0.00014961893651892558,-5.8238752165039624e-05,-5.1656884433500146e-05,0.00015278030234390478,-6.140011799001881e-05
408,103,156.0,0.00015278991778911333,-5.8238752165039624e-05,-5.046415211777677e-05,0.00015576490278361855,-6.121373715954484e-05
409,103,157.0,0.00015278991778911333,-5.797475864669963e-05,-4.3204398497036396e-05,0.00015498123908247344,-6.016607994005973e-05
410,103,188.0,0.00016010045866244292,-5.797475864669963e-05,-4.293855815217917e-05,0.0001621939889616071,-6.00682889458638e-05
411,103,187.0,0.00016010045866244292,-5.8238752165039624e-05,-5.019831177291954e-05,0.00016294857672318033,-6.108687022577705e-05
412,104,157.0,0.0001554931064693659,-5.797475864669963e-05,-4.140503279868521e-05,0.0001574823386213789,-5.9963990798712614e-05
413,104,158.0,0.0001554931064693659,-5.766987592047135e-05,-3.571008399912319e-05,0.00015697833906183072,-5.915510851293616e-05
414,104,189.0,0.00016122786734176602,-5.766987592047135e-05,-3.540306990811341e-05,0.00016265009131745907,-5.90920998961644e-05
415,104,188.0,0.00016122786734176602,-5.797475864669963e-05,-4.109801870767586e-05,0.00016313758337822552,-5.988447468315914e-05
416,105,158.0,0.00015776322444034608,-5.766987592047135e-05,-3.3581878704346674e-05,0.00015906406198821157,-5.897071346833683e-05
417,105,159.0,0.00015776322444034608,-5.735096258281777e-05,-2.9185695585592746e-05,0.00015874865518245425,-5.833639332492594e-05
418,105,190.0,0.00016219016205493457,-5.735096258281777e-05,-2.8864551217372067e-05,0.00016313485130984722,-5.8295651837730436e-05
419,105,189.0,0.00016219016205493457,-5.766987592047135e-05,-3.3260734336125995e-05,0.00016344097858658416,-5.892069245212092e-05
423,106,190.0,0.00016300310863484862,-5.735096258281777e-05,-2.6605481910566865e-05,0.00016380328732009235,-5.8151141268061505e-05
422,106,191.0,0.00016300310863484862,-5.703560368299751e-05,-2.327052019810696e-05,0.00016361664996666556,-5.7649145014814464e-05
420,106,159.0,0.00015964483297466322,-5.735096258281777e-05,-2.692304541168037e-05,0.00016047674090308509,-5.818287051123964e-05
421,106,160.0,0.00015964483297466322,-5.703560368299751e-05,-2.35880836992209e-05,0.00016028489878332718,-5.7675669491661456e-05
424,107,160.0,0.00016118569632168163,-5.703560368299751e-05,-2.1325183648869973e-05,0.0001617054472505963,-5.755535461191218e-05
425,107,161.0,0.00016118569632168163,-5.673512928634875e-05,-1.8845871279796547e-05,0.00016159238677314753,-5.7141819737814657e-05
426,107,192.0,0.000163682340991378,-5.673512928634875e-05,-1.8543296335981133e-05,0.00016407165629039143,-5.712444458536218e-05
427,107,191.0,0.000163682340991378,-5.703560368299751e-05,-2.1022608705054992e-05,0.00016418179320781465,-5.753505589943417e-05
428,108,161.0,0.00016243277736628647,-5.673512928634875e-05,-1.667250010541077e-05,0.00016274939679355278,-5.705174871361504e-05
429,108,162.0,0.00016243277736628647,-5.645648909712606e-05,-1.4874323329640195e-05,0.00016268517744383326,-5.670888917467284e-05
430,108,193.0,0.0001642435336954252,-5.645648909712606e-05,-1.4593733849793244e-05,0.00016448452230402252,-5.6697477705723384e-05
431,108,192.0,0.0001642435336954252,-5.673512928634875e-05,-1.6391910625563385e-05,0.00016454709934506898,-5.7038694935992505e-05
435,109,193.0,0.00016470198923779298,-5.645648909712606e-05,-1.2592602667396962e-05,0.0001648810975902335,-5.6635597449566574e-05
434,109,194.0,0.00016470198923779298,-5.620347498868673e-05,-1.1329577680567037e-05,0.00016484715884011066,-5.6348644591004416e-05
432,109,162.0,0.00016343013473474723,-5.645648909712606e-05,-1.2847385539080554e-05,0.0001636176344195719,-5.664398878195072e-05
433,109,163.0,0.00016343013473474723,-5.620347498868673e-05,-1.1584360552250629e-05,0.00016358278009620614,-5.635612035014565e-05
436,110,163.0,0.00016421785290691862,-5.620347498868673e-05,-9.736599494546659e-06,0.0001643253234168958,-5.631094549866391e-05
437,110,164.0,0.00016421785290691862,-5.5977650829150795e-05,-8.88819135908079e-06,0.00016430750936127005,-5.606730728350222e-05
438,110,195.0,0.0001650721962738709,-5.5977650829150795e-05,-8.660787395431586e-06,0.00016515699668750034,-5.606245124278025e-05
439,110,194.0,0.0001650721962738709,-5.620347498868673e-05,-9.509195530897022e-06,0.0001651743122096985,-5.630559092451434e-05
440,111,164.0,0.00016483161632648447,-5.5977650829150795e-05,-7.234810968078775e-06,0.00016489086253698558,-5.603689703965191e-05
441,111,165.0,0.00016483161632648447,-5.577901931078479e-05,-6.702589490354457e-06,0.00016488251408059882,-5.5829917064899155e-05
442,111,196.0,0.00016536755844173863,-5.577901931078479e-05,-6.502569384881935e-06,0.00016541534832113054,-5.5826809190176715e-05
443,111,195.0,0.00016536755844173863,-5.5977650829150795e-05,-7.034790862605819e-06,0.00016542343924438527,-5.603353163179743e-05
446,112,197.0,0.00016560019512104488,-5.5606538767974064e-05,-4.777204620805189e-06,0.00016562598437172235,-5.5632328018651546e-05
447,112,196.0,0.00016560019512104488,-5.577901931078479e-05,-5.07267115342153e-06,0.00016562925003474213,-5.5808074224482034e-05
445,112,166.0,0.00016530266158530258,-5.5606538767974064e-05,-4.9508917903625695e-06,0.0001653303972482047,-5.5634274430876166e-05
444,112,165.0,0.00016530266158530258,-5.577901931078479e-05,-5.2463583229789106e-06,0.00016533378175962067,-5.581013948510288e-05
448,113,166.0,0.00016565794187240693,-5.5606538767974064e-05,-3.6860367326877787e-06,0.00016567329219459358,-5.562188909016071e-05
449,113,167.0,0.00016565794187240693,-5.5458495534527945e-05,-3.563948606262815e-06,0.00016567230184602724,-5.547285550814825e-05
450,113,198.0,0.0001657808834887491,-5.5458495534527945e-05,-3.414870436735471e-06,0.00016579405999203505,-5.5471672037813905e-05
451,113,197.0,0.0001657808834887491,-5.5606538767974064e-05,-3.5369585631604347e-06,0.0001657950094919047,-5.562066477112969e-05
452,114,167.0,0.00016592042673465972,-5.5458495534527945e-05,-2.4791192169124933e-06,0.0001659273671418038,-5.5465435941672015e-05
453,114,168.0,0.00016592042673465972,-5.533278612460433e-05,-2.4804855171529742e-06,0.000165927378741141,-5.5339738131085625e-05
454,114,199.0,0.00016591905088292943,-5.533278612460433e-05,-2.3538973017546774e-06,0.00016592531148148734,-5.533904672316225e-05
455,114,198.0,0.00016591905088292943,-5.5458495534527945e-05,-2.3525310015141965e-06,0.00016592530066521712,-5.546474531681564e-05
459,115,199.0,0.0001660228285291646,-5.533278612460433e-05,-1.4545772528571851e-06,0.00016602521809148472,-5.533517568692445e-05
458,115,200.0,0.0001660228285291646,-5.522712117274743e-05,-1.540611979158283e-06,0.00016602551040152634,-5.522980304510918e-05
456,115,168.0,0.00016610946513090146,-5.533278612460433e-05,-1.5609814078441572e-06,0.00016611221599785746,-5.533553699156032e-05
457,115,169.0,0.00016610946513090146,-5.522712117274743e-05,-1.6470161341456888e-06,0.00016611252904437504,-5.523018508622099e-05
460,116,169.0,0.00016624118446600163,-5.522712117274743e-05,-8.764059200002186e-07,0.0001662420515024015,-5.522798820914729e-05
461,116,170.0,0.00016624118446600163,-5.513916801920256e-05,-1.0174566628206975e-06,0.00016624235350898856,-5.51403370621895e-05
462,116,201.0,0.0001660991476699885,-5.513916801920256e-05,-9.288886490762833e-07,0.00016610012267099272,-5.514014302020678e-05
463,116,200.0,0.0001660991476699885,-5.522712117274743e-05,-7.878379062555875e-07,0.00016609984876909844,-5.522782227185738e-05
464,117,170.0,0.0001663288876035656,-5.513916801920256e-05,-3.787628589070006e-07,0.0001663290495470093,-5.513932996264625e-05
465,117,171.0,0.0001663288876035656,-5.506665708181229e-05,-5.525931700963924e-07,0.00016632923241485854,-5.506700189310523e-05
466,117,202.0,0.00016615384122301837,-5.506665708181229e-05,-4.795749660019537e-07,0.00016615410113550338,-5.50669169942973e-05
467,117,201.0,0.00016615384122301837,-5.513916801920256e-05,-3.0574465481256197e-07,0.00016615394682932474,-5.513927362550893e-05
471,118,202.0,0.00016619176900289218,-5.506665708181229e-05,3.052025449078524e-08,0.00016619177005537856,-5.506665813429869e-05
470,118,203.0,0.00016619176900289218,-5.500744632244502e-05,-1.5981692832187436e-07,0.00016619179786991054,-5.500747518946339e-05
468,118,171.0,0.00016638343678902594,-5.506665708181229e-05,-2.9104433631145163e-08,0.00016638343774530017,-5.506665803808651e-05
469,118,172.0,0.00016638343678902594,-5.500744632244502e-05,-2.194416164440216e-07,0.0001663834911663907,-5.500750069980976e-05
472,119,172.0,0.00016641361311720698,-5.500744632244502e-05,2.047499446020378e-07,0.00016641366045070245,-5.500749365594049e-05
473,119,173.0,0.00016641361311720698,-5.495956660414873e-05,9.435932210285006e-09,0.00016641361321775757,-5.495956670469932e-05
474,119,204.0,0.00016621693370962682,-5.495956660414873e-05,5.7650366567813666e-08,0.00016621693746631514,-5.495957036083705e-05
475,119,203.0,0.00016621693370962682,-5.500744632244502e-05,2.5296437895956647e-07,0.00016621700602416567,-5.5007518636983875e-05
476,120,173.0,0.0001664264421998758,-5.495956660414873e-05,3.491038800978487e-07,0.00016642657982537885,-5.495970422965181e-05
477,120,174.0,0.0001664264421998758,-5.4921245136041496e-05,1.5660769413380037e-07,0.00016642646990060205,-5.492127283676777e-05
478,120,205.0,0.0001662325993631946,-5.4921245136041496e-05,1.9519724876065382e-07,0.00016623264243497408,-5.4921288207820997e-05
479,120,204.0,0.0001662325993631946,-5.495956660414873e-05,3.8769343472470214e-07,0.00016623276924498405,-5.495973648593821e-05
483,121,205.0,0.00016624139898523322,-5.4921245136041496e-05,4.55772232395334e-07,0.0001662416337989696,-5.492147994977789e-05
482,121,206.0,0.00016624139898523322,-5.489091456107177e-05,2.709776371212372e-07,0.00016624148199984457,-5.489099757568311e-05
481,121,175.0,0.00016642748543687757,-5.489091456107177e-05,2.404350281013084e-07,0.00016642755073757747,-5.4890979861771676e-05
480,121,174.0,0.00016642748543687757,-5.4921245136041496e-05,4.2522962337529675e-07,0.0001664276896622026,-5.49214493613665e-05
484,122,175.0,0.00016642109352308526,-5.489091456107177e-05,4.5013838195621415e-07,0.00016642132241300757,-5.4891143450994085e-05
485,122,176.0,0.00016642109352308526,-5.4867214516434945e-05,2.7569669094722193e-07,0.0001664211793936816,-5.486730038703129e-05
486,122,207.0,0.00016624543148567247,-5.4867214516434945e-05,2.995625346201682e-07,0.00016624553294715893,-5.4867315977921415e-05
487,122,206.0,0.00016624543148567247,-5.489091456107177e-05,4.7400422562926883e-07,0.0001662456854915741,-5.4891168566973395e-05
488,123,176.0,0.00016641062525932443,-5.4867214516434945e-05,4.372938378594763e-07,0.00016641084130639236,-5.486743056350286e-05
489,123,177.0,0.00016641062525932443,-5.484898868584183e-05,2.741586192743766e-07,0.0001664107101854869,-5.4849073612004285e-05
490,123,208.0,0.00016624634960007273,-5.484898868584183e-05,2.925118624432085e-07,0.00016624644634923182,-5.4849085435000914e-05
491,123,207.0,0.00016624634960007273,-5.4867214516434945e-05,4.5564708102819977e-07,0.00016624658433696333,-5.486744925332554e-05
495,124,208.0,0.00016624545581332478,-5.484898868584183e-05,4.110506473357922e-07,0.00016624564686571538,-5.4849179738232425e-05
494,124,209.0,0.00016624545581332478,-5.483526971221484e-05,2.5895209511899537e-07,0.00016624553164101667,-5.4835345539906745e-05
493,124,178.0,0.00016639861795303217,-5.483526971221484e-05,2.451371881085924e-07,0.0001663986858587938,-5.483533761797646e-05
492,124,177.0,0.00016639861795303217,-5.484898868584183e-05,3.9723574032555185e-07,0.00016639879625564595,-5.4849166988455605e-05
496,125,178.0,0.00016638694134227467,-5.483526971221484e-05,3.3806494262127694e-07,0.0001663870704972973,-5.483539886723748e-05
497,125,179.0,0.00016638694134227467,-5.4825161685869166e-05,1.957773036196167e-07,0.00016638698465901072,-5.48252050026052e-05
498,125,210.0,0.00016624365872106787,-5.4825161685869166e-05,2.0595601288916215e-07,0.00016624370669014596,-5.482520965494726e-05
499,125,209.0,0.00016624365872106787,-5.483526971221484e-05,3.482436518908224e-07,0.00016624379585938168,-5.483540685052865e-05
500,126,179.0,0.0001663772278883499,-5.4825161685869166e-05,2.66328824481926e-07,0.00016637730805364238,-5.482524185116166e-05
501,126,180.0,0.0001663772278883499,-5.481930099127233e-05,1.3177569600938098e-07,0.00016637724751437274,-5.481932061729517e-05
502,126,211.0,0.00016624173386318796,-5.481930099127233e-05,1.376773729913996e-07,0.00016624175529964013,-5.48193224277245e-05
503,126,210.0,0.00016624173386318796,-5.4825161685869166e-05,2.7223050146399884e-07,0.00016624181767200253,-5.4825245494683736e-05
507,127,211.0,0.00016623937791071405,-5.481930099127233e-05,1.9215005840232321e-07,0.00016623941966618613,-5.48193427467444e-05
506,127,212.0,0.00016623937791071405,-5.481460591703072e-05,6.21257823640441e-08,0.0001662393822757256,-5.481461028204226e-05
505,127,181.0,0.00016637031141429878,-5.481460591703072e-05,5.739787663151981e-08,0.00016637031513801128,-5.4814609640743236e-05
504,127,180.0,0.00016637031141429878,-5.481930099127233e-05,1.874221526697718e-07,0.00016637035111672494,-5.481934069369848e-05
508,128,181.0,0.00016636685173218837,-5.481460591703072e-05,1.0397976550418318e-07,0.00016636686395268726,-5.481461813752963e-05
509,128,47.0,0.00016636685173218837,-5.4815746207546596e-05,-2.2218173050772994e-08,0.0001663668522901518,-5.4815746765510034e-05
510,128,48.0,0.00016623977132271695,-5.4815746207546596e-05,-2.3366437335698396e-08,0.000166239771940198,-5.4815746825027665e-05
511,128,212.0,0.00016623977132271695,-5.481460591703072e-05,1.0283150121920357e-07,0.00016623978328167156,-5.481461787598534e-05
512,129,8.0,0.00014491228177925843,-6.077986072646694e-05,-0.00013117415002157195,0.00016404563002255244,-7.991320896976096e-05
513,129,182.0,0.00014491228177925843,-6.539011445933298e-05,-0.00010694171760050261,0.00015772678717907793,-7.820461985915249e-05
514,129,213.0,0.0001667978857962651,-6.491472125872983e-05,-0.00011360424745679833,0.0001799732230671082,-7.809005852957293e-05
515,129,7.0,0.00016874068853019175,-6.077986072646694e-05,-0.0001357075373127391,0.00018729978441358396,-7.933895660985915e-05
519,130,213.0,0.00016628889891736817,-6.429091446506047e-05,-0.0001190097922522046,0.00018073948416235367,-7.874149971004598e-05
518,130,214.0,0.00017049904230674248,-6.651320162721441e-05,-0.00010138060998679792,0.0001808851542562269,-7.689931357669882e-05
516,130,182.0,0.00014986770059893795,-6.45205393639639e-05,-0.00011512373436772805,0.0001643450559610962,-7.899789472612216e-05
517,130,183.0,0.00014986770059893795,-6.680841212831348e-05,-9.644341283695027e-05,0.00016011491914985526,-7.705563067923079e-05
520,131,183.0,0.0001531645369479695,-6.614831112975296e-05,-0.00010247865116682752,0.0001645452965314713,-7.752907071325475e-05
521,131,184.0,0.0001531645369479695,-6.660945288890338e-05,-8.64591010416825e-05,0.00016136202742214693,-7.480694336308082e-05
522,131,215.0,0.00016738423046111072,-6.656504737389993e-05,-8.841102983168665e-05,0.0001754583568268164,-7.463917373960562e-05
523,131,214.0,0.00016738423046111072,-6.610048875033798e-05,-0.00010454927801361279,0.00017855362328495863,-7.726988157418589e-05
524,132,184.0,0.0001554583236438329,-6.63107944989859e-05,-8.946097622968777e-05,0.00016414049074426896,-7.499296159942195e-05
525,132,185.0,0.0001554583236438329,-6.593264464717667e-05,-7.586656142293154e-05,0.00016177747104388553,-7.22517920472293e-05
526,132,216.0,0.00016752535489829648,-6.596625842578206e-05,-7.673930703523506e-05,0.0001736689850655969,-7.210988859308247e-05
527,132,215.0,0.00016752535489829648,-6.634720833179292e-05,-9.043438325470176e-05,0.0001759632667068492,-7.478512014034563e-05
531,133,216.0,0.00016744106415412727,-6.591007582051238e-05,-7.729189902795468e-05,0.00017367480238104666,-7.214381404743178e-05
530,133,217.0,0.00016744106415412727,-6.497561951144225e-05,-6.573683790338583e-05,0.00017199990195185868,-6.953445730917364e-05
529,133,186.0,0.000157259697139275,-6.490003953506457e-05,-6.562561618086646e-05,0.00016200477224945843,-6.964511464524802e-05
528,133,185.0,0.000157259697139275,-6.582762284610029e-05,-7.709568894201206e-05,0.0001637326647798373,-7.23005904866626e-05
532,134,186.0,0.0001587894733627044,-6.493230499862756e-05,-6.54145414065218e-05,0.0001634730996477849,-6.961593128370807e-05
533,134,187.0,0.0001587894733627044,-6.37414964619143e-05,-5.594539557024578e-05,0.0001622518401436485,-6.720386324285841e-05
534,134,218.0,0.0001671947251064296,-6.382970078315357e-05,-5.5589767485227266e-05,0.00017049171593671718,-6.712669161344114e-05
535,134,217.0,0.0001671947251064296,-6.502933270493096e-05,-6.51290756669724e-05,0.00017167478707283797,-6.950939467133933e-05
536,135,187.0,0.00016010045866244292,-6.38481622147575e-05,-5.4776539145676324e-05,0.00016340131254120323,-6.71490160935178e-05
537,135,188.0,0.00016010045866244292,-6.258592177348934e-05,-4.707517501991842e-05,0.0001625611525333038,-6.504661564435022e-05
538,135,219.0,0.00016693654560907302,-6.267007071889723e-05,-4.6468173760793544e-05,0.00016926402912072186,-6.499755423054606e-05
539,135,218.0,0.00016693654560907302,-6.394165756512689e-05,-5.42265635256646e-05,0.00017007786493195094,-6.708297688800481e-05
543,136,219.0,0.0001667094707224672,-6.280638590528786e-05,-4.463611543578834e-05,0.00016885953106288273,-6.495644624570337e-05
542,136,220.0,0.0001667094707224672,-6.156377360112093e-05,-3.841492116666602e-05,0.00016831434959018474,-6.316865246883844e-05
541,136,189.0,0.00016122786734176602,-6.149068199836304e-05,-3.9143872271825246e-05,0.00016293471818748593,-6.319753284408294e-05
540,136,188.0,0.00016122786734176602,-6.272415479344738e-05,-4.531930917854544e-05,0.00016349758705092808,-6.499387450260943e-05
544,137,189.0,0.00016219016205493457,-6.163369828209844e-05,-3.706577678226587e-05,0.00016371432872583293,-6.315786495299679e-05
545,137,190.0,0.00016219016205493457,-6.048502468259168e-05,-3.218269701323051e-05,0.00016334697385331475,-6.164183648097185e-05
546,137,221.0,0.0001665246094753347,-6.0544585873494137e-05,-3.141627936994367e-05,0.00016760611242144278,-6.162608881960221e-05
547,137,220.0,0.0001665246094753347,-6.170176495918145e-05,-3.6335516466449655e-05,0.0001679617876235825,-6.313894310742925e-05
548,138,190.0,0.00016300310863484862,-6.0616988955110936e-05,-2.9971116246812687e-05,0.00016400287308236005,-6.161675340262238e-05
549,138,191.0,0.00016300310863484862,-5.958143467503258e-05,-2.616551660959438e-05,0.00016376943011304901,-6.0347756153232974e-05
550,138,222.0,0.00016638113486231593,-5.962745736947837e-05,-2.5415441372966807e-05,0.00016709340352787463,-6.033972603503707e-05
551,138,221.0,0.00016638113486231593,-6.067068466657493e-05,-2.924923888579945e-05,0.00016731924425539724,-6.160879405965623e-05
554,139,223.0,0.00016627366846631202,-5.8816652064103505e-05,-2.0331691359645916e-05,0.00016673185999877118,-5.9274843596562684e-05
555,139,222.0,0.00016627366846631202,-5.973447316424236e-05,-2.3272646864242255e-05,0.0001668711999453736,-6.0332004643303934e-05
552,139,191.0,0.000163682340991378,-5.969398285099518e-05,-2.3951612844612218e-05,0.0001643225612930194,-6.0334203152636595e-05
553,139,192.0,0.000163682340991378,-5.878291239564938e-05,-2.103228829398139e-05,0.00016417834325597363,-5.9278914660245e-05
556,140,192.0,0.0001642435336954252,-5.887266916383563e-05,-1.890431579264131e-05,0.0001646432514812506,-5.927238694966102e-05
557,140,193.0,0.0001642435336954252,-5.808675220544458e-05,-1.6704989044792444e-05,0.0001645568782299633,-5.840009673998269e-05
558,140,224.0,0.00016619575782440138,-5.811003765217353e-05,-1.6072535297748623e-05,0.00016648330685158666,-5.839758667935881e-05
559,140,223.0,0.00016619575782440138,-5.8901774023347895e-05,-1.82881472142191e-05,0.00016656660398416508,-5.9272620183111596e-05
560,141,193.0,0.00016470198923779298,-5.815354714380891e-05,-1.4719160462228851e-05,0.00016494476750021343,-5.8396325406229375e-05
561,141,194.0,0.00016470198923779298,-5.7486939465777726e-05,-1.3097726115830766e-05,0.000164894844994641,-5.767979522262575e-05
562,141,225.0,0.00016614124934668162,-5.7501750692214016e-05,-1.2542040648223871e-05,0.00016631695269635723,-5.767745404188963e-05
563,141,224.0,0.00016614124934668162,-5.8173297649775446e-05,-1.4175489133883522e-05,0.00016636498012231893,-5.839702842541274e-05
567,142,225.0,0.00016610479480351536,-5.754487995876989e-05,-1.081810432313618e-05,0.0001662355383489418,-5.7675623504196345e-05
566,142,226.0,0.00016610479480351536,-5.698382990222738e-05,-9.646190927920482e-06,0.00016620901969197739,-5.7088054790689394e-05
564,142,194.0,0.0001650721962738709,-5.7532505723065046e-05,-1.128661067373608e-05,0.00016521516923702676,-5.76754786862209e-05
565,142,195.0,0.0001650721962738709,-5.697557949105542e-05,-1.0123311064676524e-05,0.00016518751856165235,-5.709090177883686e-05
568,143,195.0,0.00016536755844173863,-5.700271622730398e-05,-8.502243918281915e-06,0.000165448798787125,-5.7083956572690343e-05
569,143,196.0,0.00016536755844173863,-5.654391550921167e-05,-7.697391714247496e-06,0.00016543428778534444,-5.661064485281748e-05
570,143,227.0,0.00016608198247832764,-5.654731275205678e-05,-7.296098600681391e-06,0.00016614174412034376,-5.66070743940729e-05
571,143,226.0,0.00016608198247832764,-5.700951298844161e-05,-8.106914417418433e-06,0.00016615560740373698,-5.7083137913850935e-05
572,144,196.0,0.00016560019512104488,-5.655584351146642e-05,-6.269434103996826e-06,0.00016564441852072144,-5.660006691114299e-05
573,144,197.0,0.00016560019512104488,-5.618293632271435e-05,-5.741011832235791e-06,0.00016563734142839787,-5.622008263006734e-05
574,144,228.0,0.0001660692471662801,-5.618293632271435e-05,-5.4100021664540456e-06,0.00016610216449107365,-5.621585364750792e-05
575,144,227.0,0.0001660692471662801,-5.6558604745764814e-05,-5.942337201885438e-06,0.00016610889301914967,-5.65982505986344e-05
579,145,228.0,0.00016606379252753637,-5.618293632271435e-05,-4.235266033398872e-06,0.00016608396813399642,-5.62031119291744e-05
578,145,229.0,0.00016606379252753637,-5.5881614728712245e-05,-3.91418623820871e-06,0.0001660810486435815,-5.58988708447574e-05
576,145,197.0,0.0001657808834887491,-5.618293632271435e-05,-4.500765774591471e-06,0.00016580369667831357,-5.620574951227883e-05
577,145,198.0,0.0001657808834887491,-5.588382948878528e-05,-4.1820459652933475e-06,0.00016580060691717214,-5.5903552917208326e-05
580,146,198.0,0.00016591905088292943,-5.587496760833826e-05,-3.1185539578438767e-06,0.00016593001251551153,-5.588592924092036e-05
581,146,199.0,0.00016591905088292943,-5.5638248729213656e-05,-2.95588633693767e-06,0.00016592890936569378,-5.5648107211978004e-05
582,146,230.0,0.00016606344218578987,-5.56347419306958e-05,-2.7433539237040755e-06,0.00016607192861374919,-5.5643228358655115e-05
583,146,229.0,0.00016606344218578987,-5.5873214796089456e-05,-2.907226842533816e-06,0.000166072962475819,-5.5882735086118594e-05
584,147,199.0,0.0001660228285291646,-5.562323971137302e-05,-2.0548343122595014e-06,0.0001660275909115556,-5.562800209376402e-05
585,147,200.0,0.0001660228285291646,-5.543845647242154e-05,-2.0056005656334842e-06,0.0001660273692225382,-5.5442997165795155e-05
586,147,231.0,0.0001660665306794781,-5.543435080954974e-05,-1.8404845024164e-06,0.00016607035382988156,-5.543817395995319e-05
587,147,230.0,0.0001660665306794781,-5.562050229731099e-05,-1.8900828059990882e-06,0.0001660705592733558,-5.5624530891188685e-05
591,148,231.0,0.00016607180579099583,-5.541645472396375e-05,-1.1253998464908106e-06,0.00016607323534378237,-5.541788427675027e-05
590,148,232.0,0.00016607180579099583,-5.527322673952234e-05,-1.156430756442655e-06,0.0001660733162416182,-5.527473719014473e-05
588,148,200.0,0.0001660991476699885,-5.541961367224829e-05,-1.2509161369262528e-06,0.00016610091363633103,-5.5421379638590824e-05
589,148,201.0,0.0001660991476699885,-5.527743914065001e-05,-1.2817188121483705e-06,0.00016610100286769712,-5.527929433835864e-05
592,149,201.0,0.00016615384122301837,-5.52566394724148e-05,-6.567492241730741e-07,0.00016615432823541428,-5.5257126484810706e-05
593,149,202.0,0.00016615384122301837,-5.5148920881245046e-05,-7.418180090418627e-07,0.00016615446287410792,-5.5149542532334606e-05
594,149,233.0,0.00016607833023557354,-5.514493173909796e-05,-6.493523580499913e-07,0.00016607880674239848,-5.514540824592291e-05
595,149,232.0,0.00016607833023557354,-5.525344794500255e-05,-5.636536715499137e-07,0.00016607868909157352,-5.525380680100253e-05
596,150,202.0,0.00016619176900289218,-5.512763948189531e-05,-2.301404247125917e-07,0.00016619182883112994,-5.512769931013308e-05
597,150,203.0,0.00016619176900289218,-5.5047377228497805e-05,-3.4994783042630734e-07,0.00016619190738641237,-5.504751561201798e-05
598,150,234.0,0.00016608542240910277,-5.504381016761584e-05,-2.8402789170709104e-07,0.00016608551361347345,-5.5043901371986526e-05
599,150,233.0,0.00016608542240910277,-5.512466713019287e-05,-1.633327640459918e-07,0.00016608545255870878,-5.512469727979888e-05
602,151,235.0,0.00016609259196033368,-5.496495115321149e-05,-3.113262188022062e-08,0.00016609259305647378,-5.496495224935158e-05
600,151,203.0,0.00016621693370962682,-5.5026710141137095e-05,6.409342051864018e-08,0.0001662169383515302,-5.5026714783040466e-05
601,151,204.0,0.00016621693370962682,-5.496799562676826e-05,-7.598687612117572e-08,0.00016621694023584584,-5.496800215298728e-05
603,151,234.0,0.00016609259196033368,-5.502410071717324e-05,1.0998561021224179e-07,0.00016609260563731296,-5.5024114394152524e-05
607,152,235.0,0.00016609949587146396,-5.494653420883651e-05,2.845465645905966e-07,0.0001660995874436965,-5.494662578106905e-05
606,152,236.0,0.00016609949587146396,-5.490414445176537e-05,1.3348517874617154e-07,0.00016609951602757008,-5.49041646078715e-05
605,152,205.0,0.0001662325993631946,-5.490663786868053e-05,1.0502025036152746e-07,0.00016623261183186874,-5.490665033735468e-05
604,152,204.0,0.0001662325993631946,-5.4948716052981804e-05,2.549713063134708e-07,0.00016623267284402333,-5.494878953381055e-05
608,153,205.0,0.00016624139898523322,-5.4889242617310434e-05,3.6618267195776336e-07,0.000166241550580752,-5.4889394212829205e-05
609,153,206.0,0.00016624139898523322,-5.4859791058081545e-05,2.1353501184644998e-07,0.00016624145054215908,-5.48598426150074e-05
610,153,237.0,0.00016610590186294646,-5.485782763053741e-05,2.2950111759839978e-07,0.0001661059614550217,-5.4857887222612645e-05
611,153,236.0,0.00016610590186294646,-5.488749741330081e-05,3.832798319831736e-07,0.00016610606804813528,-5.488766359848961e-05
612,154,206.0,0.00016624543148567247,-5.4844542822818235e-05,4.1686445977702664e-07,0.00016624562798465883,-5.484473932180459e-05
613,154,207.0,0.00016624543148567247,-5.482450659109088e-05,2.6615884173865866e-07,0.00016624551159663642,-5.4824586702054834e-05
614,154,238.0,0.00016611165820973935,-5.482302248834464e-05,2.727810190846381e-07,0.00016611174240821805,-5.482310668682333e-05
615,154,237.0,0.00016611165820973935,-5.484320708066111e-05,4.246025542577452e-07,0.0001661118621961535,-5.4843411067075266e-05
616,155,207.0,0.00016624634960007273,-5.481148188567843e-05,4.22320001558377e-07,0.00016624655130523263,-5.4811683590838314e-05
617,155,208.0,0.00016624634960007273,-5.4798341086848056e-05,2.762235565456801e-07,0.00016624643589418725,-5.479842738096257e-05
618,155,239.0,0.0001661166676392681,-5.4797270367643296e-05,2.7598392205092394e-07,0.00016611675383470715,-5.479735656308235e-05
619,155,238.0,0.0001661166676392681,-5.4810508534207066e-05,4.23162879617826e-07,0.00016611687027013222,-5.481071116507118e-05
623,156,239.0,0.00016612086233545344,-5.4786798369129243e-05,3.904505861814997e-07,0.00016612103486403473,-5.4786970897710536e-05
622,156,240.0,0.00016612086233545344,-5.477861875872455e-05,2.4904694015306234e-07,0.0001661209325306825,-5.47786889539536e-05
620,156,208.0,0.00016624545581332478,-5.478745994738876e-05,3.946802972510646e-07,0.00016624563200022023,-5.478763613428421e-05
621,156,209.0,0.00016624545581332478,-5.4779340486685584e-05,2.54316479122085e-07,0.0001662455289689743,-5.477941364233512e-05
624,157,209.0,0.00016624365872106787,-5.477039885851798e-05,3.434280756453318e-07,0.00016624379213200702,-5.477053226945714e-05
625,157,210.0,0.00016624365872106787,-5.476595314275013e-05,2.0914944660324272e-07,0.00016624370820249182,-5.4766002624174096e-05
626,157,241.0,0.00016612446680023196,-5.47655250371956e-05,2.0016514719458983e-07,0.0001661245121464217,-5.476557038338535e-05
627,157,240.0,0.00016612446680023196,-5.4770003685008074e-05,3.3543845741335065e-07,0.00016612459414485674,-5.4770131029632856e-05
628,158,210.0,0.00016624173386318796,-5.475876336220561e-05,2.752151171843127e-07,0.00016624181954549673,-5.4758849044514376e-05
629,158,211.0,0.00016624173386318796,-5.475584629986572e-05,1.4581371976746336e-07,0.00016624175791507865,-5.475587035175639e-05
630,158,242.0,0.00016612687119868953,-5.47555437894292e-05,1.3498362313817645e-07,0.00016612689182117415,-5.475556441191381e-05
631,158,241.0,0.00016612687119868953,-5.4758482460174045e-05,2.6534357319425283e-07,0.00016612695088616685,-5.4758562147651365e-05
635,159,242.0,0.00016610275621280847,-5.474934504440948e-05,1.8522404289186313e-07,0.0001661027950486853,-5.474938388028634e-05
634,159,243.0,0.0001661306360233944,-5.4748312173507176e-05,6.48282301524074e-08,0.00016613064078018467,-5.474831693029745e-05
632,159,211.0,0.00016623937791071405,-5.474948225082769e-05,2.0001115902580245e-07,0.00016623942316690423,-5.4749527507017885e-05
633,159,212.0,0.00016623937791071405,-5.4748418899097564e-05,7.630910103643713e-08,0.00016623938449827094,-5.474842548665444e-05
636,160,212.0,0.00016623977132271695,-5.4743771316559994e-05,1.1705973777557054e-07,0.00016623978682498138,-5.4743786818824423e-05
637,160,48.0,0.00016623977132271695,-5.473814497074003e-05,-2.3366437335698396e-08,0.00016623977194041487,-5.4738145588437956e-05
638,160,49.0,0.00016610168640316503,-5.473814497074003e-05,-1.7833896772648412e-08,0.00016610168676320863,-5.473814533078364e-05
639,160,243.0,0.00016611294487228943,-5.474319114040456e-05,1.0766076199471156e-07,0.00016611295799263915,-5.4743204260754294e-05
640,161,7.0,0.00016888427213668927,-7.340634055357301e-05,-0.0001361850742363415,0.00018670939020137682,-9.123145861826055e-05
641,161,213.0,0.0001669818200995916,-7.680689025662489e-05,-0.00011459881902415973,0.00017977768785811614,-8.960275801514942e-05
642,161,244.0,0.00018940207017577142,-7.74811927053801e-05,-0.00011396108895098296,0.00020105851401617904,-8.913763654578772e-05
643,161,6.0,0.00018940207017577142,-7.340634055357301e-05,-0.0001394634733180326,0.00020675800828038788,-9.076227865818947e-05
646,162,278.0,0.00017749249470908317,-7.418353767061703e-05,-0.0001029111022848154,0.0001876062348961402,-8.429727785767407e-05
647,162,277.0,0.00017749249470908317,-7.425947724629383e-05,-0.00011974219941557687,0.00019100557726288022,-8.777255980009087e-05
645,162,214.0,0.0001713856194984131,-7.416728130934039e-05,-9.933562794621313e-05,0.00018105141506855602,-8.383307687948331e-05
644,162,213.0,0.00016956050561852277,-7.420277093975387e-05,-0.000107209713993325,0.0001808277105309021,-8.54699758521332e-05
648,163,213.0,0.00017843397740487446,-7.801538246454481e-05,-0.00011886358598735356,0.0001915376617952428,-9.111906685491315e-05
649,163,277.0,0.00016797274617322278,-8.022473594909425e-05,-0.00010089336698868023,0.00017783431792351825,-9.008630769938972e-05
650,163,245.0,0.00018740964941247034,-7.993719617097961e-05,-0.00010564135260362865,0.00019746725251924894,-8.999479927775822e-05
651,163,244.0,0.00018918525198953918,-7.8285114208751e-05,-0.00011827290855009193,0.00020167667188310013,-9.077653410231195e-05
652,164,277.0,0.00017749249470908317,-7.980688851546213e-05,-0.00010571470607384417,0.00018792782357710046,-9.024221738347942e-05
653,164,278.0,0.00017749249470908317,-8.007874003646475e-05,-9.134964431006115e-05,0.00018535212833677468,-8.793837366415625e-05
654,164,246.0,0.00018769642652388847,-8.000316345872641e-05,-9.5536333739649e-05,0.00019596477036544933,-8.827150730028726e-05
655,164,245.0,0.00018769642652388847,-7.978545596836362e-05,-0.00010704033980137202,0.00019800772563381534,-9.009675507829049e-05
659,165,278.0,0.00017705296180690628,-7.29730701712031e-05,-0.00010470343608556983,0.0001875720694960073,-8.349217786030413e-05
658,165,279.0,0.00017705296180690628,-7.33949838664079e-05,-8.945378050058666e-05,0.00018480093369716374,-8.114295575666536e-05
656,165,214.0,0.00016738423046111072,-7.313089729332647e-05,-9.873142424566324e-05,0.00017712226344423812,-8.286893027645387e-05
657,165,215.0,0.00016738423046111072,-7.351687013802287e-05,-8.478081535651279e-05,0.0001746258166876325,-8.075845636454465e-05
660,166,278.0,0.00017705296180690628,-7.927576881351021e-05,-9.322927735001992e-05,0.00018526685383330667,-8.74896608399106e-05
661,166,279.0,0.00017705296180690628,-7.829729313951176e-05,-8.079545404279624e-05,0.00018329166679246746,-8.453599812507294e-05
662,166,247.0,0.00018530308461811845,-7.85931110122201e-05,-8.390527167413935e-05,0.000191811926573837,-8.510195296793866e-05
663,166,246.0,0.00018530308461811845,-7.952986676271266e-05,-9.580894571853404e-05,0.00019370195451970385,-8.792873666429806e-05
664,167,215.0,0.00016752535489829648,-7.260192534170424e-05,-8.685316106629096e-05,0.0001751376544680698,-8.021422491147757e-05
665,167,216.0,0.00016752535489829648,-7.171470461545784e-05,-7.431037802697014e-05,0.00017316289812470835,-7.735224784186971e-05
666,167,280.0,0.00017565860056781984,-7.195667308621e-05,-7.71558158195896e-05,0.00018152974348285304,-7.78278160012432e-05
667,167,279.0,0.00017565860056781984,-7.286405935176326e-05,-8.998368235268832e-05,0.00018355302680431952,-8.075848558826293e-05
671,168,247.0,0.0001826262718731854,-7.837090730820678e-05,-8.317329508083192e-05,0.00018909238992212806,-8.483702535714945e-05
670,168,248.0,0.0001826262718731854,-7.63247938207458e-05,-7.24280922713037e-05,0.00018759541442662676,-8.129393637418717e-05
668,168,279.0,0.00017565860056781984,-7.776637236257594e-05,-8.132536036760309e-05,0.00018202318870949436,-8.413096050425046e-05
669,168,280.0,0.00017565860056781984,-7.576675437815229e-05,-7.082432955191932e-05,0.00018055104815333498,-8.065920196366743e-05
672,169,216.0,0.00016744106415412727,-7.147874074345327e-05,-7.483595931401764e-05,0.00017316412178651903,-7.720179837584503e-05
673,169,217.0,0.00016744106415412727,-6.96790315044914e-05,-6.444989437967216e-05,0.00017174245113117138,-7.398041848153552e-05
674,169,281.0,0.00017417577278460144,-7.012896109637764e-05,-6.58794257509341e-05,0.0001785391180441474,-7.44923063559236e-05
675,169,280.0,0.00017417577278460144,-7.196956638654169e-05,-7.650150049961016e-05,0.00017998289949616963,-7.777669309810988e-05
676,170,280.0,0.00017417577278460144,-7.577964782750821e-05,-7.017000702349771e-05,0.0001790070973904648,-8.061097243337157e-05
677,170,281.0,0.00017417577278460144,-7.326477551755834e-05,-6.131215866460142e-05,0.00017791726323783998,-7.700626597079689e-05
678,170,249.0,0.00018005318589342945,-7.390810948171712e-05,-6.190941734438796e-05,0.00018377173053746936,-7.762665412575702e-05
679,170,248.0,0.00018005318589342945,-7.648148449678936e-05,-7.097332311960247e-05,0.0001848715840686345,-8.12998826719944e-05
683,171,281.0,0.00017278347235555498,-7.045258782748898e-05,-6.450323016558325e-05,0.00017698718886926377,-7.465630434119776e-05
682,171,282.0,0.00017278347235555498,-6.821097264213282e-05,-5.56885814125465e-05,0.00017595874136097143,-7.138624164754927e-05
681,171,218.0,0.0001671947251064296,-6.771283469900777e-05,-5.515101585277897e-05,0.0001703883614662843,-7.090647105886245e-05
680,171,217.0,0.0001671947251064296,-6.990463275482746e-05,-6.376976992165592e-05,0.00017140771258346892,-7.411762023186677e-05
684,172,281.0,0.00017278347235555498,-7.358839340434868e-05,-5.9935977749164294e-05,0.00017637630116970978,-7.718122221850348e-05
685,172,282.0,0.00017278347235555498,-7.083702064526894e-05,-5.252382449145651e-05,0.00017558231134770836,-7.363585963742232e-05
686,172,250.0,0.00017770160358202003,-7.147687510738608e-05,-5.242198394161436e-05,0.00018042887793677948,-7.420414946214554e-05
687,172,249.0,0.00017770160358202003,-7.42922233165135e-05,-6.000648601644197e-05,0.00018122463759163846,-7.781525732613193e-05
688,173,218.0,0.00016693654560907302,-6.818307680023759e-05,-5.371886600670506e-05,0.00016996586472608387,-7.121239591724844e-05
689,173,219.0,0.00016693654560907302,-6.587930137944551e-05,-4.663104057683193e-05,0.00016924853678191944,-6.819129255229193e-05
690,173,283.0,0.00017153257707219673,-6.635052657659934e-05,-4.6586957383786334e-05,0.00017379201080470596,-6.860996030910858e-05
691,173,282.0,0.00017153257707219673,-6.870666424776202e-05,-5.3835881194341795e-05,0.00017451169236628867,-7.168577954185396e-05
695,174,250.0,0.00017561573825518925,-7.19730066027982e-05,-5.027537285265393e-05,0.00017814218724513954,-7.449945559274848e-05
694,174,251.0,0.00017561573825518925,-6.915570753199805e-05,-4.3978520849681166e-05,0.00017757547262569896,-7.111544190250776e-05
693,174,283.0,0.00017153257707219673,-6.857942947149508e-05,-4.451736385275781e-05,0.00017357855102721306,-7.06254034265114e-05
692,174,282.0,0.00017153257707219673,-7.133270876122908e-05,-5.067112735979498e-05,0.00017414741519688204,-7.394754688591439e-05
696,175,219.0,0.0001667094707224672,-6.645182836117222e-05,-4.4744407856059897e-05,0.00016883671205648586,-6.857906969519087e-05
697,175,220.0,0.0001667094707224672,-6.421886404197599e-05,-3.898009037889283e-05,0.00016834285160986716,-6.585224492937594e-05
698,175,284.0,0.00017044726736707531,-6.462486167316164e-05,-3.858022208362913e-05,0.00017201970316025515,-6.619729746634149e-05
699,175,283.0,0.00017044726736707531,-6.690856720163415e-05,-4.447552617662699e-05,0.00017251273979049757,-6.897403962505639e-05
700,176,283.0,0.00017044726736707531,-6.913748000606044e-05,-4.2405926566215814e-05,0.0001723092336994609,-7.099944633844602e-05
701,176,284.0,0.00017044726736707531,-6.652937781936061e-05,-3.7340841283130255e-05,0.00017190921446045486,-6.799132491274014e-05
702,176,252.0,0.00017380808338400729,-6.701460078144717e-05,-3.655262860300344e-05,0.00017518719645524865,-6.839371385268853e-05
703,176,251.0,0.00017380808338400729,-6.968337445136831e-05,-4.173554141537021e-05,0.0001755835525013436,-7.145884356870463e-05
707,177,284.0,0.00016952923831121524,-6.517255441588457e-05,-3.636953569527597e-05,0.00017092984155504343,-6.657315765971276e-05
706,177,285.0,0.00016952923831121524,-6.306832071390151e-05,-3.163059391799502e-05,0.00017059966146277972,-6.413874386546598e-05
705,177,221.0,0.0001665246094753347,-6.274099361607086e-05,-3.222756723865027e-05,0.00016765161620844218,-6.386800034917833e-05
704,177,220.0,0.0001665246094753347,-6.479846332234601e-05,-3.686119188660124e-05,0.00016798385632594792,-6.625771017295922e-05
708,178,284.0,0.00016952923831121524,-6.707705142738619e-05,-3.513016388799212e-05,0.00017082611931844202,-6.837393243461298e-05
709,178,285.0,0.00016952923831121524,-6.469956435155408e-05,-3.100171701694507e-05,0.00017055060469523637,-6.572093073557523e-05
710,178,253.0,0.00017226855612715447,-6.508659856618767e-05,-3.0096275840829634e-05,0.000173218792518539,-6.603683495757219e-05
711,178,252.0,0.00017226855612715447,-6.751936743004986e-05,-3.43207181547683e-05,0.000173490406671443,-6.874121797433838e-05
712,179,221.0,0.00016638113486231593,-6.327061150614957e-05,-3.0033706985184427e-05,0.00016735891896635488,-6.424839561018851e-05
713,179,222.0,0.00016638113486231593,-6.144247860173592e-05,-2.6354836675333317e-05,0.00016714078956250644,-6.220213330192642e-05
714,179,286.0,0.00016876666253368968,-6.169176860935574e-05,-2.5671064110838714e-05,0.00016947934191120664,-6.240444798687269e-05
715,179,285.0,0.00016876666253368968,-6.356145293930668e-05,-2.943355104690487e-05,0.00016969518266451907,-6.448997307013608e-05
719,180,253.0,0.00017097572833778794,-6.553541413762375e-05,-2.7949756646754136e-05,0.0001717986075137036,-6.635829331353941e-05
718,180,254.0,0.00017097572833778794,-6.338118325858576e-05,-2.4543043120190712e-05,0.00017161654407294369,-6.402199899374152e-05
716,180,285.0,0.00016876666253368968,-6.519269310530817e-05,-2.8804675463001833e-05,0.00016964992356642702,-6.60759541380455e-05
717,180,286.0,0.00016876666253368968,-6.308741456884223e-05,-2.5475375462174002e-05,0.00016946435101748003,-6.378510305263256e-05
720,181,222.0,0.00016627366846631202,-6.189196417051199e-05,-2.4194823230927823e-05,0.00016691328389921225,-6.253157960341222e-05
721,181,223.0,0.00016627366846631202,-6.0313176674540113e-05,-2.1313023146111998e-05,0.00016677374674996725,-6.0813254958195346e-05
722,181,287.0,0.000168142334224249,-6.0492588166542586e-05,-2.061676320127409e-05,0.00016860616360090235,-6.095641754319593e-05
723,181,286.0,0.000168142334224249,-6.210725155450557e-05,-2.3564048444065823e-05,0.00016874365780211771,-6.270857513237428e-05
724,182,286.0,0.000168142334224249,-6.350291004353814e-05,-2.3368355836066515e-05,0.00016873019190893082,-6.409076772821996e-05
725,182,287.0,0.000168142334224249,-6.168219127426604e-05,-2.0714706605629712e-05,0.00016860815820550425,-6.214801525552128e-05
726,182,255.0,0.00016990309960894122,-6.18938992427923e-05,-1.9815171016609144e-05,0.0001703258038381777,-6.23166034720288e-05
727,182,254.0,0.00016990309960894122,-6.375697283574587e-05,-2.253055127720855e-05,0.00017044496717505905,-6.42988404018637e-05
731,183,287.0,0.0001676376321837537,-6.082199087242314e-05,-1.8648701355886144e-05,0.00016801756438327274,-6.120192307194219e-05
730,183,288.0,0.0001676376321837537,-5.946075579749252e-05,-1.637455735596042e-05,0.00016793241470515808,-5.9755538318896905e-05
729,183,224.0,0.00016619575782440138,-5.933975547389172e-05,-1.703547164527263e-05,0.000166516987213796,-5.966098486328634e-05
728,183,223.0,0.00016619575782440138,-6.067073878014196e-05,-1.9259075602926466e-05,0.00016660375784045513,-6.10787387961957e-05
732,184,287.0,0.0001676376321837537,-6.201157695840244e-05,-1.8746649330817454e-05,0.00016801957703668885,-6.23935218113376e-05
733,184,288.0,0.0001676376321837537,-6.0468630884751387e-05,-1.6658837842470006e-05,0.00016794138077629955,-6.077237947729725e-05
734,184,256.0,0.00016902294229794194,-6.061216242820932e-05,-1.582927553696583e-05,0.00016929540610331555,-6.088462623358294e-05
735,184,255.0,0.00016902294229794194,-6.219098538155093e-05,-1.7965633220713706e-05,0.00016937140559509042,-6.25394486786994e-05
736,185,224.0,0.00016614124934668162,-5.960546377332162e-05,-1.5132602880623194e-05,0.00016639456311073279,-5.985877753737278e-05
737,185,225.0,0.00016614124934668162,-5.850746877731749e-05,-1.3446579381793701e-05,0.00016634228414294289,-5.870850357357876e-05
738,185,289.0,0.00016723453488606994,-5.858233181934777e-05,-1.2849550964761335e-05,0.0001674171801477332,-5.876497708101104e-05
739,185,288.0,0.00016723453488606994,-5.970528301914139e-05,-1.4573895900559831e-05,0.0001674682751631293,-5.993902329620077e-05
743,186,256.0,0.00016830840440817257,-6.083257206892633e-05,-1.41569644582255e-05,0.00016852686026219444,-6.10510279229482e-05
742,186,257.0,0.00016830840440817257,-5.951901953306929e-05,-1.250089526376192e-05,0.00016847975662443137,-5.9690371749328104e-05
741,186,289.0,0.00016723453488606994,-5.942945277304123e-05,-1.3239739799394447e-05,0.0001674277078825153,-5.962262576948657e-05
740,186,288.0,0.00016723453488606994,-6.07131563849285e-05,-1.4858176784924779e-05,0.00016747640114384582,-6.095502264270438e-05
744,187,225.0,0.00016610479480351536,-5.868863966490177e-05,-1.1719722467821991e-05,0.00016625744459865678,-5.8841289460043175e-05
745,187,226.0,0.00016610479480351536,-5.780128847336272e-05,-1.0467917537108039e-05,0.00016622707541082756,-5.792356908067494e-05
746,187,290.0,0.00016691651141840635,-5.784162527803821e-05,-9.949430182049253e-06,0.00016702656606903797,-5.795167992866983e-05
747,187,289.0,0.00016691651141840635,-5.874914037104419e-05,-1.1229680751332662e-05,0.00016705612920723428,-5.888875815987212e-05
748,188,289.0,0.00016691651141840635,-5.959627255982175e-05,-1.1619867333727447e-05,0.00016706543524652024,-5.974519638793565e-05
749,188,290.0,0.00016691651141840635,-5.854673842284081e-05,-1.0386965545528329e-05,0.00016703607843014632,-5.866630543458078e-05
750,188,258.0,0.00016773457386859382,-5.8595552063859895e-05,-9.747914345136117e-06,0.00016783948457001693,-5.8700462765283007e-05
751,188,257.0,0.00016773457386859382,-5.966950119236478e-05,-1.1009496750429178e-05,0.00016786774878688605,-5.980267611065701e-05
754,189,291.0,0.0001666688708536028,-5.722258371569243e-05,-7.5873521998672325e-06,0.0001667331334611068,-5.728684632319643e-05
755,189,290.0,0.0001666688708536028,-5.794110664559605e-05,-8.51300058843981e-06,0.00016674950526285028,-5.802174105484354e-05
752,189,226.0,0.00016608198247832764,-5.7909170075833493e-05,-8.927422530008965e-06,0.00016617090032908216,-5.799808792658802e-05
753,189,227.0,0.00016608198247832764,-5.72066154308111e-05,-8.022345533876575e-06,0.00016615401624204743,-5.72786491945309e-05
756,190,290.0,0.0001666688708536028,-5.8646207989774635e-05,-8.950538011234278e-06,0.00016675772481645646,-5.87350619526283e-05
757,190,291.0,0.0001666688708536028,-5.780271424829579e-05,-8.031061997933187e-06,0.00016674068097826663,-5.787452437295963e-05
758,190,259.0,0.00016727896397172653,-5.7822331705375586e-05,-7.49276944050567e-06,0.00016734129818830835,-5.788466592195742e-05
759,190,258.0,0.00016727896397172653,-5.868543852601471e-05,-8.433625287408188e-06,0.0001673576282241973,-5.8764102778485465e-05
760,191,227.0,0.0001660692471662801,-5.7254063246705796e-05,-6.6682439777872304e-06,0.00016611901309876708,-5.73038291791928e-05
761,191,228.0,0.0001660692471662801,-5.670958347257695e-05,-6.0365878761818245e-06,0.00016611013267881045,-5.67504689851073e-05
762,191,292.0,0.0001664788384218175,-5.670958347257695e-05,-5.6835252623108935e-06,0.0001665150155048488,-5.674576055560824e-05
763,191,291.0,0.0001664788384218175,-5.726643866576684e-05,-6.329538203840232e-06,0.00016652359360312262,-5.731119384707195e-05
767,192,259.0,0.0001669216724804164,-5.7862061629468614e-05,-6.346769144805094e-06,0.00016696646381472092,-5.790685296377314e-05
766,192,260.0,0.0001669216724804164,-5.7180429480631226e-05,-5.663852060734838e-06,0.00016695745315678892,-5.7216210157003754e-05
765,192,292.0,0.0001664788384218175,-5.7180429480631226e-05,-6.105852909714382e-06,0.0001665205027986433,-5.722209385745703e-05
764,192,291.0,0.0001664788384218175,-5.784656888963133e-05,-6.773248048798364e-06,0.00016652995438580167,-5.789768485361549e-05
768,193,228.0,0.00016606379252753637,-5.670958347257695e-05,-4.861851743126651e-06,0.00016609031588149734,-5.6736106826537925e-05
769,193,229.0,0.00016606379252753637,-5.629730904507097e-05,-4.442902729855612e-06,0.00016608598325111,-5.63194997686446e-05
770,193,293.0,0.00016633545456250665,-5.62879385538757e-05,-4.16604654682488e-06,0.00016635494310813267,-5.630742709950172e-05
771,193,292.0,0.00016633545456250665,-5.670958347257695e-05,-4.594517756424665e-06,0.0001663591127379619,-5.673324164803222e-05
772,194,292.0,0.00016633545456250665,-5.7180429480631226e-05,-5.016845403828154e-06,0.00016636360196778833,-5.72085768859129e-05
773,194,293.0,0.00016633545456250665,-5.666399959141787e-05,-4.549824447293814e-06,0.00016635865949444725,-5.668720452335846e-05
774,194,261.0,0.00016664533352343542,-5.665198878364509e-05,-4.196299857424195e-06,0.00016666504645361415,-5.667170171382382e-05
775,194,260.0,0.00016664533352343542,-5.7180429480631226e-05,-4.674182499255809e-06,0.00016666973375361693,-5.7204829710812754e-05
778,195,294.0,0.00016622943962777683,-5.5944189939179665e-05,-2.971192275927001e-06,0.00016623937283731562,-5.595412314871845e-05
779,195,293.0,0.00016622943962777683,-5.6255103702974874e-05,-3.2330057163623346e-06,0.0001662411840101994,-5.626684808539746e-05
776,195,229.0,0.00016606344218578987,-5.6262013377457194e-05,-3.4359526917301757e-06,0.0001660767167184081,-5.627528791007542e-05
777,195,230.0,0.00016606344218578987,-5.595800928814441e-05,-3.1799577317193073e-06,0.0001660748280367493,-5.596939513910384e-05
780,196,293.0,0.00016622943962777683,-5.663116497167436e-05,-3.616783590671205e-06,0.00016624411277106377,-5.6645838114961314e-05
781,196,294.0,0.00016622943962777683,-5.623880984240544e-05,-3.3070090934977925e-06,0.00016624172869047035,-5.625109890509897e-05
782,196,262.0,0.00016643498200861334,-5.622056157171773e-05,-3.032265116155626e-06,0.00016644530535976429,-5.6230884922868675e-05
783,196,261.0,0.00016643498200861334,-5.662203981812551e-05,-3.3492425496840436e-06,0.00016644755367456856,-5.663461148408071e-05
784,197,230.0,0.0001660665306794781,-5.5898195819648446e-05,-2.3265216453393148e-06,0.00016607262686691923,-5.590429200708957e-05
785,197,231.0,0.0001660665306794781,-5.568101827100333e-05,-2.1931488514686376e-06,0.00016607195326959185,-5.56864408611171e-05
786,197,295.0,0.00016615301453179595,-5.566621083604795e-05,-2.043229373941465e-06,0.00016615771959930866,-5.5670915903560664e-05
787,197,294.0,0.00016615301453179595,-5.588832346195842e-05,-2.1796328910465845e-06,0.00016615836340640283,-5.58936723365653e-05
790,198,263.0,0.00016627785435933745,-5.587129307569439e-05,-2.12087046449691e-06,0.0001662829162615411,-5.587635497789803e-05
791,198,262.0,0.00016627785435933745,-5.6169400283113144e-05,-2.3133933334655056e-06,0.00016628386886828996,-5.617541479206567e-05
788,198,294.0,0.00016615301453179595,-5.618294999214674e-05,-2.5154490730853844e-06,0.0001661601290820505,-5.619006454240128e-05
789,198,295.0,0.00016615301453179595,-5.5891619907358163e-05,-2.327302988908587e-06,0.00016615911261931468,-5.589771799487689e-05
792,199,231.0,0.00016607180579099583,-5.5605843106461836e-05,-1.4776415751859354e-06,0.00016607426815062334,-5.5608305466089327e-05
793,199,232.0,0.00016607180579099583,-5.5456813071955364e-05,-1.434604615258711e-06,0.00016607412836768508,-5.545913564864459e-05
794,199,296.0,0.00016609971268907904,-5.54432646808396e-05,-1.3340550284262308e-06,0.00016610172097513163,-5.544527296689221e-05
795,199,295.0,0.00016609971268907904,-5.559568200210553e-05,-1.3780701705362781e-06,0.00016610185420745966,-5.5597823520486155e-05
796,200,295.0,0.00016609971268907904,-5.582108632307543e-05,-1.6621441629866007e-06,0.0001661028249305709,-5.582419856456728e-05
797,200,296.0,0.00016609971268907904,-5.5610532806785824e-05,-1.5665149926276899e-06,0.0001661024797450063,-5.561329986271308e-05
798,200,264.0,0.00016616316480515822,-5.55909462044478e-05,-1.417912134679504e-06,0.00016616543134067338,-5.5593212739962956e-05
799,200,263.0,0.00016616316480515822,-5.5806395551707315e-05,-1.5157648929516043e-06,0.00016616575245323857,-5.580898319978766e-05
803,201,296.0,0.00016606421390765488,-5.536493801072033e-05,-7.803485706395046e-07,0.00016606490142101493,-5.536562552408039e-05
800,201,232.0,0.00016607833023557354,-5.537373703566313e-05,-8.411305885743653e-07,0.00016607912893901763,-5.537453573910723e-05
801,201,233.0,0.00016607833023557354,-5.527694923409659e-05,-8.629002541658305e-07,0.00016607917118459183,-5.527779018311488e-05
802,201,297.0,0.00016606421390765488,-5.526595033018432e-05,-8.026130364924972e-07,0.00016606494153731483,-5.5266677959844266e-05
806,202,265.0,0.00016608188464905561,-5.536789402679895e-05,-8.854115485295785e-07,0.00016608276966967057,-5.53687790474139e-05
807,202,264.0,0.00016608188464905561,-5.551851377531597e-05,-9.126625039527873e-07,0.00016608282434650193,-5.551945347276228e-05
804,202,296.0,0.00016606421390765488,-5.55322066880862e-05,-1.0128084998038862e-06,0.00016606537116427658,-5.553336394470788e-05
805,202,297.0,0.00016606421390765488,-5.538500959477265e-05,-9.861767900336965e-07,0.00016606531183410508,-5.538610752122284e-05
811,203,297.0,0.00016604217315196903,-5.51852564211028e-05,-3.460262421066049e-07,0.00016604230845852574,-5.5185391727659514e-05
810,203,298.0,0.00016604217315196903,-5.512613165242568e-05,-4.142395631729148e-07,0.00016604236711541395,-5.5126325615870584e-05
809,203,234.0,0.00016608542240910277,-5.513401491581823e-05,-4.4263134570772175e-07,0.0001660856438208314,-5.5134236327546865e-05
808,203,233.0,0.00016608542240910277,-5.5191826002751556e-05,-3.759336431644576e-07,0.00016608558207983608,-5.519198567348487e-05
812,204,297.0,0.00016604217315196903,-5.5304319855514414e-05,-5.295897960474853e-07,0.00016604248992336542,-5.53046366269108e-05
813,204,298.0,0.00016604217315196903,-5.520579387278393e-05,-5.531850535596405e-07,0.00016604251893280187,-5.520613965361678e-05
814,204,266.0,0.00016602651708401786,-5.519204557365067e-05,-4.911029759689309e-07,0.0001660267896445943,-5.519231813422713e-05
815,204,265.0,0.00016602651708401786,-5.5292863536173366e-05,-4.6695882919981294e-07,0.00016602676339130563,-5.529310984346115e-05
816,205,234.0,0.00016609259196033368,-5.5051231682166045e-05,-4.746909361072471e-08,0.00016609259450767457,-5.505123422950694e-05
817,205,235.0,0.00016609259196033368,-5.502157315753536e-05,-1.4388112420764265e-07,0.00016609261536654072,-5.50215965637424e-05
818,205,299.0,0.00016603007451680587,-5.501685472169952e-05,-1.3998773111057253e-07,0.00016603009668015705,-5.501687688505071e-05
819,205,298.0,0.00016603007451680587,-5.504718735157421e-05,-4.138436239965043e-08,0.00016603007645353313,-5.504718928830148e-05
823,206,266.0,0.00016599089143676856,-5.5118191281200294e-05,-1.4741041965424598e-07,0.00016599091600589654,-5.5118215850328276e-05
822,206,267.0,0.00016599089143676856,-5.5054716753964034e-05,-2.0783665436677895e-07,0.00016599094029101373,-5.50547656082092e-05
821,206,299.0,0.00016603007451680587,-5.5064815047378994e-05,-2.3938304968612253e-07,0.00016603013931277175,-5.506487984334487e-05
820,206,298.0,0.00016603007451680587,-5.512684719124203e-05,-1.803299295127618e-07,0.00016603011127676553,-5.512688395120169e-05
824,207,235.0,0.00016609949587146396,-5.4944221558972904e-05,1.7308861325433453e-07,0.0001660995297557831,-5.494425544329203e-05
825,207,236.0,0.00016609949587146396,-5.493407311915122e-05,5.83568607204904e-08,0.00016609949972328062,-5.493407697096789e-05
826,207,300.0,0.00016602509918242593,-5.493222792019687e-05,4.40768817477552e-08,0.00016602510138055568,-5.493223011832661e-05
827,207,299.0,0.00016602509918242593,-5.494260702275676e-05,1.6141635927804238e-07,0.00016602512866098414,-5.494263650131497e-05
828,208,299.0,0.00016602509918242593,-5.499056787114007e-05,6.202104929544511e-08,0.00016602510353348678,-5.499057222220094e-05
829,208,300.0,0.00016602509918242593,-5.495512216932574e-05,-2.1060504996200935e-08,0.00016602509968421844,-5.4955122671118236e-05
830,208,268.0,0.00016596997269322693,-5.494852772711101e-05,-1.299826329990289e-08,0.00016596997288442284,-5.4948527918306905e-05
831,208,267.0,0.00016596997269322693,-5.4984797619220184e-05,7.201511931578808e-08,0.00016596997856114422,-5.4984803487137475e-05
835,209,300.0,0.00016602500656693383,-5.4864629073396844e-05,2.8513322513626024e-07,0.00016602509858225405,-5.486472108871705e-05
834,209,301.0,0.00016602500656693383,-5.486731670497442e-05,1.5754405562409812e-07,0.00016602503465768632,-5.48673447957269e-05
833,209,237.0,0.00016610590186294646,-5.486677918132481e-05,1.847658006471492e-07,0.00016610594048581487,-5.486681780419321e-05
832,209,236.0,0.00016610590186294646,-5.486415126571085e-05,3.095200911988269e-07,0.0001661060102516608,-5.4864259654425194e-05
836,210,300.0,0.00016602500656693383,-5.4887525684221296e-05,2.1999583929956448e-07,0.0001660250613376578,-5.488758045494526e-05
837,210,301.0,0.00016602500656693383,-5.4870778418507056e-05,1.2155231886431736e-07,0.00016602502328858055,-5.4870795140153774e-05
838,210,269.0,0.00016595968672694075,-5.4867273095987774e-05,1.1205963282127918e-07,0.00016595970094323084,-5.486728731227788e-05
839,210,268.0,0.00016595968672694075,-5.4884409948220496e-05,2.1279321475416516e-07,0.00016595973798588586,-5.4884461207165624e-05
840,211,237.0,0.00016611165820973935,-5.480537252874635e-05,3.812506978581251e-07,0.00016611182269681614,-5.480553701582313e-05
841,211,238.0,0.00016611165820973935,-5.481569840759586e-05,2.5228777985166276e-07,0.00016611173023466203,-5.481577043251853e-05
842,211,302.0,0.0001660280334598637,-5.481804520776634e-05,2.1628219111610898e-07,0.00016602808641300563,-5.481809816090825e-05
843,211,301.0,0.0001660280334598637,-5.480748463318713e-05,3.481762926660706e-07,0.00016602817069622915,-5.480762186955256e-05
847,212,269.0,0.00016595676775790985,-5.4810069507156946e-05,2.924803437463763e-07,0.00016595686463015185,-5.4810166379398945e-05
846,212,270.0,0.00016595676775790985,-5.480578802200778e-05,1.825778544791573e-07,0.00016595680550736777,-5.480582577146571e-05
845,212,302.0,0.0001660280334598637,-5.480676109076291e-05,2.0477948735656525e-07,0.000166028080932715,-5.480680856361418e-05
844,212,301.0,0.0001660280334598637,-5.481094528423844e-05,3.121845728606097e-07,0.00016602814378816646,-5.481105561254121e-05
848,213,238.0,0.0001661166676392681,-5.476313716043762e-05,4.0400739014195657e-07,0.00016611685237982748,-5.4763321900997005e-05
849,213,239.0,0.0001661166676392681,-5.4777504386237686e-05,2.746814993395772e-07,0.00016611675303072074,-5.477758977769033e-05
850,213,303.0,0.00016603280752321354,-5.4781096229125094e-05,2.3303341081760617e-07,0.00016603286900547813,-5.47811577113897e-05
851,213,302.0,0.00016603280752321354,-5.476640245227852e-05,3.6529873513038366e-07,0.00016603295861419184,-5.4766553543256815e-05
852,214,302.0,0.00016603280752321354,-5.4755118698840226e-05,3.537960195909833e-07,0.00016603294925598993,-5.4755260431616634e-05
853,214,303.0,0.00016603280752321354,-5.475887464348434e-05,2.4199083876368446e-07,0.00016603287382954796,-5.475894094981876e-05
854,214,271.0,0.00016595862225855568,-5.4759835453385653e-05,2.1089775062823127e-07,0.00016595867263704636,-5.475988583187634e-05
855,214,270.0,0.00016595862225855568,-5.475599217479217e-05,3.25302647083631e-07,0.00016595874212120613,-5.475611203744264e-05
858,215,304.0,0.00016603824776020295,-5.4753731903705444e-05,2.1793071905656762e-07,0.0001660383015368243,-5.475378568032678e-05
859,215,303.0,0.00016603824776020295,-5.4737490910817925e-05,3.4823149472036977e-07,0.00016603838507725966,-5.473762822787462e-05
856,215,239.0,0.00016612086233545344,-5.4733520854356125e-05,3.9038035762610675e-07,0.00016612103484358118,-5.473369336248386e-05
857,215,240.0,0.00016612086233545344,-5.4749400967435836e-05,2.629749048775349e-07,0.0001661209406119211,-5.474947924390349e-05
860,216,303.0,0.00016603824776020295,-5.4715270516857064e-05,3.571888653457634e-07,0.00016603839224691716,-5.471541500357127e-05
861,216,304.0,0.00016603824776020295,-5.472366360586623e-05,2.441033485668393e-07,0.00016603831523835872,-5.4723731084022e-05
862,216,272.0,0.00016596321269108738,-5.472600586863333e-05,2.06975502851231e-07,0.00016596326121956744,-5.472605439711338e-05
863,216,271.0,0.00016596321269108738,-5.471741756455994e-05,3.22691278453616e-07,0.00016596333065523018,-5.471753552870275e-05
864,217,240.0,0.00016612446680023196,-5.471321732106703e-05,3.505214761171521e-07,0.0001661246058902024,-5.471335641103747e-05
865,217,241.0,0.00016612446680023196,-5.47292904303086e-05,2.252810171056007e-07,0.0001661245242494736,-5.472934787955024e-05
866,217,305.0,0.00016604325596626397,-5.473403930738468e-05,1.778556883973853e-07,0.00016604329178589018,-5.473407512701089e-05
867,217,304.0,0.00016604325596626397,-5.471760089927931e-05,3.0594252869607305e-07,0.00016604336196420586,-5.4717706897221204e-05
871,218,272.0,0.00016596893668020948,-5.469042768747504e-05,2.939745450433566e-07,0.0001659690345924316,-5.4690525599697154e-05
870,218,273.0,0.00016596893668020948,-5.4701042063096594e-05,1.7936279292449925e-07,0.000165968973127177,-5.4701078510064095e-05
869,218,305.0,0.00016604325596626397,-5.4697906000386294e-05,2.201081522790107e-07,0.00016604331083548978,-5.4697960869612116e-05
868,218,304.0,0.00016604325596626397,-5.468753285580233e-05,3.3211514337771163e-07,0.00016604338089265807,-5.4687657782196414e-05
872,219,241.0,0.00016612687119868953,-5.469971139077112e-05,2.912941419871626e-07,0.00016612696726076598,-5.469980745284757e-05
873,219,242.0,0.00016612687119868953,-5.4715515102727826e-05,1.7611072807878492e-07,0.0001661269063085524,-5.471555021259072e-05
874,219,306.0,0.0001660470412149478,-5.472197734418375e-05,1.1805842151622892e-07,0.00016604705699817452,-5.472199312741049e-05
875,219,305.0,0.0001660470412149478,-5.470470203845589e-05,2.43967365913967e-07,0.00016604710862104906,-5.4704769444557165e-05
876,220,305.0,0.0001660470412149478,-5.466856898835688e-05,2.862198146926561e-07,0.00016604713400601479,-5.466866177942386e-05
877,220,306.0,0.0001660470412149478,-5.467836482373357e-05,1.767505057293471e-07,0.00016604707659911226,-5.4678400207898025e-05
878,220,274.0,0.00016597440570327257,-5.468090870582802e-05,1.418226312581948e-07,0.0001659744284918203,-5.4680931494375745e-05
879,220,273.0,0.00016597440570327257,-5.467153051749935e-05,2.4662469827745233e-07,0.0001659744746187983,-5.46715994330251e-05
882,221,307.0,0.0001660522932258417,-5.470793948700358e-05,4.476212224437028e-08,0.00016605229549487307,-5.470794175603495e-05
883,221,306.0,0.0001660522932258417,-5.469485516161921e-05,1.6712730677680143e-07,0.00016605232485879015,-5.469488679456767e-05
880,221,242.0,0.00016609669130415998,-5.469205420991646e-05,1.9806934970563895e-07,0.000166096735726102,-5.469209863185847e-05
881,221,243.0,0.0001661099601730317,-5.469816902847944e-05,1.4230211868441252e-07,0.00016610998310005317,-5.4698191955500916e-05
884,222,243.0,0.00016604923647827818,-5.466531435432975e-05,6.681985387045749e-08,0.00016604924153559402,-5.466531941164559e-05
885,222,276.0,0.00016599160110187446,-5.4665285667873436e-05,7.751592191596718e-08,0.00016599160790963609,-5.466529247563508e-05
886,222,275.0,0.00016600111976246545,-5.4665109964297995e-05,1.4398761895187233e-07,0.00016600114325091703,-5.4665133452749576e-05
887,222,307.0,0.00016610531671876596,-5.4665079384177365e-05,1.558277524843412e-07,0.00016610534421598235,-5.4665106881393756e-05
888,223,306.0,0.0001660522932258417,-5.466037298578982e-05,2.2477626651754056e-07,0.0001660523504544976,-5.46604302144457e-05
889,223,307.0,0.0001660522932258417,-5.466808154904341e-05,1.2289331779687454e-07,0.00016605231033206308,-5.46680986552648e-05
890,223,275.0,0.0001659799228895099,-5.4668689275821816e-05,1.093854719762602e-07,0.00016597993644633746,-5.466870283264938e-05
891,223,274.0,0.0001659799228895099,-5.466251603134106e-05,1.9097633789720396e-07,0.00016597996421423755,-5.466255735606873e-05
894,224,50.0,0.00016599645912751011,-5.467828942917898e-05,-1.736954692105547e-08,0.00016599645946930404,-5.467828977097292e-05
895,224,276.0,0.00016599645912751011,-5.4672216152665775e-05,1.1342154731478621e-07,0.00016599647370190148,-5.467223072705714e-05
892,224,243.0,0.00016611144330619517,-5.467322114424922e-05,9.711782649648028e-08,0.00016611145398613957,-5.4673231824193614e-05
893,224,49.0,0.00016610168640316503,-5.467828942917898e-05,-1.2483324770315007e-08,0.00016610168657962284,-5.4678289605636775e-05
896,225,6.0,0.00018940207017577142,-8.782054954497898e-05,-0.00013221536980165,0.0002043593808866435,-0.00010277786025585106
897,225,244.0,0.00018940207017577142,-8.822109972409956e-05,-0.00011254227926358294,0.00020037398655950662,-9.919301610783476e-05
898,225,308.0,0.00021045088576711508,-8.82273580587495e-05,-0.00011266346045181279,0.00022072203032839788,-9.84985026200323e-05
899,225,5.0,0.00021045088576711508,-8.782054954497898e-05,-0.0001326439301663311,0.00022453301435735576,-0.00010190267813521965
900,226,244.0,0.0001889770463665251,-8.826259760790113e-05,-0.0001153901921276566,0.00020050441601998512,-9.978996726136115e-05
901,226,245.0,0.00018640923583112482,-8.787723560649762e-05,-9.752036561729276e-05,0.00019481950412701614,-9.628750390238894e-05
902,226,309.0,0.00020562787136837232,-8.789964676555778e-05,-9.814964324747662e-05,0.0002136153290748721,-9.588710447205756e-05
903,226,308.0,0.00020562787136837232,-8.825737013829025e-05,-0.0001147890690633719,0.00021643906637861055,-9.906856514852849e-05
904,227,245.0,0.00018769642652388847,-8.774138250792411e-05,-0.00010009477563931689,0.00019650819350249424,-9.655314948652988e-05
905,227,246.0,0.00018769642652388847,-8.61750323837674e-05,-8.625510420212472e-05,0.0001943273357828263,-9.280594164270522e-05
906,227,310.0,0.00020065297698444295,-8.63463529527515e-05,-8.630242729820194e-05,0.00020700050446698911,-9.269388043529767e-05
907,227,309.0,0.00020065297698444295,-8.782092244497333e-05,-9.933116012678447e-05,0.00020896427375600703,-9.613221921653741e-05
911,228,310.0,0.00019614153936807835,-8.629061901872142e-05,-8.625240141998686e-05,0.00020257995624721676,-9.272903589785983e-05
910,228,311.0,0.00019614153936807835,-8.392374196499781e-05,-7.458472209000318e-05,0.00020102218533997977,-8.880438793689924e-05
909,228,247.0,0.00018530308461811845,-8.368522385177274e-05,-7.560759361066247e-05,0.0001905150668850177,-8.889720611867199e-05
908,228,246.0,0.00018530308461811845,-8.603374768850205e-05,-8.718479952538397e-05,0.00019213455077570038,-9.286521384608399e-05
912,229,247.0,0.0001826262718731854,-8.363231900981259e-05,-7.580488161228801e-05,0.00018791664383416637,-8.892269097079356e-05
913,229,248.0,0.0001826262718731854,-8.079782652201318e-05,-6.59985437709747e-05,0.0001866971960146728,-8.486875066350059e-05
914,229,312.0,0.00019180685911839804,-8.106354907278494e-05,-6.426422831428726e-05,0.00019553954605642886,-8.479623601081576e-05
915,229,311.0,0.00019180685911839804,-8.392019251978833e-05,-7.414720061146764e-05,0.00019670468518034122,-8.88180185817315e-05
916,230,248.0,0.00018005318589342945,-8.083513181933764e-05,-6.536833872522636e-05,0.00018408554359913346,-8.486748952504165e-05
917,230,249.0,0.00018005318589342945,-7.781121653734188e-05,-5.70907896429761e-05,0.00018317533741114885,-8.093336805506127e-05
918,230,313.0,0.0001878024971303403,-7.807109574918845e-05,-5.497123105793235e-05,0.00019061418469195804,-8.08827833108062e-05
919,230,312.0,0.0001878024971303403,-8.111861053112791e-05,-6.331338050126478e-05,0.00019147878333184462,-8.479489673263223e-05
923,231,313.0,0.0001842045025353678,-7.816151227308152e-05,-5.3656002535538636e-05,0.00018691967690983755,-8.087668664755128e-05
922,231,314.0,0.0001842045025353678,-7.512623494340394e-05,-4.665558213859649e-05,0.00018628621606535796,-7.72079484733941e-05
920,231,249.0,0.00017770160358202003,-7.790267796298342e-05,-5.587859878811684e-05,0.00018071991853669113,-8.092099291765451e-05
921,231,250.0,0.00017770160358202003,-7.48909367537736e-05,-4.893246098874003e-05,0.00018004958821365175,-7.723892138540532e-05
924,232,250.0,0.00017561573825518925,-7.500906617425055e-05,-4.7342855675778193e-05,0.00017783190007499507,-7.722522799405638e-05
925,232,251.0,0.00017561573825518925,-7.213370985290979e-05,-4.155366795833854e-05,0.00017734604630441526,-7.386401790213581e-05
926,232,315.0,0.0001810355130762208,-7.233588240423137e-05,-3.9268840890656007e-05,0.00018254800751572804,-7.384837684373862e-05
927,232,314.0,0.0001810355130762208,-7.523370902699122e-05,-4.510326988550577e-05,0.0001830049172890852,-7.720311323985562e-05
928,233,251.0,0.00017380808338400729,-7.225934197100623e-05,-3.97451441165016e-05,0.00017540267236957247,-7.385393095657141e-05
929,233,252.0,0.00017380808338400729,-6.959690889306471e-05,-3.495979775088552e-05,0.0001750569777664657,-7.084580327552313e-05
930,233,316.0,0.00017828807280707414,-6.976331792373966e-05,-3.276635341151017e-05,0.00017936546129592205,-7.084070641258757e-05
931,233,315.0,0.00017828807280707414,-7.244654342638602e-05,-3.758907121560913e-05,0.0001796890435030982,-7.384751412241008e-05
935,234,316.0,0.00017593808505824392,-6.98676761542876e-05,-3.104634232956559e-05,0.00017691452841013172,-7.084411950617541e-05
934,234,317.0,0.00017593808505824392,-6.743970556543786e-05,-2.7096066404834647e-05,0.00017668993641951824,-6.819155692671218e-05
933,234,253.0,0.00017226855612715447,-6.730795473496905e-05,-2.913712372818681e-05,0.00017315121323927858,-6.819061184709317e-05
932,234,252.0,0.00017226855612715447,-6.971709837587804e-05,-3.305676845848527e-05,0.000173392278661262,-7.084082090998557e-05
936,235,253.0,0.00017097572833778794,-6.741481580025446e-05,-2.723227109741478e-05,0.00017175091942903283,-6.819000689149933e-05
937,235,254.0,0.00017097572833778794,-6.527455698729405e-05,-2.4053476767828784e-05,0.0001715863922594479,-6.588522090895402e-05
938,235,318.0,0.00017395168115010235,-6.537487742094134e-05,-2.219878940354662e-05,0.00017446534213229808,-6.588853840313706e-05
939,235,317.0,0.00017395168115010235,-6.753186190378989e-05,-2.540242533839894e-05,0.00017461788380415265,-6.819806455784018e-05
940,236,254.0,0.00016990309960894122,-6.536402422006681e-05,-2.2212854956561896e-05,0.00017042624558706495,-6.588717019819056e-05
941,236,255.0,0.00016990309960894122,-6.349153572747155e-05,-1.9662612402908917e-05,0.00017031649252085654,-6.390492863938687e-05
942,236,319.0,0.00017229060905835395,-6.356468164569714e-05,-1.8009230313631268e-05,0.00017263389264660293,-6.390796523394611e-05
943,236,318.0,0.00017229060905835395,-6.545179344518998e-05,-2.0579389133618294e-05,0.00017273512471478102,-6.589630910161706e-05
947,237,319.0,0.00017091569339085667,-6.362542140538583e-05,-1.649618108836865e-05,0.00017120539556241785,-6.391512357694703e-05
946,237,320.0,0.00017091569339085667,-6.199625096139959e-05,-1.4458620078697769e-05,0.00017113986682284885,-6.222042439339178e-05
945,237,256.0,0.00016902294229794194,-6.194573627705657e-05,-1.5908827615752213e-05,0.00016929656308100187,-6.22193570601165e-05
944,237,255.0,0.00016902294229794194,-6.356227382207919e-05,-1.7930588987970578e-05,0.00016936800908942657,-6.390734061356383e-05
948,238,256.0,0.00016830840440817257,-6.199821194049587e-05,-1.4312842823927235e-05,0.00016853056481758367,-6.222037234990695e-05
949,238,257.0,0.00016830840440817257,-6.061928547415287e-05,-1.273134899831569e-05,0.0001684852747933884,-6.0796155859368724e-05
950,238,321.0,0.00016978898179381306,-6.065159910436383e-05,-1.1477473554037318e-05,0.00016993180690150995,-6.0794424212060717e-05
951,238,320.0,0.00016978898179381306,-6.204130158935308e-05,-1.3071326419358473e-05,0.000169973086296898,-6.222540609243803e-05
952,239,257.0,0.00016773457386859382,-6.0655106516950867e-05,-1.1285927496434457e-05,0.00016787391302091717,-6.079444566927422e-05
953,239,258.0,0.00016773457386859382,-5.9491869152878904e-05,-1.0067761673838906e-05,0.00016784603770949056,-5.960333299377564e-05
954,239,322.0,0.00016887500751410454,-5.951004397611239e-05,-8.99778450058706e-06,0.00016896359555218868,-5.9598632014196506e-05
955,239,321.0,0.00016887500751410454,-6.068236570948049e-05,-1.022546365944373e-05,0.00016898882251617162,-6.079618071154758e-05
958,240,323.0,0.00016814142892116433,-5.854991060410744e-05,-6.954762489029369e-06,0.00016819475842333773,-5.8603240106280826e-05
959,240,322.0,0.00016814142892116433,-5.952844108037301e-05,-7.883212595206392e-06,0.00016820964877940092,-5.959666093860959e-05
956,240,258.0,0.00016727896397172653,-5.951327073453497e-05,-8.777804751382897e-06,0.00016736386659475016,-5.9598173357558595e-05
957,240,259.0,0.00016727896397172653,-5.8542327970583495e-05,-7.856554024758891e-06,0.0001673472776962135,-5.861064169507045e-05
960,241,259.0,0.0001669216724804164,-5.855178327328738e-05,-6.720096813872013e-06,0.00016697173344727755,-5.860184424014851e-05
961,241,260.0,0.0001669216724804164,-5.77496654951695e-05,-6.039024219961324e-06,0.00016696224644600444,-5.7790239460757525e-05
962,241,324.0,0.00016755928526409778,-5.77496654951695e-05,-5.288090246228453e-06,0.000167590309384948,-5.778068961601972e-05
963,241,323.0,0.00016755928526409778,-5.85580474583458e-05,-5.974481715849238e-06,0.00016759874288077987,-5.85975050750279e-05
964,242,260.0,0.00016664533352343542,-5.77496654951695e-05,-5.049354658482295e-06,0.0001666737351767287,-5.777806714846279e-05
965,242,261.0,0.00016664533352343542,-5.709376592993924e-05,-4.560452950706263e-06,0.00016666856993075528,-5.711700233725909e-05
966,242,325.0,0.00016710303561135635,-5.70886436712424e-05,-3.942592009557964e-06,0.0001671203676887554,-5.710597574864146e-05
967,242,324.0,0.00016710303561135635,-5.77496654951695e-05,-4.43531180345123e-06,0.00016712490557057474,-5.777153545438789e-05
971,243,325.0,0.00016675042261121752,-5.708249313222865e-05,-3.2082230715562224e-06,0.0001667619179789439,-5.709398849995502e-05
970,243,326.0,0.00016675042261121752,-5.654755191833341e-05,-2.8686488532975347e-06,0.00016675963542064562,-5.655676472776152e-05
969,243,262.0,0.00016643498200861334,-5.655584521467382e-05,-3.37083615975552e-06,0.0001664477200744837,-5.6568583280544176e-05
968,243,261.0,0.00016643498200861334,-5.7086638392167175e-05,-3.707777254630812e-06,0.0001664503571058532,-5.710201348940704e-05
972,244,262.0,0.00016627785435933745,-5.654366393098044e-05,-2.6435728753809035e-06,0.00016628569497511376,-5.6551504546756745e-05
973,244,263.0,0.00016627785435933745,-5.611866528157437e-05,-2.4252323963555415e-06,0.000166284465948104,-5.6125276870340926e-05
974,244,327.0,0.00016648226235030112,-5.6108705904093234e-05,-2.0222366954258074e-06,0.00016648685525551341,-5.6113298809305515e-05
975,244,326.0,0.00016648226235030112,-5.6537023604967865e-05,-2.242282317016942e-06,0.00016648789830114717,-5.65426595558139e-05
976,245,263.0,0.00016616316480515822,-5.610321690736647e-05,-1.8109375562332629e-06,0.0001661668534426201,-5.610690554482834e-05
977,245,264.0,0.00016616316480515822,-5.576668870182344e-05,-1.683806879997432e-06,0.00016616635856747078,-5.576988246413601e-05
978,245,328.0,0.00016628218316691677,-5.5756172635476674e-05,-1.3647801525287426e-06,0.00016628428033529284,-5.5758269803852766e-05
979,245,327.0,0.00016628218316691677,-5.609533073775921e-05,-1.4929043281072633e-06,0.00016628468874648508,-5.6097836317327526e-05
982,246,329.0,0.0001661363381597683,-5.547579950826757e-05,-8.628861072716709e-07,0.00016613717810655542,-5.5476639455054685e-05
983,246,328.0,0.0001661363381597683,-5.5741214261153735e-05,-9.215057275085634e-07,0.00016613729495906446,-5.57421710604499e-05
980,246,264.0,0.00016608188464905561,-5.574944381289373e-05,-1.1698749769876483e-06,0.0001660834270348352,-5.575098619867333e-05
981,246,265.0,0.00016608188464905561,-5.54860871367232e-05,-1.1117099044891804e-06,0.0001660832791321159,-5.548748161978346e-05
984,247,265.0,0.00016602651708401786,-5.54682219008475e-05,-6.858647735427572e-07,0.00016602704803270101,-5.546875284953066e-05
985,247,266.0,0.00016602651708401786,-5.526470100496788e-05,-6.78808472037197e-07,0.00016602703764224624,-5.5265221563196264e-05
986,247,330.0,0.00016603312311703968,-5.525516136218857e-05,-4.87943663967684e-07,0.00016603339209730943,-5.525543034245832e-05
987,247,329.0,0.00016603312311703968,-5.546027166624469e-05,-4.950550720667947e-07,0.00016603339973840183,-5.546054828760686e-05
988,248,266.0,0.00016599089143676856,-5.524711792237187e-05,-3.294075275747047e-07,0.00016599101405274604,-5.524724053834934e-05
989,248,267.0,0.00016599089143676856,-5.5091962556768454e-05,-3.5931321334123703e-07,0.0001659910374294334,-5.50921085494333e-05
990,248,331.0,0.00016596289405775228,-5.5083477446987966e-05,-2.1569391798299462e-07,0.00016596294667550716,-5.508353006474286e-05
991,248,330.0,0.00016596289405775228,-5.523984531895321e-05,-1.855545256083599e-07,0.0001659629329705569,-5.523988423175783e-05
994,249,332.0,0.00016591770420261377,-5.495149416351943e-05,-2.5771092264327208e-08,0.00016591770495435869,-5.495149491526435e-05
995,249,331.0,0.00016591770420261377,-5.506894195087396e-05,3.049633714394956e-08,0.00016591770525474362,-5.506894300300379e-05
992,249,267.0,0.00016596997269322693,-5.507531511024901e-05,-7.555112700795112e-08,0.00016596997914888661,-5.5075321565908704e-05
993,249,268.0,0.00016596997269322693,-5.495877803548231e-05,-1.3138224801536105e-07,0.00016596999222587435,-5.495879756812973e-05
996,250,268.0,0.00016595968672694075,-5.4943511015156574e-05,9.66065672191891e-08,0.00016595969728906533,-5.4943521577281154e-05
997,250,269.0,0.00016595968672694075,-5.485740488457265e-05,2.3306276369537346e-08,0.0001659596873419096,-5.485740549954149e-05
998,250,333.0,0.00016589106378878246,-5.485135057541605e-05,9.876400021186123e-08,0.00016589107483596532,-5.48513616225989e-05
999,250,332.0,0.00016589106378878246,-5.493812915679391e-05,1.7263673391136256e-07,0.00016589109752915545,-5.49381628971669e-05
1000,251,269.0,0.00016595676775790985,-5.484378529281179e-05,2.044285384813528e-07,0.00016595681507552049,-5.4843832610422424e-05
1001,251,270.0,0.00016595676775790985,-5.47813250949624e-05,1.1999208372184475e-07,0.00016595678406467742,-5.478134140172997e-05
1002,251,334.0,0.00016587771926374843,-5.477644526948711e-05,1.7186988060134342e-07,0.0001658777527315638,-5.4776478737302505e-05
1003,251,333.0,0.00016587771926374843,-5.48393935805702e-05,2.5696618839330873e-07,0.0001658777940558644,-5.483946837268617e-05
1007,252,334.0,0.00016587345915777493,-5.476600366444151e-05,2.966352885096224e-07,0.00016587355885940298,-5.4766103366069566e-05
1004,252,270.0,0.00016595862225855568,-5.476946865241015e-05,2.622216537643586e-07,0.00016595870013737387,-5.476954653122833e-05
1005,252,271.0,0.00016595862225855568,-5.4725117919958996e-05,1.7125381962025156e-07,0.0001659586554824197,-5.4725151143823045e-05
1006,252,335.0,0.00016587345915777493,-5.472130634039785e-05,2.0495655998439312e-07,0.00016587350676450566,-5.4721353947128585e-05
1011,253,335.0,0.00016587494212286387,-5.471238045845608e-05,3.023249949558448e-07,0.00016587504571036676,-5.471248404595897e-05
1010,253,336.0,0.00016587494212286387,-5.4681453352318794e-05,2.073013992281731e-07,0.00016587499083360352,-5.4681502063058446e-05
1009,253,272.0,0.00016596321269108738,-5.468433030437022e-05,1.8741162602126278e-07,0.00016596325248658064,-5.468437009986348e-05
1008,253,271.0,0.00016596321269108738,-5.471501778756791e-05,2.8169897978570606e-07,0.00016596330258926483,-5.471510768574535e-05
1012,254,272.0,0.00016596893668020948,-5.467585927606281e-05,2.725764312186754e-07,0.0001659690208628912,-5.4675943458744507e-05
1013,254,273.0,0.00016596893668020948,-5.465553411465932e-05,1.7715043961223295e-07,0.00016596897224094428,-5.4655569675394135e-05
1014,254,337.0,0.00016587959994744238,-5.465346983223133e-05,1.8648688468350487e-07,0.00016587963937163394,-5.465350925642287e-05
1015,254,336.0,0.00016587959994744238,-5.4673953787862095e-05,2.826584101776105e-07,0.00016587969051019084,-5.467404435061056e-05
1016,255,273.0,0.00016597440570327257,-5.4648507505861306e-05,2.42513771618472e-07,0.0001659744723474289,-5.464857415001763e-05
1017,255,274.0,0.00016597440570327257,-5.463607261206333e-05,1.4770863923337704e-07,0.00016597443042766442,-5.463609733645519e-05
1018,255,338.0,0.0001658856502118782,-5.463471254463947e-05,1.4898072766970135e-07,0.00016588567537424237,-5.463473770700362e-05
1019,255,337.0,0.0001658856502118782,-5.4647244581929126e-05,2.4452649377017764e-07,0.0001658857179944961,-5.4647312364547037e-05
1023,256,338.0,0.00016589187185530078,-5.462972595310855e-05,1.923900022199592e-07,0.00016589191381707037,-5.462976791487814e-05
1022,256,339.0,0.00016589187185530078,-5.462235568708449e-05,1.0384822922470185e-07,0.00016589188408178411,-5.462236791356782e-05
1021,256,275.0,0.0001659799228895099,-5.4622753254830926e-05,1.012949431766167e-07,0.0001659799345175023,-5.462276488282333e-05
1020,256,274.0,0.0001659799228895099,-5.463058225003482e-05,1.9534760204516395e-07,0.00016597996613391264,-5.4630625494437573e-05
1024,257,275.0,0.0001659997780369883,-5.462065854360806e-05,1.4098928733194014e-07,0.00016599980056207416,-5.462068106869393e-05
1025,257,276.0,0.00016598594235993401,-5.46167307726313e-05,4.496980379959173e-08,0.000165985944651705,-5.461673306440229e-05
1026,257,340.0,0.00016589622584214873,-5.461678405493855e-05,4.9928553909475227e-08,0.0001658962286683544,-5.461678688114421e-05
1027,257,339.0,0.00016589622584214873,-5.462043011508224e-05,1.3958355760980683e-07,0.00016589624793069292,-5.4620452203626435e-05
1028,258,276.0,0.00016599645912751011,-5.461716690178061e-05,7.46806207656118e-08,0.0001659964654476036,-5.4617173221874096e-05
1029,258,50.0,0.00016599645912751011,-5.461454863391589e-05,-1.736954692105547e-08,0.0001659964594694028,-5.461454897580857e-05
1030,258,51.0,0.00016589797200940574,-5.461454863391589e-05,-1.4568186935574401e-08,0.00016589797225001802,-5.461454887452816e-05
1031,258,340.0,0.00016589797200940574,-5.461720781185214e-05,7.892025183153318e-08,0.00016589797907060438,-5.461721487305077e-05
1035,259,4.0,0.00022928473890239734,-0.00010125296224305821,-0.0001152777826485098,0.00023904741338364347,-0.00011101563672430434
1034,259,341.0,0.00022928473890239734,-9.949994373597941e-05,-9.767491312491407e-05,0.0002363856599811656,-0.00010660086481474766
1033,259,308.0,0.00021045088576711508,-9.949994373597941e-05,-9.955052170461127e-05,0.0002182481830109424,-0.00010729724097980673
1032,259,5.0,0.00021045088576711508,-0.00010125296224305821,-0.000117153391228207,0.0002210953625794474,-0.00011189743905539053
1036,260,308.0,0.00020562787136837232,-9.949994373597941e-05,-0.00010160569907563533,0.00021386407391799645,-0.00010773614628560354
1037,260,309.0,0.00020562787136837232,-9.704784517872069e-05,-8.705036134705468e-05,0.0002117625145021739,-0.00010318248831252228
1038,260,342.0,0.00022120107622267647,-9.704784517872069e-05,-8.442678545570598e-05,0.00022670518084064948,-0.0001025519497966937
1039,260,341.0,0.00022120107622267647,-9.949994373597941e-05,-9.898212318428662e-05,0.00022866490182928072,-0.00010696376934258366
1040,261,309.0,0.00020065297698444295,-9.704784517872069e-05,-8.850172464050336e-05,0.00020709127668133907,-0.00010348614487561681
1041,261,310.0,0.00020065297698444295,-9.387891069397844e-05,-7.615513761417229e-05,0.00020549607121040422,-9.872200491993971e-05
1042,261,343.0,0.00021386297132452558,-9.387891069397844e-05,-7.276459685029435e-05,0.0002181057176600736,-9.812165702952647e-05
1043,261,342.0,0.00021386297132452558,-9.704784517872069e-05,-8.511118387662543e-05,0.00021958250641056584,-0.00010276738026476095
1047,262,343.0,0.00020712565238689522,-9.387891069397844e-05,-7.29492154328288e-05,0.0002114824479357373,-9.823570624282053e-05
1046,262,344.0,0.00020712565238689522,-9.043665944097464e-05,-6.2683025773504e-05,0.0002103909459057473,-9.370195295982673e-05
1045,262,311.0,0.00019614153936807835,-9.043665944097464e-05,-6.636599657931005e-05,0.00019993363313131047,-9.422875320420676e-05
1044,262,310.0,0.00019614153936807835,-9.387891069397844e-05,-7.663218623863485e-05,0.000201118274955224,-9.885564628112409e-05
1048,263,311.0,0.00019180685911839804,-9.043665944097464e-05,-6.639871540400823e-05,0.00019565940202368294,-9.428920234625954e-05
1049,263,312.0,0.00019180685911839804,-8.673756939672273e-05,-5.775399121685752e-05,0.00019476906593946764,-8.969977621779232e-05
1050,263,345.0,0.0002010561162078513,-8.673756939672273e-05,-5.379622066505833e-05,0.00020354851381594081,-8.922996700481224e-05
1051,263,344.0,0.0002010561162078513,-9.043665944097464e-05,-6.244094485220904e-05,0.00020436249575920144,-9.374303899232478e-05
1052,264,312.0,0.0001878024971303403,-8.673756939672273e-05,-5.7204123505456665e-05,0.0001907506508779021,-8.968572314428452e-05
1053,264,313.0,0.0001878024971303403,-8.30192345942849e-05,-4.9923259308392795e-05,0.00019008398962016892,-8.530072708411352e-05
1054,264,346.0,0.00019559247759490857,-8.30192345942849e-05,-4.594491900596076e-05,0.00019747392772103613,-8.490068472041245e-05
1055,264,345.0,0.00019559247759490857,-8.673756939672273e-05,-5.322578320302463e-05,0.00019807915042728818,-8.922424222910233e-05
1058,265,347.0,0.00019074190665320078,-7.942415172826583e-05,-3.898171667643304e-05,0.00019214081155670916,-8.082305663177422e-05
1059,265,346.0,0.00019074190665320078,-8.30192345942849e-05,-4.5091835029944204e-05,0.00019258627614792898,-8.48636040890131e-05
1056,265,313.0,0.0001842045025353678,-8.30192345942849e-05,-4.893832509322762e-05,0.00018642661844098625,-8.524135049990336e-05
1057,265,314.0,0.0001842045025353678,-7.942415172826583e-05,-4.2828206739716455e-05,0.00018593260559092098,-8.115225478381901e-05
1060,266,314.0,0.0001810355130762208,-7.942415172826583e-05,-4.15403533445104e-05,0.00018268141569188393,-8.107005434392897e-05
1061,266,315.0,0.0001810355130762208,-7.604701080230481e-05,-3.64419685619094e-05,0.00018232052077875647,-7.73320185048405e-05
1062,266,348.0,0.00018649043223550703,-7.604701080230481e-05,-3.282866130359819e-05,0.00018751270625278513,-7.706928481958292e-05
1063,266,347.0,0.00018649043223550703,-7.942415172826583e-05,-3.792704608620006e-05,0.00018783599464384861,-8.076971413660742e-05
1064,267,315.0,0.00017828807280707414,-7.604701080230481e-05,-3.496854446608574e-05,0.0001794844023376112,-7.724334033284187e-05
1065,267,316.0,0.00017828807280707414,-7.294378663129998e-05,-3.074433168382459e-05,0.0001792251568089637,-7.388087063318953e-05
1066,267,349.0,0.00018280768837581046,-7.294378663129998e-05,-2.7424096411717003e-05,0.00018354075503463732,-7.367685329012685e-05
1067,267,348.0,0.00018280768837581046,-7.604701080230481e-05,-3.1648309193977285e-05,0.0001837714530942758,-7.701077552077017e-05
1071,268,349.0,0.0001796521268189735,-7.294378663129998e-05,-2.6184255623910337e-05,0.0001803288828660619,-7.362054267838841e-05
1070,268,350.0,0.0001796521268189735,-7.014271144398218e-05,-2.27129642184974e-05,0.0001801673665047049,-7.065795112971362e-05
1069,268,317.0,0.00017593808505824392,-7.014271144398218e-05,-2.570992097194677e-05,0.00017660778991471237,-7.081241630045063e-05
1068,268,316.0,0.00017593808505824392,-7.294378663129998e-05,-2.918121237736014e-05,0.00017679053412614722,-7.379623569920329e-05
1072,269,317.0,0.00017395168115010235,-7.014271144398218e-05,-2.413231640441011e-05,0.00017454668924343054,-7.073771953731039e-05
1073,269,318.0,0.00017395168115010235,-6.765176816674433e-05,-2.1305753091627362e-05,0.00017442048242090005,-6.812056943754203e-05
1074,269,351.0,0.00017697590843527124,-6.765176816674433e-05,-1.8640616036051053e-05,0.00017733049794466603,-6.800635767613914e-05
1075,269,350.0,0.00017697590843527124,-7.014271144398218e-05,-2.1467179348833368e-05,0.00017744124532060218,-7.060804832931314e-05
1076,270,318.0,0.00017229060905835395,-6.765176816674433e-05,-1.976951923599122e-05,0.00017269713669683444,-6.80582958052248e-05
1077,270,319.0,0.00017229060905835395,-6.546495734574307e-05,-1.7491018258589206e-05,0.00017261186641017828,-6.578621469756739e-05
1078,270,352.0,0.00017472844754369164,-6.546495734574307e-05,-1.5151281900140524e-05,0.00017496714418793464,-6.570365398998607e-05
1079,270,351.0,0.00017472844754369164,-6.765176816674433e-05,-1.742978287754297e-05,0.00017504139139808687,-6.796471202113955e-05
1082,271,353.0,0.00017285913011887708,-6.356701099763005e-05,-1.218825409565966e-05,0.00017301610828615935,-6.372398916491232e-05
1083,271,352.0,0.00017285913011887708,-6.546495734574307e-05,-1.4004667492587865e-05,0.00017306469231194134,-6.567051953880735e-05
1080,271,319.0,0.00017091569339085667,-6.546495734574307e-05,-1.6035338840295413e-05,0.00017118732830346455,-6.573659225835093e-05
1081,271,320.0,0.00017091569339085667,-6.356701099763005e-05,-1.4218925443367642e-05,0.00017113105290150323,-6.378237050827661e-05
1084,272,320.0,0.00016978898179381306,-6.356701099763005e-05,-1.2869239850101574e-05,0.00016996627700484703,-6.374430620866403e-05
1085,272,321.0,0.00016978898179381306,-6.193693108831293e-05,-1.1439033245831242e-05,0.00016993006642746205,-6.207801572196194e-05
1086,272,354.0,0.00017131920396025197,-6.193693108831293e-05,-9.694960464418697e-06,0.0001714198998109417,-6.203762693900267e-05
1087,272,353.0,0.00017131920396025197,-6.356701099763005e-05,-1.1125167068689028e-05,0.00017145086345912236,-6.369867049650044e-05
1088,273,321.0,0.00016887500751410454,-6.193693108831293e-05,-1.0209901190630106e-05,0.00016898786036293395,-6.204978393714234e-05
1089,273,322.0,0.00016887500751410454,-6.055057676431771e-05,-9.099553743079861e-06,0.00016896519943870013,-6.064076868891329e-05
1090,273,355.0,0.00017006300250141425,-6.055057676431771e-05,-7.616250484108935e-06,0.00017012586898876552,-6.061344325166898e-05
1091,273,354.0,0.00017006300250141425,-6.193693108831293e-05,-8.72659793165918e-06,0.00017014503549236872,-6.201896407926742e-05
1094,274,356.0,0.00016904865950752735,-5.9382514751383115e-05,-5.899545320893224e-06,0.0001690867441005796,-5.942059934443534e-05
1095,274,355.0,0.00016904865950752735,-6.055057676431771e-05,-6.747479173029036e-06,0.00016909822266146534,-6.06001399182557e-05
1092,274,322.0,0.00016814142892116433,-6.055057676431771e-05,-7.997224754283366e-06,0.00016821132212025295,-6.0620469963406325e-05
1093,274,323.0,0.00016814142892116433,-5.9382514751383115e-05,-7.149290902147554e-06,0.00016819757658340464,-5.943866241362341e-05
1096,275,323.0,0.00016755928526409778,-5.9382514751383115e-05,-6.173866289063863e-06,0.00016760126692537956,-5.9424496412664886e-05
1097,275,324.0,0.00016755928526409778,-5.840733263893174e-05,-5.539090740005071e-06,0.00016759322492176628,-5.8441272296600244e-05
1098,275,357.0,0.0001682384512062653,-5.840733263893174e-05,-4.495713314441128e-06,0.00016826074309512105,-5.842962452778748e-05
1099,275,356.0,0.0001682384512062653,-5.9382514751383115e-05,-5.13048886349992e-06,0.0001682673573459174,-5.941142089103519e-05
1100,276,324.0,0.00016710303561135635,-5.840733263893174e-05,-4.686312297227848e-06,0.0001671273794504307,-5.8431676478006096e-05
1101,276,325.0,0.00016710303561135635,-5.7600529049628695e-05,-4.222882228701458e-06,0.00016712287414849102,-5.762036758676335e-05
1102,276,358.0,0.00016759887114444708,-5.7600529049628695e-05,-3.3596626946865403e-06,0.0001676114008241896,-5.7613058729371225e-05
1103,276,357.0,0.00016759887114444708,-5.840733263893174e-05,-3.8230927632129305e-06,0.00016761503772814892,-5.842349922263359e-05
1104,277,325.0,0.00016675042261121752,-5.7600529049628695e-05,-3.4855718428969396e-06,0.00016676395997081156,-5.761406640922272e-05
1105,277,326.0,0.00016675042261121752,-5.6939107989760436e-05,-3.158343705824719e-06,0.00016676157047075104,-5.6950255849293955e-05
1106,277,359.0,0.0001671005340897519,-5.6939107989760436e-05,-2.450668909653557e-06,0.0001671072355806232,-5.694580948063174e-05
1107,277,358.0,0.0001671005340897519,-5.7600529049628695e-05,-2.7778970467257774e-06,0.00016710911929298988,-5.760911425286666e-05
1111,278,359.0,0.00016671795113854058,-5.6939107989760436e-05,-1.9527342317729804e-06,0.00016672221335401556,-5.694337020523542e-05
1110,278,360.0,0.00016671795113854058,-5.640190735665374e-05,-1.7324500999095493e-06,0.00016672131405985556,-5.640527027796872e-05
1109,278,327.0,0.00016648226235030112,-5.640190735665374e-05,-2.3072176294053857e-06,0.0001664882330643706,-5.640787807072322e-05
1108,278,326.0,0.00016648226235030112,-5.6939107989760436e-05,-2.5275017612688168e-06,0.00016648941034689616,-5.694625598635548e-05
1112,279,327.0,0.00016628218316691677,-5.640190735665374e-05,-1.772877047386684e-06,0.00016628571175669385,-5.640543594643082e-05
1113,279,328.0,0.00016628218316691677,-5.5969791980450926e-05,-1.6354368294444095e-06,0.00016628519170870366,-5.5972800522237825e-05
1114,279,361.0,0.0001664292346959949,-5.5969791980450926e-05,-1.1731032580914597e-06,0.00016643078164710174,-5.597133893155777e-05
1115,279,360.0,0.0001664292346959949,-5.640190735665374e-05,-1.310543476033734e-06,0.00016643116161399062,-5.640383427464947e-05
1116,280,328.0,0.0001661363381597683,-5.5969791980450926e-05,-1.187294300927311e-06,0.00016613792485357741,-5.597137867426002e-05
1117,280,329.0,0.0001661363381597683,-5.56257023127022e-05,-1.1130524296409927e-06,0.00016613773478958173,-5.562709894251561e-05
1118,280,362.0,0.0001662157718281495,-5.56257023127022e-05,-7.449002792734444e-07,0.00016621639713374688,-5.562632761829957e-05
1119,280,361.0,0.0001662157718281495,-5.5969791980450926e-05,-8.191421505599795e-07,0.00016621652681822545,-5.5970546970526876e-05
1123,281,362.0,0.00016606187512164172,-5.56257023127022e-05,-4.5087764496748103e-07,0.00016606210437494816,-5.5625931566008656e-05
1122,281,363.0,0.00016606187512164172,-5.535462218340438e-05,-4.2400487592123524e-07,0.00016606207811009578,-5.5354825171858454e-05
1120,281,329.0,0.00016603312311703968,-5.56257023127022e-05,-7.409146378703751e-07,0.0001660337422588291,-5.562632145449162e-05
1121,281,330.0,0.00016603312311703968,-5.535462218340438e-05,-7.140418688243461e-07,0.00016603369886533122,-5.535519793169591e-05
1124,282,330.0,0.00016596289405775228,-5.535462218340438e-05,-4.081365079791014e-07,0.000165963082220974,-5.5354810346626104e-05
1125,282,331.0,0.00016596289405775228,-5.514348468544617e-05,-4.160386784313793e-07,0.00016596308976448597,-5.514368039217988e-05
1126,282,364.0,0.00016595443928181064,-5.514348468544617e-05,-1.901361559725201e-07,0.0001659544801593441,-5.514352556297961e-05
1127,282,363.0,0.00016595443928181064,-5.535462218340438e-05,-1.822339855202422e-07,0.00016595447679633853,-5.535465969793228e-05
1128,283,331.0,0.00016591770420261377,-5.514348468544617e-05,-1.6720864165964064e-07,0.00016591773582137732,-5.514351630420972e-05
1129,283,332.0,0.00016591770420261377,-5.498104357478333e-05,-2.0000811266256482e-07,0.00016591774947588643,-5.498108884805597e-05
1130,283,365.0,0.00016588261103675484,-5.498104357478333e-05,-2.6207357208853088e-08,0.00016588261181418648,-5.498104435221497e-05
1131,283,364.0,0.00016588261103675484,-5.514348468544617e-05,6.592113794287938e-09,0.00016588261108590736,-5.514348473459869e-05
1135,284,365.0,0.00016583748132932,-5.498104357478333e-05,1.3212148931938256e-07,0.00016583750109225244,-5.498106333771579e-05
1134,284,366.0,0.00016583748132932,-5.485772421526581e-05,8.204118785931983e-08,0.0001658374889538131,-5.48577318397589e-05
1133,284,333.0,0.00016589106378878246,-5.485772421526581e-05,-4.9901999175016795e-08,0.00016589106660896724,-5.485772703545058e-05
1132,284,332.0,0.00016589106378878246,-5.498104357478333e-05,1.7830228504593648e-10,0.00016589106378881845,-5.498104357481931e-05
1136,285,333.0,0.00016587771926374843,-5.485772421526581e-05,1.0930242507986056e-07,0.00016587773279467396,-5.485773774619135e-05
1137,285,334.0,0.00016587771926374843,-5.4765466984744895e-05,4.7696521425152905e-08,0.0001658777218413922,-5.4765469562388655e-05
1138,285,367.0,0.00016581180520694417,-5.4765466984744895e-05,1.4640537840827222e-07,0.00016581182950062168,-5.47654912784224e-05
1139,285,366.0,0.00016581180520694417,-5.485772421526581e-05,2.0801128206297988e-07,0.00016581185422672045,-5.485777323504208e-05
1140,286,334.0,0.00016587345915777493,-5.4765466984744895e-05,1.7281744416736654e-07,0.0001658734929979782,-5.4765500824948145e-05
1141,286,335.0,0.00016587345915777493,-5.46975736182092e-05,1.0392801501942633e-07,0.0001658734713998989,-5.469758586033317e-05
1142,286,368.0,0.0001657997522323555,-5.46975736182092e-05,1.7656922232265823e-07,0.00016579978758049992,-5.4697608966353616e-05
1143,286,367.0,0.0001657997522323555,-5.4765466984744895e-05,2.454586514703816e-07,0.00016579982052273594,-5.4765535275125326e-05
1147,287,368.0,0.0001657966989458534,-5.46975736182092e-05,2.535732233307532e-07,0.0001657967718495139,-5.469764652186967e-05
1146,287,369.0,0.0001657966989458534,-5.464858629720338e-05,1.804438414499364e-07,0.00016579673587108684,-5.4648623222436815e-05
1145,287,336.0,0.00016587494212286387,-5.464858629720338e-05,1.2803093257319e-07,0.0001658749607058224,-5.464860488016189e-05
1144,287,335.0,0.00016587494212286387,-5.46975736182092e-05,2.011603144540068e-07,0.0001658749879869911,-5.4697619482336435e-05
1148,288,336.0,0.00016587959994744238,-5.464858629720338e-05,2.029215075840347e-07,0.0001658796466275632,-5.464863297732421e-05
1149,288,337.0,0.00016587959994744238,-5.461420334532653e-05,1.2764973845633652e-07,0.00016587961842239962,-5.461422182028378e-05
1150,288,370.0,0.0001657990644017154,-5.461420334532653e-05,1.6443710010847525e-07,0.00016579909507087202,-5.4614234014483155e-05
1151,288,369.0,0.0001657990644017154,-5.464858629720338e-05,2.3970886923628185e-07,0.00016579912956494672,-5.464865146043468e-05
1152,289,337.0,0.0001658856502118782,-5.461420334532653e-05,1.8503298152938545e-07,0.00016588568902958906,-5.4614242163037374e-05
1153,289,338.0,0.0001658856502118782,-5.4591252468513184e-05,1.0884723674437716e-07,0.0001658856636460748,-5.459126590270978e-05
1154,289,371.0,0.00016580413677591197,-5.4591252468513184e-05,1.3340307501534792e-07,0.00016580415696278936,-5.459127265539057e-05
1155,289,370.0,0.00016580413677591197,-5.461420334532653e-05,2.095888198003562e-07,0.00016580418659874367,-5.4614253168158234e-05
1158,290,372.0,0.00016580947332172377,-5.457583459008596e-05,9.101269811181826e-08,0.0001658094827181202,-5.457584398648237e-05
1159,290,371.0,0.00016580947332172377,-5.4591252468513184e-05,1.6802569082082462e-07,0.00016580950534592488,-5.459128449271429e-05
1156,290,338.0,0.00016589187185530078,-5.4591252468513184e-05,1.5152963569315097e-07,0.00016589189789043143,-5.459127850364382e-05
1157,290,339.0,0.00016589187185530078,-5.457583459008596e-05,7.45166429841175e-08,0.0001658918781518351,-5.457584088662029e-05
1160,291,339.0,0.00016589622584214873,-5.457583459008596e-05,1.100157991307726e-07,0.00016589623956664887,-5.457584831458611e-05
1161,291,340.0,0.00016589622584214873,-5.456761421422708e-05,3.292521038130618e-08,0.00016589622707145405,-5.4567615443532394e-05
1162,291,373.0,0.0001658137442862178,-5.456761421422708e-05,4.172043950302585e-08,0.000165813746260744,-5.456761618875328e-05
1163,291,372.0,0.0001658137442862178,-5.457583459008596e-05,1.1881102825249228e-07,0.00016581376029883903,-5.4575850602707205e-05
1164,292,340.0,0.00016589797200940574,-5.456761421422708e-05,6.194240871311776e-08,0.00016589797636026838,-5.4567618565089715e-05
1165,292,51.0,0.00016589797200940574,-5.456442593137524e-05,-1.4568186935574401e-08,0.00016589797225007271,-5.456442617204221e-05
1166,292,52.0,0.00016581611100566088,-5.456442593137524e-05,-1.1156946541195914e-08,0.0001658161111468683,-5.456442607258265e-05
1167,292,373.0,0.00016581611100566088,-5.456761421422708e-05,6.535364910749625e-08,0.00016581611585073208,-5.4567619059298284e-05
1171,293,3.0,0.000243776537000911,-0.00011254039396280645,-8.850674615776353e-05,0.0002491904001846476,-0.00011795425714654305
1170,293,374.0,0.000243776537000911,-0.00010913957599594578,-7.496212764701322e-05,0.00024771325827762866,-0.00011307629727266342
1169,293,341.0,0.00022928473890239734,-0.00010913957599594578,-7.860076592290308e-05,0.00023378865534830315,-0.00011364349244185159
1168,293,4.0,0.00022928473890239734,-0.00011254039396280645,-9.214538443365339e-05,0.00023538572656293545,-0.00011864138162334456
1172,294,341.0,0.00022120107622267647,-0.00010913957599594578,-7.990797598227562e-05,0.00022596473077483333,-0.00011390323054810263
1173,294,342.0,0.00022120107622267647,-0.00010519661085065744,-6.858029065438895e-05,0.00022476456835646486,-0.00010876010298444582
1174,294,375.0,0.00023332091027816748,-0.00010519661085065744,-6.43615926711541e-05,0.0002363529842946839,-0.00010822868486717386
1175,294,374.0,0.00023332091027816748,-0.00010913957599594578,-7.568927799904077e-05,0.00023745318555875775,-0.00011327185127653605
1176,295,342.0,0.00021386297132452558,-0.00010519661085065744,-6.92646890753084e-05,0.0002175788648127457,-0.00010891250433887756
1177,295,343.0,0.00021386297132452558,-0.00010090042133985351,-5.983235318795556e-05,0.00021668107512454464,-0.00010371852513987258
1178,295,376.0,0.0002239549135352563,-0.00010090042133985351,-5.523572974417985e-05,0.00022628614148516735,-0.00010323164928976459
1179,295,375.0,0.0002239549135352563,-0.00010519661085065744,-6.466806563153269e-05,0.00022710115699308976,-0.00010834285430849091
1182,296,377.0,0.00021559376922105928,-9.64185076320658e-05,-4.730699312454397e-05,0.00021737674045162487,-9.82014788626314e-05
1183,296,376.0,0.00021559376922105928,-0.00010090042133985351,-5.522163637609271e-05,0.00021798446664741023,-0.00010329111876620444
1180,296,343.0,0.00020712565238689522,-0.00010090042133985351,-6.001697177049001e-05,0.0002100219038050119,-0.00010379667275797019
1181,296,344.0,0.00020712565238689522,-9.64185076320658e-05,-5.210232851894127e-05,0.00020934521964984982,-9.86380748950204e-05
1184,297,344.0,0.0002010561162078513,-9.64185076320658e-05,-5.1860247597646306e-05,0.00020329946290811914,-9.866185433233363e-05
1185,297,345.0,0.0002010561162078513,-9.191540550313655e-05,-4.523880910378003e-05,0.00020279220123107735,-9.365149052636259e-05
1186,297,378.0,0.0002081405940540645,-9.191540550313655e-05,-4.0420803575043525e-05,0.00020949575403235644,-9.327056548142847e-05
1187,297,377.0,0.0002081405940540645,-9.64185076320658e-05,-4.70422420689098e-05,0.00020994642454123179,-9.822433811923308e-05
1188,298,345.0,0.00019559247759490857,-9.191540550313655e-05,-4.4668371641746335e-05,0.00019731709655279052,-9.364002446101852e-05
1189,298,346.0,0.00019559247759490857,-8.750508088265925e-05,-3.9110311266393055e-05,0.0001969368787946205,-8.884948208237116e-05
1190,298,379.0,0.00020153918383821606,-8.750508088265925e-05,-3.439159589008981e-05,0.00020255859952841127,-8.852449657285447e-05
1191,298,378.0,0.00020153918383821606,-9.191540550313655e-05,-3.994965626544309e-05,0.00020289258595245911,-9.326880761737962e-05
1194,299,380.0,0.00019572723617955392,-8.330171080715861e-05,-2.9100424295146546e-05,0.0001964839179094573,-8.405839253706199e-05
1195,299,379.0,0.00019572723617955392,-8.750508088265925e-05,-3.3759914175271466e-05,0.0001967296925217798,-8.850753722488515e-05
1192,299,346.0,0.00019074190665320078,-8.750508088265925e-05,-3.82572272903765e-05,0.00019205078229553936,-8.881395652499784e-05
1193,299,347.0,0.00019074190665320078,-8.330171080715861e-05,-3.359773741025158e-05,0.00019176783625097054,-8.432764040492837e-05
1196,300,347.0,0.00018649043223550703,-8.330171080715861e-05,-3.25430668200186e-05,0.00018746824676812347,-8.427952533977506e-05
1197,300,348.0,0.00018649043223550703,-7.938208321456268e-05,-2.865173309257816e-05,0.00018726011704945945,-8.01517680285151e-05
1198,300,381.0,0.0001906538881990133,-7.938208321456268e-05,-2.4458004664702424e-05,0.00019120656658428857,-7.993476159983796e-05
1199,300,380.0,0.0001906538881990133,-8.330171080715861e-05,-2.834933839214286e-05,0.00019138534329969634,-8.403316590784165e-05
1200,301,348.0,0.00018280768837581046,-7.938208321456268e-05,-2.7471380982956387e-05,0.00018352531441061172,-8.009970924936396e-05
1201,301,349.0,0.00018280768837581046,-7.579361377872202e-05,-2.4240136870552244e-05,0.00018337448675328913,-7.63604121562007e-05
1202,301,382.0,0.00018626489444232425,-7.579361377872202e-05,-2.040072459728523e-05,0.00018666133349635555,-7.619005283275332e-05
1203,301,381.0,0.00018626489444232425,-7.938208321456268e-05,-2.3631968709689373e-05,0.00018678943398638272,-7.990662275862114e-05
1207,302,382.0,0.00018250244007325233,-7.579361377872202e-05,-1.954000888229352e-05,0.00018287146162218807,-7.616263532765776e-05
1204,302,349.0,0.0001796521268189735,-7.579361377872202e-05,-2.300029608274601e-05,0.00018016881750794955,-7.631030446769808e-05
1205,302,350.0,0.0001796521268189735,-7.255948991437083e-05,-2.0336278449951603e-05,0.00018006140039556346,-7.29687634909608e-05
1206,302,383.0,0.00018250244007325233,-7.255948991437083e-05,-1.6875991249498245e-05,0.000182781282224339,-7.28383320654575e-05
1209,303,351.0,0.00017697590843527124,-6.968445991838124e-05,-1.6912324802060685e-05,0.0001772654678742707,-6.99740193573807e-05
1210,303,384.0,0.00017930639726620404,-6.968445991838124e-05,-1.3836243021242162e-05,0.00017949846662624965,-6.987652927842685e-05
1208,303,350.0,0.00017697590843527124,-7.255948991437083e-05,-1.909049358028757e-05,0.00017734050123044247,-7.292408270954205e-05
1211,303,383.0,0.00017930639726620404,-7.255948991437083e-05,-1.6014411799468616e-05,0.00017956070195257592,-7.28137946007427e-05
1215,304,384.0,0.00017661616323336096,-6.968445991838124e-05,-1.3000219411546214e-05,0.00017678758805226015,-6.985588473728044e-05
1214,304,385.0,0.00017661616323336096,-6.715974203123627e-05,-1.1235884254547687e-05,0.00017674556293522368,-6.728914173309901e-05
1213,304,352.0,0.00017472844754369164,-6.715974203123627e-05,-1.3937156486554074e-05,0.00017492903958438264,-6.736033407192727e-05
1212,304,351.0,0.00017472844754369164,-6.968445991838124e-05,-1.57014916435526e-05,0.00017498036038462157,-6.993637275931117e-05
1216,305,352.0,0.00017285913011887708,-6.715974203123627e-05,-1.2790542079001415e-05,0.0001730294104635299,-6.733002237588909e-05
1217,305,353.0,0.00017285913011887708,-6.496719502195632e-05,-1.1376222834595402e-05,0.00017299509540748314,-6.510316031056237e-05
1218,305,386.0,0.00017437235316908805,-6.496719502195632e-05,-9.030350298224604e-06,0.00017445750230722868,-6.505234416009696e-05
1219,305,385.0,0.00017437235316908805,-6.715974203123627e-05,-1.0444669542630618e-05,0.0001744852161920297,-6.727260505417793e-05
1220,306,353.0,0.00017131920396025197,-6.496719502195632e-05,-1.031313580762477e-05,0.00017143168415744635,-6.50796752191507e-05
1221,306,354.0,0.00017131920396025197,-6.308266529192141e-05,-9.192500021610369e-06,0.0001714092945295743,-6.317275586124374e-05
1222,306,387.0,0.00017251820617208936,-6.308266529192141e-05,-7.17618451323088e-06,0.00017257283848848108,-6.313729760831313e-05
1223,306,386.0,0.00017251820617208936,-6.496719502195632e-05,-8.296820299245281e-06,0.000172590648767522,-6.503963761738897e-05
1224,307,354.0,0.00017006300250141425,-6.308266529192141e-05,-8.224137488850852e-06,0.00017013550589715167,-6.315516868765884e-05
1225,307,355.0,0.00017006300250141425,-6.147858997798602e-05,-7.3478050212341314e-06,0.0001701212821521471,-6.153686962871886e-05
1226,307,388.0,0.0001710006171841607,-6.147858997798602e-05,-5.631556197694971e-06,0.00017103471676501055,-6.151268955883587e-05
1227,307,387.0,0.0001710006171841607,-6.308266529192141e-05,-6.507888665311691e-06,0.0001710458408687673,-6.3127888976528e-05
1231,308,388.0,0.0001697708055397396,-6.147858997798602e-05,-5.031812284883412e-06,0.00016979817440982185,-6.150595884806827e-05
1230,308,389.0,0.0001697708055397396,-6.012595851206144e-05,-4.35686550127011e-06,0.00016979144586169332,-6.014659883401517e-05
1228,308,355.0,0.00016904865950752735,-6.147858997798602e-05,-6.479033710154233e-06,0.00016909417429106043,-6.15241047615191e-05
1229,308,356.0,0.00016904865950752735,-6.012595851206144e-05,-5.804086926540931e-06,0.0001690854022598689,-6.0162701264402997e-05
1232,309,356.0,0.0001682384512062653,-6.012595851206144e-05,-5.035030469147626e-06,0.00016826620120855988,-6.015370851435603e-05
1233,309,357.0,0.0001682384512062653,-5.8995743411658594e-05,-4.524513247808944e-06,0.00016826097113507185,-5.901826334046514e-05
1234,309,390.0,0.0001687846690633112,-5.8995743411658594e-05,-3.315261837005031e-06,0.00016879673153492105,-5.9007805883268415e-05
1235,309,389.0,0.0001687846690633112,-6.012595851206144e-05,-3.825779058343713e-06,0.00016880065299076637,-6.01419424395166e-05
1236,310,357.0,0.00016759887114444708,-5.8995743411658594e-05,-3.851892696580747e-06,0.00016761523958911545,-5.901211185632697e-05
1237,310,358.0,0.00016759887114444708,-5.805990128103019e-05,-3.4742826110199278e-06,0.00016761224302038084,-5.807327315696396e-05
1238,310,391.0,0.00016800288551307432,-5.805990128103019e-05,-2.473001972609374e-06,0.00016800964862951232,-5.8066664397468183e-05
1239,310,390.0,0.00016800288551307432,-5.8995743411658594e-05,-2.8506120581701933e-06,0.0001680118345415379,-5.900469244012216e-05
1243,311,391.0,0.0001673908315394622,-5.805990128103019e-05,-2.0709817418924914e-06,0.0001673955874287508,-5.80646571703188e-05
1242,311,392.0,0.0001673908315394622,-5.729206135611487e-05,-1.7996580466378247e-06,0.0001673944351929244,-5.729566500957711e-05
1240,311,358.0,0.0001671005340897519,-5.805990128103019e-05,-2.892516963059165e-06,0.0001671098233652026,-5.806919055648087e-05
1241,311,359.0,0.0001671005340897519,-5.729206135611487e-05,-2.621193267804498e-06,0.00016710818855331642,-5.7299715819679364e-05
1244,312,359.0,0.00016671795113854058,-5.729206135611487e-05,-2.1232585899239216e-06,0.00016672298230404405,-5.729709252161834e-05
1245,312,360.0,0.00016671795113854058,-5.6667908529914934e-05,-1.9359501008181165e-06,0.00016672214548686255,-5.667210287823692e-05
1246,312,393.0,0.00016691835817134876,-5.6667908529914934e-05,-1.2681500640193862e-06,0.00016692015634937955,-5.666970670794573e-05
1247,312,392.0,0.00016691835817134876,-5.729206135611487e-05,-1.4554585531247576e-06,0.00016692072016827135,-5.7294423353037465e-05
1248,313,360.0,0.0001664292346959949,-5.6667908529914934e-05,-1.5140434769423013e-06,0.00016643180342146524,-5.667047725538528e-05
1249,313,361.0,0.0001664292346959949,-5.61654208616315e-05,-1.3923107152575762e-06,0.00016643141187109667,-5.6167598036733266e-05
1250,313,394.0,0.0001665594802693869,-5.61654208616315e-05,-8.546839205291531e-07,0.0001665603002067975,-5.616624079904208e-05
1251,313,393.0,0.0001665594802693869,-5.6667908529914934e-05,-9.76416682214095e-07,0.00016656054799788367,-5.6668976258411704e-05
1254,314,395.0,0.00016629202134520616,-5.5764937557992305e-05,-5.385945046768384e-07,0.00016629234793214952,-5.576526414493566e-05
1255,314,394.0,0.00016629202134520616,-5.61654208616315e-05,-6.098603761127419e-07,0.00016629243932288296,-5.616583883930831e-05
1253,314,362.0,0.0001662157718281495,-5.5764937557992305e-05,-9.670837362901925e-07,0.0001662168251252106,-5.57659908550534e-05
1252,314,361.0,0.0001662157718281495,-5.61654208616315e-05,-1.038349607726096e-06,0.0001662169838956117,-5.616663292909368e-05
1256,315,362.0,0.00016606187512164172,-5.5764937557992305e-05,-6.730611019837955e-07,0.00016606238566655614,-5.576544810290672e-05
1257,315,363.0,0.00016606187512164172,-5.5449130164007005e-05,-6.400191448674344e-07,0.000166062337427849,-5.5449592470214284e-05
1258,315,396.0,0.00016609722771359064,-5.5449130164007005e-05,-3.021272368731488e-07,0.0001660973307177945,-5.544923316821085e-05
1259,315,395.0,0.00016609722771359064,-5.5764937557992305e-05,-3.351691939892931e-07,0.00016609735429930702,-5.576506414370868e-05
1260,316,363.0,0.00016595443928181064,-5.5449130164007005e-05,-3.982482544664413e-07,0.00016595461836829093,-5.544930925048729e-05
1261,316,364.0,0.00016595443928181064,-5.520290428791586e-05,-3.9362934093679393e-07,0.00016595461443305457,-5.5203079439159806e-05
1262,316,397.0,0.00016595938119746902,-5.520290428791586e-05,-1.3018480906528199e-07,0.0001659594003554405,-5.520292344588735e-05
1263,316,396.0,0.00016595938119746902,-5.5449130164007005e-05,-1.3480372259492938e-07,0.00016595940171614944,-5.5449150682687435e-05
1267,317,397.0,0.00016586542380200658,-5.520290428791586e-05,6.008537828958507e-09,0.00016586542384283392,-5.52029043287432e-05
1266,317,398.0,0.00016586542380200658,-5.5013256790250125e-05,-1.0055344398275656e-08,0.00016586542391644718,-5.501325690469072e-05
1264,317,364.0,0.00016588261103675484,-5.520290428791586e-05,-1.969010711699859e-07,0.00016588265487728425,-5.5202948128445266e-05
1265,317,365.0,0.00016588261103675484,-5.5013256790250125e-05,-2.129649533974369e-07,0.00016588266236643935,-5.501330811993464e-05
1268,318,365.0,0.00016583748132932,-5.5013256790250125e-05,-5.4636106869201256e-08,0.00016583748470841683,-5.5013260169346966e-05
1269,318,366.0,0.00016583748132932,-5.48691088596419e-05,-8.53641048429929e-08,0.00016583748958352542,-5.486911711384731e-05
1270,318,399.0,0.0001658046045124313,-5.48691088596419e-05,6.886413754254167e-08,0.00016580460988492135,-5.486911423213195e-05
1271,318,398.0,0.0001658046045124313,-5.5013256790250125e-05,9.959213551633331e-08,0.00016580461574181385,-5.501326801963267e-05
1272,319,366.0,0.00016581180520694417,-5.48691088596419e-05,4.060598936066716e-08,0.0001658118070748519,-5.486911072754965e-05
1273,319,367.0,0.00016581180520694417,-5.476112983858193e-05,-1.9104956787592553e-10,0.00016581180520698554,-5.4761129838623305e-05
1274,319,400.0,0.0001657681552177841,-5.476112983858193e-05,1.1533897963404358e-07,0.00016576817029863755,-5.4761144919435366e-05
1275,319,399.0,0.0001657681552177841,-5.48691088596419e-05,1.5613601856258666e-07,0.00016576818284055823,-5.486913648241603e-05
1279,320,400.0,0.00016574900124965682,-5.476112983858193e-05,1.839891546821619e-07,0.00016574903962884938,-5.476116821777451e-05
1278,320,401.0,0.00016574900124965682,-5.468156677814627e-05,1.3655524102793287e-07,0.00016574902239841608,-5.468158792690553e-05
1276,320,367.0,0.0001657997522323555,-5.476112983858193e-05,9.886222349423344e-08,0.00016579976331063313,-5.476114091685956e-05
1277,320,368.0,0.0001657997522323555,-5.468156677814627e-05,5.142830983989599e-08,0.00016579975523132957,-5.468156977712032e-05
1280,321,368.0,0.0001657966989458534,-5.468156677814627e-05,1.284323108477741e-07,0.000165796717649349,-5.4681585481641854e-05
1281,321,369.0,0.0001657966989458534,-5.462408619136203e-05,7.684780257142306e-08,0.0001657967056439338,-5.462409288944244e-05
1282,321,402.0,0.00016574150726044552,-5.462408619136203e-05,1.3834786468042495e-07,0.00016574152897450882,-5.462410790542532e-05
1283,321,401.0,0.00016574150726044552,-5.468156677814627e-05,1.8993237295666758e-07,0.00016574154817528594,-5.468160769298669e-05
1284,322,369.0,0.0001657990644017154,-5.462408619136203e-05,1.3611283035776852e-07,0.00016579908541436853,-5.462410720401516e-05
1285,322,370.0,0.0001657990644017154,-5.458362892900237e-05,8.207571399561006e-08,0.00016579907204344817,-5.458363657073514e-05
1286,322,403.0,0.00016574124848243305,-5.458362892900237e-05,1.253621432582147e-07,0.0001657412663148107,-5.458364676138004e-05
1287,322,402.0,0.00016574124848243305,-5.462408619136203e-05,1.7939925962037317e-07,0.00016574128499462887,-5.462412270355785e-05
1291,323,403.0,0.00016574474537989616,-5.458362892900237e-05,1.5674352443143923e-07,0.00016574477325706973,-5.458365680617596e-05
1290,323,404.0,0.00016574474537989616,-5.455604198668806e-05,1.0123390325328385e-07,0.00016574475700979402,-5.455605361658593e-05
1289,323,371.0,0.00016580413677591197,-5.455604198668806e-05,7.171781250933564e-08,0.0001658041426111819,-5.455604782195799e-05
1288,323,370.0,0.00016580413677591197,-5.458362892900237e-05,1.2722743368749102e-07,0.00016580415513766004,-5.4583647290750455e-05
1292,324,371.0,0.00016580947332172377,-5.455604198668806e-05,1.0634042831475813e-07,0.00016580948615073425,-5.4556054815698554e-05
1293,324,372.0,0.00016580947332172377,-5.453820466659255e-05,5.020660764226432e-08,0.0001658094761816398,-5.4538207526508583e-05
1294,324,405.0,0.0001657494140760887,-5.453820466659255e-05,6.929128736386054e-08,0.0001657494195249678,-5.453821011547163e-05
1295,324,404.0,0.0001657494140760887,-5.455604198668806e-05,1.2542510803646278e-07,0.00016574943192795757,-5.455605983855693e-05
1296,325,372.0,0.0001658137442862178,-5.453820466659255e-05,7.800493778288412e-08,0.00016581375118968536,-5.4538211570060115e-05
1297,325,373.0,0.0001658137442862178,-5.452831173393214e-05,2.16442643836013e-08,0.0001658137448177484,-5.452831226546275e-05
1298,325,406.0,0.00016575344232409763,-5.452831173393214e-05,3.222900751319118e-08,0.00016575344350293895,-5.452831291277345e-05
1299,325,405.0,0.00016575344232409763,-5.453820466659255e-05,8.858968091258242e-08,0.0001657534512306215,-5.453821357311642e-05
1303,326,406.0,0.00016575573013929138,-5.452831173393214e-05,4.867888224853673e-08,0.00016575573282858464,-5.4528314423225395e-05
1302,326,53.0,0.00016575573013929138,-5.4525132639034884e-05,-7.755538280663121e-09,0.00016575573020755465,-5.4525132707298164e-05
1301,326,52.0,0.00016581611100566088,-5.4525132639034884e-05,-1.1156946541195914e-08,0.00016581611114689345,-5.4525132780267464e-05
1300,326,373.0,0.00016581611100566088,-5.452831173393214e-05,4.527747398801749e-08,0.00016581611333162132,-5.452831405989258e-05
1304,327,3.0,0.000243776537000911,-0.00012067253177768016,-5.970991348187328e-05,0.00024620600168934664,-0.0001231019964661158
1305,327,374.0,0.000243776537000911,-0.00011605410646162909,-5.11512363974443e-05,0.0002455852787282628,-0.0001178628481889809
1306,327,407.0,0.00025293372964068934,-0.00011605410646162909,-4.620984067771946e-05,0.0002543748624587326,-0.00011749523927967234
1307,327,2.0,0.00025293372964068934,-0.00012067253177768016,-5.476851776214757e-05,0.00025493024744076016,-0.00012266904957775095
1308,328,374.0,0.00023332091027816748,-0.00011605410646162909,-5.187838674947185e-05,0.000235236253905102,-0.00011796945008856361
1309,328,375.0,0.00023332091027816748,-0.00011106983149102355,-4.474282910040591e-05,0.00023476806282334836,-0.00011251698403620441
1310,328,408.0,0.00024095546353215206,-0.00011106983149102355,-3.940999954915505e-05,0.00024205503779013766,-0.00011216940574900914
1311,328,407.0,0.00024095546353215206,-0.00011605410646162909,-4.654555719822099e-05,0.0002424661792303665,-0.00011756482215984353
1315,329,408.0,0.00023032899543675225,-0.00011106983149102355,-3.951753844332311e-05,0.00023146874723524054,-0.00011220958328951182
1314,329,409.0,0.00023032899543675225,-0.00010589962481615449,-3.356006754032682e-05,0.00023116435474655782,-0.00010673498412596007
1313,329,376.0,0.0002239549135352563,-0.00010589962481615449,-3.9091831157788207e-05,0.00022510909104632817,-0.00010705380232722638
1312,329,375.0,0.0002239549135352563,-0.00011106983149102355,-4.50493020607845e-05,0.00022546252460104677,-0.00011257744255681402
1316,330,376.0,0.00021559376922105928,-0.00010589962481615449,-3.907773778970107e-05,0.0002167768965094094,-0.00010708275210450461
1317,330,377.0,0.00021559376922105928,-0.00010069815341505916,-3.410536014507564e-05,0.00021651049673626922,-0.00010161488093026911
1318,330,410.0,0.00022091386945622283,-0.00010069815341505916,-2.8540145432537183e-05,0.00022154579745604135,-0.0001013300814148777
1319,330,409.0,0.00022091386945622283,-0.00010589962481615449,-3.351252307716261e-05,0.0002217707437046233,-0.00010675649906455496
1320,331,377.0,0.0002081405940540645,-0.00010069815341505916,-3.384060908944147e-05,0.0002090648384390134,-0.00010162239780000807
1321,331,378.0,0.0002081405940540645,-9.558762945920074e-05,-2.9677467979164623e-05,0.00020886382274887494,-9.631085815401118e-05
1322,331,411.0,0.00021259486715694172,-9.558762945920074e-05,-2.4209560743928583e-05,0.00021306958700807803,-9.606234931033706e-05
1323,331,410.0,0.00021259486715694172,-0.00010069815341505916,-2.837270185420543e-05,0.00021323593342232995,-0.0001013392196804474
1327,332,411.0,0.0002052686623142206,-9.558762945920074e-05,-2.3947352649898723e-05,0.00020574444612998043,-9.606341327496058e-05
1326,332,412.0,0.0002052686623142206,-9.067236270827176e-05,-2.0461615242318293e-05,0.00020562192401810835,-9.102562441215951e-05
1324,332,378.0,0.00020153918383821606,-9.558762945920074e-05,-2.920632066956419e-05,0.00020225517324546995,-9.630361886645464e-05
1325,332,379.0,0.00020153918383821606,-9.067236270827176e-05,-2.572058326198376e-05,0.00020210407595040876,-9.123725482046446e-05
1328,333,379.0,0.00019572723617955392,-9.067236270827176e-05,-2.5088901547165414e-05,0.00019627563952784194,-9.122076605655978e-05
1329,333,380.0,0.00019572723617955392,-8.603256889072024e-05,-2.2170055220735278e-05,0.0001961626717200565,-8.64680044312228e-05
1330,333,413.0,0.00019885019990786845,-8.603256889072024e-05,-1.7205796682056435e-05,0.00019910975401093154,-8.629212299378331e-05
1331,333,412.0,0.00019885019990786845,-9.067236270827176e-05,-2.012464300848657e-05,0.00019919949326618495,-9.102165606658826e-05
1332,334,380.0,0.0001906538881990133,-8.603256889072024e-05,-2.1418969317731594e-05,0.0001910677926090895,-8.644647330079643e-05
1333,334,381.0,0.0001906538881990133,-8.172919646969083e-05,-1.8981218768555734e-05,0.0001909841678195947,-8.205947609027224e-05
1334,334,414.0,0.0001932621127138925,-8.172919646969083e-05,-1.4376907860299062e-05,0.00019344989540317383,-8.191697915897216e-05
1335,334,413.0,0.0001932621127138925,-8.603256889072024e-05,-1.6814658409474922e-05,0.0001935149612521025,-8.628541742893023e-05
1339,335,414.0,0.00018843296244395492,-8.172919646969083e-05,-1.3951375167606944e-05,0.00018861295737473006,-8.190919140046597e-05
1338,335,415.0,0.00018843296244395492,-7.780015035458274e-05,-1.192501243254358e-05,0.00018856643069000762,-7.793361860063542e-05
1337,335,382.0,0.00018626489444232425,-7.780015035458274e-05,-1.6128820078478885e-05,0.00018651094808768486,-7.804620399994334e-05
1336,335,381.0,0.00018626489444232425,-8.172919646969083e-05,-1.8155182813542683e-05,0.0001865720218801164,-8.203632390748299e-05
1340,336,382.0,0.00018250244007325233,-7.780015035458274e-05,-1.5268104363486742e-05,0.0001827261363207876,-7.802384660211801e-05
1341,336,383.0,0.00018250244007325233,-7.426333321245545e-05,-1.3594455889854966e-05,0.0001826822536606253,-7.444314679982842e-05
1342,336,416.0,0.00018429312820567555,-7.426333321245545e-05,-9.81030612200607e-06,0.00018438615188419894,-7.435635689097882e-05
1343,336,415.0,0.00018429312820567555,-7.780015035458274e-05,-1.1483954595639147e-05,0.00018441886395133056,-7.792588610023774e-05
1344,337,383.0,0.00017930639726620404,-7.426333321245545e-05,-1.2732876439824903e-05,0.00017946614037777262,-7.442307632402401e-05
1345,337,384.0,0.00017930639726620404,-7.112017490491726e-05,-1.1361190512256241e-05,0.00017943518781418413,-7.124896545289734e-05
1346,337,417.0,0.00018077400635533192,-7.112017490491726e-05,-7.998228475540083e-06,0.0001808374809682835,-7.118364951786882e-05
1347,337,416.0,0.00018077400635533192,-7.426333321245545e-05,-9.369914403108744e-06,0.00018086003855155382,-7.434936540867733e-05
1351,338,417.0,0.0001778083586598412,-7.112017490491726e-05,-7.57138505997311e-06,0.00017786591797074917,-7.117773421582522e-05
1350,338,418.0,0.0001778083586598412,-6.835945270947761e-05,-6.457111714618536e-06,0.00017785069474156518,-6.840178879120161e-05
1349,338,385.0,0.00017661616323336096,-6.835945270947761e-05,-9.410893557205719e-06,0.00017670651127282946,-6.844980074894611e-05
1348,338,384.0,0.00017661616323336096,-7.112017490491726e-05,-1.0525166902560293e-05,0.00017672790420259266,-7.123191587414895e-05
1352,339,385.0,0.00017437235316908805,-6.835945270947761e-05,-8.61967884528865e-06,0.0001744488526768764,-6.843595221726597e-05
1353,339,386.0,0.00017437235316908805,-6.59608293876568e-05,-7.723490027839331e-06,0.0001744343888229731,-6.602286504154184e-05
1354,339,419.0,0.0001753312132314602,-6.59608293876568e-05,-5.157128940547033e-06,0.00017535876588303784,-6.598838203923447e-05
1355,339,418.0,0.0001753312132314602,-6.835945270947761e-05,-6.053317757996352e-06,0.0001753687987961751,-6.839703827419253e-05
1356,340,386.0,0.00017251820617208936,-6.59608293876568e-05,-6.989960028860008e-06,0.00017256941513020682,-6.601203834577427e-05
1357,340,387.0,0.00017251820617208936,-6.38979281383786e-05,-6.2771718941896995e-06,0.00017255986570712561,-6.393958767341484e-05
1358,340,420.0,0.00017328084018621796,-6.38979281383786e-05,-4.070010209021677e-06,0.0001732982993415316,-6.391538729369226e-05
1359,340,419.0,0.00017328084018621796,-6.59608293876568e-05,-4.782798343691986e-06,0.00017330474161915307,-6.598473082059193e-05
1362,341,421.0,0.00017159958527113986,-6.214085688108997e-05,-3.1691118657630954e-06,0.0001716103266820117,-6.21515982919618e-05
1363,341,420.0,0.00017159958527113986,-6.38979281383786e-05,-3.728931304099528e-06,0.00017161434557264304,-6.391268843988177e-05
1360,341,387.0,0.0001710006171841607,-6.38979281383786e-05,-5.6088760462705105e-06,0.00017103409441106342,-6.393140536528134e-05
1361,341,388.0,0.0001710006171841607,-6.214085688108997e-05,-5.049056607934078e-06,0.00017102795035635058,-6.216819005327987e-05
1364,342,388.0,0.0001697708055397396,-6.214085688108997e-05,-4.449312695122519e-06,0.00016979214401182288,-6.216219535317325e-05
1365,342,389.0,0.0001697708055397396,-6.065818953616792e-05,-4.015959282639876e-06,0.00016978830193213103,-6.067568592855935e-05
1366,342,422.0,0.00017023446372430072,-6.065818953616792e-05,-2.429607751413404e-06,0.00017024085503899476,-6.066458085086197e-05
1367,342,421.0,0.00017023446372430072,-6.214085688108997e-05,-2.8629611638960467e-06,0.00017024328160950496,-6.21496747662942e-05
1368,343,389.0,0.0001687846690633112,-6.065818953616792e-05,-3.4848728397134793e-06,0.00016879790072203,-6.067142119488671e-05
1369,343,390.0,0.0001687846690633112,-5.9418456207476004e-05,-3.15510501439336e-06,0.0001687955740541661,-5.9429361198330905e-05
1370,343,423.0,0.000169137497832649,-5.9418456207476004e-05,-1.8286760814171382e-06,0.0001691411555832294,-5.942211395805641e-05
1371,343,422.0,0.000169137497832649,-6.065818953616792e-05,-2.1584439067372577e-06,0.0001691425662233981,-6.0663257926917046e-05
1375,344,423.0,0.00016826582540856085,-5.9418456207476004e-05,-1.5913807827577613e-06,0.00016826860608126385,-5.9421236880179005e-05
1374,344,424.0,0.00016826582540856085,-5.839121206101069e-05,-1.345625394829058e-06,0.00016826782257989143,-5.839320923234126e-05
1373,344,391.0,0.00016800288551307432,-5.839121206101069e-05,-2.4446998476298186e-06,0.0001680094850481258,-5.8397811596062156e-05
1372,344,390.0,0.00016800288551307432,-5.9418456207476004e-05,-2.690455235558522e-06,0.00016801084243575065,-5.942641313015233e-05
1376,345,391.0,0.0001673908315394622,-5.839121206101069e-05,-2.0426796169125024e-06,0.00016739545154220145,-5.839583206374996e-05
1377,345,392.0,0.0001673908315394622,-5.7547782081821616e-05,-1.8643577628101211e-06,0.00016739469456026604,-5.755164510262546e-05
1378,345,425.0,0.00016758162359222905,-5.7547782081821616e-05,-9.619460090526215e-07,0.00016758265115224285,-5.7548809641835426e-05
1379,345,424.0,0.00016758162359222905,-5.839121206101069e-05,-1.14026786315587e-06,0.00016758306204225275,-5.839265051103437e-05
1380,346,392.0,0.00016691835817134876,-5.7547782081821616e-05,-1.520158269297054e-06,0.00016692093189434425,-5.7550355804817104e-05
1381,346,393.0,0.00016691835817134876,-5.686168981838066e-05,-1.3953566269518831e-06,0.0001669205332995708,-5.68638649466027e-05
1382,346,426.0,0.00016705188729850646,-5.686168981838066e-05,-6.612853489947577e-07,0.0001670523755419673,-5.686217806184148e-05
1383,346,425.0,0.00016705188729850646,-5.7547782081821616e-05,-7.860869913399286e-07,0.00016705257511214763,-5.7548469895462776e-05
1386,347,427.0,0.00016664811082113887,-5.630892361202117e-05,-4.29363983735654e-07,0.00016664831753502443,-5.630913032590674e-05
1387,347,426.0,0.00016664811082113887,-5.686168981838066e-05,-5.122016286450252e-07,0.00016664840426483036,-5.686198326207216e-05
1384,347,393.0,0.0001665594802693869,-5.686168981838066e-05,-1.1036232451470257e-06,0.000166560843140279,-5.686305268927275e-05
1385,347,394.0,0.0001665594802693869,-5.630892361202117e-05,-1.0207856002376545e-06,0.00016656064911808717,-5.631009246072143e-05
1388,348,394.0,0.00016629202134520616,-5.630892361202117e-05,-7.759620558210265e-07,0.00016629269757243765,-5.6309599839252656e-05
1389,348,395.0,0.00016629202134520616,-5.586802159036245e-05,-7.255881498253146e-07,0.00016629261379733236,-5.5868614042488644e-05
1390,348,428.0,0.00016634591794121873,-5.586802159036245e-05,-2.5385347543981605e-07,0.00016634599044068266,-5.586809408982638e-05
1391,348,427.0,0.00016634591794121873,-5.630892361202117e-05,-3.042273814348774e-07,0.00016634602186244468,-5.6309027533247145e-05
1392,349,395.0,0.00016609722771359064,-5.586802159036245e-05,-5.22162839138203e-07,0.00016609753480406337,-5.586832868083519e-05
1393,349,396.0,0.00016609722771359064,-5.552004883474476e-05,-4.965276727802569e-07,0.00016609750582753587,-5.5520326948689995e-05
1394,349,429.0,0.0001661246555688977,-5.552004883474476e-05,-1.2422088691227753e-07,0.0001661246729738111,-5.552006623965816e-05
1395,349,428.0,0.0001661246555688977,-5.586802159036245e-05,-1.498560532702236e-07,0.00016612468085895954,-5.58680468804243e-05
1398,350,430.0,0.00016596698208251452,-5.5248496976760136e-05,-3.155835852472651e-08,0.00016596698320803477,-5.5248498102280366e-05
1399,350,429.0,0.00016596698208251452,-5.552004883474476e-05,-3.86624485245856e-08,0.00016596698376972947,-5.552005052195971e-05
1396,350,396.0,0.00016595938119746902,-5.552004883474476e-05,-3.292041585020375e-07,0.00016595950352860166,-5.552017116587739e-05
1397,350,397.0,0.00016595938119746902,-5.5248496976760136e-05,-3.221000685021784e-07,0.00016595949844962115,-5.524861422891226e-05
1400,351,397.0,0.00016586542380200658,-5.5248496976760136e-05,-1.8590672160772106e-07,0.0001658654628783602,-5.5248536053113746e-05
1401,351,398.0,0.00016586542380200658,-5.5039134090719e-05,-1.924101672395699e-07,0.0001658654656998128,-5.503917598852521e-05
1402,351,431.0,0.00016585846556489985,-5.5039134090719e-05,3.1593643184252285e-08,0.00016585846669456161,-5.503913522038076e-05
1403,351,430.0,0.00016585846556489985,-5.5248496976760136e-05,3.809708881588429e-08,0.00016585846720594742,-5.52484986178077e-05
1404,352,398.0,0.0001658046045124313,-5.5039134090719e-05,-8.276268732474411e-08,0.00016580461226640048,-5.5039141844688176e-05
1405,352,399.0,0.0001658046045124313,-5.487982641474726e-05,-9.90261597763175e-08,0.00016580461562125734,-5.487983752357332e-05
1406,352,432.0,0.0001657872037215426,-5.487982641474726e-05,7.142203723776476e-08,0.00016578720950073314,-5.4879832193937826e-05
1407,352,431.0,0.0001657872037215426,-5.5039134090719e-05,8.768550968933815e-08,0.0001657872124260617,-5.5039142795238103e-05
1411,353,432.0,0.00016574347326112591,-5.487982641474726e-05,1.1607857607607609e-07,0.00016574348852949842,-5.487984168311977e-05
1408,353,399.0,0.0001657681552177841,-5.487982641474726e-05,-1.175427875627251e-08,0.00016576815537432653,-5.487982657128967e-05
1409,353,400.0,0.0001657681552177841,-5.476034873547062e-05,-3.4823018833741656e-08,0.00016576815659248467,-5.4760350110171185e-05
1410,353,433.0,0.00016574347326112591,-5.476034873547062e-05,9.300983599860695e-08,0.0001657434830691523,-5.4760358543497e-05
1414,354,434.0,0.00016571941267023473,-5.467219497184935e-05,1.0049092216950911e-07,0.00016571942412532713,-5.467220642694174e-05
1415,354,433.0,0.00016571941267023473,-5.476034873547062e-05,1.2814558737381763e-07,0.0001657194312901866,-5.476036735542249e-05
1412,354,400.0,0.00016574900124965682,-5.476034873547062e-05,3.382715621459351e-08,0.00016574900254696744,-5.476035003278124e-05
1413,354,401.0,0.00016574900124965682,-5.467219497184935e-05,6.172491010284983e-09,0.00016574900129286916,-5.467219501506167e-05
1416,355,401.0,0.00016574150726044552,-5.467219497184935e-05,5.954962293923654e-08,0.00016574151128260643,-5.467219899401027e-05
1417,355,402.0,0.00016574150726044552,-5.460839524943922e-05,2.892304011114892e-08,0.0001657415082095522,-5.460839619854589e-05
1418,355,435.0,0.00016570873902037818,-5.460839524943922e-05,9.718415274969933e-08,0.00016570874973760987,-5.460840596667091e-05
1419,355,434.0,0.00016570873902037818,-5.467219497184935e-05,1.278107355780038e-07,0.0001657087575514535,-5.467221350292467e-05
1420,356,402.0,0.00016574124848243305,-5.460839524943922e-05,6.997443505109713e-08,0.00016574125403771937,-5.460840080472553e-05
1421,356,403.0,0.00016574124848243305,-5.4563315425498864e-05,3.74888553568431e-08,0.00016574125007728682,-5.4563317020352636e-05
1422,356,436.0,0.0001657064911767494,-5.4563315425498864e-05,8.572112443169019e-08,0.00016570649951664742,-5.4563323765396884e-05
1423,356,435.0,0.0001657064911767494,-5.460839524943922e-05,1.1820670412594422e-07,0.00016570650703226435,-5.4608411104954166e-05
1427,357,436.0,0.00016570883337366682,-5.4563315425498864e-05,1.0181514424297596e-07,0.00016570884513902515,-5.4563327190857184e-05
1426,357,437.0,0.00016570883337366682,-5.4532523786044274e-05,6.825033484837749e-08,0.00016570883866117065,-5.453252907354813e-05
1425,357,404.0,0.00016574474537989616,-5.4532523786044274e-05,3.5305427135523364e-08,0.00016574474679456003,-5.453252520070816e-05
1424,357,403.0,0.00016574474537989616,-5.4563315425498864e-05,6.887023653006762e-08,0.00016574475076225635,-5.4563320807859064e-05
1428,358,404.0,0.0001657494140760887,-5.4532523786044274e-05,5.949663191864808e-08,0.0001657494180934961,-5.453252780345167e-05
1429,358,405.0,0.0001657494140760887,-5.451273122225002e-05,2.536143775164982e-08,0.00016574941480613077,-5.4512731952292074e-05
1430,358,438.0,0.0001657128917979148,-5.451273122225002e-05,4.653810126007589e-08,0.00016571289425652385,-5.451273368085907e-05
1431,358,437.0,0.0001657128917979148,-5.4532523786044274e-05,8.067329542718257e-08,0.00016571289918533347,-5.453253117346295e-05
1432,359,405.0,0.00016575344232409763,-5.451273122225002e-05,4.465983130031749e-08,0.00016575344458783664,-5.451273348598902e-05
1433,359,406.0,0.00016575344232409763,-5.450171684421395e-05,1.0274274140991378e-08,0.00016575344244391404,-5.4501716964030346e-05
1434,359,439.0,0.00016571665217497486,-5.450171684421395e-05,2.2058890820707928e-08,0.00016571665272737502,-5.4501717396614125e-05
1435,359,438.0,0.00016571665217497486,-5.451273122225002e-05,5.6444447980061145e-08,0.00016571665579163082,-5.4512734838905995e-05
1439,360,439.0,0.00016571883927763296,-5.450171684421395e-05,3.049960905850851e-08,0.00016571884033364943,-5.4501717900230425e-05
1438,360,54.0,0.00016571883927763296,-5.4498188146859026e-05,-3.980078098484764e-09,0.00016571883929561638,-5.449818816484245e-05
1437,360,53.0,0.00016575573013929138,-5.4498188146859026e-05,-7.755538280663121e-09,0.000165755730207563,-5.449818821513066e-05
1436,360,406.0,0.00016575573013929138,-5.450171684421395e-05,2.6724148876323375e-08,0.00016575573094991113,-5.450171765483369e-05
1440,361,2.0,0.00025293372964068934,-0.0001248793893153254,-2.2367423462352556e-05,0.0002532644910639883,-0.00012521015073862433
1441,361,407.0,0.00025293372964068934,-0.00011966464879968258,-1.9459106118970698e-05,0.00025318762162485124,-0.00011991854078384448
1442,361,88.0,0.0002560454265639559,-0.00011966464879968258,-1.3879697099154938e-05,0.0002561735707903297,-0.0001197927930260564
1443,361,1.0,0.0002560454265639559,-0.0001248793893153254,-1.6788014442536796e-05,0.00025623030603065837,-0.0001250642687820278
1444,362,407.0,0.00024095546353215206,-0.00011966464879968258,-1.979482263947223e-05,0.0002412268989576719,-0.00011993608422520244
1445,362,408.0,0.00024095546353215206,-0.00011413613409487163,-1.735529939190985e-05,0.00024116739951680232,-0.0001143480700795219
1446,362,87.0,0.00024356558343565683,-0.00011413613409487163,-1.1440173851593426e-05,0.00024365703122619612,-0.00011422758188541092
1447,362,88.0,0.00024356558343565683,-0.00011966464879968258,-1.3879697099154938e-05,0.00024369812727630878,-0.00011979719264033454
1451,363,87.0,0.00023250449054331573,-0.00011413613409487163,-1.1440173851593426e-05,0.00023259885481425823,-0.00011423049836581413
1450,363,86.0,0.00023250449054331573,-0.00010850710920583912,-9.406868454285913e-06,0.00023256935076125982,-0.0001085719694237832
1449,363,409.0,0.00023032899543675225,-0.00010850710920583912,-1.5429532888771268e-05,0.00023050455759911779,-0.00010868267136820466
1448,363,408.0,0.00023032899543675225,-0.00011413613409487163,-1.746283828607878e-05,0.00023055017532747435,-0.00011435731398559373
1452,364,409.0,0.00022091386945622283,-0.00010850710920583912,-1.5381988425607063e-05,0.0002210933333899346,-0.00010868657313955088
1453,364,410.0,0.00022091386945622283,-0.00010292252128808385,-1.3683811452189741e-05,0.00022105835845817083,-0.00010306701029003186
1454,364,85.0,0.00022273080049896657,-0.00010292252128808385,-7.708691480868592e-06,0.00022277641311699352,-0.0001029681339061108
1455,364,86.0,0.00022273080049896657,-0.00010850710920583912,-9.406868454285913e-06,0.0002227975737583456,-0.00010857388246521816
1456,365,410.0,0.00021259486715694172,-0.00010292252128808385,-1.3516367873857987e-05,0.00021273955685294303,-0.00010306721098408516
1457,365,411.0,0.00021259486715694172,-9.749440449333175e-05,-1.2097334217491332e-05,0.00021271280888174676,-9.761234621813677e-05
1458,365,84.0,0.00021411312635779504,-9.749443288647943e-05,-6.2896652471191444e-06,0.00021414486167616715,-9.752616820485154e-05
1459,365,85.0,0.00021411312635779504,-0.00010292252128808385,-7.708691480868592e-06,0.00021415997845811182,-0.00010296937338840064
1462,366,83.0,0.00020653983409616404,-9.231138762509309e-05,-5.101533632809359e-06,0.0002065616039165754,-9.233315744550444e-05
1463,366,84.0,0.00020653983409616404,-9.749443288647943e-05,-6.289628222052104e-06,0.00020657235937036287,-9.752695816067826e-05
1460,366,411.0,0.0002052686623142206,-9.749440577524083e-05,-1.18350903063804e-05,0.00020538427738582148,-9.76100208468417e-05
1461,366,412.0,0.0002052686623142206,-9.23114147363317e-05,-1.064700814640187e-05,0.00020536386570354977,-9.240661812566085e-05
1464,367,412.0,0.00019885019990786845,-9.231141308890823e-05,-1.0310067291788814e-05,0.00019894144149219052,-9.240265467323029e-05
1465,367,413.0,0.00019885019990786845,-8.744331730439616e-05,-9.316041421342583e-06,0.00019892596626336137,-8.751908365988909e-05
1466,367,82.0,0.00019991373276836196,-8.744331730439616e-05,-4.10754535621477e-06,0.00019992841055954446,-8.745799509557868e-05
1467,367,83.0,0.00019991373276836196,-9.231138762509309e-05,-5.101566027155245e-06,0.00019993599642010896,-9.233365127684007e-05
1468,368,413.0,0.0001932621127138925,-8.744331730439616e-05,-8.92490314876107e-06,0.00019333303561693083,-8.75142402074345e-05
1469,368,414.0,0.0001932621127138925,-8.294082057581356e-05,-8.094809002981082e-06,0.00019332140957539152,-8.300011743731257e-05
1470,368,81.0,0.00019415025561388133,-8.294082057581356e-05,-3.2774512104347814e-06,0.0001941599467512791,-8.295051171321134e-05
1471,368,82.0,0.00019415025561388133,-8.744331730439616e-05,-4.10754535621477e-06,0.00019416523378907157,-8.745829547958641e-05
1475,369,81.0,0.00018917151017203582,-8.294082057581356e-05,-3.2774512104347814e-06,0.00018918137861208669,-8.295068901586442e-05
1474,369,80.0,0.00018917151017203582,-7.883604385044876e-05,-2.5871747408876336e-06,0.00018917775376210423,-7.884228744051716e-05
1473,369,415.0,0.00018843296244395492,-7.883604385044876e-05,-6.978999840741816e-06,0.000188478514058463,-7.888159546495685e-05
1472,369,414.0,0.00018843296244395492,-8.294082057581356e-05,-7.669276310288964e-06,0.00018848713685516908,-8.299499498702772e-05
1476,370,415.0,0.00018429312820567555,-7.883604385044876e-05,-6.537942003837383e-06,0.0001843337338234856,-7.887664946825882e-05
1477,370,416.0,0.00018429312820567555,-7.51434975537332e-05,-5.967365870334848e-06,0.0001843274378821819,-7.517780723023955e-05
1478,370,79.0,0.00018490360491419094,-7.51434975537332e-05,-2.0165986073850985e-06,0.00018490751440671,-7.514740704625224e-05
1479,370,80.0,0.00018490360491419094,-7.883604385044876e-05,-2.5871747408876336e-06,0.000184909949534875,-7.884238847113281e-05
1480,371,416.0,0.00018077400635533192,-7.51434975537332e-05,-5.526974151437523e-06,0.00018080384398041485,-7.517333517881612e-05
1481,371,417.0,0.00018077400635533192,-7.186255910493323e-05,-5.058832093360419e-06,0.00018079932851847012,-7.188788126807144e-05
1482,371,78.0,0.00018127488574013698,-7.186255910493323e-05,-1.548456549307995e-06,0.0001812772537177956,-7.186492708259188e-05
1483,371,79.0,0.00018127488574013698,-7.51434975537332e-05,-2.0165986073850985e-06,0.0001812788505563604,-7.51474623699566e-05
1486,372,77.0,0.00017821578750361593,-6.898056571377074e-05,-1.167657132859247e-06,0.00017821716638275083,-6.898194459290565e-05
1487,372,78.0,0.00017821578750361593,-7.186255910493323e-05,-1.548456549307995e-06,0.0001782181844471501,-7.186495604846739e-05
1484,372,417.0,0.0001778083586598412,-7.186255910493323e-05,-4.6319886777934464e-06,0.00017782984041013965,-7.18840408552317e-05
1485,372,418.0,0.0001778083586598412,-6.898056571377074e-05,-4.251189261344698e-06,0.0001778266650624524,-6.899887211638195e-05
1488,373,418.0,0.0001753312132314602,-6.898056571377074e-05,-3.8473953047225146e-06,0.00017534635938310202,-6.899571186541259e-05
1489,373,419.0,0.0001753312132314602,-6.647597442704099e-05,-3.5406474517989985e-06,0.00017534417346708065,-6.648893466266144e-05
1490,373,76.0,0.00017565941206173358,-6.647597442704099e-05,-8.609092799357308e-07,0.00017566017729730765,-6.647673966261506e-05
1491,373,77.0,0.00017565941206173358,-6.898056571377074e-05,-1.167657132859247e-06,0.00017566080534935904,-6.898195900139622e-05
1492,374,419.0,0.00017328084018621796,-6.647597442704099e-05,-3.1663168549439513e-06,0.000173291293617276,-6.648642785809902e-05
1493,374,420.0,0.00017328084018621796,-6.432124760135599e-05,-2.92190797393857e-06,0.00017328982287607224,-6.433023029121026e-05
1494,374,75.0,0.00017354234065994475,-6.432124760135599e-05,-6.165003989303496e-07,0.0001735427401243041,-6.432164706571532e-05
1495,374,76.0,0.00017354234065994475,-6.647597442704099e-05,-8.609092799357308e-07,0.00017354311264520362,-6.647674641229987e-05
1498,375,74.0,0.00017180538545438556,-6.248530686541816e-05,-4.2415125408581597e-07,0.00017180557742118666,-6.248549883221927e-05
1499,375,75.0,0.00017180538545438556,-6.432124760135599e-05,-6.165003989303496e-07,0.00017180578785720778,-6.432165000417819e-05
1496,375,420.0,0.00017159958527113986,-6.432124760135599e-05,-2.580829069016421e-06,0.0001716066432313708,-6.432830556158694e-05
1497,375,421.0,0.00017159958527113986,-6.248530686541816e-05,-2.3884799241718872e-06,0.0001716056778128454,-6.249139940712369e-05
1500,376,421.0,0.00017023446372430072,-6.248530686541816e-05,-2.0823292223048386e-06,0.00017023912169576602,-6.248996483688345e-05
1501,376,422.0,0.00017023446372430072,-6.0935506913074015e-05,-1.933080353638209e-06,0.0001702385048356105,-6.09395480243838e-05
1502,376,73.0,0.00017039414961500608,-6.0935506913074015e-05,-2.7490238541918663e-07,0.0001703942312855709,-6.093558858363883e-05
1503,376,74.0,0.00017039414961500608,-6.248530686541816e-05,-4.2415125408581597e-07,0.0001703943427451128,-6.248549999552489e-05
1504,377,422.0,0.000169137497832649,-6.0935506913074015e-05,-1.6619165089620629e-06,0.00016914049897837045,-6.0938508058795465e-05
1505,377,423.0,0.000169137497832649,-5.963914083667752e-05,-1.5480241279926601e-06,0.000169140116490836,-5.964175949486451e-05
1506,377,72.0,0.00016925935410754293,-5.963914761765053e-05,-1.6101060019285685e-07,0.00016925938242185032,-5.963917593195793e-05
1507,377,73.0,0.00016925935410754293,-6.0935506913074015e-05,-2.7490238541918663e-07,0.00016925943618072023,-6.09355889862513e-05
1511,378,72.0,0.0001683569513118567,-5.963914761765053e-05,-1.610061884358728e-07,0.0001683569797366736,-5.963917604246746e-05
1508,378,423.0,0.00016826582540856085,-5.9639141996790454e-05,-1.3107245678141942e-06,0.00016826770994919445,-5.964102653742406e-05
1509,378,424.0,0.00016826582540856085,-5.856456845030494e-05,-1.2255546262933403e-06,0.00016826748080089518,-5.8566223842639257e-05
1510,378,71.0,0.0001683569513118567,-5.856456845030494e-05,-7.583580140984106e-08,0.00016835695764782322,-5.8564574786271466e-05
1514,379,70.0,0.00016764804213888988,-5.7681930328665544e-05,-1.375835108645071e-08,0.00016764804234890656,-5.768193053868225e-05
1515,379,71.0,0.00016764804213888988,-5.856456845030494e-05,-7.583580140984106e-08,0.00016764804849471216,-5.856457480612723e-05
1512,379,424.0,0.00016758162359222905,-5.856456845030494e-05,-1.0201970946197188e-06,0.00016758277417186864,-5.856571902994452e-05
1513,379,425.0,0.00016758162359222905,-5.7681930328665544e-05,-9.581196442963284e-07,0.00016758264238675332,-5.768294912318984e-05
1516,380,425.0,0.00016705188729850646,-5.7681930328665544e-05,-7.822606265836356e-07,0.0001670525680258674,-5.768261105602648e-05
1517,380,426.0,0.00016705188729850646,-5.6963657131958254e-05,-7.385474054969268e-07,0.00016705249601830466,-5.696426585175646e-05
1518,380,69.0,0.00016709865739939324,-5.6963657131958254e-05,2.995487000025804e-08,0.0001670986584005592,-5.6963658133124194e-05
1519,380,70.0,0.00016709865739939324,-5.7681930328665544e-05,-1.375835108645071e-08,0.00016709865760992324,-5.768193053919555e-05
1520,381,426.0,0.00016664811082113887,-5.6963657131958254e-05,-5.894636851471943e-07,0.00016664849929223284,-5.696404560305222e-05
1521,381,427.0,0.00016664811082113887,-5.638472358824519e-05,-5.601805585383167e-07,0.000166648462565047,-5.6385075332153326e-05
1522,381,68.0,0.00016667944172633724,-5.638472358824519e-05,5.9237996609135674e-08,0.00016667944565921925,-5.63847275211272e-05
1523,381,69.0,0.00016667944172633724,-5.6963657131958254e-05,2.995487000025804e-08,0.00016667944272937986,-5.6963658135000867e-05
1527,382,68.0,0.00016636527576289984,-5.638472358824519e-05,5.9237996609135674e-08,0.0001663652797013288,-5.6384727526674126e-05
1526,382,67.0,0.00016636527576289984,-5.592274775594671e-05,7.733059685698443e-08,0.00016636528248843203,-5.592275448147889e-05
1524,382,427.0,0.00016634591794121873,-5.638472358824519e-05,-4.350439562375401e-07,0.00016634613037613794,-5.638493602316438e-05
1525,382,428.0,0.00016634591794121873,-5.592274775594671e-05,-4.16951355990125e-07,0.0001663461134796674,-5.592294329439538e-05
1528,383,428.0,0.0001661246555688977,-5.592274775594671e-05,-3.1295393382053255e-07,0.00016612476583827552,-5.5922858025324535e-05
1529,383,429.0,0.0001661246555688977,-5.5557972105420923e-05,-3.0341318098280924e-07,0.00016612475938794323,-5.5558075924466474e-05
1530,383,66.0,0.00016613486350969134,-5.5557972105420923e-05,8.687134969470774e-08,0.00016613487201992477,-5.5557980615654335e-05
1531,383,67.0,0.00016613486350969134,-5.592274775594671e-05,7.733059685698443e-08,0.0001661348702422021,-5.592275448845747e-05
1535,384,66.0,0.00016597031294261202,-5.5557972105420923e-05,8.687134969470774e-08,0.0001659703214591668,-5.555798062197571e-05
1532,384,429.0,0.00016596698208251452,-5.5557972105420923e-05,-2.178547425951173e-07,0.0001659670356438363,-5.555802566674268e-05
1533,384,430.0,0.00016596698208251452,-5.527316281934895e-05,-2.1474158651713787e-07,0.00016596703419098033,-5.527321492781479e-05
1534,384,65.0,0.00016597031294261202,-5.527316281934895e-05,8.998450577268717e-08,0.00016597032209227273,-5.527317196900967e-05
1538,385,64.0,0.00016585672566085305,-5.505345632142047e-05,8.835832133362656e-08,0.00016585673449610975,-5.5053465156677156e-05
1539,385,65.0,0.00016585672566085305,-5.527316281934895e-05,8.998450577268717e-08,0.00016585673481521365,-5.527317197370955e-05
1536,385,430.0,0.00016585846556489985,-5.527316281934895e-05,-1.4508613917652707e-07,0.00016585848936292647,-5.5273186617375576e-05
1537,385,431.0,0.00016585846556489985,-5.505345632142047e-05,-1.4671232361558768e-07,0.00016585848992359373,-5.505348068011436e-05
1543,386,64.0,0.00016578180790969036,-5.505345632142047e-05,8.835832133362656e-08,0.00016578181674794439,-5.505346515967449e-05
1542,386,63.0,0.00016578180790969036,-5.488617554238491e-05,8.331517812980305e-08,0.00016578181577378846,-5.4886183406483e-05
1540,386,431.0,0.0001657872037215426,-5.505345632142047e-05,-9.062045711050182e-08,0.0001657872130179137,-5.5053465617791566e-05
1541,386,432.0,0.0001657872037215426,-5.488617554238491e-05,-9.566360031432533e-08,0.000165787214089268,-5.488618591011031e-05
1544,387,432.0,0.00016574347326112591,-5.488617554238491e-05,-5.1007061476014e-08,0.00016574347620918877,-5.4886178490447766e-05
1545,387,433.0,0.00016574347326112591,-5.476063256417034e-05,-5.84490871717927e-08,0.00016574347713440495,-5.4760636437449384e-05
1546,387,62.0,0.00016573551081214733,-5.476063256417034e-05,7.587315243402434e-08,0.00016573551733917201,-5.476063909119503e-05
1547,387,63.0,0.00016573551081214733,-5.488617554238491e-05,8.331517812980305e-08,0.0001657355186778957,-5.488618340813326e-05
1551,388,62.0,0.00016570970370897238,-5.476063256417034e-05,7.587315243402434e-08,0.0001657097102367611,-5.476063909195905e-05
1548,388,433.0,0.00016571941267023473,-5.476063256417034e-05,-2.3313335796582013e-08,0.00016571941328651682,-5.4760633180452444e-05
1549,388,434.0,0.00016571941267023473,-5.466792887513375e-05,-3.2387722255630344e-08,0.0001657194138601449,-5.466793006504392e-05
1550,388,61.0,0.00016570970370897238,-5.466792887513375e-05,6.679876597497601e-08,0.00016570970877082347,-5.466793393698484e-05
1555,389,61.0,0.00016569788055965126,-5.466792887513375e-05,6.679876597497601e-08,0.00016569788562177394,-5.466793393725642e-05
1554,389,60.0,0.00016569788055965126,-5.46007592090007e-05,5.6649984449415845e-08,0.00016569788420154924,-5.460076285089869e-05
1552,389,434.0,0.00016570873902037818,-5.466792887513375e-05,-5.067908847460924e-09,0.00016570873904951433,-5.46679289042699e-05
1553,389,435.0,0.00016570873902037818,-5.46007592090007e-05,-1.521669037302109e-08,0.0001657087392831309,-5.4600759471753416e-05
1556,390,435.0,0.0001657064911767494,-5.46007592090007e-05,5.805861003223799e-09,0.00016570649121500054,-5.460075924725186e-05
1557,390,436.0,0.0001657064911767494,-5.455323821739316e-05,-5.019525098088479e-09,0.00016570649120534704,-5.4553238245990804e-05
1558,390,59.0,0.00016569490877392772,-5.455323821739316e-05,4.582459834810357e-08,0.00016569491115748218,-5.455324060094761e-05
1559,390,60.0,0.00016569490877392772,-5.46007592090007e-05,5.6649984449415845e-08,0.00016569491241587482,-5.4600762850947815e-05
1560,391,436.0,0.00016570883337366682,-5.455323821739316e-05,1.1074494713197297e-08,0.00016570883351286968,-5.455323835659603e-05
1561,391,437.0,0.00016570883337366682,-5.4520759353145555e-05,-1.5547448961941712e-10,0.00016570883337369425,-5.4520759353173006e-05
1562,391,58.0,0.0001656968180953417,-5.4520759353145555e-05,3.4594629145232644e-08,0.00016569681945398476,-5.4520760711788645e-05
1563,391,59.0,0.0001656968180953417,-5.455323821739316e-05,4.582459834810357e-08,0.00016569682047887547,-5.455324060092694e-05
1566,392,57.0,0.00016570064329962073,-5.449989149456365e-05,2.3146683046713738e-08,0.00016570064390789463,-5.449989210283753e-05
1567,392,58.0,0.00016570064329962073,-5.4520759353145555e-05,3.4594629145232644e-08,0.00016570064465824022,-5.452076071176505e-05
1565,392,438.0,0.0001657128917979148,-5.449989149456365e-05,8.195399904499176e-10,0.0001657128917986773,-5.4499891495326136e-05
1564,392,437.0,0.0001657128917979148,-5.4520759353145555e-05,1.2267486088968823e-08,0.0001657128919687461,-5.4520759523976874e-05
1568,393,438.0,0.00016571665217497486,-5.449989149456365e-05,1.072588671043517e-08,0.00016571665230557885,-5.449989162516764e-05
1569,393,439.0,0.00016571665217497486,-5.4488282511687185e-05,-8.275875181549056e-10,0.00016571665217575242,-5.448828251246477e-05
1570,393,56.0,0.0001657042907689932,-5.4488282511687185e-05,1.1593208818123663e-08,0.0001657042909215897,-5.4488282664283714e-05
1571,393,57.0,0.0001657042907689932,-5.449989149456365e-05,2.3146683046713738e-08,0.00016570429137725698,-5.449989210282745e-05
1572,394,439.0,0.00016571883927763296,-5.4488282511687185e-05,7.613130719632123e-09,0.00016571883934343436,-5.44882825774886e-05
1573,394,54.0,0.00016571883927763296,-5.448456256835655e-05,-3.980078098484764e-09,0.0001657188392956175,-5.448456258634108e-05
1574,394,55.0,0.00016570643535843125,-5.448456256835655e-05,0.0,0.00016570643535843125,-5.448456256835655e-05
1575,394,56.0,0.00016570643535843125,-5.4488282511687185e-05,1.1593208818123663e-08,0.00016570643551102628,-5.448828266428224e-05
1578,395,480.0,0.0005117857180376023,-0.00012096894697032897,-0.00011246973398680582,0.0005167446218782023,-0.00012592785081092897
1579,395,443.0,0.0004935628388817899,-0.00012096877761339511,-9.553429056823395e-05,0.0004972535824009036,-0.00012465952113250876
1577,395,445.0,0.0005117857180376023,-0.00013790464036119782,-9.424678193918623e-05,0.000515185880656732,-0.00014130480298032752
1576,395,444.0,0.0004935628388817899,-0.00013790464036119782,-7.731115629109123e-05,0.0004959203566961766,-0.00014026215817558452
1580,396,445.0,0.0005117857180376023,-0.00015337130606423398,-7.891976383479771e-05,0.0005141184613349297,-0.00015570404936156144
1581,396,446.0,0.0005296139634369257,-0.00015337130606423398,-8.963930517862442e-05,0.0005325426126499237,-0.00015629995527723204
1582,396,481.0,0.0005296139634369257,-0.00014265162536595405,-0.00010746778234582699,0.0005338817955518058,-0.00014691945748083416
1583,396,480.0,0.0005117857180376023,-0.00014265151817021896,-9.674841928499281e-05,0.0005153420811405071,-0.0001462078812731237
1584,397,446.0,0.0005296139634369257,-0.00016635739634012024,-6.29857786201421e-05,0.0005310361190137426,-0.00016777955191693707
1585,397,447.0,0.0005374719325229906,-0.00016635739634012024,-6.495457927955042e-05,0.0005389673774322972,-0.0001678528412494269
1586,397,482.0,0.0005374719325229906,-0.0001643885484293074,-7.281273695762536e-05,0.0005393553218097276,-0.00016627193771604447
1587,397,481.0,0.0005296139634369257,-0.00016438852874122204,-7.084401487822412e-05,0.0005314172233370757,-0.00016619178864137204
1591,398,482.0,0.0005374719325229906,-0.00017528123094590574,-1.846094578531951e-05,0.0005375914512420423,-0.00017540074966495753
1590,398,449.0,0.0005237514640194646,-0.00017528118715444668,-1.4081954602541968e-05,0.0005238223767767651,-0.00017535209991174726
1589,398,448.0,0.0005237514640194646,-0.0001709019098754688,-2.780288960386318e-05,0.0005240295492393039,-0.00017117999509530806
1588,398,447.0,0.0005374719325229906,-0.0001709019098754688,-3.2182017991877476e-05,0.0005378372581352805,-0.0001712672354877587
1592,399,443.0,0.00047871775802016056,-0.00012096887620310855,-0.00010539337093111098,0.0004833131957929262,-0.00012556431397587418
1593,399,480.0,0.0005033438793176255,-0.00012096912533722748,-0.0001303064369314183,0.0005100707785992088,-0.00012769602461881082
1594,399,483.0,0.0005033438793176255,-9.605571342107913e-05,-0.0001549326567337611,0.0005131937558191658,-0.00010590558992261938
1595,399,442.0,0.00047871775802016056,-9.605521515284075e-05,-0.00013001983699565886,0.00048597899699017485,-0.00010331645412285501
1596,400,480.0,0.0005033438793176255,-0.00014265169653693944,-0.00011458512222951855,0.0005083857361971958,-0.00014769355341650976
1597,400,481.0,0.0005344077386588569,-0.00014265190399209487,-0.00013533026486913652,0.0005411039448487558,-0.00014934811018199373
1598,400,484.0,0.0005344077386588569,-0.0001219061810212463,-0.00016639452804174948,0.0005447899568056735,-0.00013228839916806283
1599,400,483.0,0.0005033438793176255,-0.00012190576611093587,-0.00014564969604165603,0.0005117139759811943,-0.0001302758627745047
1603,401,484.0,0.0005344077386588569,-0.00015728436104215277,-0.00012310959812099342,0.0005398428916709248,-0.00016271951405422068
1602,401,485.0,0.0005588100096978292,-0.00015728450312681673,-0.00013021331485517373,0.0005646813082751975,-0.00016315580170418498
1601,401,482.0,0.0005588100096978292,-0.00016438887840997292,-0.00010581045815935552,0.000562659770327785,-0.00016823863903992875
1600,401,481.0,0.0005344077386588569,-0.00016438880736764096,-9.870649740148507e-05,0.0005378761491706444,-0.0001678572178794284
1604,402,482.0,0.0005588100096978292,-0.0001752815609265718,-5.145866698705315e-05,0.0005597106975545817,-0.00017618224878332433
1605,402,449.0,0.0005488002427193987,-0.00017528149751578736,-4.5117714007010534e-05,0.0005495023858561046,-0.00017598364065249324
1606,402,450.0,0.0005488002427193987,-0.00018162276619056704,-3.510760669513807e-05,0.0005492218590265224,-0.0001820443824976906
1607,402,485.0,0.0005588100096978292,-0.0001816228930121358,-4.144845957711196e-05,0.0005593896135459798,-0.0001822024968602865
1608,403,442.0,0.0004578174506294462,-9.605523853539966e-05,-0.00013118937827302432,0.00046547977469041336,-0.00010371756259636679
1609,403,483.0,0.0004850906007791006,-9.605589308137025e-05,-0.00016391600042150664,0.0004964278134724519,-0.00010739310577472153
1610,403,486.0,0.0004850906007791006,-6.332859455850822e-05,-0.00019118925966419772,0.0005012759698477099,-7.951396362711747e-05
1611,403,441.0,0.0004578174506294462,-6.332761273955209e-05,-0.0001584629102483054,0.0004695970214695281,-7.510718357963401e-05
1614,404,487.0,0.0005290777836944385,-8.554378721647353e-05,-0.0002349823278254004,0.0005507716979847616,-0.00010723770150679665
1615,404,486.0,0.0004850906007791006,-8.554269634080831e-05,-0.0001986212343526167,0.0005018802060925537,-0.00010233230165426153
1612,404,483.0,0.0004850906007791006,-0.00012190594577104731,-0.00015463303972903727,0.0004947840357673712,-0.00013159938075931797
1613,404,484.0,0.0005290777836944385,-0.00012190667302149094,-0.0001909945730749693,0.0005427977639278744,-0.00013562665325492684
1618,405,488.0,0.0005876878889981875,-0.00013069749398942818,-0.00023290723560345783,0.0006060939722927481,-0.00014910357728398877
1619,405,487.0,0.0005290777836944385,-0.00013069669636865666,-0.00020632174120962382,0.0005448316239175023,-0.0001464505365917204
1616,405,484.0,0.0005290777836944385,-0.00015728485304288947,-0.00014770964315431734,0.0005369348563137807,-0.00016514192566223162
1617,405,485.0,0.0005876878889981875,-0.00015728538479007064,-0.00017429572365154633,0.0005977467323877795,-0.0001673442281796626
1623,406,488.0,0.0005876878889981875,-0.0001908726717587939,-0.00010006980037629426,0.0005908902552786213,-0.00019407503803922768
1622,406,451.0,0.0006022260359379236,-0.00019087230182140746,-9.0820821180157e-05,0.0006048176301094816,-0.0001934638959929655
1621,406,450.0,0.0006022260359379236,-0.00018162358970669646,-7.628217994144759e-05,0.0006040775576634857,-0.00018347511143225844
1620,406,485.0,0.0005876878889981875,-0.00018162377467538981,-8.553086837348456e-05,0.0005900578848877049,-0.00018399377056490732
1624,407,441.0,0.0004326185834801627,-6.33273023000446e-05,-0.00014811572402992357,0.0004434412111313759,-7.414992995125782e-05
1625,407,486.0,0.00045700253041535896,-6.332825120469192e-05,-0.0001797450208854967,0.00047208811364287474,-7.841383443220768e-05
1626,407,489.0,0.00045700253041535896,-3.1698096307161404e-05,-0.00020412906535687003,0.00047746204404436245,-5.2157609936164884e-05
1627,407,440.0,0.0004326185834801627,-3.169683110096587e-05,-0.00017250001234174472,0.00044812246913224023,-4.7200716753043455e-05
1630,408,490.0,0.0005033208665690889,-3.92735153547585e-05,-0.00027976416853127406,0.0005372599174303295,-7.321256621599913e-05
1631,408,489.0,0.00045700253041535896,-3.927166456423715e-05,-0.000233496397051728,0.0004830955571090578,-6.536469125793595e-05
1628,408,486.0,0.00045700253041535896,-8.554235298733554e-05,-0.0001871769955730726,0.00047269270743734187,-0.00010123253000931843
1629,408,487.0,0.0005033208665690889,-8.554374108022615e-05,-0.00023344523023736616,0.0005256132861489039,-0.0001078361606600412
1632,409,487.0,0.0005033208665690889,-0.0001306966502323632,-0.00020478464362236326,0.0005194468263660531,-0.0001468226100293274
1633,409,488.0,0.0005955830212270238,-0.00013069849664617807,-0.0002663287567305876,0.0006192289767293571,-0.0001543444521485113
1634,409,491.0,0.0005955830212270238,-6.915013853119308e-05,-0.0003585931256890884,0.0006408601899634636,-0.00011442730726763279
1635,409,490.0,0.0005033208665690889,-6.91470611748346e-05,-0.0002970508578313408,0.0005395612196720443,-0.00010538741427779005
1636,410,488.0,0.0005955830212270238,-0.00019087400863446093,-0.00013349124255178368,0.0006012074151663833,-0.0001964984025738205
1637,410,451.0,0.0007369187986575841,-0.0001908746748911155,-0.00015014193883402735,0.0007429537939881227,-0.0001969096702216541
1638,410,452.0,0.0007369187986575841,-0.00017421759227283925,-0.0002914839350636779,0.0007596633688797215,-0.00019696216249497664
1639,410,491.0,0.0005955830212270238,-0.00017421692601618473,-0.00027483323878143076,0.0006193776976544316,-0.0001980116024435925
1643,411,479.0,0.0003957614903663427,6.396165968240803e-07,-0.000161354716757392,0.00041159961612654536,-1.5198509163378573e-05
1642,411,492.0,0.0004207293281188358,6.517523940986265e-06,-0.00018998430709496125,0.00044147505300601016,-1.4228200946188129e-05
1641,411,489.0,0.000426454317300538,-3.169599226462896e-05,-0.00015152943436760533,0.0004386585004410477,-4.390017540513864e-05
1640,411,440.0,0.0004006057647494496,-3.1695083674757025e-05,-0.00012881581236764972,0.0004099977628575311,-4.108708178283851e-05
1644,412,489.0,0.00042258802771980367,-3.9269600407166916e-05,-0.000181894001699566,0.0004398516271752215,-5.65331998625847e-05
1645,412,490.0,0.00046738201732799203,-3.927119985156535e-05,-0.0002218781999315765,0.000490608937952393,-6.249812047596625e-05
1646,412,493.0,0.00045898727653871825,1.7649484450462134e-05,-0.0002781494627351333,0.0004991565345025785,-2.2519773513398142e-05
1647,412,492.0,0.00041571956803633167,7.30186010222002e-06,-0.00022793408472721044,0.0004453690959666244,-2.2347667828072717e-05
1648,413,490.0,0.0004651061392098362,-6.91443634358377e-05,-0.00024309820445419378,0.000491460161680741,-9.54983859067425e-05
1649,413,491.0,0.0005657209334927055,-6.914833372564819e-05,-0.00032249865228382857,0.0006043285611332485,-0.00010775596136619126
1650,413,494.0,0.0005502930498064093,2.3334527622554158e-05,-0.0004275080875749751,0.0006260955481137328,-5.246797068476938e-05
1651,413,493.0,0.0004531070317205614,2.786004482735875e-06,-0.0003247715460548365,0.0005055548684350722,-4.9661832231774866e-05
1655,414,494.0,0.0005464205156845703,-0.0001028529714073202,-0.00047353566780064006,0.0006235897233513533,-0.0001800221790741032
1654,414,453.0,0.0008903094111157098,-7.431174272233261e-05,-0.000672199848780114,0.0009958650194658884,-0.00017986735107251118
1652,414,491.0,0.0005767483464832919,-0.00017421603547686124,-0.00025257059814036073,0.0005974161933732673,-0.0001948838823668366
1653,414,452.0,0.0009327688803794192,-0.00017422044714299098,-0.0003628475693252843,0.0009617439003387028,-0.0002031954671022746
1656,415,479.0,0.00038832136856775364,-1.5378971683211758e-05,-9.956823292388978e-05,0.0003943700907711691,-2.142769388662727e-05
1657,415,492.0,0.00041847257239355576,-1.4395061550238586e-05,-0.00011131840872120706,0.00042551480371113437,-2.14372928678172e-05
1658,415,495.0,0.00039820302077285194,-8.434361444453775e-06,-0.0001577842590909928,0.0004129725188408695,-2.320385951247133e-05
1659,415,478.0,0.000371170384386825,-1.0335326561043427e-05,-0.00013888531357495945,0.0003834173674674161,-2.258230964163454e-05
1663,416,495.0,0.00037940894427480887,7.889814680478506e-06,-0.0001963953026261414,0.0004037669528432135,-1.646819388792612e-05
1662,416,496.0,0.0004263662485455436,1.7819225139797213e-05,-0.00024070360434295252,0.0004591839089038546,-1.499843521851377e-05
1661,416,493.0,0.00045615857746366187,-8.525416589953123e-06,-0.00017969121388146554,0.0004729250641722616,-2.5291903298552885e-05
1660,416,492.0,0.00040378447217437764,-1.366489729558096e-05,-0.00014647605501901667,0.00041626060726428053,-2.6141032385483868e-05
1664,417,493.0,0.0004389181926141095,-2.23760755183513e-05,-0.00022705016562363234,0.0004653431201967393,-4.880100310098107e-05
1665,417,494.0,0.0005480792374389885,-8.071644297477123e-06,-0.00030968821509076185,0.0005882845664196229,-4.827697327811146e-05
1666,417,497.0,0.0004972744336361069,5.192045341424252e-05,-0.0004074919389254368,0.0005764210045623594,-2.7226117512009983e-05
1667,417,496.0,0.00039940330081494543,2.4284423211333545e-05,-0.000303119662499211,0.00045298474517494863,-2.9297021148669636e-05
1670,418,454.0,0.0008004036763298132,8.516711715657858e-05,-0.0009755014326302963,0.0010475924694204523,-0.0001620216759340605
1671,418,497.0,0.0004298656307641542,-1.0401805378810322e-05,-0.0005960455552385287,0.0005802402524259043,-0.0001607764270405604
1668,418,494.0,0.000536725522498234,-0.00012566085232439716,-0.0003858056075962922,0.0005888082397572391,-0.00017774356958340237
1669,418,453.0,0.0009500029865570636,-7.619379129543698e-05,-0.0006811674116562645,0.0010527513459329678,-0.00017894215067134126
1672,419,478.0,0.0003939390560929463,-4.3968010800942006e-05,-9.377194520739096e-05,0.0003989027936098485,-4.8931748317844156e-05
1673,419,495.0,0.0004385329506888594,-4.420526890145621e-05,-0.00011910533959140924,0.0004457710967071697,-5.144341491976649e-05
1674,419,498.0,0.00038534229040614,-4.48441123758398e-05,-0.0001889150775303411,0.00040516888791298383,-6.46707098826836e-05
1675,419,477.0,0.00034893127642724245,-4.450857170188364e-05,-0.00015284183884005636,0.00036325373068743646,-5.883102596207767e-05
1679,420,498.0,0.00035702233866803657,-2.5590461306352442e-05,-0.00021104859972780922,0.0003841959527274997,-5.276407536581554e-05
1676,420,495.0,0.00040863576427437346,-3.018721436913216e-05,-0.00014731176519510586,0.0004206688486362872,-4.2220298731045853e-05
1677,420,496.0,0.0004711394201227896,-2.7721288748090496e-05,-0.00018766695601722672,0.0004882052632380504,-4.478713186335131e-05
1678,420,499.0,0.00040805614105746916,-2.2103023338364486e-05,-0.00026556768837499717,0.0004457428065186105,-5.978968879950588e-05
1683,421,499.0,0.00035232835213625316,6.27688713889186e-06,-0.00031641693927253554,0.00041375479806924086,-5.5149558794095844e-05
1682,421,500.0,0.0004488424416633362,3.402415978552792e-05,-0.0004406741197350121,0.0005440336505194565,-6.116704907059242e-05
1680,421,496.0,0.0004282473538662389,-2.216944370444017e-05,-0.0002393049386962276,0.0004580596136647832,-5.198170350298445e-05
1681,421,497.0,0.0005464514314209856,-2.549634160534087e-06,-0.0003415299954953989,0.0005952328606358144,-5.1331063375362846e-05
1684,422,497.0,0.00043921965962675016,-5.606704236500875e-05,-0.0005223435751228189,0.0005514900926271082,-0.00016833747536536687
1685,422,454.0,0.0007533824589230631,6.959174408715637e-05,-0.0009213763985279649,0.0009851821880842446,-0.000162207985074025
1686,422,455.0,0.0005516059031311603,0.0002517819226170879,-0.001044532440306941,0.0009450497903027382,-0.00014166196455448995
1687,422,500.0,0.00029509757987014953,7.406812526549693e-05,-0.0006103139965923996,0.0005091353114398127,-0.00013996960630416626
1691,423,476.0,0.00031766837973284945,-6.762103303799113e-05,-0.00023875145959915576,0.0003516567419043073,-0.00010160939520944897
1690,423,501.0,0.00034825873285667525,-7.498589385296426e-05,-0.000287481519068742,0.00039245942366911835,-0.00011918658466540736
1688,423,477.0,0.0003873593917473467,-6.018750917533125e-05,-0.00017558772629723204,0.0004039654735634694,-7.679359099145396e-05
1689,423,498.0,0.000430621540721942,-6.620084396807874e-05,-0.00021283354394034757,0.0004524558845821051,-8.803518782824184e-05
1692,424,498.0,0.0003937135665099791,-5.14270861284292e-05,-0.0002219003729880334,0.00041983480426341114,-7.754832388186126e-05
1693,424,499.0,0.00045913682257129815,-4.739881685588184e-05,-0.0002913491198914235,0.0004980430364709851,-8.630503075556881e-05
1694,424,502.0,0.0003537446550745879,-4.2419166991958864e-05,-0.0003657305737661404,0.00042524790057894954,-0.00011392241249632052
1695,424,501.0,0.00030748288657879777,-4.735284071304525e-05,-0.0002827576612478025,0.0003569241688566511,-9.679412299089856e-05
1698,425,503.0,0.00035352539853335165,3.287404424277135e-05,-0.0005180607152279158,0.00049783236723829,-0.00011143292446216699
1696,425,499.0,0.0003865110896536738,-2.5621692176811017e-05,-0.0003186970788517339,0.00044093522540301195,-8.004582792614921e-05
1697,425,500.0,0.000490232301637538,3.4603005457716575e-06,-0.00045149574474222763,0.000578808418119796,-8.511581593648637e-05
1699,425,502.0,0.00028018492789889243,-2.7442427663455457e-06,-0.0003704705669084472,0.0003717961652929055,-9.435548016035859e-05
1703,426,503.0,0.00016503560351784075,0.0001309723524741004,-0.0005348475564136111,0.0004159695605216374,-0.00011996160452969624
1702,426,456.0,0.00028558042073817695,0.0003419361604274823,-0.0008654334511886096,0.0007473914961356782,-0.00011987491497001898
1701,426,455.0,0.00046033871351595576,0.00020643565620718162,-0.0009079211272802696,0.0008047648296095505,-0.00013799045988641308
1700,426,500.0,0.0002898645922002659,3.418682920493254e-05,-0.0005651980957628866,0.0004721950217023704,-0.0001481436002971719
1704,427,476.0,0.0003379983791887437,-6.792661553221092e-05,-0.0002737864598116174,0.00037984914071929616,-0.0001097773770627634
1705,427,501.0,0.0003747660255444124,-5.741859446346031e-05,-0.00034353480567960283,0.00043471705837121335,-0.00011736962729026122
1706,427,504.0,0.0002594855870093112,-4.953930712786722e-05,-0.0003722629747310736,0.0003468802024420689,-0.00013693392256062492
1707,427,475.0,0.00024045339673575347,-6.125952690825137e-05,-0.00029809490720768966,0.0003016648851071821,-0.00012247101527968
1710,428,505.0,0.00024565897317878164,-1.3456619970566761e-05,-0.0004455225685322736,0.00037379830972976576,-0.00014159595652155088
1711,428,504.0,0.00022009931337447358,-3.1602200367268526e-05,-0.0003452730562118183,0.0003078879345251495,-0.00011939082151794446
1708,428,501.0,0.0003272815209813002,-4.004770577794702e-05,-0.0003212662475703468,0.000387616273717389,-0.00010038245851403581
1709,428,502.0,0.0003766594569016672,-2.377890583739613e-05,-0.00041618090724302413,0.00046521243048598855,-0.00011233187942171743
1712,429,502.0,0.0002909965346948448,1.161683054927518e-06,-0.00039145136492837324,0.0003896147388807537,-9.745652113098141e-05
1713,429,503.0,0.0003594080473221066,4.559682851374898e-05,-0.0005355951712461161,0.0005128811052390499,-0.00010787622940319433
1714,429,506.0,0.00021091091009782688,6.866386492806862e-05,-0.00054141549914246,0.0004196824413149068,-0.00014010766628901134
1715,429,505.0,0.00017549877204800501,1.910270734580333e-05,-0.00039597827990706276,0.0003101730765636818,-0.00011557159716987346
1719,430,506.0,6.271084027533597e-05,0.00015118811500578359,-0.0004035698176554324,0.0003135268395816532,-9.962788430053364e-05
1716,430,503.0,0.0001399063721579507,0.00010726445142800255,-0.00047763601348253804,0.00036296046080834055,-0.00011578963722238728
1717,430,456.0,0.00020392057233754174,0.00025956497430068825,-0.0006764415892434716,0.0005711059722402965,-0.00010762042560206659
1718,430,457.0,9.584668285484224e-05,0.0003210583022831019,-0.0005727488609605542,0.0005161705174135981,-9.926553227565397e-05
1723,431,474.0,0.00014330257779283234,-2.1561134589816308e-05,-0.00030922802469409913,0.00023608631374216418,-0.00011434487053914815
1722,431,507.0,0.00014330221972457327,-6.588233069770161e-07,-0.00038083870754271505,0.0002748916512185298,-0.0001322482548009336
1720,431,475.0,0.00024524449325136893,-2.5478494965217252e-05,-0.0003255628434642426,0.00032159158505389853,-0.00010182558676774688
1721,431,504.0,0.00026377902011483906,-5.288528701669949e-06,-0.00040014315615345165,0.00037034267997464664,-0.00011185218856147753
1724,432,504.0,0.00022151232490194225,8.295756723942366e-07,-0.0003592366507269053,0.00032197408536406655,-9.963218478973004e-05
1725,432,505.0,0.00024426681097904426,3.3695124849957285e-05,-0.00045296171878345635,0.00038873822690936447,-0.00011077629108036295
1726,432,508.0,0.00011911544494122746,4.007177663433554e-05,-0.00042100116789589234,0.00029377220733113087,-0.00013458498575556784
1727,432,507.0,0.000119115884527397,6.047014696691636e-06,-0.00033308762125873817,0.0002384592003087979,-0.00011329630108470926
1731,433,508.0,7.078905931883796e-05,5.1997234163477044e-05,-0.0003367782816724174,0.00023004422419020302,-0.00010725793070788802
1730,433,509.0,7.078851736836214e-05,0.00011234327378114754,-0.00044516373973221834,0.0003151154163486206,-0.00013198362519911092
1728,433,505.0,0.00016897551142731372,4.480031262515472e-05,-0.0003785194626801953,0.00030607153561591305,-9.229571156344461e-05
1729,433,506.0,0.00019702827084544516,0.0001030898168106425,-0.0004988305000161713,0.0004038583251966246,-0.00010374023754053697
1732,434,506.0,3.798971495085589e-05,0.00013123758188385136,-0.0003059660220039902,0.00024454361067310156,-7.531631383839429e-05
1733,434,457.0,5.390931329475601e-05,0.0002116271366990742,-0.0003869180296105709,0.00034168236612738183,-7.614591613355165e-05
1734,434,458.0,-1.8099497967674627e-06,0.00022155235235537775,-0.00031885904069169774,0.00030452589930476763,-8.478349674615737e-05
1735,434,509.0,-1.8096422519219696e-06,0.00013832747179454776,-0.000257352948721588,0.00021477593677641098,-7.825810723378519e-05
1738,435,510.0,9.021397205200704e-05,3.336229698076181e-05,-0.0003312300673152715,0.00022982493885704495,-0.0001062486698242761
1736,435,474.0,0.00014330254722793104,9.084251103095371e-06,-0.00031534060742418983,0.00024755139409521516,-9.516459576418878e-05
1737,435,507.0,0.00014330232364719205,3.336229698076181e-05,-0.0003600548447137107,0.0002765650788913621,-9.990045826340822e-05
1739,435,473.0,9.346260015556662e-05,9.084251103095371e-06,-0.00028827957921850195,0.00020146066009286422,-9.891380883420223e-05
1743,436,510.0,5.874281312076568e-05,3.336229698076181e-05,-0.00027377257773801913,0.0001835258205616011,-9.14207104600736e-05
1742,436,511.0,5.453386968540426e-05,6.72848196490791e-05,-0.0003292485326621443,0.0002256570176289191,-0.00010383832829443572
1741,436,508.0,0.00011911571465927917,6.72848196490791e-05,-0.0003670595800323046,0.00027855073044672814,-9.215019613836986e-05
1740,436,507.0,0.0001191160043717953,3.336229698076181e-05,-0.0003091195641117296,0.0002366360047974962,-8.415770344493909e-05
1744,437,508.0,7.078936084884205e-05,6.72848196490791e-05,-0.00027647461714630506,0.00020728550410533796,-6.921132360741681e-05
1745,437,509.0,7.078908077047183e-05,0.00010752964227383418,-0.0003324878488152657,0.0002564151823994735,-7.809645935516753e-05
1746,437,512.0,1.2423549737905493e-05,0.00010752964227383418,-0.000290553078490588,0.00021283785684213472,-9.288466483039503e-05
1747,437,511.0,1.64930884197223e-05,6.72848196490791e-05,-0.00023746354890928807,0.00016330635087466932,-7.95284428058679e-05
1748,438,509.0,-1.8090310590114511e-06,0.00010752964227383418,-0.0001351194097878438,0.0001397685911554562,-3.404797994063347e-05
1749,438,458.0,-1.809106489057341e-06,9.918463246794476e-05,-0.00015020485705935505,0.00013918808673573808,-4.181256075685066e-05
1750,438,459.0,-1.643205042840823e-05,9.918463246794476e-05,-0.0001582940403565842,0.00013938677588792885,-5.663419384839232e-05
1751,438,512.0,-1.5336202735726986e-05,0.00010752964227383418,-0.00014260242905126189,0.00014021296257712802,-4.8019523039020835e-05
1755,439,472.0,5.3687627423297524e-05,2.0125501448862645e-05,-0.00021386769768668747,0.00014514912585917303,-7.133599698701285e-05
1754,439,513.0,4.804518319634528e-05,4.280980309932943e-05,-0.00024940594722081856,0.00017015793822227975,-7.930295192660504e-05
1752,439,473.0,9.697355151249386e-05,2.0125501448862645e-05,-0.00023915240485156836,0.00018414759129943933,-6.704853833808282e-05
1753,439,510.0,9.415213522033332e-05,4.280980309932943e-05,-0.0002763385079717316,0.00020901477830879227,-7.205283998912952e-05
1756,440,510.0,6.268043421570405e-05,4.280980309932943e-05,-0.00021888111287331896,0.00016263572739368858,-5.71454900786551e-05
1757,440,511.0,6.015230910295932e-05,6.430443084587493e-05,-0.0002521217729987476,0.00018830635034271936,-6.384961039388511e-05
1758,440,514.0,2.1360693334606523e-05,6.430443084587493e-05,-0.00022816311751250665,0.00015891720016141558,-7.325207598093413e-05
1759,440,513.0,2.6417291594939968e-05,4.280980309932943e-05,-0.0001964841045587508,0.00013319691026613293,-6.396981557186353e-05
1763,441,514.0,-4.16343340506678e-07,6.430443084587493e-05,-0.0001527754390863341,0.00011490354200229201,-5.1015454496923765e-05
1762,441,515.0,-3.792932350728598e-06,7.210490490416214e-05,-0.00017488315097861917,0.00012947728268546845,-6.116531013203492e-05
1761,441,512.0,2.042377437634288e-05,7.210490490416214e-05,-0.00018301110203695382,0.0001413485164540287,-4.881983717352369e-05
1760,441,511.0,2.2112301300853537e-05,6.430443084587493e-05,-0.00016033681905097165,0.00012610600074849818,-3.9689268601769725e-05
1764,442,512.0,-7.337079298204777e-06,7.210490490416214e-05,-3.506009833608402e-05,7.5801188596564e-05,-1.1033362990606629e-05
1765,442,459.0,-7.569761848333356e-06,2.2608084895935413e-05,-4.185879197503642e-05,3.332061933014381e-05,-1.828229628254175e-05
1766,442,460.0,-1.0674683691196118e-05,2.2608084895935413e-05,-8.983847376448258e-05,5.386945118403295e-05,-4.193604997929365e-05
1767,442,515.0,-1.020928655864721e-05,7.210490490416214e-05,-7.944369230841741e-05,8.81468615332873e-05,-2.6251243187772372e-05
1770,443,516.0,2.2771679614497914e-05,3.83524491332342e-05,-0.00017556919547228288,0.00011869166039242933,-5.756753164469722e-05
1771,443,471.0,2.9086400908137633e-05,2.8535876224266643e-05,-0.00014873242241275272,0.00010317785920486056,-4.555558207245628e-05
1768,443,472.0,6.138414873613218e-05,2.8535876224266643e-05,-0.00015967431408702576,0.00012646905428872508,-3.6549029328326245e-05
1769,443,513.0,5.717404476791865e-05,3.83524491332342e-05,-0.00018722409335718282,0.0001418471371704949,-4.632064326934204e-05
1772,444,513.0,3.5546153166515077e-05,3.83524491332342e-05,-0.00013430225069511678,0.00010411508454965867,-3.0216482249909395e-05
1773,444,514.0,3.2320385783152564e-05,4.691309231609722e-05,-0.00015525980407860365,0.00011758877545769082,-3.835529735844103e-05
1774,444,517.0,7.573960923773146e-06,4.691309231609722e-05,-0.00014571781511385842,0.00010271081903900102,-4.8223765799130654e-05
1775,444,516.0,1.2412500987477038e-05,3.83524491332342e-05,-0.00012538213172597588,8.940114395067725e-05,-3.863619382996601e-05
1779,445,517.0,-2.6296172521214634e-06,4.691309231609722e-05,-8.735682927575594e-05,7.235551973487128e-05,-2.807204467089552e-05
1776,445,514.0,1.0542594775845432e-05,4.691309231609722e-05,-7.987195173208943e-05,7.260933669746598e-05,-1.515364960552332e-05
1777,445,515.0,8.568325753435108e-06,3.919146005718337e-05,-9.458265858138838e-05,7.358818109477741e-05,-2.582839528415894e-05
1778,445,518.0,-5.591156679803783e-06,3.919146005718337e-05,-0.00010262853514862724,7.278697823870265e-05,-3.918667486132306e-05
1782,446,461.0,-6.894267204189675e-06,-6.784222566578904e-06,-5.850625674383089e-05,2.2413935232328233e-05,-3.609242500309681e-05
1783,446,518.0,-5.125417880934638e-06,3.919146005718337e-05,-4.037019346362497e-05,4.7006918859654505e-05,-1.2940876683405776e-05
1780,446,515.0,2.1528224030380877e-06,3.919146005718337e-05,8.564709411996996e-07,3.919641059322049e-05,2.147871867000964e-06
1781,446,460.0,9.735083512027454e-07,-6.784222566578904e-06,-1.3940244936144763e-05,5.0713718251580005e-06,-1.0882086040534159e-05
1784,447,471.0,3.87063781167301e-05,2.4020651548647314e-05,-0.00010557364966654395,8.465860388587128e-05,-2.1931574220493878e-05
1785,447,516.0,3.441559890358069e-05,2.780841201058265e-05,-0.00012443709933268252,9.341819818495363e-05,-3.119418727079029e-05
1786,447,519.0,1.1039397521299746e-05,2.780841201058265e-05,-0.00011993997659455122,7.997718261372428e-05,-4.1129373081841895e-05
1787,447,470.0,1.6760633369153344e-05,2.4020651548647314e-05,-0.0001013517187336433,7.119634773456333e-05,-3.0415062816762675e-05
1790,448,520.0,2.3669593341157924e-06,2.837279737943988e-05,-8.977495853126037e-05,6.210275434287874e-05,-3.136299762932307e-05
1791,448,519.0,7.096563632539785e-06,2.780841201058265e-05,-7.366205617248718e-05,5.5711732399812146e-05,-2.0806756756689712e-05
1788,448,516.0,2.4056954597378305e-05,2.780841201058265e-05,-7.425014103096435e-05,6.310510882290908e-05,-1.1239742214948138e-05
1789,448,517.0,2.050958859808362e-05,2.837279737943988e-05,-9.040403633879361e-05,6.981387154834514e-05,-2.0931485570821643e-05
1792,449,517.0,1.030601042218901e-05,2.837279737943988e-05,-3.204305050069113e-05,3.773210541764261e-05,9.467023839862805e-07
1793,449,518.0,7.79422616356551e-06,1.8302140853926926e-05,-4.5763022479163376e-05,3.6525142945438215e-05,-1.0428775927945779e-05
1794,449,521.0,-4.2149217659125104e-06,1.8302140853926926e-05,-5.625656278753291e-05,3.734137747207991e-05,-2.3254158384065494e-05
1795,449,520.0,-8.659145065738338e-07,2.837279737943988e-05,-4.1805029056578985e-05,3.926110071347535e-05,-1.17542178406093e-05
1796,450,518.0,8.259350756826406e-06,1.8302140853926926e-05,1.6495528107384264e-05,2.2936833010812474e-05,3.6246585999408576e-06
1797,450,461.0,5.9022661019255546e-06,-1.732787082153655e-05,-2.0851261870180604e-06,5.948962222565665e-06,-1.737456694217666e-05
1798,450,462.0,-4.582066345036606e-06,-1.732787082153655e-05,-3.662303432048694e-05,8.433830854744199e-06,-3.0343768021317354e-05
1799,450,521.0,-1.4391786423255393e-06,1.8302140853926926e-05,-1.5453756132904894e-05,2.096681391020215e-05,-4.103851698600765e-06
1803,451,469.0,7.943358516929525e-06,1.5052726228240946e-05,-6.07215028457439e-05,4.2066179448224645e-05,-1.9070094703054174e-05
1802,451,522.0,1.029338397491933e-06,1.5558153296695314e-05,-7.957303279363358e-05,4.873800999651288e-05,-3.2150518302325635e-05
1801,451,519.0,2.362930014523923e-05,1.5558153296695314e-05,-8.017311497540182e-05,5.9882905715797134e-05,-2.069545227386259e-05
1800,451,470.0,2.916055431253714e-05,1.5052726228240946e-05,-6.128486933663219e-05,5.3550503037486124e-05,-9.337222496708038e-06
1804,452,519.0,1.9686032973531553e-05,1.5558153296695314e-05,-3.389507204585272e-05,3.469484408230985e-05,5.493421879170172e-07
1805,452,520.0,1.4810732844575472e-05,1.336784079812044e-05,-5.130982251203703e-05,3.975434002446087e-05,-1.1575766381764955e-05
1806,452,523.0,-3.890949323424875e-06,1.336784079812044e-05,-5.3751220575746356e-05,3.2965469800477824e-05,-2.3488578325782255e-05
1807,452,522.0,2.203343627564004e-06,1.5558153296695314e-05,-3.6177337541236365e-05,2.8162544883050046e-05,-1.0401047958790728e-05
1808,453,520.0,1.1578287272521678e-05,1.336784079812044e-05,-3.3400430929225733e-06,1.4367687327928506e-05,1.0578440742713613e-05
1809,453,521.0,8.04574434480447e-06,5.900385010980042e-06,-1.766674937759248e-05,1.5871331366437447e-05,-1.9252020106529338e-06
1810,453,524.0,-4.6214194302125755e-06,5.900385010980042e-06,-2.5447701498529027e-05,1.4408050982619056e-05,-1.312908540185159e-05
1811,453,523.0,-2.057711637835219e-07,1.336784079812044e-05,-1.0578537527174484e-05,1.5185516177282228e-05,-2.0234465429453096e-06
1815,454,524.0,6.846095427183105e-07,5.900385010980042e-06,2.788540596860775e-06,6.24970340745884e-06,3.3529114623951197e-07
1814,454,463.0,-3.4215348502335263e-06,-1.6791273788910213e-05,-1.675832664820888e-05,6.126375141980162e-07,-2.0825446153341754e-05
1812,454,521.0,1.0821487468393176e-05,5.900385010980042e-06,2.313605727703727e-05,2.0187753179619206e-05,-3.4658807002459902e-06
1813,454,462.0,7.536549343725718e-06,-1.6791273788910213e-05,5.237578062712231e-06,7.815258103687707e-06,-1.70699825488722e-05
1816,455,469.0,2.5066508361896653e-05,4.755996407937338e-06,-1.7319475100939508e-05,2.8257423311478553e-05,1.5650814583554378e-06
1817,455,522.0,1.6522670924502304e-05,5.23650678350469e-06,-4.0667134847998526e-05,3.198168210184764e-05,-1.022250439384064e-05
1818,455,467.0,-1.1404699249220607e-05,5.23650678350469e-06,-4.009663569484734e-05,1.8622296444582243e-05,-2.479048891029816e-05
1819,455,468.0,-1.1521413706139239e-06,4.755996407937338e-06,-1.678388161769663e-05,1.069862317164433e-05,-7.0947681343209154e-06
1823,456,467.0,-9.068893651050826e-06,5.23650678350469e-06,1.7700302976375593e-06,5.291050991933889e-06,-9.123437859480025e-06
1822,456,466.0,-2.0264990968368868e-05,4.316604901883009e-06,-2.431785734558628e-05,9.31462590710598e-06,-2.526301197359184e-05
1821,456,523.0,8.366552243540062e-06,4.316604901883009e-06,-2.3292502893172695e-05,1.816256377381315e-05,-5.479406628390078e-06
1820,456,522.0,1.769667615457264e-05,5.23650678350469e-06,2.7285604043969514e-06,1.7844303884868943e-05,5.088879053208386e-06
1824,457,523.0,1.2051730403181415e-05,4.316604901883009e-06,1.9880180155397442e-05,1.8850161857620355e-05,-2.481826552555929e-06
1825,457,524.0,3.7200346431212963e-06,9.216843463212429e-07,-4.291080089239077e-06,4.882310876060812e-06,-2.405918866182725e-07
1826,457,465.0,-2.0181318285465016e-05,9.216843463212429e-07,-7.828559061265686e-06,1.6243273454449467e-06,-2.088396128458872e-05
1827,457,466.0,-1.0183329251514488e-05,4.316604901883009e-06,1.658931807720261e-05,8.083143222989235e-06,-1.3949867572620713e-05
1828,458,524.0,9.026063616052182e-06,9.216843463212429e-07,2.394516200615246e-05,1.761361039901335e-05,-7.665862436639924e-06
1829,458,463.0,4.231421988787169e-06,-7.448015954111527e-06,7.704867241126873e-06,5.3876706034800655e-06,-8.604264568804423e-06
1830,458,464.0,-8.564189574015307e-06,-7.448015954111527e-06,-4.082914834349638e-07,-7.411849980053398e-06,-8.600355548073436e-06
1831,458,465.0,-2.8106460227802013e-06,9.216843463212429e-07,1.644000263138594e-05,7.484694336485031e-06,-9.37365601294399e-06
1835,459,582.0,0.0002809967410167258,-0.00010113922268858001,-0.0002117259369616136,0.0003083639710343526,-0.00012850645270620685
1834,459,581.0,0.00031247343508209596,-0.0001013816987877082,-0.00021467477381678646,0.0003386559978840213,-0.00012756426158963349
1832,459,584.0,0.0002835592425896923,-0.00010564659897857348,-0.00018129760255240074,0.0003036363207587166,-0.00012572367714759776
1833,459,586.0,0.0003129802107837785,-0.0001058949094730401,-0.00018390575763139495,0.0003322770457843821,-0.00012519174447364373
1836,460,583.0,0.0003053045306313333,-0.00011283411766800208,-0.0001576315033726709,0.0003196673102946157,-0.00012719689733128447
1837,460,580.0,0.00030766900797498135,-0.00010943915689563073,-0.0001500170440388634,0.0003207476931440438,-0.00012251784206469317
1838,460,581.0,0.00031356448352073095,-0.00011026917594888862,-0.00014841786623476065,0.000326182079830731,-0.00012288677225888868
1839,460,586.0,0.0003133482287153988,-0.00011730545464383262,-0.00016169508722171586,0.0003280256784210263,-0.00013198290434946012
1843,461,585.0,0.00026390260490137193,-0.00010852657496339315,-0.0001616069779627298,0.0002806783530032095,-0.00012530232306523072
1842,461,584.0,0.0002732263686393427,-0.00010623664476443456,-0.00019212354959740122,0.00029615870280572457,-0.00012916897893081643
1841,461,586.0,0.00033373773158040104,-0.00010650484114601373,-0.00019328324049186496,0.00035401815792729933,-0.00012678526749291202
1840,461,583.0,0.0002982003952225554,-0.00010934430886409754,-0.0001536009084694423,0.00031219278143574487,-0.00012333669507728697
1844,462,576.0,0.00030027423850231653,-0.00011704216524801377,-0.00013234853065360267,0.00031051619332266196,-0.0001272841200683592
1845,462,583.0,0.00030446373707766067,-0.00011357771090689958,-0.00016530177472877296,0.00032021140997510664,-0.00012932538380434558
1846,462,585.0,0.00026507906765048297,-0.00011227535399391291,-0.0001733242223635311,0.0002840299170661171,-0.00013122620340954704
1847,462,575.0,0.0002641327862257315,-0.00011676564631732888,-0.00013109126019326608,0.0002750964136439837,-0.00012772927373558111
1850,463,584.0,0.0002803123505087865,-8.904828880344523e-05,-0.00021894701815424605,0.0003103208047975233,-0.00011905674309218209
1851,463,582.0,0.00027732053425224765,-7.945177276803708e-05,-0.0002541126938222435,0.00031794336470062555,-0.00012007460321641499
1848,463,567.0,0.00024470472974160405,-7.928733362302812e-05,-0.00024602585364327974,0.0002861168946641546,-0.00012069949854557867
1849,463,568.0,0.00024148912984040677,-8.841440017287464e-05,-0.00021096312517752958,0.00027233175909717065,-0.00011925702942963852
1852,464,585.0,0.00027335050320719933,-9.491669386494977e-05,-0.00019606205255131605,0.0002978200307802582,-0.00011938622143800866
1853,464,584.0,0.0002851587682178164,-9.0068282929403e-05,-0.00023531994117521014,0.0003190011155779259,-0.00012391063028951253
1854,464,568.0,0.0002322505244215442,-8.965238576550902e-05,-0.00023176047374233975,0.0002696260725173008,-0.00012702793386126562
1855,464,569.0,0.00023809531464599742,-9.478719422115287e-05,-0.00019254102354691448,0.0002639317308207003,-0.00012062361039585575
1859,465,570.0,0.00022843838429841695,-9.842784845485715e-05,-0.00016923244542710325,0.0002490440917467782,-0.00011903355590321842
1856,465,575.0,0.00026505333782066154,-9.848745112666968e-05,-0.00017248830517955886,0.000284475712011879,-0.00011790982531788716
1857,465,585.0,0.00026577035120414587,-9.515140330474027e-05,-0.00020448744278931362,0.0002927218814475942,-0.0001221029335481886
1858,465,569.0,0.00023033875154689857,-9.504553606136623e-05,-0.00020179796976521266,0.000259086778046506,-0.0001237935625609737
1862,466,578.0,0.0003293447599699035,-0.0001261414825204938,-9.99057948701098e-05,0.00033475871289716556,-0.0001315554354477559
1863,466,579.0,0.0003294302660116974,-0.00012051914507552259,-9.819894539469728e-05,0.0003347257851033878,-0.000125814664167213
1860,466,580.0,0.0003310763850995699,-0.00012106690843003909,-9.148010558843785e-05,0.0003356571649436534,-0.0001256476882741226
1861,466,583.0,0.00033058412667642464,-0.00012656886867807923,-9.485076362975627e-05,0.00033545223084441934,-0.0001314369728460739
1864,467,577.0,0.0003167853515043855,-0.0001270482492870087,-8.466994504672393e-05,0.0003207873776734913,-0.00013105027545611448
1865,467,578.0,0.00031620747258661284,-0.00012559968817920584,-0.00010535561264264463,0.00032240154323694343,-0.00013179375882953646
1866,467,583.0,0.0002965524502176681,-0.00012571351788472025,-0.00010235322809812927,0.00030266629072298783,-0.00013182735839004
1867,467,576.0,0.0002941290578353465,-0.00012702769920258376,-8.338050927007325e-05,0.0002982163049559112,-0.00013111494632314842
1870,468,559.0,0.00024255151112257713,-8.225812496219173e-05,-0.0003048717567017221,0.0003028842559921957,-0.00014259086983181031
1871,468,567.0,0.0002462589589337389,-7.921818194116259e-05,-0.00024233657072931201,0.00028641345315409217,-0.00011937267616151582
1868,468,582.0,0.0003006994354191016,-7.91680341825909e-05,-0.00023865383775314823,0.0003350729389855775,-0.00011354153774906684
1869,468,558.0,0.00030064980388281627,-8.173780704461345e-05,-0.00029136670029038594,0.0003498280220766472,-0.00013091602523844436
1872,469,581.0,0.0003277699398376681,-0.00010033346366909203,-0.00019395792855231297,0.00034871409025107416,-0.0001212776140824981
1873,469,557.0,0.00032445207124079996,-9.865266076944054e-05,-0.0002241459907571068,0.00035230471741271334,-0.00012650530694135388
1874,469,558.0,0.0003007111648270274,-9.846545165159053e-05,-0.00022621496286830654,0.0003305325232153624,-0.00012828681003992551
1875,469,582.0,0.0003007416078867689,-0.00010025471911865349,-0.00019388504393944364,0.00032294810561459843,-0.00012246121684648302
1876,470,580.0,0.00034298565085489653,-0.00011266013367630431,-0.00014708699164976517,0.0003545618313076504,-0.00012423631412905817
1877,470,556.0,0.0003420341537462932,-0.00010188046208485074,-0.00015601283549260964,0.000355342754425101,-0.0001151890627636585
1878,470,557.0,0.00033316315009943726,-0.00010347833770436767,-0.00014493218484549087,0.0003448756250353843,-0.00011519081264031473
1879,470,581.0,0.00033433832799781207,-0.00011512580489434783,-0.00013544703393425332,0.0003443209318208101,-0.00012510840871734585
1883,471,580.0,0.00034974001061384777,-0.00012231726168028664,-7.733522385915126e-05,0.0003528864176752661,-0.00012546366874170492
1882,471,556.0,0.00034995582048767855,-0.00010509856486103225,-7.343149702175242e-05,0.00035289916735143235,-0.00010804191172478607
1881,471,555.0,0.00034784356574348724,-0.00010321903044005886,-8.92912954173642e-05,0.0003522200758668506,-0.00010759554056342225
1880,471,579.0,0.0003476814526238853,-0.00012106214146661085,-9.286746430670935e-05,0.00035223690545170723,-0.0001256175942944328
1884,472,541.0,0.0003202512443833509,-0.00013418470629185622,-3.073157919847389e-05,0.0003207702133620525,-0.00013470367527055775
1885,472,542.0,0.0003202512443833509,-0.0001313849679703714,-3.252492256981734e-05,0.00032083606381556244,-0.00013196978740258292
1886,472,578.0,0.000318327394174288,-0.00013144044627062332,-2.9485903058789308e-05,0.00031881013562657496,-0.00013192318772291023
1887,472,577.0,0.00031837645833730603,-0.00013418769639428164,-2.7802778627009604e-05,0.00031880306444399137,-0.00013461430250096695
1890,473,542.0,0.00033756983277044485,-0.0001313849679703714,-3.284481973557952e-05,0.00033814422845854453,-0.00013195936365847108
1891,473,543.0,0.00033756983277044485,-0.0001218122110466429,-3.6283139261210004e-05,0.0003382851521245782,-0.00012252753040077624
1888,473,579.0,0.00033399500402241794,-0.00012222197855425422,-2.6183142493519523e-05,0.0003343703700097106,-0.00012259734454154688
1889,473,578.0,0.00033420723304859734,-0.00013155789539445896,-2.342076556304841e-05,0.00033450147252607357,-0.00013185213487193516
1892,474,543.0,0.00035056359288322247,-0.0001218122110466429,-3.681810543645827e-05,0.0003512799294970438,-0.0001225285476604642
1893,474,544.0,0.00035056359288322247,-0.00010378683983593533,-3.449158166956602e-05,0.0003512172514046353,-0.00010444049835734811
1894,474,555.0,0.0003528861381357877,-0.00010456187624939118,-1.659706855451637e-05,0.00035303663178893805,-0.00010471236990254148
1895,474,579.0,0.00035272572387972864,-0.00012250189513318864,-2.0155428720232058e-05,0.0003529393366670326,-0.00012271550792049263
1899,475,574.0,0.0002983495595754301,-0.0001273677884755767,-7.439008990759582e-05,0.0003015748656988738,-0.0001305930945990204
1896,475,577.0,0.0002987299984100675,-0.00012711114326455046,-8.975050069635979e-05,0.00030340758376783594,-0.00013178872862231895
1897,475,576.0,0.0002821170000617268,-0.00012710753944712982,-8.968841392372178e-05,0.0002869735438144579,-0.00013196408319986097
1898,475,573.0,0.000282056407741647,-0.00012736524923159974,-7.426966026469022e-05,0.0002853973009701728,-0.00013070614246012548
1902,476,576.0,0.0002823088445251306,-0.00011739416409952221,-0.0001385414907497471,0.0002939734387506942,-0.0001290587583250858
1903,476,575.0,0.0002571995014963016,-0.00011748816576283717,-0.00014165348131344943,0.0002701408125756664,-0.000130429476842202
1900,476,572.0,0.00025558949158723844,-0.00011622832680236475,-0.00011757878789634118,0.00026466344153342435,-0.00012530227674855069
1901,476,573.0,0.0002822187524561563,-0.00011619871239109054,-0.00011562222479141217,0.00029043770331096063,-0.0001244176632458949
1904,477,571.0,0.00022395670954264424,-0.00010111885017139675,-0.00014909282720036807,0.00024023642788280512,-0.00011739856851155763
1905,477,572.0,0.0002577769225351467,-0.00010114391191644756,-0.00015140708032922515,0.0002730909064618427,-0.0001164578958431435
1906,477,575.0,0.0002599031502228963,-9.865738357439868e-05,-0.0001834774371181503,0.00028201157859315286,-0.0001207658119446552
1907,477,570.0,0.0002240549346347407,-9.861386224461208e-05,-0.0001812419840252046,0.0002477636455324303,-0.0001223225731423017
1910,478,574.0,0.00029715639209327606,-0.0001327370266342484,-2.6102254346395577e-05,0.00029755224653611626,-0.00013313288107708862
1911,478,540.0,0.0003039198436099481,-0.00013272692621825853,-2.447814963186124e-05,0.0003042626320119333,-0.00013306971462024377
1908,478,541.0,0.0003039198436099481,-0.00013418470629185622,-3.0714895059472114e-05,0.0003044575282560053,-0.00013472239093791343
1909,478,577.0,0.00029730968658358073,-0.00013418312785893057,-3.225320362328435e-05,0.0002979115622648504,-0.00013478500354020026
1912,479,574.0,0.0002817142218803897,-0.00012738404673803271,-7.628894612459261e-05,0.00028524043251105353,-0.00013091025736869654
1913,479,573.0,0.0002677600108642016,-0.00012741363070827065,-7.959203098544584e-05,0.0002717278342752879,-0.00013138145411935694
1914,479,565.0,0.00026739434346302604,-0.00012443415000174367,-6.657194219200201e-05,0.0002702018820097634,-0.00012724168854848109
1915,479,566.0,0.00028168740696918673,-0.00012442719602670743,-6.32913300915661e-05,0.00028413853792066024,-0.00012687832697818097
1919,480,572.0,0.0002472043639761591,-0.00011634207797881884,-0.00012309162082032796,0.00025734099330233454,-0.00012647870730499427
1916,480,564.0,0.00024701197277156046,-0.0001151603766057119,-0.0001028644151169775,0.00025417423668920526,-0.00012232264052335667
1917,480,565.0,0.0002683618969108589,-0.00011515361451394722,-0.00010150200415812594,0.00027496417015561924,-0.00012175588775870756
1918,480,573.0,0.000268916994052789,-0.00011631504182983915,-0.00012136080767292511,0.0002782490926595745,-0.00012564714043662465
1922,481,572.0,0.0002475156146541325,-0.00010118644005246231,-0.00015597746042811562,0.00026416333802855934,-0.00011783416342688917
1923,481,571.0,0.00022016213268192739,-0.00010118079407732584,-0.00015564373664302307,0.0002380167523646964,-0.00011903541376009485
1920,481,563.0,0.0002197435619386472,-0.00010172992563300997,-0.00013033901709778688,0.00023245238784941075,-0.00011443875154377352
1921,481,564.0,0.00024727831633056165,-0.00010172833777135948,-0.00013100990125902278,0.00025916787999389105,-0.00011361790143468885
1924,482,540.0,0.0002859582559823553,-0.00013272692621825853,-2.459290727195671e-05,0.00028631908216610714,-0.00013308775240201037
1925,482,574.0,0.00028161480696260385,-0.00013274894687829674,-2.806727814904514e-05,0.0002820895532207909,-0.00013322369313648378
1926,482,566.0,0.0002816064065419713,-0.00012951635577388692,-2.4000215791762647e-05,0.00028195637527294025,-0.0001298663245048559
1927,482,539.0,0.0002859582559823553,-0.0001295065421568329,-2.0534562379635052e-05,0.0002862118340512209,-0.00012976012022569851
1928,483,550.0,0.00012981282789531132,-2.7185000317797754e-05,-0.00023106190778734124,0.00019099025689484498,-8.836242931733142e-05
1929,483,551.0,0.00012609368977250894,-3.633586260313592e-05,-0.00020585635560807503,0.00017598974325675309,-8.623191608738006e-05
1930,483,593.0,0.00014984597852214787,-3.771069227691563e-05,-0.00021142703493886878,0.00019738191687465958,-8.524663062942734e-05
1931,483,591.0,0.0001587287262926236,-2.9567526691242523e-05,-0.00023600210861854203,0.00021553793993372468,-8.63767403323436e-05
1935,484,591.0,0.00015832666701385244,-3.0245816149117695e-05,-0.00025828046618303537,0.00022393756472664517,-9.585671386191045e-05
1934,484,589.0,0.0001390572252331114,-2.877385066085529e-05,-0.00022541372118683664,0.00019565735877424297,-8.537398420198686e-05
1933,484,631.0,8.483713659240485e-05,-2.9595721634927423e-05,-0.0002466023491282214,0.0001635504665803,-0.00010830905162282256
1932,484,588.0,0.00012534710324952616,-3.129706737752024e-05,-0.000283794403110639,0.0002091026686380346,-0.00011505263276602868
1936,485,569.0,0.00023176843028177747,-7.171063933273389e-05,-0.00023243374148108637,0.0002711603880869285,-0.00011110259713788492
1937,485,568.0,0.00022783226581632888,-6.63486685803864e-05,-0.00025856760611427457,0.0002765731221429573,-0.00011508952490701488
1938,485,590.0,0.0001847178551255546,-6.690461323488356e-05,-0.00024718841757370626,0.00023526986851012203,-0.00011745662661945098
1939,485,593.0,0.00020479991304094437,-7.272735865252226e-05,-0.00022195760430682512,0.00024372038216933565,-0.00011164782778091354
1943,486,592.0,0.00018279377902528753,-7.601268950064449e-05,-0.0001876270627684919,0.00021322225534723316,-0.00010644116582259012
1940,486,570.0,0.00022989211069436143,-7.582110118649972e-05,-0.0001953195388229344,0.00025842616752665745,-0.00010435515801879573
1941,486,569.0,0.00023287841893070583,-6.907337726720728e-05,-0.00024657833730880666,0.0002768228658814142,-0.00011301782421791563
1942,486,593.0,0.00018229421455124347,-7.034346830436724e-05,-0.00023029392776208017,0.00022690013139644132,-0.00011494938514956509
1946,487,592.0,0.00018269842052887845,-5.4631510976257806e-05,-0.00019553415092474907,0.0002177857722922548,-8.971886273963415e-05
1947,487,593.0,0.00018225313418721197,-4.175887966318911e-05,-0.00023347381132801052,0.00023202738171642542,-9.153312719240256e-05
1944,487,551.0,0.00013833465457646806,-3.952692178951908e-05,-0.00022523585287167157,0.0001929011919488861,-9.409345916193713e-05
1945,487,552.0,0.00013710548405442956,-5.4551766832791723e-05,-0.00018036190146056286,0.00017286610334240506,-9.031238612076722e-05
1948,488,571.0,0.0002240263317801472,-8.199327947753615e-05,-0.0001719332672463934,0.0002465222602886289,-0.00010448920798601788
1949,488,570.0,0.00022412985240456793,-7.549348673617138e-05,-0.0002058274518315622,0.0002560728837949441,-0.00010743651812654753
1950,488,592.0,0.0001869831471486066,-7.571203839382964e-05,-0.00019756075131294269,0.0002199819955972316,-0.00010871088684245462
1951,488,587.0,0.00018659332905829416,-8.215565077765484e-05,-0.000163904421633357,0.0002096121947766271,-0.00010517451649598778
1952,489,552.0,0.00014989698061321916,-5.464002978010406e-05,-0.00019734992105065793,0.00018973968183545623,-9.448273100234113e-05
1953,489,553.0,0.0001497491057243748,-6.251965812068797e-05,-0.00016346035922062876,0.00017757116928026004,-9.03417216765732e-05
1954,489,587.0,0.0001866879664087556,-6.246660173328913e-05,-0.00017228566714353345,0.0002135705366961912,-8.934917202072475e-05
1955,489,592.0,0.00018707608085003803,-5.468481415036577e-05,-0.00020581076681140068,0.00022494575310325003,-9.255448640357777e-05
1958,490,588.0,0.00019789478890843305,-5.34457852574224e-05,-0.000286673546134094,0.00026285097314777365,-0.00011840196949676303
1959,490,590.0,0.00018072892554694964,-6.837162659425989e-05,-0.000224267711044987,0.00022376973761531276,-0.00011141243866262301
1956,490,568.0,0.0002444841188359338,-6.730932612235925e-05,-0.00024480524976566026,0.0002867948398546208,-0.00010962004714104622
1957,490,567.0,0.0002491817279903514,-5.4447403574469635e-05,-0.00029598338867176284,0.0003093794353812334,-0.00011464511096535162
1961,491,591.0,0.00017598885699638767,-4.781083207194554e-05,-0.00026945071655736993,0.00023922466665659317,-0.00011104664173215104
1962,491,593.0,0.00016961573537709052,-4.62015216600515e-05,-0.00025494757124454445,0.00022872159164840825,-0.00010530737793136922
1963,491,590.0,0.0001819835546295369,-4.429285031198925e-05,-0.00023563391001133263,0.00023218881773093123,-9.44981134133836e-05
1960,491,588.0,0.00018899552280286606,-4.680420954389792e-05,-0.0002585773511193509,0.00024606976920524883,-0.00010387845594628069
1964,492,589.0,0.0001449402625749701,-1.4943900511966654e-05,-0.00024361092121286815,0.00021069412001076124,-8.06977579477578e-05
1965,492,549.0,0.00011236623181504722,-1.3487347682298386e-05,-0.00023631683235297678,0.00018330949914192028,-8.443061500917144e-05
1966,492,550.0,0.00010610606363759684,-2.1729571454204494e-05,-0.00021065149224781896,0.00016539133126568554,-8.10148390822932e-05
1967,492,591.0,0.00013086623048389617,-2.359118720733958e-05,-0.00021404783594263822,0.0001856162793528926,-7.8341236076336e-05
1971,493,588.0,0.00023377177188331315,-5.443438074702897e-05,-0.00029698095723751546,0.0002965868408428467,-0.00011724944970656253
1968,493,567.0,0.00024339961743273693,-5.38782168678603e-05,-0.0002889203119969732,0.00030203410514355507,-0.00011251270457867844
1969,493,559.0,0.00024279832458505742,-6.157770630288797e-05,-0.00029949106716396084,0.0003041165546528423,-0.00012289593637067285
1970,493,560.0,0.00023246056271630615,-6.184096831891503e-05,-0.00030770749170340277,0.0002982048955570625,-0.00012758530115967138
3241,494,560.0,0.00021904813702534453,-6.4458805574395695e-06,-0.0003997518750536574,0.00033578376024264063,-0.00012318150377473564
3242,494,631.0,0.00021904813702534453,-6.4458805574395695e-06,-0.0003997518750536574,0.00033578376024264063,-0.00012318150377473564
3240,494,588.0,0.00021904813702534453,-6.4458805574395695e-06,-0.0003997518750536574,0.00033578376024264063,-0.00012318150377473564
1974,495,609.0,8.455799469053813e-05,1.64953948250888e-05,-0.00023449911987539172,0.00017261514089705467,-7.156175138142774e-05
1972,495,589.0,0.00010604443143294798,-1.2458547890014738e-05,-0.00022904054590237866,0.0001757333619038655,-8.214747836093227e-05
1973,495,548.0,0.00011142527999052389,1.4644781711007737e-05,-0.0002606829063100495,0.00020206923751362764,-7.599917581209602e-05
1975,495,549.0,8.036910980936673e-05,-9.056664446256712e-06,-0.00020558782842300914,0.00014775364046727652,-7.64411951041665e-05
1978,496,587.0,0.00018889513287590528,-8.193418547630221e-05,-0.00017375316071268666,0.0002143676084688455,-0.00010740666106924242
1977,496,571.0,0.00022053720764257916,-8.184009113290332e-05,-0.0001786308072871121,0.0002449482422855921,-0.00010625112577591624
1976,496,563.0,0.00022005217754359797,-8.569592436615382e-05,-0.00014925500961558702,0.00023729496858031102,-0.00010293871540286687
1979,496,562.0,0.0001887519227321277,-8.572341808208431e-05,-0.00014492862470712187,0.00020670850074822812,-0.00010367999609818472
1982,497,562.0,0.00018879153567426428,-6.915546045225054e-05,-0.00015297885417578545,0.00020976734790921104,-9.013127268719731e-05
1983,497,587.0,0.00018893547498953847,-6.240695516681021e-05,-0.0001819647701125889,0.00021841273296139638,-9.188421313866812e-05
1981,497,554.0,0.00015771299516900098,-6.922090893971781e-05,-0.00014545397238202758,0.00017901979326256248,-9.05277070332793e-05
1980,497,553.0,0.0001576723876837282,-6.245192575085742e-05,-0.00017448472639669532,0.0001880556234778821,-9.283516154501132e-05
1984,498,566.0,0.00026661917944328147,-0.00012443038111781745,-6.481216437429459e-05,0.00026928646223912586,-0.00012709766391366187
1985,498,565.0,0.00025527379271505276,-0.0001244389300583334,-6.883189707813236e-05,0.0002583679313868935,-0.00012753306873017413
1986,498,3.0,0.00025514658801569206,-0.00012067253177768016,-5.8181737167040115e-05,0.00025738507921475054,-0.00012291102297673864
1987,498,2.0,0.0002665272626562786,-0.00012067253177768016,-5.417385259423677e-05,0.0002684129704813342,-0.00012255823960273578
1990,499,565.0,0.0002556866761500706,-0.0001151649262722185,-0.0001036560963464609,0.0002627936626199898,-0.00012227191274213773
1989,499,3.0,0.0002554890945281772,-0.00011254039396280645,-8.707529263857119e-05,0.00026056943944884265,-0.0001176207388834719
1988,499,4.0,0.0002376669215574138,-0.00011254039396280645,-8.989101702697611e-05,0.000243343212067309,-0.00011821668447270164
1991,499,564.0,0.00023792253147543116,-0.00011518015023768914,-0.00010655901318191042,0.0002457867045563511,-0.0001230443233186091
1993,500,4.0,0.00023802080807585474,-0.00010125296224305821,-0.00011319609383210819,0.00024721348345188267,-0.00011044563761908614
1994,500,564.0,0.00023835003921876194,-0.00010171844638054948,-0.00013470973009032435,0.00025120461939553713,-0.00011457302655732467
1995,500,563.0,0.00021539905988660069,-0.00010171712767097392,-0.00013514518129178338,0.00022919735301981604,-0.00011551542080418927
1992,500,5.0,0.00021521330918221684,-0.00010125296224305821,-0.00011368940959998602,0.00022511418460727958,-0.00011115383766812094
1996,501,539.0,0.00027030248550325917,-0.0001295065421568329,-2.0579053257445933e-05,0.00027056712266274567,-0.00012977117931631943
1997,501,566.0,0.00026628091533148317,-0.0001295204913084229,-2.5499009749428703e-05,0.0002666911755235923,-0.000129930751500532
1998,501,2.0,0.00026624816104321627,-0.0001248793893153254,-2.1736520607102197e-05,0.0002665499245490192,-0.00012518115282112834
1999,501,1.0,0.00027030248550325917,-0.0001248793893153254,-1.6788014442536796e-05,0.00027048070115761724,-0.00012505760496968343
2002,502,562.0,0.0001895085565084189,-8.567984308337082e-05,-0.00015145934076078293,0.00020897213841529537,-0.00010514342499024729
2001,502,563.0,0.00021556033585844528,-8.56645980644492e-05,-0.00015391635023262896,0.00023408295077372273,-0.00010418721297972665
2000,502,5.0,0.0002153473915101527,-8.782054954497898e-05,-0.00012929621622715173,0.00022855746821599438,-0.00010103062625082065
2003,502,6.0,0.0001894092849233529,-8.782054954497898e-05,-0.00012702312875093654,0.0002032667064567612,-0.00010167797107838727
2004,503,554.0,0.0001631614760923437,-6.913748023119209e-05,-0.00015473741477661177,0.00018657065284021691,-9.25466569790653e-05
2005,503,7.0,0.00016324515120518662,-7.340634055357301e-05,-0.0001298410979556769,0.00017988480762393464,-9.004599697232102e-05
2006,503,6.0,0.00018943874067450794,-7.340634055357301e-05,-0.00013432981053571567,0.00020560687958017643,-8.95744794592415e-05
2007,503,562.0,0.00018954094428065994,-6.90966381117872e-05,-0.00015949631232853485,0.00021215344731986653,-9.170914115099379e-05
2008,504,559.0,0.0002652828755821367,-7.531431567574129e-05,-0.0002628961402980478,0.00031011262959380545,-0.00012014406968741007
2009,504,558.0,0.0003255632119922216,-7.475030794918997e-05,-0.00024875241076674666,0.00036105909687732425,-0.00011024619283429266
2010,504,476.0,0.0003206587572453,-7.756345840861768e-05,-0.000304234229055682,0.0003721167013628204,-0.00012902140252613807
2011,504,475.0,0.0002614705497286946,-7.881216318175212e-05,-0.0003317653392400869,0.0003289531425224808,-0.0001462947559755383
2012,505,477.0,0.0003666272385874367,-8.917272163492664e-05,-0.00022927014047143413,0.0003938342953502401,-0.00011637977839773001
2013,505,476.0,0.00032491711301876024,-8.590651749509079e-05,-0.0002570191617717113,0.00036180413438018,-0.00012279353885651055
2014,505,558.0,0.00033133094364893624,-9.327766721960363e-05,-0.0001854436912825854,0.00035069549405216446,-0.00011264221762283182
2015,505,557.0,0.0003662808068018719,-9.378587899862002e-05,-0.00018403038724726546,0.00038400164591165134,-0.00011150671810839942
2019,506,556.0,0.0003595875961802577,-0.00010439238767180576,-0.00014383381467779517,0.0003704790525269004,-0.00011528384401844852
2016,506,599.0,0.00036030874730389253,-6.39420387341574e-05,-0.00013189293128876983,0.0003703232171966418,-7.395650862690662e-05
2018,506,557.0,0.00036575692957174603,-0.00010926791889974744,-0.00011555324261405299,0.00037268322901945516,-0.00011619421834745656
2017,506,477.0,0.00036570226770722084,-7.538512639824186e-05,-0.00010868031677781307,0.00037229812054269894,-8.198097923371999e-05
2020,507,478.0,0.00042295460751631125,-4.974400828885629e-05,-6.039034718860036e-05,0.00042487561638528896,-5.1665017157834047e-05
2021,507,477.0,0.0003911359363337995,-7.488858742800582e-05,-0.00012115129482230536,0.0003988810694507133,-8.263372054491969e-05
2022,507,599.0,0.0003571823618423436,-6.569322778993796e-05,-0.00012657564836395744,0.00036645090985848634,-7.496177580608077e-05
2023,507,598.0,0.0003685794591024071,-3.678220781495313e-05,-7.198654787662906e-05,0.000371750601636924,-3.995335034947007e-05
2024,508,598.0,0.00038033152362952106,-4.654467707849515e-05,-2.515709586109645e-05,0.0003807018481580903,-4.691500160706441e-05
2025,508,599.0,0.00037650258980343083,-7.90055357853535e-05,-4.893441937458762e-05,0.00037781305387698025,-8.031599985890294e-05
2026,508,594.0,0.0003639177247434615,-7.415800253053706e-05,-7.20462497381287e-05,0.0003668601557994662,-7.710043358654173e-05
2027,508,595.0,0.00036477259583300205,-4.151065597639308e-05,-5.4203987387811334e-05,0.0003665725182717007,-4.331057841509172e-05
2028,509,555.0,0.0003591619114179708,-0.00010398884077796523,-8.40153637639042e-05,0.0003629411616862814,-0.00010776809104627585
2029,509,594.0,0.00035963711225264674,-7.37745609431058e-05,-7.324999384162971e-05,0.00036271027832571526,-7.684772701617429e-05
2031,509,556.0,0.00036668945119680985,-0.00010687196436416705,-6.018745173539189e-05,0.0003685941763895741,-0.00010877668955693129
2030,509,599.0,0.0003674182291429958,-7.862870322747191e-05,-4.919034032599065e-05,0.00036877031613729807,-7.998079022177414e-05
2032,510,596.0,0.0003683738962339377,-1.9515660416231425e-05,-5.1371676629292234e-05,0.000370067404881246,-2.1209169063539704e-05
2033,510,600.0,0.0003800540845941905,-2.0376264739693956e-05,-3.2868098036563376e-05,0.0003807274216297582,-2.1049601775261655e-05
2034,510,598.0,0.00037766643488594716,-4.246064733333392e-05,-5.0312198743580894e-05,0.0003791673535495045,-4.396156599689122e-05
2035,510,595.0,0.0003681173607764706,-3.997655110320357e-05,-6.434695909865798e-05,0.00037063829443863554,-4.249748476536856e-05
2036,511,478.0,0.0003872092230544216,-2.6028800307472083e-05,-0.00010666448965608935,0.0003939812709950291,-3.2800848248079536e-05
2037,511,598.0,0.00036890801685814274,-2.6887173842816473e-05,-9.728647996492569e-05,0.00037479860330801593,-3.277776029268965e-05
2038,511,600.0,0.00037554927447156286,-3.138509601000116e-05,-6.0379301787243794e-05,0.00037777679137666854,-3.3612612915106854e-05
2039,511,479.0,0.00039885199893003286,-2.9382382337400747e-05,-7.994538154640005e-05,0.0004025512156960464,-3.308159910341425e-05
2042,512,600.0,0.0003838075269961914,-1.856733848981837e-05,-7.30411481914342e-05,0.00038709536274794085,-2.185517424156783e-05
2041,512,601.0,0.0003840045886234801,-2.112075714659753e-05,-7.00104216802902e-05,0.00038700699359043016,-2.412316211354763e-05
2040,512,597.0,0.00038078407377023504,-2.125166754603048e-05,-6.726792184956823e-05,0.00038357843937729733,-2.4046033153092772e-05
2043,512,596.0,0.00038170094951010466,-1.8643622402976635e-05,-7.125891692028388e-05,0.0003848471387967894,-2.1789811689661398e-05
2044,513,440.0,0.0004028122049568924,-1.946478816111687e-05,-0.00011044611146268472,0.0004099145171699956,-2.6567100374220076e-05
2045,513,479.0,0.0003993259894824524,8.742330917454495e-06,-0.0001332129588377945,0.0004103720425315425,-2.303722131635598e-06
2046,513,600.0,0.0003819525273743851,-4.588494426344224e-06,-0.00010219184649034284,0.0003885927059229952,-1.1228672974954336e-05
2047,513,601.0,0.00038476671876769286,-5.3092455689150096e-05,-5.965480372339266e-05,0.00038678924867288503,-5.5114985594342266e-05
2048,514,440.0,0.0003970129870736229,-2.5013043804979344e-05,-9.712936503618319e-05,0.0004025294640201623,-3.0529520751518735e-05
2049,514,601.0,0.0003920490828005774,-2.0062078409533307e-05,-9.12754796684595e-05,0.00039704256188464576,-2.5055557493601694e-05
2050,514,597.0,0.00040043080349327215,-2.030464108661898e-05,-8.692227544129447e-05,0.00040487334416446335,-2.4747181757810177e-05
2051,514,527.0,0.0004025184363832465,-2.5013043804979344e-05,-9.399055206808782e-05,0.00040762331470901153,-3.0117922130744372e-05
2052,515,560.0,0.00013765034921961634,-5.892368743475702e-05,-0.00022366196492251515,0.00018824753626660236,-0.00010952087448174304
2053,515,559.0,0.00026532333183706264,-6.032665202277776e-05,-0.00026133536013208704,0.0003112709928356821,-0.00010627431302139722
2054,515,475.0,0.00026010329742900094,-2.9434243729664167e-05,-0.0003536538513146531,0.00034386408417754036,-0.00011319503047820358
2055,515,474.0,0.0001527387825531329,-2.479063913748611e-05,-0.00033251649814631905,0.00025244417351796237,-0.00012449603010231561
2059,516,527.0,0.00039398609045110215,-3.048869752211221e-05,-5.8853159290672e-05,0.00039601636783805896,-3.251897490906902e-05
2056,516,597.0,0.00039326439484665965,-2.1928537401467494e-05,-5.816208334646911e-05,0.00039529140005154786,-2.3955542606355745e-05
2058,516,526.0,0.00039658862774190687,-3.048869752211221e-05,-5.104986496811889e-05,0.00039810875385609803,-3.200882363630335e-05
2057,516,602.0,0.00039629893686799617,-2.05823622870079e-05,-4.861451820130369e-05,0.00039771144366722636,-2.1994869086238095e-05
2060,517,547.0,0.00038291818515426637,-2.317131309742417e-05,-2.3904824007138503e-05,0.00038326967566986705,-2.3522803613024862e-05
2061,517,525.0,0.00038291818515426637,-2.9364887872104982e-05,-1.2927822952660262e-05,0.00038301950361450975,-2.946620633234836e-05
2062,517,526.0,0.00039377451551489764,-2.9364887872104982e-05,-1.905331146573666e-05,0.0003939888921751048,-2.9579264532312107e-05
2063,517,602.0,0.00039576741924506054,-1.6540366097962107e-05,-4.2906937411192614e-05,0.0003968806942174359,-1.7653641070337428e-05
2064,518,547.0,0.0003831431147039467,-2.3170115868656368e-05,-2.4111858035049533e-05,0.0003835005179988277,-2.352751916353735e-05
2065,518,602.0,0.00040154642809458324,-2.0064683764080508e-05,-4.4339219690409104e-05,0.0004027089688481326,-2.1227224517629794e-05
2066,518,597.0,0.00037389051171657015,-1.9309763976090036e-05,-4.332864194775063e-05,0.0003750805581677807,-2.0499810427300567e-05
2067,518,596.0,0.0003689305616159655,-2.2560162348188266e-05,-2.4795773145369106e-05,0.00036932278993458405,-2.2952390666806813e-05
2071,519,595.0,0.00036929096531018897,-4.3433531794426274e-05,-6.97022691103534e-06,0.00036932039208264393,-4.346295856688125e-05
2068,519,546.0,0.00036933027996603057,-4.423115257405183e-05,-2.728287238841498e-05,0.0003697797579307869,-4.468063053880819e-05
2069,519,547.0,0.00036933027996603057,-2.316981137673864e-05,-2.7323633029912447e-05,0.00036980523437472955,-2.3644765785437604e-05
2070,519,596.0,0.0003692899725908517,-1.832509014009777e-05,-6.505874206079454e-06,0.0003693172699166516,-1.8352387465897735e-05
2072,520,545.0,0.0003638079456600718,-7.565818805406234e-05,-3.16830484934829e-05,0.00036437824818457456,-7.622849057856509e-05
2073,520,546.0,0.0003638079456600718,-4.423115257405183e-05,-2.7499702534320922e-05,0.00036427075478400405,-4.4693961697984106e-05
2074,520,595.0,0.00036778958618676263,-4.3056691437900854e-05,2.5683738173274545e-06,0.00036779360014525353,-4.306070539639173e-05
2075,520,594.0,0.00036754989449819253,-7.698973248162583e-05,-3.7492176766032448e-06,0.0003675577995208136,-7.699763750424694e-05
2077,521,545.0,0.0003599907213336969,-7.565818805406234e-05,-3.150223707012838e-05,0.0003605594689099238,-7.622693563028921e-05
2076,521,544.0,0.0003599907213336969,-0.00010378683983593533,-3.4897614007434186e-05,0.0003606462750745443,-0.00010444239357678271
2079,521,555.0,0.0003629649817508346,-0.00010484809816742015,-1.0385762081717084e-05,0.0003630226173595821,-0.00010490573377616762
2078,521,594.0,0.0003631391664906756,-7.689366668210706e-05,-5.568399473125651e-06,0.0003631567821258694,-7.691128231730087e-05
2080,522,561.0,0.00012974242412863365,-1.9211297169211537e-05,-0.0002916577246075535,0.0002190118912337493,-0.0001084807642743272
2081,522,560.0,0.0001508307702584085,-1.778674680612453e-05,-0.0003203952313059529,0.0002475503046147145,-0.00011450628116243053
2082,522,474.0,0.00015380690919270662,9.084251103095371e-06,-0.0003447909720588286,0.0002684117951292409,-0.00010552063483343892
2083,522,473.0,0.00013234125080309467,9.084251103095371e-06,-0.0003166451801736858,0.00024060717265542134,-9.91816707492313e-05
2084,523,548.0,7.903486469330867e-05,1.337606866233217e-05,-0.0002203917826512445,0.00016118765590340307,-6.877672254776222e-05
2085,523,561.0,0.00012162152484563281,1.3514916230075594e-05,-0.00022816539186507577,0.00019380855172335614,-5.867211064764774e-05
2086,523,473.0,0.0001265215550283194,2.0125501448862645e-05,-0.00026964986344949794,0.00021826417908887486,-7.16171226116928e-05
2087,523,472.0,9.050604945858368e-05,2.0125501448862645e-05,-0.00026379847231521904,0.00019182864621504738,-8.119709530760106e-05
2091,524,618.0,8.623477571806024e-05,-1.982194523717255e-05,-7.829492934868527e-05,9.911947165093761e-05,-3.270664117004992e-05
2088,524,619.0,8.211087032416716e-05,-1.4428244959595283e-05,-9.31937229048524e-05,0.00010093242753484668,-3.3249802170274805e-05
2090,524,621.0,7.070270962345263e-05,-2.285756821489228e-05,-6.398988820022905e-05,8.059759029198324e-05,-3.275244888342289e-05
2089,524,622.0,6.129056984005392e-05,-1.4819619848408503e-05,-8.51096434055813e-05,8.032402983617346e-05,-3.385307984452804e-05
2092,525,536.0,5.976299332921108e-05,-1.1829168939888213e-05,-6.694830453475922e-05,7.297587356511875e-05,-2.5042049175795877e-05
2095,525,535.0,5.6635067479179554e-05,-1.0335789787020819e-05,-7.347375519431692e-05,7.285750649629194e-05,-2.6558228804133198e-05
2094,525,622.0,6.391927461185318e-05,-1.0026005774092144e-05,-7.647822882846274e-05,8.013691542982926e-05,-2.624364659206823e-05
2093,525,621.0,6.64602889808262e-05,-1.1387857710477693e-05,-7.04626914624167e-05,8.003698903756925e-05,-2.4964557767220736e-05
2097,526,623.0,6.655805906321307e-05,-9.934309533285359e-06,-8.253115342445223e-05,8.457570359635662e-05,-2.7951954066428905e-05
2098,526,534.0,5.691818243565294e-05,-1.0215910171581816e-05,-7.877705069288341e-05,7.51024890275539e-05,-2.8400216763482773e-05
2099,526,535.0,6.061998955337808e-05,-1.1077325951568216e-05,-7.065969055563594e-05,7.510347093693321e-05,-2.5560807335123348e-05
2096,526,622.0,6.876497116850913e-05,-1.090849131915963e-05,-7.31503909682709e-05,8.30088286871523e-05,-2.5152348837802793e-05
2100,527,620.0,6.375836000792334e-05,-6.549569418547695e-06,-8.510430661757239e-05,8.379938588508337e-05,-2.6590595295707715e-05
2102,527,534.0,6.051421130190502e-05,-1.1939155263180441e-05,-7.382936645458117e-05,7.600857228013557e-05,-2.7433516241411e-05
2103,527,623.0,7.265823582668432e-05,-9.937743686273272e-06,-8.427611782572692e-05,9.036143221819901e-05,-2.7640940077787966e-05
2101,527,533.0,5.771026157325165e-05,-8.257914320170478e-06,-7.865798516347856e-05,7.605569452018301e-05,-2.6603347267101837e-05
2104,528,620.0,7.270858163038827e-05,-1.251571259870026e-05,-8.811758963212565e-05,9.139058172710299e-05,-3.119771269541498e-05
2105,528,623.0,6.498072563938286e-05,-9.947727710845743e-06,-8.939888099119414e-05,8.583980700645499e-05,-3.080680907791788e-05
2106,528,622.0,6.735786340721084e-05,-1.5115133696509166e-05,-8.024079086406746e-05,8.365478942264307e-05,-3.1412059711941395e-05
2107,528,619.0,7.216997368171378e-05,-1.4978874620239207e-05,-8.29171730005445e-05,8.874157878196683e-05,-3.155047972049226e-05
2109,529,624.0,7.333784388028567e-05,-1.4686776156421877e-05,-5.746737685112958e-05,8.188700533761568e-05,-2.3235937613751888e-05
2110,529,538.0,2.9441748514628593e-05,-1.331345515548127e-05,-5.25114168674597e-05,4.1922145521430466e-05,-2.5793852162283143e-05
2111,529,12.0,4.135900356687025e-05,-1.993336820706171e-05,-2.8055191532247448e-05,4.441685530740886e-05,-2.299121994760032e-05
2108,529,11.0,7.354661620068322e-05,-1.993336820706171e-05,-3.584841085776166e-05,7.686562929530604e-05,-2.3252381301684536e-05
2112,530,537.0,4.2422921908109174e-05,-1.1991299830251814e-05,-6.41900492858111e-05,5.72909520211832e-05,-2.6859329943325843e-05
2115,530,625.0,7.135933548335291e-05,-1.188390672889365e-05,-6.78192486808539e-05,8.342404379553279e-05,-2.3948615041073526e-05
2113,530,538.0,4.923047661385075e-05,-1.3203016024333921e-05,-4.909970354396477e-05,5.772746183407453e-05,-2.17000012445577e-05
2114,530,624.0,6.908770528309995e-05,-1.340208268381252e-05,-4.8074388219373695e-05,7.558093003481495e-05,-1.9895307435527535e-05
2116,531,536.0,5.251475274172662e-05,-1.070904330147636e-05,-6.819057018846771e-05,6.73980218042987e-05,-2.559231236404844e-05
2117,531,537.0,5.654284783464074e-05,-1.2242362937891962e-05,-5.961728077153415e-05,6.76629477832962e-05,-2.336246288654743e-05
2119,531,621.0,6.284808822300345e-05,-1.0166161373924027e-05,-7.317707615371073e-05,7.802743437828255e-05,-2.5345507529203115e-05
2118,531,625.0,7.208069337407905e-05,-1.2119039480402126e-05,-6.293853293135553e-05,8.254234790161421e-05,-2.2580694007937284e-05
2120,532,618.0,9.300011736827502e-05,-2.6516744187575036e-05,-7.819914765028971e-05,0.00010465489770949804,-3.817152452879805e-05
2121,532,624.0,7.313108131631191e-05,-2.3507100268173623e-05,-7.901326627662245e-05,8.722600014461916e-05,-3.760201909648088e-05
2122,532,11.0,7.332851897103813e-05,-3.107412040455901e-05,-5.8593137284377456e-05,8.09875927947612e-05,-3.873319422828209e-05
2123,532,10.0,9.196393153146527e-05,-3.107412040455901e-05,-6.54742341567871e-05,0.00010013213101157526,-3.9242319884668993e-05
2124,533,618.0,7.10196591883587e-05,-1.944240040703451e-05,-6.997089871826727e-05,8.297103685502672e-05,-3.139377807370252e-05
2125,533,621.0,7.057870364696531e-05,-1.908497233880923e-05,-7.03174091953411e-05,8.272079132895804e-05,-3.122706002080197e-05
2126,533,625.0,7.145581884847145e-05,-1.7547180740269674e-05,-6.799296727350718e-05,8.29556081786596e-05,-2.904697007045782e-05
2127,533,624.0,7.158869928385568e-05,-1.91213763618064e-05,-6.89549051027796e-05,8.32053578579529e-05,-3.073803493590362e-05
2128,534,532.0,5.190180882819369e-05,-6.798325118730357e-06,-8.29876236435878e-05,7.337656699805262e-05,-2.8273083288589288e-05
2129,534,533.0,5.7719736462319426e-05,-1.1664777941761562e-05,-7.176073942996748e-05,7.293693368182568e-05,-2.6881975161267825e-05
2130,534,620.0,6.876691058770121e-05,-9.67670577511952e-06,-8.12413546695443e-05,8.601092980795938e-05,-2.6920724995377683e-05
2131,534,617.0,6.589719992336745e-05,-6.119725474913718e-06,-8.995140792616985e-05,8.750317406891407e-05,-2.772569962046035e-05
2135,535,618.0,8.49064476223264e-05,-3.132442494201528e-05,-8.645052713129615e-05,9.921909528959331e-05,-4.563707260928219e-05
2133,535,611.0,0.00010490090570331075,-2.0863087997549114e-05,-0.00011849082051325864,0.00012841430319988174,-4.437648549412011e-05
2132,535,610.0,0.0001062750212094633,-3.109906321255198e-05,-9.670135780745709e-05,0.00012158618087294941,-4.64102228760381e-05
2134,535,619.0,7.921336809367692e-05,-2.107076123133674e-05,-0.0001063066090330354,0.00010214318878829412,-4.400058192595394e-05
2136,536,620.0,7.528511629370082e-05,-1.3077676581811854e-05,-0.00011164646031536045,0.00010229521384523738,-4.008777413334842e-05
2137,536,619.0,7.3468677209876e-05,-2.1284744169775276e-05,-9.411911993152059e-05,9.286887046114685e-05,-4.0684937421046134e-05
2139,536,612.0,9.223851886828831e-05,-1.3154453186550383e-05,-0.00011985706477756798,0.00011934396661387683,-4.0259900932138905e-05
2138,536,611.0,9.285436019913426e-05,-2.1115366439200425e-05,-0.00010402882108557186,0.00011302371615291183,-4.128472239297799e-05
2141,537,620.0,6.427701673665433e-05,-1.2946630711423851e-05,-9.74676873300058e-05,8.784123703007595e-05,-3.6510851004845465e-05
2142,537,612.0,7.800251562395909e-05,-1.300689321015393e-05,-0.00010390840670965098,0.00010156239960297023,-3.656677718916508e-05
2143,537,613.0,7.855353247585364e-05,-6.440588590993571e-06,-0.00011789674669211627,0.00010872634791678222,-3.6613404031922146e-05
2140,537,617.0,5.936186861003716e-05,-4.951946975990896e-06,-0.0001118264152818009,9.170576319577541e-05,-3.7295841561729145e-05
2144,538,9.0,0.00011500960135624357,-3.9379928517020626e-05,-9.039341123413466e-05,0.00012726747155272384,-5.1637798713500903e-05
2146,538,618.0,9.496940120942016e-05,-3.0987268100052365e-05,-0.00010128052782741809,0.00011280385616829678,-4.882172305892899e-05
2147,538,10.0,9.333158345602426e-05,-3.9379928517020626e-05,-8.106741839794453e-05,0.00010473229301398088,-5.078063807497724e-05
2145,538,610.0,0.00011503913274453839,-3.078784832949324e-05,-0.00011037817360145478,0.0001335707755071669,-4.931949109212174e-05
2148,539,617.0,5.922470309538755e-05,-7.577843272789093e-06,-7.810022549749069e-05,7.720977397280863e-05,-2.5562914150210164e-05
2149,539,628.0,5.8942135550382746e-05,-4.342171219095603e-06,-8.418830691846874e-05,7.996062806248891e-05,-2.5360663731201762e-05
2150,539,531.0,5.1171300564150854e-05,-4.978590809388058e-06,-7.892913283174836e-05,7.152831310444464e-05,-2.533560334968185e-05
2151,539,532.0,5.3675946764520505e-05,-7.960822312212679e-06,-7.448260389963934e-05,7.11968567645755e-05,-2.548173231226768e-05
2155,540,627.0,5.1692839223503075e-05,6.888659436542297e-07,-8.09060397155871e-05,7.401133081412255e-05,-2.1629625646965244e-05
2153,540,531.0,4.6103536595271284e-05,-7.103516834013361e-06,-6.466413124657164e-05,6.137016752453029e-05,-2.237014776327236e-05
2152,540,530.0,4.224276638436532e-05,-1.7336281658222744e-06,-7.118106261321498e-05,6.208956328992189e-05,-2.1580425071378846e-05
2154,540,628.0,5.587721891016362e-05,-6.168456261353757e-06,-7.213180389441069e-05,7.242712283819403e-05,-2.2718360189384166e-05
2156,541,628.0,4.89414219577676e-05,-3.4921354228375622e-06,-8.989025600997409e-05,7.4757171711516e-05,-2.9307885176585963e-05
2157,541,629.0,5.804461117673437e-05,-3.3508755966809353e-06,-9.349087299250283e-05,8.32708097313923e-05,-2.857707415133885e-05
2159,541,627.0,4.640667682683647e-05,-1.0846133735127259e-06,-9.585142731457531e-05,7.614682134207069e-05,-3.0824757888746954e-05
2158,541,626.0,5.561954002935611e-05,-5.6720320010684305e-08,-0.00010201393794840447,8.589055178223733e-05,-3.03277320728919e-05
2160,542,613.0,7.345551732924199e-05,-5.183213817782728e-06,-0.00011880387349451522,0.00010537239673276855,-3.710009322130929e-05
2161,542,614.0,6.77058862421742e-05,-7.501662119271339e-07,-0.00012796126169027817,0.00010603872345225217,-3.90830034220051e-05
2162,542,626.0,5.15302210983247e-05,-2.045914938085037e-06,-0.00011833751661382858,8.9692461376001e-05,-4.020815521576134e-05
2163,542,629.0,5.888067908346728e-05,-1.3101520564440684e-05,-9.278088714097243e-05,8.160441998316924e-05,-3.5825261464142644e-05
2164,543,613.0,5.98524105290283e-05,-3.2417651438115553e-06,-0.00010119858673963457,8.793339695703208e-05,-3.132275157181534e-05
2165,543,629.0,6.129820495730243e-05,-2.9174040103703645e-06,-0.00010344979828900286,9.007041608024056e-05,-3.168961513330849e-05
2166,543,628.0,5.809602044558673e-05,-2.940124290981257e-06,-0.00010279391717605765,8.735252539220618e-05,-3.2196629237600706e-05
2167,543,617.0,5.816874072822782e-05,-3.1979096199263955e-06,-0.00010120105973774468,8.666210071603517e-05,-3.169126960773374e-05
2168,544,528.0,1.7688226118786968e-05,4.453474048086233e-06,-6.458499068947264e-05,4.4034389353106145e-05,-2.1892689186232944e-05
2169,544,529.0,2.4199550258519227e-05,-2.66652865225979e-06,-5.2749498959135666e-05,4.0365057374203354e-05,-1.883203576794392e-05
2170,544,615.0,4.193761612463626e-05,-1.8310057021469692e-06,-6.295668880266364e-05,5.839139632703769e-05,-1.82847859045484e-05
2171,544,616.0,3.8779411373886415e-05,4.7593864075526696e-06,-7.52791060861617e-05,6.307407753564293e-05,-1.953527975420384e-05
2175,545,469.0,2.6541642809567445e-05,4.755996407937338e-06,-5.701697356544182e-05,4.616746007527363e-05,-1.4869820857768845e-05
2173,545,528.0,1.1454774644283766e-05,3.6654957498911435e-06,-3.8502366335752686e-05,2.7201323292179437e-05,-1.2081052898004528e-05
2172,545,468.0,3.792838495629558e-06,4.755996407937338e-06,-5.560574272087289e-05,3.2081459260936525e-05,-2.3532624357369632e-05
2174,545,616.0,3.0083116315445316e-05,3.7006636788100783e-06,-4.022488380257122e-05,4.094430715245045e-05,-7.160527158195062e-06
2176,546,612.0,9.131299595119876e-05,-2.08436519827023e-05,-0.00014439495088229126,0.0001266526892402415,-5.618334527174505e-05
2177,546,611.0,9.222983716109488e-05,-3.172092311819988e-05,-0.00012079325569612932,0.00011679173453161313,-5.628282048871813e-05
2179,546,605.0,0.00011802504929284835,-2.0442589175128246e-05,-0.00015737838609214232,0.00015360206360180267,-5.601960348408255e-05
2178,546,604.0,0.00011761741062928793,-3.13701434059403e-05,-0.00013306580914721963,0.0001430033122522816,-5.675604502893396e-05
2181,547,610.0,0.00010529978047764746,-4.094306079522659e-05,-0.00011321456236154312,0.00012465066076732396,-6.029394108490308e-05
2182,547,603.0,0.0001297285713529224,-4.0906661023146326e-05,-0.00012356146248863106,0.0001497482913049817,-6.092638097520565e-05
2183,547,604.0,0.00012912293771737832,-3.0955769932584855e-05,-0.00014699936033817518,0.00015775051145400015,-5.9583343669206674e-05
2180,547,611.0,0.00010388936404695515,-3.127909916172684e-05,-0.00013563129087512497,0.0001320474435055,-5.94371786202717e-05
2184,548,610.0,0.00011506240941639052,-4.0897452054624336e-05,-0.0001261052225240587,0.00013736458767583357,-6.319963031406737e-05
2186,548,8.0,0.00013834786999479196,-4.8804219568924514e-05,-0.00011210816326881045,0.0001538522369507563,-6.430858652488886e-05
2187,548,603.0,0.00013805207906889602,-4.086848975209782e-05,-0.00013435057031018285,0.00016046521161915367,-6.328162230235546e-05
2185,548,9.0,0.00011502948629440145,-4.8804219568924514e-05,-0.0001038276462945022,0.00013009415648952672,-6.38688897640498e-05
2188,549,614.0,5.675525303017355e-05,-9.829084302324714e-07,-0.0001497801101651569,0.00010814789525978878,-5.23755506598477e-05
2189,549,613.0,6.876682178136133e-05,-1.3086527737059825e-05,-0.00013208374092620826,0.00010553520066851636,-4.985490662421486e-05
2190,549,606.0,9.100061853970116e-05,-1.2065833995207218e-05,-0.00014539637533404239,0.00012857799713834618,-4.964321259385223e-05
2191,549,607.0,9.242815962710697e-05,-6.984974227082063e-07,-0.0001684781227089538,0.0001421163922386391,-5.038673003424035e-05
2192,550,613.0,7.985111434225672e-05,-1.1558281065075456e-05,-0.00015001142766021824,0.00012198021707639318,-5.368738379921191e-05
2195,550,606.0,0.00010483004832111207,-1.0565041553591654e-05,-0.00016326782185462508,0.0001470980079595194,-5.2833001191999e-05
2193,550,612.0,7.895417828113378e-05,-2.1397603117538915e-05,-0.00012727553410245892,0.00010981769406246148,-5.2261118898866616e-05
2194,550,605.0,0.0001054272552445468,-2.101108283921523e-05,-0.00013981237759382818,0.00013646061172031823,-5.2044439314986656e-05
2196,551,470.0,3.553394339145602e-05,1.5052726228240946e-05,-0.00010780002263531714,8.015754248812828e-05,-2.957087286843132e-05
2197,551,469.0,1.672772168745222e-05,1.5052726228240946e-05,-0.00010201547726385735,6.690483757777163e-05,-3.5124389662078474e-05
2199,551,630.0,3.632030349409038e-05,1.0324650529628786e-05,-9.267037921651886e-05,7.144620597476865e-05,-2.4801251951049476e-05
2198,551,616.0,2.027083756814957e-05,9.817698798000006e-06,-8.608561717316984e-05,5.840323955646405e-05,-2.8314703190314476e-05
2200,552,616.0,2.789567762856264e-05,1.3320301790409545e-05,-0.00012097634092789449,8.153359320490823e-05,-4.0317613785936045e-05
2201,552,615.0,3.257156838628976e-05,4.009787433275507e-06,-0.00010263027025259573,7.155592855062916e-05,-3.497457273106389e-05
2202,552,608.0,5.314295294642224e-05,5.923585681222722e-06,-0.0001161939082124806,9.224429894700615e-05,-3.317776031936119e-05
2203,552,630.0,5.25170741341556e-05,1.4470181201575597e-05,-0.0001347020879264027,0.00010347973084834624,-3.6492475512615044e-05
2204,553,548.0,7.103082050852888e-05,1.92985180985524e-05,-0.00019304043139931927,0.00014509069102395207,-5.476135241687079e-05
2205,553,472.0,7.587915955955052e-05,2.8535876224266643e-05,-0.000213149421792444,0.00016137947226598095,-5.69644364821638e-05
2206,553,471.0,5.6793656562742836e-05,2.8535876224266643e-05,-0.00020310860552171135,0.00014519720977928353,-5.9867676992274036e-05
2207,553,609.0,5.4220551292881794e-05,1.988383119799547e-05,-0.00018530916609347386,0.00013128394993794801,-5.717956744707074e-05
2208,554,548.0,0.00011812898871333202,1.4820686084350706e-05,-0.0002931639192901639,0.00022189176775526273,-8.894209295758e-05
2209,554,589.0,0.00010531498274463091,-2.391960087729547e-05,-0.00022314207404700893,0.000169629807582249,-8.823442571491357e-05
2210,554,631.0,0.00017101383010495984,-3.8165466020645845e-05,-0.00024137661052009776,0.00022612597135099254,-9.327760726667855e-05
2211,554,561.0,0.00019873614870871692,1.583114443662109e-05,-0.0003451342767877112,0.00030258591844984907,-8.801862530451106e-05
2215,555,608.0,5.1800564685143546e-05,2.619205977329739e-06,-0.00015661089292659264,0.00010928573108930867,-5.486596042683539e-05
2213,555,609.0,7.764461964570278e-05,1.5989013595319205e-05,-0.00019389230598493117,0.00014854640926394277,-5.4912776022920774e-05
2212,555,549.0,7.405484296327952e-05,1.94883214229679e-06,-0.00017045657980090546,0.00013054199423346668,-5.4538319127890385e-05
2214,555,630.0,5.1117942786442494e-05,1.6296599359346613e-05,-0.00017665197996964525,0.00012373288962848084,-5.631834748269175e-05
2216,556,550.0,9.786823169816682e-05,-1.2521052229829115e-05,-0.0001822281064146735,0.0001492016104301497,-6.385443096181197e-05
2217,556,549.0,0.00010322873234976972,2.96541783153712e-07,-0.0002057415663085779,0.00016678940347536012,-6.326412934243669e-05
2219,556,607.0,7.401909625887743e-05,-1.115437917533174e-05,-0.00016915779730739943,0.0001261277667031946,-6.326304961964893e-05
2218,556,608.0,7.824240530856195e-05,1.016027394868768e-06,-0.00019093127331554997,0.00014260817606626797,-6.334974336283725e-05
2221,557,606.0,9.258233120683704e-05,-2.336478538048721e-05,-0.00016944515123047416,0.00013726766575791684,-6.805011993156701e-05
2222,557,551.0,0.00012177388505749554,-2.339408889539922e-05,-0.0001802672423319579,0.00016491588837661355,-6.653609221451722e-05
2223,557,550.0,0.00012538916381786037,-1.4764424958747455e-05,-0.0002047273547730157,0.00017936509837910306,-6.874035951999014e-05
2220,557,607.0,9.423175901252228e-05,-1.3719205609091637e-05,-0.0001958917929888093,0.00015208986437007579,-7.157731096664513e-05
2224,558,554.0,0.0001577159190957701,-5.362547254326945e-05,-0.00014334113488157635,0.00017972829260130233,-7.563784604880169e-05
2226,558,604.0,0.00012878511141273773,-4.5286609386494025e-05,-0.00016058139038374608,0.00016016308774640097,-7.666458572015728e-05
2227,558,603.0,0.00012947059531718663,-5.3761994092959686e-05,-0.00013398204824075898,0.00015135030392581645,-7.564170270158952e-05
2225,558,553.0,0.0001576781931020184,-4.509839914984895e-05,-0.00017030874775086826,0.00018869402826146884,-7.61142343092994e-05
2228,559,553.0,0.0001497304696756671,-4.532255839557813e-05,-0.0001592688528022114,0.00017811290213779585,-7.370499085770688e-05
2229,559,552.0,0.0001498559481682574,-3.41111162304804e-05,-0.00018804543549658624,0.00018940660030378878,-7.366176836601178e-05
2230,559,605.0,0.00011833129035427117,-3.429523420291308e-05,-0.00017527062432726084,0.00015822328586386237,-7.418722971250428e-05
2231,559,604.0,0.00011784280814836155,-4.557904723652916e-05,-0.00014616693389949385,0.00014575792136661762,-7.349416045478524e-05
2234,560,606.0,0.00010423858509143319,-2.3412281055099874e-05,-0.0001870816527630723,0.00015365436407071718,-7.282806003438386e-05
2235,560,605.0,0.00010496537472730761,-3.454326232175248e-05,-0.00015849699210846932,0.00014078562264602487,-7.036351024046974e-05
2232,560,552.0,0.0001368385423318099,-3.435932406590776e-05,-0.0001712650098826445,0.00017231852252132054,-6.983930425541839e-05
2233,560,551.0,0.00013762091848341148,-2.344688697190759e-05,-0.00019986490958406964,0.00018543110408595208,-7.125707257444819e-05
2236,561,7.0,0.0001632505465641223,-6.077986072646694e-05,-0.00012819245007594533,0.000180292430720371,-7.782174488271565e-05
2238,561,603.0,0.00013791718278429246,-5.359989761146854e-05,-0.00014471069825940444,0.00016217945148432847,-7.786216631150455e-05
2237,561,554.0,0.00016316838514288372,-5.348472538842643e-05,-0.00015262796522265594,0.00018735019383107532,-7.766653407661803e-05
2239,561,8.0,0.0001382358245068738,-6.077986072646694e-05,-0.00012073187620663655,0.0001551146530571274,-7.765868927672055e-05
2240,562,471.0,4.9887064992650346e-05,2.4020651548647314e-05,-0.00015825938219034448,0.0001171335056191587,-4.322578907786104e-05
2241,562,470.0,3.3350934520733067e-05,2.4020651548647314e-05,-0.00015001401453122905,0.0001038377370150607,-4.6466150945680324e-05
2242,562,630.0,3.407092059748949e-05,1.7002940157165997e-05,-0.00013629896027997704,9.42186647208088e-05,-4.3144803966153314e-05
2243,562,609.0,4.7648120576010075e-05,1.688530199160773e-05,-0.00014283300014338897,0.00010532082981455671,-4.0787407246938904e-05
2244,563,632.0,6.475232492887673e-05,-1.3397072382704926e-06,-0.0001447030485500142,0.00011124738153050612,-4.783476383989989e-05
2246,563,607.0,6.72777226403496e-05,-1.1243786338095522e-06,-0.00014092266132715442,0.00011139979109056153,-4.524644708402148e-05
2247,563,608.0,6.76424824711773e-05,-1.2221122518690916e-06,-0.00014254889253278048,0.00011236591637513422,-4.594554615582602e-05
2245,563,614.0,6.446784038691838e-05,-1.1217655609221423e-06,-0.00014104525487829145,0.000109447969640669,-4.6101894814672755e-05
2248,564,632.0,7.245632942206454e-05,2.7070967387498365e-06,-0.00013351899968534016,0.00011290149590153102,-3.7738069740716644e-05
2249,564,608.0,5.4460590944666563e-05,9.817751913110081e-06,-0.00013549977655979636,0.000103471444147049,-3.9193101289272355e-05
2250,564,615.0,3.565162944523664e-05,7.601642374867258e-06,-0.00012081884370358092,8.364275230030611e-05,-4.038948048020221e-05
2251,564,634.0,3.97973927805783e-05,-6.26115082072486e-06,-9.913778267536463e-05,7.14254384050917e-05,-3.788919644523826e-05
2254,565,614.0,6.269858736804995e-05,-2.572467788726214e-06,-0.00011807963154643764,9.752251062388781e-05,-3.739639104456407e-05
2255,565,632.0,6.403221726366745e-05,5.782381836247699e-06,-0.00013595284636866087,0.00010886035858584565,-3.90457594859305e-05
2252,565,634.0,4.565504574965615e-05,1.5329265880412645e-06,-0.00011827815396745888,8.671387824983545e-05,-3.952590591213804e-05
2253,565,626.0,4.999232788121047e-05,-3.841307228098084e-06,-0.00010930091270537103,8.39950264673409e-05,-3.784400581422852e-05
2256,566,633.0,4.413715563174672e-05,6.168433061587864e-07,-9.268469947546973e-05,7.357385264806636e-05,-2.881985371016085e-05
2257,566,627.0,4.7394046529015965e-05,-4.357971577135123e-06,-8.585621243108535e-05,7.164178581709865e-05,-2.86057108652178e-05
2258,566,626.0,5.600809656033587e-05,-2.792554455306154e-06,-9.352139676900399e-05,8.18431044304551e-05,-2.8627562325425375e-05
2259,566,634.0,5.359332878806036e-05,7.38177705259923e-07,-9.830860930148261e-05,8.29740179992423e-05,-2.864251150592201e-05
2260,567,634.0,4.285108868071902e-05,3.3920249474408797e-07,-8.027219554638566e-05,6.70123390416606e-05,-2.38220478661975e-05
2261,567,615.0,4.2808718618050565e-05,-9.649329199925595e-08,-8.059322829247553e-05,6.70073055709042e-05,-2.4295080244852887e-05
2262,567,529.0,4.253283872566842e-05,-4.820050098668701e-08,-8.105460766421723e-05,6.702166577986694e-05,-2.453702755518521e-05
2263,567,633.0,4.2371147516383906e-05,3.5826126971636417e-07,-8.111151778137857e-05,6.703789381412714e-05,-2.4308485028026862e-05
2264,568,529.0,2.954338213748825e-05,-7.567765307353884e-07,-6.21200055340651e-05,4.895120603430107e-05,-2.0164600427548208e-05
2266,568,627.0,5.270507275590558e-05,-3.5246720932281058e-06,-7.136917149653177e-05,7.001965896200051e-05,-2.0839258299323033e-05
2265,568,530.0,3.4848794833878486e-05,-8.046382702240609e-06,-5.312514609187753e-05,4.754164178044664e-05,-2.0739229648808764e-05
2267,568,633.0,4.353375480453496e-05,1.1134445602212998e-05,-9.035440248789106e-05,7.532793648922291e-05,-2.0659736082474954e-05
3243,569,560.0,0.00022138055923057696,-1.3547286657116593e-05,-0.000406319394217234,0.0003385901024532804,-0.00013075682987982
3244,569,561.0,0.00022138055923057696,-1.3547286657116593e-05,-0.000406319394217234,0.0003385901024532804,-0.00013075682987982
3245,569,631.0,0.00022138055923057696,-1.3547286657116593e-05,-0.000406319394217234,0.0003385901024532804,-0.00013075682987982
2270,570,900.0,0.0005134407448573325,-0.0001670507939697277,-2.232529527291388e-06,0.0005134425759508855,-0.00016705262506328076
2269,570,872.0,0.0005091280491884564,-0.00016705029901644785,-2.5224480637922597e-06,0.0005091304016455098,-0.00016705265147350123
2268,570,871.0,0.0005091134693555911,-0.00016733342677601316,-6.6332833734625285e-06,0.0005091297305694632,-0.00016734968798988524
2271,570,898.0,0.0005134137638288273,-0.0001673340447783568,-6.346005317639514e-06,0.0005134285530459569,-0.00016734883399548633
2274,571,898.0,0.0005133831937646598,-0.00016638575930111798,-1.0998329822861641e-05,0.0005134276777555236,-0.0001664302432919818
2272,571,899.0,0.0005144312417482942,-0.0001647908393009929,-8.314388157945607e-06,0.0005144566849954053,-0.00016481628254810398
2273,571,897.0,0.0005144228799865147,-0.0001663956137150849,-9.31637557256143e-06,0.0005144547500046692,-0.00016642748373323942
2275,571,900.0,0.0005133896780975776,-0.00016478142180924207,-9.999659691058843e-06,0.0005134265374386446,-0.00016481828115030904
2279,572,885.0,0.0005153480296978541,-0.00016238800405966218,-2.1594062123975882e-05,0.0005155199938583473,-0.0001625599682201553
2277,572,899.0,0.0005147251380170324,-0.00016473371820556004,-1.857309590765771e-05,0.0005148520388121244,-0.00016486061900065208
2276,572,886.0,0.0005147158250104755,-0.00016240037953132622,-1.9138484829924612e-05,0.0005148510338835506,-0.00016253558840440127
2278,572,900.0,0.0005153552163678667,-0.00016472010692408258,-2.10207435049313e-05,0.0005155176124115365,-0.00016488250296775234
2281,573,873.0,0.0005114362179397917,-0.00016682222908471047,-9.586913785261664e-06,0.0005114700930526769,-0.0001668561041975956
2280,573,872.0,0.000511412276499295,-0.0001670320671560263,-1.3470203243968332e-05,0.0005114791310979739,-0.00016709892175470524
2283,573,900.0,0.0005154483331089553,-0.00016703243060497866,-1.325876130632564e-05,0.0005155127225308751,-0.00016709682002689837
2282,573,885.0,0.0005154947491877518,-0.0001668225431744548,-9.373343856259458e-06,0.0005155269392814305,-0.00016685473326813358
2287,574,892.0,0.0005132092088207217,-0.00016064306006912012,-1.1738090045187305e-05,0.0005132603225120424,-0.0001606941737604408
2286,574,899.0,0.000514370941687551,-0.00016061726557326704,-1.5406916261895276e-05,0.0005144588477265977,-0.00016070517161231377
2284,574,893.0,0.0005132184673148979,-0.0001641145231524127,-1.0665567672228649e-05,0.0005132604508314655,-0.00016415650666898025
2285,574,897.0,0.0005143802642645391,-0.00016408964096443931,-1.4334306286917231e-05,0.0005144559674796842,-0.0001641653441795844
2288,575,886.0,0.000514565124885933,-0.00015550333000985953,-2.87652265629941e-05,0.0005148736968633617,-0.00015581190198728828
2289,575,887.0,0.000511181319613814,-0.00015553550189351188,-2.3425135980349038e-05,0.0005113870170449681,-0.00015574119932466594
2290,575,892.0,0.0005112478451060817,-0.00016058249541684317,-2.0319335496836455e-05,0.000511401448253494,-0.00016073609856425545
2291,575,899.0,0.000514614779445751,-0.00016054519785865275,-2.563616398964033e-05,0.0005148580463051357,-0.00016078846471803741
2295,576,896.0,0.0005122794200078593,-0.0001676634395956887,-1.992056287425381e-06,0.000512280879056837,-0.00016766489864466648
2293,576,871.0,0.0005081933452013368,-0.00016735058435845423,1.5933853628885553e-06,0.0005081942847676894,-0.0001673515239248068
2294,576,898.0,0.0005122996214028466,-0.00016735126937933746,1.913194519548994e-06,0.0005123009677948209,-0.00016735261577131171
2292,576,870.0,0.0005081798366671914,-0.00016766255765444515,-2.3088677664796775e-06,0.0005081818085969096,-0.00016766452958416345
2296,577,897.0,0.0005141654578767578,-0.00016644079701324036,-1.5751450145005952e-06,0.0005141663692254548,-0.00016644170836193744
2297,577,895.0,0.0005141555517841623,-0.0001675513673187808,-3.3716167943988185e-06,0.0005141597206322305,-0.000167555536166849
2298,577,896.0,0.000512266267766192,-0.0001675447645769929,-4.532927772658846e-06,0.0005122738239857988,-0.0001675523207965998
2299,577,898.0,0.0005122755347581262,-0.00016643395301151086,-2.73646350777354e-06,0.0005122782930082437,-0.00016643671126162837
2300,578,893.0,0.0005143488549886992,-0.00016415900449580356,-4.128843444591024e-06,0.0005143551361209444,-0.0001641652856280488
2301,578,894.0,0.0005143476724628268,-0.00016650053948500526,-4.342775279123079e-06,0.0005143545974664367,-0.0001665074644886152
2302,578,895.0,0.000514136478463479,-0.0001664844363295439,-6.812832170962485e-06,0.000514153526690551,-0.00016650148455661594
2303,578,897.0,0.000514137585937123,-0.0001641422005713972,-6.5997187284928815e-06,0.0005141536395101812,-0.0001641582541444554
2304,579,869.0,0.000508086412614274,-0.0001679884640503099,2.9869912144056543e-07,0.000508086445606611,-0.00016798849704264694
2307,579,879.0,0.0005117418950605392,-0.00016798968875790044,6.111330900331058e-07,0.0005117420324248999,-0.00016798982612226126
2306,579,896.0,0.0005117574246005438,-0.0001676797861906923,4.085793313925862e-06,0.0005117635670209991,-0.00016768592861114766
2305,579,870.0,0.0005080965523140205,-0.00016767890747508953,3.7690006857611646e-06,0.0005081018074825443,-0.00016768416264361345
2311,580,896.0,0.00051174606805637,-0.00016757899807230453,1.5462848536318408e-06,0.00051174694797155,-0.00016757987798748458
2309,580,878.0,0.0005139453253980644,-0.00016834748820550261,2.4759397687298956e-07,0.0005139453478601123,-0.00016834751066755052
2310,580,879.0,0.0005117367202774128,-0.00016834315794119772,-5.478185523995205e-07,0.0005117368305972177,-0.00016834326826100255
2308,580,895.0,0.0005139549162168251,-0.00016758354663787647,2.3411889589139423e-06,0.0005139569267965174,-0.00016758555721756873
2312,581,894.0,0.0005149136247519052,-0.00016653224992205467,5.202988011578091e-07,0.0005149137240667639,-0.00016653234923691337
2313,581,877.0,0.000514909369312911,-0.00016807221657127135,-4.088917169332851e-07,0.0005149094305123725,-0.00016807227777073286
2314,581,878.0,0.0005139348650390792,-0.00016806266034642388,-2.0306839917071107e-06,0.0005139363766531909,-0.00016806417196053565
2315,581,895.0,0.0005139390990955353,-0.000166521645268723,-1.100901418520095e-06,0.0005139395443758657,-0.00016652209054905334
2319,582,892.0,0.0005111420683789544,-0.00015586956340973287,-2.5326242679923894e-05,0.000511382389357268,-0.00015610988438804642
2316,582,887.0,0.0005110613541010611,-0.00014828473967911553,-2.9064176079229842e-05,0.00051138148809292,-0.00014860487367097437
2317,582,888.0,0.0005069545994722535,-0.00014835306168346004,-2.103212905766802e-05,0.0005071233128194866,-0.00014852177503069314
2318,582,889.0,0.0005070037590183402,-0.0001559289487626463,-1.7237339391604906e-05,0.0005071157898708562,-0.0001560409796151623
2323,583,889.0,0.0005111171497105341,-0.0001559739705015575,-1.1158343382056124e-05,0.0005111638074741709,-0.0001560206282651943
2320,583,890.0,0.0005111331642353029,-0.00016131280812958993,-9.259420931224949e-06,0.000511165037729913,-0.00016134468162420004
2321,583,893.0,0.0005131826320766454,-0.000161272112313119,-1.4905823158814502e-05,0.0005132649787581633,-0.00016135445899463687
2322,583,892.0,0.0005131663015498743,-0.0001559324756335389,-1.6804168082949072e-05,0.0005132717925331184,-0.000156037966616783
2324,584,891.0,0.0005136660043741151,-0.00016498764168825604,-3.924007253321843e-06,0.0005136716765252633,-0.00016499331383940422
2325,584,894.0,0.0005143273558405846,-0.00016496194065890877,-7.771432008873286e-06,0.0005143495824455422,-0.0001649841672638663
2326,584,893.0,0.0005143236511751526,-0.0001613193531005547,-8.376766517763368e-06,0.0005143496144133161,-0.00016134531633871826
2327,584,890.0,0.0005136622581859429,-0.00016134712569368663,-4.528743980127675e-06,0.0005136698541141384,-0.00016135472162188215
2330,585,894.0,0.0005148977588630629,-0.00016499447498770337,-2.9104810907003287e-06,0.0005149008736439614,-0.0001649975897686018
2331,585,891.0,0.0005150849064849174,-0.0001650114545117575,-3.7283275891933365e-07,0.0005150849575821822,-0.00016501150560902238
2328,585,876.0,0.0005150841331551734,-0.00016741565786101086,-5.605428342186913e-07,0.0005150842482497932,-0.00016741577295563073
2329,585,877.0,0.0005148969403071316,-0.00016740069607216573,-3.0989534492084636e-06,0.0005149004591024639,-0.00016740421486749807
2332,586,875.0,0.0005149448307430922,-0.0001667141711282381,5.5565478895153175e-08,0.0005149448318754481,-0.00016671417226059402
2333,586,876.0,0.0005150723634829366,-0.00016669364445592115,-3.254569988755257e-06,0.0005150762475741584,-0.00016669752854714295
2334,586,891.0,0.0005150718365330674,-0.00016356010770076924,-3.361653788593044e-06,0.0005150759995580205,-0.0001635642707257223
2335,586,884.0,0.0005149444398806005,-0.00016358417370660803,-5.49132537705499e-08,0.0005149444409916316,-0.00016358417481763914
2336,587,890.0,0.0005136437356212178,-0.0001588310173120971,-7.6113764547018625e-06,0.0005136652721904301,-0.00015885255388130927
2337,587,883.0,0.0005128730141852472,-0.00015887195440422938,-2.638826248551468e-06,0.0005128756057108379,-0.00015887454592982005
2338,587,884.0,0.0005128759607367708,-0.00016357042352490748,-1.9286407505342273e-06,0.0005128773354383259,-0.00016357179822646252
2339,587,891.0,0.0005136481000818718,-0.0001635342035693846,-6.909595283665498e-06,0.0005136657250493911,-0.00016355182853690394
2343,588,890.0,0.0005111076533893047,-0.0001587919182544114,-1.2333690917874784e-05,0.0005111644182571653,-0.00015884868312227195
2342,588,883.0,0.000509336532785197,-0.00015885135900712972,-5.108161696319724e-06,0.0005093462953590945,-0.00015886112158102725
2341,588,882.0,0.0005093289785102761,-0.00015206212649530052,-6.744950262597277e-06,0.000509346174527462,-0.0001520793225124863
2340,588,889.0,0.0005110938959369989,-0.00015199638231810575,-1.3946772128327345e-05,0.0005111672234127222,-0.00015206970979382914
2347,589,889.0,0.000506968204837685,-0.00015194064728973045,-2.000072389496052e-05,0.0005071199469384212,-0.0001520923893904666
2345,589,881.0,0.0005037370058679942,-0.00014257018405722967,-1.2812700496869778e-05,0.0005038005008940855,-0.00014263367908332096
2344,589,888.0,0.0005069301882078964,-0.00014247453792329715,-2.288977198802722e-05,0.0005071318263423442,-0.000142676176057745
2346,589,882.0,0.0005037617821545166,-0.00015203294885191972,-9.883057489855351e-06,0.0005037990153295837,-0.00015207018202698683
2348,590,711.0,0.0004910968927642062,-0.00012389336202086335,-5.3140694506847996e-05,0.0004922427165160695,-0.00012503918577272662
2349,590,902.0,0.0004914058502123661,-0.00013776948195593148,-4.351042648021927e-05,0.0004921571905251339,-0.0001385208222686992
2350,590,904.0,0.0005027776742593457,-0.00013762083604924066,-5.9309072684369385e-05,0.0005041479365146386,-0.0001389910983045336
2351,590,444.0,0.0005019535332137295,-0.00012365139249483406,-6.829612233247295e-05,0.0005038119526583401,-0.0001255098119394446
2355,591,904.0,0.000503272165286995,-0.00014815975907129077,-5.4092371538947553e-05,0.0005043931413246971,-0.00014928073510899284
2352,591,903.0,0.0005143568024664029,-0.0001481037252290633,-6.455755716027953e-05,0.0005159258884306317,-0.0001496728111932921
2353,591,445.0,0.0005138357123408502,-0.00013790464036119782,-7.493314919239033e-05,0.0005159824807457636,-0.0001400514087661113
2354,591,444.0,0.0005023828821257015,-0.00013790464036119782,-6.41820203285022e-05,0.0005039872534276715,-0.00013950901166316786
2357,592,903.0,0.0005144689136747163,-0.00014819264072796727,-4.8046536743447804e-05,0.000515338680338229,-0.00014906240739147994
2356,592,886.0,0.0005146876693515011,-0.00015542351160369004,-4.196395389462204e-05,0.0005153439971414995,-0.00015607983939368848
2358,592,904.0,0.0005078149201938574,-0.0001482335567925629,-4.041258427179076e-05,0.000508436684690082,-0.0001488553212887875
2359,592,887.0,0.0005080506988652221,-0.0001554693457425832,-3.434513282526974e-05,0.0005084948448619028,-0.00015591349173926393
2362,593,887.0,0.0005078356088819881,-0.0001481923126143776,-3.985502950148295e-05,0.0005084403698917895,-0.00014879707362417898
2361,593,888.0,0.0005006931930707538,-0.0001482881421900161,-2.8577338291421034e-05,0.0005010076353834986,-0.00014860258450276085
2360,593,902.0,0.000500513615309596,-0.00013785148017766985,-3.4941055567571516e-05,0.0005009913843479505,-0.00013832924921602433
2363,593,904.0,0.0005075881078377663,-0.00013774623099211975,-4.611807606521787e-05,0.0005084110023401572,-0.00013856912549451073
2366,594,903.0,0.0005149644428331275,-0.00015885034856262645,-5.2403648977784184e-05,0.0005159817856236787,-0.00015986769135317762
2364,594,446.0,0.000523039325034589,-0.00015337130606423398,-6.600151285525782e-05,0.0005246455534189771,-0.00015497753444862218
2365,594,445.0,0.0005145708193322364,-0.00015337130606423398,-6.0347935789625134e-05,0.0005159311435608824,-0.00015473163029288003
2367,594,901.0,0.0005232685648041205,-0.00015883436252025096,-5.797142894129609e-05,0.0005244980858744979,-0.0001600638835906284
2368,595,886.0,0.0005150238915819817,-0.00016233311291382517,-3.246993770263801e-05,0.0005154127898586442,-0.00016272201119048768
2369,595,885.0,0.0005185271847060816,-0.00016231522729402952,-3.603192260336063e-05,0.0005190035767558743,-0.00016279161934382223
2371,595,903.0,0.0005149066097776163,-0.00015889838082382894,-3.574626978962783e-05,0.0005153803737051056,-0.0001593721447513182
2370,595,901.0,0.0005184613535103473,-0.00015888801046536343,-3.935287933418477e-05,0.0005190324563121452,-0.00015945911326716125
2373,596,888.0,0.0005006411619471983,-0.0001424030036867019,-3.0343856959644255e-05,0.0005009989280688647,-0.00014276076980836828
2374,596,902.0,0.0005005126923520939,-0.0001297063078810038,-3.475511703525738e-05,0.0005009914946229037,-0.00013018511015181362
2375,596,880.0,0.0004954485620410932,-0.00012985983773122455,-2.117363269418457e-05,0.0004956277513364941,-0.00013003902702662544
2372,596,881.0,0.0004954954845313476,-0.0001425338278202853,-1.6553099576519653e-05,0.0004956028303099121,-0.00014264117359884986
2376,597,711.0,0.0004911975497448456,-0.00011322952876724865,-4.953669451863291e-05,0.0004922108139472402,-0.00011424279296964323
2377,597,712.0,0.0004838817788891357,-0.00011344671474272532,-3.17297874066029e-05,0.0004843028496304937,-0.0001138677854840833
2378,597,880.0,0.00048396588457406964,-0.00012981292636116137,-2.5175561721105938e-05,0.00048422393459853505,-0.0001300709763856268
2379,597,902.0,0.0004914053264907445,-0.00012960839313880197,-4.3276749046354535e-05,0.0004921583729344492,-0.00013036143958250671
2383,598,874.0,0.0005237933043982512,-0.00016664195655153463,-4.000066073385489e-05,0.000524372182878388,-0.00016722083503167146
2382,598,901.0,0.0005237861867186284,-0.0001666421917097782,-3.971271328482434e-05,0.000524356773534155,-0.00016721277852530474
2381,598,446.0,0.0005237859895046472,-0.00016635739634012024,-3.9711775013169526e-05,0.0005243567846027527,-0.00016692819143822573
2380,598,447.0,0.0005237932234719647,-0.00016635739634012024,-4.00044210011434e-05,0.0005243724490947657,-0.00016693662196292112
2385,599,873.0,0.0005158928702152787,-0.0001668016338333229,-2.3978348981327363e-05,0.0005161033538221727,-0.00016701211744021686
2384,599,885.0,0.0005187659236124097,-0.0001668018463542708,-2.3834024001100074e-05,0.0005189730107832838,-0.00016700893352514495
2386,599,874.0,0.0005159176161346167,-0.00016665731876773352,-2.1183824320061134e-05,0.0005160819374361771,-0.0001668216400692939
2387,599,901.0,0.0005188202392681883,-0.00016665744124313,-2.1036228749046065e-05,0.0005189815934566119,-0.00016681879543155363
2388,600,712.0,0.00048398142663608895,-0.00010798446458598653,-2.365508694411253e-05,0.00048421764798959775,-0.00010822068593949533
2389,600,638.0,0.0004813305810447942,-0.00010821141041395091,-4.86506044161325e-06,0.0004813406178235545,-0.0001082214471927112
2390,600,639.0,0.0004813305810447942,-0.00012551413035608947,-2.419866431464801e-06,0.00048133299341247165,-0.00012551654272376696
2391,600,880.0,0.00048401185285242357,-0.00012528406846402284,-2.142563575736542e-05,0.000484200150536472,-0.00012547236614807126
2392,601,640.0,0.0004935757086649631,-0.00013933263667260685,-7.91990854797503e-07,0.0004935759564296169,-0.00013933288443726072
2393,601,881.0,0.0004955025643050733,-0.0001391583825198181,-1.580366272369363e-05,0.0004956009306268867,-0.0001392567488416316
2394,601,880.0,0.0004954849939265496,-0.00012533403398463938,-1.744408631769445e-05,0.0004956075079342768,-0.00012545654799236657
2395,601,639.0,0.0004935757086649631,-0.00012551413035608947,-2.5683457979749913e-06,0.0004935783724026552,-0.0001255167940937816
2398,602,881.0,0.0005037427619372335,-0.00013920271227369735,-1.2086229666998655e-05,0.0005037995568175105,-0.00013925950715397428
2396,602,641.0,0.0005024914480710671,-0.0001498038857372734,2.7676360439196634e-07,0.0005024914774282023,-0.00014980391509440864
2397,602,882.0,0.0005037524309262596,-0.00014968572840463139,-1.0998868017090407e-05,0.0005037987117136168,-0.0001497320091919886
2399,602,640.0,0.0005024914480710671,-0.00013933263667260685,-8.95638627044365e-07,0.0005024917605274624,-0.0001393329491290021
2403,603,641.0,0.0005086026784740447,-0.0001498038857372734,2.1264880305585376e-07,0.0005086026956441014,-0.00014980390290733015
2400,603,642.0,0.0005086026784740447,-0.0001574096631998259,8.912742293053222e-07,0.0005086029766552293,-0.00015740996138101054
2402,603,882.0,0.0005093238020507929,-0.0001497190941383438,-7.876997408447911e-06,0.0005093473380272683,-0.00014974263011481923
2401,603,883.0,0.0005093268794580906,-0.0001573325746753635,-7.232175094143423e-06,0.0005093464932269603,-0.0001573521884442332
2404,604,643.0,0.0005125201724935705,-0.00016271518238480704,1.1790858729203435e-06,0.0005125206872187052,-0.00016271569710994173
2405,604,884.0,0.0005128657006837831,-0.00016266960645051713,-4.464016557289424e-06,0.0005128730752895491,-0.00016267698105628314
2406,604,883.0,0.0005128643853689052,-0.00015735629730840773,-4.768041637150805e-06,0.0005128728653867555,-0.00015736477732625795
2407,604,642.0,0.0005125201724935705,-0.0001574096631998259,8.540671587592419e-07,0.0005125204446976045,-0.00015740993540385993
2410,605,884.0,0.0005149362070030437,-0.00016268486271889515,-2.5926872607960616e-06,0.0005149386870036411,-0.00016268734271949252
2411,605,643.0,0.0005148398893427795,-0.00016271518238480704,1.1603416452572735e-06,0.0005148403861259204,-0.00016271567916794786
2408,605,644.0,0.0005148398893427795,-0.00016626841462966257,1.2515506424004563e-06,0.0005148404642798634,-0.00016626898956674638
2409,605,875.0,0.0005149365030497968,-0.00016624400968675874,-2.51285954105257e-06,0.0005149388205124489,-0.00016624632714941085
2412,606,644.0,0.00051605160255766,-0.00016626841462966257,1.2436937106563573e-06,0.0005160521692905428,-0.00016626898136254528
2413,606,645.0,0.00051605160255766,-0.00016853696871279688,1.1948080357558621e-06,0.0005160521238799605,-0.00016853749003509726
2414,606,863.0,0.0005160000028972163,-0.00016852422738815917,-1.1994147761443252e-06,0.0005160005282966972,-0.00016852475278764009
2415,606,875.0,0.0005160000723234415,-0.00016625290923680044,-1.1472477934176828e-06,0.0005160005546139572,-0.00016625339152731604
2416,607,864.0,0.0005157545671320672,-0.00016870260531719075,-9.163762450838109e-07,0.0005157548738514209,-0.00016870291203654444
2417,607,876.0,0.0005157551365751502,-0.00016670966712783555,-6.756030313179173e-07,0.0005157553037776718,-0.00016670983433035705
2418,607,875.0,0.0005160037181248557,-0.00016672268961855376,1.4223628317343306e-06,0.0005160044589464377,-0.00016672343044013581
2419,607,863.0,0.0005160033837816429,-0.00016871349135142062,1.1838282164104708e-06,0.0005160038954705794,-0.00016871400304035718
2423,608,864.0,0.0005157601523981085,-0.00016895077437552937,1.397426804501667e-06,0.0005157608653995972,-0.00016895148737701806
2422,608,876.0,0.0005157616461682057,-0.00016743088535279877,2.0200776438689116e-06,0.0005157631394166605,-0.00016743237860125356
2421,608,877.0,0.0005151084270514153,-0.0001674214354991804,4.1997150707420716e-07,0.0005151084916552003,-0.00016742150010296545
2420,608,865.0,0.000515106904021366,-0.00016894246457165653,-2.0321547037835397e-07,0.0005151069191140364,-0.0001689424796643269
2427,609,865.0,0.0005151119669528914,-0.00016906981511630994,1.8556684290398084e-06,0.0005151132252073042,-0.0001690710733707227
2425,609,878.0,0.0005137914189464743,-0.00016808683703088256,2.087673183139016e-06,0.000513793016874355,-0.00016808843495876334
2424,609,866.0,0.0005137879785023329,-0.00016906448854892865,8.306047970564612e-07,0.0005137882310840057,-0.00016906474113060152
2426,609,877.0,0.0005151150487989649,-0.000168092894352963,3.111519725665368e-06,0.0005151185914629877,-0.00016809643701698587
2428,610,867.0,0.0005115831609267575,-0.0001688827091197735,1.7401530416280564e-06,0.0005115842734467937,-0.00016888382163980967
2429,610,879.0,0.0005115889524285148,-0.00016836665511567187,3.8333822110769855e-06,0.00051159435524535,-0.00016837205793250706
2430,610,878.0,0.0005137976710937048,-0.0001683695780319859,4.3664324347915395e-06,0.0005138046582134151,-0.00016837656515169614
2431,610,866.0,0.0005137919350141872,-0.00016888552741050852,2.2736410330084778e-06,0.000513793828085768,-0.0001688874204820894
2433,611,869.0,0.0005084723809509403,-0.00016800500110016514,4.701341832034217e-06,0.0005084805491280042,-0.000168013169277229
2435,611,867.0,0.000511583965414588,-0.00016829241003035896,2.0323558800813823e-06,0.0005115854842426225,-0.00016829392885839338
2434,611,879.0,0.0005115921561678546,-0.0001680061346901663,4.991521210088307e-06,0.0005116013214896018,-0.00016801530001191352
2432,611,868.0,0.0005084657670850548,-0.0001682911469166311,1.743667593732262e-06,0.0005084668902252728,-0.00016829227005684907
2439,612,708.0,0.0005018378008461652,-0.00016651019675923285,-7.0499674785749755e-06,0.0005018563917071937,-0.00016652878762026132
2437,612,873.0,0.0005115061296631918,-0.00016702471631335704,1.7477043312355556e-06,0.0005115072550598415,-0.00016702584171000682
2436,612,709.0,0.0005018378008461652,-0.00016702335230336593,2.2560994390879996e-06,0.0005018397033225526,-0.00016702525477975335
2438,612,872.0,0.0005114487472322043,-0.00016651165823773303,-7.553430812205775e-06,0.0005114697855355232,-0.00016653269654105194
2443,613,872.0,0.0005091489918535898,-0.00016648148164337623,3.382985410037981e-06,0.0005091532266087559,-0.00016648571639854228
2441,613,707.0,0.0005012603828500502,-0.00016643637611336339,-4.154280013390216e-06,0.00050126684456908,-0.0001664428378323933
2440,613,871.0,0.0005091221524025913,-0.00016643648645137035,-4.182483878376747e-06,0.0005091286259352946,-0.00016644295998407361
2442,613,708.0,0.0005012603828500502,-0.0001664813522640376,3.408147230113401e-06,0.0005012647316091903,-0.00016648570102317773
2445,614,706.0,0.0005019020679224613,-0.00016663003438814237,-2.2091943431973293e-06,0.0005019038930129489,-0.0001666318594786299
2444,614,870.0,0.0005081809545141418,-0.00016662986258825143,-1.982465265681216e-06,0.0005081824105370559,-0.00016663131861116554
2446,614,707.0,0.0005019020679224613,-0.00016641760249760636,3.8026736912943893e-06,0.0005019074770892142,-0.00016642301166435922
2447,614,871.0,0.0005082018063637811,-0.00016641707718654587,4.0401440195812766e-06,0.0005082078551928843,-0.0001664231260156491
2449,615,874.0,0.0005160924995627307,-0.00016835335961076206,-1.4585260376259734e-06,0.0005160932765766314,-0.00016835413662466276
2448,615,710.0,0.000504544277065748,-0.00016835139371206074,-1.4113614179786516e-07,0.000504544284466379,-0.00016835140111269174
2451,615,709.0,0.000504544277065748,-0.00016705813821714735,-1.1333257060059526e-05,0.0005045920856985064,-0.00016710594684990585
2450,615,873.0,0.0005159934551371322,-0.00016706152299003662,-1.2626923067051571e-05,0.0005160518053330406,-0.00016711987318594507
2453,616,705.0,0.0005031794854389211,-0.00016696220537236917,-9.410492609468468e-07,0.0005031798158068445,-0.0001669625357402925
2452,616,869.0,0.0005080837937945192,-0.00016696266546027965,-5.943575064476514e-07,0.0005080839246228392,-0.00016696279628859972
2455,616,870.0,0.0005080974949671357,-0.00016662515682798994,4.094618318593868e-06,0.0005081037070547136,-0.00016663136891556778
2454,616,706.0,0.0005031794854389211,-0.00016662543099651614,3.7367413474528877e-06,0.0005031846970785009,-0.00016663064263609594
2459,617,710.0,0.0005108498707495773,-0.00016837731870542765,-1.7729088199767984e-05,0.0005109655415642638,-0.00016849298952011408
2458,617,874.0,0.0005240206224999266,-0.00016838107922712497,-2.0262233242713396e-05,0.0005241688277382253,-0.0001685292844654236
2456,617,448.0,0.0005108498707495773,-0.0001709019098754688,-4.7025931623201345e-06,0.0005108579800497786,-0.0001709100191756701
2457,617,447.0,0.0005241702673064071,-0.0001709019098754688,-7.284143720021757e-06,0.0005241893506817653,-0.0001709209932508271
2460,618,868.0,0.0005084623893171908,-0.0001673490123468948,2.3558768342049619e-07,0.0005084624098486419,-0.00016734903287834584
2461,618,704.0,0.0005047150117298144,-0.00016734765861663062,-1.509907233479546e-07,0.000504715020210496,-0.00016734766709731227
2462,618,705.0,0.0005047150117298144,-0.0001669678819758416,3.413309915684115e-06,0.0005047193480801494,-0.00016697221832617668
2463,618,869.0,0.0005084703789005503,-0.00016696840337594937,3.808551244280367e-06,0.0005084757476133295,-0.00016697377208872862
2467,619,865.0,0.0005150986254967224,-0.00016895529150388867,2.2727870622914204e-06,0.0005151005133401535,-0.00016895717934731967
2465,619,858.0,0.0005159627673169999,-0.0001698594722585823,2.3948960973067812e-06,0.0005159648580591417,-0.00016986156300072408
2466,619,859.0,0.0005150980342477525,-0.00016985503546763784,1.451201095469673e-06,0.0005150988029070773,-0.00016985580412696256
2464,619,864.0,0.0005159632408157852,-0.00016896020070436562,3.21592197797399e-06,0.0005159670157257027,-0.00016896397561428313
2468,620,860.0,0.0005136834205912641,-0.00016966225022699256,2.381169184467735e-06,0.0005136854949255708,-0.00016966432456129937
2469,620,866.0,0.000513684722232309,-0.00016907942738464095,3.725188086958764e-06,0.0005136898033877191,-0.00016908450854005106
2470,620,865.0,0.000515100108567302,-0.00016908259694749814,4.331910714958087e-06,0.000515106965384285,-0.00016908945376448116
2471,620,859.0,0.0005150991414837984,-0.00016966512602897268,2.9887140943901658e-06,0.0005151024025948925,-0.0001696683871400668
2472,621,861.0,0.0005116498108287959,-0.0001692346028998007,2.894163958790802e-06,0.0005116528862946964,-0.0001692376783657012
2473,621,867.0,0.0005116523859474524,-0.00016889866276370027,4.824405373905077e-06,0.0005116609358552265,-0.00016890721267147433
2474,621,866.0,0.0005136861198942813,-0.00016890049383331326,5.1679211226646204e-06,0.0005136959014463503,-0.00016891027538538223
2475,621,860.0,0.0005136842511040372,-0.00016923626494770312,3.2387736035137393e-06,0.0005136880910807354,-0.00016924010492440122
2476,622,862.0,0.0005090791860583345,-0.0001685557145605954,2.4218847724452597e-06,0.0005090813500212276,-0.0001685578785234885
2479,622,861.0,0.0005116495169725059,-0.0001685569559218441,2.6748523952214998e-06,0.0005116521466180478,-0.000168559585567386
2478,622,867.0,0.0005116527737758607,-0.00016830531893338306,5.11583562400747e-06,0.0005116623962084957,-0.0001683149413660181
2477,622,868.0,0.0005090812107720818,-0.00016830420905786854,4.861465678903526e-06,0.0005090899331122512,-0.00016831293139803796
2483,623,864.0,0.0005159619052062456,-0.00016871202847018883,9.016413232074139e-07,0.0005159622020470785,-0.0001687123253110218
2481,623,857.0,0.0005164036700682148,-0.00016990381064459697,1.7277367084858608e-06,0.0005164047574341143,-0.0001699048980104964
2482,623,858.0,0.0005159616629466339,-0.00016989795426962343,4.811550379096863e-07,0.0005159617473334881,-0.00016989803865647757
2480,623,863.0,0.0005164038980668417,-0.000168718496470512,2.1479661997739208e-06,0.0005164055816154656,-0.00016872018001913588
2484,624,645.0,0.000516533728207258,-0.00016853696871279688,1.1922426040832101e-06,0.0005165342469279379,-0.00016853748743347674
2485,624,646.0,0.000516533728207258,-0.0001698935422695394,1.0677152194396577e-06,0.0005165341434060522,-0.00016989395746833366
2486,624,857.0,0.0005164025351407225,-0.00016988685370635664,-3.6085880904604406e-07,0.0005164025825766414,-0.0001698869011422755
2487,624,863.0,0.000516402602853204,-0.00016852936780665953,-2.3551003076535681e-07,0.0005164026230979054,-0.00016852938805136095
2491,625,862.0,0.0005090777457574976,-0.00016773641521466206,6.87292459809058e-07,0.000509077920240698,-0.00016773658969786246
2488,625,703.0,0.0005062761037201956,-0.00016773475287189168,3.028905859320252e-07,0.0005062761377488397,-0.00016773478690053584
2489,625,704.0,0.0005062761037201956,-0.00016735824297978217,2.965580477871238e-06,0.0005062793675921323,-0.0001673615068517189
2490,625,868.0,0.0005090799576956545,-0.00016735958717379305,3.352545082511982e-06,0.0005090841116106627,-0.00016736374108880124
2495,626,855.0,0.0005118347485310176,-0.0001687791495749839,2.8272073946296328e-06,0.0005118376845080799,-0.00016878208555204616
2492,626,856.0,0.0005097758612864489,-0.00016877815811680217,2.612766805076827e-06,0.0005097783763865292,-0.00016878067321688246
2493,626,862.0,0.0005097765506314848,-0.0001685657856081923,4.568600689099089e-06,0.0005097842428668281,-0.0001685734778435355
2494,626,861.0,0.0005118352137924165,-0.00016856683275593505,4.782504095229151e-06,0.0005118436176703282,-0.00016857523663384676
2496,627,860.0,0.0005136102059072056,-0.0001692455252644031,5.212354161076432e-06,0.0005136201524592095,-0.00016925547181640695
2497,627,854.0,0.0005136099618662064,-0.0001694527041227596,3.5264616393484993e-06,0.0005136145133698416,-0.00016945725562639475
2498,627,855.0,0.0005118348649203429,-0.00016945173902958464,3.3161697812582325e-06,0.0005118389002693495,-0.0001694557743785913
2499,627,861.0,0.0005118352661938469,-0.00016924450160768956,5.002558170714988e-06,0.0005118444520674822,-0.0001692536874813248
2502,628,854.0,0.0005136098953938961,-0.00016998375412064924,3.0671865711845436e-06,0.0005136133358830381,-0.0001699871946097912
2503,628,860.0,0.0005136100818218144,-0.00016967149131888318,4.355096716521234e-06,0.0005136170213748208,-0.0001696784308718897
2500,628,859.0,0.0005149655622844647,-0.00016967303022043332,4.67740705919345e-06,0.0005149735511276845,-0.00016968101906365309
2501,628,853.0,0.0005149654658619766,-0.00016998521105656946,3.389856787775619e-06,0.0005149696599810083,-0.00016998940517560108
2504,629,702.0,0.000507730686624918,-0.00016809071878116292,5.346405142180044e-07,0.0005077307923630732,-0.0001680908245193182
2505,629,703.0,0.000507730686624918,-0.0001677439032006557,2.4774298922891624e-06,0.0005077329582271082,-0.00016774617480284584
2506,629,862.0,0.0005097759391199837,-0.00016774543524714124,2.8339543902966557e-06,0.000509778902591935,-0.00016774839871909263
2507,629,856.0,0.0005097752541750426,-0.00016809233758968028,8.905567167837025e-07,0.0005097755466698208,-0.00016809263008445846
2508,630,857.0,0.0005163982896349562,-0.00016990690330869363,2.3871578547218775e-06,0.0005164003654262537,-0.0001699089790999911
2509,630,851.0,0.0005163982886420629,-0.0001705405040534688,1.896344211344686e-06,0.0005163995973884005,-0.00017054181279980654
2510,630,852.0,0.0005158816048761589,-0.00017053754874630288,1.2316347860162613e-06,0.0005158821573531028,-0.00017053810122324688
2511,630,858.0,0.0005158816177908317,-0.00016990377505846563,1.7225977880681864e-06,0.0005158826995208051,-0.000169904856788439
2515,631,852.0,0.0005158816452382267,-0.0001703408027715238,2.7659885110942195e-06,0.0005158844324763122,-0.00017034359000960925
2514,631,858.0,0.0005158816681326041,-0.00016986528212597612,3.636321889172872e-06,0.0005158864886950307,-0.00016987010268840276
2513,631,859.0,0.0005149654471504755,-0.0001698629386068202,3.140011839937451e-06,0.0005149690464546005,-0.0001698665379109452
2512,631,853.0,0.0005149653819552964,-0.0001703385841635898,2.269426731250218e-06,0.0005149672607871079,-0.00017034046299540135
2519,632,857.0,0.0005163982854097769,-0.00016988993961932776,2.9854781087926274e-07,0.000516398317878202,-0.0001698899720877528
2517,632,647.0,0.0005165635100446951,-0.00017062491126563893,9.106000359894451e-07,0.0005165638117057956,-0.0001706252129267394
2516,632,646.0,0.0005165635100446951,-0.0001698935422695394,1.0675758412015401e-06,0.0005165639251170888,-0.00016989395734193308
2518,632,851.0,0.0005163982850921421,-0.0001706215009409316,1.4152924637800268e-07,0.0005163982923810615,-0.00017062150822985092
2520,633,853.0,0.0005147739832929918,-0.00016999012221048724,4.498642720691254e-06,0.0005147813718110979,-0.00016999751072859333
2521,633,847.0,0.0005147739832929918,-0.00017012426608348306,3.3455015588344794e-06,0.0005147780686859419,-0.00017012835147643327
2522,633,848.0,0.0005135603248012342,-0.00017012366740872052,3.2094641480434616e-06,0.000513564091381806,-0.00017012743398929226
2523,633,854.0,0.0005135603248012342,-0.00016998949638494178,4.36283870620599e-06,0.000513567286315646,-0.00016999645789935364
2525,634,855.0,0.0005120723913626148,-0.00016945788862422794,4.7051439051280786e-06,0.0005120805121006188,-0.00016946600936223197
2524,634,849.0,0.0005120723913626148,-0.0001695752339328421,3.2910832373569954e-06,0.0005120763637837575,-0.0001695792063539849
2526,634,854.0,0.0005135603248012342,-0.000169458434891376,4.822036768180327e-06,0.0005135688354565196,-0.00016946694554666132
2527,634,848.0,0.0005135603248012342,-0.00016957575882431896,3.4082336863028306e-06,0.0005135645757787684,-0.0001695800098018532
2531,635,850.0,0.0005104657916267102,-0.00016840214146204716,9.35507119631529e-07,0.0005104661139180989,-0.00016840246375343578
2528,635,701.0,0.0005090106952474784,-0.00016840078635027133,6.222945661132906e-07,0.0005090108381629941,-0.00016840092926578718
2530,635,856.0,0.0005104657916267102,-0.00016809868246311184,2.3180399828237608e-06,0.0005104677712815149,-0.00016810066211791656
2529,635,702.0,0.0005090106952474784,-0.00016809726589502006,2.0051074189550433e-06,0.0005090121796662041,-0.00016809875031374586
2535,636,856.0,0.0005104657916267102,-0.0001687845031527979,4.040494933122557e-06,0.0005104718002567453,-0.00016879051178283295
2533,636,849.0,0.0005120723913626148,-0.00016895886321679468,2.689447174932663e-06,0.0005120750465630397,-0.0001689615184172197
2532,636,855.0,0.0005120723913626148,-0.0001687853131328409,4.216018448754272e-06,0.000512078917925015,-0.00016879183969524113
2534,636,850.0,0.0005104657916267102,-0.0001689580883768837,2.51361456168539e-06,0.0005104681164774886,-0.00016896041322766206
2537,637,648.0,0.0005163354318747163,-0.00017094426922323495,7.487386782835392e-07,0.0005163356357980394,-0.00017094447314655803
2536,637,647.0,0.0005163354318747163,-0.00017062491126563893,9.116104514664269e-07,0.0005163357343060202,-0.0001706252136969429
2538,637,845.0,0.0005161640135834707,-0.00017094284155698712,4.133508676278097e-07,0.0005161640757495381,-0.00017094290372305458
2539,637,851.0,0.0005161640135834707,-0.0001706234222291225,5.762539394965627e-07,0.000516164134460953,-0.00017062354310660473
2540,638,846.0,0.0005156462278772464,-0.0001708121612215936,1.556144201626114e-06,0.0005156471097885551,-0.00017081304313290227
2541,638,852.0,0.0005156462278772464,-0.00017054116205326885,2.0481838222292936e-06,0.0005156477562671903,-0.00017054269044321284
2543,638,845.0,0.0005161640135834707,-0.0001708133727034327,1.8391238364619256e-06,0.0005161652444720316,-0.0001708146035919936
2542,638,851.0,0.0005161640135834707,-0.00017054242561238164,2.3310689029679144e-06,0.0005161659918183708,-0.00017054440384728177
2545,639,853.0,0.0005147739832929918,-0.00017034349432530464,3.3782385645622637e-06,0.0005147781476979307,-0.00017034765873024353
2546,639,852.0,0.0005156462278772464,-0.00017034441682668266,3.5825327732198764e-06,0.0005156509052200279,-0.00017034909416946425
2547,639,846.0,0.0005156462278772464,-0.00017054219231734752,2.7538009291019905e-06,0.0005156489907441209,-0.000170544955184222
2544,639,847.0,0.0005147739832929918,-0.0001705413078366336,2.5493474037630026e-06,0.0005147763541541798,-0.0001705436786978216
2548,640,843.0,0.0005123211228475685,-0.0001696359230880316,3.0148831734154447e-06,0.0005123244549768394,-0.00016963925521730244
2549,640,849.0,0.0005123211228475685,-0.00016957894251725194,4.162434289987915e-06,0.0005123274748405904,-0.0001695852945102738
2550,640,848.0,0.0005135286116337498,-0.00016957919739163613,4.217258007335051e-06,0.0005135351205242218,-0.00016958570628210803
2551,640,842.0,0.0005135286116337498,-0.00016963616642963833,3.0699391533051124e-06,0.0005135320604645187,-0.0001696396152604072
2555,641,848.0,0.0005135286116337498,-0.00017012709741794714,4.018488133548936e-06,0.0005135345166920953,-0.0001701330024762926
2554,641,842.0,0.0005135286116337498,-0.00017014982930225976,3.0334515815355623e-06,0.0005135319764404552,-0.0001701531941089652
2553,641,841.0,0.0005145651440106105,-0.00017014992659351944,3.053155941012964e-06,0.0005145685475120322,-0.00017015333009494105
2552,641,847.0,0.0005145651440106105,-0.00017012719884926036,4.038013092844128e-06,0.0005145710975633736,-0.00017013315240202345
2557,642,840.0,0.0005153424725980425,-0.0001705694711282894,2.5264455140172615e-06,0.0005153447990283316,-0.00017057179755857846
2556,642,846.0,0.0005153424725980425,-0.00017054435889531588,3.264988862300422e-06,0.0005153463581121655,-0.00017054824440943886
2558,642,841.0,0.0005145651440106105,-0.00017056936390335122,2.503167944267054e-06,0.0005145674303605079,-0.00017057165025324866
2559,642,847.0,0.0005145651440106105,-0.00017054424658862713,3.2418607453302273e-06,0.0005145689790194453,-0.00017054808159746194
2560,643,700.0,0.0005100912541410249,-0.00016865994776878558,6.225973121463946e-07,0.0005100913969132699,-0.00016866009054103057
2561,643,701.0,0.0005100912541410249,-0.0001684048642376266,1.5788272682316917e-06,0.0005100921726032316,-0.00016840578269983333
2562,643,850.0,0.0005110974689328217,-0.00016840600309562083,1.8429755052479235e-06,0.0005110987185778221,-0.00016840725274062127
2563,643,844.0,0.0005110974689328217,-0.00016866103756033556,8.869294842103748e-07,0.0005110977582427632,-0.00016866132687027712
2564,644,849.0,0.0005123211228475685,-0.00016896256419382018,3.5608003964918145e-06,0.0005123257755396537,-0.00016896721688590524
2565,644,843.0,0.0005123211228475685,-0.0001691002540986213,2.3980995235810265e-06,0.0005123232327254332,-0.0001691023639764859
2566,644,844.0,0.0005110974689328217,-0.0001690996658470235,2.258158807885019e-06,0.0005110993431200574,-0.0001691015400342593
2567,644,850.0,0.0005110974689328217,-0.00016896194945696067,3.42108333144589e-06,0.0005111017714013999,-0.00016896625192553886
2571,645,845.0,0.0005158191078725553,-0.00017094399523182935,6.864259024137731e-07,0.0005158192793947294,-0.00017094416675400337
2568,645,648.0,0.0005159800457170023,-0.00017094426922323495,7.502481956765672e-07,0.0005159802505693328,-0.0001709444740755655
2569,645,649.0,0.0005159800457170023,-0.00017100555899303912,5.97334338540978e-07,0.0005159801755626069,-0.00017100568883864368
2570,645,839.0,0.0005158191078725553,-0.00017100529739943468,5.334811136008255e-07,0.0005158192114660114,-0.00017100540099289078
2572,646,840.0,0.0005153424725980425,-0.0001708588877370339,1.6143965295874196e-06,0.000515343422127109,-0.00017085983726610035
2573,646,846.0,0.0005153424725980425,-0.0001708143273372833,2.0673318594371937e-06,0.0005153440297681086,-0.00017081588450734936
2574,646,845.0,0.0005158191078725553,-0.00017081452654127115,2.1121990782316247e-06,0.0005158207322374889,-0.0001708161509062047
2575,646,839.0,0.0005158191078725553,-0.00017085907837795445,1.6593507878998048e-06,0.0005158201103221281,-0.0001708600808275272
2576,647,838.0,0.0005116460962298029,-0.0001692082060325632,1.934333370253588e-06,0.0005116474701059849,-0.00016920957990874518
2577,647,844.0,0.0005116460962298029,-0.0001691018723147137,2.799466224535918e-06,0.0005116489743059674,-0.00016910475039087812
2578,647,843.0,0.0005125563705621408,-0.00016910232649774125,2.907653053427217e-06,0.0005125594712369575,-0.00016910542717255803
2579,647,837.0,0.0005125563705621408,-0.0001692086365378023,2.0427128420118235e-06,0.0005125579006591489,-0.00016921016663481032
2582,648,837.0,0.0005125563705621408,-0.00016965616512042126,2.6187970887485423e-06,0.0005125588837352977,-0.00016965867829357815
2583,648,843.0,0.0005125563705621408,-0.00016963799504865907,3.524436905325695e-06,0.0005125609226272269,-0.00016964254711374516
2580,648,842.0,0.0005135093513709207,-0.0001696380726490304,3.5396890028932537e-06,0.000513513936513784,-0.0001696426577918936
2581,648,836.0,0.0005135093513709207,-0.00016965624051414692,2.634159170813305e-06,0.0005135118905681627,-0.00016965877971138898
2584,649,841.0,0.0005143630347801999,-0.00017015155909485213,3.455348697223304e-06,0.0005143673953002931,-0.0001701559196149454
2585,649,835.0,0.0005143630347801999,-0.00017010939265314675,2.644257605179806e-06,0.0005143655885982627,-0.00017011194647120954
2586,649,836.0,0.0005135093513709207,-0.00017010956334848114,2.6919217108074822e-06,0.0005135120013906359,-0.0001701122133681963
2587,649,842.0,0.0005135093513709207,-0.00017015173960516835,3.5032015985834997e-06,0.0005135138390992131,-0.00017015622733346073
2590,650,834.0,0.0005150244180350851,-0.00017077329865128853,1.5178977760856027e-06,0.000515025257936845,-0.00017077413855304848
2591,650,840.0,0.0005150244180350851,-0.00017086009359173053,1.912294210995591e-06,0.000515025750935151,-0.00017086142649179638
2589,650,833.0,0.0005154394639470296,-0.00017077293872122363,1.4249229759490112e-06,0.0005154402036608889,-0.0001707736784350829
2588,650,839.0,0.0005154394639470296,-0.00017085972224924892,1.8192675528098945e-06,0.0005154406695905306,-0.00017086092789274994
2595,651,834.0,0.0005150244180350851,-0.00017049624713812454,2.195950883677328e-06,0.0005150261766209885,-0.0001704980057240279
2592,651,835.0,0.0005143630347801999,-0.0001704965483593677,2.2768291650203387e-06,0.0005143649271158153,-0.0001704984406949831
2594,651,840.0,0.0005150244180350851,-0.00017057067438900313,2.824340413841442e-06,0.0005150273267726979,-0.000170573583126616
2593,651,841.0,0.0005143630347801999,-0.0001705709921774147,2.9053585718433195e-06,0.0005143661157595822,-0.00017057407315679705
2596,652,699.0,0.0005109733622715648,-0.00016886983306935925,5.733280887994241e-07,0.0005109734831468789,-0.0001688699539446733
2597,652,700.0,0.0005109733622715648,-0.0001686623579588689,1.2126497139462733e-06,0.0005109739031930152,-0.00016866289888031939
2598,652,844.0,0.0005116460962298029,-0.00016866324434432916,1.4282365815958264e-06,0.0005116468458364024,-0.00016866399395092856
2599,652,838.0,0.0005116460962298029,-0.00016887067324515125,7.89057348665051e-07,0.00051164632495719,-0.00016887090197253833
2603,653,839.0,0.0005154394639470296,-0.00017100593965783373,6.933940121661708e-07,0.0005154396390502245,-0.00017100611476102877
2600,653,649.0,0.0005155814407105802,-0.00017100555899303912,5.989508193166015e-07,0.0005155815713356925,-0.00017100568961815144
2601,653,650.0,0.0005155814407105802,-0.00017091637428313556,4.640567807141782e-07,0.0005155815191335068,-0.00017091645270606216
2602,653,833.0,0.0005154394639470296,-0.0001709167351028461,5.584699573936425e-07,0.0005154395775500836,-0.00017091684870590022
2604,654,834.0,0.000514723685296755,-0.0001704968337181734,2.3496522699832656e-06,0.000514725699556912,-0.0001704988479783304
2605,654,828.0,0.000514723685296755,-0.00017037206237378362,1.8338149560190309e-06,0.0005147249124505072,-0.0001703732895275358
2606,654,829.0,0.0005141807418619498,-0.00017037254211789838,1.967126148652576e-06,0.0005141821550380264,-0.000170373955293975
2607,654,835.0,0.0005141807418619498,-0.00017049733871197853,2.4830678514269067e-06,0.0005141829931410022,-0.00017049958999103092
2611,655,829.0,0.0005141807418619498,-0.00017003461790332357,2.2021915521662494e-06,0.000514182513831478,-0.00017003638987285176
2609,655,836.0,0.0005134984550808075,-0.00017011048905474203,2.9326467846611803e-06,0.0005135016002918481,-0.00017011363426578264
2608,655,830.0,0.0005134984550808075,-0.00017003491612695837,2.284276282214087e-06,0.0005135003635112459,-0.0001700368245573968
2610,655,835.0,0.0005141807418619498,-0.00017011018318434726,2.850496449987444e-06,0.0005141837103708347,-0.0001701131516932321
2613,656,838.0,0.0005121041972887437,-0.00016920933372738711,2.225642199982225e-06,0.0005121060149063904,-0.00016921115134503373
2612,656,832.0,0.0005121041972887437,-0.00016928939892752034,1.5975920954376666e-06,0.0005121051337141115,-0.00016929033535288815
2614,656,837.0,0.0005127650784121154,-0.00016920965791080691,2.3073497998037096e-06,0.0005127670300415453,-0.00016921160954023676
2615,656,831.0,0.0005127650784121154,-0.00016928971500635467,1.6793632695126515e-06,0.0005127661121475072,-0.0001692907487417465
2619,657,837.0,0.0005127650784121154,-0.00016965721180623903,2.883414143804719e-06,0.0005127681241948135,-0.00016966025758893719
2617,657,830.0,0.0005134984550808075,-0.0001696518337605654,2.178088524602828e-06,0.0005135001911766719,-0.0001696535698564298
2616,657,836.0,0.0005134984550808075,-0.00016965718957842916,2.874885302137087e-06,0.0005135014796217645,-0.00016966021411938615
2618,657,831.0,0.0005127650784121154,-0.00016965185436195005,2.1864057668831427e-06,0.0005127668296721151,-0.0001696536056219497
2621,658,827.0,0.0005150706132606604,-0.0001706192894297651,1.1785921893749107e-06,0.0005150711197135473,-0.000170619795882652
2620,658,833.0,0.0005150706132606604,-0.00017077326113931833,1.5081963455586267e-06,0.000515071442404709,-0.00017077409028336688
2622,658,828.0,0.000514723685296755,-0.00017061988132910377,1.3419236318187866e-06,0.0005147243421779878,-0.00017062053821033656
2623,658,834.0,0.000514723685296755,-0.00017077389976755223,1.6716278196104994e-06,0.0005147247043869291,-0.00017077491885772632
2626,659,838.0,0.0005121041972887437,-0.0001688718011016335,1.080365925710397e-06,0.0005121046257876195,-0.00016887222960050932
2624,659,698.0,0.0005116733184177998,-0.00016903515102208795,4.999524837422109e-07,0.0005116734102164418,-0.00016903524282072994
2627,659,832.0,0.0005121041972887437,-0.00016903578197319355,6.709577683068624e-07,0.0005121043625206459,-0.00016903594720509571
2625,659,699.0,0.0005116733184177998,-0.00016887113694257503,9.094435508560927e-07,0.0005116736222507076,-0.0001688714407754828
2628,660,650.0,0.0005151904783233692,-0.00017091637428313556,4.6555961229557963e-07,0.0005151905573000354,-0.00017091645325980178
2629,660,651.0,0.0005151904783233692,-0.00017074943282728978,3.5166152829307906e-07,0.0005151905233950367,-0.0001707494778989573
2630,660,827.0,0.0005150706132606604,-0.00017075009127356588,5.277980729551102e-07,0.0005150707148071588,-0.00017075019282006433
2631,660,833.0,0.0005150706132606604,-0.0001709170496126495,6.417076757782303e-07,0.0005150707633321097,-0.00017091719968409882
2632,661,829.0,0.0005140240673433376,-0.00017003491258155232,2.2813597926329976e-06,0.000514025969441031,-0.00017003681467924576
2633,661,823.0,0.0005140240673433376,-0.00016994641629329153,1.7768312060330305e-06,0.0005140252213126548,-0.00016994757026260883
2634,661,824.0,0.0005134930393896897,-0.00016994673871676867,1.8718137641919597e-06,0.0005134943210242644,-0.0001699480203513434
2635,661,830.0,0.0005134930393896897,-0.00017003526187365245,2.3764955322212733e-06,0.0005134951050371313,-0.00017003732752109407
2637,662,831.0,0.0005129421128372939,-0.00016965224108248216,2.2915738448585354e-06,0.0005129440361230127,-0.0001696541643682009
2639,662,824.0,0.0005134930393896897,-0.00016963387606314052,1.7468072326144723e-06,0.0005134941560674442,-0.00016963499274089502
2638,662,830.0,0.0005134930393896897,-0.0001696521707184234,2.270307258359777e-06,0.0005134949256214673,-0.00016965405695020094
2636,662,825.0,0.0005129421128372939,-0.00016963394457551338,1.76802083328223e-06,0.0005129432577252481,-0.00016963508946346757
2643,663,826.0,0.000512474640720479,-0.0001691626230879606,5.508771267065393e-07,0.0005124747520207171,-0.00016916273438819874
2641,663,698.0,0.0005122147409248358,-0.00016903576450840222,6.657765751240385e-07,0.000512214903588327,-0.00016903592717189335
2642,663,832.0,0.000512474640720479,-0.0001690362507527055,7.978261038280032e-07,0.000512474874218682,-0.00016903648425090848
2640,663,697.0,0.0005122147409248358,-0.00016916214963956012,4.1880259304266643e-07,0.0005122148052782053,-0.00016916221399292965
2644,664,831.0,0.0005129421128372939,-0.00016929011198773885,1.7845141805222786e-06,0.0005129432797733083,-0.0001692912789237533
2645,664,825.0,0.0005129421128372939,-0.000169348870859223,1.3403549163695794e-06,0.0005129427711156574,-0.0001693495291375864
2646,664,826.0,0.000512474640720479,-0.0001693486566930418,1.2801308185358962e-06,0.0005124752415849093,-0.000169349257557472
2647,664,832.0,0.000512474640720479,-0.0001692898799743758,1.72442498982614e-06,0.0005124757311397877,-0.00016929097039368452
2651,665,827.0,0.0005147373983100181,-0.00017075021161694947,5.611570511807051e-07,0.0005147375131542469,-0.00017075032646117814
2648,665,651.0,0.0005148351551096698,-0.00017074943282728978,3.5299321950177376e-07,0.0005148352005468803,-0.00017074947826450023
2649,665,652.0,0.0005148351551096698,-0.0001705519996640796,2.601122257965549e-07,0.0005148351797885565,-0.00017055202434296626
2650,665,821.0,0.0005147373983100181,-0.00017055273851580803,4.6825726896307374e-07,0.0005147374782998038,-0.00017055281850559357
2653,666,828.0,0.0005144567511674129,-0.0001706200972280435,1.4020125234694147e-06,0.0005144574684727279,-0.00017062081453335845
2652,666,822.0,0.0005144567511674129,-0.00017044043377168958,1.135325516449931e-06,0.0005144572216625366,-0.00017044090426681323
2654,666,827.0,0.0005147373983100181,-0.00017061940670398752,1.2119193181434063e-06,0.000514737934070105,-0.0001706199424640744
2655,666,821.0,0.0005147373983100181,-0.00017043977959100496,9.452862581235677e-07,0.0005147377243445511,-0.00017044010562553786
2656,667,823.0,0.0005140240673433376,-0.00017022953397517033,1.6351136578607317e-06,0.0005140250441715385,-0.00017023051080337123
2657,667,829.0,0.0005140240673433376,-0.00017037282917541118,2.0462791949053816e-06,0.0005140255968831436,-0.00017037435871521724
2658,667,828.0,0.0005144567511674129,-0.00017037227831879917,1.8939040557323927e-06,0.0005144580605693074,-0.00017037358772069362
2659,667,822.0,0.0005144567511674129,-0.00017022899761478497,1.4827801135749996e-06,0.0005144575539569741,-0.0001702298004043462
2662,668,823.0,0.0005138943372600298,-0.00016994641857259914,1.777938737908269e-06,0.0005138954928875596,-0.00016994757420012895
2663,668,817.0,0.0005138943372600298,-0.00016985761047269077,1.3947663792847342e-06,0.0005138950485454731,-0.00016985832175813408
2660,668,818.0,0.0005134910803417693,-0.00016985792501261147,1.4895866075233244e-06,0.0005134918921032587,-0.00016985873677410088
2661,668,824.0,0.0005134910803417693,-0.0001699467420993747,1.872797740918447e-06,0.0005134923633278285,-0.00016994802508543395
2664,669,822.0,0.0005142301595117832,-0.00017022900347033728,1.4852323301089987e-06,0.0005142309652254755,-0.00017022980918402958
2665,669,816.0,0.0005142301595117832,-0.00017008667573619244,1.1661758000727773e-06,0.0005142306563448798,-0.00017008717256928907
2666,669,817.0,0.0005138943372600298,-0.00017008716537931308,1.3170801793881137e-06,0.000513894971304439,-0.00017008779942372223
2667,669,823.0,0.0005138943372600298,-0.00017022953631726267,1.6362335595286603e-06,0.0005138953156122464,-0.0001702305146694793
2668,670,652.0,0.0005145283865541708,-0.0001705519996640796,2.6120298254536656e-07,0.0005145284114516124,-0.0001705520245615212
2669,670,653.0,0.0005145283865541708,-0.0001703531306266173,1.8764581775909672e-07,0.0005145283994071064,-0.00017035314347955293
2670,670,815.0,0.0005144509679916205,-0.00017035383462341223,3.97214916774552e-07,0.0005144510255918579,-0.0001703538922236496
2671,670,821.0,0.0005144509679916205,-0.0001705527438892628,4.7078696113755925e-07,0.000514451048881816,-0.0001705528247794583
2675,671,815.0,0.0005144509679916205,-0.00017026001126072742,7.379849085997758e-07,0.0005144511668425166,-0.00017026021011162348
2674,671,821.0,0.0005144509679916205,-0.00017043978481996993,9.477885648534468e-07,0.0005144512958916287,-0.00017044011271997805
2673,671,822.0,0.0005142301595117832,-0.00017044043946776806,1.1377557828859408e-06,0.000514230632179709,-0.00017044091213569396
2672,671,816.0,0.0005142301595117832,-0.00017026064772386463,9.279309043340456e-07,0.0005142304739993404,-0.00017026096221142185
2679,672,820.0,0.0005127661059486296,-0.00016925771134829117,4.391315473958879e-07,0.0005127661766340262,-0.00016925778203368772
2677,672,697.0,0.0005126234577073376,-0.00016916235548642593,4.751735449212702e-07,0.0005126235405008872,-0.00016916243827997562
2676,672,696.0,0.0005126234577073376,-0.00016925738425998377,3.396060235423548e-07,0.000512623499991941,-0.00016925742654458722
2678,672,826.0,0.0005127661059486296,-0.00016916271143546636,5.746578962094462e-07,0.0005127662270139193,-0.00016916283250075599
2680,673,825.0,0.0005130870925295176,-0.00016934889578620708,1.3470507999914505e-06,0.0005130877572600276,-0.0001693495605167171
2681,673,819.0,0.0005130870925295176,-0.00016939091727867105,1.0420409546942067e-06,0.0005130874902891168,-0.00016939131503827017
2682,673,820.0,0.0005127661059486296,-0.00016939076838696858,9.988990516164586e-07,0.0005127664716265323,-0.00016939113406487126
2683,673,826.0,0.0005127661059486296,-0.00016934874264045634,1.3039397746064663e-06,0.0005127667291051942,-0.00016934936579702083
2687,674,825.0,0.0005130870925295176,-0.00016963397018949329,1.7747028795908615e-06,0.0005130882458427675,-0.00016963512350274315
2684,674,824.0,0.0005134910803417693,-0.00016963387954049673,1.7477913992931804e-06,0.0005134921982813688,-0.00016963499748009624
2685,674,818.0,0.0005134910803417693,-0.00016960967625845422,1.36395398292119e-06,0.0005134917611961657,-0.00016961035711285063
2686,674,819.0,0.0005130870925295176,-0.00016960975955753192,1.3907489015939356e-06,0.0005130878008162538,-0.0001696104678442681
2688,675,817.0,0.0005137901350945918,-0.00016985746447797955,1.3517358581627281e-06,0.0005137908032707274,-0.00016985813265411501
2689,675,811.0,0.0005137901350945918,-0.0001697755600188331,1.0677234459008367e-06,0.0005137905520379339,-0.0001697759769621751
2690,675,812.0,0.0005134912054915869,-0.00016977583355867233,1.1548783033707433e-06,0.0005134916934936662,-0.0001697763215607516
2691,675,818.0,0.0005134912054915869,-0.0001698577545959911,1.4389482022071631e-06,0.0005134919629997394,-0.0001698585121041437
2694,676,818.0,0.0005134912054915869,-0.0001696095106733049,1.3133155895468651e-06,0.0005134918367294861,-0.00016961014191120403
2693,676,819.0,0.0005132023979670663,-0.00016960959896945241,1.341262036741453e-06,0.0005132030566337726,-0.0001696102576361586
2692,676,813.0,0.0005132023979670663,-0.00016958393855081677,1.0668043098974178e-06,0.0005132028146679728,-0.00016958435525172313
2695,676,812.0,0.0005134912054915869,-0.0001695838528516148,1.03888563901533e-06,0.0005134916005004273,-0.00016958424786045522
2698,677,819.0,0.0005132023979670663,-0.0001693907519324272,9.925429180941692e-07,0.0005132027587753032,-0.000169391112740664
2696,677,814.0,0.0005129897115530267,-0.00016941984208442777,7.604013506808116e-07,0.0005129899233796459,-0.00016942005391104695
2697,677,820.0,0.0005129897115530267,-0.0001693906485139082,9.62542463851801e-07,0.000512990050985251,-0.00016939098794613257
2699,677,813.0,0.0005132023979670663,-0.00016941993663850262,7.904631838043241e-07,0.0005132026268021791,-0.00016942016547361532
2703,678,816.0,0.0005140444581296123,-0.0001702605437673392,8.976521343011246e-07,0.0005140447525082174,-0.00017026083814594424
2700,678,815.0,0.0005142138224045606,-0.00017025995783840876,7.229016403820232e-07,0.0005142140132762385,-0.00017026014871008674
2701,678,809.0,0.0005142138224045606,-0.00017009447476760913,5.619945508961166e-07,0.0005142139377903535,-0.00017009459015340203
2702,678,810.0,0.0005140444581296123,-0.00017009502721488642,7.367124890099441e-07,0.000514044656460927,-0.0001700952255462011
2705,679,817.0,0.0005137901350945918,-0.00017008702358791892,1.2740395618493494e-06,0.0005137907284670186,-0.00017008761696034558
2706,679,816.0,0.0005140444581296123,-0.0001700865747283017,1.135879311459781e-06,0.0005140449296112653,-0.00017008704620995473
2707,679,810.0,0.0005140444581296123,-0.00016995610179898555,8.942531993169633e-07,0.0005140447504131606,-0.00016995639408253383
2704,679,811.0,0.0005137901350945918,-0.00016995652425509585,1.0323645523863112e-06,0.0005137905247769205,-0.0001699569139374245
2708,680,653.0,0.0005142735674416136,-0.0001703531306266173,1.885028859671678e-07,0.0005142735804170562,-0.0001703531436020598
2709,680,654.0,0.0005142735674416136,-0.0001701693504991913,1.317377460417768e-07,0.0005142735737806498,-0.00017016935683822744
2710,680,809.0,0.0005142138224045606,-0.00017016996390509855,3.253549131533584e-07,0.0005142138610728544,-0.0001701700025733924
2711,680,815.0,0.0005142138224045606,-0.00017035378120864016,3.8213153585875403e-07,0.0005142138757318355,-0.00017035383453591508
2713,681,696.0,0.0005129247006691699,-0.0001692573548435505,3.2962789956597627e-07,0.0005129247404879196,-0.00016925739466230015
2715,681,814.0,0.0005129897115530267,-0.00016932731942366367,3.4102497622687244e-07,0.0005129897541644602,-0.00016932736203509715
2714,681,820.0,0.0005129897115530267,-0.00016925759488348267,4.0279636480747283e-07,0.0005129897710054041,-0.00016925765433586004
2712,681,695.0,0.0005129247006691699,-0.00016932708644372993,2.678502562872276e-07,0.0005129247269584954,-0.00016932711273305535
2719,682,811.0,0.000513708655646098,-0.00016995632485993493,9.677972564528514e-07,0.0005137089981497684,-0.00016995666736360527
2716,682,810.0,0.0005138966686604046,-0.00016995595782470064,8.479057085723773e-07,0.0005138969314888953,-0.00016995622065319125
2718,682,805.0,0.000513708655646098,-0.00016984294538211343,7.89134529305402e-07,0.0005137088834025311,-0.0001698431731385465
2717,682,804.0,0.0005138966686604046,-0.00016984258981673036,6.692610555573963e-07,0.0005138968324327227,-0.0001698427535890484
2720,683,806.0,0.000513492466835002,-0.0001697040570458184,8.736576923955297e-07,0.0005134927461387692,-0.00016970433634958557
2721,683,812.0,0.000513492466835002,-0.00016977559318591374,1.0791206075978776e-06,0.0005134928929124918,-0.00016977601926340354
2722,683,811.0,0.000513708655646098,-0.00016977535434610958,1.0031640411793663e-06,0.000513709023737208,-0.00016977572243721958
2723,683,805.0,0.000513708655646098,-0.00016970383268115406,7.97742700828219e-07,0.0005137088884459118,-0.00016970406548096778
2726,684,812.0,0.000513492466835002,-0.00016958361242429732,9.631279423369388e-07,0.0005134928063341444,-0.00016958395192343966
2724,684,807.0,0.0005132917342526334,-0.00016955924442902076,7.987121820943188e-07,0.0005132919678105222,-0.0001695594779869095
2725,684,813.0,0.0005132917342526334,-0.0001695836940715555,9.894903966189972e-07,0.0005132920926967546,-0.00016958405251567667
2727,684,806.0,0.000513492466835002,-0.0001695591702042409,7.724076446884165e-07,0.0005134926851982071,-0.00016955938856744597
2731,685,807.0,0.0005132917342526334,-0.00016943928786205024,5.852958866528479e-07,0.0005132918596941326,-0.0001694394133035495
2728,685,808.0,0.0005131571747935965,-0.00016943922638820112,5.650827515045476e-07,0.0005131572917435469,-0.0001694393433381516
2730,685,813.0,0.0005132917342526334,-0.00016941969951753187,7.13157804338449e-07,0.0005132919204930749,-0.0001694198857579733
2729,685,814.0,0.0005131571747935965,-0.00016941963606065561,6.929576133081483e-07,0.0005131573506676236,-0.0001694198119346827
2732,686,694.0,0.0005131412189343168,-0.00016937681291164354,2.0597441513503512e-07,0.0005131412344743673,-0.00016937682845169402
2733,686,695.0,0.0005131412189343168,-0.00016932694031896638,2.211382634544068e-07,0.0005131412368480207,-0.00016932695823267032
2734,686,814.0,0.0005131571747935965,-0.00016932710693119126,2.7356505331171954e-07,0.0005131572022073544,-0.00016932713434494916
2735,686,808.0,0.0005131571747935965,-0.000169376969426158,2.5840427521697795e-07,0.000513157199251262,-0.00016937699388382344
2738,687,803.0,0.0005140234577600093,-0.00017000926202938917,2.587876385233556e-07,0.0005140234822365575,-0.00017000928650593737
2739,687,809.0,0.0005140234577600093,-0.00017016988645531423,3.0153605976024345e-07,0.0005140234909830711,-0.00017016991967837603
2736,687,654.0,0.0005140684366201007,-0.0001701693504991913,1.3238826536768333e-07,0.0005140684430238148,-0.00017016935690290536
2737,687,655.0,0.0005140684366201007,-0.0001700087747965502,8.965281129633129e-08,0.000514068439557498,-0.00017000877773394759
2740,688,804.0,0.0005138966686604046,-0.00016995062858088318,5.698968331309395e-07,0.000513896787393909,-0.0001699507473143875
2741,688,810.0,0.0005138966686604046,-0.00017009487877308463,6.903791055709596e-07,0.000513896842866939,-0.000170095052979619
2742,688,809.0,0.0005140234577600093,-0.00017009439730688233,5.38175782799355e-07,0.000514023563601834,-0.00017009450314870708
2743,688,803.0,0.0005140234577600093,-0.00016995017629445062,4.1771788221109385e-07,0.0005140235215373994,-0.0001699502400718406
2746,689,806.0,0.000513494280509591,-0.0001695589280617147,6.88478879348059e-07,0.0005134944539964589,-0.00016955910154858254
2747,689,800.0,0.000513494280509591,-0.00016953709490275957,5.601928051365834e-07,0.0005134943953710518,-0.00016953720976422036
2745,689,807.0,0.0005133592734396508,-0.00016955899435673182,7.11845425143548e-07,0.0005133594589390713,-0.00016955917985615233
2744,689,801.0,0.0005133592734396508,-0.0001695371589879428,5.835463665164464e-07,0.0005133593981021485,-0.00016953728365044047
2751,690,806.0,0.000513494280509591,-0.0001697038068886543,7.897287538534414e-07,0.0005134945087271856,-0.00016970403510624881
2748,690,805.0,0.0005136464993889846,-0.0001697036188344301,7.261859858512243e-07,0.0005136466923156861,-0.00016970381176113162
2750,690,800.0,0.000513494280509591,-0.0001696438539887079,6.4507663095556e-07,0.0005134944327934946,-0.00016964400627261144
2749,690,799.0,0.0005136464993889846,-0.00016964367806701435,5.815631358742357e-07,0.0005136466231342215,-0.00016964380181225133
2752,691,804.0,0.0005137820781689964,-0.00016984243467996272,6.175450032591678e-07,0.0005137822176321616,-0.00016984257414312786
2753,691,798.0,0.0005137820781689964,-0.00016974777985308487,4.887349113989747e-07,0.0005137821655323282,-0.0001697478672164167
2754,691,799.0,0.0005136464993889846,-0.00016974805760174206,5.887416136135526e-07,0.0005136466261885837,-0.00016974818440134118
2755,691,805.0,0.0005136464993889846,-0.00016984273158369973,7.175777724729993e-07,0.0005136466877305466,-0.00016984291992526183
2759,692,804.0,0.0005137820781689964,-0.0001699504734772169,5.18180707974325e-07,0.000513782176347446,-0.00016995057165566655
2758,692,798.0,0.0005137820781689964,-0.00016982974074938328,4.3014751669595563e-07,0.0005137821458341767,-0.00016982980841456357
2757,692,797.0,0.0005138747102220176,-0.00016982939886868155,3.0285841549210213e-07,0.0005138747437610933,-0.00016982943240775723
2756,692,803.0,0.0005138747102220176,-0.00016995009496643986,3.908648976667928e-07,0.0005138747660752693,-0.00016995015081969152
2763,693,801.0,0.0005133592734396508,-0.0001694516293513315,4.226820846699175e-07,0.0005133593388531229,-0.00016945169476480356
2761,693,808.0,0.0005132795655656934,-0.0001694389898570641,4.854003362031456e-07,0.0005132796518433604,-0.00016943907613473108
2760,693,802.0,0.0005132795655656934,-0.00016945159236017875,4.096444942286448e-07,0.0005132796270132319,-0.00016945165380771726
2762,693,807.0,0.0005133592734396508,-0.0001694390293993309,4.984225914460294e-07,0.0005133593643980808,-0.00016943912035776094
2767,694,802.0,0.0005132795655656934,-0.0001694113777746197,1.9110078156026056e-07,0.0005132795789390611,-0.00016941139114798738
2765,694,694.0,0.0005132925950531754,-0.00016937662410239753,1.4221744768297406e-07,0.0005132926024600577,-0.00016937663150927982
2764,694,693.0,0.0005132925950531754,-0.0001694112795409407,1.5460018236088113e-07,0.0005132926038055851,-0.0001694112882933504
2766,694,808.0,0.0005132795655656934,-0.00016937673286111332,1.787218075859076e-07,0.0005132795772631918,-0.00016937674455861176
2769,695,656.0,0.0005139077691227179,-0.00016987412020023587,5.870280493300295e-08,0.0005139077703826295,-0.00016987412146014756
2768,695,655.0,0.0005139077691227179,-0.0001700087747965502,9.011600711830714e-08,0.0005139077720912433,-0.00017000877776507568
2770,695,797.0,0.0005138747102220176,-0.0001698745151216854,2.005039179270307e-07,0.0005138747249210545,-0.00016987452982072227
2771,695,803.0,0.0005138747102220176,-0.00017000918333598075,2.3192029700511152e-07,0.0005138747298843547,-0.00017000920299831785
2773,696,657.0,0.0005137850544412598,-0.0001697648867598048,3.6531467517697536e-08,0.0005137850549293544,-0.00016976488724789937
2772,696,656.0,0.0005137850544412598,-0.00016987412020023587,5.904479214932645e-08,0.0005137850557161229,-0.00016987412147509898
2775,696,797.0,0.000513761359275243,-0.0001698744405977045,1.7407849824818689e-07,0.0005137613703569195,-0.00016987445167938094
2774,696,791.0,0.000513761359275243,-0.0001697651850608963,1.515606194851804e-07,0.0005137613676767532,-0.00016976519346240657
2777,697,798.0,0.0005136953959399108,-0.00016982960384034736,3.7950661450902867e-07,0.0005136954486173036,-0.00016982965651774005
2776,697,792.0,0.0005136953959399108,-0.00016973181575347443,3.1682447097780564e-07,0.0005136954326584297,-0.00016973185247199334
2779,697,791.0,0.000513761359275243,-0.00016973154870802634,2.1374634240345358e-07,0.0005137613759862787,-0.00016973156541906208
2778,697,797.0,0.000513761359275243,-0.00016982932690432707,2.764221460824223e-07,0.0005137613872193041,-0.00016982935484838823
2782,698,798.0,0.0005136953959399108,-0.00016974763802417861,4.3810239195446465e-07,0.000513695466148281,-0.0001697477082325488
2781,698,799.0,0.0005136002247142293,-0.0001697478626062469,5.189255340327936e-07,0.0005136003232305184,-0.00016974796112253604
2780,698,793.0,0.0005136002247142293,-0.00016967130335359434,4.2847822683336756e-07,0.0005136002918886853,-0.00016967137052805034
2783,698,792.0,0.0005136953959399108,-0.00016967109425994456,3.476733828194911e-07,0.0005136954401609749,-0.00016967113848100862
2784,699,794.0,0.0005134962392916026,-0.00016959497361182898,4.6440268833963794e-07,0.0005134963182231669,-0.00016959505254339328
2786,699,799.0,0.0005136002247142293,-0.00016964348302745747,5.117470854368311e-07,0.0005136003205383986,-0.0001696435788516267
2787,699,793.0,0.0005136002247142293,-0.0001695948456316356,4.1295074535221965e-07,0.0005136002871152587,-0.00016959490803266492
2785,699,800.0,0.0005134962392916026,-0.00016964362577459645,5.632290242772731e-07,0.0005134963553830855,-0.00016964374186607934
2789,700,801.0,0.0005134091054467722,-0.00016953692125881194,4.981723054527099e-07,0.0005134091962942196,-0.00016953701210625934
2791,700,794.0,0.0005134962392916026,-0.0001695182593826536,3.955574772347703e-07,0.0005134962965618747,-0.00016951831665292568
2790,700,800.0,0.0005134962392916026,-0.00016953686663684906,4.783451972197039e-07,0.0005134963230408739,-0.00016953695038612036
2788,700,795.0,0.0005134091054467722,-0.00016951831023758455,4.153678251211934e-07,0.0005134091686051733,-0.00016951837339598553
2795,701,796.0,0.0005133667214516288,-0.00016943444655455374,1.3781796534897972e-07,0.0005133667284059928,-0.0001694344535089177
2792,701,692.0,0.0005133950949936759,-0.00016943438289756694,1.1323884309411003e-07,0.0005133950996884921,-0.0001694343875923831
2794,701,802.0,0.0005133667214516288,-0.00016941116224343522,1.1085827818224647e-07,0.0005133667259514662,-0.00016941116674327257
2793,701,693.0,0.0005133950949936759,-0.00016941109622878206,8.627642611100383e-08,0.0005133950977190547,-0.00016941109895416074
2796,702,801.0,0.0005134091054467722,-0.00016945139157188965,3.3730799419567914e-07,0.0005134091471012084,-0.00016945143322632584
2797,702,795.0,0.0005134091054467722,-0.00016945902357817842,2.970376905379879e-07,0.000513409137748538,-0.00016945905587994418
2798,702,796.0,0.0005133667214516288,-0.00016945900271514642,2.8911518243010526e-07,0.0005133667520551863,-0.0001694590333187038
2799,702,802.0,0.0005133667214516288,-0.00016945136916344768,3.293936404434594e-07,0.0005133667611767641,-0.00016945140888858297
2800,703,789.0,0.0005134449533636953,-0.0001695027894574136,2.8709342273641747e-07,0.0005134449835353411,-0.00016950281962905942
2801,703,795.0,0.0005134449533636953,-0.00016951810864220375,3.376409532622471e-07,0.000513444995094139,-0.0001695181503726474
2802,703,794.0,0.0005134981383479419,-0.00016951806678650776,3.213843406887906e-07,0.0005134981761537392,-0.00016951810459230504
2803,703,788.0,0.0005134981383479419,-0.00016950275070213943,2.7084704038934926e-07,0.0005134981651993404,-0.00016950277755353797
2807,704,794.0,0.0005134981383479419,-0.00016959478819095956,3.9022973551475215e-07,0.0005134981940794639,-0.0001695948439224816
2804,704,793.0,0.0005135666188859148,-0.00016959468724595222,3.4968060856968575e-07,0.0005135666636324918,-0.00016959473199252922
2805,704,787.0,0.0005135666188859148,-0.00016955632037817924,2.846108030224448e-07,0.0005135666485303978,-0.00016955635002266234
2806,704,788.0,0.0005134981383479419,-0.00016955641744068614,3.2515334528679385e-07,0.0005134981770434937,-0.000169556456136238
2808,705,792.0,0.0005136314016382024,-0.00016967097447057478,3.016880566718283e-07,0.0005136314349381301,-0.00016967100777050254
2809,705,786.0,0.0005136314016382024,-0.00016961078233857136,2.4013954390278425e-07,0.0005136314227386994,-0.00016961080343906842
2810,705,787.0,0.0005135666188859148,-0.00016961093460036433,3.036503334712115e-07,0.0005135666526266019,-0.00016961096834105147
2811,705,793.0,0.0005135666188859148,-0.00016967113891331117,3.652113016762437e-07,0.0005135666676900403,-0.0001696711877174367
2812,706,691.0,0.0005134617885139796,-0.00016944921243318748,8.081462300052467e-08,0.0005134617909048488,-0.0001694492148240566
2813,706,692.0,0.0005134617885139796,-0.00016943421325019354,4.775807961251988e-08,0.0005134617893489655,-0.00016943421408517943
2814,706,796.0,0.0005134270054204387,-0.00016943425424816288,6.363102806120069e-08,0.0005134270069027706,-0.00016943425573049466
2815,706,790.0,0.0005134270054204387,-0.0001694492503942701,9.668087848704876e-08,0.0005134270088424321,-0.00016944925381626354
2818,707,790.0,0.0005134270054204387,-0.0001694630199803041,1.978702093875795e-07,0.0005134270197538663,-0.00016946303431373167
2819,707,796.0,0.0005134270054204387,-0.00016945881043631912,2.1492826758617856e-07,0.0005134270223318162,-0.00016945882734769653
2816,707,795.0,0.0005134449533636953,-0.00016945882194013373,2.1931079897605232e-07,0.0005134449709713097,-0.0001694588395477481
2817,707,789.0,0.0005134449533636953,-0.00016946303063198427,2.0225619383126836e-07,0.0005134449683392001,-0.000169463045607489
2820,708,657.0,0.0005136935881098967,-0.0001697648867598048,3.6768790810659535e-08,0.0005136935886044197,-0.00016976488725432788
2821,708,658.0,0.0005136935881098967,-0.00016967873543651107,2.107038026694097e-08,0.0005136935882723121,-0.0001696787355989266
2822,708,785.0,0.0005136770656082243,-0.00016967895327641019,1.1178392872110421e-07,0.0005136770701796506,-0.0001696789578478365
2823,708,791.0,0.0005136770656082243,-0.00016976512202689583,1.2748551482533177e-07,0.0005136770715533344,-0.00016976512797200598
2824,709,786.0,0.0005136314016382024,-0.00016965467825767446,2.274465867313502e-07,0.0005136314205658337,-0.00016965469718530586
2825,709,792.0,0.0005136314016382024,-0.00016973169598966386,2.7083910939321165e-07,0.000513631428473797,-0.0001697317228252585
2826,709,791.0,0.0005136770656082243,-0.00016973148566512016,1.896712686494384e-07,0.0005136770787684304,-0.00016973149882532624
2827,709,785.0,0.0005136770656082243,-0.00016965448351272656,1.4628752367795705e-07,0.0005136770734375275,-0.0001696544913420297
2831,710,781.0,0.0005135428556168886,-0.00016952669633851758,1.8922130821247274e-07,0.0005135428687212287,-0.00016952670944285768
2830,710,787.0,0.0005135428556168886,-0.00016955618917582796,2.300878531903694e-07,0.0005135428749919774,-0.00016955620855091678
2829,710,788.0,0.0005134998426373945,-0.00016955626379590001,2.61233140282785e-07,0.0005134998676143878,-0.0001695562887728933
2828,710,782.0,0.0005134998426373945,-0.00016952676498898376,2.203583235604878e-07,0.0005134998604104171,-0.0001695267827620064
2835,711,787.0,0.0005135428556168886,-0.00016961080342765302,2.491273707362629e-07,0.0005135428783293648,-0.00016961082614012918
2833,711,780.0,0.0005135853523581188,-0.00016956453766608562,1.6007606747428516e-07,0.0005135853617353973,-0.00016956454704336406
2832,711,786.0,0.0005135853523581188,-0.00016961068668925586,2.004511847411572e-07,0.0005135853670613205,-0.0001696107013924575
2834,711,781.0,0.0005135428556168886,-0.0001695646450654109,2.0874408284549117e-07,0.0005135428715638995,-0.0001695646610124218
2836,712,785.0,0.0005136159328452058,-0.0001696544331134782,1.2545915318434853e-07,0.0005136159386042727,-0.00016965443887254512
2837,712,779.0,0.0005136159328452058,-0.00016959531476808462,9.640569918409336e-08,0.0005136159362460789,-0.00016959531816895766
2838,712,780.0,0.0005135853523581188,-0.0001695954523221508,1.586988716689719e-07,0.0005135853615743217,-0.00016959546153835363
2839,712,786.0,0.0005135853523581188,-0.0001696545826287675,1.877582039566672e-07,0.0005135853652573731,-0.00016965459552802174
2842,713,779.0,0.0005136159328452058,-0.00016961266724424502,8.034882494067919e-08,0.0005136159352074949,-0.00016961266960653407
2843,713,785.0,0.0005136159328452058,-0.00016967890288428143,9.095553747326401e-08,0.0005136159358720507,-0.00016967890591112624
2841,713,659.0,0.0005136270941014237,-0.00016961251319229628,1.0625561788074611e-08,0.0005136270941427352,-0.00016961251323360771
2840,713,658.0,0.0005136270941014237,-0.00016967873543651107,2.1230129165078493e-08,0.0005136270942663274,-0.00016967873560141473
2847,714,784.0,0.0005134672808682073,-0.00016945819646355543,6.565861205079515e-08,0.0005134672824463638,-0.00016945819804171198
2845,714,691.0,0.0005135028948992336,-0.00016944907158441018,2.2156858691529946e-08,0.0005135028950789411,-0.00016944907176411766
2844,714,690.0,0.0005135028948992336,-0.00016945817526434117,5.599966737546147e-08,0.0005135028960471623,-0.00016945817641226998
2846,714,790.0,0.0005134672808682073,-0.0001694490946270342,3.1822656218483125e-08,0.0005134672812389267,-0.0001694490949977536
2851,715,790.0,0.0005134672808682073,-0.00016946286423539494,1.3301200100374055e-07,0.000513467287344782,-0.0001694628707119696
2849,715,783.0,0.0005134700299989463,-0.00016946480085475364,1.3242647987563028e-07,0.0005134700364185824,-0.00016946480727438973
2848,715,789.0,0.0005134700299989463,-0.00016946286912486008,1.350385113625674e-07,0.0005134700366743457,-0.00016946287580025946
2850,715,784.0,0.0005134672808682073,-0.00016946479635644566,1.303994406065545e-07,0.0005134672870928431,-0.00016946480258108148
2853,716,782.0,0.0005134998426373945,-0.00016949036208543694,1.7860121231602633e-07,0.000513499854313401,-0.0001694903737614435
2852,716,788.0,0.0005134998426373945,-0.00016950259702247972,2.0692683445205917e-07,0.000513499858310367,-0.00016950261269545224
2854,716,783.0,0.0005134700299989463,-0.00016949039057046096,1.9154439638915943e-07,0.0005134700434291737,-0.00016949040400068838
2855,716,789.0,0.0005134700299989463,-0.00016950262798446226,2.1987575303875073e-07,0.0005134700476956085,-0.00016950264568112443
2857,717,782.0,0.0005135013042403061,-0.00016952664772158928,1.6732993646240146e-07,0.000513501314488535,-0.0001695266579698182
2856,717,776.0,0.0005135013042403061,-0.00016950451167536463,1.4332283102685972e-07,0.0005135013117590684,-0.000169504519194127
2859,717,775.0,0.00051352656460215,-0.00016950446464410488,1.1998019775263935e-07,0.000513526569871035,-0.00016950446991298988
2858,717,781.0,0.00051352656460215,-0.00016952659621116207,1.4398244542468408e-07,0.0005135265721897529,-0.00016952660379876487
2861,718,774.0,0.0005135531328069876,-0.00016952993987206507,1.0186683786772566e-07,0.000513553136604788,-0.00016952994366986544
2860,718,780.0,0.0005135531328069876,-0.00016956446462182022,1.2711119529509873e-07,0.0005135531387200456,-0.0001695644705348782
2862,718,775.0,0.00051352656460215,-0.00016953001671792656,1.3825830042987763e-07,0.000513526571598407,-0.00016953002371418351
2863,718,781.0,0.00051352656460215,-0.00016956454496067536,1.6350521192184941e-07,0.0005135265743863331,-0.00016956455474485845
2864,719,779.0,0.0005135727874554866,-0.00016959527624862972,7.907596234063563e-08,0.0005135727897437258,-0.0001695952785368689
2866,719,774.0,0.0005135531328069876,-0.00016955108345246853,1.0705701029151138e-07,0.0005135531370015172,-0.00016955108764699816
2865,719,773.0,0.0005135727874554866,-0.0001695509893680485,6.040276644136977e-08,0.000513572788790711,-0.00016955099070327292
2867,719,780.0,0.0005135531328069876,-0.00016959537929347071,1.2573398428666893e-07,0.0005135531385923454,-0.0001695953850788286
2868,720,778.0,0.0005134930074284193,-0.00016946515735480133,8.169055726661711e-08,0.0005134930098712289,-0.00016946515979761095
2869,720,784.0,0.0005134930074284193,-0.00016946467609405458,7.598695215410567e-08,0.0005134930095420263,-0.00016946467820766166
2870,720,783.0,0.0005134870062775375,-0.0001694646772143983,7.650659694657946e-08,0.0005134870084201706,-0.00016946467935703133
2871,720,777.0,0.0005134870062775375,-0.00016946515837772418,8.220904748265645e-08,0.0005134870087514763,-0.00016946516085166298
2872,721,782.0,0.0005135013042403061,-0.00016949024479142574,1.2557282448241724e-07,0.0005135013100121689,-0.00016949025056328855
2873,721,776.0,0.0005135013042403061,-0.00016948072354679882,1.1198665070613623e-07,0.0005135013088308404,-0.00016948072813733315
2874,721,777.0,0.0005134870062775375,-0.0001694807437842621,1.2203559738785397e-07,0.000513487011728998,-0.00016948074923572263
2875,721,783.0,0.0005134870062775375,-0.00016949026695626634,1.3562452139820325e-07,0.0005134870130105619,-0.00016949027368929075
2879,722,778.0,0.0005134930074284193,-0.00016946310598011673,4.2803095474247543e-08,0.0005134930080990718,-0.00016946310665076928
2878,722,784.0,0.0005134930074284193,-0.00016945807618392434,1.1246115434737636e-08,0.0005134930074747165,-0.00016945807623022161
2877,722,690.0,0.0005135262193605265,-0.00016945806447014205,5.87904779372761e-09,0.0005135262193731781,-0.00016945806448279355
2876,722,689.0,0.0005135262193605265,-0.0001694630952849244,3.744241847125629e-08,0.0005135262198736879,-0.00016946309579808568
2883,723,779.0,0.0005135727874554866,-0.00016961262873023154,6.301907462882839e-08,0.0005135727889087538,-0.0001696126301834987
2880,723,659.0,0.0005135800429876061,-0.00016961251319229628,1.0729556944311103e-08,0.0005135800430297331,-0.00016961251323442325
2881,723,660.0,0.0005135800429876061,-0.000169562846950305,3.835908261168308e-09,0.0005135800429929909,-0.00016956284695568972
2882,723,773.0,0.0005135727874554866,-0.0001695629524414633,5.612403146046385e-08,0.0005135727886082248,-0.0001695629535942016
2884,724,771.0,0.0005134980341470613,-0.00016947342010402455,7.272036700589624e-08,0.0005134980360828128,-0.00016947342203977597
2885,724,777.0,0.0005134980341470613,-0.00016948065282174584,7.697553028318538e-08,0.0005134980363159548,-0.00016948065499063937
2886,724,776.0,0.0005135025117880693,-0.0001694806374501163,6.935561237125798e-08,0.0005135025135488012,-0.00016948063921084822
2887,724,770.0,0.0005135025117880693,-0.0001694734061963597,6.510131037723577e-08,0.0005135025133394346,-0.00016947340774772502
2888,725,775.0,0.0005135158064010423,-0.00016950439116406122,8.361187419855809e-08,0.0005135158089598778,-0.0001695043937228968
2889,725,769.0,0.0005135158064010423,-0.00016948818907278605,7.098068924640821e-08,0.0005135158082451962,-0.00016948819091694005
2890,725,770.0,0.0005135025117880693,-0.0001694882202275007,8.805805163519809e-08,0.0005135025146264022,-0.00016948822306583368
2891,725,776.0,0.0005135025117880693,-0.00016950442559821944,1.0069179324015409e-07,0.0005135025154991725,-0.0001695044293093227
2893,726,768.0,0.000513531321020208,-0.00016950468854084598,6.059905413233202e-08,0.0005135313223642973,-0.0001695046898849352
2892,726,774.0,0.000513531321020208,-0.00016952988367073768,7.533911536294902e-08,0.0005135313230976142,-0.00016952988574814385
2894,726,769.0,0.0005135158064010423,-0.00016950473697831112,8.714647057109226e-08,0.000513515809180793,-0.0001695047397580618
2895,726,775.0,0.0005135158064010423,-0.00016952993975622355,1.0189100617397084e-07,0.0005135158102008526,-0.0001695299435560339
2899,727,771.0,0.0005134980341470613,-0.00016946468181302274,4.7020568452738054e-08,0.0005134980349563785,-0.00016946468262233992
2896,727,772.0,0.0005135084228242298,-0.00016946468259371292,4.7406361596696867e-08,0.0005135084236468695,-0.00016946468341635262
2898,727,777.0,0.0005134980341470613,-0.00016946506739595724,3.7148975659540007e-08,0.00051349803465223,-0.00016946506790112596
2897,727,778.0,0.0005135084228242298,-0.00016946506821568206,3.753376946399878e-08,0.0005135084233399101,-0.00016946506873136234
2900,728,773.0,0.0005135432780356275,-0.0001695509610593792,4.6436661720744565e-08,0.0005135432788248172,-0.0001695509618485688
2901,728,767.0,0.0005135432780356275,-0.00016951859249982718,3.507556927545563e-08,0.0005135432784859144,-0.0001695185929501142
2902,728,768.0,0.000513531321020208,-0.0001695186547092781,6.91637907015985e-08,0.0005135313227710425,-0.00016951865646011268
2903,728,774.0,0.000513531321020208,-0.00016955102981719335,8.052718157569583e-08,0.0005135313233935043,-0.00016955103219048955
2906,729,767.0,0.0005135432780356275,-0.00016952657665202878,3.789495867101422e-08,0.0005135432785612062,-0.0001695265771776075
2907,729,773.0,0.0005135432780356275,-0.00016956292413679302,4.215791833336868e-08,0.0005135432786860717,-0.00016956292478723727
2904,729,660.0,0.0005135477638727737,-0.000169562846950305,3.901049532017975e-09,0.0005135477638783431,-0.0001695628469558744
2905,729,661.0,0.0005135477638727737,-0.0001695265031410878,-3.6147904461381053e-10,0.0005135477638728215,-0.00016952650314113558
2908,730,688.0,0.0005135375760119201,-0.00016946531957516466,2.3865312441528896e-08,0.000513537576220394,-0.00016946531978363858
2909,730,689.0,0.0005135375760119201,-0.00016946301192229574,-3.840780249397824e-09,0.0005135375760173197,-0.00016946301192769528
2910,730,778.0,0.0005135084228242298,-0.00016946301682821906,-1.3536967970184666e-09,0.0005135084228249006,-0.00016946301682888986
2911,730,772.0,0.0005135084228242298,-0.00016946532401385691,2.6346786231867814e-08,0.0005135084230783219,-0.00016946532426794907
2912,731,687.0,0.0005135411839914117,-0.00016946582026388388,1.4152417376900317e-08,0.0005135411840647239,-0.00016946582033719606
2913,731,688.0,0.0005135411839914117,-0.0001694652593561836,-9.084013020965731e-09,0.000513541184021616,-0.000169465259386388
2914,731,772.0,0.0005135167314419473,-0.00016946526043518009,-8.449050223346966e-09,0.0005135167314680776,-0.0001694652604613105
2915,731,766.0,0.0005135167314419473,-0.00016946582122930173,1.4782675007707358e-08,0.0005135167315219373,-0.00016946582130929183
2919,732,772.0,0.0005135167314419473,-0.00016946461567838222,1.2609728060331005e-08,0.0005135167315001498,-0.00016946461573658485
2918,732,766.0,0.0005135167314419473,-0.0001694637550006859,2.395087872822388e-08,0.0005135167316519257,-0.0001694637552106643
2917,732,765.0,0.000513504798645946,-0.00016946375351976298,2.3064815307671793e-08,0.0005135047988406788,-0.00016946375371449583
2916,732,771.0,0.000513504798645946,-0.00016946461393611996,1.172710830874002e-08,0.0005135047986962868,-0.00016946461398646082
2923,733,771.0,0.000513504798645946,-0.00016947335563461037,3.742756019692317e-08,0.0005135047991587084,-0.00016947335614737283
2921,733,764.0,0.0005135034799701801,-0.0001694679749947918,3.30313319335529e-08,0.0005135034803695631,-0.00016946797539417485
2920,733,770.0,0.0005135034799701801,-0.0001694733453070868,3.1778303211105197e-08,0.0005135034803398342,-0.00016947334567674088
2922,733,765.0,0.000513504798645946,-0.00016946798423520773,3.868084257410698e-08,0.000513504799193628,-0.00016946798478288975
2924,734,769.0,0.0005135090518195717,-0.00016948813711829597,4.255483679674321e-08,0.0005135090524824274,-0.0001694881377811516
2925,734,763.0,0.0005135090518195717,-0.00016947657322838588,3.7260498186864055e-08,0.0005135090523277614,-0.00016947657373657545
2926,734,764.0,0.0005135034799701801,-0.0001694765942919376,4.944017050617644e-08,0.00051350348086491,-0.00016947659518666742
2927,734,770.0,0.0005135034799701801,-0.000169488159352045,5.473504486805392e-08,0.0005135034810667986,-0.0001694881604486635
2931,735,767.0,0.0005135238630512504,-0.00016952655555744944,2.6956742862210836e-08,0.0005135238633172138,-0.000169526555823413
2928,735,661.0,0.000513526443792163,-0.0001695265031410878,-3.205026105623787e-10,0.0005135264437922005,-0.00016952650314112534
2929,735,662.0,0.000513526443792163,-0.00016950059111270533,-2.772524178989988e-09,0.0005135264437949765,-0.00016950059111551887
2930,735,761.0,0.0005135238630512504,-0.00016950063828743083,2.4504225287769188e-08,0.0005135238632710291,-0.0001695006385072096
2932,736,762.0,0.0005135171604350799,-0.00016949556304968847,4.203901386376496e-08,0.0005135171610819488,-0.00016949556369655734
2933,736,768.0,0.0005135171604350799,-0.00016951861675981492,4.8408224068152705e-08,0.0005135171612927788,-0.00016951861761751378
2934,736,767.0,0.0005135238630512504,-0.0001695185724571455,2.413549272592408e-08,0.0005135238632644589,-0.00016951857267035408
2935,736,761.0,0.0005135238630512504,-0.00016949552341045794,1.776757092841752e-08,0.0005135238631667986,-0.00016949552352600616
2939,737,762.0,0.0005135171604350799,-0.0001694867299609099,3.213969518994775e-08,0.0005135171608131744,-0.00016948673033900438
2937,737,769.0,0.0005135090518195717,-0.00016950468503555796,5.872061532852246e-08,0.0005135090530816659,-0.00016950468629765215
2936,737,763.0,0.0005135090518195717,-0.00016948676078662884,5.101525851411437e-08,0.0005135090527721971,-0.00016948676173925424
2938,737,768.0,0.0005135171604350799,-0.00016950465058328381,3.9843493004898534e-08,0.000513517161016139,-0.00016950465116434286
2941,738,764.0,0.0005135042331711331,-0.0001694765504328163,2.409808991243878e-08,0.0005135042333837005,-0.00016947655064538373
2940,738,758.0,0.0005135042331711331,-0.0001694685112477299,2.3262198334261797e-08,0.000513504233369212,-0.00016946851144580876
2942,738,763.0,0.0005135051126992293,-0.000169476535792455,1.5637708471877287e-08,0.0005135051127887404,-0.00016947653588196614
2943,738,757.0,0.0005135051126992293,-0.0001694684990474288,1.4802070603947559e-08,0.0005135051127794306,-0.00016946849912763
2944,739,762.0,0.0005135084803970097,-0.00016948670411738646,1.6340182946300574e-08,0.0005135084804947416,-0.00016948670421511837
2945,739,756.0,0.0005135084803970097,-0.00016947430779491604,1.3140291681146277e-08,0.000513508480460213,-0.0001694743078581194
2947,739,763.0,0.0005135051126992293,-0.00016948672543845914,2.9392088582436138e-08,0.0005135051130154464,-0.0001694867257546763
2946,739,757.0,0.0005135051126992293,-0.00016947432786180793,2.619187357624786e-08,0.0005135051129503402,-0.00016947432811291883
2949,740,663.0,0.0005135130559608403,-0.00016948261978931827,-4.001852259294392e-09,0.0005135130559667022,-0.00016948261979518023
2950,740,755.0,0.0005135117377254236,-0.00016948264705439874,1.491477947049291e-08,0.0005135117378068484,-0.00016948264713582354
2951,740,761.0,0.0005135117377254236,-0.0001695006238308019,1.6167645430775757e-08,0.0005135117378211,-0.00016950062392647833
2948,740,662.0,0.0005135130559608403,-0.00016950059111270533,-2.7493663387612166e-09,0.0005135130559636071,-0.00016950059111547214
2952,741,756.0,0.0005135084803970097,-0.00016947956875686,2.314419834947845e-08,0.0005135084805930796,-0.00016947956895293
2953,741,762.0,0.0005135084803970097,-0.00016949553721167928,2.6239498587821153e-08,0.0005135084806490255,-0.0001694955374636951
2954,741,761.0,0.0005135117377254236,-0.00016949550975504607,9.429828643631177e-09,0.0005135117377579715,-0.00016949550978759395
2955,741,755.0,0.0005135117377254236,-0.00016947954453041896,6.335154546788235e-09,0.0005135117377401141,-0.00016947954454510952
2959,742,758.0,0.0005135042331711331,-0.0001694640287955969,1.1829336538093926e-08,0.0005135042332223556,-0.00016946402884681933
2958,742,764.0,0.0005135042331711331,-0.00016946793356288636,7.689323483495158e-09,0.000513504233192776,-0.00016946793358452915
2957,742,765.0,0.0005135085905233483,-0.00016946794028229557,1.1791955960294143e-08,0.0005135085905742468,-0.00016946794033319415
2956,742,759.0,0.0005135085905233483,-0.0001694640347244873,1.593280715694867e-08,0.0005135085906162709,-0.0001694640348174099
2961,743,687.0,0.0005135400266305448,-0.00016946577849811942,-1.138159740066147e-08,0.0005135400266779605,-0.0001694657785455351
2960,743,686.0,0.0005135400266305448,-0.00016946527865180903,7.360189960975427e-09,0.0005135400266503736,-0.00016946527867163773
2962,743,766.0,0.0005135203059557156,-0.0001694657776378861,-1.1875296246355305e-08,0.0005135203060073355,-0.000169465777689506
2963,743,760.0,0.0005135203059557156,-0.00016946527789277947,6.862696466658491e-09,0.0005135203059729548,-0.00016946527791001872
2964,744,765.0,0.0005135085905233483,-0.00016946370955754902,-3.824072614122542e-09,0.0005135085905287012,-0.00016946370956290194
2965,744,759.0,0.0005135085905233483,-0.000169462629967999,7.308237674752416e-09,0.0005135085905428991,-0.0001694626299875497
2966,744,760.0,0.0005135203059557156,-0.00016946263171667604,8.426345565748505e-09,0.0005135203059817056,-0.00016946263174266615
2967,744,766.0,0.0005135203059557156,-0.00016946371141551852,-2.707091696640962e-09,0.0005135203059583981,-0.000169463711418201
2968,745,685.0,0.0005135361551872886,-0.00016946415939154882,2.7177789393983964e-09,0.0005135361551899921,-0.00016946415939425244
2969,745,686.0,0.0005135361551872886,-0.00016946525096366754,-1.1820129944273283e-08,0.0005135361552384289,-0.00016946525101480778
2970,745,760.0,0.0005135208564116187,-0.00016946524930591916,-1.2946752961373598e-08,0.0005135208564729737,-0.00016946524936727416
2971,745,754.0,0.0005135208564116187,-0.00016946415784431664,1.5896840302453974e-09,0.0005135208564125437,-0.00016946415784524163
2975,746,760.0,0.0005135208564116187,-0.00016946260122839552,-1.1383156701960662e-08,0.0005135208564590488,-0.00016946260127582573
2972,746,759.0,0.0005135103715150913,-0.00016946259937798398,-1.2569256725714073e-08,0.0005135103715729215,-0.0001694625994358143
2973,746,753.0,0.0005135103715150913,-0.0001694614570958786,-2.6072424080814116e-09,0.0005135103715175795,-0.0001694614570983669
2974,746,754.0,0.0005135208564116187,-0.00016946145859933807,-1.4181165478022173e-09,0.0005135208564123548,-0.00016946145860007418
2976,747,758.0,0.0005135048014947158,-0.00016946400181073486,-6.876706069164351e-09,0.0005135048015120259,-0.00016946400182804496
2977,747,752.0,0.0005135048014947158,-0.00016946120795645976,-1.5839754924362737e-09,0.0005135048014956342,-0.0001694612079573782
2978,747,753.0,0.0005135103715150913,-0.00016946121191536263,1.3487509165077682e-09,0.0005135103715157572,-0.0001694612119160285
2979,747,759.0,0.0005135103715150913,-0.0001694640060524164,-3.9445153740547134e-09,0.0005135103715207866,-0.00016946400605811178
2980,748,757.0,0.000513503091346991,-0.00016946847601064354,-1.1671543974356435e-09,0.0005135030913474896,-0.00016946847601114216
2981,748,751.0,0.000513503091346991,-0.00016946303596160318,4.5765349149240464e-10,0.0005135030913470676,-0.00016946303596167983
2982,748,752.0,0.0005135048014947158,-0.00016946304311883816,6.1812926686888314e-09,0.000513504801508702,-0.0001694630431328243
2983,748,758.0,0.0005135048014947158,-0.00016946848426899132,4.55615589700642e-09,0.0005135048015023143,-0.0001694684842765899
2986,749,749.0,0.0005135047307731344,-0.00016947053830823034,8.245623538127855e-09,0.0005135047307980219,-0.0001694705383331179
2987,749,755.0,0.0005135047307731344,-0.00016948263814279367,8.742590443255871e-09,0.0005135047308011118,-0.0001694826381707711
2984,749,663.0,0.0005135052537226237,-0.00016948261978931827,-3.990605540460379e-09,0.0005135052537284528,-0.00016948261979514743
2985,749,664.0,0.0005135052537226237,-0.00016947052240188498,-4.487471928771303e-09,0.000513505253729995,-0.00016947052240925622
2988,750,750.0,0.0005135036138380136,-0.00016946881679367383,1.0400257620390985e-08,0.0005135036138776072,-0.0001694688168332674
2989,750,756.0,0.0005135036138380136,-0.0001694795519042605,1.146163342014006e-08,0.0005135036138861002,-0.000169479551952347
2990,750,755.0,0.0005135047307731344,-0.00016947953561755478,1.6296693508555116e-10,0.0005135047307731442,-0.00016947953561756456
2991,750,749.0,0.0005135047307731344,-0.00016946880159274854,-8.983015095664904e-10,0.0005135047307734297,-0.00016946880159304393
2994,751,756.0,0.0005135036138380136,-0.00016947428981497353,1.4581960812443118e-09,0.000513503613838792,-0.00016947428981575188
2995,751,750.0,0.0005135036138380136,-0.00016946596350198375,9.61790112830041e-10,0.0005135036138383522,-0.00016946596350232235
2993,751,757.0,0.000513503091346991,-0.00016947430329478818,1.0222842232454621e-08,0.000513503091385245,-0.00016947430333304217
2992,751,751.0,0.000513503091346991,-0.0001694659744543332,9.726285575550886e-09,0.0005135030913816194,-0.0001694659744889616
2999,752,751.0,0.0005135023168736721,-0.00016946596024135203,-1.6456788085039697e-09,0.0005135023168746635,-0.00016946596024234345
2996,752,750.0,0.0005135013049613127,-0.0001694659530814267,-7.3736378322641905e-09,0.000513501304981215,-0.000169465953101329
2998,752,745.0,0.0005135023168736721,-0.00016946051594418627,-6.840910060645911e-10,0.0005135023168738435,-0.00016946051594435754
2997,752,744.0,0.0005135013049613127,-0.0001694605098857878,-6.412244596409877e-09,0.0005135013049763637,-0.00016946050990083878
3000,753,746.0,0.0005135052075447913,-0.0001694594218176,-4.377717598147424e-09,0.0005135052075518064,-0.00016945942182461512
3001,753,752.0,0.0005135052075447913,-0.00016946302648695696,-7.124694299809331e-09,0.0005135052075633723,-0.00016946302650553807
3002,753,751.0,0.0005135023168736721,-0.0001694630217454106,-1.0914310670517846e-08,0.0005135023169172769,-0.00016946302178901538
3003,753,745.0,0.0005135023168736721,-0.00016945941744078816,-8.167611920129048e-09,0.0005135023168980914,-0.00016945941746520748
3004,754,748.0,0.000513519591333382,-0.00016946031891426606,-7.273400402796337e-09,0.0005135195913527465,-0.0001694603189336306
3007,754,747.0,0.0005135108441933003,-0.0001694603175514171,-8.443918751710466e-09,0.0005135108442193995,-0.00016946031757751623
3006,754,753.0,0.0005135108441933003,-0.00016946143940327904,-1.675568005524153e-08,0.000513510844296069,-0.0001694614395060478
3005,754,754.0,0.000513519591333382,-0.00016946144087969872,-1.5586003161704998e-08,0.0005135195914223023,-0.00016946144096861902
3011,755,753.0,0.0005135108441933003,-0.00016946119286582507,-1.2799732072854564e-08,0.000513510844253271,-0.00016946119292579576
3009,755,746.0,0.0005135052075447913,-0.00016945919682057845,-9.534501951846686e-09,0.0005135052075780678,-0.000169459196853855
3008,755,752.0,0.0005135052075447913,-0.00016946119004113765,-1.4890001630990524e-08,0.000513505207625949,-0.00016946119012229544
3010,755,747.0,0.0005135108441933003,-0.00016945919903997575,-7.442606073104763e-09,0.0005135108442135767,-0.000169459199060252
3012,756,749.0,0.0005135011974789494,-0.0001694687956512722,-5.309146323961844e-09,0.0005135011974892672,-0.00016946879566158998
3013,756,743.0,0.0005135011974789494,-0.00016946178954628098,-5.207031070209034e-09,0.0005135011974888742,-0.00016946178955620583
3014,756,744.0,0.0005135013049613127,-0.00016946179805141603,2.167186874402205e-09,0.0005135013049630319,-0.00016946179805313528
3015,756,750.0,0.0005135013049613127,-0.00016946880557392973,2.0650509635622427e-09,0.0005135013049628737,-0.00016946880557549068
3018,757,754.0,0.000513519591333382,-0.00016946413875889286,-1.2578080639535916e-08,0.0005135195913912927,-0.00016946413881680351
3019,757,748.0,0.000513519591333382,-0.00016946276472943646,-1.801725026118195e-09,0.0005135195913345703,-0.0001694627647306247
3016,757,684.0,0.0005135309339851166,-0.00016946276626000098,-3.674945382725614e-10,0.000513530933985166,-0.00016946276626005042
3017,757,685.0,0.0005135309339851166,-0.0001694641407068839,-1.1147123980814744e-08,0.0005135309340305995,-0.00016946414075236677
3020,758,664.0,0.0005135012560391963,-0.00016947052240188498,-4.482477708456223e-09,0.0005135012560465511,-0.00016947052240923985
3021,758,665.0,0.0005135012560391963,-0.000169462620377147,-4.538117159835764e-09,0.000513501256046735,-0.00016946262038468568
3022,758,743.0,0.0005135011974789494,-0.000169462629168719,3.7787878243156214e-09,0.0005135011974841763,-0.0001694626291739459
3023,758,749.0,0.0005135011974789494,-0.00016947053279192458,3.834438516703287e-09,0.0005135011974843314,-0.0001694705327973066
3024,759,741.0,0.0005135105065974255,-0.0001694577243457813,-1.2165474981562507e-08,0.0005135105066516002,-0.00016945772439995612
3025,759,747.0,0.0005135105065974255,-0.00016945918897301058,-1.69579287487287e-08,0.0005135105067026904,-0.0001694591890782756
3026,759,746.0,0.0005135054635741418,-0.00016945918734251775,-1.849379762525194e-08,0.0005135054636993388,-0.0001694591874677148
3027,759,740.0,0.0005135054635741418,-0.00016945772286351517,-1.3701828879830735e-08,0.0005135054636428644,-0.0001694577229322378
3030,760,740.0,0.0005135054635741418,-0.00016945701883048494,-1.0322236329574075e-08,0.0005135054636131441,-0.00016945701886948727
3031,760,746.0,0.0005135054635741418,-0.00016945941148024382,-1.3337037828298204e-08,0.0005135054636392538,-0.00016945941154535574
3029,760,739.0,0.0005135022913892798,-0.00016945701665182773,-1.283704575277822e-08,0.0005135022914496017,-0.0001694570167121497
3028,760,745.0,0.0005135022913892798,-0.0001694594085753674,-1.5850932191807665e-08,0.0005135022914812513,-0.0001694594086673389
3035,761,745.0,0.0005135022913892798,-0.00016946050781938666,-8.36741373411165e-09,0.0005135022914149084,-0.0001694605078450153
3032,761,744.0,0.0005135006189717004,-0.00016946050391049349,-1.206215401866606e-08,0.0005135006190249594,-0.00016946050396375259
3034,761,739.0,0.0005135022913892798,-0.0001694569951458478,-6.778169039933779e-09,0.0005135022914060976,-0.0001694569951626656
3033,761,738.0,0.0005135006189717004,-0.0001694569915923085,-1.0473070098659942e-08,0.0005135006190118512,-0.00016945699163245932
3036,762,742.0,0.0005135173467666967,-0.00016945923944559557,-1.0341924747137021e-08,0.0005135173468058473,-0.00016945923948474606
3037,762,748.0,0.0005135173467666967,-0.00016946030786462406,-1.6842948515061185e-08,0.0005135173468705379,-0.00016946030796846526
3038,762,747.0,0.0005135105065974255,-0.0001694603065669492,-1.7959208870044208e-08,0.000513510506715488,-0.00016946030668501177
3039,762,741.0,0.0005135105065974255,-0.00016945923836419975,-1.1459501104982284e-08,0.000513510506645495,-0.00016945923841226926
3040,763,743.0,0.0005134999125452275,-0.00016946178608668024,-8.205181485643198e-09,0.000513499912569872,-0.00016946178611132473
3041,763,737.0,0.0005134999125452275,-0.00016945729860662567,-7.53403033709743e-09,0.0005134999125660053,-0.00016945729862740354
3042,763,738.0,0.0005135006189717004,-0.00016945730269234347,-2.8113019551190277e-09,0.0005135006189745934,-0.00016945730269523653
3043,763,744.0,0.0005135006189717004,-0.000169461791534304,-3.482656781017557e-09,0.0005135006189761402,-0.00016946179153874382
3046,764,737.0,0.0005134999125452275,-0.00016945757297121236,9.505648490559793e-10,0.0005134999125455583,-0.00016945757297154318
3047,764,743.0,0.0005134999125452275,-0.0001694626259978663,7.805137161587261e-10,0.0005134999125454504,-0.00016946262599808925
3045,764,666.0,0.0005134997336034217,-0.00016945756786146754,-4.3664738769155775e-09,0.0005134997336104009,-0.00016945756786844674
3044,764,665.0,0.0005134997336034217,-0.000169462620377147,-4.536507815233737e-09,0.0005134997336109549,-0.0001694626203846803
3051,765,742.0,0.0005135173467666967,-0.00016946129579474513,-3.8656750786514316e-09,0.0005135173467721668,-0.0001694612958002151
3049,765,684.0,0.0005135252462099352,-0.00016946275622397883,-9.844539856918022e-09,0.0005135252462454098,-0.00016946275625945344
3048,765,683.0,0.0005135252462099352,-0.00016946129712415371,-2.337206227165378e-09,0.0005135252462119347,-0.0001694612971261532
3050,765,748.0,0.0005135173467666967,-0.00016946275459914597,-1.1371488702061061e-08,0.00051351734681403,-0.00016946275464647926
3055,766,736.0,0.0005135146967259266,-0.00016945987587752768,-4.961269582659522e-09,0.0005135146967349365,-0.00016945987588653762
3053,766,683.0,0.0005135196648548487,-0.0001694612920459819,-8.197058289083348e-09,0.0005135196648794439,-0.00016946129207057696
3052,766,682.0,0.0005135196648548487,-0.000169459877023643,-3.4760134492994865e-09,0.0005135196648592715,-0.0001694598770280658
3054,766,742.0,0.0005135146967259266,-0.00016946129075660226,-9.681836422859025e-09,0.000513514696760239,-0.0001694612907909146
3057,767,735.0,0.0005135096978289427,-0.00016945821264109358,-1.2477141951572346e-08,0.000513509697885929,-0.00016945821269807984
3056,767,741.0,0.0005135096978289427,-0.00016945923281558263,-1.7226743746767692e-08,0.0005135096979375717,-0.00016945923292421155
3058,767,736.0,0.0005135146967259266,-0.00016945821346739658,-1.1407267963559065e-08,0.0005135146967735586,-0.00016945821351502867
3059,767,742.0,0.0005135146967259266,-0.00016945923384846138,-1.615783150332728e-08,0.0005135146968214923,-0.00016945923394402708
3061,768,734.0,0.0005135055635157454,-0.00016945654294147358,-1.5236977249366568e-08,0.0005135055636007301,-0.00016945654302645834
3060,768,740.0,0.0005135055635157454,-0.00016945771760928268,-1.9165076178828677e-08,0.0005135055636501963,-0.00016945771774373362
3063,768,741.0,0.0005135096978289427,-0.00016945771879833804,-1.793271778988137e-08,0.0005135096979466578,-0.00016945771891605318
3062,768,735.0,0.0005135096978289427,-0.00016945654377381223,-1.4003425988229345e-08,0.0005135096979007237,-0.00016945654384559325
3065,769,733.0,0.000513502643237497,-0.00016945532322591944,-1.4786003060818231e-08,0.0005135026433175261,-0.00016945532330594847
3064,769,739.0,0.000513502643237497,-0.0001694570125641894,-1.75608343283562e-08,0.0005135026433503817,-0.00016945701267707415
3067,769,740.0,0.0005135055635157454,-0.00016945701410274873,-1.5785474011265066e-08,0.0005135055636069587,-0.00016945701419396206
3066,769,734.0,0.0005135055635157454,-0.00016945532459352783,-1.3010361940568593e-08,0.0005135055635777071,-0.0001694553246554895
3070,770,738.0,0.0005135008665287932,-0.00016945698823082032,-1.3970038993671441e-08,0.0005135008666002333,-0.0001694569883022603
3069,770,739.0,0.000513502643237497,-0.0001694569906050534,-1.1501991359352814e-08,0.0005135026432859244,-0.00016945699065348076
3068,770,733.0,0.000513502643237497,-0.00016945464367563307,-9.813642169731462e-09,0.0005135026432727509,-0.00016945464371088693
3071,770,732.0,0.0005135008665287932,-0.0001694546417762466,-1.228203139191919e-08,0.0005135008665840122,-0.00016945464183146556
3072,771,737.0,0.0005134999704611842,-0.00016945729699471967,-9.397542258260394e-09,0.0005134999704935119,-0.00016945729702704735
3074,771,732.0,0.0005135008665287932,-0.00016945436330560916,-5.456752175114765e-09,0.0005135008665396929,-0.00016945436331650888
3075,771,738.0,0.0005135008665287932,-0.0001694572996676496,-6.3082470011521785e-09,0.00051350086654336,-0.00016945729968221638
3073,771,731.0,0.0005134999704611842,-0.0001694543612266637,-8.546219676386357e-09,0.0005134999704879202,-0.00016945436125339968
3077,772,667.0,0.0005134997045965969,-0.0001694542863748824,-4.113841912956051e-09,0.000513499704602792,-0.00016945428638107744
3079,772,737.0,0.0005134999704611842,-0.0001694575711804587,-9.129526232221075e-10,0.0005134999704614893,-0.00016945757118076377
3078,772,731.0,0.0005134999704611842,-0.00016945428903007535,-6.602974417235785e-10,0.0005134999704613438,-0.00016945428903023495
3076,772,666.0,0.0005134997045965969,-0.00016945756786146754,-4.366445996439872e-09,0.0005134997046035762,-0.00016945756786844668
3083,773,731.0,0.0005135006968350411,-0.00016945428831832414,-1.586668053887852e-09,0.0005135006968359627,-0.00016945428831924574
3080,773,667.0,0.0005135004367464863,-0.0001694542863748824,-4.114404782151748e-09,0.000513500436752683,-0.00016945428638107912
3082,773,725.0,0.0005135006968350411,-0.0001694518859814219,-1.3395019191064783e-09,0.0005135006968356979,-0.00016945188598207868
3081,773,668.0,0.0005135004367464863,-0.00016945188452384058,-3.867288635162058e-09,0.000513500436751961,-0.00016945188452931534
3084,774,726.0,0.0005135015354910677,-0.00016945218609025866,-6.3861827076516775e-09,0.0005135015355059967,-0.00016945218610518771
3085,774,732.0,0.0005135015354910677,-0.00016945436214444066,-7.183121750187205e-09,0.0005135015355099551,-0.0001694543621633281
3086,774,731.0,0.0005135006968350411,-0.0001694543606037934,-9.47252055960579e-09,0.0005135006968678869,-0.00016945436063663916
3087,774,725.0,0.0005135006968350411,-0.0001694521847697039,-8.675662119261851e-09,0.0005135006968625933,-0.00016945218479725606
3088,775,727.0,0.0005135030912358091,-0.000169452843536672,-1.0638844645527445e-08,0.0005135030912772411,-0.00016945284357810402
3089,775,733.0,0.0005135030912358091,-0.00016945464190419785,-1.2117368441977305e-08,0.0005135030912895571,-0.00016945464195794593
3090,775,732.0,0.0005135015354910677,-0.0001694546404489136,-1.4008465373804846e-08,0.0005135015355629014,-0.00016945464052074732
3091,775,726.0,0.0005135015354910677,-0.0001694528426271195,-1.2530390239295919e-08,0.0005135015355485426,-0.0001694528426845943
3095,776,727.0,0.0005135030912358091,-0.00016945392793456888,-1.4818323366971864e-08,0.0005135030913161884,-0.00016945392801494827
3092,776,728.0,0.0005135054819429691,-0.00016945392878075008,-1.3352991254378388e-08,0.0005135054820082374,-0.0001694539288460184
3093,776,734.0,0.0005135054819429691,-0.00016945532258232554,-1.562485706096961e-08,0.000513505482032336,-0.00016945532267169237
3094,776,733.0,0.0005135030912358091,-0.00016945532145408394,-1.70897294163308e-08,0.0005135030913427186,-0.00016945532156099343
3096,777,734.0,0.0005135054819429691,-0.000169456541181272,-1.785148019683991e-08,0.000513505482059621,-0.00016945654129792392
3097,777,728.0,0.0005135054819429691,-0.00016945545115214906,-1.4857846106219874e-08,0.0005135054820237774,-0.00016945545123295735
3098,777,729.0,0.0005135086324156088,-0.00016945545181411,-1.3712527599518687e-08,0.0005135086324844387,-0.00016945545188293992
3099,777,735.0,0.0005135086324156088,-0.00016945654195355995,-1.6706464676941035e-08,0.0005135086325177758,-0.00016945654205572692
3100,778,730.0,0.0005135120364998247,-0.0001694572106335214,-1.089444927326877e-08,0.0005135120365432706,-0.00016945721067696738
3101,778,736.0,0.0005135120364998247,-0.00016945821137067827,-1.4129754061231736e-08,0.0005135120365729062,-0.0001694582114437598
3102,778,735.0,0.0005135086324156088,-0.00016945821056036487,-1.5180078007104303e-08,0.0005135086324999595,-0.00016945821064471553
3103,778,729.0,0.0005135086324156088,-0.0001694572100257863,-1.1945428139703562e-08,0.0005135086324678417,-0.00016945721007801924
3106,779,736.0,0.0005135120364998247,-0.00016945987378050894,-7.68375538889865e-09,0.0005135120365214361,-0.0001694598738021204
3107,779,730.0,0.0005135120364998247,-0.00016945859319229752,-5.246147440074456e-09,0.0005135120365098991,-0.00016945859320237192
3104,779,681.0,0.0005135146019439665,-0.0001694585939702978,-3.899881896585189e-09,0.0005135146019495337,-0.000169458593975865
3105,779,682.0,0.0005135146019439665,-0.00016945987481784257,-6.337983492199495e-09,0.0005135146019586707,-0.0001694598748325467
3108,780,727.0,0.0005135034270346561,-0.00016945392781893308,-1.5018952019552056e-08,0.0005135034271172268,-0.0001694539279015037
3109,780,721.0,0.0005135034271840713,-0.00016945254182100067,-1.3340731054578558e-08,0.0005135034272492202,-0.0001694525418861495
3110,780,722.0,0.0005135051932416979,-0.00016945254238201978,-1.1882763176207511e-08,0.0005135051932933848,-0.00016945254243370673
3111,780,728.0,0.0005135051930922271,-0.00016945392866046186,-1.3561323813915394e-08,0.000513505193159548,-0.00016945392872778269
3112,781,723.0,0.0005135074330408218,-0.00016945432499405216,-1.1753178479068094e-08,0.0005135074330913873,-0.00016945432504461767
3113,781,729.0,0.000513507432883524,-0.00016945545171587054,-1.3882078028770728e-08,0.0005135074329540667,-0.00016945545178641318
3114,781,728.0,0.0005135051929582163,-0.00016945545103175523,-1.5066314112965884e-08,0.0005135051930413081,-0.00016945545111484708
3115,781,722.0,0.0005135051931477522,-0.00016945432453798837,-1.2937828378078997e-08,0.000513505193209025,-0.0001694543245992612
3119,782,723.0,0.0005135074331689346,-0.00016945621573966822,-1.0019349128143062e-08,0.0005135074332056816,-0.0001694562157764152
3118,782,729.0,0.0005135074330140862,-0.0001694572099274512,-1.2115108416477227e-08,0.0005135074330678137,-0.00016945720998117869
3117,782,730.0,0.0005135096387568275,-0.00016945721053140863,-1.1069983034406317e-08,0.0005135096388016849,-0.0001694572105762661
3116,782,724.0,0.0005135096388523414,-0.00016945621604163067,-8.973615309160188e-09,0.0005135096388818179,-0.0001694562160711072
3123,783,724.0,0.0005135096390492949,-0.00016945753320320492,-4.650738384681663e-09,0.0005135096390572124,-0.00016945753321112236
3121,783,681.0,0.0005135104505204977,-0.00016945859373414338,-4.3065804325448376e-09,0.0005135104505272866,-0.00016945859374093233
3120,783,680.0,0.0005135104505204977,-0.00016945753363250757,-3.5354667873854773e-09,0.0005135104505250731,-0.000169457533637083
3122,783,730.0,0.0005135096390141772,-0.00016945859309013358,-5.421744150857499e-09,0.0005135096390249373,-0.00016945859310089374
3124,784,721.0,0.000513503427508194,-0.0001694510878760981,-9.700048771155156e-09,0.0005135034275426366,-0.00016945108791054068
3125,784,727.0,0.0005135034274067751,-0.00016945284344037717,-1.0839344602442402e-08,0.0005135034274497835,-0.00016945284348338557
3126,784,726.0,0.0005135022286666818,-0.00016945284255239494,-1.2686185019150642e-08,0.0005135022287255947,-0.00016945284261130774
3127,784,720.0,0.000513502228751947,-0.00016945108716569327,-1.1547029311886892e-08,0.0005135022288007548,-0.0001694510872145011
3128,785,725.0,0.0005135015601798673,-0.00016945218472014692,-8.762096333214675e-09,0.0005135015602079711,-0.00016945218474825066
3131,785,726.0,0.0005135022291266403,-0.00016945218600063688,-6.541995146991386e-09,0.0005135022291423067,-0.00016945218601630325
3130,785,720.0,0.0005135022291742272,-0.00016945007590579115,-5.906147272638496e-09,0.0005135022291869963,-0.00016945007591856015
3129,785,719.0,0.0005135015602081572,-0.00016945007505208198,-8.126441103373239e-09,0.0005135015602323313,-0.0001694500750762561
3135,786,725.0,0.0005135015605063492,-0.00016945188593187955,-1.425922949160885e-09,0.0005135015605070935,-0.00016945188593262385
3133,786,669.0,0.0005135013511573805,-0.00016944956421210386,-3.6689001697842727e-09,0.0005135013511623079,-0.00016944956421703126
3132,786,668.0,0.0005135013511573805,-0.00016945188452384058,-3.867815880076453e-09,0.0005135013511628567,-0.0001694518845293168
3134,786,719.0,0.0005135015605151963,-0.00016944956515087587,-1.226863735603878e-09,0.0005135015605157473,-0.00016944956515142686
3139,787,723.0,0.0005135062198596135,-0.00016945432573626032,-9.82338439758923e-09,0.0005135062198949373,-0.00016945432577158406
3138,787,717.0,0.0005135062203424703,-0.00016945330189753244,-8.415904022285314e-09,0.0005135062203683971,-0.00016945330192345913
3137,787,716.0,0.0005135047396213899,-0.00016945330169031332,-9.493004118898973e-09,0.0005135047396543776,-0.0001694533017233011
3136,787,722.0,0.0005135047390333672,-0.0001694543253217631,-1.0900276153913424e-08,0.0005135047390768603,-0.0001694543253652562
3142,788,723.0,0.000513506220454582,-0.00016945621629628818,-8.090180851627604e-09,0.0005135062204785405,-0.00016945621632024667
3143,788,717.0,0.0005135062209307636,-0.0001694554012009067,-6.702216573395425e-09,0.0005135062209472067,-0.00016945540121734965
3140,788,718.0,0.0005135076813431519,-0.00016945540136591554,-5.8446834039216355e-09,0.0005135076813556563,-0.00016945540137841997
3141,788,724.0,0.0005135076810747971,-0.00016945621654387204,-7.232666188183856e-09,0.0005135076810939459,-0.00016945621656302073
3145,789,680.0,0.0005135077077839806,-0.00016945753414934783,-2.1913528977512975e-09,0.0005135077077857384,-0.00016945753415110564
3146,789,724.0,0.0005135076819107118,-0.00016945753387287042,-2.9097958140211766e-09,0.0005135076819138111,-0.00016945753387596972
3147,789,718.0,0.0005135076819154649,-0.00016945685137553985,-2.8850854275064286e-09,0.0005135076819185119,-0.00016945685137858678
3144,789,679.0,0.0005135077077839806,-0.00016945685151372792,-2.166769499933885e-09,0.0005135077077856992,-0.0001694568515154465
3148,790,720.0,0.000513502593473561,-0.00016945108773012664,-1.0079333721824124e-08,0.0005135025935107499,-0.0001694510877673155
3151,790,721.0,0.0005135035058767903,-0.00016945108860785737,-7.79710414983148e-09,0.0005135035058990447,-0.00016945108863011167
3150,790,715.0,0.0005135035062391394,-0.0001694489193613975,-6.929096782459787e-09,0.0005135035062567147,-0.00016944891937897282
3149,790,714.0,0.0005135025937708648,-0.0001694489189224697,-9.211664479813475e-09,0.0005135025938019266,-0.00016944891895353148
3155,791,715.0,0.0005135035048458303,-0.00016945102798788592,-1.0264147178029592e-08,0.0005135035048843954,-0.000169451028026451
3153,791,722.0,0.0005135047394742853,-0.0001694525431658536,-9.84462492081839e-09,0.0005135047395097622,-0.00016945254320133044
3152,791,716.0,0.0005135047399648721,-0.00016945102829444701,-8.670270210120457e-09,0.0005135047399923898,-0.00016945102832196477
3154,791,721.0,0.0005135035043554378,-0.00016945254255273153,-1.1438264120589015e-08,0.0005135035044033303,-0.00016945254260062405
3156,792,669.0,0.0005135019242422101,-0.00016944956421210386,-3.669120465787934e-09,0.0005135019242471381,-0.00016944956421703186
3157,792,670.0,0.0005135019242422101,-0.00016944649743734418,-3.5314776450356966e-09,0.0005135019242467753,-0.00016944649744190946
3158,792,713.0,0.000513502069104485,-0.00016944649805782376,-3.0387638239037784e-10,0.0005135020691045189,-0.00016944649805785761
3159,792,719.0,0.0005135020690777495,-0.00016944956545260497,-4.4214271133213856e-10,0.000513502069077821,-0.00016944956545267655
3162,793,719.0,0.0005135020677378907,-0.0001694500753538203,-7.341796046111959e-09,0.0005135020677576219,-0.00016945007537355156
3163,793,713.0,0.0005135020678352711,-0.00016944731606819674,-6.839853863849221e-09,0.0005135020678523968,-0.00016944731608532234
3160,793,714.0,0.0005135025955800218,-0.000169447316626553,-3.9357269318585075e-09,0.000513502595585692,-0.00016944731663222319
3161,793,720.0,0.0005135025954080344,-0.00016945007647021704,-4.4381811559190965e-09,0.0005135025954152448,-0.0001694500764774274
3164,794,676.0,0.0005135054280847526,-0.00016945302521190154,-3.403166005944147e-09,0.000513505428088992,-0.000169453025216141
3165,794,717.0,0.0005135054273822173,-0.0001694533026555746,-4.474496287376617e-09,0.0005135054273895461,-0.00016945330266290344
3166,794,716.0,0.0005135043000882161,-0.00016945330259941554,-4.766265729316821e-09,0.000513504300096532,-0.00016945330260773132
3167,794,675.0,0.0005135043009497631,-0.00016945302521190154,-3.695111078227953e-09,0.0005135043009547611,-0.0001694530252168996
3168,795,715.0,0.0005135031655008407,-0.00016945102885279205,-5.766579214139256e-09,0.0005135031655130133,-0.00016945102886496471
3169,795,674.0,0.000513503166368473,-0.00016944929556124563,-4.686478455306897e-09,0.0005135031663765128,-0.00016944929556928537
3170,795,675.0,0.0005135043016173194,-0.00016944929556124563,-2.8623335229793767e-09,0.0005135043016203185,-0.00016944929556424475
3171,795,716.0,0.0005135043007493331,-0.00016945102920358968,-3.942653169219934e-09,0.0005135043007550232,-0.00016945102920927984
3174,796,674.0,0.0005135031688921834,-0.0001694457622291586,-1.5459853189292438e-09,0.0005135031688930583,-0.00016944576223003346
3175,796,715.0,0.0005135031681826122,-0.0001694489202263381,-2.4307142063029197e-09,0.0005135031681847749,-0.0001694489202285009
3173,796,673.0,0.0005135022407064399,-0.0001694457622291586,-4.868639061350599e-09,0.0005135022407151168,-0.0001694457622378355
3172,796,714.0,0.0005135022401283121,-0.0001694489195875457,-5.752718988671912e-09,0.0005135022401404263,-0.00016944891959965995
3179,797,676.0,0.000513505429157006,-0.0001694559487498905,-1.7702116369977539e-09,0.0005135054291581531,-0.00016945594875103758
3176,797,677.0,0.0005135064728879202,-0.0001694559487498905,-2.345741587084227e-09,0.0005135064728899344,-0.00016945594875190473
3178,797,717.0,0.0005135054285066443,-0.0001694554019589195,-2.7614654174445974e-09,0.0005135054285094357,-0.00016945540196171087
3177,797,718.0,0.0005135064725184241,-0.0001694554018481807,-3.3373510691103725e-09,0.0005135064725225011,-0.00016945540185225774
3180,798,713.0,0.0005135016268582038,-0.00016944731643483843,-4.932722737216455e-09,0.0005135016268671107,-0.00016944731644374535
3181,798,672.0,0.0005135016270763834,-0.00016944308012278958,-4.34489753203815e-09,0.0005135016270832939,-0.00016944308012970015
3182,798,673.0,0.0005135022439705303,-0.00016944308012278958,1.1286348938766011e-10,0.000513502243970535,-0.00016944308012279427
3183,798,714.0,0.000513502243586185,-0.00016944731729164023,-4.762810215663826e-10,0.000513502243586268,-0.00016944731729172326
3184,799,678.0,0.000513506801686596,-0.0001694571363992719,-3.661138406330089e-10,0.000513506801686645,-0.00016945713639932096
3185,799,679.0,0.000513506801686596,-0.0001694568518001531,-6.77713898888932e-10,0.000513506801686764,-0.0001694568518003212
3186,799,718.0,0.0005135064736211115,-0.00016945685185779666,-3.780129820274425e-10,0.0005135064736211637,-0.00016945685185784897
3187,799,677.0,0.0005135064737371714,-0.0001694571363992719,-6.658205931042716e-11,0.000513506473737173,-0.00016945713639927352
3190,800,672.0,0.0005135016293130457,-0.0001694416153977625,1.6654620668687947e-09,0.000513501629314061,-0.00016944161539877783
3188,800,670.0,0.0005135015659394268,-0.00016944649743734418,-3.5314087695748064e-09,0.000513501565943992,-0.0001694464974419093
3189,800,671.0,0.0005135015659394268,-0.0001694416153977625,-3.4711762769701338e-09,0.0005135015659438376,-0.00016944161540217317
3191,800,713.0,0.0005135016292906261,-0.0001694464984244624,1.6034000932529935e-09,0.0005135016292915672,-0.00016944649842540345
3195,801,908.0,0.0004503847811606308,-6.595708583850595e-05,-3.4316478270068895e-05,0.0004509543278226591,-6.652663250053423e-05
3193,801,637.0,0.0004471032601315872,-8.78949508984473e-05,-7.4033479468410546e-06,0.0004471288709355295,-8.792056170238966e-05
3192,801,636.0,0.0004471032601315872,-6.611865037839123e-05,-1.0393135277661503e-05,0.00044715587196803974,-6.617126221484376e-05
3194,801,910.0,0.00045038794540197546,-8.765685799150941e-05,-3.1360244884193894e-05,0.000450844520351803,-8.811343294133693e-05
3196,802,909.0,0.0004605028369791056,-9.287992919426862e-05,-7.022370148238033e-05,0.00046272176839673267,-9.509886061189572e-05
3197,802,907.0,0.0004604796210106142,-7.006386080296223e-05,-7.936124415793694e-05,0.00046343101164227497,-7.301525143462296e-05
3198,802,908.0,0.00045036367653334894,-7.023354059428677e-05,-5.419200794728324e-05,0.0004517701673688345,-7.164003142977232e-05
3199,802,910.0,0.0004503734755473207,-9.312672427297538e-05,-4.499009518561456e-05,0.000451302938434567,-9.405618716022164e-05
3200,803,711.0,0.00047821054776922556,-0.00011313067929701378,-5.7441267285549685e-05,0.0004796021945518415,-0.00011452232607962978
3203,803,712.0,0.0004688497760352017,-0.00011340349990363483,-3.5070824574573445e-05,0.00046937740259737204,-0.00011393112646580517
3202,803,910.0,0.000468808397463643,-9.314319245301789e-05,-4.349395472243514e-05,0.0004696487276238285,-9.398352261320343e-05
3201,803,909.0,0.0004781323116336139,-9.292552167248262e-05,-6.575357068332524e-05,0.00048001885256673165,-9.481206260560031e-05
3207,804,910.0,0.0004688745384115803,-8.767375547491379e-05,-2.984631880600941e-05,0.0004692743973310246,-8.807361439435807e-05
3205,804,638.0,0.0004656882542040733,-0.00010821141041395091,-4.675809489578658e-06,0.0004656977780080234,-0.000108220934217901
3204,804,637.0,0.0004656882542040733,-8.78949508984473e-05,-7.588305178860694e-06,0.0004657142573731984,-8.792095406757238e-05
3206,804,712.0,0.00046888864680617523,-0.00010794131157923328,-2.703924851833392e-05,0.00046920534315814875,-0.00010825800793120682
3211,805,443.0,0.00047871775802016056,-0.00010392958016294877,-0.00010606227345213645,0.00048350518570720446,-0.00010871700784999264
3210,805,909.0,0.00046048084737646336,-0.00010421602140915575,-7.89617450108887e-05,0.0004632277964921593,-0.00010696297052485172
3209,805,907.0,0.0004604388559255705,-7.967815169717662e-05,-9.553134593495022e-05,0.00046463052074654886,-8.386981651815499e-05
3208,805,442.0,0.00047871775802016056,-7.949565835793784e-05,-0.000122623372755426,0.0004853726242994189,-8.615052463719619e-05
3214,806,443.0,0.0004935628388817899,-0.00010403453685469625,-9.63613800168267e-05,0.0004974224315238784,-0.0001078941294967848
3215,806,909.0,0.0004780520035555895,-0.00010426464599284463,-7.458133564301056e-05,0.00048043032724609535,-0.00010664296968335052
3212,806,711.0,0.00047818084015369827,-0.00012376681997269053,-6.076614128243049e-05,0.00047971052637502197,-0.00012529650619401422
3213,806,444.0,0.0004935628388817899,-0.00012342057919237527,-8.244998303232401e-05,0.000496305180793712,-0.00012616292110429738
3217,807,636.0,0.00042731592705901045,-6.611865037839123e-05,-1.0259378956160164e-05,0.0004273692489624992,-6.617197228187997e-05
3218,807,908.0,0.00042954780419968835,-6.596824215560408e-05,-3.252520926248434e-05,0.00043008096161105777,-6.650139956697348e-05
3219,807,906.0,0.0004295456037629146,-4.5806443267585894e-05,-3.452561598416004e-05,0.0004301716924787422,-4.643253198341349e-05
3216,807,635.0,0.00042731592705901045,-4.588160072611237e-05,-1.228927105909744e-05,0.0004273957038525007,-4.596137751960262e-05
3220,808,907.0,0.0004391377148291638,-7.007071047257614e-05,-7.820369801416274e-05,0.00044212282589987587,-7.305582154328824e-05
3221,808,905.0,0.0004391266097970338,-4.6705668477016574e-05,-8.689938073975709e-05,0.000442981875499542,-5.0560934179524756e-05
3222,808,906.0,0.0004295166541214493,-4.679251461268016e-05,-6.113328575969856e-05,0.0004314702239515996,-4.874608444283045e-05
3223,808,908.0,0.0004295261833311831,-7.024469653500979e-05,-5.240084182196042e-05,0.0004308959824409167,-7.161449564474341e-05
3227,809,907.0,0.0004391171656992661,-7.968508994678222e-05,-9.436174881898712e-05,0.00044337297411327955,-8.39408983607957e-05
3224,809,442.0,0.0004578174506294462,-7.948774696059022e-05,-0.00012365106471421208,0.0004648396879920951,-8.65099843232391e-05
3225,809,441.0,0.0004578174506294462,-5.29594230980222e-05,-0.00014066204071278357,0.00046732466512313373,-6.246663759170974e-05
3226,809,905.0,0.0004390954351186499,-5.305832362048174e-05,-0.00011140196142492287,0.00044532081458279697,-5.9283703084628774e-05
3231,810,526.0,0.0004090607543419597,-2.9364887872104982e-05,-3.108798700729096e-05,0.00040961116189646926,-2.99152954266145e-05
3230,810,906.0,0.0004090621420409779,-4.582008943529685e-05,-3.0420326221036048e-05,0.00040957016578368474,-4.632811317800369e-05
3229,810,635.0,0.00040828792828782184,-4.588160072611237e-05,-1.222493579900591e-05,0.00040837017840887494,-4.5963850847165476e-05
3228,810,525.0,0.00040828792828782184,-2.9364887872104982e-05,-1.2927822952660262e-05,0.00040838337618563083,-2.946033576991394e-05
3234,811,526.0,0.0004089971526480794,-3.048869752211221e-05,-6.318530367031491e-05,0.0004112565896561188,-3.2748134530151564e-05
3235,811,906.0,0.0004090094166016023,-4.680613247136505e-05,-5.7028925438171174e-05,0.000410786269931963,-4.858298580172582e-05
3232,811,905.0,0.0004158009006798892,-4.674570073741306e-05,-7.495857063426203e-05,0.0004188180958274658,-4.976289588498972e-05
3233,811,527.0,0.0004157891111030536,-3.048869752211221e-05,-8.109327968375268e-05,0.00041944306518836396,-3.414265160742253e-05
3237,812,440.0,0.0004326185834801627,-2.5013043804979344e-05,-0.0001455964820149952,0.0004439199505363028,-3.631441086111945e-05
3238,812,527.0,0.0004157245717711783,-2.5013043804979344e-05,-0.00011483603332066578,0.00042308200332135727,-3.2370475355158356e-05
3239,812,905.0,0.0004157540655679304,-5.309849140619515e-05,-9.946486668600124e-05,0.00042097126179175957,-5.8315687630024345e-05
3236,812,441.0,0.0004326185834801627,-5.299447563045394e-05,-0.00013022874009447488,0.00044119799621547133,-6.157388836576261e-05
