,NID,U1,U2
0,1,0.0,0.0
1,2,0.022177209686728774,0.0365051399790358
2,3,-0.0077662955112130635,0.0332140661534855
3,4,0.0,0.0
