,NID,U1,U2
0,1,0.0,0.0
1,2,0.0028711579884183667,0.0015345246002562952
2,3,0.0025584240485405645,-0.00035081642924682406
3,4,0.0,0.0
