,NID,U1,U2
0,1,0.0,0.0
1,2,-0.0038831477556065296,-0.006663107843097885
2,3,0.011088604843364382,-0.008308644755873035
3,4,0.0,0.0
