,NID,U1,U2
0,1,0.0,0.0
1,2,0.0019205623871383977,0.0009350682962718925
2,3,0.003735172446430918,0.0012593892234507675
3,4,0.003643390995954701,0.0006477909958708775
4,5,0.003608165374098858,3.714396700794297e-05
5,6,0.0017732819205793025,-0.0002477834974099021
6,7,0.0,0.0
7,8,0.0,0.0
8,9,0.0017162702945066337,0.0003606188863127969
