,Element,NID,E1,E2,E12,E_max,E_min
3384,634,696.0,0.0006061515746658419,-0.00010624724755785449,-0.0004865433384506207,0.0006812978781775382,-0.00018139355106955074
4443,634,831.0,0.0005468533957678941,-0.0001900545636075527,-1.662788633994411e-05,0.0005469471834031526,-0.00019014835124281127
4442,634,697.0,0.0006719056888197482,-0.00021233361896530267,-9.013203826697264e-05,0.0006741965821002013,-0.00021462451224575583
4441,634,696.0,0.0006719056888197482,-0.0001062509781066688,-0.0001881006275387398,0.0006831115182841087,-0.0001174568075710293
4440,634,746.0,0.0005606675462018484,-0.00011044879485866768,3.929909903049866e-05,0.00056124237108526,-0.00011102361974207919
4439,634,698.0,0.0005330385546177471,-0.00021233361896530267,-7.945555443480967e-05,0.0005351500339477431,-0.00021444509829529864
4444,634,832.0,0.000672040189027466,-0.00010834715476741173,-7.492566109847457e-05,0.0006738344828401584,-0.00011014144858010412
3385,634,697.0,0.0007376598029736753,-0.0002168927297555919,-0.0012419730514949302,0.0010435928953343265,-0.0005228258221162431
3390,634,831.0,0.0005468533957678941,-0.0001131636194347909,0.0007249568655718561,0.0007070450812756607,-0.0002733553049425575
3389,634,830.0,0.0003285306519785827,-0.00021233361896530267,6.276627306995089e-05,0.0003303455388130155,-0.00021414850579973545
3391,634,832.0,0.0002765973135246194,-0.00010834903427106086,-0.00022529033234040471,0.00030713726958064705,-0.0001388889903270885
3388,634,833.0,0.0006719056888197482,-0.00011562686272109657,-0.0008443671669943822,0.000855452896443433,-0.00029917407034478136
3387,634,746.0,0.0005606675462018484,-0.00011044879485866768,3.929909903049866e-05,0.00056124237108526,-0.00011102361974207919
3386,634,698.0,0.0005330385546177471,-0.00020777448537931636,0.0013708362431005122,0.0009417334345710473,-0.0006164693653326165
3393,635,698.0,0.0005330385546177541,-0.00014204854629860562,-0.0009175450623824348,0.000765063159722638,-0.0003740731514034895
4266,635,746.0,0.0005606675462018415,-0.00016009618432363186,0.00024256326814704743,0.0005805281346101716,-0.00017995677273196202
4267,635,698.0,0.0005330385546177402,-0.00011547090596368472,-1.1241577481047732e-05,0.0005330872676975357,-0.00011551961904348023
4268,635,835.0,0.0003413914771364032,-9.257843772748713e-05,-0.0001497968592207126,0.0003539544373814445,-0.00010514139797252841
4269,635,836.0,0.0003782835352550279,-0.000132798560329203,1.6203065190317778e-05,0.00037841192626442946,-0.00013292695133860458
4270,635,831.0,0.0005468533957678941,-0.00011987641298729057,0.0001105384180725491,0.0005514039319049024,-0.00012442694912429895
3392,635,746.0,0.0005606675462018415,-0.00016009618432363186,0.00024256326814704743,0.0005805281346101716,-0.00017995677273196202
4265,635,747.0,0.0003347215258546754,-0.00010550079984580137,-0.0002238049266411156,0.0003615336006887282,-0.00013231287467985414
4264,635,699.0,0.00034806109493302,-0.00011547090596368472,-6.55461459218333e-05,0.0003503667785370691,-0.00011777658956773379
3395,635,747.0,0.0003347215258546754,-0.00010550079984580137,-0.0002238049266411156,0.0003615336006887282,-0.00013231287467985414
3396,635,831.0,0.0005468533957678941,-0.0001331652276478656,-0.0003426136199317642,0.0005875701735111484,-0.00017388200539111994
3397,635,834.0,0.00014456080326263193,-0.00011547090596368472,-3.8214536230447155e-05,0.00014595731544049127,-0.00011686741814154406
3399,635,836.0,0.00015171065099476438,-0.000132798560329203,9.558757295736325e-06,0.00015179091559409854,-0.00013287882492853717
3398,635,835.0,0.0003413914771364032,-7.928952249974678e-05,0.00030335709747751627,0.00039037607832325105,-0.0001282741236865946
3394,635,699.0,0.00034806109493302,-8.889313273973201e-05,0.0008407618705253,0.000603348036299836,-0.000344180074106548
3405,636,837.0,0.00014513791974723328,-0.00011148256935327372,-1.1659837144871454e-05,0.0001452702958768269,-0.00011161494548286732
3406,636,838.0,0.0003389686915881186,-0.00011240448994650912,0.00027894733151066775,0.0003785882271944782,-0.0001520240255528687
4271,636,700.0,0.0003356135211892569,-0.00011148256935327372,-3.166063070316957e-05,0.00033617332368047917,-0.00011204237184449597
4272,636,748.0,0.0003423238619869873,-0.00011676595067298967,-0.00012150718669740046,0.00035022760932094867,-0.00012466969800695106
4273,636,747.0,0.00033472152585468234,-0.00011518447873256525,-1.7242384550003598e-06,0.00033472317785938053,-0.00011518613073726341
4274,636,699.0,0.0003480610949330304,-0.00011148256935327372,1.1347936931423164e-06,0.00034806179549473046,-0.00011148326991497378
3407,636,839.0,0.0001418184412725551,-0.00011597464541414858,-5.8014108917734536e-05,0.00014504202544293325,-0.00011919822958452673
4275,636,838.0,0.0003389686915881186,-0.00010480212165849185,-7.407753053515972e-05,0.0003420388445870116,-0.00010787227465738485
4277,636,835.0,0.0003413914771364032,-0.00010401054377113346,2.2128172766817944e-06,0.0003413942255130696,-0.00010401329214779984
3400,636,747.0,0.0003347215258546789,-0.00011518447873256525,-1.7242384550003598e-06,0.00033472317785937706,-0.00011518613073726341
3401,636,699.0,0.0003480610949330165,-9.627789209988807e-05,-0.0007049114918289308,0.0005425261375240251,-0.00029074293469089665
3402,636,700.0,0.0003356135211892569,-0.00012668732263052115,0.0006743891850724132,0.0005132793303475314,-0.0003043531317887957
3403,636,748.0,0.0003423238619869873,-0.00011676595067298978,-0.00012150718669740046,0.00035022760932094867,-0.00012466969800695117
4276,636,839.0,0.0003183275871634014,-0.00011597469292832488,-6.181302240060998e-05,0.0003205159785700164,-0.00011816308433493987
3404,636,835.0,0.0003413914771364032,-9.640821448447887e-05,-0.0003508103806203547,0.00040299853548980696,-0.00015801527283788261
4278,637,701.0,0.00033386641962461494,-0.0001182351815896506,-4.159431110065115e-05,0.0003348210950177543,-0.00011918985698279
4279,637,749.0,0.0003255529326459117,-0.00010302205812295147,-9.001679735708493e-05,0.0003302286456544414,-0.0001076977711314812
4280,637,748.0,0.0003423238619869838,-0.00011749430015820439,2.574041696713769e-05,0.0003426838144947979,-0.0001178542526660185
4281,637,700.0,0.0003356135211892569,-0.0001182351815896506,-2.848704478893363e-05,0.0003360600984246517,-0.00011868175882504537
4282,637,841.0,0.00032970957222058436,-0.00010934595601689591,-6.768350992017447e-05,0.00033230272921859044,-0.00011193911301490199
4283,637,842.0,0.0003198249796823316,-0.00011025813904076546,-3.0329082437597493e-05,0.00032035901161771784,-0.00011079217097615169
4284,637,838.0,0.0003389686915881186,-0.00011658216751661208,-3.2513528447596085e-06,0.0003389744928946518,-0.00011658796882314527
3408,637,748.0,0.0003423238619869838,-0.00011749430015820439,2.574041696713769e-05,0.0003426838144947979,-0.0001178542526660185
3415,637,842.0,0.00014647196612648655,-0.00011025808586585773,-2.607727268557139e-05,0.00014713246449149406,-0.00011091858423086524
3411,637,749.0,0.0003255529326459117,-0.00010302205812295147,-9.001679735708493e-05,0.0003302286456544414,-0.0001076977711314812
3409,637,700.0,0.0003356135211892569,-0.00010121859558853111,-0.0007219259456147931,0.0005390977381025889,-0.00030470281250186306
3414,637,841.0,0.00032970957222058436,-0.00011785428044758543,0.0002790376422554669,0.0003696393293642443,-0.0001577840375912454
3412,637,838.0,0.0003389686915881186,-0.0001080738765823219,-0.00034997084198178097,0.00039931650056951757,-0.00016842168556372084
3413,637,840.0,0.00014726902030968297,-0.0001182351815896506,-2.89775089306471e-05,0.00014805734137712288,-0.00011902350265709051
3410,637,701.0,0.00033386641962461494,-0.00013525185267423143,0.0006518480569413648,0.0005008598462683108,-0.0003022452793179273
4286,638,703.0,0.00037365173048463374,-0.0001080737355707705,1.5088367626495125e-05,0.00037376984912565274,-0.00010819185421178951
4291,638,841.0,0.00032970957222058436,-8.999759423356749e-05,4.1891444161532704e-05,0.00033075228973566934,-9.104031174865247e-05
4290,638,845.0,0.00032413059002361216,-0.00011541328823937473,4.446145054084333e-05,0.00032525208758878886,-0.00011653478580455143
4289,638,844.0,0.00036982614273127837,-8.265839166330725e-05,-9.235367408696668e-05,0.00037449048814157556,-8.732273707360446e-05
4288,638,701.0,0.00033386641962461494,-0.0001477715337404688,9.62394024590571e-06,0.00033391449047429745,-0.00014781960459015131
4287,638,749.0,0.00032555293264591514,-0.00012275280421016966,7.016812552670948e-05,0.0003282819715716816,-0.0001254818431359361
3416,638,749.0,0.00032555293264591514,-0.00012275280421016966,7.016812552670948e-05,0.0003282819715716816,-0.0001254818431359361
3417,638,701.0,0.00033386641962461494,-0.00012485867020291296,-0.0007529645492021474,0.0005453508777607942,-0.0003363431283390922
4285,638,702.0,0.00036600074624534157,-0.0001477715337404688,-0.00020377866067687947,0.0003854693141140362,-0.00016724010160916344
3419,638,703.0,0.00037365173048463374,-0.0001080737355707705,1.5088367626495125e-05,0.00037376984912565274,-0.00010819185421178951
3420,638,841.0,0.00032970957222058436,-7.854123468230669e-05,-0.0003394028416632486,0.00039103803023377725,-0.00013986969269549958
3421,638,843.0,0.0001338231342796481,-0.0001477715337404688,-8.951724605296002e-05,0.00014076619284916317,-0.00015471459230998388
3422,638,844.0,0.00036982614273127837,-9.411479932265338e-05,0.0002889423908600808,0.0004111361608312484,-0.00013542481742262344
3423,638,845.0,0.00013349088003351134,-0.00011541328823937473,5.018942424204337e-05,0.00013599574065528643,-0.00011791814886114981
3418,638,702.0,0.00036600074624534157,-0.0001706845118430579,0.0005588136417374601,0.00048505447509615817,-0.0002897382406938745
3426,639,746.0,0.00035795535876613493,-0.0001104469090106423,8.958046365538375e-05,0.0003621998916066372,-0.00011469144185114458
4298,639,847.0,0.0003387514026699165,-7.302855989657978e-05,-5.617149318071571e-05,0.0003406581815980684,-7.493533882473163e-05
4297,639,846.0,0.0003779465307417358,-8.139975080749236e-05,4.09774526274817e-05,0.00037885860089625976,-8.231182096201631e-05
4296,639,832.0,0.00031876048058082987,-0.00010834739491986109,-9.414220102259979e-05,0.0003238866124116498,-0.000113473526750681
4295,639,695.0,0.0003734062524709744,-7.244681865126298e-05,-9.547753694198746e-05,0.0003784604842399309,-7.750105042021943e-05
4294,639,750.0,0.00039793770271734363,-7.361049334831158e-05,-1.7622206425840087e-05,0.0003981022849449221,-7.377507557589005e-05
3425,639,696.0,0.0004228682443724735,-0.00010624934459330191,-0.0003187784209028391,0.00046717232585004456,-0.00015055342607087297
4292,639,696.0,0.0003734062524709744,-0.00010624984654746038,-0.0002786215200406908,0.00041093173401705456,-0.00014377532809354052
3424,639,695.0,0.0003239442605694441,-7.244531278878378e-05,-5.532310918252015e-05,0.0003258652780367912,-7.436633025613085e-05
3428,639,848.0,0.0003734062524709744,-8.875958135111319e-05,-0.00016968621581792132,0.00038848927034329566,-0.00010384259922343442
3431,639,847.0,0.00031402071585272945,-7.302830892200971e-05,-3.609391199584783e-05,0.00031486037072764143,-7.38679637969217e-05
3430,639,846.0,0.0003779465307417358,-9.143888419869592e-05,5.33430278877034e-05,0.00037945720300127186,-9.2949556458232e-05
3429,639,832.0,0.0003434911673979926,-0.000108347645894431,-0.00011421978220746767,0.00035059776350953475,-0.00011545424200597312
4293,639,746.0,0.00035795535876613493,-0.0001104469090106423,8.958046365538375e-05,0.0003621998916066372,-0.00011469144185114458
3427,639,750.0,0.00039793770271734363,-7.361049334831147e-05,-1.7622206425840087e-05,0.0003981022849449221,-7.377507557588994e-05
3437,640,836.0,0.0005066192299700498,-0.000132798560329203,-4.229454230526147e-06,0.0005066262238665683,-0.00013280555422572152
3436,640,846.0,0.0003779465307417358,-0.00011906604431549282,0.00012572813482698147,0.00038577452869405796,-0.00012689404226781496
3432,640,750.0,0.0003979377027173471,-6.884292987864192e-05,-1.933253071412233e-05,0.0003981377895347868,-6.90430166960816e-05
3435,640,751.0,0.0004630127159323122,-0.00015033532934616642,-4.02328714635275e-05,0.0004636717815674772,-0.00015099439498133147
3433,640,746.0,0.00035795535876613493,-0.00016009618432363175,0.0002928522345264674,0.00039647783228616263,-0.00019861865784365944
3434,640,747.0,0.0005112807924785023,-0.00010550079984580126,-0.00026729130879689367,0.0005389942124415204,-0.0001332142198088194
3439,640,850.0,0.0005024758121143572,-0.00010958945301914753,-4.6791767982196086e-05,0.0005033688050392894,-0.00011048244594407972
3438,640,849.0,0.0004871467542054142,-0.00013251434498643203,-0.00016479331079977816,0.0004979159212094903,-0.00014328351199050817
3440,641,751.0,0.0004630127159323122,-0.0001244170247528605,-0.00010528488225459987,0.00046769297233981795,-0.00012909728116036626
3447,641,852.0,0.0005150791736180035,-0.000133818769699507,-0.00010136093915844718,0.0005190135834011148,-0.00013775317948261823
3446,641,851.0,0.0005052661469617699,-0.00013613001113888684,-0.0001185315992874511,0.000510696406014681,-0.0001415602701917979
3441,641,747.0,0.0005112807924785023,-0.0001151861094739376,-4.520399962998009e-05,0.0005120951805429432,-0.00011600049753837844
3444,641,849.0,0.0004871467542054142,-0.00012593790983089293,-6.501804540215428e-05,0.0004888657364582977,-0.0001276568920837764
3443,641,752.0,0.0005220390304482292,-0.0001432206754326679,-9.313049274965388e-05,0.0005252825781174937,-0.0001464642231019324
3442,641,748.0,0.0004884932634753349,-0.0001167654147077239,-0.0001643859672302156,0.0004994563404823605,-0.0001277284917147495
3445,641,839.0,0.0005224404204179703,-0.00011597525714771516,-0.00010694785288872799,0.0005268884253175653,-0.00012042326204731016
3448,642,752.0,0.0005220390304482292,-0.0001439859121985204,-0.00010741340629229212,0.0005263420138845345,-0.0001482888956348257
3449,642,748.0,0.0004884932634753314,-0.00011749376419561855,-1.7138363556559733e-05,0.0004886144149114618,-0.00011761491563174896
3451,642,753.0,0.0005426579860532271,-0.00017340197837215597,-3.398810298339133e-05,0.0005430610742307028,-0.0001738050665496317
3452,642,851.0,0.0005052661469617699,-0.00013494582859728652,-6.014039385073694e-05,0.0005066754156716312,-0.0001363550973071478
3453,642,842.0,0.0005095985348227486,-0.00011025834054215536,-4.6446761030563555e-05,0.0005104673974613307,-0.00011112720318073752
3454,642,853.0,0.000517341685246385,-0.00014241799828274568,-4.7249524433960743e-05,0.0005181865619296906,-0.00014326287496605134
3455,642,854.0,0.0005516871930208583,-0.00015869358195895,-7.618597768300345e-05,0.0005537240261680538,-0.00016073041510614546
3450,642,749.0,0.0004920253844395567,-0.00010302111212326381,-6.478405385949848e-05,0.0004937834865235498,-0.00010477921420725685
3459,643,704.0,0.0005019385927667319,-0.00018362657397557453,-1.8493366018963037e-05,0.0005020632863805961,-0.00018375126758943868
3456,643,753.0,0.0005426579860532202,-0.00016568527332541357,-5.4147060219805754e-05,0.000543691254006656,-0.00016671854127884938
3457,643,749.0,0.0004920253844395567,-0.00012275280421016987,9.539462626835526e-05,0.0004957039499414254,-0.00012643136971203864
3458,643,703.0,0.0005012956899828405,-0.00010807373557077029,3.2223090790026165e-05,0.0005017213770532052,-0.00010849942264113489
3462,643,855.0,0.0005016171413748001,-0.00016619199200543786,6.159527492777261e-07,0.0005016172834055427,-0.0001661921340361805
3461,643,845.0,0.000529354335526061,-0.00011541328823937473,5.973272021223344e-05,0.0005307348231422531,-0.00011679377585556682
3460,643,853.0,0.000517341685246385,-0.00016456179138290704,1.4374592196560176e-05,0.0005174174312859816,-0.00016463753742250366
3463,643,856.0,0.0005549917753008907,-0.00017465600315942078,-4.039687809982359e-05,0.0005555504897796005,-0.00017521471763813065
3464,644,694.0,0.0003327627002920122,-5.8869336113932715e-05,4.165075152585962e-05,0.0003338669940442417,-5.9973629866162215e-05
4305,644,858.0,0.00038372134783964257,-6.773645386908936e-05,-9.098325814562228e-05,0.000388259737316792,-7.227484334623878e-05
4304,644,857.0,0.00039243870370871126,-7.88327384071279e-05,-4.8532371356282966e-05,0.0003936848958604154,-8.007893055883209e-05
4303,644,847.0,0.0003691057793706355,-7.302857002925968e-05,-5.6981725113661175e-05,0.00037093415190985856,-7.485694256848275e-05
4302,644,694.0,0.0003733475438440527,-5.887258300185628e-05,-8.822358878295133e-05,0.00037780359277090876,-6.332863192871232e-05
4301,644,754.0,0.0004070548555081127,-7.660026553190966e-05,-8.960162076370945e-05,0.00041116973060654165,-8.071514063033857e-05
3471,644,858.0,0.000363428672405193,-6.773483040077122e-05,-2.6045276267708944e-05,0.00036382164323132385,-6.812780122690207e-05
4300,644,750.0,0.00037782328268952045,-7.361052898110197e-05,-1.4771349573686199e-05,0.0003779440835639696,-7.373132985555116e-05
3469,644,847.0,0.00038939794749454776,-7.302938174312497e-05,-0.00012191833721537926,0.0003972988557143665,-8.093028996294366e-05
3468,644,859.0,0.0003733475438440527,-0.00010185614115866288,-7.783733438197077e-05,0.0003765138433714166,-0.00010502244068602681
3467,644,754.0,0.0004070548555081127,-7.660026553190977e-05,-8.960162076371292e-05,0.000411169730606542,-8.0715140630339e-05
3466,644,750.0,0.00037782328268952045,-7.361052898110197e-05,-1.4771349573686199e-05,0.0003779440835639696,-7.373132985555116e-05
3465,644,695.0,0.0004139323873960793,-7.245167299850346e-05,-0.00022492511516418803,0.00043867727217950886,-9.719655778193302e-05
3470,644,857.0,0.00039243870370871126,-0.00011130178007142137,-3.838609705410223e-05,0.00039316892076819287,-0.00011203199713090298
4299,644,695.0,0.0003733475438440527,-7.244680266660651e-05,-9.505128216654932e-05,0.00037835788780917954,-7.745714663173338e-05
3478,645,860.0,0.0004910580286527112,-0.00011992336329772933,-9.942263132831086e-05,0.0004950762666882651,-0.00012394160133328321
3472,645,754.0,0.00040705485550810924,-5.377101602985928e-05,-0.0001453082970940961,0.0004182381661312794,-6.495432665302943e-05
3473,645,750.0,0.0003778232826895239,-6.884285861341729e-05,-1.648242815490905e-05,0.00037797528549058886,-6.899486141448221e-05
3477,645,850.0,0.00044432484908532577,-0.00010958906939267108,-3.1448220248694175e-05,0.00044477085470091365,-0.00011003507500825896
3476,645,857.0,0.00039243870370871126,-5.4416398896083105e-05,-8.944305371794137e-05,0.00039687050737244876,-5.8848202559820604e-05
3475,645,755.0,0.00047148005384262115,-0.00010329296502694025,-0.00012733957998024847,0.00047844851372633835,-0.00011026142491065745
3479,645,861.0,0.00043936463668444586,-7.853182872387019e-05,-0.00013232790371039624,0.0004476837902168127,-8.685098225623704e-05
3474,645,751.0,0.0005106369823737397,-0.00015033568374727443,-5.440763661224146e-05,0.0005117547265954833,-0.000151453427969018
3480,646,755.0,0.0004714800538426246,-0.00010021256766472764,-0.00013119683032483676,0.00047891051585370083,-0.00010764302967580385
3481,646,751.0,0.0005106369823737467,-0.00012441684755319204,-0.00011946143332150147,0.0005162061835104637,-0.00012998604868990916
3482,646,752.0,0.00052871697254913,-0.0001432205811570913,-9.06162426501933e-05,0.0005317582912362333,-0.0001462618998441945
3483,646,756.0,0.0005393847326681384,-0.00014231190140122385,-0.00015934424357865948,0.0005485724455157942,-0.00015149961424887966
3484,646,860.0,0.0004910580286527112,-0.00011795057705131712,-0.0001191002600419086,0.0004968263292333941,-0.00012371887763200004
3485,646,852.0,0.0005181884623989622,-0.00013381885207353473,-0.00010795079781085112,0.0005226265219879493,-0.00013825691166252185
3486,646,862.0,0.0005340508526086307,-0.0001484020419586828,-0.00011875172154660052,0.000539178243427566,-0.00015352943277761806
3487,646,863.0,0.0005039436227419758,-0.0001212622546993898,-0.00014818220291826917,0.0005126039539608159,-0.0001299225859182299
3494,647,864.0,0.0005621263295064079,-0.00017819013191149036,-8.096282922773201e-05,0.0005643333236650869,-0.00018039712607016944
3495,647,865.0,0.0005575031803096847,-0.00016111150908533196,-0.00013674058687176277,0.0005639502135464434,-0.0001675585423220906
3492,647,862.0,0.0005340508526086307,-0.0001473643382723139,-0.00012943940078598282,0.0005401433511845631,-0.00015345683684824625
3491,647,757.0,0.0005734995196138154,-0.00017722981243799242,-0.00011577671397066877,0.0005779370315374329,-0.00018166732436160989
3490,647,753.0,0.0005507537080229503,-0.00017340178860770052,-4.91692656629239e-05,0.0005515873814024428,-0.00017423546198719298
3489,647,752.0,0.0005287169725491231,-0.00014398581792341456,-0.00010489915619408749,0.0005327818215197701,-0.00014805066689406167
3493,647,854.0,0.0005407965767072406,-0.00015869359696195232,-7.738634948182763e-05,0.0005429304286235593,-0.00016082744887827103
3488,647,756.0,0.0005393847326681314,-0.00014499326869018962,-0.00015699902431508261,0.0005482733382169594,-0.00015388187423901752
3500,648,864.0,0.0005621263295064079,-0.00017539590092012893,-8.867137103251571e-05,0.0005647819789976018,-0.00017805155041132284
3499,648,705.0,0.0005629498612677031,-0.0001860751815477554,-8.824840984029969e-06,0.0005629758534280356,-0.00018610117370808794
3498,648,704.0,0.0005255055928804521,-0.0001836261145708078,-1.1670106740691022e-07,0.0005255055976817953,-0.00018362611937215105
3502,648,866.0,0.0005442281951098978,-0.0001850154452242552,-2.6338228217293036e-06,0.0005442305732588627,-0.00018501782337322018
3497,648,753.0,0.0005507537080229469,-0.00016568565285242408,-6.932791930889734e-05,0.0005524269693774043,-0.00016735891420688152
3503,648,867.0,0.0005725958394967035,-0.0001854259499307541,-5.817732499959968e-05,0.0005737104616819701,-0.00018654057211602075
3496,648,757.0,0.0005734995196138154,-0.00018477682557576985,-0.000111690424965602,0.0005775903147077505,-0.00018886762066970498
3501,648,856.0,0.0005425012469630203,-0.0001746558092846276,-3.2642227718711336e-05,0.0005428724919120568,-0.00017502705423366413
3504,649,693.0,0.0003238443970138283,-5.164928943606086e-05,5.283836005406939e-05,0.0003256940996810301,-5.349899210326271e-05
3505,649,694.0,0.0004149463275682497,-5.8876368191297245e-05,-0.00023962993757002324,0.00044352059794145116,-8.745063856449873e-05
3506,649,754.0,0.00039120236636338776,-7.659954969634335e-05,-6.096877341010831e-05,0.0003931805214403681,-7.857770477332372e-05
3507,649,758.0,0.0004034411435743096,-6.380246376603443e-05,-0.00011576395609124226,0.00041050475810095767,-7.086607829268247e-05
3508,649,870.0,0.0003693953622910355,-9.77237501669556e-05,-8.047827517090184e-05,0.0003728363429802212,-0.00010116473085614128
3509,649,858.0,0.0004021280534984087,-6.77379193852894e-05,-0.00014960322614219687,0.00041374889370811323,-7.935875959499391e-05
3511,649,869.0,0.0003626969260506138,-5.77235871003162e-05,-3.076795277283731e-05,0.00036325910291695523,-5.828576396665761e-05
3510,649,868.0,0.0003973219079516678,-0.00011266285084863084,-7.544907969384701e-05,0.0004000973590866957,-0.00011543830198365872
4311,649,868.0,0.0003973219079516678,-7.308627032293232e-05,-8.683689218699081e-05,0.000401295838306295,-7.706020067755956e-05
4310,649,858.0,0.00037935228616269717,-6.77359405364743e-05,-7.045013977368883e-05,0.0003821105726275754,-7.049422700135258e-05
4309,649,693.0,0.0003693953622910355,-5.165126825518786e-05,-0.00010546640324637924,0.00037589936517629286,-5.815527114044522e-05
4308,649,758.0,0.0004034411435743096,-6.380246376603447e-05,-0.00011576395609124573,0.0004105047581009581,-7.086607829268296e-05
4307,649,754.0,0.00039120236636338776,-7.659954969634335e-05,-6.096877341010831e-05,0.0003931805214403681,-7.857770477332372e-05
4312,649,869.0,0.00038547212399926006,-5.772655529933204e-05,-0.00010991877564788324,0.000392185731076571,-6.4440162376643e-05
4306,649,694.0,0.0003693953622910355,-5.887241055304302e-05,-8.132574365730255e-05,0.0003732220008719429,-6.269904913395043e-05
3516,650,868.0,0.0003973219079516678,-3.9835705324517e-05,-0.0001662516571954431,0.0004125947596172752,-5.510855699012438e-05
3515,650,759.0,0.0004531550773356624,-6.976540125963273e-05,-0.00019628468083225659,0.00047096777929072253,-8.757810321469289e-05
3514,650,755.0,0.0004764695869667185,-0.00010329323700258939,-0.00013821841320617312,0.0004845937377682729,-0.00011141738780414383
3513,650,754.0,0.00039120236636339123,-5.377030019787201e-05,-0.00011667544973849309,0.0003987235517415639,-6.129148557604467e-05
3512,650,758.0,0.00040344114357430266,-3.4107030560445576e-05,-0.0002069380000275789,0.0004266751868166695,-5.734107380281239e-05
3518,650,871.0,0.00046481262357890574,-8.242667100031697e-05,-0.00017169549110296334,0.0004779638723006631,-9.557791972207433e-05
3519,650,872.0,0.0004282194414957294,-5.193612801048081e-05,-0.00019987831772751846,0.0004481900718624899,-7.190675837724138e-05
3517,650,861.0,0.00043375899494914327,-7.853166338651365e-05,-0.00012571457438741857,0.0004413587476460723,-8.613141608344269e-05
3525,651,863.0,0.0005077237176394495,-0.00012126230299613525,-0.00015011397098906032,0.0005165562470030642,-0.00013009483235975
3526,651,873.0,0.0005292502995091243,-0.00012883327591168257,-0.00019270525864423238,0.000543067560442538,-0.00014265053684509623
3524,651,871.0,0.00046481262357890574,-8.5291402037894e-05,-0.00017121306845763878,0.0004778267289666974,-9.830550742568565e-05
3523,651,760.0,0.0005225467111760751,-0.00010926192271641056,-0.00023045528843207777,0.0005429056058020324,-0.000129620817342368
3522,651,756.0,0.00053595388784217,-0.00014231185357212552,-0.0001574311773658854,0.0005449693302083061,-0.00015132729593826156
3520,651,759.0,0.00045315507733565547,-6.427669706914995e-05,-0.00020282749247438336,0.00047232164408957556,-8.344326382307005e-05
3527,651,874.0,0.0004893638634682965,-8.676985067617037e-05,-0.00021700157079486762,0.0005091199012160139,-0.00010652588842388779
3521,651,755.0,0.0004764695869667185,-0.00010021283963901719,-0.0001420756635513963,0.00048509138286257616,-0.00010883463553487487
3530,652,757.0,0.0005716894365086836,-0.0001772297622163147,-0.00011376790465969511,0.0005759853989368831,-0.0001815257246445142
3531,652,761.0,0.0006012919342959916,-0.00017000108982827386,-0.00020244116711025037,0.0006143543872709255,-0.00018306354280320773
3532,652,873.0,0.0005292502995091243,-0.0001293207069195028,-0.00019098257794081946,0.0005428168473260596,-0.00014288725473643801
3533,652,865.0,0.0005564891950740197,-0.00016111154806035325,-0.00013829960722894913,0.0005630918913328595,-0.00016771424431919296
3534,652,875.0,0.0005864910554196946,-0.00017704898932341894,-0.00015272891610315642,0.0005940536420537157,-0.00018461157595744005
3535,652,876.0,0.0005645876894354515,-0.0001383901233439876,-0.00022391099878465298,0.0005819869573739777,-0.00015578939128251378
3528,652,760.0,0.000522546711176082,-0.00010677993583520316,-0.00023763262286315145,0.0005442319018961186,-0.00012846512655523973
3529,652,756.0,0.0005359538878421666,-0.00014499322086133015,-0.0001550859581018714,0.0005446724794688277,-0.00015371181248799123
3539,653,706.0,0.0006251709997399935,-0.00020859482410862763,-6.75839835727679e-06,0.0006251846951916381,-0.00020860851956027227
3536,653,761.0,0.0006012919342959881,-0.00017750908453759064,-0.0002097907160491519,0.000615172707446539,-0.00019138985768814163
3537,653,757.0,0.0005716894365086905,-0.0001847767753543429,-0.00010968161565442364,0.000575644499710839,-0.00018873183855649142
3542,653,877.0,0.0005891844762709632,-0.00019932800190383942,1.2520641081356643e-06,0.0005891849733029018,-0.00019932849893577808
3540,653,875.0,0.0005864910554196946,-0.00018313610806239646,-0.00015444040998911085,0.0005941624450492399,-0.00019080749769194178
3541,653,867.0,0.0005762720041480804,-0.0001854259762355153,-5.9229419603845646e-05,0.0005774216845910955,-0.00018657565667853037
3543,653,878.0,0.0006270588095392063,-0.00019305200854683168,-0.00011199769329635692,0.0006308648619918958,-0.00019685806099952117
3538,653,705.0,0.0005531997520156311,-0.00018607499420969249,-1.3316090846510198e-06,0.0005532003516510593,-0.0001860755938451207
4317,654,869.0,0.00037431051775465435,-5.772567747135375e-05,-8.651053590070026e-05,0.0003785986540566213,-6.201381377332076e-05
4316,654,692.0,0.0003661950813350738,-3.251411338671947e-05,-0.00010137596814258076,0.0003725381437035397,-3.885717575518536e-05
4315,654,762.0,0.0004018783266930559,-5.3767604906437896e-05,-0.00014960624400241554,0.0004138444574071418,-6.573373562052378e-05
4314,654,758.0,0.0003912077777352488,-6.380036301409646e-05,-8.21528997605181e-05,0.00039488626892569383,-6.747885420454151e-05
4313,654,693.0,0.0003661950813350738,-5.165105731466709e-05,-8.859122263281047e-05,0.00037083921473107686,-5.6295190710670145e-05
3547,654,762.0,0.0004018783266930559,-5.37676049064379e-05,-0.00014960624400242248,0.0004138444574071429,-6.573373562052489e-05
3550,654,879.0,0.0003965430522141454,-0.00010710866916722997,-0.00010103301560617645,0.0004015599092968552,-0.00011212552624993976
3549,654,869.0,0.0004013352029116138,-5.772911855745678e-05,-0.00017827147445787644,0.00041803503129061927,-7.442894693646227e-05
3548,654,881.0,0.0003661950813350738,-9.040678467469408e-05,-8.013724672724376e-05,0.00036968459375267984,-9.389629709230006e-05
4319,654,880.0,0.00037964572554344267,-4.314117969029933e-05,-0.0001266286560389386,0.0003889237390064395,-5.241919315329612e-05
3546,654,758.0,0.0003912077777352488,-6.380036301409646e-05,-8.21528997605181e-05,0.00039488626892569383,-6.747885420454151e-05
3545,654,693.0,0.0004202451272661001,-5.1653351395004133e-05,-0.0002721167450285278,0.000456663147847411,-8.80713719763151e-05
3544,654,692.0,0.00031214503540406835,-3.2502642985017736e-05,8.214685174746938e-05,0.0003169723516326608,-3.732995921361016e-05
3551,654,880.0,0.00035262104038649017,-4.313773860419631e-05,-3.486771748176937e-05,0.00035338754744490634,-4.390424566261248e-05
4318,654,879.0,0.0003965430522141454,-6.122683290022481e-05,-0.0001145456115426366,0.0004035998211246978,-6.828360181077717e-05
3553,655,758.0,0.00039120777773524185,-3.410619026387432e-05,-0.00017332648494123096,0.0004081885746849627,-5.1086987213595124e-05
3552,655,762.0,0.00040187832669305937,-1.982417111104503e-05,-0.00022988020842504286,0.00043117177733680283,-4.911762175478847e-05
3554,655,759.0,0.0004582033161701256,-6.976560543403717e-05,-0.00020445147974933187,0.00047730523341878774,-8.886752268269933e-05
3555,655,763.0,0.00042998447807410245,-3.126786089640242e-05,-0.00023093505960439242,0.00045727531169268077,-5.855869451498074e-05
3556,655,879.0,0.0003965430522141454,-2.0571442635950994e-05,-0.0002064646810163301,0.0004206938656299424,-4.4722256051748e-05
3557,655,872.0,0.0004220713306971047,-5.193577761378879e-05,-0.00018586265631130236,0.00043963980256786354,-6.950424948454768e-05
3558,655,882.0,0.00044409389712211575,-4.412328282227203e-05,-0.00022255438525672216,0.0004682605711931468,-6.828995689330309e-05
3559,655,883.0,0.00041329694307236375,-2.5545850361604876e-05,-0.0002273810278296054,0.00044100159170763314,-5.325049899687428e-05
3564,656,882.0,0.00044409389712211575,-4.680993466438482e-05,-0.00022282217529883547,0.0004681954517442596,-7.091148928652866e-05
3567,656,885.0,0.0004591862635435415,-3.9049843070642715e-05,-0.00026038977450663567,0.0004911562981206913,-7.101987764779251e-05
3566,656,884.0,0.0005098848757983526,-8.226792980093082e-05,-0.0002628680830508226,0.000537746960317645,-0.00011013001432022318
3565,656,874.0,0.0004891034282008058,-8.676995141862576e-05,-0.0002196880359642446,0.0005093440341560982,-0.00010701055737391806
3561,656,759.0,0.0004582033161701221,-6.427720750260858e-05,-0.00021099410208288288,0.00047870070212469934,-8.477459345718582e-05
3562,656,760.0,0.0005256922474523619,-0.00010926195636053388,-0.0002331467621668054,0.0005464178412952728,-0.00012998755020344474
3560,656,763.0,0.00042998447807410245,-2.6085657463547165e-05,-0.00023380054445426568,0.0004582025386356656,-5.43037180251103e-05
3563,656,764.0,0.0004940775041443468,-5.201562798875236e-05,-0.00029174119147467453,0.0005305994409031012,-8.853756474750681e-05
3575,657,887.0,0.0005412479725478078,-7.82111336101136e-05,-0.00031963750766537957,0.0005800502402931825,-0.00011701340135548827
3572,657,884.0,0.0005098848757983526,-8.221518692465117e-05,-0.0002668834363140707,0.0005385690637822224,-0.00011089937490852086
3573,657,876.0,0.0005640902120775809,-0.00013839016543184114,-0.00022503335599780364,0.0005816720305626136,-0.00015597198391687384
3571,657,765.0,0.0005979096943631856,-0.00010782934623852509,-0.0003424434584076916,0.0006372566690098411,-0.00014717632088518062
3574,657,886.0,0.0006049448477597856,-0.00014344511608585585,-0.0002743967883191631,0.0006293038569801826,-0.0001678041253062528
3569,657,760.0,0.0005256922474523584,-0.00010677996947915829,-0.00024032409659807685,0.0005477521545543087,-0.00012883987658110854
3568,657,764.0,0.0004940775041443433,-4.8591149063707134e-05,-0.0002978297906638533,0.0005322556374597509,-8.676928237911469e-05
3570,657,761.0,0.0006119800011563821,-0.0001700016083011121,-0.00021073601266624609,0.0006259289773099907,-0.00018395058445472078
3577,658,761.0,0.0006119800011563786,-0.0001775092919256892,-0.00021808596241147324,0.0006267639955222298,-0.0001922932862915404
3576,658,765.0,0.0005979096943631856,-0.00010273688288091538,-0.00038608913762624986,0.0006475771707585463,-0.00015240435927627602
3578,658,706.0,0.0006180871103398967,-0.00020859448259001666,6.902083635879075e-06,0.0006181015167113311,-0.00020860888896145094
3579,658,707.0,0.0008051988212684213,-0.0002584846997203932,-0.0001419081565313396,0.0008099110090665612,-0.000263196887518533
3580,658,886.0,0.0006049448477597856,-0.00014863593133331986,-0.0002769384650099377,0.0006295828154641352,-0.00017327389903766944
3581,658,878.0,0.0006259435138173883,-0.0001930522379451879,-0.00012117362101750004,0.0006304012780219794,-0.00019751000214977905
3582,658,888.0,0.0007116429658041504,-0.00024205205202389504,-4.235508308812058e-05,0.0007121129979708628,-0.00024252208419060756
3583,658,889.0,0.0007124654732255445,-0.0001806113757243746,-0.00027958059061902393,0.0007338350431205249,-0.00020198094561935494
4322,659,766.0,0.0003868660456607248,-3.6904336342131756e-05,-0.00017895483482194274,0.0004049842076614842,-5.5022498342891126e-05
4323,659,745.0,0.00033291165199795386,-5.29102927400538e-07,-0.0001241965505271586,0.00034410102708417104,-1.17184780136177e-05
4324,659,880.0,0.000366703547960142,-4.313973655743199e-05,-8.814574255013724e-05,0.0003713893899390774,-4.7825578536367396e-05
4325,659,890.0,0.00039350733067107513,-4.3351761075713043e-05,-0.00014720388659431038,0.00040557444977913973,-5.541888018377767e-05
4326,659,891.0,0.0003576498318791123,-1.8508328017830765e-05,-0.0001525380633457113,0.0003725256865998392,-3.338418273855765e-05
4320,659,692.0,0.0003380673622059571,-3.2511602561282e-05,-6.12045692999913e-05,0.00034057748607269425,-3.502172642801915e-05
3591,659,891.0,0.00034893977661028946,-3.675474100200926e-05,-3.592141082824768e-05,0.00034977435011687637,-3.758931450859618e-05
4321,659,762.0,0.00040035431031571443,-5.376714919240827e-05,-0.0001131493687063917,0.0004072962940205158,-6.070913289720961e-05
3589,659,880.0,0.0003755221702565134,-4.314411184546783e-05,-0.00020481932196221575,0.0003992300183137468,-6.685195990270126e-05
3588,659,892.0,0.0003358230748454309,-8.455661711359987e-05,-9.381681359225263e-05,0.00034099378695639615,-8.97273292245651e-05
3587,659,766.0,0.00038686604566073174,-3.690433634213177e-05,-0.00017895483482194795,0.0004049842076614919,-5.5022498342891885e-05
3586,659,762.0,0.00040035431031571443,-5.376714919240827e-05,-0.0001131493687063917,0.0004072962940205158,-6.070913289720961e-05
3585,659,692.0,0.0003546193318449478,-3.2525289403205737e-05,-0.00028019273208529025,0.00039999729056304793,-7.790324812130585e-05
3584,659,745.0,0.00031656345440822173,-3.477093838931235e-05,9.468477852853097e-05,0.0003228310422368042,-4.1038526217894856e-05
3590,659,890.0,0.0003939212639581316,-0.00011293707486063171,-0.0001474208885577158,0.0004044230959550184,-0.00012343890685751852
3592,660,766.0,0.0003848775133131199,-3.6521830353146557e-06,-0.00020160363396447278,0.0004094729802786556,-2.8247650000850306e-05
3594,660,763.0,0.00043298397860000795,-3.1268246556324496e-05,-0.0002386480598546986,0.00046185739908417205,-6.014166704048859e-05
3595,660,767.0,0.00041011547767198786,-3.450039469609895e-06,-0.00022222904703190528,0.00043807842529903726,-3.141298709665924e-05
3596,660,890.0,0.0003893311774049099,-6.019358233897066e-06,-0.0001973286120577622,0.0004125861175509035,-2.927429837989068e-05
3597,660,883.0,0.00041018482883711793,-2.554505863958345e-05,-0.00021154680238884976,0.0004345040012384338,-4.986423104089927e-05
3598,660,893.0,0.0004213859407396353,-9.845471645993716e-06,-0.00023192303108263146,0.0004505909972359051,-3.9050528142263485e-05
3599,660,894.0,0.00039466581925962085,-3.773214813490173e-06,-0.000210065694384972,0.00042065801363621225,-2.976540919008154e-05
3593,660,762.0,0.0003940367394038441,-1.9822214690974038e-05,-0.00019075224803609056,0.00041495899814929607,-4.0744473436426024e-05
3605,661,885.0,0.0004578753028896265,-3.904991278959929e-05,-0.00026224898887229967,0.0004903527251909623,-7.152733509093508e-05
3600,661,767.0,0.0004102506240132586,1.8217699079260767e-06,-0.00022009686766120973,0.00043801505376659045,-2.5942659845405735e-05
3601,661,763.0,0.0004327584384354599,-2.6085748779362643e-05,-0.00024110576590362712,0.0004625032690741828,-5.5830579418085545e-05
3602,661,764.0,0.0004918088347688684,-5.20155070796647e-05,-0.00028980679995732617,0.0005280090200105369,-8.821569232133312e-05
3603,661,768.0,0.00046367844846072204,-7.2646531574099295e-06,-0.000294849031248115,0.0005060212944121813,-4.9607499108869185e-05
3604,661,893.0,0.0004214429654830869,-1.1642730224339568e-05,-0.00023133990718653824,0.0004504003072848308,-4.0600072026083486e-05
3606,661,895.0,0.0004776702262323969,-2.9394517873457872e-05,-0.00029324141466922915,0.000517013758784281,-6.873805042534206e-05
3607,661,896.0,0.00043278391012525896,-3.2666299721692576e-06,-0.0002533680163248654,0.00046691703534411085,-3.73997551910211e-05
3614,662,897.0,0.0005931945843229008,-7.773249050863754e-05,-0.0003703128595383687,0.0006409003155344213,-0.00012543822172015804
3612,662,895.0,0.00047729698711740376,-2.5984067847068052e-05,-0.0002977154293330453,0.0005180287809777973,-6.671586170746164e-05
3611,662,769.0,0.0005722715930601974,-4.8526659383703796e-05,-0.0003963882876846861,0.0006301502644486237,-0.00010640533077213018
3610,662,765.0,0.0006143840660513648,-0.00010782932728450585,-0.0003409269404131138,0.0006525965913766738,-0.00014604185260981486
3609,662,764.0,0.000491329646422442,-4.859101131049934e-05,-0.0002956259138351264,0.0005291472397570389,-8.640860464509626e-05
3613,662,887.0,0.0005406184767496325,-7.821091246019003e-05,-0.00031374022209030086,0.0005781125381264179,-0.00011570497383697539
3608,662,768.0,0.0004634670916799852,-4.625704442736664e-06,-0.0002973268668548662,0.0005066904771939894,-4.784908995674088e-05
3615,662,898.0,0.0005063307008826567,-2.7325112117804543e-05,-0.0003403058203427581,0.0005559662907403556,-7.696070197550333e-05
3619,663,708.0,0.0009719006158102339,-0.00025931761444875003,-0.00044238150480149676,0.0010104321060387378,-0.0002978491046772539
3618,663,707.0,0.000865071319295814,-0.0002584850148137012,-0.00014820698966203083,0.000869937694194452,-0.0002633513897123392
3621,663,889.0,0.0006929019301034067,-0.00018061165460725966,-0.00028515920558293967,0.0007155854916577982,-0.00020329521616165106
3622,663,899.0,0.0009197152973485362,-0.0002642609548138852,-0.0002800966405474975,0.000936055596899929,-0.000280601254365278
3623,663,900.0,0.0007156308339796302,-0.00013769400895534596,-0.0004345876145797553,0.0007677767463776159,-0.0001898399213533316
3616,663,769.0,0.0005705983508064588,-2.065491235267214e-05,-0.0004154564290519275,0.0006362833802748382,-8.633994182105143e-05
3617,663,765.0,0.0006109489400061285,-0.00010273678702461039,-0.0003841713619550692,0.0006593636958866833,-0.00015115154290516514
3620,663,897.0,0.0005915027510100812,-6.461091450137642e-05,-0.0003907769324453039,0.0006452808803133035,-0.00011838904380459872
4328,664,766.0,0.000400542676730814,-4.222667659265443e-05,-0.00014751216439916337,0.00041250566927117843,-5.4189669133018856e-05
4327,664,745.0,0.0003239277877988764,-9.260301694095607e-06,-6.76224913512477e-05,0.0003273242606677314,-1.2656774562950666e-05
3630,664,901.0,0.0003679145717403083,-9.368611747115226e-05,-0.00022562112571036796,0.00039400919042079595,-0.00011978073615163994
3629,664,891.0,0.0003159727109109667,-7.395178989969574e-06,-0.00021612551102210761,0.00034876050473862485,-4.018297281762779e-05
3628,664,903.0,0.00030911301255830137,-6.707254590709551e-05,-0.00014321010621846236,0.00032228169816737645,-8.024123151617062e-05
3627,664,770.0,0.0003494749515625742,-1.153742550021788e-05,-0.00021255336070906058,0.0003784376554360193,-4.050012937366297e-05
3626,664,766.0,0.000400542676730814,-4.222667659265443e-05,-0.00014751216439916337,0.00041250566927117843,-5.4189669133018856e-05
3625,664,745.0,0.0002458623218990347,2.5839631744061538e-05,-0.00027697728636686715,0.00031271702878332567,-4.1015075140229474e-05
3631,664,902.0,0.00036517451046142596,-3.829408285321925e-05,-6.748191061081016e-05,0.0003679767105785079,-4.109628297030118e-05
4333,664,902.0,0.00032512380196921334,-1.339948525404234e-06,-0.0001682184686304447,0.0003455192895898768,-2.1735436146067688e-05
4332,664,901.0,0.0003737958470980407,-2.411226145120559e-05,-0.00018442063466063419,0.00039412576016819965,-4.444217452136454e-05
4331,664,891.0,0.0003575657235230772,-2.6099114064605534e-05,-0.00010458417823836288,0.00036456524251777156,-3.3098633059299955e-05
4330,664,744.0,0.00030795519829926454,9.938426687206643e-06,-0.00012954412070188825,0.0003214242535200585,-3.530628533587334e-06
4329,664,770.0,0.0003494749515625742,-1.153742550021788e-05,-0.00021255336070905842,0.0003784376554360187,-4.05001293736624e-05
3624,664,744.0,0.00038312717880103,-5.9421835342573554e-05,5.9531286994124466e-05,0.00038512022649852976,-6.141488304007333e-05
3639,665,905.0,0.00037788511285757886,5.074135743728801e-06,-0.0001791208745787129,0.00039828406838154554,-1.532481978023788e-05
3638,665,904.0,0.00040501432668212795,1.0391825856492255e-05,-0.00020616535806373265,0.00043031881752732737,-1.4912664988707148e-05
3637,665,894.0,0.000399086308392374,-6.363889301035127e-06,-0.00019440391305032903,0.0004211848872460534,-2.846246815471447e-05
3636,665,901.0,0.0003782055713129305,3.9259991759642575e-06,-0.00015932140395719802,0.0003944548876306883,-1.2323317141793577e-05
3634,665,767.0,0.00040679445208770607,-2.2531006638215542e-06,-0.00022926392546293584,0.0004367284799810092,-3.2187128557124644e-05
3633,665,766.0,0.00039462627398197114,-9.79319008740951e-06,-0.0001643695211889836,0.00041068956044364743,-2.5856476549085747e-05
3632,665,770.0,0.00036020545042379434,4.477070129811624e-06,-0.00016401320894877947,0.00037820027414663766,-1.3517753593031672e-05
3635,665,771.0,0.0004010526152842253,5.765834632980529e-06,-0.00019630270235173038,0.00042408228057947913,-1.7263830662273314e-05
3646,666,906.0,0.0004522062290522322,5.273766430929097e-06,-0.00028357975065427393,0.0004933935926188667,-3.5913597135705405e-05
3640,666,771.0,0.0004024187240251262,1.133490225703308e-05,-0.00018927534569222748,0.00042411614667419573,-1.0362520392036463e-05
3641,666,767.0,0.0004071966325460835,2.889194215952415e-06,-0.00022635418204375486,0.00043672195883926075,-2.663613207722483e-05
3642,666,768.0,0.00046318192957266885,-7.67332651144156e-06,-0.0002921895855641232,0.0005048280399533335,-4.9319436892106267e-05
3643,666,772.0,0.0004419274747802515,1.5692530129407676e-05,-0.0002726686255865277,0.0004818042748310802,-2.4184269921421e-05
3644,666,904.0,0.0004045615637932945,8.394381867953594e-06,-0.00020853078635249545,0.0004303269871748111,-1.7371041513563007e-05
3647,666,907.0,0.0004180271808746361,1.2587389193082825e-05,-0.00022677375562444452,0.00044758285462674445,-1.696828455902553e-05
3645,666,896.0,0.00043039186765444354,-2.8574733258773024e-06,-0.0002555731101323254,0.00046527395953986617,-3.773956521129992e-05
3655,667,909.0,0.00048349785565565684,4.414709112864184e-06,-0.00033920322841207023,0.0005374607506068559,-4.954818583833488e-05
3654,667,908.0,0.0005659024058651332,-2.485494266098435e-05,-0.00041079314519661125,0.0006302963170564601,-8.924885385231123e-05
3653,667,898.0,0.0005082224103694771,-2.7496568103430152e-05,-0.0003395224968291491,0.0005574868518561537,-7.676100959010674e-05
3652,667,906.0,0.00045217547494603993,8.910952885495716e-06,-0.000282834645321306,0.000493449505734541,-3.236307790300535e-05
3651,667,773.0,0.000551320758696322,-6.637964845616513e-06,-0.0004235508693421191,0.0006225960457513941,-7.791325190068855e-05
3650,667,769.0,0.0005802138665024596,-4.809608430808083e-05,-0.0004003649644514079,0.0006385724811337547,-0.00010645469893937585
3649,667,768.0,0.00046255307875527063,-5.099230738563537e-06,-0.0002941910742792018,0.0005049727704750776,-4.751892245837057e-05
3648,667,772.0,0.0004416375363100744,1.8673872156116982e-05,-0.0002731604989959502,0.0004819070296547596,-2.1595621188568234e-05
3656,668,773.0,0.000552528987296054,2.136081030085915e-05,-0.0004117962882984605,0.0006229939336537837,-4.910413605687053e-05
3663,668,911.0,0.00067835093736901,-8.21726053334794e-05,-0.0005795302441389816,0.0007761716282762476,-0.0001799932962407171
3662,668,910.0,0.0009700705454855074,-0.00022352103669189162,-0.0006365177953118611,0.00104962816955663,-0.0003030786607630143
3661,668,900.0,0.0007086644089357441,-0.00013936997513959575,-0.0004229005505524616,0.0007584634239424343,-0.00018916899014628606
3657,668,769.0,0.0005752351569688757,-2.091052613109113e-05,-0.0004145764356209558,0.0006402268057132829,-8.590217487549831e-05
3659,668,709.0,0.0009506604247228323,-0.00017903372615274708,-0.0008153925350596926,0.0010824254832508472,-0.000310798784680762
3658,668,708.0,0.000987004123152984,-0.0002561002184102802,-0.00046509139325948134,0.0010290818206144642,-0.0002981779158717605
3660,668,908.0,0.0005646343006679502,-2.8144208820360546e-06,-0.0004107836748498614,0.0006311745823819866,-6.93547025960724e-05
4334,669,744.0,0.00031724623030346746,-8.091037995873782e-06,-7.706626842431466e-05,0.00032174782965345883,-1.2592637345865202e-05
4339,669,912.0,0.0003409066613010922,-3.14160077366373e-06,-0.0002130474706668259,0.0003712179148323754,-3.345285430494691e-05
4338,669,902.0,0.00034419324898480805,-1.5660305476004358e-05,-0.00013033436075835653,0.00035563106242648143,-2.7098118917677765e-05
4337,669,743.0,0.0002931354989680543,1.1428327680312232e-05,-0.00012718968414353327,0.0003068265234756481,-2.262696827281613e-06
4336,669,774.0,0.00030752563001352345,7.798976428892428e-06,-0.00022373340215849427,0.0003446734674002857,-2.9348860957869834e-05
4335,669,770.0,0.00037989790980067287,-2.1464759796542526e-05,-0.00019187986052644768,0.00040165188774593486,-4.3218737741804555e-05
4340,669,913.0,0.0002974248376985877,8.649635962273747e-06,-0.00017208897843092041,0.0003211188640500994,-1.5044390389237945e-05
3671,669,913.0,0.0003748899614356635,-4.074011637173235e-05,-0.00011461503062756839,0.0003826468170497461,-4.8496971985814946e-05
3668,669,914.0,0.00028309638296506595,-5.558547086781584e-05,-0.00017918427056207858,0.00030533598802704766,-7.782507592979759e-05
3669,669,902.0,0.00026150432576574345,1.7957597995238994e-05,-0.00020694953224076676,0.0002995301464078163,-2.006822264683387e-05
3667,669,774.0,0.0003075256300135165,7.798976428892421e-06,-0.00022373340215849774,0.0003446734674002805,-2.934886095787157e-05
3666,669,770.0,0.00037989790980067287,-2.1464759796542526e-05,-0.00019187986052644768,0.00040165188774593486,-4.3218737741804555e-05
3664,669,743.0,0.0004385318322151499,-8.127245183136065e-05,-1.931560835127799e-05,0.00043871120935419755,-8.145182897040826e-05
3670,669,912.0,0.0003210019144448892,-6.327805121512093e-05,-0.00028601113935892986,0.0003683788745672835,-0.00011065501133751527
3665,669,744.0,0.00016204518384588945,5.500695457984592e-05,-0.00022086625851464384,0.00023124433056246021,-1.4192192136724854e-05
3675,670,775.0,0.0004004302599213416,-1.8343313154385748e-06,-0.00018336465957219904,0.0004203406071023231,-2.174467849642002e-05
3674,670,771.0,0.000390577120548935,7.796666160763431e-06,-0.00019915053582922337,0.0004149308458672441,-1.6557059157545586e-05
3673,670,770.0,0.00039748849501786143,-6.248808553878851e-06,-0.00014311040187353196,0.00040979523713835454,-1.855555067437192e-05
3672,670,774.0,0.0003469791674976172,-4.980563414208784e-06,-0.00013377563885924593,0.0003592621327702659,-1.7263528686857477e-05
3677,670,905.0,0.0003933138675112323,1.8640279303325949e-07,-0.0001690884444982485,0.0004107244943511943,-1.722422404692878e-05
3678,670,915.0,0.0003994823347349269,9.978287062811816e-06,-0.0001787544637503885,0.0004190119955243001,-9.551373726561366e-06
3679,670,916.0,0.00037066765038975755,-3.5038067356835562e-06,-0.00015683368728900554,0.0003864372180334963,-1.927337437942231e-05
3676,670,912.0,0.0003751569676257102,-2.4061001841419445e-07,-0.000129158197093443,0.00038595577398902115,-1.103941638172512e-05
3684,671,915.0,0.0003981265636111911,8.943979302950058e-06,-0.0001824560080067178,0.00041844995149695793,-1.1379408582816778e-05
3685,671,907.0,0.0004142950900786757,1.3101701737052786e-05,-0.000227144385191759,0.00044421450520023805,-1.6817713384509504e-05
3682,671,772.0,0.00044564971745757187,1.479319641259732e-05,-0.0002711096672167179,0.00048474934999660063,-2.4306436126431417e-05
3683,671,776.0,0.0004326801429253291,1.4343483581500982e-05,-0.00025857941634566464,0.000469412644437766,-2.2389017930935916e-05
3680,671,775.0,0.00040424596233566354,1.3779452043123214e-06,-0.0001728223418695357,0.0004219980625204157,-1.637415498043982e-05
3686,671,917.0,0.00043851677005014855,1.647245647844692e-05,-0.00026562219554010155,0.0004768320118739692,-2.184278534537372e-05
3681,671,771.0,0.0003928165767113079,1.3088051654225406e-05,-0.00019155217931588538,0.00041560578237849846,-9.70115401296515e-06
3687,671,918.0,0.00041447949883756385,6.735540623768262e-06,-0.00021146286407271175,0.00044026578669578514,-1.9050747234453054e-05
3695,672,920.0,0.00046452496572758906,1.4440879215584646e-05,-0.00034345676382911694,0.000522563402879242,-4.359755793606826e-05
3689,672,772.0,0.000445174445704008,1.7625898141417376e-05,-0.00027108378482889293,0.00048452276026679855,-2.172241642137322e-05
3690,672,773.0,0.0005505030427676999,-5.5339392749918125e-06,-0.00042668349629050584,0.0006229256778309772,-7.795657433826907e-05
3691,672,777.0,0.0005223727605585815,1.7412373396062783e-05,-0.00045502177687881465,0.000609756440475696,-6.997130652105165e-05
3692,672,917.0,0.00043945338514927296,1.9444605980191037e-05,-0.00026212990454512267,0.00047699669876349817,-1.809870763403419e-05
3693,672,909.0,0.00048427766840558606,3.919752207856056e-06,-0.0003379330479087034,0.0005377577270773165,-4.956030646387436e-05
3694,672,919.0,0.0005369570703384827,8.268603362423669e-06,-0.0004386378473392599,0.0006160930605285841,-7.08673868276777e-05
3688,672,776.0,0.00043296939621726566,1.7268482848162384e-05,-0.000256669508405305,0.0004693966943124563,-1.9158815247028273e-05
3703,673,922.0,0.0006009407246935841,-1.3307876506009462e-05,-0.0007014648716890462,0.0007600122816175826,-0.00017237943343000793
3701,673,911.0,0.000681691476860688,-8.45023336625836e-05,-0.0005734443975207171,0.000777105656196909,-0.0001799165129988047
3700,673,919.0,0.0005404274660459202,2.568799200449377e-05,-0.0004230442244577484,0.0006161955165784588,-5.0080058528044805e-05
3699,673,710.0,0.0007915930453617076,-3.384143066046061e-05,-0.0010908489873411448,0.0010628519742214423,-0.0003051003595201952
3702,673,921.0,0.0008662380878763296,-0.00010937676505089842,-0.0009655097885118286,0.0010647311591839856,-0.0003078698363585545
3697,673,773.0,0.000552483574620774,2.1068917641527525e-05,-0.0004108830632309317,0.0006226431949748871,-4.909070271258561e-05
3696,673,777.0,0.0005298215879834256,3.595079756700222e-05,-0.000429360285384095,0.0006100935476328233,-4.432116208239557e-05
3698,673,709.0,0.000943467494418461,-0.0001737615865559397,-0.0008292838321363877,0.001080538316293032,-0.00031083240843051075
3708,674,925.0,0.0002487229743283262,-4.46352117769749e-05,-0.000208324600331853,0.00028194535740804286,-7.785759485669156e-05
3707,674,778.0,0.0002704477844279879,1.7430197720488176e-05,-0.00021929950417505853,0.00031135327639266125,-2.3475294244185157e-05
3706,674,774.0,0.00034973822031097307,-2.351840994405021e-06,-0.00022531618130447462,0.00038269964459906793,-3.531326528249991e-05
3705,674,743.0,0.00010001290782889888,6.389013009875184e-05,-0.00013176794827507443,0.00015026631835525354,1.3636719572397195e-05
3704,674,742.0,0.0004629471717114697,-9.240359231988207e-05,-0.00014074047296630532,0.00047172525530625974,-0.0001011816759146721
4347,674,924.0,0.0002708915334332005,1.0049811167733852e-05,-0.00017585744257579,0.00029776358709934813,-1.6822242498413815e-05
4345,674,913.0,0.00032682634776584445,-8.446087571157106e-06,-0.0001535134388416827,0.00034356338046314576,-2.518312026845838e-05
4344,674,742.0,0.00027335867209363207,5.308302951550006e-06,-0.00013751743620372264,0.0002899671869869302,-1.1300211941748091e-05
4343,674,778.0,0.0002704477844279879,1.743019772048817e-05,-0.00021929950417506373,0.00031135327639266293,-2.3475294244186865e-05
4342,674,774.0,0.00034973822031097307,-2.351840994405021e-06,-0.00022531618130447462,0.00038269964459906793,-3.531326528249991e-05
4341,674,743.0,0.0003088118882166903,-1.1581411851697389e-05,-9.001354545077299e-05,0.0003150140851536596,-1.778360878866667e-05
3710,674,923.0,0.00026679427409938977,-3.2924622090793116e-05,-0.00031775889068222374,0.00033533934137718334,-0.00010146968936858667
3711,674,924.0,0.00037189898560179707,-4.2010569288941386e-05,-0.0001775777077739904,0.0003901413228848997,-6.0252906572043976e-05
4346,674,923.0,0.00030582130027150684,1.2258074040027463e-05,-0.00022638455996335655,0.0003443970020810469,-2.6317627769512547e-05
3709,674,913.0,0.0002155807238989893,3.1764256142582164e-05,-0.00017575969015360543,0.00025083376803155996,-3.488787989988477e-06
3715,675,779.0,0.00040115856344262457,-1.991213799180305e-05,-0.0002004321325440976,0.00042379352352990384,-4.254709807908233e-05
3712,675,778.0,0.0003430033952199832,-2.9529534212844623e-05,-0.00012967252585670275,0.0003539650645728885,-4.049120356574998e-05
3713,675,774.0,0.00040360849664732024,-1.414591571278966e-05,-0.0001446377392479532,0.00041577360805662396,-2.6311027122093416e-05
3714,675,775.0,0.000385364923419753,-6.100287106137569e-07,-0.0001780921700043625,0.0004049177286478469,-2.016283393870764e-05
3716,675,923.0,0.0003788883413257532,-1.91880085250709e-05,-0.0001264200913701427,0.00038868432297715146,-2.898399017646917e-05
3717,675,916.0,0.00039421147379586907,-8.040025501533425e-06,-0.00015992526383939304,0.00040952414420071775,-2.3352695906382056e-05
3718,675,926.0,0.0004008206584609486,-6.914485182354696e-06,-0.0001748768966148631,0.0004187806527415911,-2.487447946299717e-05
3719,675,927.0,0.00036888777738326023,-2.5116209418018376e-05,-0.00016218835514154872,0.0003849258061373931,-4.1154238172151224e-05
3722,676,776.0,0.00043807530401638456,1.3797160041348469e-05,-0.00026025584427323556,0.00047480620206004364,-2.293373800231065e-05
3727,676,929.0,0.00041226556981485696,-1.1352135325501248e-05,-0.00022780197653033546,0.0004409487652522528,-4.003533076289711e-05
3725,676,918.0,0.00040944732710581494,6.860064413356693e-06,-0.00020914347405927985,0.00043498926220794453,-1.8681870688772918e-05
3724,676,926.0,0.00039858946211319274,-7.041160742224987e-06,-0.00017859547902268277,0.00041737770848940074,-2.582940711843296e-05
3726,676,928.0,0.00042989400671166605,8.73070291580917e-06,-0.00026830515432973295,0.00046899524584961887,-3.0370536222143615e-05
3721,676,775.0,0.0003905745327344029,2.354599682374923e-06,-0.00016777394520826362,0.0004079254450427885,-1.4996312626010694e-05
3720,676,779.0,0.0004078904332600747,-1.9760435053777685e-05,-0.00018935422173495253,0.0004279133936125194,-3.978339540622241e-05
3723,676,780.0,0.00042390616681624305,-2.813684079836236e-07,-0.000275193335631696,0.0004646297428614151,-4.100494445315571e-05
3728,677,780.0,0.0004252284905641654,1.6233218266262644e-06,-0.00027186829487375885,0.0004650971742906654,-3.824536189987371e-05
3729,677,776.0,0.00043847023121905415,1.649664152749851e-05,-0.00025795713426613257,0.00047477051322727053,-1.9803640480717873e-05
3730,677,777.0,0.000518093532816219,1.8640768740740767e-05,-0.00045525265190786424,0.0006062680388402672,-6.953373728330753e-05
3731,677,781.0,0.0004765406301743269,3.5012302675584286e-05,-0.0004960533986934149,0.0005878217337979167,-7.62688009480055e-05
3732,677,928.0,0.00043223989988497996,1.035031983829333e-05,-0.00026348449363208445,0.00046999919916081037,-2.7408979437537075e-05
3733,677,920.0,0.0004661000824128375,1.3803664276913752e-05,-0.0003430085472369421,0.0005237770454738571,-4.3873298784105874e-05
3734,677,930.0,0.0004977549046522728,2.8247584578310942e-05,-0.00047406774170659013,0.0005966093033195968,-7.060681408901307e-05
3735,677,931.0,0.0004397229913710027,1.356726253699065e-05,-0.00036931322193336363,0.0005086029966406087,-5.5312742732615335e-05
3741,678,922.0,0.0006053634689659818,-1.5175615397330401e-05,-0.0007000522188464545,0.0007628390134325721,-0.00017265115986392067
3743,678,933.0,0.0004884772372081569,6.284973259296399e-05,-0.0007668174576524536,0.0007141745412165696,-0.00016284757141544874
3742,678,932.0,0.000668419742034923,4.977098922754148e-05,-0.0011529891070838384,0.0010133335027808707,-0.0002951427715184061
3740,678,930.0,0.0005063455530962338,3.784425924655085e-05,-0.00045416829379886503,0.0005983472247190921,-5.415741237630746e-05
3739,678,711.0,0.0005653845396573765,0.0001344682822970584,-0.001192081900160423,0.000983714245656045,-0.0002838614237016103
3738,678,710.0,0.0007812819487124298,-2.9350083804051272e-05,-0.001094411236481449,0.0010569322030356799,-0.0003050003381273013
3737,678,777.0,0.0005282635866040303,3.574989973880717e-05,-0.00042817219311898705,0.0006083122590265365,-4.42987726836991e-05
3736,678,781.0,0.0004901790145663346,4.2492115987539e-05,-0.00046921408605497816,0.0005905983513438508,-5.792722078997733e-05
4350,679,782.0,0.00023317057158542265,2.0772401361780112e-05,-0.0002041358292703098,0.0002742674635963902,-2.0324490649187407e-05
4351,679,741.0,0.00026873836068132956,-7.488601804831927e-06,-0.00014554027961862642,0.00028673646436694594,-2.548670549044828e-05
4352,679,924.0,0.0003069592396762982,-7.422304468284851e-06,-0.00017801005738085282,0.0003304085350222479,-3.087159981423457e-05
4353,679,934.0,0.00027014520205653064,2.0787461164605665e-05,-0.00022853369570993362,0.0003145868012598428,-2.365413803870651e-05
4354,679,935.0,0.0002495526146361975,4.762393471733229e-06,-0.00017155704766268556,0.000276618262265347,-2.2303254157416243e-05
4349,679,778.0,0.0003202469215154262,1.0686380096241034e-05,-0.000246197119204844,0.0003632296088569454,-3.22963072452782e-05
3751,679,935.0,0.00035832968514494176,-3.7801549167423734e-05,-0.00023776161420369785,0.00039126760691543126,-7.07394709379132e-05
4348,679,742.0,0.00029987429290665585,-2.0973438752190508e-05,-0.00012060189388447135,0.0003108331010258763,-3.193224687141093e-05
3749,679,924.0,0.00018250800387446808,2.795723990203509e-05,-0.00013629723647832354,0.00020826523240076206,2.2000113757411144e-06
3748,679,936.0,0.00021941060319868172,-3.766673305818203e-05,-0.00022907024327806919,0.0002630360523917742,-8.129218225127449e-05
3747,679,782.0,0.0002331705715854157,2.077240136178003e-05,-0.0002041358292703098,0.0002742674635963842,-2.0324490649188464e-05
3746,679,778.0,0.0003202469215154262,1.0686380096241034e-05,-0.000246197119204844,0.0003632296088569454,-3.22963072452782e-05
3745,679,742.0,6.628522643799262e-05,4.5429641872171233e-05,-4.231637187612769e-05,7.944572964426923e-05,3.2269138665894616e-05
3744,679,741.0,0.00047290776036169185,-8.73760484968965e-05,-0.0002697961201657828,0.0005036950652894459,-0.00011816335342465062
3750,679,934.0,0.0002103769493118357,-6.596551659629208e-06,-0.00032190131623958257,0.000295989372910249,-9.220897525804249e-05
3752,680,782.0,0.00033637329227569415,-5.5846548060966205e-05,-0.0001487458855082488,0.0003500023417871474,-6.947559757241941e-05
3754,680,779.0,0.00038380034957623613,-2.165954769788237e-05,-0.00018541615155943242,0.0004039924038665736,-4.1851601988219855e-05
3755,680,783.0,0.00039039493725791935,-3.5897845737585554e-05,-0.0002494907381478048,0.00042421573247511754,-6.971864095478374e-05
3756,680,934.0,0.00038191799242878743,-4.389789114724621e-05,-0.0001529117565668668,0.0003952296187609948,-5.720951747945356e-05
3757,680,927.0,0.000396757123277771,-2.668590942548382e-05,-0.00018027485934294513,0.0004151459211539332,-4.507470730164608e-05
3758,680,937.0,0.00039862674359841116,-2.946081802721089e-05,-0.00020453720188401414,0.00042180354967315964,-5.2637624101959393e-05
3759,680,938.0,0.0003599134039387192,-4.645626686332289e-05,-0.00019506259474859344,0.0003821092050272899,-6.865206795189364e-05
3753,680,778.0,0.00041043206224896517,-3.119364265955949e-05,-0.00017636915984532361,0.00042738976294442354,-4.815134335501783e-05
3765,681,929.0,0.0004064491203687147,-1.2223079287526748e-05,-0.0002223775562287325,0.00043414581799658885,-3.9919776915400905e-05
3766,681,939.0,0.00041412160052171215,-4.7252382284704856e-06,-0.00030141856345409883,0.00046271263070601763,-5.3316268412775976e-05
3763,681,784.0,0.0004023352993776791,-1.360023943231968e-05,-0.00032194633417041707,0.00045735603472665836,-6.862097478129895e-05
3767,681,940.0,0.0003981583148267194,-2.753787941922885e-05,-0.00027685573114228507,0.0004392129282356601,-6.859249282816957e-05
3762,681,780.0,0.0004293983645317148,3.4852715255888627e-07,-0.0002800505241573742,0.00047105309913055677,-4.130620744628309e-05
3761,681,779.0,0.00039216719790993726,-2.152418769919853e-05,-0.0001755040887853887,0.00041001142906035913,-3.9368418849620345e-05
3760,681,783.0,0.00039980326574635613,-3.842668838952159e-05,-0.00024063476009608675,0.0004306635776913689,-6.928700033453431e-05
3764,681,937.0,0.00039495116896101634,-2.8494975481175845e-05,-0.00020801588966341128,0.00041911856263215295,-5.266236915231248e-05
3768,682,784.0,0.000404435286099486,-1.2939358853894577e-05,-0.0003189231141570714,0.00045838533101060896,-6.688940376501758e-05
3769,682,780.0,0.00043104202308516526,2.0471743507248323e-06,-0.0002766752639560312,0.000471782616030132,-3.869341859424186e-05
3770,682,781.0,0.00047114710029011464,3.525161683753389e-05,-0.0004924644084089574,0.0005820329281867961,-7.563421105914758e-05
3771,682,785.0,0.0004105530830871146,5.4018059114750635e-05,-0.0005331867820376132,0.0005529900175382245,-8.841887533635932e-05
3772,682,939.0,0.0004177789924802999,-4.785244280865368e-06,-0.0002971875436447377,0.00046479949230515623,-5.1805744105721684e-05
3774,682,941.0,0.00044070037259348604,4.531922243182874e-05,-0.000512416753331706,0.0005666211319086275,-8.060153688331262e-05
3773,682,931.0,0.0004417675860612924,1.3248613829311923e-05,-0.00037036001692683507,0.0005107019609755152,-5.568576108491084e-05
3775,682,942.0,0.00039962782702588837,1.4072248288578103e-05,-0.0004117215430969323,0.0004888818325605657,-7.518175724609912e-05
3776,683,785.0,0.00042799191557816446,5.210955590455168e-05,-0.0005143986918427212,0.0005585996183650874,-7.849814688237134e-05
3781,683,933.0,0.0004923244062121079,6.197096923540778e-05,-0.0007684027724455048,0.0007175017786039259,-0.00016320640315641005
3783,683,944.0,0.0003600576060363639,0.00013326819689856492,-0.0007607715624718819,0.0006435907306640894,-0.00015026492772916063
3782,683,943.0,0.0004352681469908387,0.0002092612027980743,-0.0011596958232546369,0.0009130212959529093,-0.0002684919461639962
3780,683,941.0,0.0004530993335126743,4.760634167711575e-05,-0.0004959460580182262,0.000570660134924963,-6.995445973517289e-05
3779,683,712.0,0.0003311665517493345,0.0002805002644171721,-0.0011122549814802096,0.0008625375971503841,-0.00025087078098387744
3778,683,711.0,0.0005560247641890337,0.00013688546252145083,-0.0011886089241448933,0.0009766274962710738,-0.0002837172695605893
3777,683,781.0,0.00048809902720689524,4.192238339077556e-05,-0.0004669188030726329,0.0005879219803225625,-5.790056972489177e-05
4357,684,786.0,0.00020423126799458402,1.611540980021853e-05,-0.00019658202132367963,0.0002462175111466254,-2.5870833351822846e-05
4356,684,782.0,0.0002790446604251026,2.304349205602466e-05,-0.0002522800838403935,0.00033075345197597773,-2.866529949485048e-05
4355,684,741.0,0.00028314367725307266,-2.8199575919454588e-05,-0.00013923139385542036,0.00029800064235378657,-4.30565410201685e-05
4359,684,935.0,0.0002809123106896172,-3.821219070265498e-06,-0.00019433087159820284,0.00031090974643268747,-3.381865481333579e-05
4358,684,740.0,0.0002319014291659871,-1.0470967018560442e-05,-0.00016223922106058802,0.0002565455633802894,-3.5115101232862755e-05
3788,684,935.0,0.0001594443154112942,1.8986202511719224e-05,-9.567845947432846e-05,0.00017419003328702414,4.240484635989285e-06
3791,684,947.0,0.00017379353936478048,-2.8388031107811002e-05,-0.00023284638815465088,0.00022689000061423484,-8.148449235726536e-05
3790,684,946.0,0.00031989890253480806,-2.367812652950081e-05,-0.00030031036513056275,0.0003762723317539664,-8.005155574865915e-05
3789,684,945.0,0.00015634493600228533,1.150396288340913e-05,-0.0003067354847510993,0.0002535310273662247,-8.568212848053026e-05
4360,684,945.0,0.00023449098990165063,2.4036702020042966e-05,-0.00022531835914568754,0.0002834223441500965,-2.4894652228402928e-05
3787,684,740.0,0.0004214152289013229,-5.944895650673767e-05,-0.0003874858884429025,0.0004897612436428105,-0.00012779497124822527
3786,684,786.0,0.00020423126799458402,1.6115409800218422e-05,-0.00019658202132367616,0.0002462175111466241,-2.587083335182168e-05
3785,684,782.0,0.0002790446604251026,2.304349205602466e-05,-0.0002522800838403935,0.00033075345197597773,-2.866529949485048e-05
3784,684,741.0,5.515275226584959e-05,1.4607595433958464e-05,4.592746645377607e-05,6.551202784776619e-05,4.2483198520418765e-06
4361,684,946.0,0.00021892724712583352,2.4169000595644077e-06,-0.00018030107348413274,0.0002515489768507268,-3.020482966532888e-05
3796,685,938.0,0.0003870781162443309,-4.232609820072639e-05,-0.00022635617269157332,0.0004150821566050238,-7.03301385614193e-05
3798,685,949.0,0.0003379251941614623,-5.8155527472902434e-05,-0.0002538155274634177,0.00037509870412570943,-9.532903743714958e-05
3799,685,945.0,0.0003693930492169803,-6.023819786698983e-05,-0.00020877377835054785,0.00039341288106096333,-8.425802971097289e-05
3797,685,948.0,0.00038063704682918253,-4.460350034914156e-05,-0.0002634471961235948,0.00041813371994191045,-8.21001734618695e-05
3792,685,782.0,0.000399877764579247,-4.239822835017809e-05,-0.00022569407625255833,0.0004270066960254045,-6.952715979633556e-05
3795,685,786.0,0.000319824688557957,-7.330516895854048e-05,-0.0002025610217829682,0.0003443830582197875,-9.786353862037102e-05
3794,685,787.0,0.00036109873031866385,-4.0513178265287836e-05,-0.00031386287448326167,0.0004151466700009316,-9.456111794755562e-05
3793,685,783.0,0.000374349746939881,-4.20425701426558e-05,-0.00022730103344380942,0.00040334987922647716,-7.104270242925197e-05
3801,686,784.0,0.0004070129392562266,-1.1316928204078904e-05,-0.0003289070525048024,0.00046392117553610774,-6.822516448396005e-05
3800,686,783.0,0.0003853655557382596,-4.420240723223938e-05,-0.0002204214996806078,0.0004119911185610553,-7.082797005503511e-05
3803,686,787.0,0.00037175534847436187,-4.467120232955527e-05,-0.0003096296968120027,0.0004230038339170122,-9.591968777220559e-05
3802,686,788.0,0.0003599734997869128,-1.4534578582694254e-05,-0.00038136412858154334,0.00043997163521106153,-9.453271400684303e-05
3804,686,940.0,0.00039262503377252705,-2.9794995895513713e-05,-0.0002690655247242768,0.00043183213998851535,-6.900210211150201e-05
3805,686,950.0,0.0003809976943936963,-1.1333387974553317e-05,-0.00035540082855661445,0.00044951754529372594,-7.985323887458294e-05
3806,686,951.0,0.00036373714042783195,-3.130833854196038e-05,-0.00034132994987782356,0.0004272541800658073,-9.48253781799357e-05
3807,686,948.0,0.0003770193183574577,-4.328589234608585e-05,-0.0002649943029355544,0.00041530103568114204,-8.156760966977015e-05
3813,687,952.0,0.0003655891088438015,6.491818486909676e-05,-0.0005390315452638585,0.0005238626273290473,-9.335533361614896e-05
3808,687,784.0,0.0004094716334273746,-1.0752437009996002e-05,-0.00032614627251485034,0.0004653293617393786,-6.661016532200003e-05
3809,687,785.0,0.00040568972577444823,5.249094229044902e-05,-0.0005267964376484482,0.000546211709602463,-8.803104153756573e-05
3810,687,789.0,0.00032772328357745517,7.673261883635141e-05,-0.0005500679676114922,0.0005045403239190612,-0.00010008442150525468
3811,687,788.0,0.00036231449230099064,-1.4900412276588719e-05,-0.00037979294677553677,0.0004413512846056155,-9.393720458121356e-05
3812,687,942.0,0.0004014588165441729,1.4411123143799284e-05,-0.0004138913494409688,0.0004912686803818498,-7.539874069387761e-05
3814,687,953.0,0.00034046764804560384,2.3564224084853815e-05,-0.00045332452215823826,0.0004585710402072614,-9.453916807680373e-05
3815,687,950.0,0.0003852784159492223,-1.2542669325191208e-05,-0.0003531606430990505,0.00045234910184283083,-7.961335521879977e-05
3817,688,712.0,0.00032426702868365576,0.00028002922544194083,-0.0011048845558086912,0.0008550330302976898,-0.0002507367761720932
3819,688,789.0,0.0003451828434083426,6.901624884683306e-05,-0.0005441917154423298,0.0005122276385362379,-9.802854628106222e-05
3823,688,952.0,0.0003792940293395747,6.196536200925315e-05,-0.0005307834246047905,0.0005298337249757909,-8.857433362696309e-05
3816,688,785.0,0.00042610715171371993,5.0860876119231455e-05,-0.0005112653066540809,0.0005555809947975723,-7.861296696462094e-05
3818,688,713.0,0.00013549406928894947,0.00036902422783587963,-0.0008950118540743263,0.000714747676497032,-0.0002102293793722028
3822,688,955.0,0.00023570133610302524,0.00018517148108098032,-0.0006886256054966094,0.0005556749097742003,-0.0001348020925901948
3821,688,954.0,0.00021935506423818862,0.00032768764963906694,-0.0010052367846286035,0.0007790500263111205,-0.00023200731243386486
3820,688,944.0,0.0003627849104229225,0.0001336869362279928,-0.0007639174755962527,0.0006470014532116214,-0.00015052960656070617
3831,689,958.0,0.0001379200397013322,-1.4796425268502378e-05,-0.0002446985771835672,0.00020578360892176123,-8.265999448893139e-05
3830,689,957.0,0.00027554734125548037,-4.135971244071876e-06,-0.0003456720473885566,0.0003580297275857403,-8.66183575743318e-05
4362,689,740.0,0.0002524509969316878,-2.02514017786416e-05,-0.00018341592726147174,0.0002804226510050351,-4.82230558519889e-05
4363,689,786.0,0.00024409107585002948,2.672599189533693e-05,-0.0002591510522502033,0.0003045289403919869,-3.371187264662048e-05
4364,689,790.0,0.00017600465116720393,1.0223616535629584e-05,-0.000183906226558693,0.00021691321665352455,-3.0684948950691036e-05
4365,689,739.0,0.00021602313800795497,-1.4941529255097733e-05,-0.00019707390659760501,0.0002523489087266034,-5.126729997374614e-05
3825,689,786.0,0.00024409107585002948,2.672599189533693e-05,-0.0002591510522502033,0.0003045289403919869,-3.371187264662048e-05
4367,689,956.0,0.00020093129273975746,2.210487629656033e-05,-0.00022119153537853917,0.0002537367388334695,-3.070056979715175e-05
4368,689,957.0,0.00019616008127493548,-4.0379369868732105e-06,-0.00018992196978558779,0.00023403715804589422,-4.191501375783196e-05
3829,689,956.0,0.00011173474709964826,2.207046988527252e-05,-0.00027590736403722716,0.0002119582496602097,-7.815303267528893e-05
3828,689,946.0,0.0001445269062878866,7.717239055211357e-07,-7.67070634231648e-05,0.00015411944158609964,-8.8208113926919e-06
3827,689,739.0,0.00036503066895685055,-1.5125124452498601e-05,-0.0004894057926816478,0.0004848061477271915,-0.00013490060322283954
3826,689,790.0,0.00017600465116720393,1.0223616535629475e-05,-0.000183906226558693,0.00021691321665352452,-3.068494895069112e-05
3824,689,740.0,5.953694704358137e-05,-2.0084841693155135e-05,8.197561971326137e-05,7.686542497884178e-05,-3.741331962841555e-05
4366,689,946.0,0.00024730945570660464,6.829400904289013e-07,-0.00021810421797452753,0.00028861248514195454,-4.0620089344920975e-05
3838,690,960.0,0.0002979910499443815,-5.4810052236693024e-05,-0.00030945972866478627,0.0003562359448811772,-0.00011305494717348875
3839,690,956.0,0.00034159872884367837,-6.448105152754794e-05,-0.00027628594109797323,0.00038413708956535556,-0.0001070194122492251
3837,690,959.0,0.0003432985077119616,-4.487727446023084e-05,-0.0003293539143281732,0.00040374668418225465,-0.0001053254509305239
3832,690,786.0,0.0003737039766544409,-4.521699354716798e-05,-0.0002971245582891538,0.0004210399977668159,-9.2553014659543e-05
3835,690,790.0,0.0002893335403181055,-7.701327053507429e-05,-0.00025681597544305323,0.00032985883351595015,-0.00011753856373291895
3834,690,791.0,0.0003108385232275662,-2.9161513477854732e-05,-0.00037207990429140997,0.0003928521355266483,-0.0001111751257769368
3833,690,787.0,0.00034836172894257833,-5.1402781327813734e-05,-0.00028842061104026456,0.0003949536674588506,-9.799471984408599e-05
3836,690,949.0,0.00036072015787445757,-4.804327691663524e-05,-0.00029253599987069667,0.0004076673369684316,-9.499045601060925e-05
3840,691,787.0,0.0003603112121862914,-5.474795187185668e-05,-0.00028655736970178286,0.0004049666990050047,-9.940343869056995e-05
3841,691,788.0,0.00036338449615196805,-1.0727330476275015e-05,-0.000388825007096881,0.00044611764162591624,-9.34604759502232e-05
3842,691,792.0,0.0002967876144259404,8.805436460567525e-08,-0.0004282140845902546,0.0004089171671560793,-0.0001120414983655332
3843,691,791.0,0.00032189111942262927,-3.365550783768754e-05,-0.00037263964270159433,0.0004016414491094285,-0.00011340583752448679
3844,691,951.0,0.0003592093041201571,-3.507842605416441e-05,-0.00033235893902704844,0.0004199051559683455,-9.577427790235279e-05
3845,691,961.0,0.00032678120455768844,-3.991687805276624e-06,-0.00040837763952263496,0.00042416033963840283,-0.00010137082288599102
3846,691,962.0,0.00030799820159011816,-1.8524052039882726e-05,-0.00039690820166925905,0.00040171611218281164,-0.0001122419626325762
3847,691,959.0,0.00033895070490884416,-4.3307362413378466e-05,-0.00032945640694434205,0.00040014227787231915,-0.00010449893537685343
3855,692,961.0,0.00033096590330384396,-5.744947689675613e-06,-0.0004086742707693254,0.000427369262725366,-0.00010214830711119765
3854,692,964.0,0.00026551386191204455,4.303003851610957e-05,-0.0004736814376916573,0.00041593640905712904,-0.00010739250862897492
3853,692,963.0,0.0002780361174428772,8.725261094912997e-05,-0.0005395011983261111,0.0004687649197951074,-0.00010347619140310026
3851,692,792.0,0.00029877149276097414,-7.225311986170865e-07,-0.000428321088819017,0.0004103459425455237,-0.00011229698098316662
3850,692,793.0,0.0002362876900040417,0.00010084018302142602,-0.0005341159767382891,0.0004440752356253575,-0.00010694736259988979
3849,692,789.0,0.0003242410586945313,7.328710286993447e-05,-0.0005427718758741901,0.0004977537115321976,-0.0001002255499677318
3848,692,788.0,0.00036600951342312393,-1.1021653921398423e-05,-0.0003876966780367447,0.00044789234658697356,-9.290448708524805e-05
3852,692,953.0,0.00034175233644867867,2.4618774041830808e-05,-0.00045585887425148713,0.0004608458736374817,-9.447476314697217e-05
3856,693,789.0,0.0003438182579302146,6.707898427068556e-05,-0.0005409060427846793,0.0005092429481979886,-9.834570599708846e-05
3857,693,713.0,0.00013162283221394844,0.0003655954911861672,-0.000887192546244267,0.0007073721231676102,-0.0002101537997674946
3858,693,714.0,4.705292505791103e-06,0.0003844504000456235,-0.0006132518177394825,0.0005552314677261297,-0.00016607577517471507
3859,693,793.0,0.00024986024467981566,9.149552076947575e-05,-0.0005410484056086254,0.00045255230644504723,-0.00011119654099575583
3860,693,955.0,0.00023712923647634804,0.0001868728894089499,-0.0006918270543791183,0.0005588260813566348,-0.0001348239554713368
3861,693,965.0,5.714921878675894e-05,0.00037932938417659144,-0.0007499312371329302,0.0006263437364607461,-0.00018986513349739575
3862,693,966.0,0.0001307820120816667,0.00021052925506876384,-0.000570037970257134,0.00045845022625327285,-0.00011713895910284231
3863,693,963.0,0.0002900573494530323,8.19276728190885e-05,-0.0005408244219859033,0.0004757376654148405,-0.00010375264314271972
3867,694,738.0,0.0002798875829937014,3.39513184678137e-05,-0.0005313294525886025,0.0004496632095869676,-0.0001358243081254525
3865,694,790.0,0.0002049208252066781,3.060577438100697e-05,-0.0002510418303704187,0.0002705766970632626,-3.5050097475577534e-05
3866,694,794.0,0.00014939438413111988,3.5049437598010883e-06,-0.0001772331008379549,0.00019122694920314253,-3.832762131222156e-05
3868,694,957.0,0.00013562050720691094,-1.663555651687477e-05,-6.469205933863631e-05,0.00014220730394626577,-2.322235325622961e-05
3869,694,967.0,7.22369653120003e-05,2.5342465721389082e-05,-0.00023758911861420035,0.0001698761344245623,-7.229670339117292e-05
3870,694,968.0,0.0002183868630650952,2.0407971486212937e-05,-0.0003663555173961039,0.00032761125365388913,-8.881641910258103e-05
3871,694,969.0,9.871852439620465e-05,-6.382580898980916e-06,-0.0002334180730057887,0.00017416234578513485,-8.182640228791111e-05
4375,694,968.0,0.00016552742463231233,-3.691044792982585e-06,-0.00019584352831384516,0.00021032991463680107,-4.849353479747132e-05
4374,694,967.0,0.000166783837380724,1.954111720538817e-05,-0.00021243298712172206,0.00022239888147362161,-3.6073926887509445e-05
4373,694,957.0,0.00021328054086614846,5.941779584187979e-06,-0.00022860654118538395,0.00026392440706636013,-4.470208661602366e-05
4372,694,738.0,0.00018067502842668282,-1.12800195797822e-05,-0.0002112934585121965,0.00022743123034799277,-5.803622150109215e-05
4371,694,794.0,0.00014939438413111295,3.5049437598010883e-06,-0.00017723310083794797,0.00019122694920313419,-3.832762131222015e-05
4370,694,790.0,0.0002049208252066781,3.060577438100697e-05,-0.0002510418303704187,0.0002705766970632626,-3.5050097475577534e-05
4369,694,739.0,0.00022206055189975468,-1.6970405593609637e-05,-0.00020788842791551448,0.0002609380947018284,-5.5847948395683366e-05
3864,694,739.0,7.629615005201595e-05,-5.9345819850802626e-05,9.976511338315869e-05,9.266516131077354e-05,-7.571483110956022e-05
3874,695,795.0,0.0002449647854349049,-4.668319407714026e-06,-0.0004024606998724589,0.00035694524628403104,-0.00011664878025684019
3872,695,790.0,0.0003277185431610277,-3.328681482644459e-05,-0.0003544301832752797,0.00040017120771245737,-0.00010573947937787424
3873,695,791.0,0.00030202570116686506,-4.404362656995381e-05,-0.00034720166676276143,0.00037409967494870925,-0.000116117600351798
3875,695,794.0,0.00024259112119349308,-6.362977152871304e-05,-0.0003007106841034224,0.00030407223493758914,-0.0001251108852728091
3876,695,960.0,0.00031467834748686175,-3.8292024654204126e-05,-0.00035062577500710734,0.0003869533459860953,-0.00011056702315343766
3877,695,970.0,0.0002858035629902597,-2.854084024993553e-05,-0.00037983632621563235,0.0003751511570060414,-0.00011788843426571718
3878,695,971.0,0.00024258128115848664,-3.6373124979581506e-05,-0.00034717981363054096,0.0003257862415514031,-0.00011957808537249796
3879,695,967.0,0.00029415499073130735,-5.1546113776010176e-05,-0.00033129713857020255,0.00036071363195316203,-0.00011810475499786482
3882,696,796.0,0.00022042320057671233,2.6162498768919108e-05,-0.0004416782632599911,0.0003645483721501356,-0.00011796267280450413
3883,696,795.0,0.00025503147097827306,-8.433752938567254e-06,-0.0004073817231873972,0.000365875544111745,-0.00011927782607203919
3884,696,962.0,0.00030472001380939555,-2.3627327673281543e-05,-0.0003878743006068275,0.00039464201881342327,-0.00011354933267730926
3885,696,972.0,0.0002557075202008624,1.6722233160243764e-05,-0.0004373233268896472,0.00038539636659489044,-0.00011296661323378427
3886,696,973.0,0.0002370476726545499,7.190514529550711e-06,-0.00042189502013085384,0.00036234280243055905,-0.00011810461524645841
3887,696,970.0,0.0002818485997757511,-2.72066574973588e-05,-0.0003782534427948037,0.0003715497670633613,-0.00011690782478496894
3880,696,791.0,0.0003140024388839646,-4.7335071425893974e-05,-0.00035018720480806814,0.0003849265466883287,-0.00011825917923025803
3881,696,792.0,0.0002988191978015864,5.181720394389477e-06,-0.00043479654149387176,0.00041433183380996084,-0.00011033091561398498
3889,697,793.0,0.00023437067297504138,9.59164089370664e-05,-0.0005278448702924904,0.0004379941366693459,-0.0001077070547572381
3895,697,972.0,0.000259081177342628,1.5096420923879444e-05,-0.0004398510743588305,0.0003885830977661121,-0.0001144054994996047
3894,697,975.0,0.00018396533095503737,6.759424678321878e-05,-0.00045820496320383985,0.0003621555583210522,-0.00011059598058279604
3893,697,974.0,0.00018750910562127798,0.00010870832002724448,-0.0005049115688767619,0.0004036205795720847,-0.00010740315392356221
3892,697,964.0,0.00026620000951533846,4.4656742390496856e-05,-0.0004758569117366829,0.0004178789520886551,-0.00010702220018281978
3891,697,796.0,0.00022171222056729945,2.5383826519212688e-05,-0.0004430242701188303,0.0003658367677225014,-0.00011874072063598927
3890,697,797.0,0.00014725382401115095,0.00012108318451494257,-0.00048024027070481257,0.0003746449168164779,-0.00010630790829038443
3888,697,792.0,0.00030096875778693605,4.588098485808949e-06,-0.00043533933226672095,0.0004161041909408336,-0.00011054733466808861
3898,698,715.0,-5.768273211593372e-05,0.0003335332519245112,-0.0003431742257495596,0.0003981263818213278,-0.00012227586201275033
3899,698,797.0,0.00015412341943094043,0.0001134157441541689,-0.0004959072181324395,0.00038255718388633563,-0.00011501802030122629
3900,698,966.0,0.00013109107523800664,0.00021309061865219879,-0.0005719496468390428,0.0004609897581750699,-0.00011680806428486447
3901,698,976.0,-3.689362803133839e-05,0.0003601993210254201,-0.0004701619329072135,0.0004693601154011247,-0.00014605442240704292
3902,698,977.0,5.359474213945071e-05,0.00020792632432839713,-0.00043102381561577197,0.0003596708687852717,-9.814980231742383e-05
3903,698,974.0,0.00019537418387976374,0.00010363862938161405,-0.0005138926512722308,0.0004105145813066392,-0.00011150176804526141
3896,698,793.0,0.00024907682710594015,8.907142798247344e-05,-0.0005382757448392922,0.0004498509540590363,-0.00011170269897062271
3897,698,714.0,3.505832004847831e-06,0.0003789711044070109,-0.0006081058993422719,0.0005485782769296789,-0.00016610134051782025
3910,699,979.0,0.00015776546559684475,4.4489996801390114e-05,-0.00035735085097917535,0.0002885650290658779,-8.630956666764308e-05
4376,699,738.0,0.00018184564204055953,-3.736440188662274e-06,-0.0002173472728696363,0.0002319536441946159,-5.3844442342718655e-05
4377,699,794.0,0.00016731185473925492,3.0817409660199684e-05,-0.00024125090292310622,0.0002376582212457698,-3.95289568463152e-05
4378,699,798.0,0.00012197987184402875,1.2049361308563017e-06,-0.0001700173019234391,0.00016586664343545623,-4.2681835460571174e-05
4379,699,737.0,0.00014409711499330236,-1.7810871576567585e-06,-0.00021826477290563286,0.00020242107132007096,-6.0105043484425365e-05
4380,699,968.0,0.00017434817916020355,1.282159181573454e-05,-0.00022835589515626808,0.00023343950042055794,-4.626972944461985e-05
4382,699,979.0,0.00013324893951431951,2.7800254216400234e-08,-0.00019552086541730143,0.00018493490487081173,-5.1658165102275803e-05
3904,699,738.0,9.094774774964787e-05,-8.409352343077652e-05,8.851256266623198e-05,0.00010150096235178118,-9.464673803290983e-05
3905,699,794.0,0.00016731185473925492,3.0817409660199684e-05,-0.00024125090292310622,0.0002376582212457698,-3.95289568463152e-05
3906,699,798.0,0.00012197987184402875,1.2049361308563017e-06,-0.00017001730192344605,0.00016586664343545908,-4.268183546057401e-05
3907,699,737.0,0.00019011388738958412,8.167098845185817e-05,-0.0005220073703564171,0.0004024686732814709,-0.0001306837974400286
3908,699,968.0,0.0001259193222975189,-2.9991299644441466e-05,-6.53989607766331e-05,0.0001324997228705254,-3.657170021744796e-05
3911,699,980.0,6.312630707815126e-05,4.598069593399158e-06,-0.00021113173907188164,0.00014340917120909383,-7.568479453754341e-05
3909,699,978.0,4.236831869661173e-05,2.366888918256939e-05,-0.0001982957569621347,0.00013260634903573256,-6.656914115655146e-05
4381,699,978.0,0.00013353692937331102,1.7381481392898392e-05,-0.00020259504475091377,0.0001922248255942301,-4.130641482802069e-05
3919,700,978.0,0.00023336711718715403,-2.6333065378684203e-05,-0.00036070354202684743,0.0003257507036262689,-0.00011871665181779903
3915,700,798.0,0.000187402381381499,-3.861161973662988e-05,-0.0003201684625097935,0.0002703482916755976,-0.00012155753003072846
3912,700,794.0,0.00026539982622471314,-1.0142273333989e-05,-0.0003882847370058132,0.0003656878476970638,-0.00011043029480633967
3913,700,795.0,0.0002402136633439661,-2.1896001823630854e-05,-0.00038224068548601067,0.0003408965155543575,-0.00012257885403402222
3914,700,799.0,0.0001748873357908104,2.3701791279577772e-05,-0.0003951071915241078,0.0003108168801256817,-0.00011222775305529353
3916,700,971.0,0.00025270147929276014,-1.5582447702104e-05,-0.00038508110724140565,0.0003532208273903866,-0.00011610179579973044
3917,700,981.0,0.0002171893156176774,-1.7412849695542295e-06,-0.0003973733560508081,0.00033456988368657346,-0.00011912185303845029
3918,700,982.0,0.0001806780962841075,-9.80120337223684e-06,-0.0003543192165980785,0.00028657550846108114,-0.0001156986155492105
3927,701,981.0,0.00021354180273647216,-8.074861545932744e-07,-0.00039435960474451526,0.00033079148601765655,-0.00011805716943577769
3926,701,984.0,0.00016263733333697974,3.654203433785968e-05,-0.0004053623342032478,0.000311850517730759,-0.00011267115005591955
3925,701,983.0,0.0001781968082516655,4.373880817957072e-05,-0.0004274202415538199,0.00033500297101005154,-0.00011306735457881532
3924,701,973.0,0.00023516917897665243,1.29953698108521e-06,-0.00041419963916636965,0.0003560664156018297,-0.00011959769964409208
3923,701,799.0,0.00018222365310739674,2.171616064250122e-05,-0.0004016164121580512,0.00031822114828876965,-0.00011428133453887169
3921,701,796.0,0.00022126515242657657,3.184759652669457e-05,-0.00044611672078819636,0.0003688883467016695,-0.00011577559774839837
3920,701,795.0,0.0002508084631839824,-2.4193023204073906e-05,-0.00038926460133372615,0.00035161044100208677,-0.00012499500102217828
3922,701,800.0,0.00014348889764952133,5.4279591532629045e-05,-0.000412335268999961,0.0003098218386557224,-0.00011205334947357202
3929,702,797.0,0.00014660613563904912,0.00011550234292750147,-0.00047643357595304053,0.0003697781374462182,-0.00010766965887966761
3935,702,983.0,0.0001802659176300056,4.271835198016422e-05,-0.00043117400307665123,0.0003377830723972372,-0.0001147988027870674
3934,702,986.0,0.00010796553003279696,8.897537927085673e-05,-0.00040319929198730925,0.0003002935794944899,-0.00010335267019083625
3933,702,985.0,0.0001050908164828418,0.00012364757701735168,-0.0004346871458820456,0.00033191072620861986,-0.00010317233270842637
3932,702,975.0,0.00018418490307998883,6.94299681127167e-05,-0.0004594771962182012,0.00036360269998306,-0.00010998782879035444
3931,702,800.0,0.00014387091597026225,5.38177467481265e-05,-0.00041416755337536637,0.0003107666848025532,-0.00011307802208416443
3930,702,801.0,7.195904796079844e-05,0.00013135848359151542,-0.000392737155353054,0.0003002606075022953,-9.694307594998148e-05
3928,702,796.0,0.0002226218107935149,3.1372519861277504e-05,-0.00044776954075235326,0.0003704483169511136,-0.00011645398629632118
3938,703,716.0,-6.723309478980782e-05,0.00023992990681663464,-0.00014175240898686714,0.0002554954241732523,-8.279861214642546e-05
3939,703,801.0,7.116257191656233e-05,0.00012709820674493852,-0.00041067445430501004,0.00030636353259116814,-0.00010810275392966726
3940,703,977.0,5.324958027354276e-05,0.0002107891819231472,-0.0004308917706219856,0.0003614133893448911,-9.737462714820116e-05
3941,703,987.0,-6.966174918279083e-05,0.0002861247515658367,-0.00023337033213065989,0.00032097885489640906,-0.00010451585251336316
3942,703,988.0,5.168213017061295e-06,0.00018235134439426937,-0.0002962550080402443,0.0002663582229581833,-7.883866554685262e-05
3943,703,985.0,0.00010754554220164525,0.00012049499567489537,-0.00044722979784491204,0.00033772888546077754,-0.00010968834758423693
3936,703,797.0,0.00015383627281114615,0.00011082485766734647,-0.0004941816420556827,0.00038035550207903425,-0.00011569437160054163
3937,703,715.0,-5.7238794613910515e-05,0.0003272634529054713,-0.0003425031875086554,0.0003924761187362028,-0.00012245146044464198
3945,704,798.0,0.0001295891896342799,3.0097099988657633e-05,-0.00022263681629852705,0.00020177122594292572,-4.20849363199882e-05
3946,704,802.0,9.39251044931727e-05,4.3257438579894295e-06,-0.00016629416774368438,0.0001435735523356964,-4.532270398453425e-05
4383,704,737.0,0.00014252174525311231,7.222652367744331e-06,-0.00020974488073710607,0.00019967079608923017,-4.992639846837353e-05
4384,704,798.0,0.0001295891896342799,3.0097099988657633e-05,-0.00022263681629852705,0.00020177122594292572,-4.20849363199882e-05
4385,704,802.0,9.392510449316577e-05,4.3257438579894295e-06,-0.00016629416774368438,0.00014357355233569127,-4.532270398453607e-05
4386,704,736.0,0.00010342612718045041,8.670321343004733e-06,-0.000194428525247951,0.00016419293537835687,-5.209648685490173e-05
4387,704,979.0,0.00013595863401785063,2.039821679215132e-05,-0.00021585524187006135,0.00020059951781982996,-4.4242667009828014e-05
4388,704,989.0,0.00010095467286903165,1.7571780093687318e-05,-0.00019073618163902017,0.00016334612348396248,-4.4819670521243515e-05
4389,704,990.0,9.86754902351436e-05,9.098950162475528e-06,-0.00018172781868715064,0.00015518993069583946,-4.7415490298220324e-05
3947,704,736.0,0.00010342484079658293,0.00011446833416620486,-0.0004516886886103133,0.0003348584232516283,-0.00011696524828884051
3948,704,979.0,0.00011451638554305608,-3.5275526983926525e-05,-7.165926073117099e-05,0.00012264552594772464,-4.340466738859508e-05
3949,704,989.0,1.920758423760993e-05,2.021734346079084e-05,-0.00016355108138244381,0.0001014895630809773,-6.206463538257653e-05
3950,704,990.0,9.867480488392338e-05,6.54666100781123e-05,-0.00031879264099213614,0.00024232950767074353,-7.818809270870785e-05
3944,704,737.0,0.00010227543417221444,-9.727267618389558e-05,6.089930020131834e-05,0.00010681841153403826,-0.0001018156535457194
3951,704,991.0,3.278746312640468e-05,1.0874021968057274e-05,-0.00017198900518231378,0.00010852044321432624,-6.485895811986428e-05
3957,705,992.0,0.00014828036242341136,2.6332169500049147e-05,-0.0003745999443071392,0.000284281188243848,-0.00010966865632038752
3959,705,989.0,0.00016960686458178387,3.900406412178691e-06,-0.0003590608054952916,0.0002844802727528419,-0.00011097300175887933
3953,705,799.0,0.0001733081205496506,7.77277594775003e-06,-0.00038261358726078207,0.00029898415016185124,-0.0001179032536644506
3954,705,803.0,0.00011102117860735394,4.637294615092696e-05,-0.0003487367832404331,0.00025603624159838763,-9.86421168401067e-05
3955,705,802.0,0.00013391243136980785,-7.821572958545278e-06,-0.00031746292724292927,0.00023687813481406894,-0.00011078727640280637
3956,705,982.0,0.00018489272989288125,1.1300700033776501e-05,-0.00038427133998327617,0.00030892760428172727,-0.0001127341743550695
3958,705,993.0,0.00012246681663399123,1.5965051750277837e-05,-0.00033077090841886897,0.00024296289084144507,-0.000104531022457176
3952,705,798.0,0.00019666357589711095,1.671934954365693e-05,-0.00038740439718820685,0.0003202693709638988,-0.00010688644552313091
3967,706,992.0,0.000145633767056709,2.6552587949702595e-05,-0.00037200770046836446,0.0002813942632818538,-0.00010920790827544222
3966,706,995.0,9.71468631789825e-05,5.886701017982811e-05,-0.00034974704735270257,0.00025392477565371914,-9.791090229490854e-05
3964,706,984.0,0.0001619151536408018,3.098563241698041e-05,-0.00039992263185388566,0.0003068551523600655,-0.00011395436630228328
3963,706,803.0,0.00011627315454577902,4.572957520549174e-05,-0.00035649498244839234,0.0002627051548037895,-0.0001007024250525187
3962,706,804.0,7.801960679814507e-05,7.455839477121026e-05,-0.00034472510341578,0.0002486602403475145,-9.608223877815921e-05
3961,706,800.0,0.00014363582568571037,5.952396165928879e-05,-0.0004140935640675643,0.00031285476526882617,-0.00010969497792382704
3960,706,799.0,0.00018082966615136364,7.1056241456827086e-06,-0.0003905011617574561,0.00030766790257976404,-0.00011973261228271772
3965,706,994.0,0.00010688372058932638,6.725130850818948e-05,-0.0003770496633338054,0.00027663094503279473,-0.00010249591593527888
3972,707,986.0,0.0001079115665121172,9.02345066512134e-05,-0.0004030580114629187,0.00030079576649191136,-0.00010264969332858073
3973,707,996.0,4.092504337813857e-05,0.00012655713553247976,-0.0003371614860886163,0.00025767406714227183,-9.019188823165349e-05
3971,707,804.0,7.844618566275191e-05,7.434205733396876e-05,-0.00034744022762917687,0.000250126354866519,-9.733811186979832e-05
3970,707,805.0,1.902046142888275e-05,0.00012686261332944506,-0.0002852177847544046,0.00022540392164718085,-7.952084688885304e-05
3969,707,801.0,7.18801235187333e-05,0.00012601391973994711,-0.0003913923467049017,0.0002965061500899671,-9.861210683128668e-05
3968,707,800.0,0.00014402748944218613,5.936871097095785e-05,-0.0004160353046087223,0.0003139788597286686,-0.00011058265931552464
3974,707,997.0,4.873405933323097e-05,9.890334747475319e-05,-0.00031774294958378246,0.00023465832809488503,-8.702092128690087e-05
3975,707,994.0,0.00010792811499141242,6.69286625342614e-05,-0.0003810668895595157,0.0002790614557295992,-0.00010420467820392533
3982,708,999.0,-1.7240294545403656e-05,0.00014304283102829502,-0.00018289060357019882,0.00018449449710097724,-5.8691960618085875e-05
3981,708,998.0,-6.131387693746743e-05,0.0001837523456402622,-7.833949231245835e-05,0.00018986072212292762,-6.742225342013284e-05
3979,708,805.0,1.0915887528141488e-05,0.00012600114811647442,-0.00029680621722731615,0.00022762709809922167,-9.071006245460575e-05
3978,708,717.0,-4.53948767760691e-05,0.00013287406549749615,-3.0579191176619e-05,0.0001341759016608681,-4.669671293944102e-05
3977,708,716.0,-6.654485579594971e-05,0.0002330753883184218,-0.00014501207409017836,0.0002496990311011048,-8.316849857863273e-05
3976,708,801.0,7.106354686869237e-05,0.00012458126999431653,-0.0004096505934686884,0.0003043882305184361,-0.00010874341365542717
3983,708,996.0,3.7181863487070754e-05,0.0001257674714626227,-0.0003474893349258955,0.00026077626243961507,-9.78269274899216e-05
3980,708,988.0,4.839516270033206e-06,0.00018558612438774257,-0.0002946920638660644,0.00026806590017684534,-7.764025951906953e-05
3984,709,736.0,0.0001034272261199419,-8.594630703023624e-05,2.534516463142955e-05,0.0001042714917123845,-8.679057262267885e-05
3985,709,802.0,9.392491669540232e-05,3.262345934346405e-05,-0.00020385310964511627,0.0001697095662841992,-4.316119024533282e-05
3986,709,806.0,6.448315065084309e-05,1.2811590938497297e-05,-0.00014490986372103082,0.00011557073962163044,-3.827599803229005e-05
3987,709,735.0,5.746481303139234e-05,0.00012745713437021036,-0.00035985828036567274,0.0002757618922706052,-9.083994486900251e-05
3988,709,990.0,9.86759668574616e-05,-2.7067562169283107e-05,-8.640711076239593e-05,0.00011208923344850179,-4.0480828760323286e-05
3989,709,1000.0,5.254737261477238e-06,2.2717402316542934e-05,-0.0001371443714499182,8.311190304116436e-05,-5.513976346314419e-05
4391,709,802.0,9.392491669540232e-05,3.262345934346405e-05,-0.00020385310964511627,0.0001697095662841992,-4.316119024533282e-05
4390,709,736.0,0.00010342622709294536,2.0755413669987493e-05,-0.00017444721489190927,0.00015861321956367371,-3.4431578800740866e-05
4396,709,1001.0,6.716396580106615e-05,1.7964307714815955e-05,-0.00015617735272500065,0.0001244359448789194,-3.93076713630373e-05
4395,709,1000.0,6.879092652430085e-05,2.2717402316542934e-05,-0.00017107660967132302,0.0001343402468622438,-4.283191802140001e-05
4394,709,990.0,9.867545482559678e-05,2.7621696903292912e-05,-0.00018880936944670398,0.0001640168247162804,-3.771967298739073e-05
4393,709,735.0,6.990020167008809e-05,2.0755413669987493e-05,-0.00016670663072143946,0.0001322276219881208,-4.157200664804521e-05
4392,709,806.0,6.448315065084309e-05,1.2811590938497297e-05,-0.00014490986372103082,0.00011557073962163044,-3.827599803229005e-05
3990,709,1001.0,6.078796611417442e-05,7.2652905708909e-05,-0.00025517347050723477,0.00019444501933451995,-6.1004147511436525e-05
3991,709,1002.0,1.368245908540261e-05,2.0755413669987493e-05,-0.00013364683865208643,8.41358702738555e-05,-4.9697997518465393e-05
3992,710,802.0,0.00013391222782582757,3.262345934346416e-05,-0.00035816948813229693,0.00026937587461073125,-0.0001028401874414395
3993,710,803.0,0.0001110212057529314,3.5429214279618696e-05,-0.0003433079959669124,0.000248991055155283,-0.00010254063512273292
3994,710,807.0,5.5956795777393e-05,5.6436932196077044e-05,-0.0002670437308854648,0.00018971894524692312,-7.732521727345308e-05
3995,710,806.0,8.549542359312379e-05,1.2811590938497297e-05,-0.00027316412590757885,0.00019048784422273808,-9.2180829691117e-05
3997,710,1003.0,8.59223947707044e-05,4.593311900639654e-05,-0.00031151246481085984,0.00022296211452143527,-9.110660074433433e-05
3998,710,1004.0,7.079242832808488e-05,3.331620047722123e-05,-0.0002691205131801662,0.00018791298938173367,-8.380436057642756e-05
3999,710,1000.0,0.00011185130915466329,2.2717402316542934e-05,-0.0003213675739033601,0.00023403414651864904,-9.946543504744281e-05
3996,710,993.0,0.00012246672090071228,3.3257505904660256e-05,-0.00034991652094997286,0.0002584167143368252,-0.00010269248753145264
4000,711,803.0,0.00011627317962281669,3.5429214279618804e-05,-0.00035147968858993683,0.00025617986787163126,-0.00010447747396919577
4001,711,804.0,7.801960889584209e-05,7.708177347074183e-05,-0.0003443055788102077,0.0002497041192170642,-9.460273685048024e-05
4002,711,808.0,2.5388874075462503e-05,7.732717823929244e-05,-0.00023283436951689052,0.00017063651443978157,-6.792046212502661e-05
4003,711,807.0,5.989649855595025e-05,5.64369321960771e-05,-0.00027333341443882414,0.00019484436904348813,-7.851093829146078e-05
4004,711,995.0,9.71468737307607e-05,5.555862539881676e-05,-0.0003476367881158418,0.0002514105392021097,-9.870504007253227e-05
4005,711,1005.0,4.6674869723789536e-05,7.720447811631229e-05,-0.0002855929590434604,0.00020554973210174692,-8.167038426164508e-05
4006,711,1006.0,4.26326018024073e-05,6.647481553859278e-05,-0.00025328636739923444,0.0001817567305156413,-7.264931317464121e-05
4007,711,1003.0,8.353891848899425e-05,4.593311900639654e-05,-0.00030975342037576833,0.00022074994247664725,-9.127790498125645e-05
4015,712,1005.0,4.5399919951449874e-05,7.720447811631229e-05,-0.00028595287923410123,0.0002051602706377492,-8.255587256998703e-05
4014,712,1008.0,7.029881480387357e-06,8.45830232379515e-05,-0.0001921810044318087,0.00014942598268633277,-5.781307796799393e-05
4013,712,1007.0,-2.3081757846432627e-06,0.0001055144227006196,-0.00020930656763932728,0.00016932626476957407,-6.612001785359775e-05
4012,712,997.0,4.8734060321672934e-05,0.00010160585355264526,-0.0003175452558101116,0.00023612834908165703,-8.578843520733885e-05
4011,712,808.0,2.4529209458508394e-05,7.732717823929244e-05,-0.00023394998720789768,0.0001708450629936877,-6.898867529588686e-05
4010,712,809.0,-1.0123004750804687e-05,8.784402216050174e-05,-0.00014508869034678823,0.00012639374014923604,-4.867272273953898e-05
4009,712,805.0,1.9020468850078354e-05,0.00012318603242110872,-0.00028373365867251366,0.00022222840878088784,-8.002190750970077e-05
4008,712,804.0,7.844618759245484e-05,7.708177347074188e-05,-0.00034705427600886796,0.0002512924595501265,-9.576449848692977e-05
4016,713,805.0,1.0915898137307811e-05,0.00012318603242110875,-0.0002946845297246148,0.0002247243263069355,-9.062239574851896e-05
4017,713,717.0,-4.539490997734069e-05,0.00012702169081102433,-3.721939015053494e-05,0.00012900744808314973,-4.7380667249466085e-05
4018,713,718.0,-1.4176930709885321e-05,2.5054858905629177e-05,8.39971612525553e-06,2.5499426127825704e-05,-1.4621497932081849e-05
4019,713,809.0,-1.6998649447194647e-05,8.784402216050175e-05,-0.0001411352044788962,0.00012333049564163562,-5.24851229283285e-05
4020,713,999.0,-1.7240245484918815e-05,0.0001413937521600162,-0.00017307888384698183,0.0001794661110776461,-5.531260440254872e-05
4021,713,1009.0,-3.41938976202924e-05,7.603960156678398e-05,-5.098104919550733e-06,7.609851467157213e-05,-3.425281072508054e-05
4022,713,1010.0,-1.6056946204358324e-05,7.378576017273925e-05,-7.282024825516764e-05,8.668849462313556e-05,-2.8959680654754637e-05
4023,713,1007.0,-7.049118822578804e-06,0.0001055144227006196,-0.0002096315268558073,0.00016820316081847113,-6.973785694043035e-05
4026,714,810.0,4.396004619902985e-05,1.557570178521185e-05,-0.00010763152702614881,8.542354894486677e-05,-2.588780096062508e-05
4027,714,734.0,2.7983591341707026e-05,0.0001213460410459875,-0.0002700820380469888,0.00021754663299570576,-6.821700060801123e-05
4028,714,1001.0,7.183972937138683e-05,-1.2780553150048765e-05,-8.29969046119497e-05,8.879399224412138e-05,-2.973481602278332e-05
4029,714,1011.0,-2.159464293900043e-06,2.6477303105282963e-05,-0.00010663158719319624,6.73639006900265e-05,-4.304606187864357e-05
4030,714,1012.0,3.5701550806527954e-05,6.916020101025637e-05,-0.00019095784796491558,0.00014936433371946903,-4.4502581902684704e-05
4031,714,1013.0,4.139021694361811e-06,3.104239858464316e-05,-0.00010570487765482368,7.212811209477023e-05,-3.694669181576526e-05
4025,714,806.0,6.280401632953458e-05,3.737845386683368e-05,-0.000170337104826215,0.00013620335460978606,-3.60208844134178e-05
4402,714,1011.0,4.213589171606774e-05,2.6477303105282963e-05,-0.0001353487581275785,0.00010243235928524,-3.3819164463889294e-05
4403,714,1012.0,4.459302737320342e-05,2.2874993011295138e-05,-0.0001253290079217817,9.733242456557121e-05,-2.9864404181072655e-05
4397,714,735.0,7.19333833523357e-05,3.104239858464316e-05,-0.00013340028324696634,0.00012125125564803042,-1.8275473711051556e-05
4398,714,806.0,6.280401632953458e-05,3.737845386683368e-05,-0.000170337104826215,0.00013620335460978606,-3.60208844134178e-05
4399,714,810.0,4.3960046199031586e-05,1.557570178521185e-05,-0.00010763152702614881,8.542354894486787e-05,-2.5887800960624436e-05
4400,714,734.0,4.533499298607635e-05,3.104239858464316e-05,-0.00014204113594461915,0.00010956789891057273,-3.319050733985322e-05
4401,714,1001.0,6.739459581035778e-05,3.350289693964206e-05,-0.00015150582799653214,0.0001280739084831367,-2.7176415733136866e-05
4024,714,735.0,8.060264908415528e-05,-5.925769437962721e-05,2.6389111142111066e-07,8.060277356271543e-05,-5.925781885818736e-05
4037,715,1014.0,4.345842849243914e-05,4.8904104703762104e-05,-0.00022827086707501686,0.00016034917380561953,-6.798664060941828e-05
4032,715,806.0,8.381656328634163e-05,3.737845386683368e-05,-0.00029859161672750323,0.0002116880870273984,-9.049306987422308e-05
4033,715,807.0,5.6227448241498446e-05,4.862655870643866e-05,-0.00026318427818661574,0.00018407401047216632,-7.922000352422921e-05
4034,715,811.0,2.7710782961740815e-05,4.918166279472506e-05,-0.0001865856407483879,0.0001323546889692741,-5.546224321280823e-05
4035,715,810.0,5.417357759297803e-05,1.557570178521196e-05,-0.00020211148962379424,0.00013775667195763645,-6.800739257944646e-05
4036,715,1004.0,7.001367846048989e-05,4.3988516920167925e-05,-0.00028096025212916154,0.00019808260986474695,-8.408041448408914e-05
4038,715,1015.0,4.0946357999772226e-05,3.3069519712528375e-05,-0.00019422898676549338,0.0001342022595253046,-6.018638181300402e-05
4039,715,1011.0,7.028722371135027e-05,2.6477303105282963e-05,-0.00025338957783534177,0.0001769567430874919,-8.019221627085868e-05
4040,716,807.0,6.016697789837204e-05,4.862655870643872e-05,-0.0002694736506065054,0.00018925709386771248,-8.046355726290172e-05
4041,716,808.0,2.5541009718993424e-05,7.562212514270158e-05,-0.00023049825759396785,0.00016851964957136938,-6.735651470967437e-05
4042,716,812.0,7.359002497066974e-06,5.719846646569767e-05,-0.00014355456875762146,0.00010825880815183078,-4.370133918906614e-05
4043,716,811.0,3.0229558531914835e-05,4.9181662794725e-05,-0.00018961426699509037,0.00013498513693218034,-5.557391560554049e-05
4044,716,1006.0,4.2806163115489265e-05,6.310174560223108e-05,-0.0002507089217864307,0.00017871849042904052,-7.281058171132017e-05
4045,716,1016.0,1.3021270685864561e-05,6.641050801188067e-05,-0.00018416148201885404,0.000135588020494522,-5.6156241796776756e-05
4046,716,1017.0,1.8662489795717024e-05,5.4432095093686055e-05,-0.00016748920848554463,0.00012218037545338274,-4.9085790563979645e-05
4047,716,1014.0,4.2077270361609576e-05,4.8904104703762104e-05,-0.00022697418431302796,0.00015902910174974674,-6.804772668437505e-05
4048,717,808.0,2.468133749516932e-05,7.562212514270156e-05,-0.00023161386997440359,0.00016872654800725135,-6.842308536938049e-05
4050,717,813.0,-8.960278200928137e-06,4.810818250730879e-05,-7.379000520543744e-05,6.621560219857912e-05,-2.706769789219847e-05
4051,717,812.0,5.586949133086494e-06,5.719846646569767e-05,-0.0001427071030626354,0.00010726936097068067,-4.44839453718965e-05
4052,717,1008.0,7.163225670819839e-06,8.446121567015622e-05,-0.00019004702377251048,0.0001483949318146261,-5.677049047365003e-05
4053,717,1018.0,-1.2151561171895586e-05,6.727873628387727e-05,-0.00010632537569241554,9.392294573184624e-05,-3.8795770619864555e-05
4049,717,809.0,-1.0103504827448095e-05,8.64492900604459e-05,-0.00014486220529836072,0.00012521814051172885,-4.887235527873105e-05
4054,717,1019.0,-1.9643804566628342e-06,5.637320825305872e-05,-0.00011001786667355976,8.946837868495442e-05,-3.505955088855853e-05
4055,717,1016.0,1.2736817882455509e-05,6.641050801188067e-05,-0.00018447113830143656,0.00013563414633958247,-5.64868204452463e-05
4057,718,718.0,-1.471620470074042e-05,3.786942815636458e-05,5.383033818556759e-07,3.787080573292069e-05,-1.471758227729653e-05
4058,718,719.0,-3.952474024286612e-06,1.837869199317315e-07,2.9266788978549174e-06,6.49137450801233e-07,-4.417824555156113e-06
4059,718,813.0,-1.1006094114335285e-05,4.810818250730878e-05,-7.096296900893292e-05,6.47306952103885e-05,-2.7628606817415002e-05
4061,718,1020.0,-9.68519041575494e-06,1.902709787268144e-05,1.9406654212864027e-06,1.9059852930935774e-05,-9.717945474009273e-06
4062,718,1021.0,-7.5558188060813325e-06,3.272585354465764e-05,-3.356438169808962e-05,3.8801333119920154e-05,-1.3631298381343846e-05
4063,718,1018.0,-1.4383496184128264e-05,6.727873628387727e-05,-0.00010571623127334819,9.323953903394512e-05,-4.034429893419612e-05
4056,718,809.0,-1.6979137774545544e-05,8.644929006044588e-05,-0.00014090877173619093,0.00012213176034295284,-5.2661608057052507e-05
4060,718,1010.0,-1.5888434921194905e-05,7.074892968678896e-05,-7.030355358870338e-05,8.32169451552419e-05,-2.8356450389647843e-05
4404,719,734.0,5.0359184402621465e-05,3.273426642675596e-05,-0.00010149819761108049,9.305527288972904e-05,-9.961822060351616e-06
4065,719,810.0,4.1279470909150184e-05,3.57661312799226e-05,-0.0001266458293593415,0.00010190569115167771,-2.486008896260493e-05
4064,719,734.0,6.242024188828424e-05,-3.8663910507985826e-05,-1.3570984985958323e-05,6.287369858069133e-05,-3.911736720039293e-05
4069,719,1022.0,-5.164689969253816e-06,2.4295502759340043e-05,-7.383900166155546e-05,4.931493822241526e-05,-3.0184125432329035e-05
4066,719,814.0,3.156297982276693e-05,1.282487423875803e-05,-7.40954566971555e-05,6.0407973218118486e-05,-1.6020119156593527e-05
4405,719,810.0,4.1279470909150184e-05,3.57661312799226e-05,-0.0001266458293593415,0.00010190569115167771,-2.486008896260493e-05
4406,719,814.0,3.15629798227704e-05,1.282487423875803e-05,-7.40954566971555e-05,6.040797321812064e-05,-1.6020119156592212e-05
4409,719,1022.0,2.5625474687603067e-05,2.4295502759340043e-05,-9.654435198229103e-05,7.323724484122057e-05,-2.331626739427746e-05
4408,719,1012.0,4.586098531781865e-05,3.378357856495258e-05,-0.00011378947630717035,9.70365910609893e-05,-1.7392027178218062e-05
4407,719,733.0,2.88813480278996e-05,3.273426642675596e-05,-0.00011383535687558427,8.77580781994221e-05,-2.614246374476654e-05
4071,719,1024.0,-9.603363909892193e-07,3.273426642675596e-05,-8.14908548397112e-05,5.9978023299445646e-05,-2.8204093263678908e-05
4068,719,1012.0,5.204138018896631e-05,-2.8109359065762052e-06,-6.872211951792703e-05,6.85797143254611e-05,-1.9349270043070988e-05
4410,719,1023.0,3.0134328403121774e-05,2.260066324665048e-05,-9.447023240947809e-05,7.375256974640341e-05,-2.1017578096631165e-05
4070,719,1023.0,2.0864666598490594e-05,5.9195177718169125e-05,-0.00013725949524433928,0.00011128544320306469,-3.122559888640497e-05
4067,719,733.0,1.0792787654270719e-05,0.00010413244336149698,-0.00019731775518562304,0.00016660310735100892,-5.167787633524123e-05
4078,720,1026.0,2.642476880113792e-05,2.4831547186253888e-05,-0.000129977925540814,9.06220028618977e-05,-3.9365686874505895e-05
4077,720,1025.0,2.405023382563362e-05,3.960783743745975e-05,-0.00015531061279185944,0.00010987297433905554,-4.621490307596217e-05
4079,720,1022.0,4.557539672771227e-05,2.4295502759340043e-05,-0.00018133198474054937,0.00012622362337140085,-5.6352723884348546e-05
4075,720,814.0,3.6521816790244244e-05,1.2824874238757922e-05,-0.00013770289285360872,9.45368406076842e-05,-4.5190149578682034e-05
4074,720,815.0,1.646915369225843e-05,3.544458365661689e-05,-0.00012175620506282847,8.756985515787679e-05,-3.565611780900147e-05
4073,720,811.0,2.804516502109833e-05,4.377109121830262e-05,-0.00018457429966158012,0.0001285296386481985,-5.671338240879758e-05
4072,720,810.0,5.149263265935913e-05,3.5766131279922706e-05,-0.00022112544528457567,0.0001544713701757572,-6.721260623647536e-05
4076,720,1015.0,3.969799638428237e-05,4.065847729157362e-05,-0.00020330841119829343,0.00014183357682008,-6.147710314422399e-05
4080,721,811.0,3.056402874527554e-05,4.377109121830262e-05,-0.00018760310353999748,0.00013120126531796823,-5.686614535439006e-05
4082,721,816.0,3.425864696839781e-06,3.641289740704081e-05,-8.546003360021537e-05,6.572211478578476e-05,-2.5883352681904164e-05
4083,721,815.0,1.8258777287463723e-05,3.544458365661689e-05,-0.00012374583370002717,8.931843822901215e-05,-3.561507728493154e-05
4084,721,1017.0,1.8881195754150842e-05,5.1952663616295996e-05,-0.0001660419227128944,0.00012006863091554674,-4.92347715450999e-05
4085,721,1027.0,3.5246271327012135e-06,4.690791448783469e-05,-0.00011256314216926203,8.553328871723095e-05,-3.510074709669505e-05
4086,721,1028.0,1.0705557860805903e-05,3.747122831316375e-05,-0.00010504849270558808,7.829076142656989e-05,-3.0113975252600243e-05
4087,721,1025.0,2.2701656340919085e-05,3.960783743745975e-05,-0.00015389184795561346,0.00010856359623224367,-4.625410245386483e-05
4081,721,812.0,7.347084579736873e-06,5.740244804427042e-05,-0.00014362487956495057,0.0001084235096310308,-4.367397700702352e-05
4088,722,812.0,5.575030615267984e-06,5.740244804427043e-05,-0.00014277741259018095,0.00010743521841752355,-4.445773975798513e-05
4091,722,816.0,2.395662501306073e-06,3.6412897407040785e-05,-8.425444801024064e-05,6.483550346879572e-05,-2.602694356044886e-05
4089,722,813.0,-9.129050693251761e-06,4.934548877303112e-05,-7.499116549750454e-05,6.765542365926765e-05,-2.7438985579488285e-05
4090,722,817.0,-4.631927414955328e-06,2.4528123625759376e-05,-3.8741409986386977e-05,3.4192713097346174e-05,-1.4296516886542123e-05
4094,722,1030.0,-1.2704807399281648e-06,3.3488913578735396e-05,-6.175050811918492e-05,5.1539926073522394e-05,-1.9321493234715163e-05
4093,722,1029.0,-7.765892515929074e-06,3.693680619939503e-05,-5.615405077274635e-05,5.047281077951033e-05,-2.1301897096044373e-05
4095,722,1027.0,3.1446009957879217e-06,4.690791448783469e-05,-0.00011286361689120603,8.555192094670335e-05,-3.5499405463080733e-05
4092,722,1019.0,-1.8730548521257717e-06,5.6336030233371346e-05,-0.00010928913221741263,8.914354630468791e-05,-3.468057092344234e-05
4096,723,813.0,-1.1174917431536202e-05,4.9345488773031064e-05,-7.216408289911075e-05,6.61766182804633e-05,-2.8006046938968428e-05
4103,723,1029.0,-8.245086772218357e-06,3.693680619939503e-05,-5.54102350683091e-05,5.009392820275149e-05,-2.140220877557482e-05
4102,723,1032.0,-1.5859620610160496e-06,1.0344646029717807e-05,-1.7076379263798735e-05,1.479498092509498e-05,-6.036296956393223e-06
4101,723,1031.0,-7.86312034355835e-07,-3.490471258743599e-06,1.2306794968594548e-06,-6.528741327829091e-07,-3.6239091603165247e-06
4100,723,1021.0,-7.673676060929169e-06,3.17328764694835e-05,-3.46343732987725e-05,3.8261337642592696e-05,-1.4202137234038366e-05
4099,723,817.0,-5.429575314325197e-06,2.452812362575935e-05,-3.734157784309952e-05,3.3485946656280955e-05,-1.4387398344846803e-05
4098,723,720.0,2.2997706878927215e-06,-1.2359908548981906e-05,1.8224069512975949e-06,2.3561913279385675e-06,-1.2416329189027753e-05
4097,723,719.0,-4.126670354299977e-06,5.3785044362470065e-06,2.1744848908190895e-06,5.501281959091194e-06,-4.2494478771441644e-06
4110,724,1034.0,1.2491400739375602e-05,4.583366105956419e-05,-9.560633581507175e-05,7.978929697050069e-05,-2.1464235171560885e-05
4109,724,1033.0,-4.75364673669515e-06,1.8592953989906603e-05,-4.781187260524157e-05,3.352340772028211e-05,-1.968410046707065e-05
4108,724,1023.0,3.884353891113468e-05,1.0485605010104263e-06,-5.1871492595955554e-05,5.2036204493616154e-05,-1.2144105081471049e-05
4107,724,732.0,1.6434054815606114e-06,8.224326591628548e-05,-0.00014071258932662513,0.00012302411378026083,-3.9137442382414746e-05
4106,724,818.0,2.3958963180605725e-05,7.84442325848264e-06,-4.839398495855296e-05,4.140490957096909e-05,-9.601523131880732e-06
4411,724,733.0,3.641910083384582e-05,2.8332968023830093e-05,-7.4310851940226e-05,6.975078613337575e-05,-4.9987172756998425e-06
4111,724,1035.0,-2.5652341593337957e-06,2.8332968023830093e-05,-6.016267001064321e-05,4.670045221580842e-05,-2.0932718351312125e-05
4105,724,814.0,2.8260874002566938e-05,2.9341928971869592e-05,-8.869120611718073e-05,7.315029866168837e-05,-1.5547495687251843e-05
4417,724,1034.0,2.108736778040285e-05,1.8202046906472832e-05,-6.797659403529228e-05,5.3663608020798326e-05,-1.4374193333922644e-05
4416,724,1033.0,1.6659892335416093e-05,1.8592953989906603e-05,-6.495646486594057e-05,5.0119034073606294e-05,-1.4866187748283598e-05
4415,724,1023.0,3.239667939899937e-05,2.8681182484483598e-05,-8.122298183836293e-05,7.119289045381365e-05,-1.0115028570330679e-05
4414,724,732.0,1.841658560057524e-05,2.8332968023830093e-05,-8.680751261278853e-05,6.706081258561566e-05,-2.031125896121032e-05
4412,724,814.0,2.8260874002566938e-05,2.9341928971869592e-05,-8.869120611718073e-05,7.315029866168837e-05,-1.5547495687251843e-05
4104,724,733.0,4.899926996948176e-05,-2.5579448963284918e-05,-1.7046050718748373e-05,4.996090121823792e-05,-2.654108021204108e-05
4413,724,818.0,2.3958963180606592e-05,7.84442325848264e-06,-4.839398495855296e-05,4.140490957096967e-05,-9.601523131880437e-06
4119,725,1033.0,3.152290013781062e-05,1.8592953989906603e-05,-0.00012178505449758278,8.62926864051978e-05,-3.617683227748058e-05
4118,725,1037.0,1.93242520386272e-05,1.5158887012353141e-05,-8.133803057319006e-05,5.79638775498621e-05,-2.3480738498881763e-05
4117,725,1036.0,1.653592015615421e-05,2.670111170204769e-05,-9.8781683349718e-05,7.127018278069985e-05,-2.803315092249795e-05
4114,725,819.0,1.2397324612339541e-05,2.169176548576018e-05,-7.375513121935656e-05,5.421377295444903e-05,-2.012468285634931e-05
4115,725,818.0,2.645119937451368e-05,7.84442325848264e-06,-8.831503422567812e-05,6.227473617216166e-05,-2.7979113539165338e-05
4113,725,815.0,1.683560707503584e-05,3.171045791833531e-05,-0.00012049213083850825,8.49764401061736e-05,-3.6430375112802455e-05
4112,725,814.0,3.32189240809435e-05,2.9341928971869484e-05,-0.00015229790716714958,0.00010745404994450558,-4.48931968916926e-05
4116,725,1026.0,2.4915760455584274e-05,3.1068761592643965e-05,-0.00013689055485575224,9.650664533811853e-05,-4.052212328989029e-05
4126,726,1039.0,8.842610610463458e-06,2.2168823352016213e-05,-6.090229872102518e-05,4.6677330412124785e-05,-1.5665896449645113e-05
4127,726,1036.0,1.5331683552999298e-05,2.670111170204769e-05,-9.774841382034598e-05,7.022009743970728e-05,-2.818730218466029e-05
4125,726,1038.0,2.7396631080561784e-06,2.8849189744810936e-05,-6.484092969245327e-05,5.074458216491731e-05,-1.9155729312050193e-05
4120,726,815.0,1.8625216928074007e-05,3.171045791833531e-05,-0.00012248173331652623,8.675720040090127e-05,-3.642152555449196e-05
4123,726,819.0,1.3842457207209613e-05,2.169176548576018e-05,-7.514663462688219e-05,5.554484399482501e-05,-2.001062130185522e-05
4122,726,820.0,4.077155881618277e-06,2.019866274859247e-05,-4.6323735220510365e-05,3.666234319461546e-05,-1.2386524564404714e-05
4121,726,816.0,3.3401658528012246e-06,3.749931819565441e-05,-8.571582209387571e-05,6.655554657452043e-05,-2.5716062526064793e-05
4124,726,1028.0,1.0905917724825243e-05,3.572688613957543e-05,-0.00010430179798687211,7.692364383182689e-05,-3.0290839967426217e-05
4128,727,816.0,2.3099622078782966e-06,3.7499318195654424e-05,-8.45102330713915e-05,6.567654825849737e-05,-2.586726785496465e-05
4129,727,817.0,-4.767467174822404e-06,2.5256602508691678e-05,-3.9331036857024465e-05,3.498509727226608e-05,-1.4495961938396806e-05
4130,727,821.0,-8.863370999766945e-07,1.0215369095771141e-05,-1.6783205325519857e-05,1.472587601351221e-05,-5.3968440177177635e-06
4131,727,820.0,3.4257800439335684e-06,2.019866274859247e-05,-4.522503509604876e-05,3.592981556350474e-05,-1.2305372770978705e-05
4134,727,1041.0,1.2020199447425328e-06,1.7336064721216137e-05,-3.074635016071456e-05,2.663024512148543e-05,-8.092160455526761e-06
4133,727,1040.0,-3.210756282821109e-06,1.7735985802231545e-05,-2.824654646949032e-05,2.484551406151827e-05,-1.0320284542107835e-05
4135,727,1038.0,2.487249929461477e-06,2.8849189744810936e-05,-6.502250011937959e-05,5.074982966551646e-05,-1.941338999124405e-05
4132,727,1030.0,-1.2790233258445916e-06,3.3540358074784105e-05,-6.178663110335478e-05,5.159183312034061e-05,-1.9330498371401093e-05
4136,728,817.0,-5.565142289193359e-06,2.5256602508691678e-05,-3.793117739406271e-05,3.4283171520859524e-05,-1.4591711301361209e-05
4143,728,1040.0,-3.547186700404714e-06,1.7735985802231545e-05,-2.7867215110471966e-05,2.462690585912766e-05,-1.0438106757300829e-05
4142,728,1043.0,1.7332888009105596e-06,-1.0698819280775774e-06,-6.4451257286990415e-06,3.8458680524594786e-06,-3.1824611796264964e-06
4141,728,1042.0,3.4538581706947125e-06,-1.4402120355508493e-05,6.811260340154612e-07,3.4603512905076854e-06,-1.4408613475321466e-05
4140,728,1032.0,-1.6358849427820787e-06,1.027215419934337e-05,-1.7357164337941655e-05,1.4842778922325758e-05,-6.206509665764466e-06
4139,728,821.0,-1.3864419252176963e-06,1.0215369095771168e-05,-1.620275452668407e-05,1.4378539975222769e-05,-5.549612804669297e-06
4138,728,721.0,4.746879029154938e-06,-1.8104186806550604e-05,1.454345551127334e-06,4.769995931366463e-06,-1.812730370876213e-05
4137,728,720.0,2.227782330610495e-06,-1.0700246572414602e-05,1.7470638561008223e-06,2.286538828524773e-06,-1.075900307032888e-05
4419,729,818.0,2.035155903450797e-05,2.0601163214682304e-05,-5.9702242870383546e-05,5.032774344602635e-05,-9.375021196836076e-06
4420,729,822.0,1.825388218308936e-05,2.5050127746312646e-06,-2.8886206191951203e-05,2.6829673889221562e-05,-6.070778931500939e-06
4421,729,731.0,1.0697362347121542e-05,2.1736290229935526e-05,-6.392201578623094e-05,4.865092112319721e-05,-1.6217268546140143e-05
4422,729,1034.0,2.408710876221007e-05,2.110022386449923e-05,-5.521106200945085e-05,5.023956496760172e-05,-5.052232340892421e-06
4423,729,1044.0,1.1225098980091608e-05,1.1552901014253293e-05,-4.1275442272115104e-05,3.202737195895947e-05,-9.249371964614572e-06
4424,729,1045.0,1.436504636806446e-05,1.2279085567675797e-05,-4.670995326801729e-05,3.670031957437973e-05,-1.0056187638639476e-05
4418,729,732.0,2.7698107003383196e-05,2.1736290229935526e-05,-5.119100192891787e-05,5.0485696524602286e-05,-1.0512992912835634e-06
4151,729,1046.0,-2.3348505393955277e-06,2.1736290229935526e-05,-4.2401799830522197e-05,3.407966797067435e-05,-1.4678228280134346e-05
4145,729,818.0,2.035155903450797e-05,2.0601163214682304e-05,-5.9702242870383546e-05,5.032774344602635e-05,-9.375021196836076e-06
4146,729,822.0,1.8253882183091527e-05,2.5050127746312646e-06,-2.8886206191951203e-05,2.6829673889223165e-05,-6.070778931500373e-06
4147,729,731.0,-3.2128027462260955e-06,6.078329854545693e-05,-9.644268065313669e-05,8.665728698607379e-05,-2.908679118684295e-05
4148,729,1034.0,2.979070815812071e-05,1.0868178335040127e-06,-3.7296423028732734e-05,3.897031888628531e-05,-8.092792894660593e-06
4149,729,1044.0,-2.9828774415797954e-06,1.1552901014253293e-05,-2.8858094367128356e-05,2.0441113310367436e-05,-1.1871089737693939e-05
4150,729,1045.0,7.235762319295763e-06,3.2292088399281556e-05,-6.337812501430035e-05,5.3839599259282405e-05,-1.4311748540705086e-05
4144,729,732.0,3.882746779254945e-05,-1.73107180855849e-05,-1.623999698572437e-05,3.997837406542742e-05,-1.846162435846287e-05
4153,730,819.0,1.2773450499187211e-05,1.906615761668748e-05,-7.289879597759813e-05,5.2504748426659966e-05,-2.0665140310785275e-05
4154,730,823.0,9.354407166300288e-06,1.034688339045394e-05,-3.936432740958562e-05,2.95390637106977e-05,-9.837773153943473e-06
4155,730,822.0,1.8612613354444807e-05,2.505012774631373e-06,-5.168686649520589e-05,3.762810823698414e-05,-1.6510482107907957e-05
4156,730,1037.0,1.766947799233809e-05,2.0057097458572003e-05,-8.676168805955148e-05,6.226055504051319e-05,-2.4533979589603102e-05
4157,730,1047.0,1.312120014989801e-05,1.4706520503570655e-05,-5.748170808927977e-05,4.266564290401526e-05,-1.4837922250546595e-05
4158,730,1048.0,1.3873126076365677e-05,6.525584044148828e-06,-4.584912105144029e-05,3.341641923246052e-05,-1.3017709111946016e-05
4159,730,1044.0,2.254730554635334e-05,1.1552901014253293e-05,-7.685858285634388e-05,5.5870583344635785e-05,-2.177037678402915e-05
4152,730,818.0,2.2842935647580595e-05,2.0601163214682304e-05,-9.962253512717928e-05,7.154592686155374e-05,-2.8101827999290836e-05
4167,731,1047.0,1.209808727079334e-05,1.4706520503570655e-05,-5.667422675183047e-05,4.1769414692865726e-05,-1.4964806918501727e-05
4166,731,1050.0,7.625303691981972e-06,1.0076640860944854e-05,-2.990527520593464e-05,2.385375984293442e-05,-6.151815290007593e-06
4160,731,819.0,1.4218568989161212e-05,1.906615761668748e-05,-7.42902748632826e-05,5.3866495444465946e-05,-2.0581768838617254e-05
4161,731,820.0,4.02856286805392e-06,2.127981870720216e-05,-4.6249487871756825e-05,3.73352612487503e-05,-1.2026879673494224e-05
4162,731,824.0,4.822004423653964e-06,8.333568268122137e-06,-1.912472593655623e-05,1.630000603562664e-05,-3.1444333438505365e-06
4163,731,823.0,1.06785579250257e-05,1.034688339045394e-05,-4.034093784561002e-05,3.068387130823726e-05,-9.658429992757625e-06
4164,731,1039.0,9.026135394961388e-06,2.0850598900398667e-05,-6.0493796571432085e-05,4.575766857072183e-05,-1.5880934275361777e-05
4165,731,1049.0,4.0650325154913125e-06,1.4806693487662058e-05,-3.1980179637569606e-05,2.6303844283374145e-05,-7.432118280220775e-06
4168,732,820.0,3.3771967753327276e-06,2.1279818707202155e-05,-4.515084175727574e-05,3.661380361874239e-05,-1.1956788136207507e-05
4169,732,821.0,-9.299880411317574e-07,1.0581517035434661e-05,-1.6867269316912792e-05,1.5036292438167555e-05,-5.384763443864651e-06
4171,732,824.0,4.714252346549319e-06,8.333568268122123e-06,-1.812363950986877e-05,1.5764659151772335e-05,-2.7168385371008947e-06
4170,732,825.0,1.5300893837257024e-06,2.127821536222936e-06,-2.947076081435962e-07,2.1621732192649576e-06,1.4957377006836806e-06
4172,732,1041.0,1.201777135525356e-06,1.739306715378675e-05,-3.073312807756745e-05,2.6666093897899132e-05,-8.071249608587025e-06
4173,732,1051.0,6.363575436388325e-08,6.354669285828826e-06,-9.124658862094334e-06,8.750734023683867e-06,-2.3324289834911577e-06
4174,732,1052.0,3.0957147745883096e-06,6.626741243424144e-06,-8.85995032506165e-06,9.630055634486605e-06,9.240038352584861e-08
4175,732,1049.0,3.8064213664264213e-06,1.4806693487662058e-05,-3.211093951022148e-05,2.6277992420661728e-05,-7.66487756657325e-06
4178,733,722.0,5.051527886448803e-06,-1.7848081171080487e-05,1.5611475750951231e-06,5.07810428481993e-06,-1.7874657569451613e-05
4179,733,825.0,9.497071628214449e-07,2.127821536222936e-06,-5.569126993940077e-08,2.1284793218526063e-06,9.490493771917748e-07
4183,733,1051.0,-3.960462663897546e-07,6.354669285828826e-06,-9.078850205127692e-06,8.636114527195771e-06,-2.6774915077566994e-06
4182,733,1054.0,3.0937867391833684e-06,-5.5123421054438515e-06,1.7828972874722737e-06,3.1851556258414805e-06,-5.603710992101964e-06
4181,733,1053.0,4.753066612177281e-06,-1.767421455902492e-05,5.349749952233973e-07,4.75625644984722e-06,-1.7677404396694856e-05
4180,733,1043.0,1.7258859159041684e-06,-9.840763384878206e-07,-6.453475859265201e-06,3.870592134970266e-06,-3.1287825575539186e-06
4177,733,721.0,4.739627072515573e-06,-1.7500338897896987e-05,1.5756086301360606e-06,4.767498465175779e-06,-1.7528210290557194e-05
4176,733,821.0,-1.4300994389763316e-06,1.0581517035434715e-05,-1.6286804786672104e-05,1.46942430360463e-05,-5.542825439587916e-06
4425,734,731.0,2.1650383678441243e-05,1.4746399838469135e-05,-3.0918525899608154e-05,3.4038374686692014e-05,2.3584088302183636e-06
4426,734,822.0,1.4589220364437383e-05,1.144427697061446e-05,-3.787418528518674e-05,3.201901550576792e-05,-5.985518170716077e-06
4427,734,826.0,1.1849838472882245e-05,-1.8516412633965296e-06,-1.1996667524223625e-05,1.4104736674785227e-05,-4.106539465299512e-06
4428,734,730.0,3.3487308766719237e-06,1.4746399838469135e-05,-4.306314415003509e-05,3.132053800296194e-05,-1.3225407287820887e-05
4429,734,1045.0,1.8205347208772454e-05,1.3115236623584183e-05,-3.4114747771610276e-05,3.290648889761479e-05,-1.585905065258154e-06
4430,734,1055.0,6.0503569606421e-06,4.796455235101622e-06,-2.2718140455983346e-05,1.6799765086088396e-05,-5.952952890344675e-06
4431,734,1056.0,7.500648973621932e-06,6.6341948947315835e-06,-2.7723664540318937e-05,2.0936022424267342e-05,-6.801178555913827e-06
4187,734,730.0,-5.597696498743643e-06,4.0086700438440046e-05,-5.754381357746599e-05,5.398124993612958e-05,-1.949224599643318e-05
4184,734,731.0,2.910628865458037e-05,-1.0593900761501993e-05,-1.486064093760009e-05,3.0451380244075556e-05,-1.1938992350997179e-05
4185,734,822.0,1.4589220364437383e-05,1.144427697061446e-05,-3.787418528518674e-05,3.201901550576792e-05,-5.985518170716077e-06
4191,734,1057.0,-1.6164855465537753e-06,1.4746399838469135e-05,-2.6921280987720134e-05,2.2316936292585395e-05,-9.187022000670036e-06
4186,734,826.0,1.184983847287921e-05,-1.8516412633965296e-06,-1.1996667524223625e-05,1.4104736674782567e-05,-4.106539465299888e-06
4189,734,1055.0,-1.5651760968335426e-06,4.796455235101622e-06,-1.4659665757376511e-05,9.605886019048095e-06,-6.374606880780015e-06
4188,734,1045.0,2.2026672409362208e-05,1.2741682537081682e-07,-2.588440033728101e-05,2.8029769884662117e-05,-5.8756806499290926e-06
4190,734,1056.0,2.9149970342152998e-06,1.9622276356862046e-05,-3.5145477042083234e-05,3.0725883024866336e-05,-8.18860963378899e-06
4192,735,822.0,1.4947814104092697e-05,1.1444276970614406e-05,-6.067474121879829e-05,4.358395018054095e-05,-1.7191859105833848e-05
4193,735,823.0,9.679343166209275e-06,8.43369346450345e-06,-3.891631364657741e-05,2.852464040647077e-05,-1.0411603775758044e-05
4194,735,827.0,1.9357102384286173e-06,3.3299934703029258e-06,-1.3092010519820396e-05,9.215874814635882e-06,-3.9501711059043385e-06
4196,735,1048.0,1.2195919657637805e-05,1.0095438615512296e-05,-5.0124727990451257e-05,3.623003868951688e-05,-1.3938680416366782e-05
4197,735,1058.0,8.04457306833456e-06,5.88178787214828e-06,-2.7203058898453772e-05,2.0607630378881813e-05,-6.681269438398975e-06
4198,735,1059.0,5.50505181033667e-06,7.874840722797965e-07,-1.691836233187055e-05,1.1928158816222522e-05,-5.635622933606056e-06
4199,735,1055.0,1.4057942568132531e-05,4.796455235101622e-06,-4.16351431706697e-05,3.075359272747319e-05,-1.1899194924239041e-05
4195,735,826.0,9.197466145888233e-06,-1.8516412633965296e-06,-2.04513797889775e-05,1.5295538110763354e-05,-7.949713228271652e-06
4206,736,1061.0,2.1537528320063337e-06,2.6797921715286297e-06,-8.189778843412099e-06,6.520100263801775e-06,-1.686555260266812e-06
4207,736,1058.0,7.411835557174368e-06,5.88178787214828e-06,-2.655252339417262e-05,1.9945096796924168e-05,-6.65147336760152e-06
4205,736,1060.0,3.6283595198985386e-06,5.1467258924794e-06,-9.815846314379512e-06,9.353835974535649e-06,-5.787505621577111e-07
4203,736,827.0,3.1072923590558243e-06,3.3299934703029258e-06,-1.4021206029444719e-05,1.0230130173191074e-05,-3.792844343832324e-06
4202,736,828.0,1.6296383112193724e-06,1.2513677807503992e-06,-1.4998258945492227e-06,2.2138991780190547e-06,6.67106913950717e-07
4201,736,824.0,4.784498204457588e-06,9.042263478648322e-06,-1.9024584049374266e-05,1.6660987770715238e-05,-2.8342260876093277e-06
4200,736,823.0,1.1003494785690598e-05,8.43369346450345e-06,-3.989292566048547e-05,2.9706399135799146e-05,-1.0269210885605097e-05
4204,736,1050.0,7.697069492159508e-06,9.089631494245724e-06,-2.9982037165632996e-05,2.3400530287646445e-05,-6.613829301241213e-06
4215,737,1060.0,3.3436474165537966e-06,5.1467258924794e-06,-9.627629344512167e-06,9.142694663332357e-06,-6.5232135429916e-07
4214,737,1063.0,1.4821066036084518e-06,3.036448344147062e-07,4.734495224603674e-06,3.3323540020285775e-06,-1.5466025640054195e-06
4212,737,1052.0,3.0150104803304545e-06,6.441637929451602e-06,-9.176798494860139e-06,9.626165726682485e-06,-1.6951731690042858e-07
4213,737,1062.0,1.9225811382535263e-06,2.1491567135547944e-07,4.780270750157772e-06,3.6068140950325e-06,-1.4693172854234944e-06
4210,737,829.0,1.6869617988080066e-06,-1.9773341791622188e-06,1.0278028228581648e-05,5.310657678595395e-06,-5.601030058949608e-06
4209,737,825.0,1.6378877403383507e-06,2.4071655218731777e-06,1.3849961915009257e-07,2.4133496248215464e-06,1.631703637389982e-06
4208,737,824.0,4.676743484643975e-06,9.042263478648309e-06,-1.802348207751575e-05,1.6131823458552985e-05,-2.4128164952607034e-06
4211,737,828.0,1.585391478042819e-06,1.2513677807504128e-06,-4.824304850048478e-07,1.7117697294404407e-06,1.1249895293527912e-06
4216,738,825.0,1.0575055194306238e-06,2.4071655218731777e-06,3.775159573560227e-07,2.4330673559947207e-06,1.0316036853090805e-06
4217,738,722.0,5.13370395753554e-06,-1.7503438109526615e-05,1.932397519679996e-06,5.174868408803619e-06,-1.7544602560794694e-05
4218,738,723.0,3.0466683298147057e-06,-1.1490834793219428e-05,2.9754498132375518e-06,3.1973557404053443e-06,-1.1641522203810066e-05
4219,738,829.0,1.947327578834257e-06,-1.9773341791621646e-06,1.1645867829909728e-05,6.12969375148973e-06,-6.159700351817637e-06
4220,738,1054.0,3.258671635159721e-06,-5.3953040533846275e-06,2.348938714407528e-06,3.415231724777602e-06,-5.551864143002508e-06
4221,738,1064.0,3.7029631486801273e-06,-1.4497058220329525e-05,1.0779564027785238e-06,3.718910557523186e-06,-1.4513005629172584e-05
4223,738,1062.0,1.141823656524571e-06,2.1491567135547944e-07,4.797280731385148e-06,3.121372981001294e-06,-1.7646336531212435e-06
4222,738,1065.0,2.682399995634216e-06,-4.744654010389675e-06,8.550217880855249e-06,4.631631971655643e-06,-6.6938859864111025e-06
4225,739,826.0,8.515277806903088e-06,2.81655310837149e-06,-1.9177623348510392e-05,1.5669123699083944e-05,-4.337292783809364e-06
4433,739,826.0,8.515277806903088e-06,2.81655310837149e-06,-1.9177623348510392e-05,1.5669123699083944e-05,-4.337292783809364e-06
4434,739,728.0,1.6439055204122994e-06,-2.3120257718403647e-06,1.1711836804512155e-05,5.846888703643587e-06,-6.515008955071652e-06
4435,739,729.0,-4.6707098489001675e-06,7.353251835203389e-06,-1.7601971183073967e-05,1.1999660225471812e-05,-9.31711823916859e-06
4436,739,1056.0,1.310454937792846e-05,5.044286925013318e-06,-1.331798376970339e-05,1.68579989871139e-05,1.2908373158278785e-06
4437,739,1066.0,-1.8442226741612056e-06,2.5226366826561685e-07,-2.877531783625903e-06,9.841499972402865e-07,-2.5761090031358755e-06
4438,739,1067.0,-1.500966282715066e-06,2.544316534652325e-06,-2.9060485453365897e-06,3.0121284592164524e-06,-1.9687782072791934e-06
4432,739,730.0,1.7282856329693327e-05,7.353251835203389e-06,-8.526797201350092e-06,1.8862198715819983e-05,5.773909449076733e-06
4226,739,728.0,1.6439055204112152e-06,-2.3120257718403647e-06,1.1711836804512155e-05,5.846888703642872e-06,-6.515008955072021e-06
4231,739,1068.0,-4.346803616842032e-07,7.353251835203389e-06,-9.61385086876293e-06,9.64552078786564e-06,-2.7269493143464543e-06
4230,739,1067.0,-1.8258984320861094e-06,6.8553286432671695e-06,-1.7725092049981905e-06,6.944881367020516e-06,-1.915451155839456e-06
4229,739,1066.0,-2.306647254889105e-06,2.5226366826561685e-07,-2.0268961614840209e-07,2.5627111939112566e-07,-2.3106547060146134e-06
4228,739,1056.0,1.338299343306773e-05,7.332131462768274e-07,-1.4183310522376119e-05,1.6560514019037604e-05,-2.444307439693045e-06
4227,739,729.0,-5.304665850559831e-06,1.576404721914139e-05,-1.5390333915071483e-05,1.8275313019300316e-05,-7.815931650718754e-06
4224,739,730.0,1.7826234780606715e-05,-1.057874158511907e-06,-1.021458064728864e-05,1.9119021113598497e-05,-2.3506604915036917e-06
4234,740,727.0,-1.1319119101106667e-05,1.3381088323936516e-06,1.1589542151128895e-05,3.590329706050545e-06,-1.357133997476356e-05
4235,740,728.0,-7.093673580017834e-06,-2.3120257718403105e-06,1.5487479240884616e-05,3.401565309100397e-06,-1.2807264660958542e-05
4232,740,826.0,5.863115134622371e-06,2.81655310837149e-06,-2.763244527163866e-05,1.8239776314451365e-05,-9.560108071457504e-06
4237,740,1069.0,-2.1525371290270767e-06,1.8128969690648484e-06,-1.123397397767914e-06,1.8909254950245587e-06,-2.230565654986787e-06
4238,740,1070.0,-9.380414307563756e-06,-1.3411899256986215e-07,1.3293062296821506e-05,3.3390208059103983e-06,-1.2853554106044016e-05
4239,740,1066.0,1.4929380417506855e-06,2.5226366826561685e-07,-6.632013897113834e-06,4.24613317412611e-06,-2.500931464109808e-06
4233,740,827.0,2.269802122673026e-06,2.287685105735991e-06,-1.2587144983021784e-05,8.572322457452079e-06,-4.014835229043061e-06
4236,740,1059.0,3.833658937274498e-06,2.960159480870552e-06,-2.0580489876638464e-05,1.3696418479697464e-05,-6.9026000615524145e-06
4242,741,726.0,-1.1541687827833214e-05,1.2429702032095325e-06,1.3956288891572854e-05,4.3140639378846445e-06,-1.4612781562508326e-05
4245,741,1071.0,-4.491966264168201e-06,1.4089574009228272e-06,5.568798062002833e-06,2.5153543272139407e-06,-5.598363190459315e-06
4240,741,827.0,3.441405250066004e-06,2.287685105736045e-06,-1.3516364977018969e-05,9.647302588486666e-06,-3.9182122326846164e-06
4241,741,828.0,1.1558683637793998e-06,1.5749522463179058e-06,-2.647108196099368e-06,2.7054488401718034e-06,2.537176992550206e-08
4243,741,727.0,-1.0416006422431234e-05,1.3381088323936516e-06,1.1687743684180019e-05,3.749033134419717e-06,-1.28269307244573e-05
4244,741,1061.0,2.1860867146193674e-06,2.268887653194911e-06,-8.256746946776888e-06,6.356068239746375e-06,-1.901093871932096e-06
4246,741,1072.0,-1.1074223813047762e-05,1.61948897553385e-06,1.274622920104454e-05,4.2670294927174435e-06,-1.3721764330231356e-05
4247,741,1069.0,-2.8779142241912303e-06,1.8128969690648484e-06,-9.90704189806485e-07,1.8646357382644413e-06,-2.9296529933908233e-06
4248,742,828.0,1.1115818101536945e-06,1.5749522463179126e-06,-1.6297026515302293e-06,2.1904156122391764e-06,4.961184442324309e-07
4250,742,725.0,-9.075239771914878e-06,1.663476279380573e-07,1.202936731197618e-05,3.1302855579962915e-06,-1.2039177701973112e-05
4255,742,1071.0,-3.849900535819739e-06,1.4089574009228272e-06,6.351810339356306e-06,2.902666842367359e-06,-5.343609977264271e-06
4254,742,1074.0,-1.1093975289783176e-05,8.19507664826972e-07,1.2731139851784867e-05,3.5807504447268185e-06,-1.3855218069683022e-05
4253,742,1073.0,-1.600125978020589e-06,-8.983286195188484e-07,1.0969034774609837e-05,4.2465038495625915e-06,-6.744958447102029e-06
4252,742,1063.0,1.0729348199726985e-06,-4.2850972209403137e-08,3.5098347411430253e-06,2.356503153732141e-06,-1.3264193059688458e-06
4251,742,726.0,-1.2404822199163501e-05,1.242970203209546e-06,1.4957211834349879e-05,4.543060658917227e-06,-1.5704912654871182e-05
4249,742,829.0,1.8088592018752903e-06,-1.963004866975754e-06,1.0609671661230072e-05,5.553026884883688e-06,-5.707172549984152e-06
4257,743,723.0,3.865275131735568e-06,-1.0011174894942586e-05,5.719526434633249e-06,4.4315295803472776e-06,-1.0577429343554296e-05
4256,743,829.0,2.0692412974337993e-06,-1.963004866975754e-06,1.197751197907354e-05,6.372133216383192e-06,-6.265896785925147e-06
4259,743,725.0,-6.775130561242904e-06,1.6634762793811151e-07,1.3947718626197009e-05,4.485393099149772e-06,-1.1094176032454564e-05
4260,743,1065.0,2.666083570371236e-06,-5.383298635979416e-06,8.267945945713423e-06,4.4109566635879025e-06,-7.128171729196082e-06
4261,743,1075.0,2.425508083263306e-06,-5.33752686090246e-06,3.0555512985988575e-06,2.7153544553777834e-06,-5.627373233016938e-06
4262,743,1076.0,-3.755179244249035e-06,2.415269565467573e-07,7.63831367545792e-06,2.5535536613448897e-06,-6.0672059490471674e-06
4263,743,1073.0,-1.879971071098302e-06,-8.983286195188484e-07,1.2079261928688717e-05,4.670392023607993e-06,-7.448691714225144e-06
4258,743,724.0,-8.963661649735721e-08,-6.641220591724947e-07,2.3830117233947234e-06,8.487611475524427e-07,-1.6025198232222946e-06
0,744,1162.0,0.00025622767406301497,-0.00011965422386341174,-1.3959284031447687e-05,0.0002563572323566834,-0.00011978378215708015
1,744,1077.0,0.00025622767406301497,-0.0001247083877262446,-1.800408872299538e-05,0.0002564402861176998,-0.00012492099978092948
2,744,1078.0,0.0002521545930752843,-0.0001247083877262446,-2.3093585079047782e-05,0.0002525080464401819,-0.0001250618410911422
3,744,1163.0,0.0002521545930752843,-0.00011965422386341174,-1.904878038750009e-05,0.0002523984134368897,-0.00011989804422501712
7,745,1164.0,0.00024418935753484864,-0.00011623895059973309,-5.035768781759802e-05,0.00024593980306531724,-0.0001179893961302017
4,745,1163.0,0.0002521545930752843,-0.00011623895059973309,-4.574716304812151e-05,0.0002535693819959813,-0.00011765373952043012
5,745,1078.0,0.0002521545930752843,-0.00012081746577218111,-5.3657098163414386e-05,0.0002540745354678899,-0.00012273740816478673
6,745,1079.0,0.00024418935753484864,-0.00012081746577218111,-5.8267622932890034e-05,0.00024650010723195826,-0.00012312821546929076
9,746,1079.0,0.00024418935753484864,-0.00011431509059067556,-8.96824535871199e-05,0.0002497129312698451,-0.00011983866432567201
11,746,1165.0,0.0002287022124863496,-0.00010922119865191453,-7.943232614185131e-05,0.00023330729970289538,-0.00011382628586846031
8,746,1164.0,0.00024418935753484864,-0.00010922119865191453,-7.430282398005958e-05,0.0002480525781307796,-0.00011308441924784546
10,746,1080.0,0.0002287022124863496,-0.00011431509059067556,-9.481195574891164e-05,0.00023513328189510706,-0.00012074615999943303
12,747,1165.0,0.0002287022124863496,-9.924062026460796e-05,-9.77362523387152e-05,0.00023582936169072856,-0.00010636776946898693
13,747,1080.0,0.0002287022124863496,-0.00010049525443063209,-0.00011875510790860817,0.00023908472650808335,-0.00011087776845236584
14,747,1081.0,0.00020753640859992768,-0.00010049525443063209,-0.0001200185135502227,0.00021881421657523538,-0.00011177306240593978
15,747,1166.0,0.00020753640859992768,-9.924062026460796e-05,-9.899965798032973e-05,0.00021532565141038116,-0.00010702986307506145
16,748,1166.0,0.00020753640859992768,-8.798537587751076e-05,-0.0001099694072330213,0.00021743527313819298,-9.788424041577606e-05
17,748,1081.0,0.00020753640859992768,-8.717816635009888e-05,-0.00012885970590202373,0.00022100628339324118,-0.00010064804114341238
18,748,1082.0,0.0001885140708119083,-8.717816635009888e-05,-0.00012804685415387495,0.00020265660846065112,-0.00010132070399884171
19,748,1167.0,0.0001885140708119083,-8.798537587751076e-05,-0.00010915655548487252,0.0001988973666998687,-9.836867176547118e-05
23,749,1168.0,0.00016796113222065662,-7.670368377986738e-05,-0.00011359289008812216,0.00018050294049906524,-8.924549205827599e-05
22,749,1083.0,0.00016796113222065662,-7.604631778216871e-05,-0.00013400314529527814,0.0001851483539488254,-9.32335395103375e-05
20,749,1167.0,0.0001885140708119083,-7.670368377986738e-05,-0.00011425485157980954,0.00020029583419282096,-8.848544716078005e-05
21,749,1082.0,0.0001885140708119083,-7.604631778216871e-05,-0.00013466510678696638,0.00020466474442902208,-9.21969913992825e-05
24,750,1168.0,0.00016796113222065662,-6.56341861324253e-05,-0.00011325776477735111,0.00018096533554889588,-7.863838946066455e-05
25,750,1083.0,0.00016796113222065662,-6.173866520519126e-05,-0.0001351705424785599,0.00018637138555198005,-8.014891853651469e-05
26,750,1084.0,0.00014589516734733396,-6.173866520519126e-05,-0.0001312477888634903,0.0001648970103283662,-8.07405081862235e-05
27,750,1169.0,0.00014589516734733396,-6.56341861324253e-05,-0.0001093350111622815,0.00015918805236795442,-7.892707115304575e-05
28,751,1169.0,0.00014589516734733396,-5.4986405785904585e-05,-0.00010290336021262243,0.0001583066159906712,-6.739785442924181e-05
29,751,1084.0,0.00014589516734733396,-4.952661366766425e-05,-0.00012326965315896578,0.0001637103343820682,-6.734178070239849e-05
30,751,1085.0,0.00012538649834691572,-4.952661366766425e-05,-0.0001177716928939792,0.00014336329617243657,-6.75034114931851e-05
31,751,1170.0,0.00012538649834691572,-5.4986405785904585e-05,-9.740539994763583e-05,0.0001376966273018578,-6.729653474084666e-05
35,752,1171.0,0.00010555013892321434,-4.572076486777097e-05,-7.904338292606932e-05,0.00011525333993210429,-5.542396587666092e-05
34,752,1086.0,0.00010555013892321434,-3.976266698945774e-05,-9.874203362855195e-05,0.000120737063498507,-5.49495915647504e-05
32,752,1170.0,0.00012538649834691572,-4.572076486777097e-05,-8.504313249170503e-05,0.00013537085644631385,-5.5705122967169104e-05
33,752,1085.0,0.00012538649834691572,-3.976266698945774e-05,-0.00010474178319418766,0.00014059367261477386,-5.496984125731588e-05
37,753,1086.0,0.00010555013892321434,-3.213984567206269e-05,-8.17844705430686e-05,0.00011677891180471811,-4.336861855356646e-05
38,753,1087.0,8.354311026569604e-05,-3.213984567206269e-05,-7.711744082921062e-05,9.52171808714777e-05,-4.381391627784435e-05
39,753,1172.0,8.354311026569604e-05,-3.6774475756530035e-05,-5.526319019458995e-05,8.958541561537154e-05,-4.281678110620553e-05
36,753,1171.0,0.00010555013892321434,-3.6774475756530035e-05,-5.993021990844793e-05,0.00011160170210220139,-4.282603893551708e-05
40,754,1172.0,8.354311026569604e-05,-2.7175713069659685e-05,-2.2410149791529492e-05,8.466571488294843e-05,-2.8298317686912068e-05
41,754,1087.0,8.354311026569604e-05,-1.91017421080587e-05,-5.412500595690546e-05,9.024111580046513e-05,-2.579974764282779e-05
42,754,1088.0,5.1606542859681734e-05,-1.91017421080587e-05,-4.5994591727536484e-05,5.842811623002659e-05,-2.5923315478403555e-05
43,754,1089.0,5.1606542859681734e-05,-2.7175713069659685e-05,-1.4279735562160514e-05,5.224838473563578e-05,-2.781755494561373e-05
46,755,1163.0,0.00024002788206464124,-0.00011965422386341174,-1.984812260413891e-05,0.00024030149070243165,-0.00011992783250120214
47,755,1173.0,0.00024002788206464124,-0.00011380629579751304,-1.7205821931582863e-05,0.0002402369245567169,-0.0001140153382895887
44,755,1161.0,0.00024268866755068966,-0.00011380629579751304,-1.1316983358891641e-05,0.0002427784597462016,-0.000113896087993025
45,755,1162.0,0.00024268866755068966,-0.00011965422386341174,-1.3959284031447687e-05,0.00024282306328911053,-0.0001197886196018326
49,756,1163.0,0.00024002788206464124,-0.00011623895059973309,-4.654650526476033e-05,0.00024154178216737027,-0.00011775285070246213
50,756,1164.0,0.0002323628492609314,-0.00011623895059973309,-5.210570447970568e-05,0.00023429916114001045,-0.00011817526247881216
51,756,1174.0,0.0002323628492609314,-0.00011071837454419998,-4.44939253502084e-05,0.000233799429150157,-0.00011215495443342559
48,756,1173.0,0.00024002788206464124,-0.00011071837454419998,-3.893472613526305e-05,0.00024110506505517346,-0.00011179555753473222
52,757,1174.0,0.0002323628492609314,-0.00010478442306160606,-6.364385320989027e-05,0.0002353400971588313,-0.00010776167095950597
53,757,1164.0,0.0002323628492609314,-0.00010922119865191453,-7.605084064216724e-05,0.0002365446748870287,-0.00011340302427801185
54,757,1165.0,0.00021986906593480897,-0.00010922119865191453,-8.051865470214831e-05,0.00022472261722606326,-0.00011407474994316882
55,757,1175.0,0.00021986906593480897,-0.00010478442306160606,-6.811166726987134e-05,0.0002234030213747024,-0.0001083183785014995
59,758,1176.0,0.0002039686685523451,-9.655139722637072e-05,-8.574069074059401e-05,0.00020996465633444633,-0.00010254738500847194
56,758,1175.0,0.00021986906593480897,-9.655139722637072e-05,-8.30326533088838e-05,0.00022522558756422263,-0.00010190791885578439
57,758,1165.0,0.00021986906593480897,-9.924062026460796e-05,-9.882258089901307e-05,0.000227344829552726,-0.000106716383882525
58,758,1166.0,0.0002039686685523451,-9.924062026460796e-05,-0.00010153061833072241,0.00021224236795839313,-0.00010751431967065598
63,759,1177.0,0.00018676941199881943,-8.702186399529345e-05,-9.639083114081331e-05,0.00019500548585215535,-9.525793784862936e-05
62,759,1167.0,0.00018676941199881943,-8.798537587751076e-05,-0.00011347061898278523,0.00019802392482473345,-9.923988870342478e-05
60,759,1176.0,0.0002039686685523451,-8.702186399529345e-05,-9.542057974144293e-05,0.00021159147524066132,-9.464467068360965e-05
61,759,1166.0,0.0002039686685523451,-8.798537587751076e-05,-0.00011250036758341398,0.00021443132861572654,-9.844803594089219e-05
64,760,1177.0,0.00018676941199881943,-7.705550550517269e-05,-0.0001008218395491603,0.00019607365766424073,-8.635975117059398e-05
65,760,1167.0,0.00018676941199881943,-7.670368377986738e-05,-0.00011856891507772225,0.00019949450246194072,-8.942877424298866e-05
66,760,1168.0,0.00016889818277927848,-7.670368377986738e-05,-0.00011821463210376273,0.0001823827734015166,-9.01882744021055e-05
67,760,1178.0,0.00016889818277927848,-7.705550550517269e-05,-0.00010046755657520078,0.00017876235894414416,-8.691968167003837e-05
68,761,1178.0,0.00016889818277927848,-6.708869465765028e-05,-9.966743764819666e-05,0.00017899007152827738,-7.718058340664918e-05
69,761,1168.0,0.00016889818277927848,-6.56341861324253e-05,-0.00011787950679299254,0.00018287700793245392,-7.961301128560073e-05
70,761,1169.0,0.00015055870697522691,-6.56341861324253e-05,-0.00011641482292357175,0.00016523418109810043,-8.030966025529882e-05
71,761,1179.0,0.00015055870697522691,-6.708869465765028e-05,-9.820275377877587e-05,0.0001611232093943654,-7.765319707678876e-05
74,762,1170.0,0.00013238570452491372,-5.4986405785904585e-05,-0.00010744897650817511,0.00014669686029990757,-6.929756156089843e-05
75,762,1180.0,0.00013238570452491372,-5.7502995875040926e-05,-8.940222420566156e-05,0.00014238238089760613,-6.749967224773335e-05
72,762,1179.0,0.00015055870697522691,-5.7502995875040926e-05,-9.193641967139912e-05,0.00016026217035322175,-6.720645925303577e-05
73,762,1169.0,0.00015055870697522691,-5.4986405785904585e-05,-0.00010998317197391267,0.00016434631906724607,-6.877401787792374e-05
76,763,1180.0,0.00013238570452491372,-4.837155823851321e-05,-7.712847511668133e-05,0.0001402694638574902,-5.625531757108969e-05
77,763,1170.0,0.00013238570452491372,-4.572076486777097e-05,-9.50867090522443e-05,0.00014428220568497852,-5.761726602783576e-05
78,763,1171.0,0.00011430183969185666,-4.572076486777097e-05,-9.241737145541419e-05,0.00012668670145143216,-5.8105626627346475e-05
79,763,1181.0,0.00011430183969185666,-4.837155823851321e-05,-7.445913751985122e-05,0.0001224173591933098,-5.648707773996635e-05
80,764,1181.0,0.00011430183969185666,-3.961792500798615e-05,-5.444980286444575e-05,0.00011897539870825274,-4.4291484024382234e-05
81,764,1171.0,0.00011430183969185666,-3.6774475756530035e-05,-7.33042084377928e-05,0.00012272432760618822,-4.519696367086161e-05
82,764,1172.0,9.531553384911889e-05,-3.6774475756530035e-05,-7.044086719235152e-05,0.00010411985504264347,-4.557879695005462e-05
83,764,1182.0,9.531553384911889e-05,-3.961792500798615e-05,-5.158646161900447e-05,0.0001000779559826453,-4.438034714151256e-05
84,765,1182.0,9.531553384911889e-05,-3.2207619386740924e-05,-2.042344219120324e-05,9.612808440716017e-05,-3.302016994478221e-05
85,765,1172.0,9.531553384911889e-05,-2.7175713069659685e-05,-3.758782678929106e-05,9.813423410905666e-05,-2.999441332959746e-05
86,765,1089.0,7.803107190658149e-05,-2.7175713069659685e-05,-3.2520718630592825e-05,8.048688560890473e-05,-2.9631526771982928e-05
87,765,1090.0,7.803107190658149e-05,-3.2207619386740924e-05,-1.5356334032505872e-05,7.856328969928454e-05,-3.273983717944397e-05
90,766,1173.0,0.00022877725007663247,-0.00011380629579751304,-1.7477368592084923e-05,0.00022900001319744488,-0.00011402905891832546
91,766,1183.0,0.00022877725007663247,-0.00010768867742262021,-1.529475250869241e-05,0.00022895097400762833,-0.00010786240135361608
88,766,1160.0,0.00023097512432538464,-0.00010768867742262021,-9.134367275499128e-06,0.0002310367056754156,-0.00010775025877265116
89,766,1161.0,0.00023097512432538464,-0.00011380629579751304,-1.1316983358891641e-05,0.0002310679654900654,-0.0001138991369621938
92,767,1183.0,0.00022877725007663247,-0.00010507316790801871,-3.2844298598721025e-05,0.0002295831126981914,-0.00010587903052957767
93,767,1173.0,0.00022877725007663247,-0.00011071837454419998,-3.920627279576511e-05,0.00022990542420318254,-0.00011184654867075004
94,767,1174.0,0.00022237079765407772,-0.00011071837454419998,-4.489094654797944e-05,0.00022387649697399686,-0.00011222407386411914
95,767,1184.0,0.00022237079765407772,-0.00010507316790801871,-3.852897235093536e-05,0.00022350028763976773,-0.00010620265789370873
96,768,1184.0,0.00022237079765407772,-0.00010007441025055677,-5.397834586425704e-05,0.0002246142252824105,-0.00010231783787888956
97,768,1174.0,0.00022237079765407772,-0.00010478442306160606,-6.404087440766131e-05,0.00022547534893660573,-0.00010788897434413407
98,768,1175.0,0.00021223792429574725,-0.00010478442306160606,-6.878381383134628e-05,0.0002159259967382777,-0.0001084724955041365
99,768,1185.0,0.00021223792429574725,-0.00010007441025055677,-5.8721285287942e-05,0.00021497416059780582,-0.00010281064655261533
100,769,1185.0,0.00021223792429574725,-9.317301190786326e-05,-7.087708289539325e-05,0.00021629613249726033,-9.723122010937634e-05
101,769,1175.0,0.00021223792429574725,-9.655139722637072e-05,-8.370479987035873e-05,0.00021780993084965326,-0.00010212340378027674
102,769,1176.0,0.00019932052539646875,-9.655139722637072e-05,-8.710680436420544e-05,0.0002055985306729358,-0.00010282940250283778
103,769,1186.0,0.00019932052539646875,-9.317301190786326e-05,-7.427908738923995e-05,0.0002039626663667291,-9.781515287812361e-05
107,770,1187.0,0.00018476522153405405,-8.501192514222343e-05,-8.435640964075952e-05,0.00019120579656619434,-9.145250017436371e-05
105,770,1176.0,0.00019932052539646875,-8.702186399529345e-05,-9.678669336505435e-05,0.00020727810689420722,-9.497944549303192e-05
104,770,1186.0,0.00019932052539646875,-8.501192514222343e-05,-8.233242174801592e-05,0.00020516069365475968,-9.085209340051436e-05
106,770,1177.0,0.00018476522153405405,-8.702186399529345e-05,-9.881068125779796e-05,0.0001934674693297965,-9.57241117910359e-05
108,771,1187.0,0.00018476522153405405,-7.620831793853794e-05,-8.791150553622354e-05,0.0001919697924028393,-8.34128888073232e-05
109,771,1177.0,0.00018476522153405405,-7.705550550517269e-05,-0.00010324168966614495,0.00019457527194972394,-8.686555592084258e-05
110,771,1178.0,0.00016932786762461575,-7.705550550517269e-05,-0.00010409479972555216,0.0001798714549076441,-8.759909278820103e-05
111,771,1188.0,0.00016932786762461575,-7.620831793853794e-05,-8.876461559563075e-05,0.00017710399666340858,-8.398444697733077e-05
112,772,1188.0,0.00016932786762461575,-6.722712720665287e-05,-8.758444294660554e-05,0.0001771746147318811,-7.507387431391821e-05
113,772,1178.0,0.00016932786762461575,-6.708869465765028e-05,-0.00010329468079854805,0.00018011821244771393,-7.787903948074847e-05
114,772,1179.0,0.00015350780312528827,-6.708869465765028e-05,-0.00010315528049954174,0.00016497143941247123,-7.855233094483323e-05
115,772,1189.0,0.00015350780312528827,-6.722712720665287e-05,-8.744504264759922e-05,0.00016185274774899318,-7.557207183035778e-05
116,773,1189.0,0.00015350780312528827,-5.837356480540049e-05,-8.118050278074773e-05,0.00016101753576111256,-6.588329744122477e-05
117,773,1179.0,0.00015350780312528827,-5.7502995875040926e-05,-9.688894639216499e-05,0.00016409829634719754,-6.809348909695021e-05
118,773,1180.0,0.0001376895454096097,-5.7502995875040926e-05,-9.601229151531398e-05,0.0001488573408635619,-6.86707913289931e-05
119,773,1190.0,0.0001376895454096097,-5.837356480540049e-05,-8.030384790389672e-05,0.00014559364432773875,-6.627766372352954e-05
123,774,1191.0,0.00012212697495465625,-4.989822606289902e-05,-6.674667062707678e-05,0.0001283745877354242,-5.614583884366697e-05
122,774,1181.0,0.00012212697495465625,-4.837155823851321e-05,-8.220120201949625e-05,0.00013151753537935304,-5.776211866320999e-05
121,774,1180.0,0.0001376895454096097,-4.837155823851321e-05,-8.373854242633375e-05,0.00014667722452792005,-5.735923735682356e-05
120,774,1190.0,0.0001376895454096097,-4.989822606289902e-05,-6.828401103391429e-05,0.0001437103356595322,-5.591901631282153e-05
124,775,1191.0,0.00012212697495465625,-4.2261751071909995e-05,-4.780375648858002e-05,0.0001255317538457417,-4.566652996299545e-05
125,775,1181.0,0.00012212697495465625,-3.961792500798615e-05,-6.219186736409078e-05,0.00012789926086386372,-4.5390210917193606e-05
126,775,1182.0,0.0001076382801163487,-3.961792500798615e-05,-5.952955892226698e-05,0.00011342704971164513,-4.5406694603282585e-05
127,775,1192.0,0.0001076382801163487,-4.2261751071909995e-05,-4.514144804675709e-05,0.00011096305242036539,-4.5586523375926684e-05
128,776,1192.0,0.0001076382801163487,-3.6761765331381124e-05,-1.8133127197399353e-05,0.00010820532313527621,-3.732880835030864e-05
129,776,1182.0,0.0001076382801163487,-3.2207619386740924e-05,-2.836653949446575e-05,0.00010906225771756262,-3.363159698795484e-05
130,776,1090.0,9.733332839547033e-05,-3.2207619386740924e-05,-2.3780556566483594e-05,9.841566769963623e-05,-3.3289958690906825e-05
131,776,1091.0,9.733332839547033e-05,-3.6761765331381124e-05,-1.3547144269417631e-05,9.767461458224198e-05,-3.710305151815277e-05
132,777,1159.0,0.00022067701764730795,-0.00010164138706310989,-7.3453243216309305e-06,0.00022071886042244134,-0.00010168322983824328
133,777,1160.0,0.00022067701764730795,-0.00010768867742262021,-9.134367275499128e-06,0.00022074052955775193,-0.0001077521893330642
134,777,1183.0,0.0002188754590377942,-0.00010768867742262021,-1.5223962825931803e-05,0.0002190527926985929,-0.0001078660110834189
135,777,1193.0,0.0002188754590377942,-0.00010164138706310989,-1.3434919872063605e-05,0.00021901618320019318,-0.00010178211122550886
139,778,1194.0,0.00021361434694804494,-9.94400244689284e-05,-3.322150313650029e-05,0.0002144932504911536,-0.00010031892801203707
136,778,1193.0,0.0002188754590377942,-9.94400244689284e-05,-2.7548948991922874e-05,0.00021947041024348614,-0.00010003497567462034
137,778,1183.0,0.0002188754590377942,-0.00010507316790801871,-3.277350891596042e-05,0.00021970226333342611,-0.00010589997220365063
138,778,1184.0,0.00021361434694804494,-0.00010507316790801871,-3.8446063060537834e-05,0.0002147696797744353,-0.00010622850073440908
140,779,1194.0,0.00021361434694804494,-9.523011889183187e-05,-4.565748225341965e-05,0.00021529265035457159,-9.690842229835853e-05
141,779,1184.0,0.00021361434694804494,-0.00010007441025055677,-5.3895436573859513e-05,0.00021591247875709648,-0.0001023725420596083
142,779,1185.0,0.00020531876215021568,-0.00010007441025055677,-5.8773617271218326e-05,0.00020812083176086174,-0.00010287647986120285
143,779,1195.0,0.00020531876215021568,-9.523011889183187e-05,-5.0535662950778465e-05,0.00020742828004140598,-9.733963678302216e-05
144,780,1195.0,0.00020531876215021568,-8.937252919762794e-05,-6.034441627196692e-05,0.00020837624624049132,-9.243001328790358e-05
145,780,1185.0,0.00020531876215021568,-9.317301190786326e-05,-7.092941487866957e-05,0.00020947457090333637,-9.732882066098395e-05
146,780,1186.0,0.00019465970857452872,-9.317301190786326e-05,-7.475648659847293e-05,0.00019943447724562061,-9.794778057895515e-05
147,780,1196.0,0.00019465970857452872,-8.937252919762794e-05,-6.417148799177028e-05,0.00019823916994840955,-9.295199057150877e-05
150,781,1187.0,0.0001824017816716957,-8.501192514222343e-05,-8.550760170695972e-05,0.00018907088822729237,-9.16810316978201e-05
151,781,1197.0,0.0001824017816716957,-8.233288359726958e-05,-7.333482027124805e-05,0.00018738658667919456,-8.731768860476845e-05
148,781,1196.0,0.00019465970857452872,-8.233288359726958e-05,-7.063703952153808e-05,0.0001990921425172871,-8.676531754002798e-05
149,781,1186.0,0.00019465970857452872,-8.501192514222343e-05,-8.280982095724802e-05,0.00020066086332552255,-9.101307989321726e-05
152,782,1197.0,0.0001824017816716957,-7.458537144773141e-05,-7.597168028788785e-05,0.00018789896325801335,-8.008255303404907e-05
153,782,1187.0,0.0001824017816716957,-7.620831793853794e-05,-8.906269760242374e-05,0.00018985504763260072,-8.366158389944297e-05
154,782,1188.0,0.00016921918317717218,-7.620831793853794e-05,-9.06969977834066e-05,0.00017733031911919638,-8.431945388056214e-05
155,782,1198.0,0.00016921918317717218,-7.458537144773141e-05,-7.760598046887071e-05,0.00017524593800791917,-8.06121262784784e-05
156,783,1198.0,0.00016921918317717218,-6.65436603204812e-05,-7.604586658107974e-05,0.000175199672642171,-7.252414978548002e-05
157,783,1188.0,0.00016921918317717218,-6.722712720665287e-05,-8.951682513438138e-05,0.0001774081710691655,-7.541611509864619e-05
158,783,1189.0,0.00015565398547879618,-6.722712720665287e-05,-9.020507336813047e-05,0.00016443504288881334,-7.600818461667004e-05
159,783,1199.0,0.00015565398547879618,-6.65436603204812e-05,-7.673411481482883e-05,0.00016209230370394884,-7.298197854563384e-05
160,784,1199.0,0.00015565398547879618,-5.857122629238012e-05,-7.058264565275741e-05,0.0001613180961903719,-6.423533700395581e-05
161,784,1189.0,0.00015565398547879618,-5.837356480540049e-05,-8.394053350127897e-05,0.00016358998789752402,-6.630956722412834e-05
162,784,1190.0,0.00014220264949695288,-5.837356480540049e-05,-8.374148922854832e-05,0.00015059233994270795,-6.676325525115555e-05
163,784,1200.0,0.00014220264949695288,-5.857122629238012e-05,-7.038360138002676e-05,0.00014819240141576598,-6.456097821119322e-05
167,785,1201.0,0.00012951638529060637,-5.1076961715573006e-05,-5.793653946988865e-05,0.00013404929523677618,-5.5609871661742815e-05
166,785,1191.0,0.00012951638529060637,-4.989822606289902e-05,-7.053467059335702e-05,0.0001361998760142917,-5.658171678658433e-05
164,785,1200.0,0.00014220264949695288,-5.1076961715573006e-05,-5.9123521235097086e-05,0.00014662297311297785,-5.549728533159799e-05
165,785,1190.0,0.00014220264949695288,-4.989822606289902e-05,-7.172165235856589e-05,0.00014867872268846383,-5.6374299254409975e-05
168,786,1201.0,0.00012951638529060637,-4.47215355122403e-05,-4.10034604373514e-05,0.00013189621931337697,-4.710136953501089e-05
169,786,1191.0,0.00012951638529060637,-4.2261751071909995e-05,-5.159175645486069e-05,0.0001333065196401983,-4.6051885421501915e-05
170,786,1192.0,0.00011885401644743006,-4.2261751071909995e-05,-4.911476403472682e-05,0.00012251393156295762,-4.5921666187437554e-05
171,786,1202.0,0.00011885401644743006,-4.47215355122403e-05,-3.852646801721666e-05,0.00012109190609541427,-4.695942516022451e-05
172,787,1202.0,0.00011885401644743006,-4.057130483745518e-05,-1.5709359853205863e-05,0.0001192400715465435,-4.095735993656862e-05
173,787,1192.0,0.00011885401644743006,-3.6761765331381124e-05,-2.2106443185368647e-05,0.0001196351934506686,-3.7542942334619665e-05
174,787,1091.0,0.0001124121808682892,-3.6761765331381124e-05,-1.8270253181873822e-05,0.00011296951622909512,-3.731910069218705e-05
175,787,1092.0,0.0001124121808682892,-4.057130483745518e-05,-1.1873169849710603e-05,0.00011264220653804651,-4.080133050721249e-05
176,788,1158.0,0.00021170217155350255,-9.582781217622219e-05,-5.878562929230967e-06,0.000211730261778601,-9.585590240132066e-05
177,788,1159.0,0.00021170217155350255,-0.00010164138706310989,-7.3453243216309305e-06,0.00021174521247282538,-0.00010168442798243272
178,788,1193.0,0.00021022515637069208,-0.00010164138706310989,-1.3199540568958716e-05,0.0002103647592865881,-0.00010178098997900591
179,788,1203.0,0.00021022515637069208,-9.582781217622219e-05,-1.1732779176558752e-05,0.00021033756139677277,-9.594021720230289e-05
183,789,1204.0,0.00020590834079131648,-9.397147371727931e-05,-2.8533507385067845e-05,0.00020658555091864584,-9.464868384460867e-05
182,789,1194.0,0.00020590834079131648,-9.94400244689284e-05,-3.282035250900747e-05,0.00020678773163468849,-0.00010031941531230042
180,789,1203.0,0.00021022515637069208,-9.397147371727931e-05,-2.3026724564878358e-05,0.00021066029651036836,-9.440661385695559e-05
181,789,1193.0,0.00021022515637069208,-9.94400244689284e-05,-2.7313569688817985e-05,0.00021082627795826844,-0.00010004114605650477
185,790,1194.0,0.00020590834079131648,-9.523011889183187e-05,-4.5256331625926835e-05,0.0002075991742071302,-9.692095230764558e-05
186,790,1195.0,0.00019908013906804432,-9.523011889183187e-05,-5.011341900526024e-05,0.00020119815126293852,-9.734813108672607e-05
187,790,1205.0,0.00019908013906804432,-9.040675056737002e-05,-4.3332620281069656e-05,0.0002006927457576202,-9.201935725694587e-05
184,790,1204.0,0.00020590834079131648,-9.040675056737002e-05,-3.847553290173625e-05,0.00020715210032630136,-9.165051010235488e-05
188,791,1205.0,0.00019908013906804432,-8.540719009312789e-05,-5.114005814517604e-05,0.00020136012826111314,-8.76871792861967e-05
189,791,1195.0,0.00019908013906804432,-8.937252919762794e-05,-5.99221723264487e-05,0.00020215927713999985,-9.245166726958346e-05
190,791,1196.0,0.00019023662682966964,-8.937252919762794e-05,-6.391523415371757e-05,0.00019384268064924842,-9.297858301720671e-05
191,791,1206.0,0.00019023662682966964,-8.540719009312789e-05,-5.513311997244492e-05,0.00019296646571214486,-8.81370289756031e-05
192,792,1206.0,0.00019023662682966964,-7.932818852027809e-05,-6.017290260142659e-05,0.00019355379182070024,-8.264535351130869e-05
193,792,1196.0,0.00019023662682966964,-8.233288359726958e-05,-7.038078568348538e-05,0.00019470661665860173,-8.680287342620167e-05
194,792,1197.0,0.00017995739284348833,-8.233288359726958e-05,-7.340648293190002e-05,0.00018499659738302482,-8.737208813680607e-05
195,792,1207.0,0.00017995739284348833,-7.932818852027809e-05,-6.319859984984123e-05,0.0001837528610363809,-8.312365671317066e-05
199,793,1208.0,0.0001688210332213549,-7.255552214244958e-05,-6.70283340947998e-05,0.00017338793412582874,-7.712242304692342e-05
196,793,1207.0,0.00017995739284348833,-7.255552214244958e-05,-6.498429458145182e-05,0.00018407130274371232,-7.666943204267358e-05
197,793,1197.0,0.00017995739284348833,-7.458537144773141e-05,-7.604334294853896e-05,0.00018551542090115814,-8.014339950540122e-05
198,793,1198.0,0.0001688210332213549,-7.458537144773141e-05,-7.808738246188694e-05,0.0001749305035113211,-8.06948417376976e-05
200,794,1208.0,0.0001688210332213549,-6.547432615605902e-05,-6.517103636554398e-05,0.00017326856253237644,-6.992185546708054e-05
201,794,1198.0,0.0001688210332213549,-6.65436603204812e-05,-7.652726857409597e-05,0.00017488536499319032,-7.260799209231661e-05
202,794,1199.0,0.00015738541221410173,-6.65436603204812e-05,-7.760407820689257e-05,0.00016391836798835096,-7.307661609473042e-05
203,794,1209.0,0.00015738541221410173,-6.547432615605902e-05,-6.624784599834014e-05,0.000162204457094741,-7.02933710366983e-05
204,795,1209.0,0.00015738541221410173,-5.848311704246547e-05,-6.039672202375317e-05,0.00016153034498057103,-6.262804980893475e-05
205,795,1199.0,0.00015738541221410173,-5.857122629238012e-05,-7.145260904482115e-05,0.00016314225139299574,-6.432806547127413e-05
206,795,1200.0,0.00014625223603822752,-5.857122629238012e-05,-7.154133424616856e-05,0.00015231955034579356,-6.463854059994616e-05
207,795,1210.0,0.00014625223603822752,-5.848311704246547e-05,-6.048544722510058e-05,0.00015062613308462422,-6.285701408886217e-05
208,796,1210.0,0.00014625223603822752,-5.206194177068244e-05,-5.0317782917937755e-05,0.00014939420919912174,-5.520391493157665e-05
209,796,1200.0,0.00014625223603822752,-5.1076961715573006e-05,-6.028125410123975e-05,0.00015075333141355523,-5.5578057090900735e-05
210,796,1201.0,0.0001362191125271455,-5.1076961715573006e-05,-5.928938827786832e-05,0.00014079919127529908,-5.565704046372658e-05
211,796,1211.0,0.0001362191125271455,-5.206194177068244e-05,-4.9325917094565457e-05,0.000139396108857718,-5.523893810125491e-05
215,797,1212.0,0.00012845628310310941,-4.685998724154666e-05,-3.2493970076132896e-05,0.00012994921738436273,-4.835292152279998e-05
213,797,1201.0,0.0001362191125271455,-4.47215355122403e-05,-4.23563092453302e-05,0.00013866484611564935,-4.7167269100744134e-05
212,797,1211.0,0.0001362191125271455,-4.685998724154666e-05,-3.4647371227989384e-05,0.00013784392963083413,-4.848480434523528e-05
214,797,1202.0,0.00012845628310310941,-4.47215355122403e-05,-4.0202908093473714e-05,0.0001307589238431518,-4.702417625228267e-05
216,798,1212.0,0.00012845628310310941,-4.372784451230516e-05,-1.3469248247828438e-05,0.00012871929217916935,-4.39908535883651e-05
217,798,1202.0,0.00012845628310310941,-4.057130483745518e-05,-1.738579992946205e-05,0.00012890217298963148,-4.101719472397725e-05
218,798,1092.0,0.0001245123517124901,-4.057130483745518e-05,-1.4207193614178097e-05,0.00012481745761478655,-4.087641073975164e-05
219,798,1093.0,0.0001245123517124901,-4.372784451230516e-05,-1.0290641932544052e-05,0.00012466956510375496,-4.388505790357002e-05
220,799,1157.0,0.00020391988699484508,-9.0352374399174e-05,-4.674688818422958e-06,0.00020393845087254066,-9.037093827686959e-05
221,799,1158.0,0.00020391988699484508,-9.582781217622219e-05,-5.878562929230967e-06,0.00020394870638193314,-9.585663156331026e-05
222,799,1203.0,0.00020270759687794626,-9.582781217622219e-05,-1.1392278228216333e-05,0.00020281624126725574,-9.593645656553169e-05
223,799,1213.0,0.00020270759687794626,-9.0352374399174e-05,-1.0188404117408324e-05,0.0002027961216187088,-9.044089913993652e-05
224,800,1213.0,0.00020270759687794626,-8.878153728956291e-05,-1.9162014000692618e-05,0.0002030221771611804,-8.909611757279703e-05
225,800,1203.0,0.00020270759687794626,-9.397147371727931e-05,-2.268622361653594e-05,0.0002031406528658474,-9.440452970518046e-05
226,800,1204.0,0.00019915874859096055,-9.397147371727931e-05,-2.791244424718651e-05,0.0001998217188057921,-9.463444393211087e-05
227,800,1214.0,0.00019915874859096055,-8.878153728956291e-05,-2.4388234631343188e-05,0.00019967424007622832,-8.929702877483067e-05
231,801,1215.0,0.00019352592266187827,-8.575406208345823e-05,-3.694596260641388e-05,0.00019474251873315707,-8.697065815473702e-05
229,801,1204.0,0.00019915874859096055,-9.040675056737002e-05,-3.785446976385491e-05,0.00020039067223328672,-9.163867420969618e-05
228,801,1214.0,0.00019915874859096055,-8.575406208345823e-05,-3.226074825100813e-05,0.00020006906321005076,-8.666437670254844e-05
230,801,1205.0,0.00019352592266187827,-9.040675056737002e-05,-4.2539684119260665e-05,0.00019511043736140823,-9.199126526689999e-05
232,802,1215.0,0.00019352592266187827,-8.148285415409475e-05,-4.306483318662364e-05,0.0001952016398573951,-8.315857134961159e-05
233,802,1205.0,0.00019352592266187827,-8.540719009312789e-05,-5.034712198336705e-05,0.00019577961367620435,-8.766088110745396e-05
234,802,1206.0,0.00018619272147955834,-8.540719009312789e-05,-5.429889398131382e-05,0.00018888002309789935,-8.809449171146889e-05
235,802,1216.0,0.00018619272147955834,-8.148285415409475e-05,-4.701660518457128e-05,0.00018824162814925002,-8.353176082378643e-05
236,803,1216.0,0.00018619272147955834,-7.625277945518715e-05,-5.0831370476000885e-05,0.00018863136145961243,-7.869141943524124e-05
237,803,1206.0,0.00018619272147955834,-7.932818852027809e-05,-5.933867661029636e-05,0.00018946758559659093,-8.260305263731068e-05
238,803,1207.0,0.000177625951107728,-7.932818852027809e-05,-6.24355821223551e-05,0.0001813642659761875,-8.306650338873759e-05
239,803,1217.0,0.000177625951107728,-7.625277945518715e-05,-5.392827598806049e-05,0.0001804581820860854,-7.908501043354455e-05
241,804,1207.0,0.000177625951107728,-7.255552214244958e-05,-6.422127685396569e-05,0.00018168158682656436,-7.661115786128595e-05
242,804,1208.0,0.00016833547196610892,-7.255552214244958e-05,-6.639894885898407e-05,0.00017282725062667343,-7.70473008030141e-05
243,804,1218.0,0.00016833547196610892,-7.039296805401267e-05,-5.717296643144212e-05,0.0001717108300930651,-7.376832618096886e-05
240,804,1217.0,0.000177625951107728,-7.039296805401267e-05,-5.4995294426424604e-05,0.00018063801201768549,-7.340502896397016e-05
247,805,1219.0,0.0001588686954533125,-6.426284825220691e-05,-5.636054229556445e-05,0.00016237268127416814,-6.776683407306254e-05
244,805,1218.0,0.00016833547196610892,-6.426284825220691e-05,-5.514059522925864e-05,0.00017155876143298162,-6.748613771907961e-05
245,805,1208.0,0.00016833547196610892,-6.547432615605902e-05,-6.454165112972782e-05,0.00017270778266481495,-6.984663685476506e-05
246,805,1209.0,0.0001588686954533125,-6.547432615605902e-05,-6.576159819603449e-05,0.0001635885649361822,-7.01941956389287e-05
249,806,1209.0,0.0001588686954533125,-5.848311704246547e-05,-5.9910474221447525e-05,0.00016292152923723456,-6.253595082638752e-05
248,806,1219.0,0.0001588686954533125,-5.826329552282249e-05,-5.0956921768242035e-05,0.00016181829235186498,-6.121289242137497e-05
250,806,1210.0,0.0001498525507811115,-5.848311704246547e-05,-6.013183246260639e-05,0.0001541047193628744,-6.273528562422839e-05
251,806,1220.0,0.0001498525507811115,-5.826329552282249e-05,-5.1178280009400896e-05,0.00015295271391702493,-6.136345865873594e-05
252,807,1220.0,0.0001498525507811115,-5.286921121798731e-05,-4.2232799932289365e-05,0.00015202876721303834,-5.504542764991418e-05
253,807,1210.0,0.0001498525507811115,-5.206194177068244e-05,-4.996416815544313e-05,0.0001528975645791113,-5.5106955568682244e-05
254,807,1211.0,0.00014206713434687136,-5.206194177068244e-05,-4.915125527372522e-05,0.00014512994531077397,-5.512475273458503e-05
255,807,1221.0,0.00014206713434687136,-5.286921121798731e-05,-4.141988705057189e-05,0.00014424306056867825,-5.5045137439794204e-05
256,808,1221.0,0.00014206713434687136,-4.866046953113626e-05,-2.8941964540691884e-05,0.0001431588353516095,-4.97521705358744e-05
257,808,1211.0,0.00014206713434687136,-4.685998724154666e-05,-3.4472709407149145e-05,0.00014362678033825487,-4.841963323293016e-05
258,808,1212.0,0.0001364977253193794,-4.685998724154666e-05,-3.265964036136852e-05,0.00013794070168855486,-4.8302963610722126e-05
259,808,1222.0,0.0001364977253193794,-4.866046953113626e-05,-2.7128895494912125e-05,0.00013748616244948348,-4.964890666124036e-05
263,809,1094.0,0.00013428064675087385,-4.6310291966537354e-05,-8.83273070243374e-06,0.0001343885847926881,-4.6418230008351614e-05
261,809,1212.0,0.0001364977253193794,-4.372784451230516e-05,-1.3634918533064928e-05,0.00013675524391160154,-4.39853631045273e-05
260,809,1222.0,0.0001364977253193794,-4.6310291966537354e-05,-1.143323145086925e-05,0.0001366763159590047,-4.6488882606162654e-05
262,809,1093.0,0.00013428064675087385,-4.372784451230516e-05,-1.1034417784628985e-05,0.00013445148359420977,-4.389868135564109e-05
264,810,1156.0,0.00019720813770467052,-8.528535678552977e-05,-3.686003167050096e-06,0.00019722016102677474,-8.5297380107634e-05
265,810,1157.0,0.00019720813770467052,-9.0352374399174e-05,-4.674688818422958e-06,0.00019722713481229567,-9.037137150679914e-05
266,810,1213.0,0.00019621253547864002,-9.0352374399174e-05,-9.777153902720305e-06,0.0001962959065860028,-9.043574550653679e-05
267,810,1223.0,0.00019621253547864002,-8.528535678552977e-05,-8.788468251347444e-06,0.00019628111357860437,-8.535393488549411e-05
271,811,1224.0,0.00019329465860403166,-8.3955008402481e-05,-2.0713455528375765e-05,0.0001936809982984253,-8.434134809687463e-05
269,811,1213.0,0.00019621253547864002,-8.878153728956291e-05,-1.87507637860046e-05,0.0001965206221255124,-8.908962393643527e-05
268,811,1223.0,0.00019621253547864002,-8.3955008402481e-05,-1.5853159187908215e-05,0.00019643661729243733,-8.41790902162783e-05
270,811,1214.0,0.00019329465860403166,-8.878153728956291e-05,-2.361106012647215e-05,0.00019378788444290507,-8.927476312843631e-05
272,812,1224.0,0.00019329465860403166,-8.138496282279173e-05,-2.687477893590154e-05,0.00019395045304712176,-8.204075726588184e-05
273,812,1214.0,0.00019329465860403166,-8.575406208345823e-05,-3.148357374613709e-05,0.00019417988120706532,-8.663928468649189e-05
274,812,1215.0,0.0001886536219246641,-8.575406208345823e-05,-3.588323803136676e-05,0.0001898217277770211,-8.692216793581523e-05
275,812,1225.0,0.0001886536219246641,-8.138496282279173e-05,-3.127444322113121e-05,0.000189556115931193,-8.228745682932062e-05
276,813,1225.0,0.0001886536219246641,-7.774695132668855e-05,-3.598837866569671e-05,0.0001898635551742217,-7.895688457624614e-05
277,813,1215.0,0.0001886536219246641,-8.148285415409475e-05,-4.2002108611576515e-05,0.0001902765438372623,-8.310577606669294e-05
278,813,1216.0,0.00018259781860672543,-8.148285415409475e-05,-4.576414863354406e-05,0.0001845658392660542,-8.345087481342352e-05
279,813,1226.0,0.00018259781860672543,-7.774695132668855e-05,-3.9750418687664255e-05,0.0001841063880502205,-7.925552077018362e-05
283,814,1227.0,0.00017551811924043214,-7.327810972600381e-05,-4.5543868028660554e-05,0.0001775852247417333,-7.534521522730496e-05
282,814,1217.0,0.00017551811924043214,-7.625277945518715e-05,-5.2574390701829506e-05,0.00017823345914726548,-7.896811936202049e-05
280,814,1226.0,0.00018259781860672543,-7.327810972600381e-05,-4.254839125180515e-05,0.00018435455007037943,-7.50348411896578e-05
281,814,1216.0,0.00018259781860672543,-7.625277945518715e-05,-4.957891392497454e-05,0.00018495045857068384,-7.860541941914556e-05
284,815,1227.0,0.00017551811924043214,-6.826571312780304e-05,-4.6043844377931676e-05,0.0001776731624398913,-7.04207563272622e-05
285,815,1217.0,0.00017551811924043214,-7.039296805401267e-05,-5.364140914019232e-05,0.0001784093709724342,-7.328421978601473e-05
286,815,1218.0,0.00016786740399114212,-7.039296805401267e-05,-5.5783545760589286e-05,0.0001710889740498725,-7.361453811274306e-05
287,815,1228.0,0.00016786740399114212,-6.826571312780304e-05,-4.8185980998328645e-05,0.00017030057340343798,-7.069888254009888e-05
288,816,1228.0,0.00016786740399114212,-6.303979206729351e-05,-4.609615708040795e-05,0.00017014548063908,-6.531786871523137e-05
289,816,1218.0,0.00016786740399114212,-6.426284825220691e-05,-5.3751174558405376e-05,0.00017093837942244882,-6.733382368351361e-05
290,816,1219.0,0.00016015883410261736,-6.426284825220691e-05,-5.498278691018618e-05,0.00016347742463784348,-6.758143878743303e-05
291,816,1229.0,0.00016015883410261736,-6.303979206729351e-05,-4.7327769432188756e-05,0.00016264013339720043,-6.552109136187657e-05
292,817,1229.0,0.00016015883410261736,-5.797727207829074e-05,-4.2455245913155994e-05,0.00016220537132922627,-6.0023809304899644e-05
295,817,1230.0,0.00015298507663192695,-5.797727207829074e-05,-4.274327029954884e-05,0.00015512836479490894,-6.012056024127275e-05
293,817,1219.0,0.00016015883410261736,-5.826329552282249e-05,-4.957916638286333e-05,0.00016293696569889495,-6.104142711910008e-05
294,817,1220.0,0.00015298507663192695,-5.826329552282249e-05,-4.986719076925704e-05,0.00015588808928055015,-6.116630817144571e-05
298,818,1221.0,0.00014704447152032174,-5.286921121798731e-05,-4.027343920021695e-05,0.00014905261243798818,-5.487735213565375e-05
299,818,1231.0,0.00014704447152032174,-5.3512979085823184e-05,-3.437410422410178e-05,0.00014850667951703486,-5.4975187082536306e-05
297,818,1220.0,0.00015298507663192695,-5.286921121798731e-05,-4.092171069214508e-05,0.00015499907601140378,-5.4883210597464146e-05
296,818,1230.0,0.00015298507663192695,-5.3512979085823184e-05,-3.502237571602991e-05,0.00015445951058558674,-5.4987413039482994e-05
300,819,1231.0,0.00014704447152032174,-5.0142900598346206e-05,-2.392103973869941e-05,0.00014776729449302945,-5.086572357105391e-05
301,819,1221.0,0.00014704447152032174,-4.866046953113626e-05,-2.7795516690337814e-05,0.00014802647714036576,-4.964247515118028e-05
302,819,1222.0,0.00014314288978663822,-4.866046953113626e-05,-2.6302714940457713e-05,0.0001440404372150866,-4.9558016959584645e-05
303,819,1232.0,0.00014314288978663822,-5.0142900598346206e-05,-2.2428237988820175e-05,0.00014379133879293803,-5.079134960464602e-05
304,820,1232.0,0.00014314288978663822,-4.840219484352848e-05,-9.61044889283497e-06,0.00014326336099952197,-4.852266605641222e-05
305,820,1222.0,0.00014314288978663822,-4.6310291966537354e-05,-1.0607050896415705e-05,0.00014329123975999369,-4.6458641939892825e-05
306,820,1094.0,0.00014213931582776444,-4.6310291966537354e-05,-8.500513638513493e-06,0.00014223512660464004,-4.6406102743412955e-05
307,820,1095.0,0.00014213931582776444,-4.840219484352848e-05,-7.503911634933191e-06,0.00014221316702379773,-4.847604603956177e-05
311,821,1233.0,0.00019064100875006585,-8.067127893034001e-05,-7.521914564186452e-06,0.0001906931334909319,-8.072340367120607e-05
308,821,1155.0,0.00019145709663767607,-8.067127893034001e-05,-2.8755807554986523e-06,0.00019146469299164483,-8.067887528430878e-05
309,821,1156.0,0.00019145709663767607,-8.528535678552977e-05,-3.686003167050096e-06,0.00019146936979694176,-8.529762994479546e-05
310,821,1223.0,0.00019064100875006585,-8.528535678552977e-05,-8.332336975737896e-06,0.00019070389873408582,-8.534824676954974e-05
312,822,1233.0,0.00019064100875006585,-7.954729086391272e-05,-1.3020824212846283e-05,0.00019079779157523525,-7.970407368908212e-05
313,822,1223.0,0.00019064100875006585,-8.3955008402481e-05,-1.5397027912298668e-05,0.00019085667322539656,-8.417067287781171e-05
314,822,1224.0,0.0001882481923890806,-8.3955008402481e-05,-1.9835560956966806e-05,0.00018860907035241574,-8.431588636581615e-05
315,822,1234.0,0.0001882481923890806,-7.954729086391272e-05,-1.745935725751442e-05,0.00018853246334861364,-7.983156182344577e-05
319,823,1235.0,0.00018444028249495117,-7.737356151469376e-05,-2.6254853974731068e-05,0.00018509684922497977,-7.803012824472235e-05
317,823,1224.0,0.0001882481923890806,-8.138496282279173e-05,-2.599688436449258e-05,0.00018887337014884624,-8.201014058255736e-05
316,823,1234.0,0.0001882481923890806,-7.737356151469376e-05,-2.2215409885795786e-05,0.00018871188220005253,-7.78372513256657e-05
318,823,1225.0,0.00018444028249495117,-8.138496282279173e-05,-3.0036328453428296e-05,0.00018528606338067988,-8.223074370852046e-05
323,824,1236.0,0.00017947261508785822,-7.429284944806275e-05,-3.3295336038624904e-05,0.00018056008481342502,-7.538031917362957e-05
320,824,1235.0,0.00018444028249495117,-7.429284944806275e-05,-2.9817085630384852e-05,0.00018529649886252914,-7.514906581564073e-05
321,824,1225.0,0.00018444028249495117,-7.774695132668855e-05,-3.4750263897993794e-05,0.00018558671853710713,-7.889338736884451e-05
322,824,1226.0,0.00017947261508785822,-7.774695132668855e-05,-3.822851430623298e-05,0.00018088525749685043,-7.915959373568077e-05
324,825,1236.0,0.00017947261508785822,-7.050714355024838e-05,-3.527287004881233e-05,0.00018071075869779485,-7.174528716018502e-05
325,825,1226.0,0.00017947261508785822,-7.327810972600381e-05,-4.102648687037431e-05,0.00018112664532072068,-7.493213995886627e-05
326,825,1227.0,0.0001736787817239547,-7.327810972600381e-05,-4.3816821502874314e-05,0.0001756072936221884,-7.520662162423752e-05
327,825,1237.0,0.0001736787817239547,-7.050714355024838e-05,-3.8063204681313204e-05,0.00017515318295433055,-7.198154478062425e-05
329,826,1227.0,0.0001736787817239547,-6.826571312780304e-05,-4.43167978521463e-05,0.00017569140853159715,-7.02783399354455e-05
330,826,1228.0,0.00016745870329722135,-6.826571312780304e-05,-4.632799951282936e-05,0.00016971340067857115,-7.052041050915284e-05
331,826,1238.0,0.00016745870329722135,-6.626847370700908e-05,-4.0151102348731475e-05,0.0001691705172719533,-6.798028768174103e-05
328,826,1237.0,0.0001736787817239547,-6.626847370700908e-05,-3.813990068804842e-05,0.00017518492332557593,-6.777461530863033e-05
332,827,1238.0,0.00016745870329722135,-6.187323448829114e-05,-3.809769674911192e-05,0.00016903017693703016,-6.344470812809997e-05
333,827,1228.0,0.00016745870329722135,-6.303979206729351e-05,-4.423817559490867e-05,0.00016956209996658395,-6.51431887366561e-05
334,827,1229.0,0.00016127529778084664,-6.303979206729351e-05,-4.5412888308740684e-05,0.0001635506916879118,-6.531518597435867e-05
335,827,1239.0,0.00016127529778084664,-6.187323448829114e-05,-3.9272409462943504e-05,0.0001629900311110267,-6.358796781847117e-05
339,828,1240.0,0.0001556585218316824,-5.7660783560195745e-05,-3.528128285029599e-05,0.000157107489250464,-5.910975097897736e-05
336,828,1239.0,0.00016127529778084664,-5.7660783560195745e-05,-3.496258183400668e-05,0.00016266233124032542,-5.904781701967451e-05
337,828,1229.0,0.00016127529778084664,-5.797727207829074e-05,-4.054036478970749e-05,0.00016313355277399377,-5.983552707143787e-05
338,828,1230.0,0.0001556585218316824,-5.797727207829074e-05,-4.085906580599636e-05,0.00015759460836475391,-5.9913358611362265e-05
341,829,1230.0,0.0001556585218316824,-5.3512979085823184e-05,-3.313817122247743e-05,0.00015696287382359808,-5.4817331077738874e-05
340,829,1240.0,0.0001556585218316824,-5.4012472000863616e-05,-2.871775802172497e-05,0.00015663729058942177,-5.4991240758602984e-05
342,829,1231.0,0.00015120720654234008,-5.3512979085823184e-05,-3.263518646773539e-05,0.00015249967013596783,-5.480544267945092e-05
343,829,1241.0,0.00015120720654234008,-5.4012472000863616e-05,-2.8214773266983795e-05,0.00015217244860293313,-5.497771406145668e-05
344,830,1241.0,0.00015120720654234008,-5.1343357436275266e-05,-1.9566308156671996e-05,0.0001516786338154663,-5.181478470940148e-05
345,830,1231.0,0.00015120720654234008,-5.0142900598346206e-05,-2.2182121982333887e-05,0.00015181629805552542,-5.075199211153155e-05
346,830,1232.0,0.00014857310616587203,-5.0142900598346206e-05,-2.097327302767911e-05,0.0001491249740751053,-5.069476850757947e-05
347,830,1242.0,0.00014857310616587203,-5.1343357436275266e-05,-1.8357459202017652e-05,0.00014899364294603575,-5.1763894216438986e-05
348,831,1242.0,0.00014857310616587203,-5.007875214714703e-05,-7.998609000137158e-06,0.00014865358846902752,-5.015923445030251e-05
349,831,1232.0,0.00014857310616587203,-4.840219484352848e-05,-8.155483931694338e-06,0.0001486574865902138,-4.848657526787024e-05
350,831,1095.0,0.00014841513455787075,-4.840219484352848e-05,-6.4672062028638296e-06,0.0001484682465890193,-4.8455306874677006e-05
351,831,1096.0,0.00014841513455787075,-5.007875214714703e-05,-6.310331271306216e-06,0.00014846527492389064,-5.0128892513166934e-05
352,832,1154.0,0.00018656680715232717,-7.653217465833762e-05,-2.2142955024210924e-06,0.00018657146606217598,-7.653683356818644e-05
353,832,1155.0,0.00018656680715232717,-8.067127893034001e-05,-2.8755807554986523e-06,0.00018657454250683796,-8.067901428485081e-05
354,832,1233.0,0.0001859008957283163,-8.067127893034001e-05,-7.043641069969658e-06,0.00018594741617158791,-8.071779937361164e-05
355,832,1243.0,0.0001859008957283163,-7.653217465833762e-05,-6.382355816892532e-06,0.0001859396946154943,-7.657097354551564e-05
359,833,1244.0,0.0001839488565519706,-7.558736693316551e-05,-1.4591701979193954e-05,0.00018415378919512903,-7.579229957632393e-05
358,833,1234.0,0.0001839488565519706,-7.954729086391272e-05,-1.653017914465078e-05,0.00018420785322812537,-7.98062875400675e-05
356,833,1243.0,0.0001859008957283163,-7.558736693316551e-05,-1.0604073553172663e-05,0.0001860083577062176,-7.56948289110668e-05
357,833,1233.0,0.0001859008957283163,-7.954729086391272e-05,-1.2542550718629489e-05,0.000186048973468533,-7.969536860412941e-05
360,834,1244.0,0.0001839488565519706,-7.376000591159014e-05,-1.8203838433584335e-05,0.00018426992369931252,-7.408107305893207e-05
361,834,1234.0,0.0001839488565519706,-7.737356151469376e-05,-2.1286231772932145e-05,0.0001843816117649944,-7.780631672771759e-05
362,834,1235.0,0.00018084489963109043,-7.737356151469376e-05,-2.4925066823624185e-05,0.00018144499084412377,-7.797365272772709e-05
363,834,1245.0,0.00018084489963109043,-7.376000591159014e-05,-2.1842673484277243e-05,0.00018131251408143754,-7.422762036193725e-05
364,835,1245.0,0.00018084489963109043,-7.117104329868178e-05,-2.4474583203174145e-05,0.00018143771875788202,-7.176386242547337e-05
365,835,1235.0,0.00018084489963109043,-7.429284944806275e-05,-2.8487298479278403e-05,0.00018163762096409602,-7.508557078106836e-05
366,835,1236.0,0.0001768041105198962,-7.429284944806275e-05,-3.163094546833811e-05,0.00017779633546556752,-7.528507439373405e-05
367,835,1246.0,0.0001768041105198962,-7.117104329868178e-05,-2.7618230192234285e-05,0.00017757073549404945,-7.193766827283502e-05
368,836,1246.0,0.0001768041105198962,-6.799421639897766e-05,-2.8949727038494414e-05,0.00017765703381549477,-6.884713969457622e-05
369,836,1236.0,0.0001768041105198962,-7.050714355024838e-05,-3.3608479478525535e-05,0.00017794069706664767,-7.164373009699984e-05
370,836,1237.0,0.00017211277130790847,-7.050714355024838e-05,-3.613898390720637e-05,0.0001734511416738153,-7.18455139161552e-05
371,836,1247.0,0.00017211277130790847,-6.799421639897766e-05,-3.148023146717395e-05,0.00017314021166677402,-6.90216567578432e-05
374,837,1238.0,0.00016711975128871773,-6.626847370700908e-05,-3.804727858941221e-05,0.0001686602138680249,-6.780893628631626e-05
375,837,1248.0,0.00016711975128871773,-6.444959937932444e-05,-3.3088945712157584e-05,0.00016829579852552468,-6.562564661613138e-05
373,837,1237.0,0.00017211277130790847,-6.626847370700908e-05,-3.621567991394115e-05,0.00017348042666482034,-6.763612906392094e-05
372,837,1247.0,0.00017211277130790847,-6.444959937932444e-05,-3.1257347036687394e-05,0.00017314082383895925,-6.547765191037521e-05
379,838,1249.0,0.00016223080685612333,-6.0798036750020056e-05,-3.222161220071181e-05,0.00016338858367931727,-6.1955813573214e-05
378,838,1239.0,0.00016223080685612333,-6.187323448829114e-05,-3.707659251764046e-05,0.0001637539761018931,-6.339640373406091e-05
376,838,1248.0,0.00016711975128871773,-6.0798036750020056e-05,-3.113889267286358e-05,0.00016817840890969972,-6.185669437100203e-05
377,838,1238.0,0.00016711975128871773,-6.187323448829114e-05,-3.5993872989792224e-05,0.00016852553019403393,-6.327901339360734e-05
380,839,1249.0,0.00016223080685612333,-5.733622329723179e-05,-2.8469956997088063e-05,0.00016314984276832363,-5.825525920943208e-05
381,839,1239.0,0.00016223080685612333,-5.7660783560195745e-05,-3.2766764888703635e-05,0.00016344477552083486,-5.8874752224907274e-05
382,839,1240.0,0.0001579039396706096,-5.7660783560195745e-05,-3.3093595686580456e-05,0.00015916667878999527,-5.892352267958144e-05
383,839,1250.0,0.0001579039396706096,-5.733622329723179e-05,-2.879678779496575e-05,0.00015886284181350685,-5.829512544012905e-05
385,840,1240.0,0.0001579039396706096,-5.4012472000863616e-05,-2.6530070858009867e-05,0.00015873104438300542,-5.4839576713259445e-05
386,840,1241.0,0.0001546402115395755,-5.4012472000863616e-05,-2.6149972035548023e-05,0.00015545634856133444,-5.4828609022622546e-05
387,840,1251.0,0.0001546402115395755,-5.4389930228704786e-05,-2.2908917436862894e-05,0.00015526602074709663,-5.501573943622589e-05
384,840,1250.0,0.0001579039396706096,-5.4389930228704786e-05,-2.3289016259324738e-05,0.0001585407411642354,-5.5026731722330606e-05
388,841,1251.0,0.0001546402115395755,-5.230135840106462e-05,-1.5835500149706007e-05,0.00015494270881773233,-5.260385567922143e-05
389,841,1241.0,0.0001546402115395755,-5.1343357436275266e-05,-1.7501506925236658e-05,0.0001550112992939151,-5.171444519061487e-05
390,841,1242.0,0.00015296254983588296,-5.1343357436275266e-05,-1.6536804047473288e-05,0.00015329663151940446,-5.1677439119796745e-05
391,841,1252.0,0.00015296254983588296,-5.230135840106462e-05,-1.4870797271942203e-05,0.00015323153428967054,-5.257034285485221e-05
395,842,1097.0,0.00015337813823075022,-5.140724101572209e-05,-5.252872481600716e-06,0.0001534118175542231,-5.144092033919497e-05
394,842,1096.0,0.00015337813823075022,-5.007875214714703e-05,-4.840171231904836e-06,0.00015340692067183025,-5.010753458822705e-05
392,842,1252.0,0.00015296254983588296,-5.140724101572209e-05,-6.590655095288674e-06,0.00015301567100287463,-5.1460362182713764e-05
393,842,1242.0,0.00015296254983588296,-5.007875214714703e-05,-6.17795384559236e-06,0.0001530095332372717,-5.0125735548535775e-05
396,843,1153.0,0.00018244378075520182,-7.287045400020826e-05,-1.6783618005731908e-06,0.00018244653899144437,-7.287321223645079e-05
397,843,1154.0,0.00018244378075520182,-7.653217465833762e-05,-2.2142955024210924e-06,0.00018244851383452965,-7.653690773766546e-05
398,843,1243.0,0.00018190410046452178,-7.653217465833762e-05,-5.901614404658657e-06,0.00018193778818223423,-7.656586237605008e-05
399,843,1253.0,0.00018190410046452178,-7.287045400020826e-05,-5.365680702810755e-06,0.0001819323483184921,-7.289870185417857e-05
400,844,1253.0,0.00018190410046452178,-7.208184959935956e-05,-8.553510750527495e-06,0.000181976094420902,-7.215384355573978e-05
401,844,1243.0,0.00018190410046452178,-7.558736693316551e-05,-1.0123332140939655e-05,0.00018200356228752332,-7.568682875616704e-05
402,844,1244.0,0.0001803233040422016,-7.558736693316551e-05,-1.3653357463253198e-05,0.00018050528326912603,-7.576934616008993e-05
403,844,1254.0,0.0001803233040422016,-7.208184959935956e-05,-1.2083536072842339e-05,0.00018046784177973193,-7.222638733688988e-05
407,845,1255.0,0.00017781425855075122,-7.05575125357656e-05,-1.7998748084246865e-05,0.000178139910229203,-7.08831642142174e-05
404,845,1254.0,0.0001803233040422016,-7.05575125357656e-05,-1.4773866816268546e-05,0.00018054061663372388,-7.077482512728786e-05
405,845,1244.0,0.0001803233040422016,-7.376000591159014e-05,-1.726549391764358e-05,0.00018061627286937443,-7.405297473876297e-05
406,845,1245.0,0.00017781425855075122,-7.376000591159014e-05,-2.049037518562233e-05,0.0001782307970417664,-7.417654440260531e-05
408,846,1255.0,0.00017781425855075122,-6.84007656691211e-05,-1.9889996373667097e-05,0.00017821529888490377,-6.880180600327364e-05
409,846,1245.0,0.00017781425855075122,-7.117104329868178e-05,-2.3122284904519667e-05,0.00017834992501479575,-7.170670976272632e-05
410,846,1246.0,0.00017455937224541192,-7.117104329868178e-05,-2.591193026952243e-05,0.00017524057807344248,-7.185224912671233e-05
411,846,1256.0,0.00017455937224541192,-6.84007656691211e-05,-2.2679641738670292e-05,0.00017508749437059214,-6.892888779430133e-05
415,847,1257.0,0.00017080367631771122,-6.576113301382387e-05,-2.5762492632041417e-05,0.00017150300873865117,-6.646046543476382e-05
414,847,1247.0,0.00017080367631771122,-6.799421639897766e-05,-2.9492119272827178e-05,0.0001717108173626378,-6.890135744390422e-05
412,847,1256.0,0.00017455937224541192,-6.576113301382387e-05,-2.3513800474996797e-05,0.00017513317038527696,-6.633493115368892e-05
413,847,1246.0,0.00017455937224541192,-6.799421639897766e-05,-2.7243427115783425e-05,0.0001753219646855292,-6.875680883909493e-05
417,848,1247.0,0.00017080367631771122,-6.444959937932444e-05,-2.926923484234019e-05,0.0001717105694155479,-6.535649247716113e-05
418,848,1248.0,0.0001668474094881564,-6.444959937932444e-05,-3.0901086740828775e-05,0.00016787493459005767,-6.547712448122571e-05
419,848,1258.0,0.0001668474094881564,-6.282907618452389e-05,-2.6972285255808665e-05,0.00016763657715952593,-6.36182438558934e-05
416,848,1257.0,0.00017080367631771122,-6.282907618452389e-05,-2.5340433357320512e-05,0.00017148879006194167,-6.351418992875433e-05
420,849,1258.0,0.0001668474094881564,-5.983020516625852e-05,-2.5168667600564132e-05,0.00016754390679749902,-6.0526702475601136e-05
421,849,1248.0,0.0001668474094881564,-6.0798036750020056e-05,-2.895103370153477e-05,0.00016776418648276693,-6.171481374463057e-05
422,849,1249.0,0.00016303860173862844,-6.0798036750020056e-05,-2.9925631172552248e-05,0.00016403439158941855,-6.179382660081016e-05
423,849,1259.0,0.00016303860173862844,-5.983020516625852e-05,-2.6143265071582045e-05,0.00016380265571743798,-6.059425914506807e-05
427,850,1260.0,0.00015976414979528616,-5.7018532861802956e-05,-2.3242167385098544e-05,0.0001603853419717945,-5.763972503831131e-05
424,850,1259.0,0.00016303860173862844,-5.7018532861802956e-05,-2.292225604914877e-05,0.0001636339155750542,-5.761384669822872e-05
425,850,1249.0,0.00016303860173862844,-5.733622329723179e-05,-2.6173975968928932e-05,0.0001638130526328726,-5.8110674191475946e-05
426,850,1250.0,0.00015976414979528616,-5.733622329723179e-05,-2.6493887304878273e-05,0.00016056945929453247,-5.814153279647809e-05
428,851,1260.0,0.00015976414979528616,-5.466726765098763e-05,-1.8674444995909686e-05,0.00016016996271619983,-5.5073080571901316e-05
429,851,1250.0,0.00015976414979528616,-5.4389930228704786e-05,-2.0986115769237694e-05,0.00016027705709018567,-5.490283752360431e-05
430,851,1251.0,0.00015743631866504439,-5.4389930228704786e-05,-2.0706839545036465e-05,0.00015794115901305355,-5.489477057671395e-05
431,851,1261.0,0.00015743631866504439,-5.466726765098763e-05,-1.839516877170759e-05,0.00015783441226396915,-5.506536124991239e-05
432,852,1261.0,0.00015743631866504439,-5.305514323533059e-05,-1.2674997402031471e-05,0.00015762695607523164,-5.324578064551783e-05
433,852,1251.0,0.00015743631866504439,-5.230135840106462e-05,-1.3633422257880445e-05,0.00015765763593112873,-5.252267566714895e-05
434,852,1252.0,0.00015647119368220313,-5.230135840106462e-05,-1.28743678877879e-05,0.0001566694861149274,-5.249965083378891e-05
435,852,1262.0,0.00015647119368220313,-5.305514323533059e-05,-1.1915943031940227e-05,0.00015664047439958517,-5.3224423952712635e-05
439,853,1098.0,0.00015725754903466718,-5.244685263701464e-05,-4.3282426916372435e-06,0.000157279880099183,-5.2469183701530484e-05
438,853,1097.0,0.00015725754903466718,-5.140724101572209e-05,-3.547346404907375e-06,0.00015727262435888905,-5.142231633994397e-05
436,853,1262.0,0.00015647119368220313,-5.244685263701464e-05,-5.375121997864239e-06,0.00015650576125227815,-5.248142020708968e-05
437,853,1252.0,0.00015647119368220313,-5.140724101572209e-05,-4.594225711133937e-06,0.00015649657430094344,-5.14326216344624e-05
440,854,1152.0,0.0001789992824361773,-6.967274756096918e-05,-1.2477744984005362e-06,0.00017900084768197405,-6.967431280676593e-05
441,854,1153.0,0.0001789992824361773,-7.287045400020826e-05,-1.6783618005731908e-06,0.00017900207839243628,-7.287324995646722e-05
442,854,1253.0,0.00017856568499754122,-7.287045400020826e-05,-4.898422667596811e-06,0.00017858954022817547,-7.289430923084251e-05
443,854,1263.0,0.00017856568499754122,-6.967274756096918e-05,-4.467835365424156e-06,0.00017858578657523923,-6.96928491386672e-05
444,855,1263.0,0.00017856568499754122,-6.902002782256611e-05,-6.826484969827459e-06,0.00017861273137500182,-6.906707420002673e-05
445,855,1253.0,0.00017856568499754122,-7.208184959935956e-05,-8.08625271531355e-06,0.00017863088659436535,-7.214705119618368e-05
446,855,1254.0,0.0001772971098862688,-7.208184959935956e-05,-1.1169480488932605e-05,0.00017742211520881801,-7.220685492190877e-05
447,855,1264.0,0.0001772971098862688,-6.902002782256611e-05,-9.909712743446947e-06,0.00017739674028826062,-6.911965822455795e-05
451,856,1265.0,0.00017528886358614054,-6.775966111589616e-05,-1.468291720879266e-05,0.00017551041576030084,-6.798121329005646e-05
450,856,1255.0,0.00017528886358614054,-7.05575125357656e-05,-1.667722178584673e-05,0.00017557136774227632,-7.084001669190137e-05
448,856,1264.0,0.0001772971098862688,-6.775966111589616e-05,-1.186550665530561e-05,0.00017744065603847307,-6.790320726810043e-05
449,856,1254.0,0.0001772971098862688,-7.05575125357656e-05,-1.385981123235968e-05,0.00017749071575146996,-7.075111840096675e-05
452,857,1265.0,0.00017528886358614054,-6.597993930938825e-05,-1.599315693301623e-05,0.00017555361052177626,-6.624468624502398e-05
453,857,1255.0,0.00017528886358614054,-6.84007656691211e-05,-1.8568470075266963e-05,0.00017564206805814874,-6.875397014112929e-05
454,857,1256.0,0.0001726955457561686,-6.84007656691211e-05,-2.1006221065220446e-05,0.00017315223778352257,-6.885745769647508e-05
455,857,1266.0,0.0001726955457561686,-6.597993930938825e-05,-1.8430907922969714e-05,0.00017305083303104422,-6.633522658426386e-05
456,858,1266.0,0.0001726955457561686,-6.380892649199488e-05,-1.889088449869014e-05,0.00017307217512287413,-6.41855558587004e-05
457,858,1256.0,0.0001726955457561686,-6.576113301382387e-05,-2.1840379801547384e-05,0.00017319459446584688,-6.626018172350212e-05
458,858,1257.0,0.00016972543411642067,-6.576113301382387e-05,-2.3806231826488475e-05,0.000170325570280242,-6.63612691776452e-05
459,858,1267.0,0.00016972543411642067,-6.380892649199488e-05,-2.0856736523631233e-05,0.0001701901831693612,-6.427367554493542e-05
463,859,1268.0,0.00016663353571641417,-6.140973466932712e-05,-2.1743002649431305e-05,0.00016715063996618527,-6.19268389190982e-05
460,859,1267.0,0.00016972543411642067,-6.140973466932712e-05,-2.0313738845242034e-05,0.00017017090312217172,-6.185520367507817e-05
461,859,1257.0,0.00016972543411642067,-6.282907618452389e-05,-2.3384172551768438e-05,0.00017031179583112483,-6.341543789922806e-05
462,859,1258.0,0.00016663353571641417,-6.282907618452389e-05,-2.4813436355957275e-05,0.0001673023997010363,-6.349794016914602e-05
464,860,1268.0,0.00016663353571641417,-5.89746260607751e-05,-2.0109878189460313e-05,0.00016708077917027187,-5.942186951463279e-05
465,860,1258.0,0.00016663353571641417,-5.983020516625852e-05,-2.300981870071231e-05,0.0001672165123856525,-6.041318183549686e-05
466,860,1259.0,0.00016371332239026488,-5.983020516625852e-05,-2.387137896228079e-05,0.00016434879975550664,-6.0465682531500296e-05
467,860,1269.0,0.00016371332239026488,-5.89746260607751e-05,-2.0971438451028793e-05,0.00016420597411532327,-5.9467277785833485e-05
468,861,1269.0,0.00016371332239026488,-5.671756682431862e-05,-1.824001803614776e-05,0.00016409000586844197,-5.709425030249571e-05
469,861,1259.0,0.00016371332239026488,-5.7018532861802956e-05,-2.0650369939847514e-05,0.00016419525187215208,-5.750046234369015e-05
470,861,1260.0,0.0001612861202726413,-5.7018532861802956e-05,-2.0953439961446385e-05,0.00016178775878006657,-5.752017136922822e-05
471,861,1270.0,0.0001612861202726413,-5.671756682431862e-05,-1.8543088057747063e-05,0.00016167972190195035,-5.711116845362768e-05
475,862,1271.0,0.00015968656093946982,-5.486438039177218e-05,-1.4598772049643181e-05,0.00015993461162090047,-5.511243107320283e-05
472,862,1270.0,0.0001612861202726413,-5.486438039177218e-05,-1.4797262760110966e-05,0.00016153907255022173,-5.511733266935259e-05
473,862,1260.0,0.0001612861202726413,-5.466726765098763e-05,-1.6385717572257527e-05,0.0001615964955943419,-5.4977642972688207e-05
474,862,1261.0,0.00015968656093946982,-5.466726765098763e-05,-1.618722686178931e-05,0.00015999172671443495,-5.497243342595276e-05
476,863,1271.0,0.00015968656093946982,-5.3639542357132044e-05,-1.0026104623860575e-05,0.00015980430007495294,-5.375728149261517e-05
477,863,1261.0,0.00015968656093946982,-5.305514323533059e-05,-1.0467055492112756e-05,0.00015981522991422422,-5.3183812210085005e-05
478,863,1262.0,0.00015924252748545547,-5.305514323533059e-05,-9.8785709709121e-06,0.00015935738201711662,-5.3169997766991755e-05
479,863,1272.0,0.00015924252748545547,-5.3639542357132044e-05,-9.437620102659486e-06,0.00015934707475045702,-5.37440896221336e-05
483,864,1099.0,0.0001602491895672611,-5.3249076072203446e-05,-3.529591937142043e-06,0.00016026377653367867,-5.326366303862103e-05
480,864,1272.0,0.00015924252748545547,-5.3249076072203446e-05,-4.337423531237516e-06,0.00015926465928185204,-5.327120786860003e-05
481,864,1262.0,0.00015924252748545547,-5.244685263701464e-05,-3.337749936836547e-06,0.00015925568341505438,-5.246000856661356e-05
482,864,1098.0,0.0001602491895672611,-5.244685263701464e-05,-2.529918342741508e-06,0.00016025671234528959,-5.245437541504315e-05
484,865,1151.0,0.00017614912801008561,-6.691384052457792e-05,-9.053683229401192e-07,0.00017614997109301385,-6.691468360750616e-05
485,865,1152.0,0.00017614912801008561,-6.967274756096918e-05,-1.2477744984005362e-06,0.0001761507114037184,-6.967433095460198e-05
486,865,1263.0,0.00017580432645458504,-6.967274756096918e-05,-4.025982094541924e-06,0.0001758208325194486,-6.968925362583274e-05
487,865,1273.0,0.00017580432645458504,-6.691384052457792e-05,-3.6835759190815068e-06,0.00017581830145954394,-6.69278155295368e-05
488,866,1273.0,0.00017580432645458504,-6.637862055860836e-05,-5.3843563882875756e-06,0.0001758342498166995,-6.640854392072284e-05
489,866,1263.0,0.00017580432645458504,-6.902002782256611e-05,-6.384631698945226e-06,0.0001758459446524089,-6.906164602038997e-05
490,866,1264.0,0.00017479705299873515,-6.902002782256611e-05,-9.044518826743873e-06,0.00017488090192142395,-6.910387674525492e-05
491,866,1274.0,0.00017479705299873515,-6.637862055860836e-05,-8.044243516086222e-06,0.0001748641118621222,-6.644567942199544e-05
492,867,1274.0,0.00017479705299873515,-6.534651177518986e-05,-9.421923981774681e-06,0.0001748894336907109,-6.54388924671656e-05
493,867,1264.0,0.00017479705299873515,-6.775966111589616e-05,-1.1000312738602535e-05,0.00017492170912728944,-6.788431724445045e-05
494,867,1265.0,0.00017320762226546212,-6.775966111589616e-05,-1.343034381269927e-05,0.00017339461266386994,-6.794665151430398e-05
495,867,1275.0,0.00017320762226546212,-6.534651177518986e-05,-1.1851955055871416e-05,0.0001733547400932352,-6.549362960296295e-05
498,868,1266.0,0.00017116639052113967,-6.597993930938825e-05,-1.6842513956585176e-05,0.0001714650599785177,-6.627860876676626e-05
499,868,1276.0,0.00017116639052113967,-6.389261228682182e-05,-1.4815463898511672e-05,0.0001713996089944628,-6.412583076014493e-05
497,868,1265.0,0.00017320762226546212,-6.597993930938825e-05,-1.4740583536922841e-05,0.00017343451416761482,-6.620683121154096e-05
496,868,1275.0,0.00017320762226546212,-6.389261228682182e-05,-1.2713533478848904e-05,0.0001733779277882913,-6.406291780965099e-05
500,869,1276.0,0.00017116639052113967,-6.21257582735916e-05,-1.5001008427491941e-05,0.00017140728817701946,-6.23666559294714e-05
501,869,1266.0,0.00017116639052113967,-6.380892649199488e-05,-1.7302490532305603e-05,0.00017148447867410894,-6.412701464496413e-05
502,869,1267.0,0.00016884881014249094,-6.380892649199488e-05,-1.899743207835463e-05,0.0001692359699035003,-6.419608625300422e-05
503,869,1277.0,0.00016884881014249094,-6.21257582735916e-05,-1.6695949973540968e-05,0.0001691501328875029,-6.242708101860355e-05
504,870,1277.0,0.00016884881014249094,-6.018412355478453e-05,-1.6090956179726397e-05,0.0001691310841283659,-6.04663975406595e-05
505,870,1267.0,0.00016884881014249094,-6.140973466932712e-05,-1.8454434399965865e-05,0.00016921798318919254,-6.17789077160287e-05
506,870,1268.0,0.00016646879767444767,-6.140973466932712e-05,-1.9688619554964967e-05,0.00016689327930221592,-6.183421629709537e-05
507,870,1278.0,0.00016646879767444767,-6.018412355478453e-05,-1.7325141334725933e-05,0.0001667993949401198,-6.051472082045668e-05
511,871,1279.0,0.00016427030922558372,-5.822942030815696e-05,-1.6622698832036067e-05,0.00016458034289790202,-5.8539453980475245e-05
510,871,1269.0,0.00016427030922558372,-5.89746260607751e-05,-1.8805914103429012e-05,0.00016466565661228704,-5.936997344747842e-05
508,871,1278.0,0.00016646879767444767,-5.822942030815696e-05,-1.5872279823601464e-05,0.00016674874624751992,-5.8509368881229224e-05
509,871,1268.0,0.00016646879767444767,-5.89746260607751e-05,-1.805549509499441e-05,0.00016682973059438158,-5.933555898070901e-05
512,872,1279.0,0.00016427030922558372,-5.643944071363988e-05,-1.4332853429281818e-05,0.00016450275767694532,-5.6671889165001475e-05
513,872,1269.0,0.00016427030922558372,-5.671756682431862e-05,-1.607449368854711e-05,0.00016456223526774868,-5.70094928664836e-05
514,872,1270.0,0.00016251648492697068,-5.671756682431862e-05,-1.6354565493498056e-05,0.00016282106891463738,-5.702215081198532e-05
515,872,1280.0,0.00016251648492697068,-5.643944071363988e-05,-1.4612925234232764e-05,0.000162760027470288,-5.66829832569572e-05
516,873,1280.0,0.00016251648492697068,-5.499848733472878e-05,-1.1575071931136174e-05,0.0001626703680926949,-5.515237050045302e-05
517,873,1270.0,0.00016251648492697068,-5.486438039177218e-05,-1.2608740195861959e-05,0.00016269916756248297,-5.504706302728446e-05
518,873,1271.0,0.00016147558540151622,-5.486438039177218e-05,-1.2473695077377858e-05,0.00016165523779304987,-5.504403278330581e-05
519,873,1281.0,0.00016147558540151622,-5.499848733472878e-05,-1.144002681265164e-05,0.00016162662307810964,-5.51495250113222e-05
522,874,1272.0,0.00016140307506462602,-5.3639542357132044e-05,-7.452173804283705e-06,0.00016146761835345215,-5.370408564595818e-05
523,874,1282.0,0.00016140307506462602,-5.408527795996434e-05,-7.380167205880625e-06,0.00016146624658255237,-5.414844947789068e-05
520,874,1281.0,0.00016147558540151622,-5.408527795996434e-05,-7.829021053192171e-06,0.00016154664812836195,-5.415634068681005e-05
521,874,1271.0,0.00016147558540151622,-5.3639542357132044e-05,-7.901027651595685e-06,0.0001615481107497994,-5.3712067705415225e-05
524,875,1282.0,0.00016140307506462602,-5.385819737861101e-05,-3.4610442625265456e-06,0.00016141698612858612,-5.387210844257113e-05
525,875,1272.0,0.00016140307506462602,-5.3249076072203446e-05,-2.351977232861735e-06,0.00016140951761697023,-5.325551862454765e-05
526,875,1099.0,0.00016251990082417596,-5.3249076072203446e-05,-1.738594680238039e-06,0.0001625234030218089,-5.325257826983639e-05
527,875,1100.0,0.00016251990082417596,-5.385819737861101e-05,-2.847661709902416e-06,0.0001625292696399001,-5.3867566194335155e-05
528,876,1150.0,0.0001738141648655379,-6.456046488944268e-05,-6.362893296748412e-07,0.00017381458947384278,-6.456088949774759e-05
529,876,1151.0,0.0001738141648655379,-6.691384052457792e-05,-9.053683229401192e-07,0.00017381501612596798,-6.6914691785008e-05
530,876,1273.0,0.0001735432048031258,-6.691384052457792e-05,-3.2751958640537746e-06,0.00017355435690978935,-6.692499263124147e-05
531,876,1283.0,0.0001735432048031258,-6.456046488944268e-05,-3.0061168707884965e-06,0.00017355269266462585,-6.45699527509427e-05
535,877,1284.0,0.00017275306367348867,-6.412601879972038e-05,-6.459671221658008e-06,0.00017279709415216594,-6.417004927839764e-05
532,877,1283.0,0.0001735432048031258,-6.412601879972038e-05,-4.191320934731225e-06,0.00017356168195941304,-6.41444959560076e-05
533,877,1273.0,0.0001735432048031258,-6.637862055860836e-05,-4.975976333259843e-06,0.00017356900245446138,-6.640441820994394e-05
534,877,1274.0,0.00017275306367348867,-6.637862055860836e-05,-7.244326620186627e-06,0.0001728079165393906,-6.643347342451031e-05
536,878,1284.0,0.00017275306367348867,-6.328952346099608e-05,-7.388592650315207e-06,0.00017281086885205854,-6.334732863956595e-05
537,878,1274.0,0.00017275306367348867,-6.534651177518986e-05,-8.622007085875086e-06,0.00017283109263676214,-6.542454073846333e-05
538,878,1275.0,0.00017151102672224383,-6.534651177518986e-05,-1.0693375330683621e-05,0.00017163165837777677,-6.54671434307228e-05
539,878,1285.0,0.00017151102672224383,-6.328952346099608e-05,-9.459960895123742e-06,0.00017160627199894413,-6.338476873769637e-05
543,879,1286.0,0.0001699261587046392,-6.21143783384319e-05,-1.1771755082923968e-05,0.00017007536234443484,-6.226358197822751e-05
541,879,1275.0,0.00017151102672224383,-6.389261228682182e-05,-1.1554953753661109e-05,0.00017165273717901152,-6.403432274358952e-05
540,879,1285.0,0.00017151102672224383,-6.21143783384319e-05,-9.981089035924519e-06,0.00017161758268693307,-6.222093430312113e-05
542,879,1276.0,0.0001699261587046392,-6.389261228682182e-05,-1.3345619800660558e-05,0.00017011643507415606,-6.408288865633869e-05
544,880,1286.0,0.0001699261587046392,-6.06922273572707e-05,-1.176216487558954e-05,0.00017007603689847008,-6.084210555110159e-05
545,880,1276.0,0.0001699261587046392,-6.21257582735916e-05,-1.353116432964126e-05,0.00017012324502741502,-6.23228445963674e-05
546,880,1277.0,0.0001681447943254191,-6.21257582735916e-05,-1.4974715318307255e-05,0.0001683879925056863,-6.23689564538588e-05
547,880,1287.0,0.0001681447943254191,-6.06922273572707e-05,-1.3205715864254668e-05,0.0001683351546765906,-6.088258770844222e-05
548,881,1287.0,0.0001681447943254191,-5.9138845859507466e-05,-1.2581698022245263e-05,0.00016831878181348714,-5.931283334757552e-05
549,881,1277.0,0.0001681447943254191,-6.018412355478453e-05,-1.436972152449225e-05,0.00016837065800597893,-6.0409987235344374e-05
550,881,1278.0,0.00016634427116348893,-6.018412355478453e-05,-1.5422306514919094e-05,0.00016660645967111668,-6.04463120624123e-05
551,881,1288.0,0.00016634427116348893,-5.9138845859507466e-05,-1.363428301267254e-05,0.0001665501890909045,-5.934476378692305e-05
555,882,1289.0,0.00016472480594489523,-5.758862269586803e-05,-1.3006499778133243e-05,0.00016491488052128682,-5.7778697272259626e-05
552,882,1288.0,0.00016634427116348893,-5.758862269586803e-05,-1.2361222497613445e-05,0.00016651472803209347,-5.775907956447258e-05
553,882,1278.0,0.00016634427116348893,-5.822942030815696e-05,-1.3969445003794625e-05,0.0001665613012441418,-5.844645038880983e-05
554,882,1279.0,0.00016472480594489523,-5.822942030815696e-05,-1.4614722284314423e-05,0.00016496404917627316,-5.8468663539534905e-05
556,883,1289.0,0.00016472480594489523,-5.618748395961031e-05,-1.1107732347079464e-05,0.00016486434529897813,-5.632702331369321e-05
557,883,1279.0,0.00016472480594489523,-5.643944071363988e-05,-1.2324876881560174e-05,0.00016489638073693532,-5.661101550567997e-05
558,883,1280.0,0.00016349915263385315,-5.643944071363988e-05,-1.2578595007113526e-05,0.00016367885266006175,-5.661914073984848e-05
559,883,1290.0,0.00016349915263385315,-5.618748395961031e-05,-1.1361450472632817e-05,0.00016364594850038449,-5.633427982614165e-05
562,884,1281.0,0.00016287971039158746,-5.499848733472878e-05,-9.45458361185968e-06,0.00016298222995430998,-5.510100689745129e-05
563,884,1291.0,0.00016287971039158746,-5.5084047296935794e-05,-8.839441684849788e-06,0.00016296929366620589,-5.517363057155421e-05
560,884,1290.0,0.00016349915263385315,-5.5084047296935794e-05,-8.925599777007479e-06,0.00016359023139704277,-5.5175126060125405e-05
561,884,1280.0,0.00016349915263385315,-5.499848733472878e-05,-9.54074170401737e-06,0.00016360325261983874,-5.510258732071436e-05
564,885,1291.0,0.00016287971039158746,-5.441887592036042e-05,-6.025483653512853e-06,0.00016292147260176337,-5.446063813053633e-05
565,885,1281.0,0.00016287971039158746,-5.408527795996434e-05,-5.843577852399778e-06,0.00016291904993201136,-5.4124617500388224e-05
566,885,1282.0,0.00016306288785417717,-5.408527795996434e-05,-5.507647785646819e-06,0.00016309780561069855,-5.412019571648573e-05
567,885,1292.0,0.00016306288785417717,-5.441887592036042e-05,-5.6895535867594604e-06,0.00016310009267845655,-5.44560807446398e-05
568,886,1292.0,0.00016306288785417717,-5.431190343580742e-05,-2.7286228454063456e-06,0.0001630714503573571,-5.432046593898735e-05
569,886,1282.0,0.00016306288785417717,-5.385819737861101e-05,-1.5885248422931736e-06,0.0001630657960285277,-5.386110555296156e-05
570,886,1100.0,0.0001642109560193311,-5.385819737861101e-05,-1.131647030752029e-06,0.00016421242415038106,-5.385966550966097e-05
571,886,1101.0,0.0001642109560193311,-5.431190343580742e-05,-2.2717450338656346e-06,0.00016421686007678325,-5.4317807493259557e-05
575,887,1293.0,0.00017171098609223895,-6.257470848023813e-05,-2.4273413757724266e-06,0.00017171727310440503,-6.25809954924042e-05
573,887,1150.0,0.0001719210415463959,-6.456046488944268e-05,-6.362893296748412e-07,0.00017192146955383755,-6.456089289688435e-05
572,887,1149.0,0.0001719210415463959,-6.257470848023813e-05,-4.2769315734044605e-07,0.0001719212365619609,-6.257490349580312e-05
574,887,1283.0,0.00017171098609223895,-6.456046488944268e-05,-2.6359375481068217e-06,0.00017171833775336956,-6.45678165505733e-05
576,888,1293.0,0.00017171098609223895,-6.222589167849094e-05,-3.214137625095863e-06,0.00017172202560136683,-6.223693118761884e-05
577,888,1283.0,0.00017171098609223895,-6.412601879972038e-05,-3.82114161204955e-06,0.00017172646305807827,-6.414149576555972e-05
578,888,1284.0,0.00017109973537242406,-6.412601879972038e-05,-5.734562438857935e-06,0.0001711346808673704,-6.416096429466672e-05
579,888,1294.0,0.00017109973537242406,-6.222589167849094e-05,-5.1275584519042475e-06,0.00017112790274778465,-6.225405905385152e-05
580,889,1294.0,0.00017109973537242406,-6.155541241189552e-05,-5.713596119009262e-06,0.00017113480902142622,-6.159048606089768e-05
581,889,1284.0,0.00017109973537242406,-6.328952346099608e-05,-6.663483867515134e-06,0.00017114708507766997,-6.333687316624199e-05
583,889,1295.0,0.00017014320246878803,-6.155541241189552e-05,-7.459838535159736e-06,0.00017020323171945443,-6.161544166256191e-05
582,889,1285.0,0.00017014320246878803,-6.328952346099608e-05,-8.409726283665608e-06,0.0001702189208184867,-6.336524181069473e-05
584,890,1295.0,0.00017014320246878803,-6.061631194386808e-05,-7.727868047343982e-06,0.0001702078836695591,-6.068099314463913e-05
585,890,1285.0,0.00017014320246878803,-6.21143783384319e-05,-8.930854424466384e-06,0.00017022902388655502,-6.220019975619888e-05
586,890,1286.0,0.0001689317997354469,-6.21143783384319e-05,-1.0439401619690737e-05,0.00016904966095913503,-6.223223956212002e-05
587,890,1296.0,0.0001689317997354469,-6.061631194386808e-05,-9.236415242568335e-06,0.000169024674452491,-6.070918666091217e-05
588,891,1296.0,0.0001689317997354469,-5.94849895372082e-05,-9.093661783616137e-06,0.00016902227244506391,-5.9575462246825206e-05
589,891,1286.0,0.0001689317997354469,-6.06922273572707e-05,-1.042981141235631e-05,0.0001690501724935533,-6.081060011537712e-05
590,891,1287.0,0.00016758630408460987,-6.06922273572707e-05,-1.1645493549657538e-05,0.0001677347295614499,-6.084065283411074e-05
591,891,1297.0,0.00016758630408460987,-5.94849895372082e-05,-1.0309343920916932e-05,0.00016770325838688,-5.9601943839478335e-05
595,892,1298.0,0.0001662520431831081,-5.825740059979941e-05,-1.0584095695366676e-05,0.0001663767160103918,-5.838207342708311e-05
592,892,1297.0,0.00016758630408460987,-5.825740059979941e-05,-9.69648408547831e-06,0.00016769033456266746,-5.836143107785701e-05
593,892,1287.0,0.00016758630408460987,-5.9138845859507466e-05,-1.1021475707648134e-05,0.0001677201679817474,-5.9272709756645e-05
594,892,1288.0,0.0001662520431831081,-5.9138845859507466e-05,-1.19090873175365e-05,0.00016640924509084664,-5.929604776724599e-05
599,893,1299.0,0.00016509134928832311,-5.704394742381394e-05,-1.0031882066488616e-05,0.00016520455439091567,-5.715715252640651e-05
598,893,1289.0,0.00016509134928832311,-5.758862269586803e-05,-1.118451247390101e-05,0.00016523170152023793,-5.7728974927782846e-05
597,893,1288.0,0.0001662520431831081,-5.758862269586803e-05,-1.0636026802477404e-05,0.00016637831747392227,-5.771489698668218e-05
596,893,1298.0,0.0001662520431831081,-5.704394742381394e-05,-9.483396395064576e-06,0.00016635268794778455,-5.7144592188490364e-05
600,894,1299.0,0.00016509134928832311,-5.596299583767556e-05,-8.474175511777055e-06,0.00016517253439969723,-5.60441809490497e-05
601,894,1289.0,0.00016509134928832311,-5.618748395961031e-05,-9.28574504284723e-06,0.00016518872319100058,-5.6284857862287776e-05
602,894,1290.0,0.00016427410223857552,-5.618748395961031e-05,-9.511803622341657e-06,0.00016437665110505766,-5.629003282609246e-05
603,894,1300.0,0.00016427410223857552,-5.596299583767556e-05,-8.700234091271047e-06,0.00016435999213361088,-5.6048885732710906e-05
606,895,1291.0,0.00016396627309197718,-5.5084047296935794e-05,-7.026713481423502e-06,0.00016402260947065965,-5.5140383675618244e-05
604,895,1300.0,0.00016427410223857552,-5.513294466957043e-05,-6.770262308154491e-06,0.00016432631745528297,-5.518515988627788e-05
605,895,1290.0,0.00016427410223857552,-5.5084047296935794e-05,-7.075952926716318e-06,0.00016433115059974316,-5.514109565810342e-05
607,895,1301.0,0.00016396627309197718,-5.513294466957043e-05,-6.721022862861675e-06,0.00016401780400003628,-5.518447557762954e-05
609,896,1291.0,0.00016396627309197718,-5.441887592036042e-05,-4.212755450086567e-06,0.00016398658772626552,-5.443919055464877e-05
610,896,1292.0,0.00016431649796738767,-5.441887592036042e-05,-3.967050847151696e-06,0.0001643344833968149,-5.443686134978766e-05
611,896,1302.0,0.00016431649796738767,-5.46628735823251e-05,-4.314842666032492e-06,0.0001643377511798532,-5.468412679479063e-05
608,896,1301.0,0.00016396627309197718,-5.46628735823251e-05,-4.560547268967364e-06,0.0001639900534635385,-5.468665395388643e-05
615,897,1102.0,0.0001654409936911799,-5.464192956607778e-05,-1.7904689125964636e-06,0.00016544463518893617,-5.4645571063834054e-05
614,897,1101.0,0.0001654409936911799,-5.431190343580742e-05,-6.737852029010429e-07,0.00016544151016381644,-5.431241990844397e-05
612,897,1302.0,0.00016431649796738767,-5.464192956607778e-05,-2.122803815493568e-06,0.0001643216429967484,-5.464707459543852e-05
613,897,1292.0,0.00016431649796738767,-5.431190343580742e-05,-1.006120105798581e-06,0.00016431765549346997,-5.431306096188972e-05
616,898,1148.0,0.0001704028239299213,-6.0916607069580787e-05,-2.6852039863509147e-07,0.00017040290185590864,-6.0916684995568125e-05
617,898,1149.0,0.0001704028239299213,-6.257470848023813e-05,-4.2769315734044605e-07,0.0001704030202163194,-6.257490476663625e-05
618,898,1293.0,0.00017024253843119256,-6.257470848023813e-05,-2.097385972320894e-06,0.00017024726202740997,-6.257943207645555e-05
619,898,1303.0,0.00017024253843119256,-6.0916607069580787e-05,-1.9382132136155396e-06,0.0001702466012213844,-6.092066985977263e-05
620,899,1303.0,0.00017024253843119256,-6.063984457242274e-05,-2.422148113381123e-06,0.00017024889084318076,-6.064619698441092e-05
621,899,1293.0,0.00017024253843119256,-6.222589167849094e-05,-2.8841822216443304e-06,0.0001702514839329492,-6.223483718024758e-05
622,899,1294.0,0.00016977727412163844,-6.222589167849094e-05,-4.4813177978433524e-06,0.0001697989121199004,-6.224752967675287e-05
623,899,1304.0,0.00016977727412163844,-6.063984457242274e-05,-4.019283689580145e-06,0.0001697948003939788,-6.0657370844763086e-05
626,900,1295.0,0.000169053054846555,-6.155541241189552e-05,-6.524016658538637e-06,0.00016909918745499361,-6.160154502033413e-05
627,900,1305.0,0.000169053054846555,-6.0108863706486066e-05,-5.8048250857725865e-06,0.00016908980897985937,-6.0145617839790465e-05
624,900,1304.0,0.00016977727412163844,-6.0108863706486066e-05,-4.348163892182316e-06,0.00016979783303695177,-6.0129422621799406e-05
625,900,1294.0,0.00016977727412163844,-6.155541241189552e-05,-5.067355464948367e-06,0.0001698050209699573,-6.158315926021439e-05
628,901,1305.0,0.000169053054846555,-5.936760107900878e-05,-5.889376718521203e-06,0.00016909101003454683,-5.9405556267000606e-05
629,901,1295.0,0.000169053054846555,-6.061631194386808e-05,-6.792046170722883e-06,0.0001691032594187118,-6.06665165160249e-05
630,901,1296.0,0.0001681440745961299,-6.061631194386808e-05,-8.049487099824008e-06,0.00016821486285588836,-6.0687100203626535e-05
631,901,1306.0,0.0001681440745961299,-5.936760107900878e-05,-7.146817647622327e-06,0.00016820018645080274,-5.942371293368162e-05
634,902,1297.0,0.0001671489372114649,-5.94849895372082e-05,-8.919670394661686e-06,0.00016723666650179757,-5.957271882754087e-05
632,902,1306.0,0.0001681440745961299,-5.8479083847532494e-05,-6.918503770153486e-06,0.00016819686547950297,-5.8531874730905574e-05
633,902,1296.0,0.0001681440745961299,-5.94849895372082e-05,-7.90673364087181e-06,0.00016821271432745637,-5.955362926853466e-05
635,902,1307.0,0.0001671489372114649,-5.8479083847532494e-05,-7.931440523943362e-06,0.00016721861863499394,-5.854876527106152e-05
636,903,1307.0,0.0001671489372114649,-5.752197009774605e-05,-7.349930844045751e-06,0.0001672090329288834,-5.758206581516455e-05
639,903,1308.0,0.00016618536817101766,-5.752197009774605e-05,-8.090502571024387e-06,0.0001662584936694971,-5.759509559622548e-05
637,903,1297.0,0.0001671489372114649,-5.825740059979941e-05,-8.306810559222631e-06,0.000167225443144822,-5.833390653315654e-05
638,903,1298.0,0.00016618536817101766,-5.825740059979941e-05,-9.047382286201267e-06,0.0001662765071075245,-5.8348539536306234e-05
641,904,1298.0,0.00016618536817101766,-5.704394742381394e-05,-7.946682985899168e-06,0.0001662560687598014,-5.711464801259765e-05
643,904,1309.0,0.00016538339003953914,-5.658592629974481e-05,-7.6114954212489795e-06,0.00016544862185034336,-5.665115811054901e-05
642,904,1299.0,0.00016538339003953914,-5.704394742381394e-05,-8.407906029949622e-06,0.00016546281783101272,-5.71233752152875e-05
640,904,1308.0,0.00016618536817101766,-5.658592629974481e-05,-7.150272377198525e-06,0.00016624272883120528,-5.664328695993244e-05
644,905,1309.0,0.00016538339003953914,-5.5765822355645974e-05,-6.347230352280082e-06,0.00016542892382124196,-5.581135613734879e-05
645,905,1299.0,0.00016538339003953914,-5.596299583767556e-05,-6.850199475238062e-06,0.0001654363771282354,-5.601598292637182e-05
646,905,1300.0,0.0001648769047755119,-5.596299583767556e-05,-7.04875135157856e-06,0.00016493313583673485,-5.601922689889851e-05
647,905,1310.0,0.0001648769047755119,-5.5765822355645974e-05,-6.545782228620581e-06,0.00016492544233888558,-5.581435991901967e-05
648,906,1310.0,0.0001648769047755119,-5.515478703113896e-05,-5.036179230919532e-06,0.00016490571855695143,-5.5183600812578484e-05
649,906,1300.0,0.0001648769047755119,-5.513294466957043e-05,-5.1187795684620035e-06,0.0001649066743056453,-5.516271419970384e-05
650,906,1301.0,0.000164793726998071,-5.513294466957043e-05,-5.096784511984462e-06,0.00016482325243620758,-5.5162470107707006e-05
651,906,1311.0,0.000164793726998071,-5.515478703113896e-05,-5.01418417444199e-06,0.0001648223004772683,-5.518336051033627e-05
655,907,1312.0,0.0001652442005080244,-5.4836182581152835e-05,-3.209134571838159e-06,0.00016525589850352863,-5.4847880576657055e-05
653,907,1301.0,0.000164793726998071,-5.46628735823251e-05,-2.936308918090151e-06,0.00016480354844362844,-5.4672695027882545e-05
654,907,1302.0,0.0001652442005080244,-5.46628735823251e-05,-2.761788356045805e-06,0.0001652528714139249,-5.467154448822559e-05
652,907,1311.0,0.000164793726998071,-5.4836182581152835e-05,-3.383655133882505e-06,0.00016480675851413972,-5.484921409722155e-05
656,908,1312.0,0.0001652442005080244,-5.4874733877802824e-05,-1.6268985273629882e-06,0.0001652472065677713,-5.487773993754973e-05
657,908,1302.0,0.0001652442005080244,-5.464192956607778e-05,-5.697495055068807e-07,0.0001652445695785452,-5.464229863659859e-05
658,908,1102.0,0.00016630873981473508,-5.464192956607778e-05,-3.353177125630345e-07,0.00016630886703533133,-5.4642056786674046e-05
659,908,1103.0,0.00016630873981473508,-5.4874733877802824e-05,-1.392466734419142e-06,0.00016631093137132202,-5.487692543438977e-05
660,909,1147.0,0.0001691993496068028,-5.954625725263279e-05,-1.493305983174542e-07,0.00016919937397844595,-5.954628162427596e-05
661,909,1148.0,0.0001691993496068028,-6.0916607069580787e-05,-2.6852039863509147e-07,0.00016919942794033188,-6.091668540310987e-05
662,909,1303.0,0.00016907932657809653,-6.0916607069580787e-05,-1.6484500149184858e-06,0.00016908228027439815,-6.09195607658824e-05
663,909,1313.0,0.00016907932657809653,-5.954625725263279e-05,-1.5292602146008485e-06,0.0001690818838276032,-5.9548814502139474e-05
665,910,1303.0,0.00016907932657809653,-6.063984457242274e-05,-2.132384914684069e-06,0.00016908427497601977,-6.0644792970345986e-05
667,910,1314.0,0.00016873197964699122,-5.932952521906371e-05,-3.106929655814685e-06,0.00016874256074446024,-5.934010631653275e-05
664,910,1313.0,0.00016907932657809653,-5.932952521906371e-05,-1.7874495171570602e-06,0.00016908282351663122,-5.9333022157598424e-05
666,910,1304.0,0.00016873197964699122,-6.063984457242274e-05,-3.451865053341694e-06,0.00016874496587341496,-6.0652830798846495e-05
670,911,1305.0,0.00016819479921704062,-6.0108863706486066e-05,-4.983372187208207e-06,0.00016822199002147065,-6.013605451091611e-05
671,911,1315.0,0.00016819479921704062,-5.891458569718205e-05,-4.449920991463335e-06,0.00016821659476795277,-5.8936381248094204e-05
669,911,1304.0,0.00016873197964699122,-6.0108863706486066e-05,-3.7807452559438653e-06,0.00016874759427593414,-6.012447833542899e-05
668,911,1314.0,0.00016873197964699122,-5.891458569718205e-05,-3.247294060198993e-06,0.00016874355942015062,-5.892616547034146e-05
672,912,1315.0,0.00016819479921704062,-5.833745136929827e-05,-4.405767134225795e-06,0.00016821621884800754,-5.83588710002652e-05
673,912,1305.0,0.00016819479921704062,-5.936760107900878e-05,-5.067923819956823e-06,0.00016822301199293042,-5.939581385489859e-05
674,912,1306.0,0.00016752801322074016,-5.936760107900878e-05,-6.1052755757117286e-06,0.00016756907576555847,-5.9408663623827085e-05
675,912,1316.0,0.00016752801322074016,-5.833745136929827e-05,-5.4431188899807005e-06,0.0001675608018134285,-5.83702399619866e-05
676,913,1316.0,0.00016752801322074016,-5.76495543397259e-05,-5.165136997732286e-06,0.00016755762888377484,-5.767917000276057e-05
677,913,1306.0,0.00016752801322074016,-5.8479083847532494e-05,-5.876961698242887e-06,0.00016756621206785922,-5.851728269465155e-05
678,913,1307.0,0.00016681121301888877,-5.8479083847532494e-05,-6.712289438641321e-06,0.00016686119834449258,-5.85290691731363e-05
679,913,1317.0,0.00016681121301888877,-5.76495543397259e-05,-6.00046473813072e-06,0.00016685130816225735,-5.768964948309447e-05
682,914,1308.0,0.00016613862826852762,-5.752197009774605e-05,-6.7423457970560395e-06,0.0001661894294647742,-5.757277129399262e-05
683,914,1318.0,0.00016613862826852762,-5.691464969620968e-05,-6.074430289871886e-06,0.00016617997698218322,-5.695599840986528e-05
680,914,1317.0,0.00016681121301888877,-5.691464969620968e-05,-5.462864251559556e-06,0.00016684455565364688,-5.694799233096777e-05
681,914,1307.0,0.00016681121301888877,-5.752197009774605e-05,-6.13077975874371e-06,0.00016685309207185346,-5.756384915071074e-05
684,915,1318.0,0.00016613862826852762,-5.6204706571918507e-05,-5.28022303770059e-06,0.0001661699726142844,-5.623605091767529e-05
685,915,1308.0,0.00016613862826852762,-5.658592629974481e-05,-5.802115603230178e-06,0.0001661764090556382,-5.6623707086855365e-05
686,915,1309.0,0.00016561308468521782,-5.658592629974481e-05,-6.186002240103541e-06,0.00016565613079473333,-5.662897240926032e-05
687,915,1319.0,0.00016561308468521782,-5.620470469513522e-05,-5.6641071052437875e-06,0.00016564923697200904,-5.624085698192645e-05
690,916,1310.0,0.00016533865906767772,-5.5765822355645974e-05,-5.093927952316835e-06,0.00016536799436153802,-5.579515764950627e-05
688,916,1319.0,0.00016561308468521782,-5.559482780561134e-05,-4.6492180230880975e-06,0.00016563751062174665,-5.5619253742140184e-05
689,916,1309.0,0.00016561308468521782,-5.5765822355645974e-05,-4.921737171134644e-06,0.00016564043655063187,-5.579317422106002e-05
691,916,1320.0,0.00016533865906767772,-5.559482780561134e-05,-4.8214088042702885e-06,0.00016536496021399288,-5.562112895192652e-05
693,917,1310.0,0.00016533865906767772,-5.515478703113896e-05,-3.5843249546157856e-06,0.0001653532247350172,-5.5169352698478414e-05
695,917,1321.0,0.00016541213655544293,-5.515723269530775e-05,-3.6548292116074348e-06,0.00016542727562466833,-5.5172371764533146e-05
694,917,1311.0,0.00016541213655544293,-5.515478703113896e-05,-3.581862181248601e-06,0.0001654266773700126,-5.516932784570864e-05
692,917,1320.0,0.00016533865906767772,-5.5157232707347926e-05,-3.657292344199422e-06,0.00016535382359901118,-5.5172397238681395e-05
696,918,1321.0,0.00016541213655544293,-5.495448214120008e-05,-2.449191320238152e-06,0.0001654189415254154,-5.4961287111172555e-05
697,918,1311.0,0.00016541213655544293,-5.4836182581152835e-05,-1.951333140689116e-06,0.0001654164585252123,-5.4840504550922225e-05
699,918,1322.0,0.00016591347514663445,-5.495448214120008e-05,-2.3300647552662937e-06,0.00016591962027830023,-5.496062727286588e-05
698,918,1312.0,0.00016591347514663445,-5.4836182581152835e-05,-1.832206575717258e-06,0.00016591727687747068,-5.483998431198905e-05
702,919,1103.0,0.0001668956060174396,-5.4874733877802824e-05,-9.144898274315166e-08,0.00016689561544489065,-5.487474330525387e-05
703,919,1104.0,0.0001668956060174396,-5.5032154932039526e-05,-1.0667616676405048e-06,0.00016689688793669724,-5.503343685129719e-05
700,919,1322.0,0.00016591347514663445,-5.5032154932039526e-05,-1.2252832161394403e-06,0.00016591517387610976,-5.5033853661514836e-05
701,919,1312.0,0.00016591347514663445,-5.4874733877802824e-05,-2.499705312420872e-07,0.00016591354589910664,-5.487480463027501e-05
704,920,1146.0,0.00016825732631399514,-5.842524370642578e-05,-6.213774073754452e-08,0.00016825733057226119,-5.842524796469181e-05
705,920,1147.0,0.00016825732631399514,-5.954625725263279e-05,-1.493305983174542e-07,0.00016825735078642096,-5.954628172505862e-05
706,920,1313.0,0.00016816952347900897,-5.954625725263279e-05,-1.278186448975139e-06,0.00016817131710495433,-5.954805087857817e-05
707,920,1323.0,0.00016816952347900897,-5.842524370642578e-05,-1.1909935913952292e-06,0.0001681710884488843,-5.842680867630112e-05
708,921,1323.0,0.00016816952347900897,-5.825802463252636e-05,-1.2849917791850872e-06,0.00016817134656832796,-5.825984772184536e-05
709,921,1313.0,0.00016816952347900897,-5.932952521906371e-05,-1.5363757515313506e-06,0.0001681721173618741,-5.933211910192882e-05
710,921,1314.0,0.00016791638076932465,-5.932952521906371e-05,-2.615372790892856e-06,0.00016792390560053477,-5.9337050050273826e-05
711,921,1324.0,0.00016791638076932465,-5.825802463252636e-05,-2.3639888185465925e-06,0.00016792255773981831,-5.8264201603020034e-05
714,922,1315.0,0.0001675280949567019,-5.891458569718205e-05,-3.738508365146078e-06,0.00016754352434979514,-5.893001509027528e-05
713,922,1314.0,0.00016791638076932465,-5.891458569718205e-05,-2.7557371952771637e-06,0.00016792475022546255,-5.8922955153319965e-05
715,922,1325.0,0.0001675280949567019,-5.793864196299924e-05,-3.3529200232002877e-06,0.00016754055960156047,-5.7951106607857804e-05
712,922,1324.0,0.00016791638076932465,-5.793864196299924e-05,-2.3701488533313733e-06,0.00016792259875250887,-5.794485994618347e-05
716,923,1325.0,0.0001675280949567019,-5.7496286019932056e-05,-3.2225531484352497e-06,0.00016753963183589596,-5.7507822899126096e-05
717,923,1315.0,0.0001675280949567019,-5.833745136929827e-05,-3.6943545079085385e-06,0.00016754320056126945,-5.835255697386582e-05
718,923,1316.0,0.0001670529927715659,-5.833745136929827e-05,-4.541404834323016e-06,0.00016707586670604025,-5.8360325303772625e-05
719,923,1326.0,0.0001670529927715659,-5.7496286019932056e-05,-4.069603474849727e-06,0.0001670714300526811,-5.751472330104725e-05
720,924,1326.0,0.0001670529927715659,-5.697244927061292e-05,-3.768439135685628e-06,0.00016706883933003742,-5.698829582908443e-05
721,924,1316.0,0.0001670529927715659,-5.76495543397259e-05,-4.263422942074602e-06,0.00016707321410395348,-5.766977567211346e-05
722,924,1317.0,0.0001665545466810938,-5.76495543397259e-05,-4.945264186539521e-06,0.00016658181275696816,-5.767682041560025e-05
723,924,1327.0,0.0001665545466810938,-5.697244927061292e-05,-4.450280380150981e-06,0.00016657669504976924,-5.6994597639288376e-05
727,925,1328.0,0.00016610722441681757,-5.641819783531581e-05,-4.463373942526806e-06,0.00016612960354933076,-5.6440576967829004e-05
724,925,1327.0,0.0001665545466810938,-5.641819783531581e-05,-3.963449040070375e-06,0.00016657215834888297,-5.6435809503104994e-05
725,925,1317.0,0.0001665545466810938,-5.691464969620968e-05,-4.407663699968357e-06,0.00016657627854672785,-5.6936381561843724e-05
726,925,1318.0,0.00016610722441681757,-5.691464969620968e-05,-4.907588602424788e-06,0.00016613421897863012,-5.6941644258022225e-05
730,926,1319.0,0.00016579122184195473,-5.6204710729990234e-05,-4.429708551888841e-06,0.0001658133172524412,-5.6226806140476706e-05
729,926,1318.0,0.00016610722441681757,-5.620471227649052e-05,-4.113381196723092e-06,0.00016612625000000255,-5.6223737859675507e-05
731,926,1329.0,0.00016579122184195473,-5.589057940681973e-05,-4.115901286903031e-06,0.0001658103248801877,-5.590968244505271e-05
728,926,1328.0,0.00016610722441681757,-5.589057940681973e-05,-3.7995723868324525e-06,0.00016612348098892052,-5.5906835978922686e-05
732,927,1329.0,0.00016579122184195473,-5.544823457108818e-05,-3.3104843648237153e-06,0.00016580360513642162,-5.546061786555505e-05
733,927,1319.0,0.00016579122184195473,-5.559482780561134e-05,-3.414818598838215e-06,0.00016580438921695698,-5.56079951806136e-05
734,927,1320.0,0.00016568615823138715,-5.559482780561134e-05,-3.5624366328348457e-06,0.00016570049535629972,-5.5609164930523925e-05
735,927,1330.0,0.00016568615823138715,-5.544823457108818e-05,-3.458102398820346e-06,0.0001656996768670855,-5.546175320678652e-05
736,928,1330.0,0.00016568615823138715,-5.51462791952676e-05,-2.5747874206030925e-06,0.00016569366313538158,-5.515378409926202e-05
737,928,1320.0,0.00016568615823138715,-5.5157226552359244e-05,-2.3983184738742523e-06,0.00016569266936361824,-5.5163737684590334e-05
738,928,1321.0,0.00016586386170664618,-5.515722660625428e-05,-2.4093415469102035e-06,0.00016587042754420163,-5.516379244380975e-05
739,928,1331.0,0.00016586386170664618,-5.51462791952676e-05,-2.5858113624132803e-06,0.0001658714249247474,-5.5153842413368845e-05
742,929,1322.0,0.00016638045141983753,-5.495448214120008e-05,-1.1270156007252112e-06,0.00016638188607354416,-5.4955916794906706e-05
740,929,1331.0,0.00016586386170664618,-5.503063962749102e-05,-1.7167067630592323e-06,0.00016586719705179333,-5.503397497263816e-05
741,929,1321.0,0.00016586386170664618,-5.495448214120008e-05,-1.2037058639800813e-06,0.00016586550207879375,-5.495612251334766e-05
743,929,1332.0,0.00016638045141983753,-5.503063962749102e-05,-1.6400164998043622e-06,0.00016638348832419468,-5.503367653184816e-05
747,930,1105.0,0.0001672680642677963,-5.513204020383229e-05,-8.03096508915184e-07,0.00016726878926959167,-5.513276520562765e-05
746,930,1104.0,0.0001672680642677963,-5.5032154932039526e-05,7.834998026236273e-08,0.00016726807117143234,-5.503216183567557e-05
745,930,1322.0,0.00016638045141983753,-5.5032154932039526e-05,-2.2234061597924126e-08,0.00016638045197801883,-5.503215549022082e-05
744,930,1332.0,0.00016638045141983753,-5.513204020383229e-05,-9.036805507754708e-07,0.00016638137307795043,-5.513296186194517e-05
748,931,1145.0,0.00016753015471275556,-5.751760626099489e-05,-2.539396570626351e-10,0.0001675301547128272,-5.7517606261066535e-05
749,931,1146.0,0.00016753015471275556,-5.842524370642578e-05,-6.213774073754452e-08,0.0001675301589847256,-5.8425247978395804e-05
750,931,1323.0,0.00016746783829630274,-5.842524370642578e-05,-9.761202700944195e-07,0.00016746889278447638,-5.842629819459941e-05
751,931,1333.0,0.00016746783829630274,-5.751760626099489e-05,-9.142364690139376e-07,0.0001674687670506857,-5.751853501537785e-05
754,932,1324.0,0.00016728907327547438,-5.825802463252636e-05,-1.9433923970114952e-06,0.0001672932594343167,-5.826221079136868e-05
752,932,1333.0,0.00016746783829630274,-5.739081359258832e-05,-8.925945531035318e-07,0.00016746872409932937,-5.7391699395614956e-05
753,932,1323.0,0.00016746783829630274,-5.825802463252636e-05,-1.0701184578842775e-06,0.00016746910659035726,-5.825929292658089e-05
755,932,1334.0,0.00016728907327547438,-5.739081359258832e-05,-1.7658684922307495e-06,0.0001672925429266984,-5.739428324381233e-05
757,933,1324.0,0.00016728907327547438,-5.793864196299924e-05,-1.949552431796276e-06,0.0001672932919875123,-5.7942860675037155e-05
758,933,1325.0,0.00016701788562582158,-5.793864196299924e-05,-2.7443908696021466e-06,0.00016702625546632919,-5.7947011803506834e-05
759,933,1335.0,0.00016701788562582158,-5.7149321482521584e-05,-2.4750858690610403e-06,0.00016702471742723025,-5.715615328393023e-05
756,933,1334.0,0.00016728907327547438,-5.7149321482521584e-05,-1.6802474312551698e-06,0.0001672922180046505,-5.715246621169772e-05
762,934,1326.0,0.00016669256702987918,-5.7496286019932056e-05,-3.298552774160749e-06,0.00016670469950376028,-5.750841849381315e-05
763,934,1336.0,0.00016669256702987918,-5.681650973440877e-05,-2.9754927751641028e-06,0.00016670246949687046,-5.682641220140005e-05
760,934,1335.0,0.00016701788562582158,-5.681650973440877e-05,-2.290963995840462e-06,0.00016702374752494386,-5.682237163353104e-05
761,934,1325.0,0.00016701788562582158,-5.7496286019932056e-05,-2.6140239948371086e-06,0.000167025494154313,-5.750389454842346e-05
764,935,1336.0,0.00016669256702987918,-5.64254439158137e-05,-2.6701819184288614e-06,0.00016670055564560699,-5.643343253154149e-05
765,935,1326.0,0.00016669256702987918,-5.697244927061292e-05,-2.99738843499665e-06,0.00016670260875906146,-5.698249099979519e-05
766,935,1327.0,0.00016636307341023546,-5.697244927061292e-05,-3.5482172394086728e-06,0.00016637716549361707,-5.6986541353994536e-05
767,935,1337.0,0.00016636307341023546,-5.64254439158137e-05,-3.221010722841318e-06,0.00016637471490785763,-5.6437085413435875e-05
768,936,1337.0,0.00016636307341023546,-5.6016505011272425e-05,-2.7876551992344657e-06,0.00016637180928011982,-5.60252408811568e-05
769,936,1327.0,0.00016636307341023546,-5.641819783531581e-05,-3.061385899328934e-06,0.00016637359004968792,-5.642871447476826e-05
770,936,1328.0,0.00016608742912198543,-5.641819783531581e-05,-3.4658868652069456e-06,0.00016610092500900052,-5.64316937223309e-05
771,936,1338.0,0.00016608742912198543,-5.6016505011272425e-05,-3.1921561651124773e-06,0.00016609889822862304,-5.6027974117910044e-05
774,937,1329.0,0.00016592721265418827,-5.589057940681973e-05,-3.060159072037702e-06,0.0001659377665055318,-5.590113325816327e-05
773,937,1328.0,0.00016608742912198543,-5.589057940681973e-05,-2.802085309512592e-06,0.0001660962716300497,-5.589942191488397e-05
775,937,1339.0,0.00016592721265418827,-5.5634297253684926e-05,-2.90105486503529e-06,0.00016593670861610003,-5.564379321559668e-05
772,937,1338.0,0.00016608742912198543,-5.5634297253684926e-05,-2.64298110251018e-06,0.00016609530509911492,-5.56421732308144e-05
776,938,1339.0,0.00016592721265418827,-5.532390142097196e-05,-2.2696309884106657e-06,0.00016593303306478414,-5.5329721831567824e-05
777,938,1329.0,0.00016592721265418827,-5.544823457108818e-05,-2.2547421499583865e-06,0.00016593295372708823,-5.545397564398814e-05
778,938,1330.0,0.0001659422055770741,-5.544823457108818e-05,-2.379944484434942e-06,0.00016594860148571702,-5.545463047973109e-05
779,938,1340.0,0.0001659422055770741,-5.532390142097196e-05,-2.3948333228870043e-06,0.0001659486853976507,-5.533038124154856e-05
780,939,1340.0,0.0001659422055770741,-5.512658193430837e-05,-1.7371114432104817e-06,0.0001659456179873265,-5.512999434456077e-05
781,939,1330.0,0.0001659422055770741,-5.51462791952676e-05,-1.4966295062176886e-06,0.00016594473835735582,-5.5148811975549305e-05
782,939,1331.0,0.00016618436866779268,-5.51462791952676e-05,-1.516464466182546e-06,0.0001661869661814121,-5.514887670888703e-05
783,939,1341.0,0.00016618436866779268,-5.512658193430837e-05,-1.7569464031753391e-06,0.00016618785563038944,-5.513006889690512e-05
787,940,1342.0,0.00016669135714587153,-5.507509850117718e-05,-1.1060590349946248e-06,0.00016669273625320494,-5.507647760851059e-05
784,940,1341.0,0.00016618436866779268,-5.507509850117718e-05,-1.1508287104068302e-06,0.0001661858650984092,-5.5076594931793716e-05
785,940,1331.0,0.00016618436866779268,-5.503063962749102e-05,-6.47359866828498e-07,0.00016618484227252592,-5.5031113232224265e-05
786,940,1332.0,0.00016669135714587153,-5.503063962749102e-05,-6.025901914162926e-07,0.00016669176657104536,-5.503104905266484e-05
791,941,1106.0,0.00016747985785578066,-5.51888283177054e-05,-5.920958865098837e-07,0.00016748025146402117,-5.51892219259459e-05
790,941,1105.0,0.00016747985785578066,-5.513204020383229e-05,1.909308640849882e-07,0.000167479898795403,-5.513208114345464e-05
788,941,1342.0,0.00016669135714587153,-5.51888283177054e-05,-6.492809929820563e-07,0.00016669183213748073,-5.518930330931461e-05
789,941,1332.0,0.00016669135714587153,-5.513204020383229e-05,1.3374575761259874e-07,0.0001666913773059699,-5.5132060363930664e-05
792,942,1144.0,0.00016697759371004338,-5.6790465467052214e-05,4.186001016214663e-08,0.00016697759566771826,-5.67904674247271e-05
793,942,1145.0,0.00016697759371004338,-5.751760626099489e-05,-2.539396570626351e-10,0.0001669775937101152,-5.751760626106671e-05
794,942,1333.0,0.00016693518514253932,-5.751760626099489e-05,-7.32481611901651e-07,0.00016693578273800687,-5.7518203856462446e-05
795,942,1343.0,0.00016693518514253932,-5.6790465467052214e-05,-6.903676620824417e-07,0.00016693571772158534,-5.6790998046098244e-05
798,943,1334.0,0.00016681439760900078,-5.739081359258832e-05,-1.4101705652254382e-06,0.00016681661495415736,-5.739303093774489e-05
796,943,1343.0,0.00016693518514253932,-5.6696341402922894e-05,-5.90891347375215e-07,0.00016693557546314887,-5.6696731723532434e-05
797,943,1333.0,0.00016693518514253932,-5.739081359258832e-05,-7.108396959912451e-07,0.0001669357482647452,-5.7391376714794186e-05
799,943,1344.0,0.00016681439760900078,-5.6696341402922894e-05,-1.290222216609408e-06,0.00016681625955477153,-5.669820334869363e-05
803,944,1345.0,0.0001666340897458771,-5.651768372803007e-05,-1.7815507822945172e-06,0.00016663764547900832,-5.6521239461161305e-05
802,944,1335.0,0.0001666340897458771,-5.7149321482521584e-05,-1.960606023875683e-06,0.00016663838396746217,-5.715361570410665e-05
800,944,1344.0,0.00016681439760900078,-5.651768372803007e-05,-1.1454942626686927e-06,0.00016681586644015582,-5.651915255918511e-05
801,944,1334.0,0.00016681439760900078,-5.7149321482521584e-05,-1.3245495042498584e-06,0.00016681635597982024,-5.7151279853341044e-05
806,945,1336.0,0.0001664241798091052,-5.681650973440877e-05,-2.3238205868678086e-06,0.0001664302270891201,-5.6822557014423686e-05
804,945,1345.0,0.0001666340897458771,-5.627297597941177e-05,-1.5680325866876572e-06,0.00016663684728046775,-5.62757335140024e-05
805,945,1335.0,0.0001666340897458771,-5.681650973440877e-05,-1.7764841506551048e-06,0.00016663762055545918,-5.682004054399084e-05
807,945,1346.0,0.0001664241798091052,-5.627297597941177e-05,-2.115369022900361e-06,0.00016642920309415077,-5.627799926445736e-05
809,946,1336.0,0.0001664241798091052,-5.64254439158137e-05,-2.018509730132567e-06,0.00016642875048988317,-5.643001459659166e-05
810,946,1337.0,0.00016622340786340544,-5.64254439158137e-05,-2.4587968227339843e-06,0.00016623019601597294,-5.64322320683812e-05
808,946,1346.0,0.0001664241798091052,-5.5988215125848863e-05,-1.8191323775998934e-06,0.00016642789946158336,-5.599193477832702e-05
811,946,1347.0,0.00016622340786340544,-5.5988215125848863e-05,-2.2594194702013105e-06,0.0001662291510872917,-5.5993958349735145e-05
813,947,1337.0,0.00016622340786340544,-5.6016505011272425e-05,-2.025441299127132e-06,0.00016622802261421625,-5.6021119762083224e-05
814,947,1338.0,0.00016607626476162,-5.6016505011272425e-05,-2.3493159321875436e-06,0.00016608247740303918,-5.602271765269161e-05
812,947,1347.0,0.00016622340786340544,-5.569488037627374e-05,-1.8793204190907693e-06,0.00016622738655973726,-5.569885907260554e-05
815,947,1348.0,0.00016607626476162,-5.569488037627374e-05,-2.2031950521516144e-06,0.0001660817365607944,-5.570035217544813e-05
816,948,1348.0,0.00016607626476162,-5.5427302705960487e-05,-1.7533696818172306e-06,0.0001660797345218583,-5.54307724661988e-05
819,948,1349.0,0.000166029166375402,-5.5427302705960487e-05,-1.9618123068359215e-06,0.00016603351105772056,-5.5431647388279044e-05
817,948,1338.0,0.00016607626476162,-5.5634297253684926e-05,-1.8001408695852462e-06,0.0001660799186851366,-5.5637951177201547e-05
818,948,1339.0,0.000166029166375402,-5.5634297253684926e-05,-2.0085834946039372e-06,0.00016603371643157352,-5.563884730985646e-05
821,949,1339.0,0.000166029166375402,-5.532390142097196e-05,-1.3771596179788792e-06,0.00016603130837221245,-5.5326043417782395e-05
823,949,1350.0,0.00016612597589039328,-5.5219512667945654e-05,-1.578415613236444e-06,0.0001661287897767215,-5.522232655427389e-05
822,949,1340.0,0.00016612597589039328,-5.532390142097196e-05,-1.4822786461973943e-06,0.00016612845627715433,-5.532638180773303e-05
820,949,1349.0,0.000166029166375402,-5.5219512667945654e-05,-1.4732965850181457e-06,0.00016603161902141884,-5.522196531396248e-05
824,950,1350.0,0.00016612597589039328,-5.5101673023646904e-05,-1.0996876745445437e-06,0.00016612734247535368,-5.5103039608607305e-05
825,950,1340.0,0.00016612597589039328,-5.512658193430837e-05,-8.245567665208717e-07,0.00016612674412049556,-5.5127350164410654e-05
826,950,1341.0,0.00016640303153906983,-5.512658193430837e-05,-8.496399331147774e-07,0.00016640384619918448,-5.5127396594423036e-05
827,950,1351.0,0.00016640303153906983,-5.5101673023646904e-05,-1.1247708411382326e-06,0.00016640445938830283,-5.5103100872879905e-05
828,951,1351.0,0.00016640303153906983,-5.509624514388439e-05,-7.210314955706596e-07,0.00016640361831868393,-5.5096831923498476e-05
829,951,1341.0,0.00016640303153906983,-5.507509850117718e-05,-2.435222403460516e-07,0.00016640309847915959,-5.507516544126694e-05
830,951,1342.0,0.00016688388131856332,-5.507509850117718e-05,-2.2222766150490833e-07,0.0001668839369427165,-5.507515412533035e-05
831,951,1352.0,0.00016688388131856332,-5.509624514388439e-05,-6.997369167292995e-07,0.0001668844327536671,-5.5096796578988185e-05
835,952,1107.0,0.0001675739903655069,-5.5214077560176425e-05,-4.253385122825193e-07,0.0001675741933753526,-5.5214280570022134e-05
833,952,1342.0,0.00016688388131856332,-5.51888283177054e-05,2.3455038050766014e-07,0.00016688394325083063,-5.518889024997271e-05
834,952,1106.0,0.0001675739903655069,-5.51888283177054e-05,2.5997625977946387e-07,0.00016757406621707073,-5.518890416926923e-05
832,952,1352.0,0.00016688388131856332,-5.5214077560176425e-05,-4.50764391554323e-07,0.00016688411003332556,-5.521430627493868e-05
836,953,1143.0,0.00016656528821048502,-5.621428095589962e-05,6.87435332182712e-08,0.00016656529351356697,-5.621428625898157e-05
837,953,1144.0,0.00016656528821048502,-5.6790465467052214e-05,4.186001016214663e-08,0.00016656529017177368,-5.6790467428340896e-05
838,953,1343.0,0.00016653821675092313,-5.6790465467052214e-05,-5.383524739424085e-07,0.00016653854118637212,-5.679078990250123e-05
839,953,1353.0,0.00016653821675092313,-5.621428095589962e-05,-5.114689508862839e-07,0.000166538510350485,-5.621457455546148e-05
840,954,1353.0,0.00016653821675092313,-5.614627902263899e-05,-3.631793849734246e-07,0.0001665383648294608,-5.6146427101176644e-05
841,954,1343.0,0.00016653821675092313,-5.6696341402922894e-05,-4.3887615923518183e-07,0.00016653843245688127,-5.669655710888104e-05
842,954,1344.0,0.00016646199076071492,-5.6696341402922894e-05,-9.927841694819597e-07,0.00016646309492689246,-5.669744556910043e-05
843,954,1354.0,0.00016646199076071492,-5.614627902263899e-05,-9.170873952204193e-07,0.0001664629352962916,-5.6147223558215664e-05
845,955,1344.0,0.00016646199076071492,-5.651768372803007e-05,-8.480562155412444e-07,0.00016646279710858674,-5.651849007590189e-05
847,955,1355.0,0.00016635118587271036,-5.60177728834895e-05,-1.2414261672936446e-06,0.00016635291849642,-5.601950550719912e-05
844,955,1354.0,0.00016646199076071492,-5.60177728834895e-05,-7.380205614025345e-07,0.0001664626028083476,-5.601838493112219e-05
846,955,1345.0,0.00016635118587271036,-5.651768372803007e-05,-1.3514618214323544e-06,0.00016635323464725226,-5.651973250257198e-05
851,956,1356.0,0.00016622880478433513,-5.5843162722625603e-05,-1.4492303891423808e-06,0.00016623116916015358,-5.584552709844405e-05
850,956,1346.0,0.00016622880478433513,-5.627297597941177e-05,-1.5707618195022303e-06,0.00016623157696659042,-5.627574816166707e-05
849,956,1345.0,0.00016635118587271036,-5.627297597941177e-05,-1.1379436258254945e-06,0.0001663526400132074,-5.627443011990879e-05
848,956,1355.0,0.00016635118587271036,-5.5843162722625603e-05,-1.0164121954652112e-06,0.000166352348242898,-5.584432509281324e-05
852,957,1356.0,0.00016622880478433513,-5.564257718506394e-05,-1.170822227091091e-06,0.00016623034938996662,-5.564412179069542e-05
853,957,1346.0,0.00016622880478433513,-5.5988215125848863e-05,-1.274525174201329e-06,0.00016623063227831083,-5.5990042619824564e-05
854,957,1347.0,0.00016612437697596013,-5.5988215125848863e-05,-1.6225790497475558e-06,0.00016612734025645633,-5.5991178406345076e-05
855,957,1357.0,0.00016612437697596013,-5.564257718506394e-05,-1.518876102636884e-06,0.00016612697763119556,-5.564517784029936e-05
856,958,1357.0,0.00016612437697596013,-5.5440154031588724e-05,-1.1898385589700564e-06,0.00016612597437241984,-5.544175142804843e-05
857,958,1347.0,0.00016612437697596013,-5.569488037627374e-05,-1.2424799986370146e-06,0.000166126116843428,-5.569662024374161e-05
858,958,1348.0,0.0001660713675321365,-5.569488037627374e-05,-1.4989870764149128e-06,0.0001660739005332267,-5.5697413377363934e-05
859,958,1358.0,0.0001660713675321365,-5.5440154031588724e-05,-1.4463456367479546e-06,0.0001660737284628346,-5.544251496228682e-05
862,959,1349.0,0.00016610397613939796,-5.5427302705960487e-05,-1.2157907473260652e-06,0.00016610564422890985,-5.5428970795472383e-05
861,959,1348.0,0.0001660713675321365,-5.5427302705960487e-05,-1.0491617060807458e-06,0.0001660726099031521,-5.542854507697607e-05
863,959,1359.0,0.00016610397613939796,-5.5261830443118594e-05,-1.2481729778860556e-06,0.00016610573558389414,-5.526358988761478e-05
860,959,1358.0,0.0001660713675321365,-5.5261830443118594e-05,-1.0815439366405194e-06,0.00016607268876446288,-5.5263151675444966e-05
864,960,1359.0,0.00016610397613939796,-5.513272095054872e-05,-8.756939415776026e-07,0.00016610484267384485,-5.513358748499562e-05
865,960,1349.0,0.00016610397613939796,-5.5219512667945654e-05,-7.272750255082894e-07,0.00016610457359918153,-5.522011012772923e-05
866,960,1350.0,0.00016625343261785852,-5.5219512667945654e-05,-8.146734837728969e-07,0.00016625418179586673,-5.522026184595387e-05
867,960,1360.0,0.00016625343261785852,-5.513272095054872e-05,-9.630923998422102e-07,0.0001662544800440043,-5.513376837669448e-05
868,961,1360.0,0.00016625343261785852,-5.5074187590506776e-05,-6.244345225313048e-07,0.00016625387304831254,-5.507462802096079e-05
869,961,1350.0,0.00016625343261785852,-5.5101673023646904e-05,-3.359455450807798e-07,0.000166253560081989,-5.510180048777738e-05
870,961,1351.0,0.00016654393835517515,-5.5101673023646904e-05,-3.63623122541382e-07,0.0001665440874915436,-5.5101822160015374e-05
871,961,1361.0,0.00016654393835517515,-5.5074187590506776e-05,-6.521120999919069e-07,0.00016654441806466264,-5.507466729999427e-05
875,962,1362.0,0.00016698844241121646,-5.51007405625698e-05,-3.9677513510166795e-07,0.0001669886196264911,-5.510091777784444e-05
872,962,1361.0,0.00016654393835517515,-5.51007405625698e-05,-4.0130198022156165e-07,0.00016654412000080288,-5.510092220819754e-05
873,962,1351.0,0.00016654393835517515,-5.509624514388439e-05,4.011622302619103e-08,0.0001665439401704048,-5.509624695911405e-05
874,962,1352.0,0.00016698844241121646,-5.509624514388439e-05,4.464306814630156e-08,0.00016698844465473395,-5.509624738740187e-05
878,963,1107.0,0.00016758448542374994,-5.5214077560176425e-05,2.9649742748624405e-07,0.00016758458406743553,-5.521417620386201e-05
877,963,1352.0,0.00016698844241121646,-5.5214077560176425e-05,2.9361559332127807e-07,0.00016698853940615494,-5.52141745551149e-05
879,963,1108.0,0.00016758448542374994,-5.521693938796354e-05,-2.954077128044727e-07,0.0001675845833424218,-5.521703730663541e-05
876,963,1362.0,0.00016698844241121646,-5.521693938796354e-05,-2.982895469694387e-07,0.0001669885425174932,-5.521703949424026e-05
883,964,1363.0,0.0001662487842017924,-5.5762957307618816e-05,-3.7040862582303664e-07,0.00016624893870088967,-5.5763111806716095e-05
882,964,1353.0,0.0001662487842017924,-5.621428095589962e-05,-3.8573745198087345e-07,0.0001662489514129988,-5.621444816710602e-05
881,964,1143.0,0.00016626422026422912,-5.621428095589962e-05,6.87435332182712e-08,0.00016626422557448743,-5.621428626615793e-05
880,964,1142.0,0.00016626422026422912,-5.5762957307618816e-05,8.4072359376108e-08,0.000166264228222896,-5.576296526628567e-05
884,965,1363.0,0.0001662487842017924,-5.571561506946203e-05,-1.952317898110123e-07,0.00016624882713147448,-5.57156579991441e-05
885,965,1353.0,0.0001662487842017924,-5.614627902263899e-05,-2.3744788606823095e-07,0.00016624884758166436,-5.614634240251096e-05
886,965,1354.0,0.00016620627275247763,-5.614627902263899e-05,-6.711248586020215e-07,0.0001662067791639697,-5.614678543413106e-05
887,965,1364.0,0.00016620627275247763,-5.571561506946203e-05,-6.289087623448028e-07,0.0001662067183207822,-5.5716060637766604e-05
888,966,1364.0,0.00016620627275247763,-5.562669621055051e-05,-4.3393917956765365e-07,0.00016620648496510804,-5.562690842318092e-05
889,966,1354.0,0.00016620627275247763,-5.60177728834895e-05,-4.920580247841366e-07,0.00016620654513614598,-5.601804526715785e-05
890,966,1355.0,0.00016614774732370136,-5.60177728834895e-05,-8.858705632646541e-07,0.00016614863040800577,-5.601865596779391e-05
891,966,1365.0,0.00016614774732370136,-5.562669621055051e-05,-8.277517180481711e-07,0.000166148519696872,-5.562746858372116e-05
894,967,1356.0,0.00016609055692207034,-5.5843162722625603e-05,-9.991396249769535e-07,0.000166091681441289,-5.584428724184426e-05
893,967,1355.0,0.00016614774732370136,-5.5843162722625603e-05,-6.608565914366545e-07,0.00016614823915742864,-5.5843654556352886e-05
895,967,1366.0,0.00016609055692207034,-5.550722994836289e-05,-9.423465600691405e-07,0.00016609155875182366,-5.55082317781162e-05
892,967,1365.0,0.00016614774732370136,-5.550722994836289e-05,-6.040635265286247e-07,0.0001661481588778102,-5.5507641502471744e-05
896,968,1366.0,0.00016609055692207034,-5.537252196069451e-05,-6.87153214875549e-07,0.0001660910899436542,-5.5373054982278347e-05
897,968,1356.0,0.00016609055692207034,-5.564257718506394e-05,-7.207314629258804e-07,0.0001660911425951044,-5.5643162858097975e-05
898,968,1357.0,0.00016605674380283457,-5.564257718506394e-05,-9.92675653950113e-07,0.00016605785499254253,-5.564368837477191e-05
899,968,1367.0,0.00016605674380283457,-5.537252196069451e-05,-9.590974059002152e-07,0.00016605778235516467,-5.537356051302461e-05
900,969,1367.0,0.00016605674380283457,-5.5240716265187156e-05,-6.776794658717306e-07,0.0001660572626162697,-5.524123507862231e-05
901,969,1357.0,0.00016605674380283457,-5.5440154031588724e-05,-6.636381102830685e-07,0.00016605724089168475,-5.544065112043888e-05
902,969,1358.0,0.00016607088338790941,-5.5440154031588724e-05,-8.644710888015914e-07,0.0001660717268079785,-5.544099745165782e-05
903,969,1368.0,0.00016607088338790941,-5.5240716265187156e-05,-8.785124443904703e-07,0.00016607175521418947,-5.52415880914672e-05
907,970,1369.0,0.00016615743726371363,-5.51309604122929e-05,-7.174075255709199e-07,0.00016615801871331835,-5.513154186189761e-05
904,970,1368.0,0.00016607088338790941,-5.51309604122929e-05,-5.856219637701953e-07,0.00016607127098920336,-5.5131348013586845e-05
905,970,1358.0,0.00016607088338790941,-5.5261830443118594e-05,-4.99669388694373e-07,0.0001660711653945495,-5.526211244975869e-05
906,970,1359.0,0.00016615743726371363,-5.5261830443118594e-05,-6.314549504950976e-07,0.00016615788746679206,-5.526228064619701e-05
911,971,1370.0,0.00016633772367074889,-5.506124955489364e-05,-5.099812387466054e-07,0.0001663380173493002,-5.506154323344497e-05
910,971,1360.0,0.00016633772367074889,-5.513272095054872e-05,-3.309473041962323e-07,0.00016633784730582036,-5.5132844585620205e-05
909,971,1359.0,0.00016615743726371363,-5.513272095054872e-05,-2.589759141866446e-07,0.00016615751303357808,-5.513279672041317e-05
908,971,1369.0,0.00016615743726371363,-5.506124955489364e-05,-4.3800984873723463e-07,0.00016615765407681645,-5.506146636799646e-05
912,972,1370.0,0.00016633772367074889,-5.504604785949545e-05,-2.792024227950534e-07,0.00016633781170109698,-5.5046135889843555e-05
913,972,1360.0,0.00016633772367074889,-5.5074187590506776e-05,7.710573114456248e-09,0.00016633772373787824,-5.5074187657636116e-05
914,972,1361.0,0.0001666266438315779,-5.5074187590506776e-05,-2.0626015766016248e-08,0.0001666266443113151,-5.507418807024396e-05
915,972,1371.0,0.0001666266438315779,-5.504604785949545e-05,-3.0753901167530906e-07,0.0001666267504980751,-5.5046154525992657e-05
916,973,1371.0,0.0001666266438315779,-5.509381307650227e-05,-1.6970933387956168e-07,0.00016662667630631457,-5.509384555123891e-05
917,973,1361.0,0.0001666266438315779,-5.51007405625698e-05,2.301841040041122e-07,0.00016662670357240288,-5.510080030339479e-05
918,973,1362.0,0.0001670293348146818,-5.51007405625698e-05,2.2320815513715737e-07,0.00016702939088753443,-5.510079663542245e-05
919,973,1372.0,0.0001670293348146818,-5.509381307650227e-05,-1.766852827469502e-07,0.0001670293699502412,-5.5093848212061646e-05
922,974,1108.0,0.0001675379551687318,-5.521693938796354e-05,3.0924304674178997e-07,0.00016753806249658208,-5.521704671581382e-05
921,974,1362.0,0.0001670293348146818,-5.521693938796354e-05,3.216937432691698e-07,0.0001670294512247438,-5.521705579802555e-05
923,974,1109.0,0.0001675379551687318,-5.520457518800063e-05,-1.958438573435202e-07,0.00016753799821709911,-5.520461823636794e-05
920,974,1372.0,0.0001670293348146818,-5.520457518800063e-05,-1.8339316081614036e-07,0.00016702937264986828,-5.520461302318711e-05
924,975,1141.0,0.00016605013278675343,-5.541374552669905e-05,9.078695581768437e-08,0.00016605014209105967,-5.541375483100531e-05
925,975,1142.0,0.00016605013278675343,-5.5762957307618816e-05,8.4072359376108e-08,0.00016605014075310177,-5.5762965273967134e-05
926,975,1363.0,0.00016604337125011772,-5.5762957307618816e-05,-2.675806805166672e-07,0.00016604345195046902,-5.5763038007970104e-05
927,975,1373.0,0.00016604337125011772,-5.541374552669905e-05,-2.6086608407509086e-07,0.0001660434480720903,-5.541382234867164e-05
928,976,1373.0,0.00016604337125011772,-5.538255650735723e-05,-7.506753957526625e-08,0.00016604337761244326,-5.538256286968277e-05
929,976,1363.0,0.00016604337125011772,-5.571561506946203e-05,-9.240384450464288e-08,0.00016604338087596225,-5.571562469530656e-05
930,976,1364.0,0.00016602591374254667,-5.571561506946203e-05,-4.2779090612477325e-07,0.00016602612006935658,-5.571582139627195e-05
931,976,1374.0,0.00016602591374254667,-5.538255650735723e-05,-4.104546011953966e-07,0.0001660261039710807,-5.5382746735891294e-05
935,977,1375.0,0.00016600596726829052,-5.53245248441356e-05,-5.172970989617606e-07,0.00016600626952660184,-5.532482710244691e-05
932,977,1374.0,0.00016602591374254667,-5.53245248441356e-05,-2.1301332225605145e-07,0.0001660259649900902,-5.532457609167913e-05
933,977,1364.0,0.00016602591374254667,-5.562669621055051e-05,-2.328213233476241e-07,0.0001660259748807323,-5.562675734873614e-05
934,977,1365.0,0.00016600596726829052,-5.562669621055051e-05,-5.371051000533332e-07,0.00016600629267324258,-5.562702161550258e-05
938,978,1366.0,0.00016599630544199425,-5.550722994836289e-05,-5.745349936274544e-07,0.0001659966779980159,-5.550760250438454e-05
937,978,1365.0,0.00016600596726829052,-5.550722994836289e-05,-3.134169085337868e-07,0.00016600607813088317,-5.550734081095553e-05
939,978,1376.0,0.00016599630544199425,-5.524792473384239e-05,-5.649402467157623e-07,0.0001659966660807348,-5.5248285372582956e-05
936,978,1375.0,0.00016600596726829052,-5.524792473384239e-05,-3.0382216162209465e-07,0.00016600607156912515,-5.5248029034677e-05
943,979,1377.0,0.0001660129463795588,-5.51641376183667e-05,-5.45707980811579e-07,0.00016601328298399101,-5.516447422279892e-05
942,979,1367.0,0.0001660129463795588,-5.537252196069451e-05,-5.291825524317024e-07,0.0001660132626082796,-5.537283818941528e-05
940,979,1376.0,0.00016599630544199425,-5.51641376183667e-05,-3.358670768137395e-07,0.00016599643295872677,-5.516426513509922e-05
941,979,1366.0,0.00016599630544199425,-5.537252196069451e-05,-3.193416484338629e-07,0.0001659964206106887,-5.537263712938896e-05
944,980,1377.0,0.0001660129463795588,-5.508646291530313e-05,-3.0777158085667014e-07,0.00016601305348443575,-5.508657002018007e-05
945,980,1367.0,0.0001660129463795588,-5.5240716265187156e-05,-2.4776461240343453e-07,0.00016601301574257316,-5.524078562820151e-05
946,980,1368.0,0.0001660733728428808,-5.5240716265187156e-05,-4.030963118599115e-07,0.00016607355639028002,-5.5240899812586386e-05
947,980,1378.0,0.0001660733728428808,-5.508646291530313e-05,-4.631032803131471e-07,0.00016607361527434718,-5.508670534676951e-05
948,981,1378.0,0.0001660733728428808,-5.502861182913216e-05,-2.303617633440426e-07,0.00016607343284520017,-5.5028671831451544e-05
949,981,1368.0,0.0001660733728428808,-5.51309604122929e-05,-1.1020583123985336e-07,0.00016607338656924445,-5.513097413865656e-05
950,981,1369.0,0.00016619436875737852,-5.51309604122929e-05,-2.132699097262894e-07,0.000166194420134286,-5.513101178920038e-05
951,981,1379.0,0.00016619436875737852,-5.502861182913216e-05,-3.334258418309123e-07,0.00016619449439162385,-5.502873746337749e-05
954,982,1370.0,0.00016638957098729767,-5.506124955489364e-05,7.4257973173286196e-09,0.00016638957104954903,-5.506124961714501e-05
953,982,1369.0,0.00016619436875737852,-5.506124955489364e-05,6.61277671076127e-08,0.00016619437369836207,-5.506125449587719e-05
955,982,1380.0,0.00016638957098729767,-5.5002955108128233e-05,-1.8642129233272658e-07,0.00016638961023082217,-5.500299435165272e-05
952,982,1379.0,0.00016619436875737852,-5.5002955108128233e-05,-1.277193225424425e-07,0.00016619438719365942,-5.500297354440914e-05
956,983,1380.0,0.00016638957098729767,-5.5018615259534666e-05,-3.716095969700031e-08,0.00016638957254656354,-5.501861681880054e-05
957,983,1370.0,0.00016638957098729767,-5.504604785949545e-05,2.3820461326866382e-07,0.0001663896350481539,-5.504611192035166e-05
958,983,1371.0,0.0001666668615774383,-5.504604785949545e-05,2.1058023833226205e-07,0.00016666691157906754,-5.504609786112468e-05
959,983,1381.0,0.0001666668615774383,-5.5018615259534666e-05,-6.478533463340208e-08,0.0001666668663106526,-5.501861999274899e-05
960,984,1381.0,0.0001666668615774383,-5.507951570119559e-05,-7.989618384203132e-09,0.00016666686164940565,-5.5079515773162954e-05
961,984,1371.0,0.0001666668615774383,-5.509381307650227e-05,3.484099161277926e-07,0.0001666669984247343,-5.509394992379827e-05
962,984,1372.0,0.00016702575261884995,-5.509381307650227e-05,3.340125911696981e-07,0.0001670258781867481,-5.50939386444004e-05
963,984,1382.0,0.00016702575261884995,-5.507951570119559e-05,-2.2386943342514454e-08,0.00016702575318296896,-5.5079516265314616e-05
967,985,1110.0,0.00016745494151785526,-5.5182518592922594e-05,-1.21115442215311e-07,0.00016745495798964447,-5.5182535064711804e-05
964,985,1382.0,0.00016702575261884995,-5.5182518592922594e-05,-9.890465457111468e-08,0.00016702576362443737,-5.518252959851001e-05
965,985,1372.0,0.00016702575261884995,-5.520457518800063e-05,3.273047131007248e-07,0.00016702587313381092,-5.52046957029616e-05
966,985,1109.0,0.00016745494151785526,-5.520457518800063e-05,3.0509392545652846e-07,0.00016745504602973626,-5.520467969988163e-05
971,986,1383.0,0.00016590252577951834,-5.5147083498731217e-05,-1.7731901468583805e-07,0.00016590256133944086,-5.514711905865374e-05
970,986,1373.0,0.00016590252577951834,-5.541374552669905e-05,-1.7773924485030637e-07,0.00016590256146513906,-5.5413781212319775e-05
969,986,1141.0,0.0001659029489474151,-5.541374552669905e-05,9.078695581768437e-08,0.00016590295825790908,-5.541375483719303e-05
968,986,1140.0,0.0001659029489474151,-5.5147083498731217e-05,9.120718598215269e-08,0.00016590295835563633,-5.514709290695244e-05
972,987,1383.0,0.00016590252577951834,-5.5128371602201584e-05,7.288059517213466e-09,0.0001659025258395957,-5.5128371662278934e-05
973,987,1373.0,0.00016590252577951834,-5.538255650735723e-05,8.059299649518237e-09,0.00016590252585289915,-5.538255658073805e-05
974,987,1374.0,0.00016590330241159188,-5.538255650735723e-05,-2.4790267865717683e-07,0.0001659033718418292,-5.5382625937594555e-05
975,987,1384.0,0.00016590330241159188,-5.5128371602201584e-05,-2.486739187894816e-07,0.00016590337235484616,-5.512844154545587e-05
976,988,1384.0,0.00016590330241159188,-5.509414312032771e-05,-5.8295211612362924e-08,0.00016590330625590287,-5.50941469646387e-05
977,988,1374.0,0.00016590330241159188,-5.53245248441356e-05,-5.046139971783166e-08,0.00016590330528911507,-5.5324527721658806e-05
978,988,1375.0,0.0001659111909878574,-5.53245248441356e-05,-2.824536689917997e-07,0.00016591128114061858,-5.532461499689677e-05
979,988,1385.0,0.0001659111909878574,-5.509414312032771e-05,-2.9028748088633094e-07,0.00016591128630997435,-5.509423844244466e-05
982,989,1376.0,0.00016593530033020393,-5.524792473384239e-05,-2.6784062036495915e-07,0.0001659353814152089,-5.524800581884737e-05
981,989,1375.0,0.0001659111909878574,-5.524792473384239e-05,-6.897873165213377e-08,0.00016591119636641177,-5.524793011239675e-05
983,989,1386.0,0.00016593530033020393,-5.505044348816707e-05,-2.917825782219798e-07,0.00016593539664528108,-5.5050539803244215e-05
980,989,1385.0,0.0001659111909878574,-5.505044348816707e-05,-9.292068950958812e-08,0.0001659112007568091,-5.505045325711879e-05
984,990,1386.0,0.00016593530033020393,-5.500549356423387e-05,-8.996128896964113e-08,0.00016593530948767212,-5.500550272170207e-05
985,990,1376.0,0.00016593530033020393,-5.51641376183667e-05,-3.8767450462719524e-08,0.00016593530202956962,-5.516413931773239e-05
986,990,1377.0,0.00016598685200261572,-5.51641376183667e-05,-1.9852039236469866e-07,0.0001659868965540083,-5.516418216975929e-05
987,990,1387.0,0.00016598685200261572,-5.500549356423387e-05,-2.4971423087162027e-07,0.0001659869225448522,-5.5005564106470336e-05
988,991,1387.0,0.00016598685200261572,-5.4968716973460006e-05,-5.0831682067101897e-08,0.00016598685492612189,-5.496871989696617e-05
989,991,1377.0,0.00016598685200261572,-5.508646291530313e-05,3.941600758999332e-08,0.00016598685375952344,-5.508646467221083e-05
990,991,1378.0,0.00016607773059304476,-5.508646291530313e-05,-7.915306896033591e-08,0.00016607773767512258,-5.508646999738096e-05
991,991,1388.0,0.00016607773059304476,-5.4968716973460006e-05,-1.6940075861743113e-07,0.0001660777630484553,-5.496874942887053e-05
995,992,1389.0,0.0001662187362329343,-5.494951759779274e-05,-6.608545807720162e-08,0.00016621874116954657,-5.494952253440502e-05
992,992,1388.0,0.00016607773059304476,-5.494951759779274e-05,1.3561702780955434e-08,0.00016607773080107318,-5.494951780582115e-05
993,992,1378.0,0.00016607773059304476,-5.502861182913216e-05,1.5358844800876861e-07,0.0001660777572650618,-5.5028638501149185e-05
994,992,1379.0,0.0001662187362329343,-5.502861182913216e-05,7.394128715039472e-08,0.00016621874241076404,-5.5028618006961906e-05
999,993,1390.0,0.00016641763067339315,-5.495587222819617e-05,3.4722112972600944e-08,0.0001664176320349214,-5.495587358972442e-05
998,993,1380.0,0.00016641763067339315,-5.5002955108128233e-05,2.3223578095852605e-07,0.00016641769156818635,-5.500301600292143e-05
996,993,1389.0,0.0001662187362329343,-5.495587222819617e-05,8.213413845293942e-08,0.00016621874385815008,-5.495587985341195e-05
997,993,1379.0,0.0001662187362329343,-5.5002955108128233e-05,2.7964780643886453e-07,0.00016621882460906044,-5.500304348425438e-05
1000,994,1390.0,0.00016641763067339315,-5.499282007172024e-05,1.238396125570907e-07,0.00016641764798992946,-5.4992837388256546e-05
1001,994,1380.0,0.00016641763067339315,-5.5018615259534666e-05,3.814961135940355e-07,0.0001664177949861235,-5.501877957226504e-05
1002,994,1381.0,0.0001666770883915695,-5.5018615259534666e-05,3.5552059757422427e-07,0.00016667723092344085,-5.5018757791405995e-05
1003,994,1391.0,0.0001666770883915695,-5.499282007172024e-05,9.786409653706266e-08,0.00016667709919296897,-5.49928308731197e-05
1004,995,1391.0,0.0001666770883915695,-5.506094820862534e-05,9.890936445312165e-08,0.00016667709942154663,-5.506095923860247e-05
1005,995,1381.0,0.0001666770883915695,-5.507951570119559e-05,4.123163138232064e-07,0.00016667728004831454,-5.507970735794062e-05
1006,995,1382.0,0.00016699268629659847,-5.507951570119559e-05,3.9361902019752204e-07,0.000166992860717136,-5.507969012173312e-05
1007,995,1392.0,0.00016699268629659847,-5.506094820862534e-05,8.021207082700363e-08,0.00016699269354031698,-5.506095545234385e-05
1010,996,1110.0,0.0001673510846314113,-5.5182518592922594e-05,2.893775091607556e-07,0.00016735117870631303,-5.518261266782431e-05
1009,996,1382.0,0.00016699268629659847,-5.5182518592922594e-05,3.17101308968705e-07,0.0001669927994428753,-5.518263173919942e-05
1011,996,1111.0,0.0001673510846314113,-5.515498725832107e-05,-6.65327392389628e-08,0.00016735108960498938,-5.515499223189915e-05
1008,996,1392.0,0.00016699268629659847,-5.515498725832107e-05,-3.8808939430796593e-08,0.00016699268799156755,-5.515498895329017e-05
1012,997,1139.0,0.0001658062186294289,-5.4946350392465557e-05,8.713555179370829e-08,0.00016580622722797448,-5.4946358991011125e-05
1013,997,1140.0,0.0001658062186294289,-5.5147083498731217e-05,9.120718598215269e-08,0.0001658062280417689,-5.514709291107123e-05
1014,997,1383.0,0.00016581031874765778,-5.5147083498731217e-05,-1.1093019424432762e-07,0.00016581033267059847,-5.5147097421671905e-05
1015,997,1393.0,0.00016581031874765778,-5.4946350392465557e-05,-1.1500182843277203e-07,0.00016581033372503048,-5.4946365369838265e-05
1016,998,1393.0,0.00016581031874765778,-5.4937151391411044e-05,6.0048148143102e-08,0.00016581032283126068,-5.493715547501393e-05
1017,998,1383.0,0.00016581031874765778,-5.5128371602201584e-05,7.367687995872389e-08,0.00016581032488995284,-5.512837774449663e-05
1018,998,1384.0,0.00016582404282906664,-5.5128371602201584e-05,-1.1888114931487767e-07,0.00016582405881975708,-5.512838759289202e-05
1019,998,1394.0,0.00016582404282906664,-5.4937151391411044e-05,-1.3250988113049957e-07,0.00016582406271352493,-5.493717127586931e-05
1023,999,1395.0,0.00016585147743578498,-5.492102503406026e-05,-1.3007563026560046e-07,0.00016585149659540397,-5.4921044193679245e-05
1020,999,1394.0,0.00016582404282906664,-5.492102503406026e-05,4.425354282848459e-08,0.0001658240450469826,-5.4921027251976214e-05
1021,999,1384.0,0.00016582404282906664,-5.509414312032771e-05,7.1497557862241e-08,0.00016582404861390122,-5.509414890516229e-05
1022,999,1385.0,0.00016585147743578498,-5.509414312032771e-05,-1.0283161523184405e-07,0.00016585148940065272,-5.509415508519546e-05
1027,1000,1396.0,0.00016589882712440005,-5.4902232818970575e-05,-1.0173312870787911e-07,0.00016589883884267364,-5.4902244537244184e-05
1026,1000,1386.0,0.00016589882712440005,-5.505044348816707e-05,-5.471240735986649e-08,0.00016589883051143031,-5.505044687519734e-05
1024,1000,1395.0,0.00016585147743578498,-5.4902232818970575e-05,4.751445479710299e-08,0.0001658514799925069,-5.4902235375692485e-05
1025,1000,1385.0,0.00016585147743578498,-5.505044348816707e-05,9.453517614511561e-08,0.00016585148754988798,-5.505045360227007e-05
1028,1001,1396.0,0.00016589882712440005,-5.4886477056138546e-05,7.29193068951979e-08,0.0001658988331452097,-5.488648307694821e-05
1029,1001,1386.0,0.00016589882712440005,-5.500549356423387e-05,1.471088818924722e-07,0.000165898851615796,-5.5005518055629813e-05
1030,1001,1387.0,0.00016597353563634282,-5.500549356423387e-05,2.7259884013931465e-08,0.0001659735364770349,-5.500549440492594e-05
1031,1001,1397.0,0.00016597353563634282,-5.4886477056138546e-05,-4.6929690983125993e-08,0.00016597353812932,-5.488647954911571e-05
1034,1002,1388.0,0.00016608311863704358,-5.4968716973460006e-05,1.3691942699393077e-07,0.00016608313983900244,-5.4968738175418855e-05
1032,1002,1397.0,0.00016597353563634282,-5.4880113811148104e-05,1.1732071909125764e-07,0.0001659735512169662,-5.48801293917715e-05
1033,1002,1387.0,0.00016597353563634282,-5.4968716973460006e-05,2.2614243281866668e-07,0.00016597359350257925,-5.496877483969645e-05
1035,1002,1398.0,0.00016608311863704358,-5.4880113811148104e-05,2.8097713266955412e-08,0.0001660831195302708,-5.4880114704375314e-05
1039,1003,1399.0,0.00016623376932756607,-5.488917172810252e-05,1.0950975437682038e-07,0.00016623378288607057,-5.4889185286607017e-05
1038,1003,1389.0,0.00016623376932756607,-5.494951759779274e-05,2.591138554873876e-07,0.0001662338452148178,-5.494959348504445e-05
1036,1003,1398.0,0.00016608311863704358,-5.488917172810252e-05,1.7027778728175014e-07,0.00016608315144038793,-5.488920453144688e-05
1037,1003,1388.0,0.00016608311863704358,-5.494951759779274e-05,3.1988188839231733e-07,0.00016608323437150102,-5.49496333322502e-05
1042,1004,1390.0,0.00016642881975289375,-5.495587222819617e-05,3.694333616018758e-07,0.0001664289738747895,-5.49560263500919e-05
1040,1004,1399.0,0.00016623376932756607,-5.491823543450478e-05,2.1363806667815382e-07,0.00016623382092241024,-5.491828702934894e-05
1041,1004,1389.0,0.00016623376932756607,-5.495587222819617e-05,4.073334520175286e-07,0.00016623395685940446,-5.495605976003456e-05
1043,1004,1400.0,0.00016642881975289375,-5.491823543450478e-05,1.7573797626239257e-07,0.00016642885463457696,-5.491827031618799e-05
1045,1005,1390.0,0.00016642881975289375,-5.499282007172024e-05,4.5855086118636555e-07,0.0001664290571604333,-5.4993057479259776e-05
1046,1005,1391.0,0.0001666671557768568,-5.499282007172024e-05,4.3483229461094633e-07,0.00016666736903022135,-5.499303332508478e-05
1044,1005,1400.0,0.00016642881975289375,-5.496926628102851e-05,2.2187058774274845e-07,0.00016642887533890427,-5.4969321867039025e-05
1047,1005,1401.0,0.0001666671557768568,-5.496926628102851e-05,1.9815202116765449e-07,0.00016666720006584967,-5.496931057002137e-05
1049,1006,1391.0,0.0001666671557768568,-5.506094820862534e-05,4.358775625270053e-07,0.00016666736999086773,-5.506116242263626e-05
1050,1006,1392.0,0.00016694170169771218,-5.506094820862534e-05,4.1523280634779645e-07,0.00016694189585995836,-5.506114237087153e-05
1048,1006,1401.0,0.0001666671557768568,-5.504044687417993e-05,1.6323894692742147e-07,0.00016666718582425917,-5.504047692158229e-05
1051,1006,1402.0,0.00016694170169771218,-5.504044687417993e-05,1.42594190748321e-07,0.00016694172459719,-5.5040469773657733e-05
1053,1007,1392.0,0.00016694170169771218,-5.515498725832107e-05,2.9621179608967096e-07,0.0001669418004625672,-5.515508602317607e-05
1055,1007,1112.0,0.00016723810480451348,-5.5125147338790635e-05,-2.81808322723405e-08,0.00016723810569737604,-5.51251482316532e-05
1054,1007,1111.0,0.00016723810480451348,-5.515498725832107e-05,2.661631246360461e-07,0.00016723818444141104,-5.515506689521861e-05
1052,1007,1402.0,0.00016694170169771218,-5.5125147338790635e-05,1.8678391811759523e-09,0.00016694170170163987,-5.5125147342718306e-05
1056,1008,1138.0,0.00016574659849741486,-5.479759820356344e-05,7.994748352419846e-08,0.00016574660574267453,-5.479760544882313e-05
1057,1008,1139.0,0.00016574659849741486,-5.4946350392465557e-05,8.713555179370829e-08,0.0001657466070982833,-5.4946358993334014e-05
1059,1008,1403.0,0.0001657538368158109,-5.479759820356344e-05,-6.984459760312096e-08,0.00016575384234543677,-5.479760373318931e-05
1058,1008,1393.0,0.0001657538368158109,-5.4946350392465557e-05,-6.26565293333943e-08,0.00016575384126283997,-5.494635483949462e-05
1061,1009,1393.0,0.0001657538368158109,-5.4937151391411044e-05,1.1239344724226288e-07,0.00016575385112573614,-5.493716570133627e-05
1063,1009,1404.0,0.0001657764849894159,-5.479555003680721e-05,-5.268881307185329e-08,0.0001657764881359061,-5.479555318329741e-05
1062,1009,1394.0,0.0001657764849894159,-5.4937151391411044e-05,-3.019787946588991e-08,0.00016577648602232888,-5.493715242432402e-05
1060,1009,1403.0,0.0001657538368158109,-5.479555003680721e-05,8.990251363651634e-08,0.0001657538459775476,-5.479555919854388e-05
1064,1010,1404.0,0.0001657764849894159,-5.4792992708024195e-05,1.0613957166232153e-07,0.00016577649775819075,-5.479300547679907e-05
1065,1010,1394.0,0.0001657764849894159,-5.492102503406026e-05,1.4656554449309425e-07,0.0001657765093230122,-5.492104936765657e-05
1066,1010,1395.0,0.00016581719357089408,-5.492102503406026e-05,1.763817401184177e-08,0.00016581719392324038,-5.492102538640657e-05
1067,1010,1405.0,0.00016581719357089408,-5.4792992708024195e-05,-2.278779881893095e-08,0.00016581719415935712,-5.4792993296487244e-05
1068,1011,1405.0,0.00016581719357089408,-5.479277628169955e-05,1.3296557672959342e-07,0.0001658172136060754,-5.479279631688087e-05
1069,1011,1395.0,0.00016581719357089408,-5.4902232818970575e-05,1.9522825907454522e-07,0.0001658172367411604,-5.49022759892369e-05
1070,1011,1396.0,0.00016587989154793537,-5.4902232818970575e-05,8.500648252429861e-08,0.0001658798997303254,-5.490224100136059e-05
1071,1011,1406.0,0.00016587989154793537,-5.479277628169955e-05,2.274380017934681e-08,0.00016587989213396223,-5.479277686772641e-05
1072,1012,1406.0,0.00016587989154793537,-5.479861928075412e-05,1.7108807509852008e-07,0.00016587992470830625,-5.4798652441124984e-05
1073,1012,1396.0,0.00016587989154793537,-5.4886477056138546e-05,2.596589181273756e-07,0.0001658799678987071,-5.4886553406910266e-05
1074,1012,1397.0,0.00016596908148208017,-5.4886477056138546e-05,1.7118703581628716e-07,0.00016596911465420976,-5.4886510228268126e-05
1075,1012,1407.0,0.00016596908148208017,-5.479861928075412e-05,8.261619278754004e-08,0.00016596908921128495,-5.47986270099589e-05
1079,1013,1408.0,0.00016608891039775696,-5.481447812903049e-05,1.5034588499922112e-07,0.0001660889359789428,-5.481450371021631e-05
1076,1013,1407.0,0.00016596908148208017,-5.481447812903049e-05,2.1644041102398745e-07,0.0001659691345277421,-5.481453117469244e-05
1077,1013,1397.0,0.00016596908148208017,-5.4880113811148104e-05,3.3543744589088764e-07,0.00016596920885204305,-5.4880241181110974e-05
1078,1013,1398.0,0.00016608891039775696,-5.4880113811148104e-05,2.6934291986633815e-07,0.00016608899247439845,-5.488019588778961e-05
1080,1014,1408.0,0.00016608891039775696,-5.484376819953079e-05,2.594256534031074e-07,0.00016608898655404004,-5.484384435581387e-05
1081,1014,1398.0,0.00016608891039775696,-5.488917172810252e-05,4.1152299388091604e-07,0.00016608910199031904,-5.488936332066459e-05
1082,1014,1399.0,0.00016624207101564284,-5.488917172810252e-05,3.6580205971877174e-07,0.00016624222229577596,-5.488932300823563e-05
1083,1014,1409.0,0.00016624207101564284,-5.484376819953079e-05,2.137047192408547e-07,0.00016624212265813667,-5.4843819842024635e-05
1084,1015,1409.0,0.00016624207101564284,-5.488848890992319e-05,2.8468886113103276e-07,0.00016624216264444586,-5.4888580538726216e-05
1085,1015,1399.0,0.00016624207101564284,-5.491823543450478e-05,4.699303720202136e-07,0.00016624232064713055,-5.491848506599249e-05
1086,1015,1400.0,0.00016642860750718642,-5.491823543450478e-05,4.399758963498151e-07,0.0001664288261443664,-5.491845407168477e-05
1087,1015,1410.0,0.00016642860750718642,-5.488848890992319e-05,2.5473438546052586e-07,0.0001664286808065233,-5.4888562209260084e-05
1091,1016,1411.0,0.00016664471105783704,-5.494831708538906e-05,2.5040955275372305e-07,0.00016664478180117745,-5.4948387828729475e-05
1089,1016,1400.0,0.00016642860750718642,-5.496926628102851e-05,4.861085078303878e-07,0.00016642887433585164,-5.496953310969374e-05
1090,1016,1401.0,0.00016664471105783704,-5.496926628102851e-05,4.6501286119860017e-07,0.00016664495499182268,-5.4969510215014154e-05
1088,1016,1410.0,0.00016642860750718642,-5.494831708538906e-05,2.715051993855107e-07,0.0001664286907532674,-5.494840033147006e-05
1092,1017,1411.0,0.00016664471105783704,-5.501974347625789e-05,1.9485013472619796e-07,0.00016664475387770158,-5.5019786296122433e-05
1093,1017,1401.0,0.00016664471105783704,-5.504044687417993e-05,4.3009978695825873e-07,0.00016664491967087003,-5.504065548721292e-05
1094,1017,1402.0,0.00016688160528609947,-5.504044687417993e-05,4.0925165635920593e-07,0.00016688179396358126,-5.504063555166173e-05
1095,1017,1412.0,0.00016688160528609947,-5.501974347625789e-05,1.7400200412703674e-07,0.00016688163939663212,-5.5019777586790526e-05
1096,1018,1412.0,0.00016688160528609947,-5.509533594719954e-05,2.7186867542373233e-08,0.00016688160611853477,-5.509533677963483e-05
1097,1018,1402.0,0.00016688160528609947,-5.5125147338790635e-05,2.685253047921693e-07,0.00016688168648386944,-5.512522853656062e-05
1098,1018,1112.0,0.00016712463086467045,-5.5125147338790635e-05,2.3850550864205986e-07,0.0001671246948522048,-5.5125211326324995e-05
1099,1018,1113.0,0.00016712463086467045,-5.509533594719954e-05,-2.83292860762778e-09,0.0001671246308736992,-5.5095335956228305e-05
1100,1019,1137.0,0.00016571338351166,-5.468928314858023e-05,7.06702209345416e-08,0.0001657133891766096,-5.468928881352983e-05
1101,1019,1138.0,0.00016571338351166,-5.479759820356344e-05,7.994748352419846e-08,0.00016571339075801102,-5.479760544991446e-05
1102,1019,1403.0,0.00016572272567544366,-5.479759820356344e-05,-2.912531398631575e-08,0.00016572272663712816,-5.4797599165247945e-05
1103,1019,1413.0,0.00016572272567544366,-5.468928314858023e-05,-3.840257657597261e-08,0.00016572272734817223,-5.468928482130882e-05
1107,1020,1414.0,0.00016575130363272335,-5.469252565362208e-05,-1.5027758048374862e-09,0.00016575130363528448,-5.4692525656183204e-05
1104,1020,1413.0,0.00016572272567544366,-5.469252565362208e-05,1.0224238853326958e-07,0.0001657227375320477,-5.469253751022614e-05
1105,1020,1403.0,0.00016572272567544366,-5.479555003680721e-05,1.3062179725310472e-07,0.00016572274501857107,-5.479556937993463e-05
1106,1020,1404.0,0.00016575130363272335,-5.479555003680721e-05,2.687663291488923e-08,0.00016575130445154414,-5.479555085562799e-05
1108,1021,1414.0,0.00016575130363272335,-5.469997634890351e-05,1.3669903427455683e-07,0.00016575132482405435,-5.469999754023451e-05
1109,1021,1404.0,0.00016575130363272335,-5.4792992708024195e-05,1.8570501764906405e-07,0.00016575134272503727,-5.479303180033812e-05
1110,1021,1405.0,0.00016580065244856633,-5.4792992708024195e-05,9.203794149666329e-08,0.0001658006620487775,-5.4793002308235365e-05
1111,1021,1415.0,0.00016580065244856633,-5.469997634890351e-05,4.3031958122264485e-08,0.00016580065454804946,-5.469997844838664e-05
1112,1022,1415.0,0.00016580065244856633,-5.471338353900225e-05,1.7600546768083928e-07,0.00016580068756868872,-5.471341865912464e-05
1113,1022,1405.0,0.00016580065244856633,-5.479277628169955e-05,2.4779131704518766e-07,0.00016580072203418113,-5.4792845867314356e-05
1114,1022,1406.0,0.00016587294052745828,-5.479277628169955e-05,1.6784312532847848e-07,0.0001658729724437331,-5.479280819797438e-05
1115,1022,1416.0,0.00016587294052745828,-5.471338353900225e-05,9.60572759641301e-08,0.00016587295098481535,-5.471339399635932e-05
1117,1023,1406.0,0.00016587294052745828,-5.479861928075412e-05,3.161874002478686e-07,0.00016587305378901862,-5.479873254231447e-05
1119,1023,1417.0,0.00016597040984717365,-5.473492405780187e-05,1.5525436297789304e-07,0.0001659704371504493,-5.473495136107749e-05
1116,1023,1416.0,0.00016587294052745828,-5.473492405780187e-05,2.19395117589667e-07,0.00016587299507470415,-5.473497860504774e-05
1118,1023,1407.0,0.00016597040984717365,-5.479861928075412e-05,2.5204664563609463e-07,0.00016597048178603564,-5.479869121961612e-05
1120,1024,1417.0,0.00016597040984717365,-5.47667023343667e-05,2.624992877197892e-07,0.00016597048788780195,-5.4766780374994995e-05
1121,1024,1407.0,0.00016597040984717365,-5.481447812903049e-05,3.858708638724336e-07,0.00016597057844590707,-5.4814646727763906e-05
1122,1024,1408.0,0.0001660946444971619,-5.481447812903049e-05,3.377608428041176e-07,0.00016609477360264983,-5.4814607234518427e-05
1123,1024,1418.0,0.0001660946444971619,-5.47667023343667e-05,2.1438926665158162e-07,0.00016609469652386044,-5.476675436106523e-05
1124,1025,1418.0,0.0001660946444971619,-5.4810138033098486e-05,2.968188735957746e-07,0.0001660947442023414,-5.481023773827797e-05
1125,1025,1408.0,0.0001660946444971619,-5.484376819953079e-05,4.4684061120811233e-07,0.0001660948704270095,-5.48439941293784e-05
1126,1025,1409.0,0.00016624571574585644,-5.484376819953079e-05,4.129751773208207e-07,0.00016624590859576645,-5.48439610494408e-05
1127,1025,1419.0,0.00016624571574585644,-5.4810138033098486e-05,2.629534397086998e-07,0.00016624579394383876,-5.481021623108082e-05
1131,1026,1420.0,0.0001664212695493667,-5.486528885072635e-05,2.8626274971819965e-07,0.00016642136212878972,-5.486538143014937e-05
1130,1026,1410.0,0.0001664212695493667,-5.488848890992319e-05,4.605969587393637e-07,0.0001664215092013935,-5.4888728561949994e-05
1128,1026,1419.0,0.00016624571574585644,-5.486528885072635e-05,3.0962511018972627e-07,0.00016624582413899368,-5.486539724386359e-05
1129,1026,1409.0,0.00016624571574585644,-5.488848890992319e-05,4.839593192109987e-07,0.0001662459805356733,-5.488875369974004e-05
1132,1027,1420.0,0.0001664212695493667,-5.493016490347105e-05,2.843572134710688e-07,0.00016642136087359022,-5.4930256227694556e-05
1133,1027,1410.0,0.0001664212695493667,-5.494831708538906e-05,4.773677726641317e-07,0.0001664215269014819,-5.494857443750428e-05
1134,1027,1411.0,0.00016661563035769177,-5.494831708538906e-05,4.5908860304175007e-07,0.00016661586816953082,-5.4948554897228105e-05
1135,1027,1421.0,0.00016661563035769177,-5.493016490347105e-05,2.6607804384857874e-07,0.00016661571024805915,-5.4930244793838416e-05
1136,1028,1421.0,0.00016661563035769177,-5.500009933214042e-05,2.0156551248603528e-07,0.00016661567619000644,-5.500014516445508e-05
1137,1028,1411.0,0.00016661563035769177,-5.501974347625789e-05,4.0352918501411657e-07,0.00016661581403287117,-5.50199271514373e-05
1138,1028,1412.0,0.00016681900691288597,-5.501974347625789e-05,3.8374761583215636e-07,0.00016681917286915176,-5.501990943252368e-05
1139,1028,1422.0,0.00016681900691288597,-5.500009933214042e-05,1.8178394330407507e-07,0.0001668190441565178,-5.500013657577224e-05
1143,1029,1114.0,0.00016701689251134573,-5.506724618874897e-05,1.2135350357196303e-08,0.00016701689267712382,-5.506724635452706e-05
1142,1029,1113.0,0.00016701689251134573,-5.509533594719954e-05,2.0864621252231728e-07,0.00016701694151048538,-5.509538494633918e-05
1140,1029,1422.0,0.00016681900691288597,-5.506724618874897e-05,4.0421617082371866e-08,0.0001668190087538147,-5.506724802967771e-05
1141,1029,1412.0,0.00016681900691288597,-5.509533594719954e-05,2.3693247924749285e-07,0.00016681907015461136,-5.509539918892493e-05
1144,1030,1136.0,0.0001656980907881882,-5.4611993867348435e-05,6.005042308668187e-08,0.00016569809488020838,-5.461199795936861e-05
1145,1030,1137.0,0.0001656980907881882,-5.468928314858023e-05,7.06702209345416e-08,0.0001656980964535309,-5.468928881392292e-05
1146,1030,1413.0,0.00016570878482659204,-5.468928314858023e-05,-7.159371826284677e-09,0.00016570878488473298,-5.468928320672117e-05
1147,1030,1423.0,0.00016570878482659204,-5.4611993867348435e-05,-1.777916967414441e-08,0.0001657087851852723,-5.4611994226028704e-05
1148,1031,1423.0,0.00016570878482659204,-5.461907865138034e-05,1.0136924623327121e-07,0.00016570879648617447,-5.4619090310962755e-05
1149,1031,1413.0,0.00016570878482659204,-5.469252565362208e-05,1.334855932828491e-07,0.00016570880503790787,-5.469254586493792e-05
1150,1031,1414.0,0.0001657411257074238,-5.469252565362208e-05,5.9525103839270024e-08,0.00016574112972590955,-5.4692529672107814e-05
1151,1031,1424.0,0.0001657411257074238,-5.461907865138034e-05,2.7408756789583724e-08,0.00016574112655971012,-5.4619079503666644e-05
1154,1032,1415.0,0.00016579579485579668,-5.469997634890351e-05,1.310606196530716e-07,0.00016579581433109593,-5.469999582420276e-05
1155,1032,1425.0,0.00016579579485579668,-5.4633772867895676e-05,7.677099750011407e-08,0.00016579580154022874,-5.463377955232773e-05
1152,1032,1424.0,0.0001657411257074238,-5.4633772867895676e-05,1.4343729176603207e-07,0.000165741149047485,-5.4633796207956876e-05
1153,1032,1414.0,0.0001657411257074238,-5.469997634890351e-05,1.9772691391877276e-07,0.0001657411700457122,-5.47000206871919e-05
1156,1033,1425.0,0.00016579579485579668,-5.465697931193294e-05,1.8675048158779163e-07,0.0001657958344059183,-5.465701886205455e-05
1157,1033,1415.0,0.00016579579485579668,-5.471338353900225e-05,2.6403412921142955e-07,0.00016579587389331898,-5.471346257652453e-05
1158,1033,1416.0,0.00016587361881361372,-5.471338353900225e-05,2.0723556543879827e-07,0.0001658736674866652,-5.471343221205375e-05
1159,1033,1426.0,0.00016587361881361372,-5.465697931193294e-05,1.2995191781516036e-07,0.00016587363795778195,-5.4656998456101163e-05
1160,1034,1426.0,0.00016587361881361372,-5.4689696805713625e-05,2.297686329702335e-07,0.00016587367865313215,-5.468975664523207e-05
1161,1034,1416.0,0.00016587361881361372,-5.473492405780187e-05,3.305734070644436e-07,0.00016587374265142468,-5.4735047895612833e-05
1162,1034,1417.0,0.0001659751281913672,-5.473492405780187e-05,2.850300262254718e-07,0.00016597522021490798,-5.473501608134265e-05
1163,1034,1427.0,0.0001659751281913672,-5.4689696805713625e-05,1.8422525213104488e-07,0.0001659751666421461,-5.468973525649255e-05
1164,1035,1427.0,0.0001659751281913672,-5.473262430924096e-05,2.68282724878114e-07,0.00016597520971953407,-5.473270583740781e-05
1165,1035,1417.0,0.0001659751281913672,-5.47667023343667e-05,3.9227495096725955e-07,0.00016597530246680392,-5.476687660980342e-05
1166,1035,1418.0,0.00016609998721849538,-5.47667023343667e-05,3.579586942319482e-07,0.00016610013225433452,-5.476684737020585e-05
1167,1035,1428.0,0.00016609998721849538,-5.473262430924096e-05,2.3396646814280268e-07,0.0001661000491888408,-5.473268627958636e-05
1171,1036,1429.0,0.00016624633636970866,-5.4785682934356214e-05,2.704290818563316e-07,0.0001662464190860739,-5.478576565072144e-05
1169,1036,1418.0,0.00016609998721849538,-5.4810138033098486e-05,4.4038830117635805e-07,0.00016610020669877374,-5.481035751337684e-05
1168,1036,1428.0,0.00016609998721849538,-5.4785682934356214e-05,2.9505514055042006e-07,0.00016610008575080066,-5.4785781466661494e-05
1170,1036,1419.0,0.00016624633636970866,-5.4810138033098486e-05,4.157622424822696e-07,0.00016624653186057798,-5.4810333523967815e-05
1172,1037,1429.0,0.00016624633636970866,-5.484749722890037e-05,2.998007346071926e-07,0.0001662464380012622,-5.484759886045393e-05
1173,1037,1419.0,0.00016624633636970866,-5.486528885072635e-05,4.6243391296318763e-07,0.00016624657815356988,-5.4865530634587564e-05
1174,1037,1420.0,0.000166410106479084,-5.486528885072635e-05,4.445179140148952e-07,0.00016641032972574934,-5.48655120973917e-05
1175,1037,1430.0,0.000166410106479084,-5.484749722890037e-05,2.8188473565884595e-07,0.0001664101962601476,-5.4847587009963965e-05
1178,1038,1421.0,0.00016658436818525854,-5.493016490347105e-05,4.2722600814579324e-07,0.00016658457417839336,-5.493037089660586e-05
1179,1038,1431.0,0.00016658436818525854,-5.491488534968352e-05,2.5417406814866317e-07,0.00016658444110247454,-5.4914958266899516e-05
1176,1038,1430.0,0.000166410106479084,-5.491488534968352e-05,2.695604377708511e-07,0.00016641018855612604,-5.4914967426725585e-05
1177,1038,1420.0,0.000166410106479084,-5.493016490347105e-05,4.426123777680896e-07,0.00016641032775097442,-5.493038617536148e-05
1183,1039,1432.0,0.0001667587902009802,-5.4982414010981066e-05,1.7169338498764647e-07,0.00016675882343636166,-5.498244724636253e-05
1182,1039,1422.0,0.0001667587902009802,-5.500009933214042e-05,3.449045216251303e-07,0.0001667589243095354,-5.5000233440695616e-05
1180,1039,1431.0,0.00016658436818525854,-5.4982414010981066e-05,1.895023401459828e-07,0.00016658440870479175,-5.498245453051427e-05
1181,1039,1421.0,0.00016658436818525854,-5.500009933214042e-05,3.627134767833582e-07,0.00016658451661734358,-5.500024776422547e-05
1184,1040,1432.0,0.0001667587902009802,-5.504207869878874e-05,4.4162843180822406e-08,0.0001667587923992997,-5.5042080897108246e-05
1185,1040,1422.0,0.0001667587902009802,-5.506724618874897e-05,2.0354219540342708e-07,0.00016675883689231687,-5.506729288008564e-05
1186,1040,1114.0,0.00016691928373747445,-5.506724618874897e-05,1.7819876532872408e-07,0.00016691931949954847,-5.506728195082298e-05
1187,1040,1115.0,0.00016691928373747445,-5.504207869878874e-05,1.8819413106010985e-08,0.0001669192841363843,-5.504207909769861e-05
1191,1041,1433.0,0.00016570561612649015,-5.455821078870646e-05,-5.54649852056114e-09,0.00016570561616140696,-5.455821082362328e-05
1188,1041,1135.0,0.0001656940983939077,-5.455821078870646e-05,4.861267186473568e-08,0.00016569410107627666,-5.455821347107544e-05
1189,1041,1136.0,0.0001656940983939077,-5.4611993867348435e-05,6.005042308668187e-08,0.00016569410248600203,-5.461199795944277e-05
1190,1041,1423.0,0.00016570561612649015,-5.4611993867348435e-05,5.891252701493467e-09,0.0001657056161658729,-5.461199390673118e-05
1192,1042,1433.0,0.00016570561612649015,-5.456802027043159e-05,9.06879914254477e-08,0.0001657056254606887,-5.4568029604630145e-05
1193,1042,1423.0,0.00016570561612649015,-5.461907865138034e-05,1.2503966860880067e-07,0.00016570563386725847,-5.461909639214866e-05
1194,1042,1424.0,0.00016574020803335253,-5.461907865138034e-05,7.362422391632862e-08,0.00016574021418299826,-5.4619084801026065e-05
1195,1042,1434.0,0.00016574020803335253,-5.456802027043159e-05,3.927254673286723e-08,0.00016574020978355147,-5.456802202063053e-05
1197,1043,1424.0,0.00016574020803335253,-5.4633772867895676e-05,1.8965275889277697e-07,0.00016574024883690174,-5.4633813671444875e-05
1196,1043,1434.0,0.00016574020803335253,-5.4587832687714134e-05,1.3234655765574643e-07,0.0001657402279078198,-5.4587852562181407e-05
1198,1043,1425.0,0.00016579791496265618,-5.4633772867895676e-05,1.4339133041379494e-07,0.00016579793828175296,-5.463379618699246e-05
1199,1043,1435.0,0.00016579791496265618,-5.4587832687714134e-05,8.60851291767644e-08,0.00016579792336910858,-5.458784109416653e-05
1200,1044,1435.0,0.00016579791496265618,-5.4617917339633396e-05,1.7328530961882582e-07,0.0001657979490207744,-5.461795139775162e-05
1202,1044,1426.0,0.0001658785605250584,-5.465697931193294e-05,2.1403567227731499e-07,0.00016587861245689016,-5.465703124376471e-05
1201,1044,1425.0,0.00016579791496265618,-5.465697931193294e-05,2.5337081450125566e-07,0.00016579798776297734,-5.4657052112254116e-05
1203,1044,1436.0,0.0001658785605250584,-5.4617917339633396e-05,1.3395016739477673e-07,0.00016587858086851903,-5.461793768309405e-05
1204,1045,1436.0,0.0001658785605250584,-5.4658394030317425e-05,2.117221880901612e-07,0.0001658786113399827,-5.465844484524173e-05
1205,1045,1426.0,0.0001658785605250584,-5.4689696805713625e-05,3.1385238743238814e-07,0.00016587867217221063,-5.468980845286588e-05
1206,1045,1427.0,0.0001659814047950208,-5.4689696805713625e-05,2.82330750304852e-07,0.00016598149509979945,-5.468978711049228e-05
1207,1045,1437.0,0.0001659814047950208,-5.4658394030317425e-05,1.802005509627877e-07,0.00016598144158828443,-5.4658430823581065e-05
1210,1046,1428.0,0.00016610470188448037,-5.473262430924096e-05,3.425179715144935e-07,0.0001661048346954642,-5.473275712022481e-05
1211,1046,1438.0,0.00016610470188448037,-5.4708919817342294e-05,2.200770808662069e-07,0.00016610475672021596,-5.470897465307788e-05
1208,1046,1437.0,0.0001659814047950208,-5.4708919817342294e-05,2.4394733240363457e-07,0.00016598147220880856,-5.470898723113005e-05
1209,1046,1427.0,0.0001659814047950208,-5.473262430924096e-05,3.663882230517043e-07,0.00016598155684724653,-5.473277636146671e-05
1215,1047,1439.0,0.00016624519891658988,-5.47683163201179e-05,2.465971956802475e-07,0.0001662452677021548,-5.4768385105682805e-05
1213,1047,1428.0,0.00016610470188448037,-5.4785682934356214e-05,4.036066439221109e-07,0.0001661048862498922,-5.478586729976804e-05
1212,1047,1438.0,0.00016610470188448037,-5.47683163201179e-05,2.6408525034902607e-07,0.0001661047808223641,-5.476839525800165e-05
1214,1047,1429.0,0.00016624519891658988,-5.4785682934356214e-05,3.861185892533323e-07,0.00016624536754398933,-5.4785851561755665e-05
1216,1048,1439.0,0.00016624519891658988,-5.4834174540484466e-05,2.641193457688729e-07,0.00016624527780115838,-5.483425342505297e-05
1217,1048,1429.0,0.00016624519891658988,-5.484749722890037e-05,4.154902420042475e-07,0.00016624539411976913,-5.484769243207962e-05
1218,1048,1430.0,0.00016639762831199747,-5.484749722890037e-05,4.020743913290756e-07,0.00016639781098684995,-5.484767990375286e-05
1219,1048,1440.0,0.00016639762831199747,-5.4834174540484466e-05,2.507034950938094e-07,0.00016639769933729926,-5.4834245565786276e-05
1223,1049,1441.0,0.00016655424882945765,-5.490248112294385e-05,2.2172621269101259e-07,0.00016655430432844958,-5.490253662193578e-05
1220,1049,1440.0,0.00016639762831199747,-5.490248112294385e-05,2.3421717911475091e-07,0.00016639769028403147,-5.4902543094977854e-05
1221,1049,1430.0,0.00016639762831199747,-5.491488534968352e-05,3.897500934412976e-07,0.0001663977999076012,-5.491505694528723e-05
1222,1049,1431.0,0.00016655424882945765,-5.491488534968352e-05,3.772591270173424e-07,0.00016655440948880437,-5.4915046009030257e-05
1224,1050,1441.0,0.00016655424882945765,-5.496731473072624e-05,1.6338100687640373e-07,0.00016655427895445921,-5.4967344855727786e-05
1225,1050,1431.0,0.00016655424882945765,-5.4982414010981066e-05,3.125873990145536e-07,0.0001665543590943142,-5.498252427583761e-05
1226,1050,1432.0,0.0001667044985849274,-5.4982414010981066e-05,2.9738253323405295e-07,0.00016670459831604173,-5.4982513742095384e-05
1227,1050,1442.0,0.0001667044985849274,-5.496731473072624e-05,1.4817614109579463e-07,0.0001667045233469461,-5.496733949274493e-05
1230,1051,1115.0,0.00016683482543310287,-5.504207869878874e-05,1.4828806655417092e-07,0.00016683485020962062,-5.504210347530651e-05
1231,1051,1116.0,0.00016683482543310287,-5.5020664517976586e-05,1.886623319266416e-08,0.00016683482583419138,-5.5020664919065105e-05
1228,1051,1442.0,0.0001667044985849274,-5.5020664517976586e-05,4.043015806550528e-08,0.00016670450042797225,-5.502066636102143e-05
1229,1051,1432.0,0.0001667044985849274,-5.504207869878874e-05,1.6985199142701204e-07,0.00016670453111045173,-5.504211122431305e-05
1232,1052,1134.0,0.00016569634080458042,-5.452208749202304e-05,3.670905713215253e-08,0.0001656963423343739,-5.452208902181651e-05
1233,1052,1135.0,0.00016569634080458042,-5.455821078870646e-05,4.861267186473568e-08,0.00016569634348692207,-5.455821347104813e-05
1235,1052,1443.0,0.00016570832765834152,-5.452208749202304e-05,3.3315918524391003e-10,0.0001657083276584675,-5.452208749214903e-05
1234,1052,1433.0,0.00016570832765834152,-5.455821078870646e-05,1.2236773917827064e-08,0.00016570832782829314,-5.4558210958658096e-05
1236,1053,1443.0,0.00016570832765834152,-5.4533762515947215e-05,7.288158476834346e-08,0.00016570833368775812,-5.4533768545363825e-05
1237,1053,1433.0,0.00016570832765834152,-5.456802027043159e-05,1.0847126386361906e-07,0.00016570834101203847,-5.456803362412853e-05
1238,1053,1434.0,0.00016574416622476594,-5.456802027043159e-05,7.397393652480971e-08,0.00016574417243429889,-5.456802647996454e-05
1239,1053,1444.0,0.00016574416622476594,-5.4533762515947215e-05,3.838425742942568e-08,0.0001657441678969162,-5.45337641880975e-05
1243,1054,1445.0,0.00016580343037264872,-5.455706664843131e-05,7.721416268554378e-08,0.00016580343713659554,-5.4557073412378125e-05
1242,1054,1435.0,0.00016580343037264872,-5.4587832687714134e-05,1.3606676887501553e-07,0.0001658034513741208,-5.4587853689186214e-05
1240,1054,1444.0,0.00016574416622476594,-5.455706664843131e-05,1.0819534125821716e-07,0.0001657441795091119,-5.4557079932777255e-05
1241,1054,1434.0,0.00016574416622476594,-5.4587832687714134e-05,1.670479474476889e-07,0.0001657441978872263,-5.45878643501745e-05
1247,1055,1446.0,0.00016588521533325085,-5.459181225787215e-05,1.1576231800751458e-07,0.00016588523052861326,-5.459182745323456e-05
1245,1055,1435.0,0.00016580343037264872,-5.4617917339633396e-05,2.2326694931707695e-07,0.000165803486909956,-5.4617973876940675e-05
1244,1055,1445.0,0.00016580343037264872,-5.459181225787215e-05,1.4204995898926993e-07,0.00016580345326128792,-5.459183514651135e-05
1246,1055,1436.0,0.00016588521533325085,-5.4617917339633396e-05,1.969793083353216e-07,0.00016588525932450816,-5.461796133089069e-05
1248,1056,1446.0,0.00016588521533325085,-5.4637487454949925e-05,1.7281501165386601e-07,0.00016588524919033596,-5.463752131203503e-05
1249,1056,1436.0,0.00016588521533325085,-5.4658394030317425e-05,2.7475132903065184e-07,0.00016588530090392748,-5.4658479600994055e-05
1250,1056,1437.0,0.00016598786436567033,-5.4658394030317425e-05,2.536985797466475e-07,0.00016598793729116266,-5.465846695580976e-05
1251,1056,1447.0,0.00016598786436567033,-5.4637487454949925e-05,1.5176226236986168e-07,0.00016598789046396475,-5.463751355324435e-05
1254,1057,1438.0,0.00016610862461002645,-5.4708919817342294e-05,3.0141924421906233e-07,0.00016610872747042043,-5.470902267773627e-05
1252,1057,1447.0,0.00016598786436567033,-5.469300498882638e-05,1.9752369930024598e-07,0.0001659879085647938,-5.4693049187949855e-05
1253,1057,1437.0,0.00016598786436567033,-5.4708919817342294e-05,3.174453611874944e-07,0.0001659879785172036,-5.470903396887557e-05
1255,1057,1448.0,0.00016610862461002645,-5.469300498882638e-05,1.814975823317055e-07,0.0001661086619074944,-5.469304228629435e-05
1258,1058,1439.0,0.00016624326561138364,-5.47683163201179e-05,3.3343631292061943e-07,0.00016624339137369723,-5.476844208243151e-05
1259,1058,1449.0,0.00016624326561138364,-5.47564084878573e-05,1.9973028469078176e-07,0.0001662433107383489,-5.475645361482257e-05
1256,1058,1448.0,0.00016610862461002645,-5.47564084878573e-05,2.117213854719354e-07,0.00016610867534908432,-5.475645922691515e-05
1257,1058,1438.0,0.00016610862461002645,-5.47683163201179e-05,3.4542741370177307e-07,0.00016610875966263162,-5.476845137272308e-05
1260,1059,1449.0,0.00016624326561138364,-5.4824569487762315e-05,2.0950611797070518e-07,0.00016624331524864045,-5.482461912501912e-05
1262,1059,1440.0,0.00016638570709762363,-5.4834174540484466e-05,3.4128624453323275e-07,0.00016638583872710303,-5.483430616996385e-05
1263,1059,1450.0,0.00016638570709762363,-5.4824569487762315e-05,1.998338994946931e-07,0.00016638575222841488,-5.482461461855355e-05
1261,1059,1439.0,0.00016624326561138364,-5.4834174540484466e-05,3.509584630091364e-07,0.00016624340489715275,-5.4834313826253596e-05
1267,1060,1451.0,0.0001665277046917305,-5.489291468661168e-05,1.7415506112488516e-07,0.00016652773893648684,-5.4892948931368015e-05
1266,1060,1441.0,0.0001665277046917305,-5.490248112294385e-05,3.1516659650294987e-07,0.00016652781683761168,-5.490259326882504e-05
1265,1060,1440.0,0.00016638570709762363,-5.490248112294385e-05,3.2479992855406585e-07,0.00016638582628037083,-5.4902600305691045e-05
1264,1060,1450.0,0.00016638570709762363,-5.489291468661168e-05,1.8378839317610956e-07,0.00016638574526010784,-5.489295284909589e-05
1270,1061,1442.0,0.00016665864863948813,-5.496731473072624e-05,2.446486349440887e-07,0.0001666587161551973,-5.496738224643541e-05
1271,1061,1452.0,0.00016665864863948813,-5.495522650494976e-05,1.1461398725931549e-07,0.00016665866345846685,-5.495524132392848e-05
1268,1061,1451.0,0.0001665277046917305,-5.495522650494976e-05,1.267867430036762e-07,0.00016652772283633064,-5.495524464954988e-05
1269,1061,1441.0,0.0001665277046917305,-5.496731473072624e-05,2.5682139068866627e-07,0.0001665277791372019,-5.496738917619765e-05
1272,1062,1452.0,0.00016665864863948813,-5.5003562325063224e-05,3.076214818574681e-08,0.00016665864970677623,-5.500356339235133e-05
1273,1062,1442.0,0.00016665864863948813,-5.5020664517976586e-05,1.3690265191369094e-07,0.00016665866977625326,-5.502068565474172e-05
1275,1062,1117.0,0.00016676553135746045,-5.5003562325063224e-05,1.3540363874835898e-08,0.00016676553156414105,-5.5003562531743804e-05
1274,1062,1116.0,0.00016676553135746045,-5.5020664517976586e-05,1.1968086760278003e-07,0.00016676554750308774,-5.5020680663603875e-05
1276,1063,1133.0,0.00016570105859777142,-5.44992699573705e-05,2.4562122663085526e-08,0.00016570105928271345,-5.4499270642312544e-05
1277,1063,1134.0,0.00016570105859777142,-5.452208749202304e-05,3.670905713215253e-08,0.0001657010601275321,-5.452208902178374e-05
1278,1063,1443.0,0.00016571329047274352,-5.452208749202304e-05,1.3731965113237491e-08,0.00016571329068679503,-5.4522087706074544e-05
1279,1063,1453.0,0.00016571329047274352,-5.44992699573705e-05,1.585030644170489e-09,0.00016571329047559567,-5.449926996022265e-05
1282,1064,1444.0,0.00016574975238848921,-5.4533762515947215e-05,6.451127380593035e-08,0.00016574975711161199,-5.453376723907001e-05
1283,1064,1454.0,0.00016574975238848921,-5.451214457857929e-05,2.8302574349968208e-08,0.00016574975329767476,-5.451214548776482e-05
1280,1064,1453.0,0.00016571329047274352,-5.451214457857929e-05,5.007169124037489e-08,0.00016571329331888869,-5.451214742472446e-05
1281,1064,1443.0,0.00016571329047274352,-5.4533762515947215e-05,8.628039069639125e-08,0.0001657132989226926,-5.4533770965896296e-05
1287,1065,1455.0,0.00016580969409434423,-5.453768659251755e-05,5.528132272347025e-08,0.00016580969756162462,-5.453769005979793e-05
1285,1065,1444.0,0.00016574975238848921,-5.455706664843131e-05,1.3432235763466763e-07,0.0001657497728627693,-5.4557087122711395e-05
1284,1065,1454.0,0.00016574975238848921,-5.453768659251755e-05,7.479689856653045e-08,0.00016574975873766634,-5.4537692941694676e-05
1286,1065,1445.0,0.00016580969409434423,-5.455706664843131e-05,1.1480678179171585e-07,0.00016580970904736642,-5.455708160145349e-05
1288,1066,1455.0,0.00016580969409434423,-5.457540095099475e-05,9.819926714865106e-08,0.00016580970503325958,-5.457541188991009e-05
1289,1066,1445.0,0.00016580969409434423,-5.459181225787215e-05,1.79642578095442e-07,0.00016580973069964136,-5.459184886316927e-05
1290,1066,1446.0,0.00016589170695828042,-5.459181225787215e-05,1.631165029357894e-07,0.00016589173712719055,-5.4591842426782256e-05
1291,1066,1456.0,0.00016589170695828042,-5.457540095099475e-05,8.167319198910689e-08,0.00016589171452234533,-5.4575408515059655e-05
1295,1067,1457.0,0.0001659935036595049,-5.462435206458243e-05,1.0585206251096085e-07,0.00016599351635641294,-5.4624364761490446e-05
1292,1067,1456.0,0.00016589170695828042,-5.462435206458243e-05,1.1907929247536686e-07,0.0001658917230340675,-5.462436814036952e-05
1293,1067,1446.0,0.00016589170695828042,-5.4637487454949925e-05,2.2016919658208664e-07,0.00016589176191071333,-5.463754240738284e-05
1294,1067,1447.0,0.0001659935036595049,-5.4637487454949925e-05,2.0694196661770773e-07,0.00016599355218506327,-5.4637535980508266e-05
1296,1068,1457.0,0.0001659935036595049,-5.468295592489991e-05,1.3538217152740022e-07,0.0001659935244233085,-5.4682976688703495e-05
1297,1068,1447.0,0.0001659935036595049,-5.469300498882638e-05,2.5270340354825466e-07,0.00016599357600079756,-5.469307733011903e-05
1298,1068,1448.0,0.00016611164528983278,-5.469300498882638e-05,2.4258406900758405e-07,0.00016611171191774652,-5.469307161674014e-05
1299,1068,1458.0,0.00016611164528983278,-5.468295592489991e-05,1.2526283698678382e-07,0.00016611166305609265,-5.4682973691159794e-05
1303,1069,1459.0,0.00016624124627365254,-5.4748741111033136e-05,1.3638586970909656e-07,0.0001662412673165784,-5.4748762153959e-05
1302,1069,1449.0,0.00016624124627365254,-5.47564084878573e-05,2.650868792572047e-07,0.00016624132576660957,-5.4756487980814315e-05
1300,1069,1458.0,0.00016611164528983278,-5.4748741111033136e-05,1.4410686259970582e-07,0.00016611166879652175,-5.474876461772211e-05
1301,1069,1448.0,0.00016611164528983278,-5.47564084878573e-05,2.7280787214781395e-07,0.00016611172953029382,-5.475649272831834e-05
1304,1070,1459.0,0.00016624124627365254,-5.481810958098777e-05,1.4134303006734785e-07,0.0001662412688669624,-5.4818132174297646e-05
1305,1070,1449.0,0.00016624124627365254,-5.4824569487762315e-05,2.748627125371281e-07,0.00016624133171142284,-5.4824654925532604e-05
1307,1070,1460.0,0.00016637569962618003,-5.481810958098777e-05,1.3483795076524915e-07,0.00016637572017520822,-5.481813013001595e-05
1306,1070,1450.0,0.00016637569962618003,-5.4824569487762315e-05,2.683576332350836e-07,0.00016637578101825194,-5.4824650879834204e-05
1308,1071,1460.0,0.00016637569962618003,-5.488613345854801e-05,1.2245366091468476e-07,0.0001663757165686614,-5.488615040102936e-05
1309,1071,1450.0,0.00016637569962618003,-5.489291468661168e-05,2.523121269165001e-07,0.0001663757715539011,-5.4892986614332755e-05
1310,1071,1451.0,0.00016650646616025977,-5.489291468661168e-05,2.454834794051201e-07,0.00016650653420710788,-5.489298273345977e-05
1311,1071,1461.0,0.00016650646616025977,-5.488613345854801e-05,1.1562501340319636e-07,0.00016650648125690577,-5.4886148555194014e-05
1315,1072,1462.0,0.00016662297662614303,-5.4946426892832335e-05,7.355262096207706e-08,0.00016662298273031152,-5.494643299700084e-05
1314,1072,1452.0,0.00016662297662614303,-5.495522650494976e-05,1.8925401565935817e-07,0.00016662301703746892,-5.4955266916275654e-05
1312,1072,1461.0,0.00016650646616025977,-5.4946426892832335e-05,8.241376658663004e-08,0.00016650647382783707,-5.4946434560409615e-05
1313,1072,1451.0,0.00016650646616025977,-5.495522650494976e-05,1.9811516128401957e-07,0.00016650651046770727,-5.495527081239725e-05
1318,1073,1117.0,0.0001667126955202683,-5.5003562325063224e-05,9.288662981832285e-08,0.00016671270524883498,-5.500357205362993e-05
1317,1073,1452.0,0.00016662297662614303,-5.5003562325063224e-05,1.0540217658589791e-07,0.00016662298915805622,-5.500357485697642e-05
1316,1073,1462.0,0.00016662297662614303,-5.4991133688670705e-05,1.630630779584025e-08,0.0001666229769260965,-5.499113398862417e-05
1319,1073,1118.0,0.0001667126955202683,-5.4991133688670705e-05,3.790761028319399e-09,0.00016671269553647218,-5.499113370487461e-05
1320,1074,1132.0,0.00016570560152793872,-5.4486752409730555e-05,1.2302102154625096e-08,0.00016570560169976772,-5.4486752581559544e-05
1321,1074,1133.0,0.00016570560152793872,-5.44992699573705e-05,2.4562122663085526e-08,0.00016570560221286664,-5.449927064229842e-05
1322,1074,1453.0,0.00016571794727973294,-5.44992699573705e-05,1.1957042913950111e-08,0.0001657179474420396,-5.4499270119677156e-05
1323,1074,1463.0,0.00016571794727973294,-5.4486752409730555e-05,-3.0297759451031886e-10,0.00016571794727983716,-5.448675240983477e-05
1327,1075,1464.0,0.00016575468049681737,-5.45002944681173e-05,1.2032605633876745e-08,0.00016575468066115371,-5.450029463245365e-05
1324,1075,1463.0,0.00016571794727973294,-5.45002944681173e-05,2.3965586816148006e-08,0.00016571794793175586,-5.4500295120140216e-05
1325,1075,1453.0,0.00016571794727973294,-5.451214457857929e-05,6.044370351015451e-08,0.00016571795142703315,-5.451214872587949e-05
1326,1075,1454.0,0.00016575468049681737,-5.451214457857929e-05,4.85107223278697e-08,0.0001657546831677713,-5.451214724953321e-05
1331,1076,1465.0,0.00016581484713154988,-5.4527078404850444e-05,2.457385245313061e-08,0.00016581484781670572,-5.452707909000629e-05
1329,1076,1454.0,0.00016575468049681737,-5.453768659251755e-05,9.500504654443194e-08,0.00016575469073997577,-5.453769683567595e-05
1330,1076,1455.0,0.00016581484713154988,-5.453768659251755e-05,8.432267844933031e-08,0.00016581485519852524,-5.4537694659492915e-05
1328,1076,1464.0,0.00016575468049681737,-5.4527078404850444e-05,3.5256220548205135e-08,0.0001657546819075119,-5.452707981554496e-05
1332,1077,1465.0,0.00016581484713154988,-5.4566432244468305e-05,4.5933775154154144e-08,0.0001658148495250287,-5.45664346379471e-05
1333,1077,1455.0,0.00016581484713154988,-5.457540095099475e-05,1.272406228744298e-07,0.0001658148654968983,-5.457541931634315e-05
1334,1077,1456.0,0.00016589672257793923,-5.457540095099475e-05,1.1820919599008113e-07,0.00016589673842281428,-5.4575416795869816e-05
1335,1077,1466.0,0.00016589672257793923,-5.4566432244468305e-05,3.690234826975126e-08,0.00016589672412216925,-5.456643378869833e-05
1336,1078,1466.0,0.00016589672257793923,-5.461717708077205e-05,5.5412574262946566e-08,0.0001658967260590728,-5.4617180561905606e-05
1339,1078,1467.0,0.00016599762589430072,-5.461717708077205e-05,4.8187424633102e-08,0.00016599762852561537,-5.461717971208672e-05
1338,1078,1457.0,0.00016599762589430072,-5.462435206458243e-05,1.4839014684657785e-07,0.0001659976508460682,-5.462437701634991e-05
1337,1078,1456.0,0.00016589672257793923,-5.462435206458243e-05,1.5561529647647662e-07,0.00016589675003123085,-5.462437951787405e-05
1340,1079,1467.0,0.00016599762589430072,-5.467744466164452e-05,6.265892809755144e-08,0.0001659976303421765,-5.467744910952029e-05
1342,1079,1458.0,0.00016611369321597327,-5.468295592489991e-05,1.723704537092102e-07,0.00016611372685729992,-5.468298956622656e-05
1343,1079,1468.0,0.00016611369321597327,-5.467744466164452e-05,5.7109125943663117e-08,0.00016611369690888896,-5.467744835456019e-05
1341,1079,1457.0,0.00016599762589430072,-5.468295592489991e-05,1.7792025586312564e-07,0.0001659976617556484,-5.468299178624761e-05
1347,1080,1469.0,0.00016623963870323577,-5.4744470601798215e-05,6.184321000917911e-08,0.00016623964302999773,-5.474447492856017e-05
1346,1080,1459.0,0.00016623963870323577,-5.4748741111033136e-05,1.8691410747428625e-07,0.00016623967822666834,-5.474878063446572e-05
1345,1080,1458.0,0.00016611369321597327,-5.4748741111033136e-05,1.9121447932218642e-07,0.00016611373460256122,-5.4748782497621086e-05
1344,1080,1468.0,0.00016611369321597327,-5.4744470601798215e-05,6.614358185702508e-08,0.00016611369816821642,-5.4744475554041367e-05
1351,1081,1470.0,0.00016636854280895915,-5.481439258693413e-05,6.011931105254307e-08,0.00016636854689418783,-5.4814396672162816e-05
1348,1081,1469.0,0.00016623963870323577,-5.481439258693413e-05,6.386229712477924e-08,0.00016623964331567476,-5.4814397199373104e-05
1350,1081,1460.0,0.00016636854280895915,-5.481810958098777e-05,1.8812828176035558e-07,0.00016636858281164873,-5.481814958367737e-05
1349,1081,1459.0,0.00016623963870323577,-5.481810958098777e-05,1.9187126783259175e-07,0.00016623968033780496,-5.481815121555698e-05
1355,1082,1471.0,0.00016649170809609264,-5.4882087833354e-05,4.936007307824574e-08,0.0001664917108475664,-5.4882090584827786e-05
1354,1082,1461.0,0.00016649170809609264,-5.488613345854801e-05,1.7167007666124036e-07,0.00016649174137698764,-5.4886166739443e-05
1352,1082,1470.0,0.00016636854280895915,-5.4882087833354e-05,5.343398832679657e-08,0.00016636854603515455,-5.4882091059549394e-05
1353,1082,1460.0,0.00016636854280895915,-5.488613345854801e-05,1.757439919097912e-07,0.00016636857770759535,-5.488616835718421e-05
1356,1083,1471.0,0.00016649170809609264,-5.494108648376663e-05,3.228185320501651e-08,0.0001664917092726551,-5.494108766032907e-05
1357,1083,1461.0,0.00016649170809609264,-5.4946426892832335e-05,1.3845882984456562e-07,0.00016649172973966106,-5.494644853640074e-05
1358,1083,1462.0,0.00016659862754202256,-5.4946426892832335e-05,1.3308107662125378e-07,0.00016659864752731563,-5.4946446878125405e-05
1359,1083,1472.0,0.00016659862754202256,-5.494108648376663e-05,2.6904099981704677e-08,0.00016659862835884066,-5.494108730058473e-05
1360,1084,1472.0,0.00016659862754202256,-5.498359884738432e-05,-2.1021082753712277e-09,0.00016659862754700813,-5.49835988523699e-05
1361,1084,1462.0,0.00016659862754202256,-5.4991133688670705e-05,7.583476345496276e-08,0.00016659863403026365,-5.49911401769118e-05
1362,1084,1118.0,0.00016667710940698667,-5.4991133688670705e-05,6.824723289045086e-08,0.00016667711465997715,-5.4991138941661185e-05
1363,1084,1119.0,0.00016667710940698667,-5.498359884738432e-05,-9.689638839883129e-09,0.00016667710951287948,-5.4983598953277124e-05
1366,1085,1463.0,0.00016572067089298573,-5.4486752409730555e-05,8.295155801143973e-09,0.0001657206709711048,-5.448675248784963e-05
1367,1085,1130.0,0.00016572067089298573,-5.448277328838674e-05,-4.0069463534743465e-09,0.0001657206709112139,-5.4482773306614894e-05
1364,1085,1131.0,0.00016570828276527878,-5.448277328838674e-05,0.0,0.00016570828276527878,-5.448277328838673e-05
1365,1085,1132.0,0.00016570828276527878,-5.4486752409730555e-05,1.2302102154625096e-08,0.0001657082829371057,-5.4486752581557457e-05
1371,1086,1129.0,0.00016575749730716533,-5.449652919121845e-05,-7.79855475444187e-09,0.00016575749737619637,-5.449652926024948e-05
1369,1086,1463.0,0.00016572067089298573,-5.45002944681173e-05,3.2563720211829404e-08,0.000165720672096772,-5.450029567190355e-05
1368,1086,1130.0,0.00016572067089298573,-5.449652919121845e-05,-4.0069463534743465e-09,0.00016572067091121277,-5.449652920944547e-05
1370,1086,1464.0,0.00016575749730716533,-5.45002944681173e-05,2.8772111810855105e-08,0.0001657574982467852,-5.450029540773719e-05
1372,1087,1129.0,0.00016575749730716533,-5.4523710469326836e-05,-7.79855475444187e-09,0.00016575749737618784,-5.452371053834935e-05
1373,1087,1464.0,0.00016575749730716533,-5.4527078404850444e-05,5.1995726725183496e-08,0.0001657575003754187,-5.4527081473103805e-05
1374,1087,1465.0,0.00016581770971524026,-5.4527078404850444e-05,4.860424006292944e-08,0.0001658177123955534,-5.452708108516358e-05
1375,1087,1128.0,0.00016581770971524026,-5.4523710469326836e-05,-1.1190041416695926e-08,0.00016581770985731184,-5.452371061139842e-05
1376,1088,1128.0,0.00016581770971524026,-5.456358741888956e-05,-1.1190041416695926e-08,0.00016581770985728614,-5.456358756093545e-05
1377,1088,1465.0,0.00016581770971524026,-5.4566432244468305e-05,6.996416276400718e-08,0.0001658177152680263,-5.456643779725435e-05
1378,1088,1466.0,0.00016589943145061623,-5.4566432244468305e-05,6.70994426242718e-08,0.00016589943655609494,-5.456643734994702e-05
1379,1088,1127.0,0.00016589943145061623,-5.456358741888956e-05,-1.40547615564042e-08,0.00016589943167461788,-5.4563587642891215e-05
1383,1089,1126.0,0.0001659997927113253,-5.4614901835082255e-05,-1.634591523529301e-08,0.00016599979301410312,-5.461490213786008e-05
1382,1089,1467.0,0.0001659997927113253,-5.461717708077205e-05,8.33185149385512e-08,0.0001659998005778719,-5.4617184947318645e-05
1380,1089,1127.0,0.00016589943145061623,-5.4614901835082255e-05,-1.40547615564042e-08,0.00016589943167456575,-5.4614902059031776e-05
1381,1089,1466.0,0.00016589943145061623,-5.461717708077205e-05,8.560966861744e-08,0.0001658994397595313,-5.461718538968712e-05
1385,1090,1467.0,0.0001659997927113253,-5.467744466164452e-05,9.779001840297353e-08,0.00016599980354489307,-5.46774554952123e-05
1386,1090,1468.0,0.00016611472676926825,-5.467744466164452e-05,9.602611272756093e-08,0.000166114737210098,-5.467745510247428e-05
1387,1090,1125.0,0.00016611472676926825,-5.467569300487084e-05,-1.8109820910732714e-08,0.00016611472714062224,-5.467569337622483e-05
1384,1090,1126.0,0.0001659997927113253,-5.467569300487084e-05,-1.634591523529301e-08,0.00016599979301401972,-5.467569330756526e-05
1391,1091,1124.0,0.00016623875845883632,-5.474310154568598e-05,-1.9488450493242333e-08,0.00016623875888850925,-5.474310197535892e-05
1390,1091,1469.0,0.00016623875845883632,-5.4744470601798215e-05,1.0368193905838617e-07,0.00016623877062032924,-5.4744482763291125e-05
1388,1091,1125.0,0.00016611472676926825,-5.474310154568598e-05,-1.8109820910732714e-08,0.0001661147271405089,-5.474310191692663e-05
1389,1091,1468.0,0.00016611472676926825,-5.4744470601798215e-05,1.0506056864095e-07,0.0001661147392633398,-5.474448309586976e-05
1392,1092,1124.0,0.00016623875845883632,-5.481317993900946e-05,-1.9488450493242333e-08,0.00016623875888837304,-5.481318036854618e-05
1393,1092,1469.0,0.00016623875845883632,-5.481439258693413e-05,1.057010261739863e-07,0.0001662387710946054,-5.481440522270323e-05
1395,1092,1123.0,0.00016636482335449592,-5.481317993900946e-05,-2.070957816428234e-08,0.00016636482383927133,-5.481318042378486e-05
1394,1092,1470.0,0.00016636482335449592,-5.481439258693413e-05,1.0447989850289208e-07,0.0001663648356929615,-5.481440492539972e-05
1396,1093,1123.0,0.00016636482335449592,-5.48807433730158e-05,-2.070957816428234e-08,0.00016636482383912329,-5.488074385764318e-05
1397,1093,1470.0,0.00016636482335449592,-5.4882087833354e-05,9.779457577714559e-08,0.00016636483416117629,-5.488209864003435e-05
1398,1093,1471.0,0.00016648415617862426,-5.4882087833354e-05,9.644071396076176e-08,0.00016648416668249636,-5.4882098337226106e-05
1399,1093,1122.0,0.00016648415617862426,-5.48807433730158e-05,-2.2063439980611957e-08,0.00016648415672839003,-5.488074392278159e-05
1400,1094,1122.0,0.00016648415617862426,-5.4939296776879815e-05,-2.2063439980611957e-08,0.00016648415672824464,-5.493929732650021e-05
1403,1094,1121.0,0.00016658629135911924,-5.4939296776879815e-05,-2.3865661844218837e-08,0.0001665862920019003,-5.493929741966088e-05
1402,1094,1472.0,0.00016658629135911924,-5.494108648376663e-05,7.756027222392565e-08,0.00016658629814789147,-5.4941093272538864e-05
1401,1094,1471.0,0.00016648415617862426,-5.494108648376663e-05,7.936249408753253e-08,0.00016648416328983388,-5.494109359497625e-05
1407,1095,1120.0,0.00016665921749812963,-5.49810750272295e-05,-2.6407130448036914e-08,0.000166659218284693,-5.498107581379286e-05
1406,1095,1119.0,0.00016665921749812963,-5.498359884738432e-05,4.601259536303167e-08,0.00016665921988615978,-5.4983601235414453e-05
1405,1095,1472.0,0.00016658629135911924,-5.498359884738432e-05,4.8554063966903954e-08,0.00016658629401911188,-5.4983601507376946e-05
1404,1095,1121.0,0.00016658629135911924,-5.49810750272295e-05,-2.3865661844218837e-08,0.0001665862920017791,-5.498107566988936e-05
1411,1096,741.0,0.00039699029903122584,-9.84242259377224e-05,-7.304276250774677e-05,0.00039966813829252836,-0.00010110206519902489
1408,1096,1566.0,0.000358359553826737,-8.514435727356438e-05,-7.642977160044612e-05,0.000361628280186139,-8.841308363296635e-05
1409,1096,1567.0,0.00036907308943487024,-5.3531187218520634e-05,-1.962353072188644e-05,0.00036930077028488604,-5.37588680685364e-05
1410,1096,742.0,0.00042997479737242467,-7.402459238994993e-05,-1.3583609411623766e-05,0.0004300663058906686,-7.411610090819385e-05
1412,1097,1567.0,0.0003508828862760771,-4.6520470239559e-05,-2.3098019324290474e-05,0.00035121823112363454,-4.68558150871164e-05
1413,1097,1524.0,0.00036863523151905607,-3.48093006088595e-05,6.208014259968808e-06,0.00036865911160476126,-3.4833180694564654e-05
1414,1097,743.0,0.00038296475856741674,-4.295325128257641e-05,1.1767288412777802e-05,0.00038304601990162316,-4.3034512616782825e-05
1415,1097,742.0,0.00037337542889405526,-5.816985126989852e-05,-1.320577635193984e-05,0.0003734764331974241,-5.827085557326731e-05
1419,1098,1566.0,0.00037142164503205233,-7.217812021812449e-05,-1.2647099808105536e-05,0.0003715117694282177,-7.226824461428985e-05
1418,1098,1567.0,0.0003745912032771942,-3.48817333935185e-05,1.0141842507777055e-05,0.00037465399204204684,-3.4944522158371143e-05
1416,1098,1523.0,0.00036391050260135317,-7.415138710404335e-05,-3.235422265540286e-05,0.00036450709184666956,-7.474797634935971e-05
1417,1098,1524.0,0.0003614146940312136,-5.7403271982880166e-05,-3.19947319654193e-05,0.00036202484796751865,-5.801342591918519e-05
1423,1099,1565.0,0.0003686354056882755,-9.823360242012695e-05,-3.826759166652115e-05,0.0003694182575794008,-9.901645431125225e-05
1421,1099,1523.0,0.0003577737469013971,-7.642050746743177e-05,-5.475530963077076e-05,0.00035949320641670297,-7.813996698273766e-05
1420,1099,1522.0,0.00035747561032500354,-9.925514384088297e-05,-6.510969777997686e-05,0.0003597843835851034,-0.00010156391710098279
1422,1099,1566.0,0.00036700877766555895,-7.414156718612356e-05,-3.193697948927765e-05,0.00036758603989829033,-7.471882941885493e-05
1424,1100,1565.0,0.00037748744390297094,-0.00010504837155979313,-9.2578590829848e-05,0.0003818878128600714,-0.0001094487405168936
1425,1100,1566.0,0.00037955329965910604,-0.00010144232256211941,-0.00010608380214125607,0.00038533305638239546,-0.0001072220792854088
1426,1100,1568.0,0.00036553123853898424,-9.947569438105777e-05,-0.0001092239822460088,0.00037185894988107774,-0.00010580340572315125
1427,1100,1564.0,0.00036262756914317434,-0.00010545350022062217,-8.698146877949772e-05,0.0003666341219291729,-0.00010946005300662071
1428,1101,1564.0,0.0003718222858996711,-0.00010996535516717899,-0.0001542385140746172,0.0003838656365712243,-0.00012200870583873216
1431,1101,1563.0,0.00037468654061809277,-0.00011003415836102802,-0.00015248735129132565,0.00038639633317726443,-0.00012174395092019968
1429,1101,1568.0,0.00037133345214753963,-0.00010762569242234198,-0.00015094729512307378,0.00038294497293047585,-0.0001192372132052782
1430,1101,740.0,0.00037422136711897334,-0.00010842773954392851,-0.00015031158836865607,0.00038565348222596615,-0.00011985985465092131
1435,1102,1568.0,0.00032220644187551384,-0.00010362156828307201,-0.00013925479492202426,0.000333302142023693,-0.00011471726843125115
1434,1102,740.0,0.0004044157738127092,-0.00011802791039055655,-0.00014082958268924958,0.0004137398494978311,-0.00012735198607567843
1433,1102,741.0,0.0004451473612164282,-0.00010379436420763232,-8.937608179842844e-05,0.00044876151334211984,-0.00010740851633332394
1432,1102,1566.0,0.0003856957439071487,-9.055909200501736e-05,-8.1352233382034e-05,0.00038914484312832005,-9.400819122618872e-05
1439,1103,1562.0,0.0003371045836015052,-0.00010739561401720376,-0.00022306982106826308,0.000363521214952469,-0.0001338122453681676
1438,1103,739.0,0.00034752213665881736,-0.00012011849400058643,-0.0002881253753120733,0.00038833976087054514,-0.0001609361182123142
1436,1103,1563.0,0.0003840964886550075,-0.00010536994681224711,-0.00020347812394296005,0.00040440135232307553,-0.00012567481048031512
1437,1103,740.0,0.00039340730718234046,-0.00011478160700525888,-0.00025129797181630553,0.00042277653521511916,-0.00014415083503803758
1443,1104,743.0,0.00034833322967076606,-2.014901865850441e-05,-7.010014422763333e-06,0.0003483665663220572,-2.0182355309795492e-05
1442,1104,744.0,0.00035280150998664647,-1.1149515408231224e-06,1.1661543706588048e-05,0.00035289754586293473,-1.21098741711137e-06
1441,1104,1525.0,0.0003418010350662651,4.176647486339371e-06,-4.749503937050148e-06,0.00034181773755621034,4.159944996394096e-06
1440,1104,1524.0,0.0003395777346861216,-1.1119869227819083e-05,-1.734163285970966e-05,0.00033979198523538057,-1.1334119777078091e-05
1444,1105,1562.0,0.00034510313022769606,-9.039251665588909e-05,-0.000277179737066674,0.00038546626407699893,-0.00013075565050519195
1445,1105,739.0,0.00035343004155510144,-9.040535431157357e-05,-0.0003307581071615214,0.00040827523134210144,-0.00014525054409857358
1446,1105,738.0,0.0003004954565042836,-9.041060781963379e-05,-0.00035269729188506377,0.00036829274762240777,-0.00015820789893775794
1447,1105,1561.0,0.0002839598706168532,-9.03962709700632e-05,-0.00029286372152655983,0.000334432636204329,-0.00014086903655753896
1450,1106,737.0,0.00024295243338038827,-4.759001749341852e-05,-0.00038534572177073567,0.0003389830112141855,-0.00014362059532721576
1448,1106,1561.0,0.0002889209264106563,-6.852720276986847e-05,-0.00031685968476451165,0.0003490321737425021,-0.00012863845010171424
1449,1106,738.0,0.00030690941823392076,-5.158600912413998e-05,-0.0003866364186699764,0.00039129340393803734,-0.00013596999482825656
1451,1106,1560.0,0.00022615739750263264,-6.163517268971771e-05,-0.00032700738398114097,0.00030006744417628245,-0.00013554521936336752
1455,1107,1559.0,0.00016625957176787977,-3.6238674325426946e-05,-0.00030935147349542627,0.0002498778835391635,-0.00011985698609671066
1452,1107,1560.0,0.00022549486422846973,-4.0875068328724735e-05,-0.0003313391627188557,0.00030487670022727226,-0.00012025690432752726
1453,1107,737.0,0.0002447391568177054,-8.637330296008459e-06,-0.00040320934375743904,0.00035615667711138546,-0.00012005485058968847
1454,1107,736.0,0.0001783183735423067,-5.9119745974699385e-06,-0.00037380994477299694,0.0002945746802386777,-0.00012216828129384095
1459,1108,1570.0,0.0003434899435115421,-0.00011233207972508432,-0.00014721077662524507,0.0003550808784521971,-0.00012392301466573928
1458,1108,1563.0,0.00034570988587848996,-0.00010948939347770143,-0.0001661192580912716,0.00036039210263788654,-0.000124171610237098
1457,1108,1564.0,0.00036437570681589065,-0.00010938353400369278,-0.00016966830518642603,0.0003791084629134869,-0.00012411629010128906
1456,1108,1571.0,0.0003640172353604615,-0.00011272877042940623,-0.00014776210429272296,0.0003752040416804762,-0.00012391557674942095
1462,1109,1564.0,0.0003632678779463064,-0.00010396935818356514,-0.00010222726937292315,0.0003687941163124287,-0.00010949559654968745
1463,1109,1571.0,0.00036366547254636575,-0.00012375600937313447,-0.0001261388181995754,0.0003716940324979886,-0.00013178456932475734
1460,1109,1558.0,0.00034830056121903236,-0.00011322187860092118,-0.00012577991585663306,0.0003567168641295875,-0.00012163818151147634
1461,1109,1565.0,0.00035053034776224776,-0.0001029528620286245,-0.00011138124564086943,0.00035726936489075174,-0.00010969187915712848
1464,1110,1558.0,0.0003487408442929942,-0.00011269132380209803,-0.00012678143845199115,0.0003572909189938665,-0.00012124139850297036
1465,1110,1571.0,0.000385908483278484,-0.00011414990598869132,-0.00015625679432887396,0.00039783089603184183,-0.00012607231874204916
1467,1110,1557.0,0.0003213700548908346,-0.0001131593442323134,-0.00013807568749728966,0.0003320750321396717,-0.00012386432148115054
1466,1110,1570.0,0.00032811443435239174,-0.0001144908321703763,-0.00016625306229850131,0.00034321162272657913,-0.0001295880205445637
1471,1111,1558.0,0.00035842925459406497,-0.00011556861709440165,-6.905986695605708e-05,0.00036093149181020746,-0.00011807085431054417
1470,1111,1565.0,0.0003598237249838928,-9.899353364172694e-05,-5.8255326960828316e-05,0.0003616654794178142,-0.00010083528807564834
1468,1111,1521.0,0.00035132272651079537,-0.00011489807160767614,-8.371595554239504e-05,0.0003550509823469339,-0.00011862632744381471
1469,1111,1522.0,0.00035169799869139845,-9.965579876615398e-05,-7.56915165762758e-05,0.0003548493413146076,-0.00010280714138936311
1475,1112,1556.0,0.00030442981764453904,-0.0001072104838622009,-0.00018664987085158236,0.0003245996623077096,-0.0001273803285253715
1473,1112,1570.0,0.00033939303065814996,-0.00010571571001543678,-0.000215978155258199,0.00036420900745938814,-0.00013053168681667496
1472,1112,1557.0,0.00033244432462635996,-0.00010731586522724464,-0.00018624363525885333,0.00035135059669656147,-0.00012622213729744614
1474,1112,1569.0,0.00030057535940812216,-0.00010546069146316378,-0.00021854069908076867,0.0003281138952334096,-0.0001329992272884512
1478,1113,1562.0,0.00032399010366687686,-0.00010968151505387816,-0.00023611324547024443,0.00035404523053663507,-0.00013973664192363638
1476,1113,1570.0,0.00034927605346170634,-0.00010353105231387298,-0.00019666067942240503,0.00036970731268099095,-0.0001239623115331576
1477,1113,1563.0,0.0003526826004929852,-0.0001085367261018097,-0.00022455617527185855,0.0003785630652109179,-0.00013441719081974237
1479,1113,1569.0,0.00031879209844544107,-0.00010417649062151725,-0.00020568999602557647,0.00034247306590993174,-0.0001278574580860079
1482,1114,1561.0,0.0002944052396854444,-9.319457368847715e-05,-0.00030110610872139884,0.0003460123948553308,-0.00014480172885836354
1483,1114,1572.0,0.00028394826011175767,-9.236891312404904e-05,-0.0002590143568792225,0.00032420981924601066,-0.00013263047225830203
1480,1114,1569.0,0.000326521172767635,-9.229225602564806e-05,-0.0002542563966300322,0.0003620894588123011,-0.00012786054207031413
1481,1114,1562.0,0.0003325662718344051,-9.30036650729761e-05,-0.00029058154250097105,0.00037743776266399934,-0.00013787515590257034
1484,1115,1556.0,0.0002957926060800399,-9.106073626932623e-05,-0.0002566436661722137,0.0003344873901142574,-0.00012975552030354375
1486,1115,1572.0,0.0002808509391309111,-9.328250990908921e-05,-0.00026920469813481937,0.00032424408486407763,-0.00013667565564225577
1487,1115,1555.0,0.0002882410644603813,-9.073651696134971e-05,-0.0002572732966748259,0.00032777932258992997,-0.00013027477509089833
1485,1115,1569.0,0.0002948938851758641,-9.295473587267661e-05,-0.00026435586613106354,0.00033565584225536693,-0.00013371669295217945
1491,1116,1555.0,0.0002498360749521901,-7.543264821646212e-05,-0.0002983193401926822,0.00030787917653796355,-0.00013347574980223555
1490,1116,1560.0,0.0002656168157081592,-7.042107495189439e-05,-0.0003311810336697439,0.00033350163307693836,-0.00013830589232067354
1489,1116,1561.0,0.0002985057021859146,-7.272032094044416e-05,-0.0003227533913368061,0.0003588492476941118,-0.00013306386644864143
1488,1116,1572.0,0.00028322109980843946,-8.296356705347506e-05,-0.000258398495345237,0.0003242163567531285,-0.0001239588239981641
1495,1117,1554.0,0.00019515106325418072,-6.14480377269403e-05,-0.0002812824828234053,0.00025722150368105636,-0.00012351847815381592
1494,1117,1559.0,0.00020557810704239197,-4.121180201624821e-05,-0.0003365722474973111,0.0002908612161652938,-0.00012649491113915005
1492,1117,1555.0,0.00024286499679282252,-6.538458368622168e-05,-0.00029020021206184465,0.00030042037033007376,-0.00012293995722347293
1493,1117,1560.0,0.00026972771366591194,-4.5020979903608884e-05,-0.000352312373296193,0.0003485687074505757,-0.00012386197368827263
1498,1118,745.0,0.0003283035955908044,1.8994356402298507e-05,-4.26125626669209e-05,0.00032976434675197595,1.753360524112696e-05
1497,1118,1526.0,0.0003327431657209473,1.95790720566144e-05,-4.767244304917928e-05,0.0003345470489669292,1.777518881063256e-05
1496,1118,1525.0,0.0003334533690979892,1.5626496840382742e-05,-4.447273335735427e-05,0.00033500156759046175,1.4078298347910175e-05
1499,1118,744.0,0.0003293718922254187,1.4503536175863968e-05,-3.9240920946839036e-05,0.0003305897954335275,1.3285632967755201e-05
1500,1119,1554.0,0.00019366660608424215,-3.584709281306039e-05,-0.0002792153990511144,0.00025962899817394696,-0.00010180948490276517
1501,1119,1559.0,0.0002043609956799558,-1.5875936782226165e-05,-0.0003357630178282018,0.00029501672510249773,-0.0001065316662047681
1502,1119,1546.0,0.00015011420453729662,-1.408856619264029e-05,-0.00031981524316348,0.00024776566315198824,-0.00011174002480733193
1503,1119,1547.0,0.000144835058840026,-3.4413006472083785e-05,-0.00026440015780480365,0.0002149274251270191,-0.00010450537275907688
1504,1120,1559.0,0.00016451298347877272,-1.297853983650522e-05,-0.0003057476376531025,0.00025253321033365185,-0.00010099876669138435
1505,1120,736.0,0.0001753982362411137,2.0755413669987493e-05,-0.00036525119910592665,0.0002963965422185361,-0.00010024289230743495
1506,1120,735.0,0.00012296645098203857,2.0755413669987493e-05,-0.00033156790596533016,0.0002453431882015344,-0.00010162132354950837
1507,1120,1546.0,0.00011851510319288612,-1.0420130851400704e-05,-0.0002801800694191784,0.00020825932575982116,-0.00010016435341833575
1509,1121,1556.0,0.0002764363746369687,-8.914864588836161e-05,-0.00026462904664422034,0.00031929898815855046,-0.00013201125940994336
1511,1121,1550.0,0.00026427518908470234,-0.00010158830641749793,-0.00023932558190919127,0.0002999371463534755,-0.00013725026368627112
1508,1121,1551.0,0.00027737306757281803,-0.0001016644432563316,-0.0002496639151500536,0.0003147912555718327,-0.0001390826312553463
1510,1121,1555.0,0.00026546144096083017,-9.063201933876691e-05,-0.00025402419180434177,0.00030612161656047847,-0.00013129219493841524
1515,1122,1549.0,0.00020503525450127694,-6.99152928744154e-05,-0.00024038594812283293,0.0002501683100026453,-0.00011504834837578376
1514,1122,1554.0,0.00021355038793344737,-6.655280783399175e-05,-0.00030191555430123494,0.00027941795028509433,-0.00013242037018563874
1513,1122,1555.0,0.0002686875117351561,-6.718618615872922e-05,-0.0002934500731399982,0.0003237551954567128,-0.00012225386988028595
1512,1122,1550.0,0.0002638529451494936,-7.027290131236038e-05,-0.0002371309625231119,0.00030165044675764324,-0.00010807040292051004
1516,1123,1549.0,0.00020629857566131955,-4.9396860656137015e-05,-0.0002523063965021062,0.0002580606246851227,-0.00010115890967994014
1517,1123,1554.0,0.00021286322730174403,-3.7644023825940116e-05,-0.00030101946626184817,0.00028341984274696957,-0.00010820063927116565
1518,1123,1547.0,0.00016610663146399314,-3.674317870560196e-05,-0.00029295408827164846,0.0002428460769946551,-0.00011348262423626393
1519,1123,1548.0,0.00016331111847344218,-4.841265869291256e-05,-0.00024551591956678206,0.00021954875532009978,-0.00010465029553957016
1520,1124,1520.0,0.0003475222387622507,-0.0001215553616202608,-7.72247259107385e-05,0.0003506793858821575,-0.00012471250874016764
1521,1124,1521.0,0.00035146792649051045,-0.00011434727326156132,-9.60226356928641e-05,0.0003563649454118536,-0.00011924429218290448
1522,1124,1558.0,0.00033452898617832363,-0.00011466629223309553,-8.81399283774141e-05,0.0003388117989128617,-0.00011894910496763359
1523,1124,1553.0,0.0003329071115506701,-0.00012070715061824884,-7.309465257562993e-05,0.000335832829161279,-0.00012363286822885777
1525,1125,1558.0,0.0003414448023751418,-0.00011977446417862494,-0.00014880884154865048,0.0003531507088204592,-0.00013148037062394235
1524,1125,1553.0,0.0003395733568378294,-0.00011756065576743461,-0.00013248550275031003,0.0003489789928281677,-0.00012696629175777295
1526,1125,1557.0,0.000322505500749087,-0.00012070015508729116,-0.00015826872573958435,0.00033621111026599387,-0.00013440576460419803
1527,1125,1552.0,0.0003221715718997268,-0.00011767535207167631,-0.0001356686301096869,0.0003323955049258656,-0.0001278992850978151
1528,1126,1552.0,0.0003226317064857088,-0.0001182768948404017,-0.00016686284365789207,0.0003378910049832372,-0.0001335361933379301
1530,1126,1556.0,0.000280430407311549,-0.00010793165251176795,-0.00019875627693567363,0.00030438302171659134,-0.0001318842669168103
1531,1126,1551.0,0.0002829256253095245,-0.0001181841500894725,-0.00015751480193118214,0.00029783533142305446,-0.00013309385620300247
1529,1126,1557.0,0.0003232109326826143,-0.0001086548618988269,-0.00020628377219475413,0.00034657965427502865,-0.0001320235834912413
1535,1127,1543.0,0.0003220918754447896,-0.00010372678149761635,-0.0002219930293889446,0.000349287958042098,-0.00013092286409492471
1534,1127,1551.0,0.000336196679985171,-0.00011851810187192351,-0.00019203018714104327,0.0003556393729366587,-0.0001379607948234112
1533,1127,1552.0,0.0002944640560990702,-0.0001183536550558786,-0.0001751816850187101,0.0003122800237510976,-0.000136169622707906
1532,1127,1544.0,0.0002918009731057384,-0.00010591711550546134,-0.0002041748740171422,0.00031647439690514446,-0.0001305905393048674
4446,1128,1551.0,0.0002993575482461968,-0.0001018793506062949,-0.0002789547261144408,0.000343078406045757,-0.0001456002084058551
4445,1128,1543.0,0.0002993575482461968,-0.0001018793506062949,-0.0002789547261144408,0.000343078406045757,-0.0001456002084058551
4447,1128,1550.0,0.0002993575482461968,-0.0001018793506062949,-0.0002789547261144408,0.000343078406045757,-0.0001456002084058551
1536,1129,1543.0,0.0002699299797982351,-9.405877820617382e-05,-0.0002100479645574839,0.0002980593520524831,-0.0001221881504604219
1537,1129,1550.0,0.00029601455160855467,-7.55641991252113e-05,-0.00028150493834063796,0.0003433108891816932,-0.00012286053669834988
1538,1129,1549.0,0.00021965126359806564,-7.312429358318742e-05,-0.00026783710838365095,0.00027166600736420554,-0.0001251390373493273
1539,1129,1542.0,0.00021154273951620207,-9.029318793158861e-05,-0.00020616319082474022,0.00024338704511321047,-0.000122137493528597
1543,1130,1544.0,0.00029912658840803956,-0.0001195945550628145,-0.00012260331019143915,0.0003079167487705348,-0.00012838471542530973
1540,1130,1545.0,0.00031986679674573387,-0.00011960778670906799,-0.00012381584248069046,0.00032842113449255107,-0.00012816212445588516
1541,1130,1553.0,0.0003195132449779099,-0.00011814582292211094,-0.00014533451236895673,0.00033126318767350075,-0.00012989576561770177
1542,1130,1552.0,0.00029713977487071976,-0.00011807090328127743,-0.0001449201400204568,0.0003094217673050825,-0.0001303528957156402
1544,1131,1542.0,0.0002150998328766295,-6.808374318019352e-05,-0.00023522471818511123,0.0002575756993896905,-0.00011055960969325455
1545,1131,1549.0,0.00022092662238713465,-5.2063751777396174e-05,-0.00028004691791025903,0.000279975561154718,-0.00011111269054497948
1546,1131,1548.0,0.00017862579905684323,-5.0606112007522204e-05,-0.00026803072363615864,0.00024035307267107826,-0.00011233338562175723
1547,1131,1541.0,0.00017607184590390235,-6.692643721630085e-05,-0.00022363909713712764,0.00021969584882063965,-0.00011055044013303815
1550,1132,1553.0,0.0003204701979871126,-0.00012240228478965795,-8.709518049238203e-05,0.0003247116063925547,-0.00012664369319510002
1549,1132,1520.0,0.0003298068830751505,-0.0001230858198427235,-9.076025613390191e-05,0.00033430924045096174,-0.0001275881772185347
1551,1132,1545.0,0.0003206542269350021,-0.00012835134476019938,-7.597953843441717e-05,0.00032384580513383635,-0.0001315429229590336
1548,1132,1519.0,0.00032987556661571993,-0.0001279134670792052,-8.16971497637686e-05,0.0003334919224445996,-0.00013152982290808485
1554,1133,734.0,8.306222257983657e-05,3.104239858464316e-05,-0.0002770459032241622,0.00019799600020843665,-8.389137904395692e-05
1552,1133,1546.0,0.00011632882359092003,6.520062901760391e-06,-0.0002578993182475713,0.00020157616663625362,-7.87272801435732e-05
1553,1133,735.0,0.00011997008895799251,3.104239858464316e-05,-0.00029984542940892506,0.00023188352445217708,-8.087103690954141e-05
1555,1133,1509.0,8.208500315902596e-05,7.030868103625868e-06,-0.00023757237550755053,0.0001691309632027216,-8.001509194006977e-05
1558,1134,1509.0,0.00010794824467283068,5.961543487731998e-06,-0.0002812314949795468,0.00020653133021499595,-9.262154205443327e-05
1557,1134,1546.0,0.0001479531183110356,5.487717890296129e-06,-0.0002998878985005799,0.00024272429003151553,-8.92834538301838e-05
1559,1134,1510.0,0.00010718478498990096,-1.4272331836761806e-05,-0.00023960552461907252,0.00018077174937254666,-8.785929621940751e-05
1556,1134,1547.0,0.0001438084754267644,-1.5078439711391613e-05,-0.00025592602107274084,0.00021498306131882404,-8.625302560345125e-05
1560,1135,1541.0,0.00017615368564205102,-4.7292939820874655e-05,-0.00022618536461682312,0.00022340223645695147,-9.45414906357751e-05
1561,1135,1548.0,0.00017843676045330333,-3.2939660709182736e-05,-0.0002658548277246868,0.00024257109022520626,-9.707399048108567e-05
1562,1135,1511.0,0.0001409937241639847,-3.2543288242151396e-05,-0.0002530847880917349,0.00020765843196483252,-9.920799604299922e-05
1563,1135,1512.0,0.00014243133960004095,-4.755247438905101e-05,-0.0002130165973726443,0.0001901541132922249,-9.527524808123497e-05
1564,1136,1548.0,0.00016306118245843805,-3.225266253821383e-05,-0.00024230357947646435,0.00022101476946580347,-9.020624954557925e-05
1565,1136,1547.0,0.000165525381538318,-1.6402250227586694e-05,-0.00028445232889713623,0.00024338898538847297,-9.426585407774167e-05
1566,1136,1510.0,0.00012790028327891445,-1.5752711843123354e-05,-0.0002716658858374129,0.00020972805391061326,-9.758048247482216e-05
1567,1136,1511.0,0.0001271084653508732,-3.185659896730829e-05,-0.00022950165185750375,0.00018721542050995985,-9.196355412639494e-05
1570,1137,1512.0,0.00014947943827172197,-4.722209851662441e-05,-0.00022903291381519506,0.00020208194922713407,-9.982460947203652e-05
1568,1137,1536.0,0.00018562815341630588,-5.582331327125148e-05,-0.0001994560389393437,0.00022149226827073066,-9.168742812567626e-05
1569,1137,1541.0,0.00018486565742855364,-4.7054479735311955e-05,-0.00023782114981131357,0.00023499731750858754,-9.718613981534585e-05
1571,1137,1513.0,0.0001523282736062264,-5.613163981004019e-05,-0.0001905241117056266,0.00018930293141434701,-9.31062976181608e-05
1575,1138,1536.0,0.0001857065909379469,-7.770451725860666e-05,-0.00019592452009714427,0.00021814413713376772,-0.00011014206345442748
1573,1138,1542.0,0.00022209259696563503,-6.86651896997857e-05,-0.00024204102511907362,0.0002658723330602299,-0.00011244492579438057
1574,1138,1541.0,0.00018491058206331328,-6.795408623722207e-05,-0.00023596404153731002,0.00023140855856835057,-0.00011445206274225935
1572,1138,1537.0,0.00022025503402574396,-7.784271019364581e-05,-0.0002037272066183109,0.00025173804263604036,-0.00010932571880394225
1576,1139,1538.0,0.0002417281636962476,-8.792393731802957e-05,-0.00018243483949534865,0.00026528535180445187,-0.00011148112542623385
1577,1139,1543.0,0.00024120538588282697,-9.162264762586155e-05,-0.00020551814372543695,0.0002703752432653923,-0.00012079250500842691
1578,1139,1542.0,0.00022075682030956063,-9.235551895901749e-05,-0.00021336378174632506,0.0002536494830570882,-0.00012524818170654505
1579,1139,1537.0,0.00021946811075919132,-8.808453743680794e-05,-0.0001870133157205016,0.0002456658206696759,-0.0001142822473472925
1580,1140,1540.0,0.0003024191259025496,-0.00012535891596318312,-0.00012241939911808875,0.0003110051386155479,-0.00013394492867618144
1581,1140,1545.0,0.0003016234400347083,-0.00011969643214126459,-0.0001334169343086694,0.0003119332490764013,-0.00013000624118295756
1582,1140,1544.0,0.0002908007517895394,-0.00011964586510749371,-0.00012813964632225026,0.00030056941661084705,-0.00012941452992880137
1583,1140,1539.0,0.0002917082819335476,-0.00012565353354653094,-0.00011650318269827882,0.00029968602080128606,-0.00013363127241426941
1586,1141,1543.0,0.00024134452169178363,-0.0001051545306367761,-0.0001997045472742617,0.00026805967957609257,-0.00013186968852108504
1584,1141,1539.0,0.00028863306645248235,-0.00010640712235410508,-0.0001560173819313707,0.00030347950321468525,-0.000121253559116308
1585,1141,1544.0,0.00028468485198403313,-0.00010494345822544134,-0.0002084943024158615,0.00031082323378290737,-0.00013108184002431558
1587,1141,1538.0,0.00024239834473774053,-0.00010644494282408402,-0.0001533716961240883,0.00025851181350102675,-0.0001225584115873702
1589,1142,1519.0,0.0003095298740258823,-0.00012739768764768536,-8.563876095161842e-05,0.00031368667373329347,-0.00013155448735509653
1591,1142,1540.0,0.00030541706554177567,-0.00012835825881019153,-7.970297111495502e-05,0.0003090478808349181,-0.00013198907410333393
1590,1142,1545.0,0.00030508365197830147,-0.00012747159902849468,-8.441501822803628e-05,0.00030916365651978753,-0.00013155160356998077
1588,1142,1518.0,0.0003105960116671618,-0.00012842725782420653,-8.029334015543024e-05,0.0003142370441855091,-0.00013206829034255387
1592,1143,1534.0,0.0002714142037059204,-0.00011261578167302963,-0.00013575395722139998,0.000283058342024256,-0.00012425991999136522
1593,1143,1539.0,0.00026816401990310736,-0.00010584455870476026,-0.00017455737518387408,0.0002875287532887243,-0.0001252092920903772
1594,1143,1538.0,0.00023091856544762632,-0.00010603285924799165,-0.0001670557044236758,0.0002504879746696797,-0.00012560226847004502
1595,1143,1533.0,0.00023518962952605652,-0.00011307242670478119,-0.0001268679583313389,0.0002463839495563335,-0.0001242667467350582
1596,1144,1535.0,0.0002858474621925478,-0.00011722212563525431,-0.00011313851661744114,0.00029363623155692967,-0.0001250108949996362
1597,1144,1540.0,0.0002852856147507743,-0.00012498780615299062,-0.00012817675011344253,0.00029506374741688227,-0.0001347659388190986
1598,1144,1539.0,0.00027158831419974924,-0.0001245884905933166,-0.00013463392217259035,0.000282714128370601,-0.00013571430476416832
1599,1144,1534.0,0.00027272315772408195,-0.00011734869947447517,-0.00012029219769971785,0.00028178663297361397,-0.00012641217472400722
1603,1145,1535.0,0.0002872639194182649,-0.0001280006959273452,-7.638298645399819e-05,0.0002907471378074771,-0.00013148391431655742
1602,1145,1540.0,0.0002868346371976884,-0.00012883476667359267,-8.767867820755164e-05,0.0002914079176490862,-0.0001334080471249905
1601,1145,1518.0,0.00029682032177825394,-0.0001287817251400515,-8.622294535848112e-05,0.00030114339799906716,-0.0001331048013608647
1600,1145,1517.0,0.0002966386087574239,-0.00012798756531162857,-7.551148300405462e-05,0.00029996954075078126,-0.00013131849730498593
1604,1146,1533.0,0.00022885806101451134,-0.00010505052290004713,-0.00018669554595933564,0.0002531824723234871,-0.0001293749342090229
1605,1146,1538.0,0.00022774060997048096,-8.84897156372364e-05,-0.0001956737642875312,0.0002555621574099301,-0.00011631126307668556
1606,1146,1537.0,0.00022006005210326637,-8.795674564128866e-05,-0.0001841382331166687,0.00024548216665341285,-0.00011337886019143517
1607,1146,1532.0,0.00021942153236187596,-0.00010494119697439133,-0.00017217003349567946,0.00024085232729678712,-0.00012637199190930248
1608,1147,1531.0,0.0001866474065049372,-6.0185827780043005e-05,-0.00017608487240597295,0.0002148326757605158,-8.83710970356216e-05
1609,1147,1536.0,0.00018633178044490106,-5.5452327186794365e-05,-0.00020860132050375298,0.00022510661864111447,-9.422716538300778e-05
1610,1147,1513.0,0.00014773721981270992,-5.568063220948757e-05,-0.00020142039213055275,0.00018916196985947523,-9.710538225625288e-05
1611,1147,1514.0,0.0001584768090950586,-6.062614956976731e-05,-0.0001689607589762535,0.00018726715692413,-8.941649739883871e-05
1612,1148,1532.0,0.00021890209385942456,-7.437134712446768e-05,-0.00016501494585496705,0.00024052056908372536,-9.598982234876847e-05
1614,1148,1536.0,0.0001863705914919734,-7.785142367116769e-05,-0.00020481439850276398,0.00022141386229635994,-0.00011289469447555423
1615,1148,1531.0,0.0001867129272648746,-7.450386373750216e-05,-0.00016946404837075036,0.00021179033361454818,-9.958127008717575e-05
1613,1148,1537.0,0.00022100389166465617,-7.77972438940548e-05,-0.00020096011248170106,0.0002516499049551957,-0.00010844325718459435
1616,1149,1529.0,0.00024456747190037577,-0.00010277706707652274,-0.00015314106769548017,0.00026069800492810764,-0.00011890760010425461
1618,1149,1533.0,0.00027432984820010414,-0.00011176808623040925,-0.000147535360818663,0.0002879438298069586,-0.0001253820678372637
1619,1149,1528.0,0.00026531875057119597,-0.00010117544028674836,-0.00016621433252843668,0.0002832837299976441,-0.00011914041971319649
1617,1149,1534.0,0.00024736381426926964,-0.00011268393919836966,-0.0001330614363683827,0.00025926422640055893,-0.00012458435132965895
4450,1150,1532.0,0.00025160973133587497,-0.00010517062741708446,-0.0002025603860190458,0.0002783554425149458,-0.0001319163385961553
4449,1150,1533.0,0.00025160973133587497,-0.00010517062741708446,-0.0002025603860190458,0.0002783554425149458,-0.0001319163385961553
4448,1150,1528.0,0.00025160973133587497,-0.00010517062741708446,-0.0002025603860190458,0.0002783554425149458,-0.0001319163385961553
1620,1151,1528.0,0.00023008769522162367,-9.250501994954277e-05,-0.00014798295331785744,0.00024624908919551765,-0.00010866641392343672
1621,1151,1532.0,0.000247989584972309,-7.608399023603923e-05,-0.00020318274433569084,0.00027720322857294525,-0.00010529763383667549
1622,1151,1531.0,0.0001896025935979621,-7.523807079406325e-05,-0.00018624261473303497,0.00021906716577710042,-0.00010470264297320157
1623,1151,1527.0,0.0001859079701499993,-9.020256319605707e-05,-0.00014014845220916474,0.00020267406447188377,-0.00010696865751794152
1624,1152,1530.0,0.00026969217719262015,-0.00011562215823752233,-9.853281382949611e-05,0.0002758916491008781,-0.0001218216301457803
1625,1152,1535.0,0.00026920179425644723,-0.00011730371215402935,-0.0001178994853715384,0.00027799284517329313,-0.00012609476307087527
1626,1152,1534.0,0.00024915061314038835,-0.0001173356574078585,-0.00012001142481413065,0.00025872535086192406,-0.0001269103951293942
1627,1152,1529.0,0.0002518141491963718,-0.00011556391268429593,-9.94191974906097e-05,0.00025842147737837674,-0.00012217124086630088
1628,1153,1527.0,0.0001873079361384639,-7.013294537153072e-05,-0.00015880030641381594,0.00020982682954439586,-9.265183877746268e-05
1629,1153,1531.0,0.00019020109145530262,-5.820244917472848e-05,-0.0001949128216961046,0.0002238721552973017,-9.187351301672756e-05
1630,1153,1514.0,0.00015773826609217102,-5.938787448533445e-05,-0.000180397568253058,0.00019031966395015383,-9.196927234331726e-05
1631,1153,1515.0,0.00015624361887495945,-6.973815915371686e-05,-0.0001494130161039742,0.00017870753171560203,-9.220207199435944e-05
1635,1154,1530.0,0.00027052561037623196,-0.00012446102115630904,-6.591490138254785e-05,0.0002732566770623081,-0.0001271920878423852
1633,1154,1517.0,0.0002863517683069205,-0.00012800847119435045,-7.681129615792932e-05,0.00028988139162540113,-0.00013153809451283113
1632,1154,1516.0,0.000283893409441318,-0.00012408895546920566,-6.114858624592552e-05,0.00028617192888011713,-0.00012636747490800477
1634,1154,1535.0,0.0002701444758850518,-0.00012808239045974888,-8.102576209313185e-05,0.0002742241843301606,-0.00013216209890485773
1636,1155,1526.0,0.0003374384141563748,2.4274378542240158e-05,-8.426395965013649e-05,0.00034300765913968076,1.8705133558934167e-05
1637,1155,1475.0,0.0003371973027234028,6.116924177863639e-06,-8.865427227565739e-05,0.0003430293669301448,2.848599711216299e-07
1638,1155,692.0,0.0003341392263162511,6.116924177863639e-06,-0.0001080757861589357,0.0003428120396546129,-2.5558891604980833e-06
1639,1155,745.0,0.00033439549238974825,2.679636695402599e-05,-0.00010319212031523542,0.0003428194141493012,1.837244519447301e-05
1640,1156,1078.0,0.0002662862534558363,-0.00012081746577218111,-5.328446178287129e-05,0.0002681112881433634,-0.0001226425004597082
1641,1156,1516.0,0.00026649294525674973,-0.0001242218021419541,-6.430802298670359e-05,0.0002691213890136561,-0.00012685024589886048
1642,1156,1530.0,0.00025581234225545337,-0.0001246003666807765,-6.882044947661113e-05,0.00025889985951272677,-0.0001276878839380499
1643,1156,1079.0,0.0002560557950289635,-0.00012081746577218111,-5.6425783735289045e-05,0.0002581561189030339,-0.0001229177896462515
1644,1157,1079.0,0.00025543500913690134,-0.00011431509059067556,-8.771212148685117e-05,0.00026056558583735257,-0.00011944566729112679
1647,1157,1080.0,0.00024518468942531704,-0.00011431509059067556,-8.883468887875296e-05,0.0002505912830870345,-0.00011972168425239301
1646,1157,1529.0,0.00024453987295557436,-0.00011553150218971271,-0.00010001253046248212,0.0002513556648047747,-0.00012234729403891304
1645,1157,1530.0,0.00025520762778117895,-0.00011557524205154946,-9.924364230648724e-05,0.00026173364719066027,-0.00012210126146103078
1648,1158,1080.0,0.00024379469868944688,-0.00010049525443063209,-0.00011197554716730132,0.00025267050476419407,-0.00010937106050537925
1649,1158,1529.0,0.00024133940230161837,-0.00010248050896902313,-0.00015438427125276637,0.0002578748197830178,-0.00011901592645042257
1650,1158,1528.0,0.00020759192520149357,-0.00010221670386867837,-0.00015034832496655173,0.00022486920482399115,-0.00011949398349117595
1651,1158,1081.0,0.0002083832124880787,-0.00010049525443063209,-0.00011363776144007742,0.00021850357928890644,-0.00011061562123145983
1652,1159,1081.0,0.00020819244972292497,-8.717816635009888e-05,-0.0001221916164684785,0.00022033094464965865,-9.931666127683256e-05
1653,1159,1528.0,0.00020783622654417609,-9.052301044087111e-05,-0.00013877349528184073,0.0002231834427071568,-0.00010587022660385183
1654,1159,1527.0,0.00019266607677246098,-9.10031959393395e-05,-0.00014421707880549021,0.00020994368232461663,-0.00010828080149149515
1655,1159,1082.0,0.00019212484910747195,-8.717816635009888e-05,-0.00012544689011567082,0.00020556407973619238,-0.00010061739697881931
1658,1160,1515.0,0.00016443679753511912,-7.007920651977103e-05,-0.00015822012734644907,0.00018862787190568363,-9.427028089033554e-05
1659,1160,1083.0,0.0001638125849507373,-7.604631778216871e-05,-0.00012692831255125842,0.00017956943516567425,-9.180316799710565e-05
1656,1160,1082.0,0.00019231457430072662,-7.604631778216871e-05,-0.0001323842590227886,0.00020775294428565662,-9.148468776709872e-05
1657,1160,1527.0,0.00019317735854681734,-7.02850843646598e-05,-0.00016264623142838754,0.00021625751863547617,-9.336524445331863e-05
1663,1161,1583.0,0.0003088639962687857,-0.00013397326760862196,-5.7658669140973895e-06,0.0003088827637795086,-0.00013399203511934484
1660,1161,1494.0,0.00031103654270753754,-0.0001340186662883135,-5.341560982641269e-06,0.00031105256950922475,-0.00013403469309000073
1661,1161,1495.0,0.00031103654270753754,-0.00013376668389078068,-8.622706692620885e-06,0.0003110783275251701,-0.0001338084687084132
1662,1161,1579.0,0.0003091831873659155,-0.00013373114031700953,-8.943198990238321e-06,0.00030922832739226633,-0.00013377628034336037
1666,1162,1583.0,0.000305404582266966,-0.00013404120242736144,-6.956843511457533e-06,0.00030543211389963,-0.0001340687340600254
1665,1162,1494.0,0.00030092667994957405,-0.0001340186662883135,-8.092460503164589e-06,0.00030096431815574375,-0.0001340563044944832
1667,1162,1581.0,0.0003030656210913762,-0.00013396027715999954,-1.128889114694262e-05,0.0003031385102568213,-0.0001340331663254446
1664,1162,1493.0,0.00030092667994957405,-0.00013395888961039714,-1.1324348822658314e-05,0.00030100038850271356,-0.00013403259816353663
1671,1163,1581.0,0.00029875880393169865,-0.00013304375423947663,-1.8855355178464678e-05,0.00029896454327799657,-0.00013324949358577452
1670,1163,1580.0,0.0003023103605661239,-0.00013262769012798743,-3.1596963345859735e-05,0.0003028834619023499,-0.0001332007914642134
1668,1163,1583.0,0.000308393288725067,-0.0001336377155860263,-1.1504110274535018e-06,0.00030839403722646066,-0.00013363846408741994
1669,1163,1579.0,0.0003109253457551052,-0.00013281345267365568,-2.6244324596564825e-05,0.0003113130531788086,-0.00013320116009735912
1672,1164,1492.0,0.00029685049370782764,-0.0001319577325164606,-5.278070162446219e-06,0.0002968667346331793,-0.00013197397344181223
1673,1164,1493.0,0.00029685049370782764,-0.00013395888961039714,-1.1467313343001967e-05,0.00029692678962670076,-0.00013403518552927024
1674,1164,1581.0,0.00029316003655007784,-0.00013400073986039696,-1.2789978156830736e-05,0.000293255753960824,-0.00013409645727114312
1675,1164,1582.0,0.00029036958925052897,-0.0001320233222305466,-7.576387565606801e-06,0.0002904035606020676,-0.00013205729358208522
1678,1165,1518.0,0.00029625188011094157,-0.00013301484165083698,-5.260112244198818e-05,0.0002978572741366724,-0.0001346202356765678
1676,1165,1581.0,0.00030410264911412584,-0.00013062727224054014,-3.853069176356673e-05,0.0003049547356219366,-0.00013147935874835092
1677,1165,1580.0,0.0003081558502495141,-0.00013336162380835295,-5.216919459133211e-05,0.00030969157152012274,-0.0001348973450789616
1679,1165,1517.0,0.00029607862896769907,-0.00013107421179222927,-4.240851485258143e-05,0.0002971286465568713,-0.00013212422938140155
1680,1166,1584.0,0.0002852987160537647,-0.00013221984648509606,-2.4506608151566092e-05,0.0002856580159216946,-0.00013257914635302596
1681,1166,1582.0,0.00028832475745441816,-0.00013398015967742592,-2.2018910859900043e-06,0.00028832762759114117,-0.0001339830298141489
1682,1166,1581.0,0.00029549135789704375,-0.0001327535389958332,-1.8468589789826136e-05,0.00029569038558144924,-0.0001329525666802387
1683,1166,1585.0,0.0002934012283779281,-0.00013197849696696502,-2.822987448396555e-05,0.00029386907524696,-0.0001324463438359969
1684,1167,1574.0,0.00027486978138661217,-0.00012910444459641603,-3.013429254763826e-05,0.000275430965626853,-0.00012966562883665685
1687,1167,1516.0,0.0002811804793449043,-0.00012843355296241195,-3.425065758943559e-05,0.0002818952156947025,-0.0001291482893122102
1685,1167,1584.0,0.00027801566167300756,-0.00013254535032702244,-2.087527394305233e-05,0.0002782808450200853,-0.00013281053367410022
1686,1167,1585.0,0.00028920809025982305,-0.0001311204332284378,-2.8880120464945536e-05,0.00028970358322449505,-0.0001316159261931098
1690,1168,1517.0,0.00028195106168516816,-0.0001312692090006745,-4.721926138767825e-05,0.00028329563941199127,-0.00013261378672749761
1691,1168,1516.0,0.0002803103829946193,-0.00012989310110383089,-3.6578672431670026e-05,0.00028112421687602343,-0.000130706934985235
1689,1168,1581.0,0.00029007642860737117,-0.00013096671566301157,-4.3803855681987316e-05,0.0002912126623226248,-0.00013210294937826517
1688,1168,1585.0,0.0002949508738217081,-0.00012803085239027084,-2.004034614304373e-05,0.00029518811240677816,-0.00012826809097534088
1692,1169,1491.0,0.00028613368197114193,-0.00013093887895819183,-7.333239327150104e-06,0.00028616591391857315,-0.00013097111090562308
1693,1169,1492.0,0.00028613368197114193,-0.0001319577325164606,-5.6135157505479705e-06,0.0002861525236275104,-0.0001319765741728291
1694,1169,1582.0,0.00028771194598171956,-0.0001319870002611132,-6.499160270363041e-06,0.0002877371048204117,-0.0001320121590998054
1695,1169,1584.0,0.00028742038108210514,-0.00013070027066759,-8.498293790685368e-06,0.0002874635585357185,-0.00013074344812120332
1699,1170,1574.0,0.00028144379446894303,-0.00013136882126414082,-9.282269995029152e-06,0.00028149596683792655,-0.00013142099363312433
1697,1170,1491.0,0.0002788892420208782,-0.00013093887895819183,-5.065671825295326e-06,0.0002789048949554077,-0.00013095453189272135
1698,1170,1584.0,0.00028246415864881247,-0.00013104668253290636,-5.840237663494799e-06,0.00028248477883080156,-0.00013106730271489542
1696,1170,1490.0,0.0002788892420208782,-0.00013133050876378114,-9.130703183563016e-06,0.0002789400437053548,-0.00013138131044825773
1700,1171,1496.0,0.00032788069948090463,-0.00013347374700849797,-8.932016791259045e-06,0.00032792392733422713,-0.00013351697486182047
1701,1171,1497.0,0.00032788069948090463,-0.00012870361103259987,-1.4800586378784647e-05,0.0003280006115302867,-0.00012882352308198194
1702,1171,1578.0,0.0003240176921148405,-0.0001282485549391447,-1.2220470183475773e-05,0.00032410022792413347,-0.00012833109074843766
1703,1171,1586.0,0.0003230633841959235,-0.0001320947744324489,-6.712882196290709e-06,0.0003230881340198649,-0.00013211952425639024
1705,1172,1496.0,0.0003199277349981433,-0.00013347374700849797,-1.1732810361875234e-05,0.00032000362568601257,-0.00013354963769636723
1707,1172,1579.0,0.000315520517343168,-0.00013370620084623768,-7.260756239621524e-06,0.0003155498539434259,-0.00013373553744649557
1704,1172,1495.0,0.0003199277349981433,-0.00013376668389078068,-6.402375734175514e-06,0.00031995032089122727,-0.00013378926978386467
1706,1172,1586.0,0.00031608029900015086,-0.00013339928497445037,-1.2876323062557815e-05,0.00031617249767787545,-0.000133491483652175
1710,1173,1587.0,0.00031112610455803595,-0.00013199394698991187,-3.410060516399749e-05,0.00031178119491953496,-0.00013264903735141085
1711,1173,1580.0,0.00031089789454463203,-0.00013250425747134633,-2.5789707626525105e-05,0.00031127258118976447,-0.00013287894411647875
1708,1173,1579.0,0.000317005255455775,-0.0001327500303080978,-2.2169462558514763e-05,0.00031727828553678816,-0.00013302306038911094
1709,1173,1586.0,0.00031810205520252724,-0.00013207699591312255,-3.3179423760392596e-05,0.00031871258072160093,-0.00013268752143219623
1712,1174,1580.0,0.00031163867253971266,-0.0001333625128187821,-5.2698013553648115e-05,0.00031319339423783386,-0.00013491723451690332
1713,1174,1587.0,0.0003113437902426113,-0.00012963808387225615,-4.207964053589905e-05,0.00031234535274525933,-0.0001306396463749042
1714,1174,1519.0,0.0003174710385959109,-0.00013143548756905225,-4.512487356735269e-05,0.00031860219621218037,-0.00013256664518532168
1715,1174,1518.0,0.0003162675685649246,-0.0001336093528168234,-5.1800459516119016e-05,0.0003177537818817659,-0.0001350955661336647
1718,1175,1519.0,0.0003202730651349099,-0.00013218440461444596,-4.6603983063515236e-05,0.0003214699736963744,-0.00013338131317591051
1716,1175,1586.0,0.0003272694029550563,-0.00013136293297548798,-2.7715863085756715e-05,0.0003276877494993023,-0.000131781279519734
1717,1175,1578.0,0.00033010169821177243,-0.00013198388938574714,-4.163446137467157e-05,0.00033103763115282814,-0.00013291982232680285
1719,1175,1587.0,0.0003036783799890627,-0.00013156483109165465,-3.332517314963597e-05,0.0003043153481390101,-0.00013220179924160208
1720,1176,1578.0,0.00033299901496589533,-0.00013257582876846142,-4.158055301628494e-05,0.00033392556225086815,-0.00013350237605343427
1721,1176,1577.0,0.00033302320720685064,-0.00012094613954106366,-4.66223700393148e-05,0.00033421708955998783,-0.00012214002189420088
1722,1176,1520.0,0.00033019743608025433,-0.00012330473245049834,-3.901945568289371e-05,0.00033103519973140294,-0.00012414249610164695
1723,1176,1519.0,0.00033021774800720115,-0.00012958224788031184,-3.637581087318452e-05,0.00033093606884733847,-0.00013030056872044912
1725,1177,1498.0,0.00033402442684565305,-0.00012555242590891373,-1.5335714901008185e-05,0.0003341523264107208,-0.00012568032547398148
1727,1177,1578.0,0.0003328528976328793,-0.00012832829274972673,-1.1490238710373801e-05,0.0003329244557894645,-0.00012839985090631198
1726,1177,1577.0,0.00033285861299111805,-0.00012572470911226141,-1.268065744651145e-05,0.0003329462570132774,-0.00012581235313442073
1724,1177,1497.0,0.00033402442684565305,-0.00012870361103259987,-1.3910211634479697e-05,0.0003341289430394761,-0.0001288081272264229
1728,1178,1499.0,0.0003442917405157217,-0.00011664370019726437,-1.2214495512426204e-05,0.0003443726454023093,-0.00011672460508385196
1731,1178,1588.0,0.00034660335478055304,-0.00011804701730964715,-6.556317138976114e-06,0.00034662648139232823,-0.00011807014392142233
1729,1178,1500.0,0.0003442917405157217,-0.00010869046572938154,-9.240975672453189e-06,0.0003443388652963543,-0.00010873759051001412
1730,1178,1575.0,0.0003468236537365818,-0.00010916556092472605,-2.646527102773133e-06,0.0003468274937653025,-0.00010916940095344668
1734,1179,1588.0,0.0003429469530181646,-0.00011837915026147652,-4.263088099455692e-06,0.0003429568015461584,-0.00011838899878947031
1735,1179,1577.0,0.00034207136038595133,-0.00012595177113618604,-9.900000976822976e-06,0.0003421237077229556,-0.00012600411847319033
1733,1179,1499.0,0.00033894405190385696,-0.00011664370019726437,-1.1000733277023028e-05,0.00033901044882622206,-0.00011671009711962946
1732,1179,1498.0,0.00033894405190385696,-0.00012555242590891373,-1.5664596844541107e-05,0.00033907608189673283,-0.0001256844559017896
1737,1180,1575.0,0.000345358161484767,-0.00010693536021721305,-2.458788594629502e-05,0.0003456920807749799,-0.00010726927950742597
1736,1180,1588.0,0.000344878900834511,-0.00011715615003285426,-3.2489854187842115e-05,0.0003454493602225566,-0.00011772660942089984
1739,1180,1589.0,0.00034969113897086873,-0.00011784836650450761,-2.6170451321080174e-05,0.00035005707429808686,-0.00011821430183172577
1738,1180,1576.0,0.00035002170279216024,-0.00010973088178980856,-1.9965448843414085e-05,0.00035023835812089286,-0.00010994753711854117
1743,1181,1520.0,0.0003433464542850831,-0.00012380844661995686,-4.2316450025784574e-05,0.00034430278785012335,-0.00012476478018499715
1740,1181,1577.0,0.00033459201641130795,-0.00012244672574030201,-4.298983151024109e-05,0.0003356007141205672,-0.00012345542344956127
1742,1181,1589.0,0.00035685397619213133,-0.00011819149399921977,-2.352367079228382e-05,0.00035714501374054886,-0.00011848253154763731
1741,1181,1588.0,0.0003371953433665715,-0.00011732263819038761,-3.0071108715976763e-05,0.00033769217970236156,-0.00011781947452617766
1744,1182,1589.0,0.00034922893717706516,-0.00012162820640051629,-3.441025591497532e-05,0.00034985677568577793,-0.00012225604490922906
1745,1182,1576.0,0.0003481903963389599,-0.00011154515077530458,-5.1854328591767126e-05,0.00034964795898289913,-0.00011300271341924383
1746,1182,1521.0,0.0003404532282863951,-0.00011071156297576761,-4.901638547164314e-05,0.00034178065776175085,-0.00011203899245112339
1747,1182,1520.0,0.0003383550378914645,-0.00011580967701004784,-3.8729005666929966e-05,0.000339179198634858,-0.00011663383775344132
1748,1183,1500.0,0.00034832742644427817,-0.00010869046572938154,-9.5240993800913e-06,0.00034837704081617225,-0.00010874008010127565
1749,1183,1501.0,0.00034832742644427817,-9.889036911770454e-05,-8.178524083114758e-06,0.0003483648146393217,-9.892775731274803e-05
1750,1183,1590.0,0.0003494044684850192,-9.792023315559915e-05,-2.010075552325019e-07,0.0003494044910659515,-9.792025573653144e-05
1751,1183,1575.0,0.00034919112727665146,-0.00010913177653989472,-3.294184769662284e-06,0.000349197046418517,-0.00010913769568176028
1755,1184,1576.0,0.00035403370661556566,-0.00010985263972349712,-2.1377850715119384e-05,0.0003542798714985183,-0.00011009880460644976
1752,1184,1575.0,0.00034610871782357264,-0.00010680525173044472,-2.5212972940516498e-05,0.0003464593375386073,-0.00010715587144547936
1754,1184,1573.0,0.0003566731776784293,-0.00010029757125317335,-8.454453326285985e-06,0.0003567122784664595,-0.00010033667204120353
1753,1184,1590.0,0.0003484577874949407,-9.142157467076354e-05,-6.131164951760082e-06,0.0003484791509421215,-9.144293811794429e-05
1756,1185,1501.0,0.00035263905595642187,-9.889036911770454e-05,-7.645288610538814e-06,0.0003526714161116932,-9.892272927297584e-05
1757,1185,1502.0,0.00035263905595642187,-9.019422995361944e-05,-1.3583293353085918e-05,0.0003527431936113704,-9.029836760856796e-05
1758,1185,1573.0,0.0003486570157938424,-8.79535680182791e-05,-9.281638012052784e-06,0.00034870633839188846,-8.800289061632516e-05
1759,1185,1590.0,0.00034334869405074075,-9.72077098968782e-05,4.811364714935734e-06,0.00034336183001925584,-9.722084586539324e-05
1760,1186,1576.0,0.00034640485922431824,-0.00011155171154881004,-5.2232284951811425e-05,0.00034788938662192674,-0.00011303623894641857
1761,1186,1573.0,0.0003485167210454266,-9.159384182897449e-05,-3.880518124381449e-05,0.000349370442166399,-9.244756294994686e-05
1762,1186,1522.0,0.0003542561328010105,-9.363739475710722e-05,-2.6069050326447962e-05,0.00035463514073207927,-9.401640268817606e-05
1763,1186,1521.0,0.00035393916716453325,-0.00010811356707213977,-3.292983633143391e-05,0.0003545251396011094,-0.00010869953950871588
1767,1187,1591.0,0.0002750865073902365,-0.00012747699878388276,-1.5244868359938837e-05,0.00027523078446965764,-0.00012762127586330387
1766,1187,1574.0,0.00027521995403386075,-0.00013078132126812195,-1.2087316547068974e-05,0.0002753098988627972,-0.0001308712660970584
1765,1187,1490.0,0.00027170580188323745,-0.00013133050876378114,-8.012434115281866e-06,0.00027174562010605786,-0.00013137032698660157
1764,1187,1489.0,0.00027170580188323745,-0.00012769960013826116,-1.1629272272170935e-05,0.0002717904347662658,-0.00012778423302128953
1771,1188,1078.0,0.00026827463671361823,-0.0001247083877262446,-2.0981229734465603e-05,0.0002685544826095672,-0.00012498823362219362
1768,1188,1077.0,0.0002612470519953603,-0.0001247083877262446,-1.800408872299538e-05,0.0002614569020384229,-0.00012491823776930713
1769,1188,1489.0,0.0002612470519953603,-0.00012769960013826116,-1.0943288258806819e-05,0.0002613240110503322,-0.00012777655919323308
1770,1188,1591.0,0.00027493508194335187,-0.00012731926322307602,-1.7639827441502318e-05,0.0002751283763508525,-0.0001275125576305767
1772,1189,1591.0,0.0002750928278401465,-0.00012500109904968587,-1.4988592420044078e-05,0.00027523315684711196,-0.00012514142805665132
1773,1189,1574.0,0.00027431443463405217,-0.00012772183847852624,-3.429829410070244e-05,0.00027504461769683065,-0.00012845202154130475
1774,1189,1516.0,0.00026590685697742804,-0.0001273423570065421,-3.281184840495631e-05,0.0002665901069594875,-0.00012802560698860162
1775,1189,1078.0,0.0002657598488834262,-0.0001262248956976705,-2.4947110570556173e-05,0.00026615637540727566,-0.00012662142222152
1776,1190,1506.0,0.0003385705821225722,-1.4535576328565567e-05,-6.135733739701804e-06,0.00033859723443820013,-1.4562228644193504e-05
1777,1190,1507.0,0.0003385705821225722,-8.779777612602714e-06,-7.393699611280002e-06,0.00033860992323847745,-8.819118728507953e-06
1778,1190,1597.0,0.00033746518355300126,-7.910138740380625e-06,-2.5260346833561043e-06,0.00033746980227173957,-7.914757459118925e-06
1779,1190,1596.0,0.00033760247789576744,-1.503102561824648e-05,-1.59790787303965e-06,0.0003376042880587543,-1.5032835781233366e-05
1783,1191,1595.0,0.00034005841076260954,-8.788318627824572e-06,-1.9167919055734783e-05,0.00034032151501056076,-9.051422875775783e-06
1782,1191,1594.0,0.0003416345978282283,-8.572417819337219e-06,-1.4743479156991215e-05,0.0003417897017660554,-8.72752175716437e-06
1781,1191,1597.0,0.0003369413516592819,-8.25038424946039e-06,-8.494001777790972e-06,0.0003369935959201128,-8.3026285102913e-06
1780,1191,1596.0,0.0003360855925855638,-8.732272926398945e-06,-1.8237059704670835e-05,0.0003363265589918016,-8.9732393326367e-06
1784,1192,1507.0,0.00034570279333533474,-8.779777612602714e-06,-6.1673691874944425e-06,0.00034572961663206,-8.806600909327977e-06
1785,1192,1508.0,0.00034570279333533474,-5.45046845406994e-06,-1.4834182630469803e-05,0.0003458593879841052,-5.60706310284042e-06
1786,1192,1594.0,0.0003394994574265689,-4.597299592490075e-06,-1.4672162807583683e-05,0.0003396557903453897,-4.7536325113108784e-06
1787,1192,1597.0,0.00033317631784340884,-7.952394071992627e-06,-3.509225743072303e-06,0.0003331853425451598,-7.961418773743561e-06
1788,1193,1505.0,0.0003380924704451463,-2.823629785177626e-05,-8.990265034886785e-06,0.00033814762083608525,-2.8291448242715166e-05
1789,1193,1506.0,0.0003380924704451463,-1.4535576328565567e-05,-6.082256410928216e-06,0.00033811869573573453,-1.4561801619153826e-05
1790,1193,1596.0,0.00034051404880370423,-1.5811681975369285e-05,5.055853057895493e-06,0.00034053198208884496,-1.5829615260510048e-05
1791,1193,1593.0,0.0003401260319035454,-2.9229276434852264e-05,3.798453408788982e-07,0.0003401261295618446,-2.922937409315145e-05
1795,1194,1592.0,0.0003398579224451661,-2.8066244436032865e-05,-4.003824652296789e-06,0.00033986881472863233,-2.807713671949908e-05
1794,1194,1595.0,0.00034006905843377705,-1.4110170190422722e-05,-4.309404581584464e-07,0.0003400691895182639,-1.41103012749096e-05
1793,1194,1596.0,0.0003381363476977744,-1.0752272245256307e-05,-1.1706353548635029e-05,0.0003382345166813534,-1.0850441228835254e-05
1792,1194,1593.0,0.0003377850667934945,-2.652614490713119e-05,-1.6433764798991224e-05,0.00033797030085311975,-2.6711378966756422e-05
1798,1195,1474.0,0.0003504213151686031,-1.9670240709586432e-05,-3.299607830502954e-05,0.0003511553133865559,-2.04042389275392e-05
1796,1195,1508.0,0.000359927959329185,-5.45046845406994e-06,-9.741198024906111e-06,0.00035999287427485884,-5.515383399743774e-06
1797,1195,1473.0,0.000359927959329185,-1.9670240709586432e-05,-2.1491313887830876e-05,0.0003602319037654973,-1.9974185145898743e-05
1799,1195,1594.0,0.0003501391987682876,-9.691712059185411e-06,-2.50920089297519e-05,0.0003505761021546646,-1.0128615445562469e-05
1801,1196,1595.0,0.0003383131086165756,-1.94847106127348e-06,-1.827696833837586e-05,0.000338558366226014,-2.1937286707118472e-06
1802,1196,1525.0,0.0003457150526677069,-5.870302444231584e-06,7.935542811426596e-06,0.0003457598247412889,-5.915074517813605e-06
1803,1196,1524.0,0.0003440769496619294,-2.9408218579656925e-05,-4.488353334710857e-06,0.00034409043385760573,-2.9421702775333277e-05
1800,1196,1592.0,0.00033756618189444143,-3.1686927408399236e-05,-2.909941507012008e-05,0.0003381385977364061,-3.225934325036387e-05
1804,1197,1595.0,0.00033343152219258987,4.272636437591995e-07,-3.4098586711765744e-05,0.0003343021429608534,-4.433571245043215e-07
1805,1197,1594.0,0.0003343082886545917,1.8809743861210896e-06,-3.115380382912383e-05,0.0003350365965596868,1.1526664810260266e-06
1807,1197,1525.0,0.0003360599463815353,2.0002106827081885e-07,-3.2896003107640154e-05,0.000336863528442521,-6.035609927148547e-07
1806,1197,1526.0,0.0003365216109990875,1.730882277784545e-06,-3.0072520819350232e-05,0.0003371955690519652,1.056924224906823e-06
1808,1198,1594.0,0.0003511265170499569,4.291726197006855e-06,-5.442702783240057e-05,0.00035324877063808375,2.1694726088799545e-06
1809,1198,1474.0,0.00035156173670127314,-8.112980997422994e-06,-6.672287051394041e-05,0.00035462998465585606,-1.1181228952005927e-05
1810,1198,1475.0,0.0003380356499490325,-8.112980997422994e-06,-7.991340841885172e-05,0.00034258806919725915,-1.2665400245649613e-05
1811,1198,1526.0,0.0003392216122467158,5.601002745859009e-06,-6.469401859925117e-05,0.00034232895455379834,2.4936604387764804e-06
1815,1199,1600.0,0.00034634188147912234,-4.662428535894047e-05,-2.4286609565313255e-06,0.00034634563392539895,-4.6628037805217075e-05
1814,1199,1592.0,0.0003463393461527915,-2.8972230018089472e-05,2.6692283566602526e-06,0.0003463440920028931,-2.897697586819108e-05
1813,1199,1593.0,0.0003419097366513732,-2.711272834233437e-05,-1.2104560499714978e-05,0.00034200897247560583,-2.7211964166567028e-05
1812,1199,1599.0,0.00034188165364724965,-4.393806929477267e-05,-1.7069123099386352e-05,0.00034207035093215,-4.412676657967302e-05
1816,1200,1598.0,0.00034336130576527457,-6.148447928734342e-05,-2.4348632396710077e-05,0.00034372707513507643,-6.185024865714529e-05
1817,1200,1599.0,0.0003458666951250567,-4.524008084099641e-05,-1.0290528297030727e-05,0.00034593437271217297,-4.53077584281127e-05
1818,1200,1600.0,0.00036200688653702934,-4.9817280420433796e-05,1.3168248184704592e-05,0.00036211212469076535,-4.992251857416984e-05
1819,1200,1523.0,0.00035217533014039477,-6.583732891010167e-05,-1.2676598533694489e-05,0.0003522714152812923,-6.593341405099917e-05
1820,1201,1600.0,0.0003463510177839878,-6.815288617021735e-05,-2.0820313556609016e-05,0.00034661230143890004,-6.841416982512958e-05
1821,1201,1592.0,0.00034635083410443357,-3.0946475653504294e-05,-2.04688183388594e-05,0.00034662824444329436,-3.122388599236504e-05
1822,1201,1524.0,0.0003465254018223769,-2.927912060236438e-05,-2.896528821544342e-06,0.0003465309830182609,-2.928470179824842e-05
1823,1201,1523.0,0.0003465832452812026,-4.47729423449564e-05,2.766535428810196e-06,0.00034658813444796746,-4.477783151172126e-05
1824,1202,1573.0,0.00034825238782649516,-9.150300177591876e-05,-3.9369944712871335e-05,0.0003491317966658423,-9.238241061526592e-05
1825,1202,1598.0,0.00034829935232598246,-6.142639914633326e-05,-2.603831974771348e-05,0.00034871262322822363,-6.183967004857441e-05
1826,1202,1523.0,0.0003593254666678352,-6.903482592858349e-05,-4.307583651308108e-06,0.0003593362956406457,-6.904565490139394e-05
1827,1202,1522.0,0.00035897043932945315,-9.516607628794489e-05,-1.66050331420909e-05,0.00035912217510778485,-9.531781206627656e-05
1831,1203,1599.0,0.00034200650133328625,-4.724438557226047e-05,4.551035198550879e-06,0.0003420198033027265,-4.725768754170075e-05
1830,1203,1593.0,0.00034201063082444846,-2.9766461727276712e-05,5.367618531721546e-06,0.00034203000387621706,-2.9785834779045314e-05
1829,1203,1505.0,0.0003414060265676498,-2.823629785177626e-05,-9.333687863644774e-06,0.0003414649374670554,-2.8295208751181826e-05
1828,1203,1504.0,0.0003414060265676498,-4.551104364220553e-05,-1.0041111801348257e-05,0.0003414711612979553,-4.5576178372511015e-05
1832,1204,1503.0,0.00034454651411437026,-6.63543280831793e-05,-1.6877878702123428e-05,0.0003447197570891519,-6.652757105796094e-05
1833,1204,1504.0,0.00034454651411437026,-4.551104364220553e-05,-1.0412351698168426e-05,0.0003446159896048175,-4.5580519132652834e-05
1834,1204,1599.0,0.00035120041127511756,-4.804673200410705e-05,1.0251629001173379e-05,0.0003512662092285055,-4.811252995749499e-05
1835,1204,1598.0,0.0003497093149998475,-6.719502762178467e-05,-4.95048583817187e-07,0.00034970946195982664,-6.71951745817638e-05
1839,1205,1573.0,0.00034840131743299474,-8.335200867890755e-05,2.5963503280535677e-06,0.00034840522068843984,-8.335591193435265e-05
1838,1205,1598.0,0.00034839470955860645,-6.725672435490465e-05,7.927856217043033e-07,0.00034839508758477156,-6.725710238106975e-05
1836,1205,1502.0,0.00035046002856177136,-9.019422995361944e-05,-1.4420528496091739e-05,0.00035057797590472013,-9.031217729656819e-05
1837,1205,1503.0,0.00035046002856177136,-6.63543280831793e-05,-1.717658121079893e-05,0.00035063691173935126,-6.65312112607592e-05
1840,1206,1615.0,6.652300154123478e-05,-1.1182147631872753e-05,-7.226623315090492e-05,8.072817535638914e-05,-2.538732144702711e-05
1841,1206,1616.0,6.566615851207394e-05,-9.346238180713787e-06,-8.114399708468792e-05,8.341212736407147e-05,-2.709220703271132e-05
1842,1206,1484.0,5.6835095998452115e-05,-1.0186901210323951e-05,-7.520810201951805e-05,7.369325144500935e-05,-2.7045056656881182e-05
1843,1206,1485.0,6.0440560083846635e-05,-1.1864662752497515e-05,-6.766754971990717e-05,7.380295279197322e-05,-2.5227055460624097e-05
1844,1207,1611.0,6.380404092945751e-05,-8.910692404501784e-06,-8.093862151794043e-05,8.184909354933776e-05,-2.6955745024382026e-05
1845,1207,1483.0,5.992361441661473e-05,-9.943095968690334e-06,-7.69300935288431e-05,7.695081279689058e-05,-2.697029434896619e-05
1846,1207,1484.0,6.199439455763841e-05,-1.2269148314980605e-05,-7.31929198464834e-05,7.699772961313313e-05,-2.7272483370475325e-05
1847,1207,1616.0,7.041988516567899e-05,-1.0333128689118292e-05,-8.127232542713063e-05,8.732828054021e-05,-2.7241524063649314e-05
1851,1208,1615.0,6.61497804564145e-05,-1.460763825434459e-05,-7.653314787137676e-05,8.140173575625654e-05,-2.9859593554186636e-05
1848,1208,1610.0,7.395747727690152e-05,-1.532289457561076e-05,-7.708284061307136e-05,8.829344991303191e-05,-2.9658867211741138e-05
1849,1208,1611.0,7.398385684614581e-05,-1.2644691380806795e-05,-8.497091058080365e-05,9.134198381594704e-05,-3.0002818350608024e-05
1850,1208,1616.0,6.523960883461806e-05,-1.1339412966694228e-05,-8.583868009746573e-05,8.446667289483932e-05,-3.05664770269155e-05
1853,1209,1612.0,6.708228998212641e-05,-6.887911650454905e-06,-8.886185448818765e-05,8.790726595320165e-05,-2.7712887621530152e-05
1854,1209,1482.0,5.533686801244449e-05,-8.34821625079335e-06,-8.053681663651663e-05,7.483137096417548e-05,-2.7842719202524347e-05
1855,1209,1483.0,5.928607574652231e-05,-1.1881639720531583e-05,-7.301634542202819e-05,7.468317137694413e-05,-2.7278735350953407e-05
1852,1209,1611.0,6.836985674450562e-05,-9.9565852001083e-06,-8.149513639261357e-05,8.572320140421859e-05,-2.7309929859821268e-05
1856,1210,1609.0,8.249453639170689e-05,-2.2990775593275227e-05,-7.416011708127977e-05,9.422449863765512e-05,-3.4720737839223455e-05
1857,1210,1610.0,8.528637273036779e-05,-1.8644013413650676e-05,-8.63524947753479e-05,0.00010088277843675351,-3.424041912003639e-05
1858,1210,1615.0,7.058464817327921e-05,-1.7092260625020282e-05,-8.455701101951242e-05,8.765006977758935e-05,-3.415768222933043e-05
1859,1210,1614.0,7.14488129966431e-05,-2.2812995745443224e-05,-7.02881599174551e-05,8.310930683127157e-05,-3.44734895800717e-05
1860,1211,1615.0,6.0090370412058504e-05,-1.03505328105252e-05,-7.021070082769039e-05,7.459783690903066e-05,-2.4857999307497357e-05
1861,1211,1485.0,5.826394453913898e-05,-1.0438038023550113e-05,-6.904209459546672e-05,7.261298722640017e-05,-2.4787080710811303e-05
1862,1211,1486.0,5.9497401957741766e-05,-1.0683108366644264e-05,-6.631905229912902e-05,7.268633674123307e-05,-2.387204315013557e-05
1863,1211,1645.0,6.531757895903573e-05,-1.0588403253881419e-05,-6.791666173967554e-05,7.829196525797964e-05,-2.3562789552825337e-05
1867,1212,1488.0,4.750767670500585e-05,-1.1939725564634506e-05,-4.493181546621865e-05,5.504273855857126e-05,-1.9474787418199915e-05
1865,1212,1617.0,5.6030377370073006e-05,-1.028346582444481e-05,-6.012446749267125e-05,6.762967710154219e-05,-2.188276555591399e-05
1864,1212,1618.0,6.11316416604217e-05,-1.1963433015735716e-05,-4.631782355962212e-05,6.785138619101749e-05,-1.8683177546331502e-05
1866,1212,1487.0,4.21017721221658e-05,-1.0492966629046304e-05,-5.670371873638287e-05,5.4474540653099046e-05,-2.286573515997955e-05
1870,1213,1617.0,5.53265542722961e-05,-1.896562660488204e-05,-6.518680520359137e-05,6.75986986062541e-05,-3.123777093884004e-05
1868,1213,1087.0,7.84082707331454e-05,-2.330127104491057e-05,-5.4578630500733225e-05,8.526757480863036e-05,-3.016057512039553e-05
1869,1213,1614.0,7.418379578444032e-05,-1.934357022101798e-05,-6.86546242471258e-05,8.543051189780282e-05,-3.059028633438049e-05
1871,1213,1618.0,6.670192943219414e-05,-2.7339815112127457e-05,-3.6038489395234796e-05,7.003635091061604e-05,-3.0674236590549355e-05
1873,1214,1645.0,5.95126512786745e-05,-1.0107840646604496e-05,-6.93835872424102e-05,7.384784018679127e-05,-2.444302955472127e-05
1874,1214,1486.0,4.803417778295738e-05,-1.0236026504606074e-05,-6.65446308330906e-05,6.312464686337435e-05,-2.5326495585023053e-05
1875,1214,1487.0,5.345671323746335e-05,-1.0975467190330566e-05,-5.442581350771983e-05,6.34119256198133e-05,-2.0930679572680523e-05
1872,1214,1617.0,6.147586381972589e-05,-1.0914011234242158e-05,-5.593643189598027e-05,7.102253323757587e-05,-2.0460680652092134e-05
1876,1215,1087.0,6.266516683784383e-05,-1.91017421080587e-05,-3.692458491049615e-05,6.664052523755995e-05,-2.3077100507774815e-05
1877,1215,1618.0,7.839371062734468e-05,-1.2215216794634644e-05,-6.29387909771191e-05,8.825098442122111e-05,-2.207249058851108e-05
1879,1215,1088.0,4.1054797957913725e-05,-1.91017421080587e-05,-2.9772857379172825e-05,4.453704173665837e-05,-2.2583985886803345e-05
1878,1215,1488.0,3.168123971588298e-05,-1.1984607821157811e-05,-4.8176613964324294e-05,4.2358669583533696e-05,-2.266203768880853e-05
1880,1216,1086.0,9.762066511140918e-05,-3.213984567206269e-05,-6.718292512860637e-05,0.00010580089080832924,-4.032007136898275e-05
1881,1216,1609.0,9.606769254911877e-05,-2.357523109923162e-05,-8.782380305431478e-05,0.00011045446740061199,-3.796200595072483e-05
1882,1216,1614.0,7.160690911537943e-05,-2.317038290200067e-05,-7.897792832700298e-05,8.59034482101098e-05,-3.7466921996731034e-05
1883,1216,1087.0,7.780590429236345e-05,-3.213984567206269e-05,-5.920289488827758e-05,8.52690980092456e-05,-3.9603039388944844e-05
1887,1217,1482.0,5.628030281282226e-05,-1.0816153743733103e-05,-7.309655591027087e-05,7.23431644449393e-05,-2.687901537585014e-05
1886,1217,1481.0,5.2892976978469175e-05,-6.636475788257285e-06,-7.904612889130577e-05,7.260563492220745e-05,-2.6349133731995565e-05
1885,1217,1613.0,6.340701586094507e-05,-4.855029477837062e-06,-8.801317841287092e-05,8.496716486213791e-05,-2.6415178479029912e-05
1884,1217,1612.0,6.58693763737183e-05,-9.17194728233719e-06,-8.131095816356609e-05,8.367201924978896e-05,-2.6974590158407857e-05
1888,1218,1613.0,6.263182249295098e-05,-7.675270718872189e-06,-7.88168040521493e-05,8.028730910317319e-05,-2.5330757329094398e-05
1889,1218,1608.0,5.888774373876901e-05,-3.2193329799316567e-06,-8.515577174173124e-05,8.05333382932352e-05,-2.486492753439785e-05
1890,1218,1480.0,4.831379266167363e-05,-4.735668543730644e-06,-7.666803230815854e-05,6.840513362283382e-05,-2.4827009504890837e-05
1891,1218,1481.0,5.215087940343369e-05,-9.439512487254649e-06,-6.991479243624414e-05,6.794284524825353e-05,-2.523147833207448e-05
1892,1219,1621.0,8.522873750013184e-05,-2.110155030820714e-05,-9.576470943020027e-05,0.00010361254480709977,-3.948535761517507e-05
1893,1219,1620.0,8.541090217454445e-05,-1.3946671347281076e-05,-0.00010656594144859387,0.00010858166464519883,-3.711743381793546e-05
1894,1219,1611.0,7.402900307314046e-05,-1.4275256323597772e-05,-9.84498180000978e-05,9.600177203605251e-05,-3.624802528650982e-05
1895,1219,1610.0,7.399544763208969e-05,-2.0990105110266005e-05,-8.840492923234064e-05,9.138272740751592e-05,-3.8377384885692235e-05
1896,1220,1601.0,0.00010673281108449124,-2.6615876007769594e-05,-0.00011681043353639923,0.00012869614255890617,-4.857920748218452e-05
1897,1220,1602.0,0.00010108293323819956,-1.990825938924122e-05,-0.00013020967582556657,0.00012946003854315624,-4.82853646941979e-05
1898,1220,1620.0,8.567234016783158e-05,-2.07105247219708e-05,-0.00012177705170358152,0.00011333102254007013,-4.8369207094209346e-05
1899,1220,1621.0,8.4969868825455e-05,-3.8195547039438036e-05,-8.029725709354785e-05,9.690139278371003e-05,-5.0127070997693066e-05
1903,1221,1609.0,8.776732310612507e-05,-2.5965787348026864e-05,-9.437384134261366e-05,0.00010479535892490499,-4.2993823166806786e-05
1902,1221,1610.0,8.885177091776629e-05,-2.1163476387254772e-05,-9.989305410516673e-05,0.00010814417569398974,-4.045588116347822e-05
1900,1221,1601.0,9.244768448430241e-05,-2.7569689355906634e-05,-9.814742450387284e-05,0.00010995849020998975,-4.5080495081593975e-05
1901,1221,1621.0,9.694131326151711e-05,-2.1296909025149066e-05,-0.00010878424269112827,0.00011815633040030547,-4.2511926163937426e-05
1904,1222,1085.0,0.00011365827172419261,-3.976266698945774e-05,-9.127696804035485e-05,0.00012620791290171758,-5.2312308166982706e-05
1905,1222,1601.0,0.00011440385929577246,-3.304646634094352e-05,-0.0001091949418992131,0.0001324190009607032,-5.106160800587426e-05
1906,1222,1609.0,9.465084781327179e-05,-3.073196970496757e-05,-0.00010774860711747474,0.00011461930426177273,-5.070042615346851e-05
1907,1222,1086.0,9.638233879248354e-05,-3.976266698945774e-05,-8.469714486423596e-05,0.00010848007499857154,-5.186040319554574e-05
1908,1223,1620.0,8.093930971638831e-05,-1.44461533067733e-05,-9.478145992729541e-05,0.00010048107772345574,-3.398792131384073e-05
1909,1223,1619.0,7.95844415142511e-05,-8.66538226671691e-06,-0.00010804472390352204,0.00010521211696065414,-3.4293057713119946e-05
1910,1223,1612.0,6.537758840767689e-05,-9.65734920665279e-06,-9.9733133420956e-05,9.02639251029583e-05,-3.454368590193419e-05
1911,1223,1611.0,6.73480210442853e-05,-1.4690950030875512e-05,-8.851466426194887e-05,8.667180059170962e-05,-3.401472957829983e-05
1915,1224,1620.0,7.949314260454268e-05,-2.202662092729425e-05,-0.00011028562636518358,0.00010368187952222798,-4.621535784497955e-05
1912,1224,1602.0,9.038611311587043e-05,-2.1125506476592096e-05,-0.00011897052380635195,0.00011616070691071037,-4.690010027143204e-05
1913,1224,1603.0,9.343556014316558e-05,-1.3397862975452228e-05,-0.0001324816989400606,0.00012511406121254464,-4.507636404483131e-05
1914,1224,1619.0,7.796276962416387e-05,-1.1487402221686425e-05,-0.00012487414800728923,0.00011004081853927532,-4.3565451136797875e-05
1916,1225,1619.0,7.225604646898288e-05,-1.0237004326937318e-05,-9.741198155022342e-05,9.483388471681118e-05,-3.2814842574765615e-05
1917,1225,1622.0,7.310547947868284e-05,-6.091187618040847e-06,-0.00010864469601946924,0.00010073024845540562,-3.371595659476362e-05
1918,1225,1613.0,5.978162488400052e-05,-7.23860730283488e-06,-0.0001005620837737347,8.669593310578206e-05,-3.415291552461642e-05
1919,1225,1612.0,6.269231469391463e-05,-1.0844074341619754e-05,-9.218018886623242e-05,8.488340216761961e-05,-3.3035161815324735e-05
1923,1226,1613.0,5.745342615458976e-05,-9.270755356023848e-06,-9.10673768157455e-05,8.05390623649507e-05,-3.2356391566384785e-05
1920,1226,1622.0,7.787711770135958e-05,-6.7681413151652855e-06,-0.00010673892452571629,0.00010366839624953072,-3.2559419863336425e-05
1921,1226,1604.0,6.435226833581033e-05,8.199665534622605e-08,-0.00011209509650008699,9.682359208214841e-05,-3.2389327090991856e-05
1922,1226,1608.0,5.2027164287505104e-05,-2.735674060403597e-06,-0.00010021976212625568,8.174865481297511e-05,-3.2457164585873614e-05
1924,1227,1603.0,7.245248417445723e-05,-9.758519165507578e-06,-0.00011643555822835397,0.00010261388977936664,-3.991992477041699e-05
1925,1227,1604.0,7.206373498208803e-05,-9.544634759627783e-06,-0.00011514850458687297,0.00010182707826776559,-3.930797804530534e-05
1926,1227,1622.0,7.35083000818447e-05,-9.330043940279902e-06,-0.00011356625997163694,0.00010237334864032648,-3.8195092498761684e-05
1927,1227,1619.0,7.370087550964688e-05,-9.72228783710418e-06,-0.00011600911582418036,0.00010343427115638603,-3.945568348384333e-05
1928,1228,1604.0,6.30669015601118e-05,-4.3385775413089375e-06,-0.00010109637917373078,9.011771436424487e-05,-3.138939034544201e-05
1929,1228,1605.0,6.162142455341194e-05,1.6171765741580541e-06,-0.00011311096386238881,9.564000018788007e-05,-3.240139906031007e-05
1930,1228,1623.0,4.6335430918378884e-05,1.7677318965073335e-06,-0.0001062593045185068,8.166520738442205e-05,-3.3562044569535835e-05
1931,1228,1608.0,5.019657542022424e-05,-6.891936415893366e-06,-8.961565310161741e-05,7.477967466052989e-05,-3.147503565619901e-05
1932,1229,1608.0,5.353239262517913e-05,-5.96776243629363e-06,-7.34778613841634e-05,7.105615713718779e-05,-2.3491526948302283e-05
1933,1229,1623.0,5.22409737433293e-05,-1.709126035400561e-06,-7.875957633126165e-05,7.299873261799674e-05,-2.2466884910067997e-05
1934,1229,1479.0,4.460800698753535e-05,-2.7907454819459413e-06,-7.192571371401977e-05,6.397819665766044e-05,-2.2160935152071026e-05
1935,1229,1480.0,4.7339609304325285e-05,-7.114438921244958e-06,-6.75433077463438e-05,6.349271252385109e-05,-2.326754214077076e-05
1936,1230,1623.0,5.0479109882190995e-05,-4.790815765165447e-06,-6.339380184219347e-05,6.48963134506013e-05,-1.920801933357576e-05
1937,1230,1624.0,4.7886295376131996e-05,-2.259972282565772e-06,-7.581222076532418e-05,6.826132151357386e-05,-2.263499842000764e-05
1938,1230,1478.0,3.5206781341768495e-05,-3.060050501741177e-06,-6.924331856784666e-05,5.563024720317417e-05,-2.3483516363146853e-05
1939,1230,1479.0,3.9997979165523785e-05,-5.21230983041728e-06,-5.918891665271202e-05,5.4632927597143934e-05,-1.984725826203743e-05
1940,1231,1624.0,5.694450899450254e-05,-2.5754590648845166e-06,-7.775256149355255e-05,7.61439148113929e-05,-2.177486488177488e-05
1941,1231,1606.0,3.675325296631244e-05,9.011540471380282e-06,-7.519448244715753e-05,6.295674263567748e-05,-1.7191949197984764e-05
1942,1231,1477.0,2.297285032287419e-05,2.7872444503015525e-06,-5.628785246127575e-05,4.277896467110331e-05,-1.701886989792757e-05
1943,1231,1478.0,2.96458250628618e-05,-9.820666874830108e-06,-4.647357843137745e-05,4.039781108462604e-05,-2.0572652896594345e-05
1944,1232,1605.0,4.2365146535570074e-05,2.1517312417255238e-06,-8.804874708763337e-05,7.0657045876084e-05,-2.6140168098788406e-05
1945,1232,1606.0,4.203472848900332e-05,-5.560964704679795e-07,-8.524430596222425e-05,6.838532861711772e-05,-2.6906696598582382e-05
1946,1232,1624.0,4.57337195341502e-05,-3.4197134486288992e-06,-8.677618461683245e-05,7.102223690024684e-05,-2.8708230814725538e-05
1947,1232,1623.0,4.473777258047658e-05,2.096401905184956e-06,-9.063485798844854e-05,7.349942937969037e-05,-2.666525489402884e-05
1951,1233,1477.0,1.9147536850156084e-05,-6.524399111088736e-06,-3.721220982585635e-05,2.891575463302566e-05,-1.6292616893958313e-05
1950,1233,1476.0,8.144942397187924e-06,5.855539991150675e-06,-5.705886046225572e-05,3.555262691160077e-05,-2.155214452326217e-05
1948,1233,1606.0,3.90645193078798e-05,-1.1669710754863344e-06,-5.790402160670352e-05,5.420302399013558e-05,-1.6305475757742115e-05
1949,1233,1607.0,3.3405136330176555e-05,8.109306166565475e-06,-7.404280323148119e-05,5.9879515832284724e-05,-1.8365073335542694e-05
1952,1234,1607.0,2.562384189312185e-05,1.5031169247558228e-06,-3.6314277111931456e-05,3.5361048626409535e-05,-8.234089808531864e-06
1953,1234,730.0,2.0921918826511537e-05,7.353251835203389e-06,-5.354404914298394e-05,4.1755848864918104e-05,-1.3480678203203178e-05
1954,1234,729.0,-3.276515895708071e-06,7.353251835203389e-06,-4.597404936849611e-05,2.5631826689009466e-05,-2.1555090749514148e-05
1955,1234,1476.0,6.398802626768341e-06,4.089952165385472e-07,-2.680261082408167e-05,1.7135775521365003e-05,-1.0327977678058115e-05
1956,1235,1638.0,4.260804935441419e-05,1.4909555221389063e-05,-0.00011724648754087193,8.899572082194739e-05,-3.147811624614414e-05
1957,1235,732.0,4.1668611497576447e-05,2.1736290229935526e-05,-0.00013421163919471665,9.954429179995342e-05,-3.6139390072441443e-05
1958,1235,731.0,2.5363517953439288e-05,2.1736290229935526e-05,-0.00012779053520605918,8.747090547075141e-05,-4.03710972873766e-05
1959,1235,1639.0,2.7747945777107513e-05,1.4889468683265943e-05,-0.00011134342892002089,7.736043185755832e-05,-3.472301739718487e-05
1963,1236,1636.0,4.322403289148263e-05,7.503957807842329e-06,-0.00013395145709846866,9.468014899147924e-05,-4.3952158292154275e-05
1960,1236,1637.0,6.02756586591674e-05,7.528140391810617e-06,-0.00014066758968925112,0.00010901792889397441,-4.1214129842996396e-05
1961,1236,1638.0,5.9025844668150404e-05,1.5054275578939465e-05,-0.00015946596354538163,0.00011974872414616144,-4.5668603899071575e-05
1962,1236,1639.0,4.15329644574778e-05,1.503084484748762e-05,-0.00015257956410869716,0.00010571394861269058,-4.915013930772516e-05
1964,1237,1636.0,4.647124863139951e-05,5.34809592856551e-06,-9.710331084390213e-05,7.863577270725687e-05,-2.6816428147291846e-05
1965,1237,1639.0,4.4641848836261475e-05,1.2506509852177748e-05,-0.00011734150626192819,8.94053167317453e-05,-3.2256958043306075e-05
1966,1237,1607.0,2.270797384321642e-05,1.2090110044475893e-05,-0.00010860292186085085,7.195940683531906e-05,-3.7161322947626756e-05
1967,1237,1606.0,2.855552818040348e-05,5.3854281934448975e-06,-9.106579869956784e-05,6.395407433014175e-05,-3.0013117956293366e-05
1968,1238,1639.0,3.2695216151753734e-05,1.0250216165590804e-05,-7.590653177753579e-05,6.105042323877264e-05,-1.810499092142809e-05
1969,1238,731.0,3.0188263047882524e-05,1.4746399838469135e-05,-9.356941373060874e-05,6.988485543291001e-05,-2.495019254655835e-05
1970,1238,730.0,1.1543977131657848e-05,1.4746399838469135e-05,-8.898350750971215e-05,5.7665745871298275e-05,-3.137536890117129e-05
1971,1238,1607.0,1.6367184804046836e-05,1.0027973849083749e-05,-7.098681120720415e-05,4.883222875973206e-05,-2.2437070106601475e-05
1975,1239,1638.0,4.0739737900277045e-05,1.74704250369361e-05,-0.00015158299116752906,0.00010578438788896231,-4.7574224951749166e-05
1972,1239,1635.0,5.793569141986435e-05,1.7472709936660713e-05,-0.00016087129812182924,0.00012064518486267003,-4.523678350614497e-05
1973,1239,733.0,5.750150080748029e-05,2.8332968023830093e-05,-0.0001807522375205043,0.00013446254378951072,-4.862807495820034e-05
1974,1239,732.0,3.964940138415432e-05,2.8332968023830093e-05,-0.0001711139102615212,0.00011973503572111556,-5.175266631313115e-05
1976,1240,1634.0,7.96697470250747e-05,4.620645104394159e-06,-0.0001799685255959079,0.00013964011632249153,-5.534972419302266e-05
1977,1240,1635.0,7.936475321737406e-05,1.7483613781871352e-05,-0.00020518141138097315,0.0001555790795544977,-5.87307125552523e-05
1978,1240,1638.0,5.679510809174053e-05,1.7480797240415125e-05,-0.00019373159886788664,0.00013597816138401607,-6.170225605186042e-05
1979,1240,1637.0,5.843324707955656e-05,4.663023250620632e-06,-0.00016928383332798919,0.00012035727489297962,-5.7261004562802426e-05
1983,1241,1641.0,5.7475774308079e-05,-1.9464414504890767e-06,-0.00014470517205576738,0.00010598005261550867,-5.0450719757918745e-05
1981,1241,1637.0,7.62017146066548e-05,7.652861661259732e-06,-0.00017504420444569568,0.00013592119584897343,-5.20666195810589e-05
1980,1241,1640.0,7.637561572251643e-05,-2.12520482396417e-06,-0.00015243865951342604,0.00012285723525832853,-4.860682435977626e-05
1982,1241,1636.0,5.6561321279555155e-05,7.622089397734972e-06,-0.00016650542470974736,0.00011886598850329575,-5.468257782600562e-05
1987,1242,1630.0,7.474763878926281e-05,-1.0844773039806735e-05,-0.00015202613949931443,0.00011918389250671087,-5.528102675725479e-05
1984,1242,1631.0,9.237746916416004e-05,-1.1424680241462664e-05,-0.0001580198291872715,0.00013500833699613645,-5.405554807343909e-05
1986,1242,1641.0,7.498412328185537e-05,-2.5523112885245374e-06,-0.0001719369390121711,0.00013052153902402206,-5.8089727030691244e-05
1985,1242,1640.0,9.143007435337934e-05,-2.7033327036110307e-06,-0.00017845976884327958,0.00014524571246572065,-5.651897081595236e-05
1991,1243,1604.0,6.0619633010782284e-05,-5.992249819474697e-06,-0.00012277433668186379,9.71540106847436e-05,-4.2526627493436015e-05
1988,1243,1630.0,7.444293876234312e-05,-6.665543106206158e-06,-0.00012654935784265318,0.00010904407987321658,-4.126668421707962e-05
1989,1243,1641.0,7.465649672024413e-05,4.20550447727654e-07,-0.00014452505526670392,0.00011877654934597092,-4.369950217799914e-05
1990,1243,1605.0,5.87393906527206e-05,5.470423677762185e-07,-0.00013854017201301444,0.00010477598010295791,-4.548954708246109e-05
1992,1244,1641.0,5.860921545228388e-05,9.777798944191063e-07,-0.00011707518196257469,9.503915001132397e-05,-3.545215466462098e-05
1993,1244,1636.0,5.809222416644673e-05,5.151190131404875e-06,-0.00012945101457435132,0.00010155081099530077,-3.8307396697449166e-05
1994,1244,1606.0,4.745126239020722e-05,5.1726869070744174e-06,-0.0001259764484628648,9.275281960150056e-05,-4.0128870304218916e-05
1995,1244,1605.0,4.577637745194728e-05,1.0634197466380954e-06,-0.00011306444755493188,8.421220462492948e-05,-3.7372407426344114e-05
1996,1245,1633.0,9.877627057085919e-05,-7.942682632717428e-06,-0.0001867218424062532,0.00015295048799616738,-6.211690005802561e-05
1997,1245,1634.0,9.792641779685085e-05,4.488901916051909e-06,-0.00021337256164363425,0.00016767484347091533,-6.525952375801258e-05
1998,1245,1637.0,7.598469877713974e-05,4.528599475054837e-06,-0.00020337178074164575,0.00014803658154570107,-6.75232832935065e-05
1999,1245,1640.0,7.618972899734247e-05,-7.764616575300096e-06,-0.00017672560295397058,0.0001320392791449608,-6.361416672291842e-05
2003,1246,1631.0,9.166534515704997e-05,-1.9843542187137925e-05,-0.00017406468402769194,0.0001392704029620808,-6.744859999216874e-05
2000,1246,1632.0,0.00011416817274642437,-1.932113137546182e-05,-0.00018425548014460238,0.00016118805412875545,-6.634101275779289e-05
2002,1246,1640.0,9.03237630862485e-05,-8.22007199667487e-06,-0.000203042208439079,0.00015389800835135815,-7.179431726178451e-05
2001,1246,1633.0,0.0001137223942527521,-8.378142183759632e-06,-0.00021185850163899303,0.0001749347181414068,-6.959046607241432e-05
2004,1247,1511.0,0.0001268810336984092,-1.8059261591201782e-05,-0.00021773942323858805,0.00018519519859806814,-7.637342649086072e-05
2005,1247,1510.0,0.00012752989790016864,-2.5149534217147433e-06,-0.0002523357950268701,0.00020444497328033073,-7.943002880187683e-05
2006,1247,1634.0,9.712853618170508e-05,-2.326768373627397e-06,-0.00023897451280375202,0.00017682284434157873,-8.202107653350105e-05
2007,1247,1633.0,9.823731104659922e-05,-1.8314131196422393e-05,-0.00020419691671592043,0.00015752074469962835,-7.759756484945152e-05
2008,1248,1510.0,0.00010681043393601618,-2.0639832623747974e-06,-0.0002196044163806348,0.00017492906813324608,-7.01826174596047e-05
2009,1248,1509.0,0.00010740562103939318,1.4777542588294387e-05,-0.0002520754462259616,0.00019536927123725524,-7.318610760956767e-05
2010,1248,1635.0,7.897659175066553e-05,1.4939610001965336e-05,-0.0002374969171698143,0.00016994745071670708,-7.603124896407622e-05
2011,1248,1634.0,7.936245628516019e-05,-1.867634089452075e-06,-0.00020560511626999817,0.00014928223753127632,-7.17874153355682e-05
2015,1249,1635.0,5.7233597689504076e-05,1.5421753512950007e-05,-0.00019344245053349272,0.00013528247839251053,-6.262712719005644e-05
2014,1249,733.0,5.6630614486807146e-05,3.273426642675596e-05,-0.0002210040092479413,0.00015582852400707048,-6.646364309350739e-05
2012,1249,1509.0,8.133932740630838e-05,1.52591285747356e-05,-0.0002081192579362224,0.00015747823032332412,-6.0879774342280154e-05
2013,1249,734.0,8.204823917860177e-05,3.273426642675596e-05,-0.00023675625626552038,0.00017831001973882753,-6.35275141334698e-05
2019,1250,1632.0,0.00011399939911880229,-3.1516855967506606e-05,-0.00019496829833852598,0.00016288379893693316,-8.040125578563748e-05
2016,1250,1512.0,0.00014262339913146717,-3.1191153068279914e-05,-0.0002070133023366061,0.0001908697447928192,-7.943749872963194e-05
2017,1250,1511.0,0.00014139529037872182,-1.760390070004378e-05,-0.00024121517043083386,0.00020634767752708032,-8.255628784840227e-05
2018,1250,1633.0,0.00011343829017869227,-1.7818954241311468e-05,-0.00022971391221342057,0.00018009434742660013,-8.447501148921933e-05
2020,1251,1627.0,8.674772121910687e-05,-1.5438665929427917e-05,-0.00013327191495023094,0.00011962395814334266,-4.831490285366371e-05
2021,1251,1630.0,8.76017016124258e-05,-9.118883601123492e-06,-0.00014488077155852368,0.000126340934795756,-4.785811678445372e-05
2022,1251,1604.0,7.95136117155747e-05,-8.553787187655024e-06,-0.00014128026838538567,0.00011872049879575211,-4.7760674267832435e-05
2023,1251,1603.0,7.692928180666123e-05,-1.3647666495388813e-05,-0.00013084609111335167,0.00011120977636102375,-4.792816104975134e-05
2024,1252,1628.0,0.00010430032944801909,-2.0746107817990736e-05,-0.00015724491044288164,0.00014222930508312362,-5.867508345309527e-05
2025,1252,1631.0,0.0001042746175950425,-1.2887604565976546e-05,-0.000175700194368765,0.00015128416022371525,-5.989714719464929e-05
2026,1252,1630.0,8.959606869375289e-05,-1.2396701211446568e-05,-0.0001706071226255882,0.0001379844353425903,-6.078506786028398e-05
2027,1252,1627.0,8.806972571520806e-05,-2.085755786630848e-05,-0.00015007591072064425,0.0001263260009960786,-5.911383314717903e-05
2031,1253,1628.0,0.00010428407402300437,-2.7619485311856234e-05,-0.00016892910996580378,0.00014549524639479762,-6.88306576836495e-05
2030,1253,1631.0,0.00010425047568803775,-1.8768582844286893e-05,-0.00019304707520826324,0.0001571971192661615,-7.171522642241065e-05
2029,1253,1632.0,0.00012344652627510784,-1.8353641388640148e-05,-0.00020121937526954708,0.00017562824911397404,-7.053536422750635e-05
2028,1253,1629.0,0.0001259495646475997,-2.7947880737312896e-05,-0.00017598062615526225,0.0001658913938380911,-6.788970992780427e-05
2032,1254,1513.0,0.0001520054672080537,-4.042543650623878e-05,-0.00019381836754450623,0.00019235063586604408,-8.077060516422917e-05
2033,1254,1512.0,0.00014986941613492986,-3.0748200625347645e-05,-0.00022247415538969792,0.00020284134032246917,-8.372012481288696e-05
2034,1254,1632.0,0.00012246889227897698,-3.101052131800107e-05,-0.00021264687084954735,0.0001768537656325101,-8.539539467153419e-05
2035,1254,1629.0,0.00012600461853756045,-4.3189032004500296e-05,-0.00017686378833116356,0.00016378762310645877,-8.097203657339862e-05
2036,1255,1642.0,0.00011444186624327314,-2.6719815363435324e-05,-0.00015530284630139654,0.0001487962369079349,-6.107418602809708e-05
2037,1255,1628.0,0.00011404464155181059,-2.053224915152924e-05,-0.00017065601810320637,0.00015542359704581813,-6.19112046455368e-05
2038,1255,1627.0,0.00010087993102084365,-2.0616983167781773e-05,-0.00016519221272187287,0.00014266191733397298,-6.239896948091111e-05
2039,1255,1643.0,9.966750055968518e-05,-2.6707604764889372e-05,-0.0001494399823073582,0.00013433567787502984,-6.137578208023402e-05
2043,1256,1602.0,0.00010907343956935607,-3.293147428152588e-05,-0.00013773808902357333,0.00013698657383870883,-6.084460855087862e-05
2041,1256,1642.0,0.00012350994252605975,-2.6737736989839367e-05,-0.0001639339744061285,0.00015957143584367992,-6.279923030745954e-05
2040,1256,1626.0,0.00012431171764079076,-3.161263245405959e-05,-0.00014671578397550383,0.00015339850828202623,-6.0699423095295055e-05
2042,1256,1643.0,8.883200202528668e-05,-2.6717656192016626e-05,-0.00015431377769882515,0.00012744761007434539,-6.533326424107533e-05
2044,1257,1643.0,9.879989048324801e-05,-2.1815676407068926e-05,-0.00013890229426172587,0.0001304730321359646,-5.348881805978551e-05
2045,1257,1627.0,9.917918948515285e-05,-2.0105165664828398e-05,-0.00014381477569375134,0.000132960037834437,-5.388601401411255e-05
2046,1257,1603.0,9.688703324710075e-05,-1.9841626356049535e-05,-0.00014372990093283397,0.00013110221575104384,-5.4056808859992615e-05
2047,1257,1602.0,9.618426050979866e-05,-2.0786870955117882e-05,-0.00014083861404714203,0.00012923797705946042,-5.384058750477965e-05
2048,1258,1644.0,0.00013184446724944995,-3.4943419929858634e-05,-0.00016946188732507896,0.00016733653057978133,-7.043548326019002e-05
2049,1258,1629.0,0.00012988212718238745,-2.841261499812297e-05,-0.00018706419606368853,0.00017326050731503677,-7.179099513077229e-05
2050,1258,1628.0,0.00011375972922651918,-2.8174882277534835e-05,-0.0001819775584422454,0.00015818443545908276,-7.25995885100984e-05
2051,1258,1642.0,0.00011427704383318478,-3.538316088702825e-05,-0.00016196101405352437,0.0001497074817290352,-7.081359878287866e-05
2055,1259,1644.0,0.000133679979105422,-4.881065794548611e-05,-0.0001538290806079451,0.0001617726455762925,-7.690332441635662e-05
2054,1259,1629.0,0.00012979532607977629,-3.9644489660932056e-05,-0.00018907802708321032,0.00017202063423185087,-8.186979781300664e-05
2052,1259,1514.0,0.00015300712011526857,-4.322568640415718e-05,-0.00018079468775441566,0.00018830176725497636,-7.852033354386497e-05
2053,1259,1513.0,0.00014680680618037482,-3.8256678254547545e-05,-0.0001988674108608958,0.00019010284128930506,-8.155271336347778e-05
2056,1260,1514.0,0.00013502298800452395,-4.1521660679170536e-05,-0.00016174447056184222,0.00016646833856511097,-7.296701123975756e-05
2057,1260,1644.0,0.00014976865729212502,-3.3924901895015114e-05,-0.00018523824991234158,0.00018836011300307222,-7.251635760596232e-05
2058,1260,1642.0,0.00012318449517703667,-3.476603645016633e-05,-0.00017138298259039564,0.00016074301970222052,-7.232456097535016e-05
2059,1260,1626.0,0.0001237640022314617,-4.045219223655465e-05,-0.00015903743070766474,0.00015595798600612616,-7.264617601121909e-05
2060,1261,1515.0,0.00015608215803336514,-5.429358341730976e-05,-0.0001468781419977491,0.00017918218734894363,-7.739361273288825e-05
2061,1261,1514.0,0.00015735384260000696,-4.49388456055101e-05,-0.00017326749842441844,0.00018938403332195995,-7.696903632746309e-05
2062,1261,1626.0,0.00012895459267032745,-4.2781173304920744e-05,-0.00016900305661529235,0.00016355994992759852,-7.738653056219183e-05
2063,1261,1625.0,0.00013132505721208474,-5.434803706029707e-05,-0.00013779580924505597,0.00015409796360606653,-7.712094345427885e-05
2067,1262,1601.0,0.00010864017202251962,-4.15183481739049e-05,-0.00011680668166734291,0.00012868107549349496,-6.155925164488024e-05
2064,1262,1625.0,0.0001319175386944333,-4.0390293656396574e-05,-0.00012875009088018788,0.00015331195466682335,-6.178470962878663e-05
2065,1262,1626.0,0.00012963288087101867,-2.8391712176707587e-05,-0.00015876481604319703,0.0001626228597940518,-6.138169109974072e-05
2066,1262,1602.0,9.98482703032013e-05,-3.197294480987325e-05,-0.0001379767175375881,0.0001293504597609205,-6.147513426759246e-05
2071,1263,1084.0,0.00013898264912471855,-6.173866520519126e-05,-0.00012149818885539253,0.00015593658602361732,-7.869260210409003e-05
2068,1263,1083.0,0.00016383596158341032,-6.173866520519126e-05,-0.00012838221439936352,0.00018082336185176902,-7.872606547354997e-05
2069,1263,1515.0,0.00016437802287474178,-5.4240702479277326e-05,-0.00015560216020718293,0.00018923849598111338,-7.910117558564893e-05
2070,1263,1625.0,0.00013865543020501973,-5.428414157148092e-05,-0.00014832052838848787,0.00016386622770904658,-7.949493907550778e-05
2072,1264,1084.0,0.00013907965055166577,-4.952661366766425e-05,-0.00011337157404886326,0.00015480541999187607,-6.525238310787454e-05
2073,1264,1625.0,0.0001387430507633963,-3.897671156557114e-05,-0.00014092783274451907,0.0001632905855428576,-6.352424634503244e-05
2074,1264,1601.0,0.00011525578321866427,-4.009381683335101e-05,-0.00012904595290403817,0.00013855914444204802,-6.339717805673475e-05
2075,1264,1085.0,0.00011420919245760941,-4.952661366766425e-05,-0.00010389404597162689,0.0001292992532193121,-6.461667442936693e-05
2076,1265,1614.0,7.198691926012246e-05,-1.873850459748155e-05,-6.095130995304593e-05,8.12734633169562e-05,-2.8025048654315294e-05
2077,1265,1615.0,7.130638553024416e-05,-1.4494619118844395e-05,-7.220354881171641e-05,8.447540447126543e-05,-2.7663638059865667e-05
2078,1265,1645.0,5.886395066091732e-05,-1.2082540636264554e-05,-7.415127664504167e-05,7.470302433105969e-05,-2.7921614306406924e-05
2079,1265,1617.0,6.135698199892341e-05,-1.8437079279829283e-05,-5.784666575649189e-05,7.073806251069771e-05,-2.7818159791603584e-05
2083,1266,1664.0,0.0004617937714036166,-9.335446263942619e-05,-5.823506543085194e-05,0.0004633168079894209,-9.487749922523051e-05
2080,1266,1658.0,0.00045264810203939423,-9.342775201678803e-05,-4.575944690540096e-05,0.00045360504967334724,-9.438469965074103e-05
2082,1266,1648.0,0.00046197721142519216,-0.000105382028945934,-4.962870153481583e-05,0.00046306043803083757,-0.00010646525555157939
2081,1266,1647.0,0.00045280696012527794,-0.000105382028945934,-3.7173656422192364e-05,0.0004534251879728953,-0.00010600025679355135
2084,1267,1657.0,0.00043809674167916493,-7.996855380857176e-05,-4.846331705957163e-05,0.00043922766915731554,-8.109948128672234e-05
2085,1267,1658.0,0.00043815401018091477,-9.341876468726154e-05,-4.7197172925794034e-05,0.0004391995867772066,-9.446434128355342e-05
2086,1267,1664.0,0.0004399896030567174,-9.33338376489414e-05,-6.160210302175867e-05,0.0004417625635402256,-9.510679813244961e-05
2087,1267,1663.0,0.0004399082553172874,-7.97167637417862e-05,-6.270070493702776e-05,0.0004417928697840524,-8.160137820855114e-05
2088,1268,1663.0,0.0004373914808866279,-9.366914561879415e-05,-0.00011707907009491161,0.00044376781415006065,-0.00010004547888222689
2089,1268,1664.0,0.00043884978897090754,-0.00010083973368738957,-8.628495842098391e-05,0.00044227681310307014,-0.0001042667578195522
2090,1268,1661.0,0.00046954162127216606,-0.00010085975959853567,-9.32676727992722e-05,0.0004733290768257967,-0.0001046472151521663
2091,1268,1662.0,0.0004696404121835099,-9.371470955262781e-05,-0.00012430958212573257,0.0004764164287740213,-0.00010049072614313925
2095,1269,1661.0,0.00046006867131011264,-0.0001008407895675902,-8.65976050388774e-05,0.00046339139262729164,-0.00010416351088476917
2094,1269,1649.0,0.0004600615615839923,-0.00010475234024194972,-8.779995545309116e-05,0.000463453305504207,-0.00010814408416216439
2093,1269,1648.0,0.00046126924737868377,-0.00010475234024194972,-8.379241085980371e-05,0.0004643535451770316,-0.0001078366380402975
2092,1269,1664.0,0.00046129373697434417,-0.00010082927419727337,-8.252891746940438e-05,0.00046430673829971455,-0.00010384227552264375
2096,1270,1656.0,0.0004239094847403001,-7.486242941397777e-05,-5.868065130349223e-05,0.0004256295018984053,-7.658244657208298e-05
2097,1270,1657.0,0.0004235421279955333,-7.969413726122054e-05,-6.368713520362584e-05,0.00042554910742233654,-8.170111668802382e-05
2098,1270,1663.0,0.00041815159371394114,-7.959426513801043e-05,-6.92260882228235e-05,0.00042054704236950044,-8.198971379356972e-05
2099,1270,1660.0,0.0004187893220044432,-7.457148337331295e-05,-6.375419554857306e-05,0.0004208404421132566,-7.662260348212632e-05
2100,1271,1660.0,0.0004111056879983199,-4.0085641789051516e-05,-0.00011707387342072342,0.0004185764878271614,-4.755644161789303e-05
2101,1271,1663.0,0.0004109488900573034,-9.371902553785195e-05,-0.00012537322314454952,0.00041861885055366797,-0.00010138898603421646
2102,1271,1662.0,0.00040996492097188433,-9.399300742729322e-05,-0.00017004672342262744,0.00042392273579278106,-0.00010795082224818997
2103,1271,1659.0,0.0004098971332672785,-4.0857539318196485e-05,-0.0001719534504956849,0.0004257394914415407,-5.669989749245867e-05
2107,1272,694.0,0.0003733475438440527,-4.827847939520787e-05,-0.00020783750544278376,0.00039756906805970806,-7.250000361086326e-05
2106,1272,695.0,0.0003733475438440527,-7.346195508218991e-05,-0.00024188015160248738,0.0004039825235917195,-0.00010409693482985673
2104,1272,1659.0,0.0004102204351504185,-4.582824032155268e-05,-0.00017724812373957552,0.0004268373100958509,-6.244511526698506e-05
2105,1272,1662.0,0.00041230540808743707,-7.246102102410177e-05,-0.00021170753380973795,0.000434411593444667,-9.456720638133167e-05
2108,1273,1662.0,0.00046976393371922845,-7.084445549904492e-05,-0.000163166691140363,0.000481807396967772,-8.288791874758853e-05
2109,1273,1661.0,0.00047006507488659213,-0.00014521737051072985,-0.00025748451666075464,0.0004959170170107394,-0.00017106931263487712
2110,1273,696.0,0.0003734062524709744,-0.00014602500073036145,-0.000334539244861088,0.000422610248569536,-0.00019522899682892304
2111,1273,695.0,0.0003734062524709744,-7.34767594364702e-05,-0.00024230436956697993,0.0004041378341183595,-0.00010420834108385531
2112,1274,1661.0,0.0004590767963338696,-0.0001451505703266734,-0.00025131286963502725,0.0004841667457255342,-0.00017024051971833797
2113,1274,1649.0,0.000460329173196123,-0.00013714246274327044,-4.362662451364366e-05,0.0004611245047411927,-0.00013793779428834013
2114,1274,697.0,0.0006719056888197482,-0.00013714246274327044,-3.5466615473368074e-05,0.0006722941938383028,-0.0001375309677618249
2115,1274,696.0,0.0006719056888197482,-0.00014506337502160613,-0.00024084371887352074,0.0006892862024811915,-0.00016244388868304953
2116,1275,1655.0,0.0003812726371194147,-3.387112880086879e-05,-0.0001057926066696923,0.00038790650922227506,-4.050500090372911e-05
2117,1275,1656.0,0.0003894216927658595,-7.483846756562667e-05,-5.724655767706116e-05,0.00039117976152866426,-7.659653632843144e-05
2118,1275,1660.0,0.0004769970325371464,-7.126985075585064e-05,-0.00012765140760114674,0.0004843291559152042,-7.860197413390844e-05
2119,1275,1654.0,0.0004470046029708234,-2.747245055961195e-05,-0.0001635998599356439,0.0004607109847502333,-4.117883233902182e-05
2123,1276,693.0,0.0003693953622910355,-3.099442909533295e-05,-0.00015161454824493166,0.00038326760342992925,-4.4866670234226666e-05
2120,1276,1654.0,0.00042852021639075075,-2.745431860255337e-05,-0.0001212282097564979,0.0004364402693629246,-3.537437157472725e-05
2122,1276,694.0,0.0003693953622910355,-4.765885491183941e-05,-0.00020129457577146986,0.00039241399772396745,-7.067749034477133e-05
2121,1276,1659.0,0.0004502190355389346,-4.522353499434185e-05,-0.0001669232957560579,0.00046390104374938944,-5.8905543204796674e-05
2124,1277,1651.0,0.0004154841975198137,-5.5624657815889286e-05,-1.8787260519369242e-05,0.00041567142650895765,-5.5811886805033254e-05
2126,1277,1657.0,0.00042554002832705454,-7.870431165185669e-05,-3.8468613556417314e-05,0.000426272652947925,-7.943693627272718e-05
2127,1277,1656.0,0.00042484936859627995,-5.4525475910742507e-05,-4.523775490931914e-05,0.00042591425475089573,-5.5590362065358246e-05
2125,1277,1652.0,0.0004154841975198137,-7.930147461989244e-05,-1.0277034800838802e-05,0.0004155375570152989,-7.935483411537761e-05
2128,1278,1652.0,0.00043790771214577764,-7.930147461989244e-05,-1.0755660881361234e-05,0.00043796362363168013,-7.935738610579488e-05
2129,1278,1653.0,0.00043790771214577764,-9.115197452029331e-05,-9.784881070621504e-06,0.00043795295076149983,-9.119721313601548e-05
2130,1278,1658.0,0.0004389680733455255,-9.105733723828541e-05,-2.273667116991715e-05,0.00043921179685433085,-9.13010607470908e-05
2131,1278,1657.0,0.00043893518721227834,-7.903375518319105e-05,-2.3320182188407007e-05,0.0004391975367200161,-7.929610469092883e-05
2135,1279,1658.0,0.00045308784371204947,-9.106820898598272e-05,-2.1352918581081515e-05,0.0004532972375736602,-9.127760284759347e-05
2134,1279,1647.0,0.0004531102289075696,-0.00010224582025760584,-2.031440736395551e-05,0.0004532959373358327,-0.0001024315286858689
2132,1279,1653.0,0.00045181658285001897,-9.115197452029331e-05,-9.886572503253754e-06,0.000451861583713432,-9.119697538370638e-05
2133,1279,1646.0,0.00045181658285001897,-0.00010224582025760584,-8.655612528125217e-06,0.000451850385476468,-0.00010227962288405487
2137,1280,1651.0,0.00039648570859889334,-5.5624657815889286e-05,-1.7985784227170926e-05,0.0003966645147995789,-5.580346401657483e-05
2138,1280,1656.0,0.00039111770028435813,-5.4566213022644635e-05,-4.2849092539348765e-05,0.0003921452342454164,-5.5593746983702915e-05
2139,1280,1655.0,0.00039172887592243966,-3.540747572001564e-05,-3.589344003394196e-05,0.00039248160548137866,-3.616020527895465e-05
2136,1280,1650.0,0.00039648570859889334,-3.6684840338464656e-05,-1.3933570169544218e-05,0.0003965977280936841,-3.6796859833255395e-05
2140,1281,1474.0,0.0003802416765693109,-8.112980997422994e-06,-7.464792860282718e-05,0.00038379627066289617,-1.166757509100827e-05
2141,1281,1655.0,0.00037842637282272176,-3.3941160424615214e-05,-0.00010488371507252903,0.00038499103519672477,-4.05058227986182e-05
2142,1281,1654.0,0.000347432554580359,-3.0305685136615802e-05,-0.0001288523417531679,0.0003581186299184349,-4.099176047469167e-05
2143,1281,1475.0,0.00034851262209372944,-8.112980997422994e-06,-0.00010330571402095146,0.0003558432228881682,-1.5443581791861806e-05
4452,1282,1660.0,0.00044917769689302965,-4.078435783534437e-05,-0.00016619941673431254,0.0004628881175883387,-5.4494778530653394e-05
4451,1282,1654.0,0.00044917769689302965,-4.078435783534437e-05,-0.00016619941673431254,0.0004628881175883387,-5.4494778530653394e-05
4453,1282,1659.0,0.00044917769689302965,-4.078435783534437e-05,-0.00016619941673431254,0.0004628881175883387,-5.4494778530653394e-05
2147,1283,692.0,0.0003661950813350738,6.116924177863639e-06,-0.00015128909412482489,0.00038144083912558025,-9.128833612642793e-06
2144,1283,1475.0,0.0003480756511925476,6.116924177863639e-06,-0.00011262112733204446,0.00035710968253614694,-2.917107165735744e-06
2145,1283,1654.0,0.0003486402757090605,-2.1295052746092933e-05,-0.00010098108677457016,0.00035540766769538766,-2.8062444732420084e-05
2146,1283,693.0,0.0003661950813350738,-2.7982202296774253e-05,-0.00013531057776296207,0.0003774839115416365,-3.9271032503336974e-05
2148,1284,1473.0,0.0003714902601367996,-1.9670240709586432e-05,-2.1491313887830876e-05,0.00037178523402427643,-1.9965214597063226e-05
2149,1284,1650.0,0.0003714902601367996,-3.6684840338464656e-05,-1.2497503740129673e-05,0.0003715858998584089,-3.6780480060073925e-05
2150,1284,1655.0,0.00038288693844827984,-3.544612959289661e-05,-3.471265333516993e-05,0.0003836058041809327,-3.616499532554945e-05
2151,1284,1474.0,0.00038235757149570823,-1.9670240709586432e-05,-4.2050225937072944e-05,0.0003834541446413761,-2.076681385525429e-05
2152,1285,1796.0,0.000513977496108646,-0.00016999674015561372,7.3742881941119e-07,0.0005139776948738468,-0.00016999693892081453
2153,1285,1827.0,0.0005139938232267688,-0.00016992537895669873,4.3842533313520615e-07,0.0005139938934897298,-0.00016992544921965976
2154,1285,1826.0,0.0005137320248049873,-0.00016995493622388134,6.239526590436084e-07,0.0005137321671643059,-0.00016995507858319996
2155,1285,1795.0,0.0005137627031896394,-0.00016999765107887264,7.931444741954286e-07,0.000513762933196374,-0.00016999788108560722
2156,1286,1827.0,0.0005140854496303304,-0.00016997489981995697,5.017376464057366e-07,0.000514085541632678,-0.0001699749918223045
2157,1286,1824.0,0.0005139565999201321,-0.0001700339922521601,3.2321063907908565e-07,0.00051395663810235,-0.000170034030434378
2158,1286,1825.0,0.0005138126461505937,-0.00017001192936909494,2.8485350483074823e-07,0.0005138126758151885,-0.00017001195903368975
2159,1286,1826.0,0.0005138700687100962,-0.00016991992735127556,4.845163429217925e-07,0.0005138701545391002,-0.0001699200131802795
2163,1287,1796.0,0.0005139795249127777,-0.00017019083269269488,7.115056805881426e-07,0.0005139797098960172,-0.00017019101767593446
2162,1287,1827.0,0.000514000149234882,-0.00017005773770802307,3.314294050871247e-07,0.0005140001893796731,-0.00017005777785281427
2161,1287,1824.0,0.0005142469673966102,-0.00017013166659683132,4.503168945686753e-07,0.0005142470414730327,-0.00017013174067325392
2160,1287,1797.0,0.0005142220941861189,-0.0001701877409964171,6.162265427864244e-07,0.0005142222328950676,-0.0001701878797053658
2164,1288,1786.0,0.0005144891002365724,-0.00017039136146099554,4.024287311651942e-07,0.0005144891593523155,-0.00017039142057673863
2165,1288,1787.0,0.0005145061665153133,-0.0001702595013500716,1.477950434466968e-07,0.0005145061744900759,-0.00017025950932483418
2166,1288,1824.0,0.000514276856753447,-0.00017026589809979775,2.828842696374345e-07,0.0005142768859786144,-0.0001702659273249652
2167,1288,1797.0,0.0005142432606562858,-0.0001703798324473418,5.130275446026122e-07,0.0005142433567665496,-0.00017037992855760566
2168,1289,1795.0,0.000513750307300824,-0.00016974878293455676,7.650126276417812e-07,0.0005137505213626075,-0.0001697489969963403
2169,1289,1826.0,0.0005137046658330036,-0.00016976048353416423,5.002279621565964e-07,0.0005137047573621696,-0.00016976057506333032
2170,1289,1823.0,0.000513400080430583,-0.0001697599669630034,4.982647700477183e-07,0.0005134001712832862,-0.00016976005781570657
2171,1289,1794.0,0.0005134314529056244,-0.00016974666775213248,7.983129227673302e-07,0.0005134316861183422,-0.00016974690096485028
2172,1290,1826.0,0.0005138365955613192,-0.00016975843969303903,4.415387676176552e-07,0.0005138366668595487,-0.0001697585109912686
2173,1290,1825.0,0.0005137380635985012,-0.00016974491403578987,1.5742480532349168e-07,0.0005137380726633095,-0.00016974492310059829
2174,1290,1822.0,0.0005134389696448347,-0.0001697480875799595,2.3918104541040264e-07,0.0005134389905789149,-0.00016974810851403977
2175,1290,1823.0,0.000513480924247911,-0.00016975907425646752,4.7174623891976797e-07,0.0005134810056777483,-0.00016975915568630473
2179,1291,1824.0,0.000514186821658217,-0.00017026394162514765,2.4988420790905685e-07,0.0005141868444655973,-0.00017026396443252796
2176,1291,1787.0,0.000514422704039872,-0.00017025924427001434,1.4717866055058426e-07,0.0005144227119492225,-0.00017025925217936476
2178,1291,1819.0,0.0005141638420049638,-0.00017017629748597817,3.014727390296401e-08,0.0005141638423369837,-0.0001701762978179981
2177,1291,1788.0,0.0005144155217508134,-0.0001701730425343761,-7.48549050869074e-08,0.0005144155237970266,-0.0001701730445805894
2180,1292,1824.0,0.0005141746890504617,-0.00017000407397913322,1.5534528885474685e-07,0.0005141746978683905,-0.00017000408279706203
2181,1292,1819.0,0.0005141449712911667,-0.00016998500867932928,-1.3830226867905804e-07,0.0005141449782808901,-0.0001699850156690527
2182,1292,1820.0,0.0005138032696860098,-0.0001699891569632024,-5.1951118556353704e-08,0.0005138032706727561,-0.0001699891579499487
2183,1292,1825.0,0.0005138612365900748,-0.0001700097416138187,2.634283454219788e-07,0.0005138612619583434,-0.00017000976698208726
2187,1293,1822.0,0.0005134695150783089,-0.00016974142793878505,2.0286021044230163e-07,0.0005134695301367123,-0.00016974144299718847
2186,1293,1821.0,0.0005134293311624544,-0.0001697092371668866,-1.3148118650080365e-07,0.0005134293374888803,-0.00016970924349331252
2184,1293,1825.0,0.0005138206152505431,-0.0001697338578359165,8.991373890918086e-08,0.0005138206182073229,-0.00016973386079269633
2185,1293,1820.0,0.0005137673260130135,-0.00016970593161185832,-1.9838072563144182e-07,0.0005137673404082042,-0.00016970594600704898
2188,1294,1794.0,0.000513418757411746,-0.0001695502775850464,6.980880777676668e-07,0.000513418935797153,-0.00016955045597045337
2190,1294,1818.0,0.0005131207388408762,-0.00016954239122142815,4.5875933955830117e-07,0.0005131208159140689,-0.0001695424682946208
2189,1294,1823.0,0.0005133903732620904,-0.00016954171195441084,4.2878420915271054e-07,0.000513390440565957,-0.00016954177925827748
2191,1294,1793.0,0.0005131269167872043,-0.00016954990553589655,6.956032868252193e-07,0.0005131270939807867,-0.00016955008272947895
2192,1295,1823.0,0.0005134638992146875,-0.00016954112560603094,4.155628444760251e-07,0.0005134639624252261,-0.00016954118881656947
2193,1295,1822.0,0.0005134161332826931,-0.00016951195704222803,1.5376423440072173e-07,0.0005134161419378647,-0.00016951196569739972
2194,1295,1817.0,0.0005131333196023782,-0.00016951450859258098,2.0801600834202683e-07,0.000513133335449004,-0.00016951452443920675
2195,1295,1818.0,0.0005131573964722233,-0.00016954378638250596,4.7340226715791855e-07,0.0005131574785394898,-0.00016954386844977246
2196,1296,1822.0,0.0005134547884421414,-0.00016950832770710306,1.0662763919033758e-07,0.0005134547926039523,-0.00016950833186891399
2198,1296,1816.0,0.0005131053666617702,-0.0001694343063051968,-4.8242009175608613e-08,0.0005131053675142083,-0.00016943430715763498
2199,1296,1817.0,0.0005131274791620385,-0.00016951614614017676,2.2832583233822756e-07,0.0005131274982542421,-0.00016951616523238033
2197,1296,1821.0,0.0005134208854743749,-0.00016942580931251735,-1.688762509832742e-07,0.0005134208959156599,-0.00016942581975380234
2200,1297,1788.0,0.0005143939600627534,-0.00017017302896483227,-7.45300928993442e-08,0.0005143939620913112,-0.00017017303099339006
2201,1297,1789.0,0.0005143920588830952,-0.00017010821376164833,-2.5452743038223424e-07,0.0005143920825442293,-0.0001701082374227823
2202,1297,1812.0,0.000514197709946658,-0.00017011204387927688,-1.7413166364041444e-07,0.0005141977210241838,-0.00017011205495680266
2203,1297,1819.0,0.000514208727788925,-0.00017017526994538303,-1.8346420944947983e-09,0.0005142087277901545,-0.0001701752699466126
2205,1298,1812.0,0.0005141787849716715,-0.00016995539830703818,-4.6707704747656065e-07,0.000514178864693219,-0.0001699554780285856
2206,1298,1813.0,0.0005138569321126996,-0.00016995728686762735,-4.1772840666393085e-07,0.0005138569959081724,-0.00016995735066310013
2204,1298,1819.0,0.0005141964837915361,-0.0001699779758490398,-1.8536517291251053e-07,0.0005141964963469034,-0.00016997798840440712
2207,1298,1820.0,0.0005138772820678858,-0.00016998276652070737,-9.983535936841648e-08,0.0005138772857115768,-0.00016998277016439837
2208,1299,1820.0,0.0005138649278297394,-0.0001696990142626657,-2.757378073821315e-07,0.0005138649556366974,-0.00016969904206962368
2209,1299,1813.0,0.000513840021497472,-0.00016965755689834973,-6.641531797441091e-07,0.0005138401828365008,-0.00016965771823737857
2210,1299,1814.0,0.0005133962405816511,-0.00016966121953057204,-5.825576259027576e-07,0.0005133963647927702,-0.00016966134374169105
2211,1299,1821.0,0.0005134219137432339,-0.00016970383944926422,-1.8325749594899632e-07,0.0005134219260335439,-0.00016970385173957427
2213,1300,1814.0,0.0005133938766371804,-0.00016928771054899026,-5.957228398356662e-07,0.0005133940065973409,-0.00016928784050915068
2214,1300,1815.0,0.0005129789255782502,-0.0001692969670892946,-4.211413750926374e-07,0.0005129789905666379,-0.0001692970320776823
2215,1300,1816.0,0.0005130048220525971,-0.00016943324279747362,-5.0301924799101005e-08,0.0005130048229795251,-0.00016943324372440158
2212,1300,1821.0,0.0005134173472945147,-0.00016941947229780663,-2.3660482978068997e-07,0.0005134173677905697,-0.00016941949279386152
2219,1301,1792.0,0.0005128713588756773,-0.00016937215497788804,5.75965633776987e-07,0.0005128714804365077,-0.0001693722765387184
2217,1301,1818.0,0.0005131173697719496,-0.00016937606057749956,3.338275927286527e-07,0.0005131174105931686,-0.00016937610139871852
2216,1301,1793.0,0.0005131237881926196,-0.00016937215143248254,5.801959572088178e-07,0.000513123911500052,-0.000169372274739915
2218,1301,1811.0,0.0005128675139741204,-0.0001693759199336937,3.387216845826546e-07,0.0005128675560164351,-0.00016937596197600838
2220,1302,1818.0,0.0005131459546105499,-0.00016937706053615515,3.610125238334705e-07,0.000513146002348879,-0.00016937710827448423
2222,1302,1810.0,0.0005129108973473684,-0.00016934516776652018,1.993194919322483e-07,0.0005129109119050473,-0.00016934518232419914
2223,1302,1811.0,0.0005129209145786975,-0.0001693783375190652,4.0500333901155594e-07,0.0005129209746797784,-0.0001693783976201461
2221,1302,1817.0,0.0005131268958525406,-0.00016934311157238216,1.519059871016304e-07,0.00051312690430545,-0.0001693431200252916
2224,1303,1817.0,0.000513121876784213,-0.00016934417460656736,1.7007374404631737e-07,0.0005131218873800068,-0.00016934418520236108
2225,1303,1816.0,0.0005131069227736276,-0.00016924846771643274,-1.3806599710730616e-08,0.0005131069228434674,-0.0001692484677862725
2226,1303,1809.0,0.0005129048497110808,-0.0001692541009756808,9.85219283308747e-08,0.0005129048532683787,-0.00016925410453297866
2227,1303,1810.0,0.0005129154948827694,-0.00016935031516148369,2.8557160645231727e-07,0.0005129155247652351,-0.00016935034504394944
2231,1304,1809.0,0.0005128149575733057,-0.00016926008669694483,2.109210719900001e-07,0.0005128149738793184,-0.00016926010300295763
2230,1304,1808.0,0.0005128074024823501,-0.00016905553957158748,4.355005389644617e-08,0.000512807403177727,-0.00016905554026696445
2228,1304,1816.0,0.0005130059243709725,-0.00016924772606684377,-2.1482854731247336e-08,0.000513005924540086,-0.0001692477262359572
2229,1304,1815.0,0.0005129939516375082,-0.00016904364534051715,-1.8332226160711063e-07,0.0005129939639561293,-0.00016904365765913826
2235,1305,1812.0,0.0005142892671129509,-0.00017011544469697633,-1.1725706358656218e-07,0.0005142892721352785,-0.00017011544971930396
2234,1305,1803.0,0.000514287628042398,-0.00017004163130370607,-2.2126743293854334e-07,0.0005142876459282603,-0.00017004164918956837
2233,1305,1790.0,0.0005143972354706219,-0.00017003929497097636,-3.015304612247194e-07,0.0005143972686806461,-0.00017003932818100042
2232,1305,1789.0,0.000514397701664844,-0.00017011126340638055,-1.9932532303867934e-07,0.0005143977161754589,-0.00017011127791699535
2239,1306,1813.0,0.0005139745480600699,-0.00016995705357970067,-4.295532823744841e-07,0.0005139746155068745,-0.0001699571210265052
2238,1306,1804.0,0.0005139661127006173,-0.0001699879869148719,-7.295978414340043e-07,0.0005139663072724677,-0.00016998818148672223
2237,1306,1803.0,0.0005142800069419667,-0.0001699892555523795,-7.09411971874796e-07,0.0005142801908115479,-0.0001699894394219606
2236,1306,1812.0,0.0005142845056942194,-0.00016995941177646516,-4.203121379622865e-07,0.0005142845702407474,-0.0001699594763229931
2241,1307,1804.0,0.0005139520718131299,-0.00016970165907624298,-1.2195052746730162e-06,0.0005139526156527467,-0.00016970220291585972
2240,1307,1813.0,0.0005139670269388233,-0.00016965648369167397,-6.878260961316884e-07,0.0005139671999524087,-0.00016965665670525942
2243,1307,1814.0,0.0005133911369148425,-0.00016965266517073962,-6.920421092918017e-07,0.0005133913122045372,-0.00016965284046043433
2242,1307,1805.0,0.0005133683047892912,-0.0001696996164539745,-1.2452430580532636e-06,0.0005133688723130092,-0.00016970018397769251
2244,1308,1814.0,0.0005133895982792208,-0.0001692803486146292,-7.137700201234609e-07,0.000513389784850896,-0.0001692805351863044
2246,1308,1806.0,0.0005127115516129696,-0.00016914004625096413,-1.1277352942734575e-06,0.0005127120179116584,-0.00016914051254965292
2247,1308,1815.0,0.0005127348820044564,-0.00016929023016551523,-5.14224877623537e-07,0.0005127349789316745,-0.00016929032709273332
2245,1308,1805.0,0.0005133646814341683,-0.00016913442881183504,-1.3093158032495555e-06,0.000513365309386011,-0.00016913505676367763
2248,1309,1815.0,0.0005127431394902349,-0.00016903727651402189,-2.855466777473836e-07,0.0005127431693887548,-0.00016903730641254185
2249,1309,1806.0,0.0005127349140416557,-0.0001686547229285578,-4.894286320458741e-07,0.0005127350019283588,-0.00016865481081526092
2251,1309,1808.0,0.0005125071548405247,-0.0001690599828685275,1.4096118387124656e-07,0.0005125071621288951,-0.00016905999015689793
2250,1309,1807.0,0.0005124989660737003,-0.00016866523895037785,-6.994122531828184e-08,0.0005124989678690732,-0.00016866524074575073
2255,1310,1791.0,0.000512677826576706,-0.00016924127582245352,3.859231046121625e-07,0.0005126778811787219,-0.00016924133042446946
2254,1310,1802.0,0.0005126763509874996,-0.0001692558528891329,1.9239469545295762e-07,0.0005126763645576602,-0.00016925586645929352
2253,1310,1811.0,0.0005128652774524234,-0.00016925614951581272,2.0269749431006678e-07,0.0005128652925106929,-0.0001692561645740823
2252,1310,1792.0,0.000512868456796732,-0.00016924136827846945,3.9906336649075946e-07,0.0005128685151640033,-0.00016924142664574075
2256,1311,1811.0,0.0005129142894882907,-0.00016925765083386328,2.737424363574714e-07,0.0005129143169501789,-0.00016925767829575157
2257,1311,1810.0,0.0005129060797348789,-0.00016924816965017682,1.0431600888649584e-07,0.0005129060837229174,-0.00016924817363821534
2258,1311,1801.0,0.0005127412998997549,-0.00016924844943660609,1.1852553306185287e-07,0.0005127413050495032,-0.00016924845458635428
2259,1311,1802.0,0.0005127449281128946,-0.00016925784774272402,2.8672264731910424e-07,0.0005127449582483558,-0.00016925787787818526
2263,1312,1801.0,0.0005127914564135791,-0.0001692524629034061,2.4891805223276053e-07,0.0005127914791247979,-0.00016925248561462485
2260,1312,1810.0,0.0005129099869526643,-0.00016925082697223496,1.915405443003726e-07,0.0005129100003980934,-0.00016925084041766408
2262,1312,1800.0,0.0005127886407988794,-0.0001692004309529439,1.354990581195481e-07,0.0005127886475291906,-0.00016920043768325503
2261,1312,1809.0,0.0005129035986549263,-0.0001691984549849633,7.899273912065352e-08,0.0005129036009419201,-0.00016919845727195713
2264,1313,1809.0,0.0005128139187009148,-0.00016920250081786268,1.8917006283647453e-07,0.000512813931818382,-0.00016920251393532986
2265,1313,1808.0,0.0005128144764467435,-0.00016906469942935018,2.0808421990342607e-07,0.0005128144923216386,-0.00016906471530424527
2266,1313,1799.0,0.0005128278111263401,-0.00016906901896204655,3.489859356636815e-07,0.0005128278557779538,-0.00016906906361366023
2267,1313,1800.0,0.0005128274891047849,-0.00016920794962657008,3.3246321504837306e-07,0.0005128275296201952,-0.00016920799014198044
2268,1314,1808.0,0.0005125128863855757,-0.00016906717717734025,2.983603277842417e-07,0.0005125129190372353,-0.00016906720982899984
2270,1314,1798.0,0.0005128498712022866,-0.00016876368640976924,9.385953798971003e-07,0.0005128501943182442,-0.00016876400952572685
2271,1314,1799.0,0.0005128446546509915,-0.00016907724028626323,6.174237244874203e-07,0.0005128447944074579,-0.00016907738004272955
2269,1314,1807.0,0.0005125243167308502,-0.00016875518590531635,6.241229944803361e-07,0.00051252445967124,-0.00016875532884570607
2275,1315,1803.0,0.0005144346240882475,-0.0001700491588070325,2.2146250451549054e-08,0.0005144346242673811,-0.00017004915898616614
2274,1315,1763.0,0.0005144349318062305,-0.00016985713899959944,9.359055553465057e-08,0.000514434935006323,-0.000169857142199692
2272,1315,1790.0,0.0005143623957749657,-0.00017004319372295823,-1.7208813342037277e-07,0.0005143624065925005,-0.00017004320454049306
2273,1315,1762.0,0.0005143625562740867,-0.00016985442787059731,-1.022407052145291e-07,0.000514362560093475,-0.00016985443168998578
2279,1316,1804.0,0.0005142912355226154,-0.0001699935209599828,-6.007290603918247e-07,0.0005142913673666069,-0.00016999365280397433
2278,1316,1764.0,0.000514289446368027,-0.0001701299505741482,-7.419626257693102e-07,0.0005142896474539324,-0.00017013015166005357
2277,1316,1763.0,0.0005144318916903423,-0.00017013243804807663,-6.051792760045083e-07,0.0005144320254403307,-0.00017013257179806506
2276,1316,1803.0,0.000514432486601761,-0.00016999892136417943,-4.6809194209282423e-07,0.000514432566635362,-0.00016999900139778035
2282,1317,1765.0,0.0005135134705376368,-0.00017000564202974695,-2.1354955082319993e-06,0.0005135151384975568,-0.00017000730998966698
2283,1317,1805.0,0.0005135251332072654,-0.00016969435748497843,-1.3796965490295299e-06,0.0005135258297479279,-0.00016969505402564093
2280,1317,1804.0,0.0005142848355885396,-0.00016970729456214926,-1.096000405050035e-06,0.0005142852746345695,-0.00016970773360817915
2281,1317,1764.0,0.0005142755367618587,-0.0001700077924742208,-1.8247970928059187e-06,0.0005142767533187905,-0.00017000900903115255
2284,1318,1805.0,0.0005135237870338913,-0.00016912937076792468,-1.4576028819074383e-06,0.0005135245651024154,-0.00016913014883644873
2285,1318,1765.0,0.0005135057834775858,-0.00016916291343800594,-2.6173810335552994e-06,0.0005135082922561228,-0.00016916542221654296
2286,1318,1766.0,0.0005122693896399133,-0.00016916306895525053,-2.6585304029116963e-06,0.0005122719826177352,-0.00016916566193307247
2287,1318,1806.0,0.0005122965291196879,-0.0001691281116147507,-1.4495959461333086e-06,0.0005122973000508753,-0.00016912888254593813
2288,1319,1806.0,0.000512310369008985,-0.00016864597328199247,-8.226646987935515e-07,0.0005123106174746053,-0.00016864622174761267
2289,1319,1766.0,0.0005122978375706397,-0.000168089241967846,-1.3680117148459625e-06,0.0005122985252138273,-0.00016808992961103356
2291,1319,1807.0,0.0005117152007874035,-0.00016866107948805098,-2.1355681292800632e-07,0.0005117152175452301,-0.0001686610962458777
2290,1319,1767.0,0.0005117064342536268,-0.0001680862757334489,-7.80770022121291e-07,0.0005117066584402124,-0.00016808649992003453
2294,1320,1768.0,0.0005127858161461663,-0.00016802176388129066,2.2537845828646264e-06,0.0005127876814055943,-0.00016802362914071863
2292,1320,1807.0,0.0005117258310983822,-0.000168750932313303,4.834880192455815e-07,0.000511725916979579,-0.0001687510181944998
2293,1320,1767.0,0.0005117408767507658,-0.00016802139918885533,1.4830928158696133e-06,0.0005117416856959519,-0.0001680222081340413
2295,1320,1798.0,0.0005127727299373552,-0.00016877126348178897,1.228571772905751e-06,0.0005127732836020451,-0.00016877181714647886
2299,1321,1725.0,0.0005125411304395186,-0.00016915501467832045,1.629159387117607e-07,0.0005125411401731818,-0.00016915502441198365
2298,1321,1724.0,0.0005125411304395186,-0.00016917874407761904,2.0721910895526996e-08,0.000512541130596987,-0.00016917874423508754
2297,1321,1802.0,0.0005126751925238829,-0.0001691790716326642,4.113143513978512e-08,0.0005126751931441749,-0.00016917907225295616
2296,1321,1791.0,0.0005126762831724058,-0.00016915521441328925,1.8427340896243205e-07,0.0005126762956229484,-0.0001691552268638319
2303,1322,1724.0,0.0005126060238143382,-0.00016918034651216304,1.2921968398776906e-07,0.0005126060299371236,-0.00016918035263494843
2302,1322,1723.0,0.0005126060238143382,-0.00016919041305982424,-1.065475692396678e-08,0.0005126060238559649,-0.000169190413101451
2301,1322,1801.0,0.0005127386441367496,-0.0001691905844780515,-3.492129189985871e-09,0.0005127386441412204,-0.00016919058448252227
2300,1322,1802.0,0.000512741666297653,-0.00016918048943803817,1.3699571254494058e-07,0.0005127416731781397,-0.0001691804963185248
2305,1323,1800.0,0.0005127850464483122,-0.0001691915870378044,-1.070255745833082e-08,0.0005127850464903021,-0.00016919158707979435
2306,1323,1722.0,0.00051265112593437,-0.00016919161378646129,-6.674416130891814e-09,0.0005126511259507036,-0.0001691916138027949
2307,1323,1723.0,0.00051265112593437,-0.0001691929819774543,1.3157124253981856e-07,0.0005126511322814922,-0.00016919298832457656
2304,1323,1801.0,0.0005127884459686372,-0.0001691929575693607,1.2774595356535023e-07,0.0005127884519508488,-0.00016919296355157238
2309,1324,1799.0,0.00051282179202667,-0.0001691875260346426,1.0102409987028382e-07,0.0005128217957677732,-0.00016918752977574574
2310,1324,1721.0,0.000512736295030923,-0.00016918769748276155,1.1085704217095316e-07,0.0005127362995362946,-0.00016918770198813305
2311,1324,1722.0,0.000512736295030923,-0.0001691957590475386,1.970028413109115e-07,0.0005127363092589237,-0.00016919577327553922
2308,1324,1800.0,0.0005128239095640169,-0.00016919559357686173,1.870356137398388e-07,0.0005128239223870814,-0.00016919560639992617
2312,1325,1798.0,0.0005127675675277374,-0.0001691744855906133,8.227472669333769e-07,0.0005127678156840198,-0.00016917473374689572
2313,1325,1768.0,0.0005127808154854335,-0.0001692473327483048,1.8499160232970935e-06,0.0005127820698995688,-0.00016924858716244002
2315,1325,1720.0,0.0005138422798338649,-0.00016917334409061202,7.304876620400913e-07,0.0005138424751486033,-0.00016917353940535047
2314,1325,1719.0,0.0005138422798338649,-0.0001692465361208908,1.7634623704979036e-06,0.0005138434179707654,-0.00016924767425779123
2319,1326,1721.0,0.0005130070515079327,-0.0001691938231785481,3.9091863297119334e-07,0.0005130071075095338,-0.0001691938791801492
2318,1326,1720.0,0.0005130070515079327,-0.0001691704992868579,5.532313368458719e-07,0.0005130071636725962,-0.00016917061145152142
2317,1326,1798.0,0.0005128432722746046,-0.00016917014649632197,5.321518045664497e-07,0.0005128433760795636,-0.000169170250301281
2316,1326,1799.0,0.0005128406111147843,-0.00016919331066675555,3.7056821144271224e-07,0.0005128406614498134,-0.00016919336100178466
2320,1327,1850.0,0.0005137097446131084,-0.00016972812637405538,1.1405828104493754e-06,0.0005137102204896646,-0.0001697286022506116
2321,1327,1795.0,0.0005136327020725737,-0.0001697550005558575,8.24269970597924e-07,0.0005136329506213604,-0.0001697552491046442
2322,1327,1794.0,0.0005134107745718777,-0.00016975213107854853,8.380677759475819e-07,0.000513411031595981,-0.0001697523881026518
2323,1327,1849.0,0.0005133909892449315,-0.00016973704313795685,1.0101833938166993e-06,0.0005133913626997902,-0.00016973741659281557
2327,1328,1850.0,0.0005137564208534048,-0.00016993998309849717,1.2754545520438088e-06,0.0005137570157018235,-0.00016994057794691585
2324,1328,1848.0,0.0005140144959929344,-0.0001699730379008975,1.0583274076270133e-06,0.000514014905377673,-0.00016997344728563618
2326,1328,1795.0,0.0005136466058655031,-0.00016999808039144814,8.196636084242814e-07,0.0005136468515516772,-0.0001699983260776222
2325,1328,1796.0,0.0005139686727513269,-0.00016999882381419848,8.564130724447727e-07,0.0005139689408353612,-0.00016999909189823273
2328,1329,1848.0,0.0005136764415559943,-0.00016991232845673635,1.3248494205586603e-06,0.000513677083471286,-0.0001699129703720281
2329,1329,1850.0,0.0005138896316133346,-0.00016979360375066264,9.953986420882521e-07,0.000513889993922179,-0.00016979396605950697
2330,1329,1849.0,0.0005135123981589926,-0.00016972401559178893,1.089734071209325e-06,0.0005135128326790089,-0.0001697244501118053
2331,1329,1847.0,0.0005134436228479353,-0.00016988094603794887,1.4032774539006476e-06,0.0005134443432909086,-0.0001698816664809222
2332,1330,1834.0,0.0005144010051122624,-0.00017027745498588565,1.0886195365537865e-06,0.000514401437830617,-0.00017027788770424015
2334,1330,1796.0,0.0005139602209635191,-0.0001701930687665213,7.74843684506199e-07,0.0005139604403524163,-0.00017019328815541846
2335,1330,1848.0,0.0005140487145206124,-0.00017027179095906988,1.1347144045770197e-06,0.0005140491849054264,-0.00017027226134388394
2333,1330,1797.0,0.0005144056285432894,-0.00017018976045805455,6.662559106918042e-07,0.0005144057906451821,-0.00017018992255994733
2339,1331,1846.0,0.0005129577087284662,-0.00016953754080731938,1.3509204188147383e-06,0.0005129583772254966,-0.0001695382093043498
2338,1331,1845.0,0.000513014297924351,-0.00016954720564291994,9.946306426950047e-07,0.0005130146602688375,-0.0001695475679874065
2336,1331,1847.0,0.0005134085259782817,-0.00016953502006907244,1.456421726657442e-06,0.0005134093024560178,-0.0001695357965468086
2337,1331,1849.0,0.0005135171106410777,-0.00016954671241632528,1.026472423157343e-06,0.0005135174962730658,-0.00016954709804831348
2343,1332,1845.0,0.0005130615003520328,-0.0001695474711097515,9.890351456778856e-07,0.0005130618586061896,-0.00016954782936390831
2342,1332,1793.0,0.0005130693545059226,-0.00016955070133774187,6.734996728999243e-07,0.0005130695206311686,-0.00016955086746298792
2341,1332,1794.0,0.0005134248527737459,-0.00016955055501955492,6.914343945035872e-07,0.0005134250277732385,-0.00016955073001904757
2340,1332,1849.0,0.0005133892025987394,-0.00016954734930560835,1.0042901903359325e-06,0.000513389571812482,-0.00016954771851935093
2347,1333,1844.0,0.0005140741135247068,-0.00017041959425632183,1.7077836081992592e-06,0.0005140751787354899,-0.00017042065946710488
2346,1333,1848.0,0.0005141159545834981,-0.00017026584096486167,1.2169231199121722e-06,0.0005141164955464222,-0.00017026638192778578
2344,1333,1833.0,0.0005145702551863189,-0.00017042235671863476,1.5565662330532803e-06,0.0005145711394642178,-0.00017042324099653358
2345,1333,1834.0,0.0005145813359766736,-0.00017027742108027594,1.1029905359755121e-06,0.0005145817800782205,-0.00017027786518182281
2351,1334,1843.0,0.0005134162287559613,-0.0001699940958498352,2.0530977367233527e-06,0.0005134177707288632,-0.00016999563782273713
2350,1334,1847.0,0.0005135054003511906,-0.00016987617729476872,1.4380754404241802e-06,0.0005135061569046121,-0.00016987693384819014
2349,1334,1848.0,0.0005140918279458694,-0.00016990343634510973,1.4604319385630449e-06,0.0005140926075050007,-0.0001699042159042411
2348,1334,1844.0,0.0005140422543715717,-0.0001700150756438597,2.03582523579382e-06,0.0005140437690747375,-0.0001700165903470255
2355,1335,1842.0,0.0005127994436719963,-0.00016948494547375811,1.9645614467572736e-06,0.000512800857852703,-0.00016948635965446484
2354,1335,1846.0,0.0005128558992096577,-0.00016953401579528657,1.346872704921509e-06,0.000512856563809279,-0.0001695346803949079
2353,1335,1847.0,0.0005134843451182203,-0.0001695237547203874,1.5265360401271744e-06,0.0005134851980763962,-0.00016952460767856323
2352,1335,1843.0,0.0005134037119171285,-0.00016948114604529811,2.0603933658519535e-06,0.0005134052660631574,-0.00016948270019132694
2356,1336,1845.0,0.0005130654952830577,-0.00016933804387537468,8.232888971324015e-07,0.0005130657435981391,-0.00016933829219045607
2357,1336,1793.0,0.0005130722852529079,-0.00016937217697175137,5.512862337048174e-07,0.0005130723965866789,-0.00016937228830552235
2358,1336,1792.0,0.0005127957204394476,-0.0001693722075839833,5.16443975688563e-07,0.0005127958181845669,-0.00016937230532910254
2359,1336,1839.0,0.0005127863426772419,-0.0001693402533071717,7.70705933655913e-07,0.0005127865603741658,-0.00016934047100409562
2363,1337,1840.0,0.0005126500253798127,-0.0001692625651526341,1.0149044639001792e-06,0.0005126504030053746,-0.00016926294277819595
2362,1337,1839.0,0.0005126733078474333,-0.0001693450703840959,6.874178074545156e-07,0.000512673481062385,-0.00016934524359904767
2360,1337,1846.0,0.0005129874470574391,-0.0001692575732344958,1.118605391224603e-06,0.0005129879055720282,-0.00016925803174908485
2361,1337,1845.0,0.0005130396738407261,-0.00016933933165338196,8.013011668847603e-07,0.0005130399090777914,-0.00016933956689044725
2364,1338,1842.0,0.0005128379905963987,-0.00016906247597690718,1.5014367633417458e-06,0.0005128388170768502,-0.0001690633024573587
2365,1338,1846.0,0.000512871677767944,-0.00016925542055221837,1.1477117477787235e-06,0.0005128721605376972,-0.00016925590332197163
2366,1338,1840.0,0.0005124581638810341,-0.00016926826335203309,9.080823403506688e-07,0.0005124584662798917,-0.00016926856575089067
2367,1338,1841.0,0.0005124387538105388,-0.00016907697101466916,1.2660487469125237e-06,0.0005124393417933205,-0.00016907755899745087
2368,1339,1832.0,0.0005148754071050768,-0.00017063125578860452,2.0518192266338886e-06,0.0005148769424485453,-0.00017063279113207295
2369,1339,1833.0,0.0005148705995558049,-0.0001704230837434383,1.5197037577484307e-06,0.0005148714420765841,-0.00017042392626421743
2371,1339,1838.0,0.0005143257937552867,-0.00017062239375499573,2.243349732783395e-06,0.0005143276306112048,-0.00017062423061091388
2370,1339,1844.0,0.0005143440427580054,-0.00017041953504252504,1.7158752544377265e-06,0.0005143451176630393,-0.0001704206099475589
2372,1340,1838.0,0.000514303226452132,-0.00017017372420669746,2.8711091058127025e-06,0.0005143062372296426,-0.00017017673498420806
2375,1340,1837.0,0.000513474768847326,-0.00017016428508063547,3.0056402402812987e-06,0.0005134780724289264,-0.00017016758866223589
2374,1340,1843.0,0.0005135052907153485,-0.0001699807683018472,2.1467144780892844e-06,0.0005135069763282533,-0.00016998245391475198
2373,1340,1844.0,0.0005143297467532296,-0.0001700109074596138,2.1091873911860404e-06,0.0005143313719163918,-0.000170012532622776
2379,1341,1836.0,0.000512515113740071,-0.00016938977409807377,2.9275381440083126e-06,0.0005125182558351955,-0.00016939291619319817
2378,1341,1842.0,0.0005125484809368613,-0.00016947771098632213,2.0353055714128487e-06,0.0005125499993754476,-0.00016947922942490832
2377,1341,1843.0,0.0005135025471735347,-0.0001694702423999133,2.205049304083301e-06,0.0005135043269771509,-0.00016947202220352954
2376,1341,1837.0,0.0005134714067018091,-0.00016938484684571558,3.0716207492231806e-06,0.0005134748608717947,-0.00016938830101570121
2380,1342,1836.0,0.0005125455701112738,-0.00016868962708674838,2.084061868072584e-06,0.000512547164018828,-0.0001686912209943025
2381,1342,1842.0,0.0005125642757897106,-0.00016905455988965696,1.595636298302311e-06,0.0005125652096150302,-0.0001690554937149766
2383,1342,1835.0,0.0005119954239131974,-0.00016870412929341765,1.6641971839967407e-06,0.0005119964410830029,-0.00016870514646322317
2382,1342,1841.0,0.0005120177034711806,-0.00016908231482475164,1.160138315553505e-06,0.0005120181974955159,-0.00016908280884908686
2385,1343,1792.0,0.0005128022747777142,-0.00016924094101323475,3.330952144386945e-07,0.0005128023154468436,-0.00016924098168236417
2386,1343,1791.0,0.0005125845272176965,-0.00016924067569220333,2.932674366892818e-07,0.0005125845587528265,-0.00016924070722733325
2387,1343,1828.0,0.0005125814276144003,-0.00016919983193685695,5.083932223884369e-07,0.0005125815223895312,-0.00016919992671198789
2384,1343,1839.0,0.000512794189503285,-0.00016919924196794728,5.517941346205868e-07,0.0005127943011160598,-0.00016919935358072208
2388,1344,1840.0,0.0005126728879998876,-0.000169117731190941,6.775442639439522e-07,0.0005126730563309351,-0.00016911789952198846
2389,1344,1839.0,0.0005126878495261486,-0.00016920042915242648,4.6917188680634103e-07,0.0005126879302293371,-0.00016920050985561502
2391,1344,1829.0,0.0005124610471843108,-0.00016912073166324522,5.879681971923678e-07,0.0005124611739873399,-0.00016912085846627434
2390,1344,1828.0,0.0005124670071696286,-0.00016920167810024664,3.806553606142127e-07,0.0005124670603107275,-0.0001692017312413456
2394,1345,1829.0,0.0005123224245629082,-0.00016912778307715112,3.906309408996389e-07,0.0005123224805437113,-0.00016912783905795417
2392,1345,1841.0,0.0005124675310283211,-0.00016894881210563527,7.136152172654286e-07,0.0005124677178621651,-0.00016894899893947919
2393,1345,1840.0,0.000512475199348647,-0.00016912114212119713,5.77296359501045e-07,0.000512475321587796,-0.0001691212643603461
2395,1345,1830.0,0.0005123178203748011,-0.0001689545215454013,5.313672598317165e-07,0.0005123179239864936,-0.00016895462515709392
2399,1346,1831.0,0.0005121292595441432,-0.00016860359916896143,1.5833247785784765e-07,0.0005121292687508286,-0.00016860360837564687
2398,1346,1830.0,0.0005121276798940727,-0.00016896344321723944,2.479927870557841e-07,0.0005121277024682989,-0.00016896346579146568
2397,1346,1841.0,0.0005120404006490262,-0.00016895123682251416,6.245186415856918e-07,0.0005120405438311999,-0.00016895138000468785
2396,1346,1835.0,0.0005120439353223857,-0.00016859250516673848,5.266173259688145e-07,0.0005120440371850505,-0.00016859260702940332
2403,1347,1780.0,0.0005147823527409424,-0.0001709220893279997,2.5697386881878836e-06,0.0005147847603138466,-0.00017092449690090384
2402,1347,1838.0,0.0005147798716272911,-0.00017062870752151895,2.1094788429480704e-06,0.0005147814947067895,-0.00017063033060101733
2401,1347,1832.0,0.0005152402651223131,-0.0001706408040611807,1.8360555128736633e-06,0.0005152414938680676,-0.0001706420328069351
2400,1347,1781.0,0.0005152451026049359,-0.00017092770540748115,2.28461705686564e-06,0.0005152470042616943,-0.00017092960706423956
2404,1348,1780.0,0.0005147891001291184,-0.00017056601136484703,3.8276145020235686e-06,0.0005147944442632364,-0.000170571355498965
2406,1348,1837.0,0.0005136811622339262,-0.00017015980071553665,3.1013035267403455e-06,0.000513684678414819,-0.0001701633168964296
2407,1348,1779.0,0.000513674160104588,-0.0001705584584902576,4.208897373240289e-06,0.0005136806325560053,-0.00017056493094167493
2405,1348,1838.0,0.0005147833642632424,-0.00017018084229613077,2.762006242093551e-06,0.0005147861485866415,-0.00017018362661952989
2411,1349,1778.0,0.0005120204075561643,-0.00016948798579139725,4.842908762018455e-06,0.000512029011070598,-0.00016949658930583096
2410,1349,1836.0,0.0005120504199850884,-0.00016937313319051548,3.2203052086031414e-06,0.0005120542246333452,-0.00016937693783877235
2408,1349,1779.0,0.0005136706556235077,-0.00016949005923496557,4.755200664861847e-06,0.0005136789302721343,-0.00016949833388359218
2409,1349,1837.0,0.0005136805669688563,-0.00016937919549396563,3.1903013475304e-06,0.0005136842921067361,-0.00016938292063184548
2415,1350,1777.0,0.000511048685291407,-0.00016810191906042708,2.734305600209097e-06,0.0005110514374044033,-0.0001681046711734234
2414,1350,1835.0,0.000511064104761566,-0.0001686996042341263,1.7552080930696712e-06,0.0005110652377840687,-0.00016870073725662894
2413,1350,1836.0,0.00051206542951613,-0.00016867764727900622,2.397007019278724e-06,0.0005120675395724188,-0.00016867975733529504
2412,1350,1778.0,0.000512047909642873,-0.00016810563830129994,3.332372449038612e-06,0.0005120519913092603,-0.00016810971996768714
2418,1351,1831.0,0.0005118044310018777,-0.0001686132395897265,-1.7363390183988692e-07,0.0005118044420791662,-0.000168613250667015
2419,1351,1776.0,0.0005118143200630379,-0.0001678105302210962,-8.915665324626953e-07,0.0005118146124635216,-0.0001678108226215799
2416,1351,1777.0,0.000511092415292215,-0.00016780840129095595,-7.346112807990468e-08,0.0005110924172794483,-0.0001678084032781893
2417,1351,1835.0,0.0005110816987580757,-0.0001685886808925536,6.256643721447297e-07,0.0005110818427454538,-0.00016858882487993167
2420,1352,1782.0,0.0005153867116689526,-0.00017086752957984715,1.1836465076617286e-06,0.000515387222054874,-0.0001708680399657686
2421,1352,1783.0,0.0005153857623911365,-0.0001708300648594786,1.0327297449257145e-06,0.0005153861509460487,-0.00017083045341439082
2422,1352,1832.0,0.0005152320564768241,-0.0001708292811039349,1.0676653934907354e-06,0.0005152324718583068,-0.00017082969648541752
2423,1352,1781.0,0.0005152336874702755,-0.0001708670234085041,1.2195331035927404e-06,0.0005152342293950223,-0.00017086756533325086
2425,1353,1784.0,0.0005151251638860418,-0.00017067887818728432,8.925177241506099e-07,0.0005151254542705766,-0.00017067916857181907
2426,1353,1833.0,0.0005148662565329781,-0.00017067339882237946,1.0350569111007568e-06,0.0005148666472259856,-0.00017067378951538694
2427,1353,1832.0,0.0005148685759475934,-0.0001708245261758711,1.2913209953349658e-06,0.0005148691839121584,-0.00017082513414043616
2424,1353,1783.0,0.0005151272447855952,-0.0001708276478049443,1.1449025262323664e-06,0.0005151277225141222,-0.00017082812553347132
2428,1354,1784.0,0.0005148680943886513,-0.0001706769245300137,9.373958832561979e-07,0.0005148684148310026,-0.00017067724497236498
2431,1354,1833.0,0.0005145822578835127,-0.0001706715789165774,1.075256157279103e-06,0.0005145826796889189,-0.00017067200072198364
2430,1354,1834.0,0.0005145890393669188,-0.00017052881360322616,7.963349501240169e-07,0.000514589270768398,-0.00017052904500470539
2429,1354,1785.0,0.0005148661439409348,-0.0001705246342511669,6.446267216894674e-07,0.0005148662955126847,-0.0001705247858229168
2435,1355,1834.0,0.0005144042256653089,-0.00017052870093389445,7.97839583486365e-07,0.0005144044580047689,-0.0001705289332733544
2434,1355,1797.0,0.000514406866055625,-0.0001703773695964141,5.555215194796848e-07,0.0005144069787203491,-0.00017037748226113818
2433,1355,1786.0,0.0005146469263428363,-0.00017039054814558112,4.2552331879289196e-07,0.000514646992423191,-0.00017039061422593587
2432,1355,1785.0,0.000514645314522881,-0.00017052429008821156,6.392227018432728e-07,0.0005146454636120886,-0.0001705244391774191
2436,1356,1828.0,0.0005125851451389316,-0.0001691152593895932,2.484619259779386e-07,0.0005125851677783954,-0.00016911528202905707
2437,1356,1791.0,0.0005125874315035917,-0.00016915437176710985,8.990749884862925e-08,0.0005125874344678217,-0.00016915437473133995
2439,1356,1726.0,0.0005124359800012038,-0.00016911528362049608,2.1169709962104433e-07,0.0005124359964400482,-0.00016911530005934056
2438,1356,1725.0,0.0005124359800012038,-0.00016915404208404407,5.402044962743435e-08,0.000512435981071572,-0.0001691540431544122
2440,1357,1829.0,0.0005124691589636493,-0.00016905980559688027,3.0094227394805717e-07,0.0005124691921853657,-0.0001690598388185966
2442,1357,1726.0,0.0005122964629744112,-0.00016911537949508885,6.652727389117041e-08,0.0005122964645982008,-0.00016911538111887854
2443,1357,1727.0,0.0005122964629744112,-0.0001690603824265511,2.4619480794296766e-07,0.0005122964852138155,-0.00016906040466595543
2441,1357,1828.0,0.0005124743177051319,-0.00016911534351697036,1.21086970235329e-07,0.0005124743230830209,-0.00016911534889485936
2444,1358,1830.0,0.0005123261848826444,-0.00016898695201776593,2.6679727904016515e-07,0.0005123262110016129,-0.0001689869781367344
2445,1358,1829.0,0.0005123312968220856,-0.00016906190715299885,1.0684269708544081e-07,0.0005123313010103288,-0.00016906191134124208
2447,1358,1728.0,0.0005121670668256709,-0.00016898843298851084,1.9011151036057994e-07,0.0005121670800907717,-0.00016898844625361172
2446,1358,1727.0,0.0005121670668256709,-0.00016906273469502594,2.9211297408737735e-08,0.0005121670671388177,-0.0001690627350081728
2451,1359,1729.0,0.0005121813803411826,-0.00016888876909693941,-1.6982812631877175e-07,0.000512181390928048,-0.00016888877968380484
2448,1359,1831.0,0.0005121336057836157,-0.0001688873791003626,-6.405438721102108e-08,0.0005121336072897971,-0.000168887380606544
2449,1359,1830.0,0.000512132704803589,-0.00016899254953269644,-1.4824415667247237e-08,0.0005121327048842508,-0.00016899254961335832
2450,1359,1728.0,0.0005121813803411826,-0.00016899473443423392,-1.2224778486030763e-07,0.0005121813858260053,-0.00016899473991905658
2455,1360,1730.0,0.0005126985195129455,-0.0001688668402783874,-1.2704214459591245e-06,0.00051269911152119,-0.00016886743228663185
2454,1360,1729.0,0.0005126985195129455,-0.00016889194705097064,-4.063299762074868e-07,0.0005126985800713171,-0.00016889200760934221
2453,1360,1831.0,0.0005118075423163546,-0.00016889160884712116,-3.920818701028117e-07,0.0005118075987760181,-0.00016889166530678466
2452,1360,1776.0,0.0005118194783287899,-0.00016886682489775074,-1.2454096494224354e-06,0.0005118200479905745,-0.00016886739455953528
2459,1361,1782.0,0.0005153815595973256,-0.00017084934823685685,3.634042252537162e-07,0.0005153816077089088,-0.00017084939634844
2458,1361,1783.0,0.0005153812583582121,-0.0001708759536792681,3.1527129271125e-07,0.0005153812945676614,-0.0001708759898887173
2457,1361,1680.0,0.0005154303848305883,-0.0001708756911934203,3.429937318402687e-07,0.000515430427684898,-0.00017087573404773012
2456,1361,1679.0,0.0005154303848305883,-0.0001708491165412719,3.909040641736361e-07,0.0005154304404952172,-0.0001708491722059008
2461,1362,1681.0,0.000515196905737255,-0.00017078650282885196,2.6602202436720734e-07,0.0005151969315278623,-0.00017078652861945921
2460,1362,1680.0,0.000515196905737255,-0.0001708756911934203,3.4074467772024497e-07,0.0005151969480457982,-0.0001708757335019635
2463,1362,1783.0,0.0005151213833132252,-0.0001708748228655427,4.301601508605035e-07,0.0005151214507471759,-0.00017087489029949334
2462,1362,1784.0,0.0005151207696451367,-0.00017078555462060106,3.5610304249811264e-07,0.0005151208158647748,-0.00017078560084023917
2464,1363,1681.0,0.000514947463619797,-0.00017078650282885196,2.634193069610269e-07,0.0005149474889174096,-0.00017078652812646446
2467,1363,1784.0,0.0005148645826947955,-0.00017078498793845394,4.0774026048573386e-07,0.0005148646433132632,-0.00017078504855692157
2465,1363,1682.0,0.000514947463619797,-0.0001706420856102672,1.8097710442407933e-07,0.0005149474755630624,-0.00017064209755353256
2466,1363,1785.0,0.0005148640341790071,-0.00017064026186291078,3.260825999426564e-07,0.0005148640729569756,-0.00017064030064087928
2471,1364,1785.0,0.0005146477919036781,-0.00017064038891672522,3.132026366349516e-07,0.0005146478276900411,-0.00017064042470308824
2470,1364,1786.0,0.0005146484604881714,-0.000170505894183938,2.23961089684116e-07,0.0005146484787900941,-0.00017050591248586074
2469,1364,1683.0,0.000514736978688906,-0.00017050251066220526,8.679581012249749e-08,0.0005147369814374023,-0.0001705025134107015
2468,1364,1682.0,0.000514736978688906,-0.0001706420856102672,1.7835048615397198e-07,0.0005147369902915712,-0.0001706420972129324
2472,1365,1683.0,0.0005145823805432041,-0.00017050251066220526,9.067207751983775e-08,0.0005145823835433527,-0.0001705025136623537
2474,1365,1787.0,0.0005145071438895435,-0.00017038282772114443,1.4231176817883218e-07,0.0005145071512822051,-0.00017038283511380597
2475,1365,1786.0,0.0005145019615002341,-0.00017050583823904593,2.2540302125131917e-07,0.0005145019800425487,-0.0001705058567813606
2473,1365,1684.0,0.0005145823805432041,-0.00017038251560363098,1.7960491548868474e-08,0.0005145823806609398,-0.00017038251572136664
2479,1366,1790.0,0.000514363178723512,-0.00017001300116364074,1.6658289422877282e-07,0.0005143631888604298,-0.0001700130113005585
2478,1366,1762.0,0.0005143632416081956,-0.00016972329891165627,1.9444847043637026e-07,0.0005143632554259674,-0.00016972331272942806
2477,1366,1688.0,0.0005143352074029675,-0.00016972048164824973,-1.0392152501037533e-07,0.0005143352113498988,-0.00016972048559518108
2476,1366,1687.0,0.0005143352074029675,-0.00017000793463114205,-1.3090607254087616e-07,0.0005143352136631309,-0.00017000794089130547
2483,1367,1789.0,0.0005143988735590715,-0.0001701746562386106,5.812684546885327e-08,0.0005143988747929529,-0.00017017465747249196
2482,1367,1790.0,0.0005143987770811626,-0.00017001081915576135,3.765292392807207e-08,0.0005143987775990332,-0.00017001081967363206
2481,1367,1687.0,0.0005144207474742646,-0.00017000793463114205,-1.3236057946203195e-07,0.0005144207538735153,-0.00017000794103039273
2480,1367,1686.0,0.0005144207474742646,-0.0001701695841790314,-1.1142503523325908e-07,0.0005144207520081945,-0.00017016958871296132
2487,1368,1788.0,0.0005143953678884775,-0.00017028098498851523,5.8127216796821646e-08,0.0005143953691221894,-0.00017028098622222707
2486,1368,1789.0,0.0005143947689648307,-0.0001701729773540107,2.3447738681237063e-09,0.0005143947689668385,-0.0001701729773560185
2484,1368,1685.0,0.0005144543133804302,-0.00017027558319604165,-5.6572627114143126e-08,0.0005144543145489429,-0.00017027558436455428
2485,1368,1686.0,0.0005144543133804302,-0.0001701695841790314,-1.1243304782332375e-07,0.0005144543179965378,-0.0001701695887951389
2491,1369,1787.0,0.0005144221232233626,-0.0001703827837996836,1.25053281747195e-07,0.0005144221289324057,-0.00017038278950872677
2490,1369,1788.0,0.0005144197821964278,-0.00017028089286088346,5.504050494889445e-08,0.0005144197833025524,-0.00017028089396700806
2489,1369,1685.0,0.0005144988424516037,-0.00017027558319604165,-5.87230966769825e-08,0.0005144988437105592,-0.00017027558445499718
2488,1369,1684.0,0.0005144988424516037,-0.00017038251560363098,1.817048873517524e-08,0.0005144988425721232,-0.0001703825157241506
2494,1370,1865.0,0.0005115494867857784,-0.00016690692362060456,-2.062131236730408e-06,0.0005115510537160009,-0.00016690849055082702
2493,1370,1864.0,0.0005030728824197417,-0.0001670260071554813,8.319411415810829e-07,0.0005030731406375239,-0.00016702626537326348
2492,1370,1876.0,0.0005030735852433743,-0.00016466317792696635,-7.2170398748849784e-06,0.0005030930854964639,-0.00016468267818005593
2495,1370,1871.0,0.0005115566373203873,-0.00016445893994569759,-1.0403076371019726e-05,0.0005115966576968025,-0.00016449896032211286
2499,1371,1872.0,0.0005270643521946491,-0.0001827585354771833,-4.2764013360632736e-05,0.0005277078593513634,-0.0001834020426338975
2498,1371,1871.0,0.0005270771745900515,-0.00016559264226658973,2.147515158017893e-06,0.0005270788390953321,-0.00016559430677187036
2497,1371,1876.0,0.00048199712657822497,-0.00016417938199061446,-1.138752707324775e-05,0.00048204729309790097,-0.00016422954851029047
2496,1371,1875.0,0.0004795391415492803,-0.00018109679024147355,-5.658369118030637e-05,0.0004807485306642501,-0.00018230617935644335
2503,1372,1866.0,0.0005262029843779055,-0.0001649670102683734,5.535070729048575e-07,0.0005262030951936358,-0.00016496712108410365
2502,1372,1873.0,0.0005261695119528967,-0.00018122688308295988,4.52923722337531e-05,0.0005268937525974973,-0.0001819511237275605
2501,1372,1874.0,0.0004790100074496817,-0.00018017817435735258,5.95519382326562e-05,0.00048035227462023966,-0.00018152044152791054
2500,1372,1867.0,0.00048148779247286777,-0.00016395085864981678,1.401402768675189e-05,0.000481563853083275,-0.000164026919260224
2504,1373,1874.0,0.0006538323863945483,-0.0001801825130101325,7.017481722065844e-05,0.0006553059271209706,-0.0001816560537365548
2507,1373,1873.0,0.000503427703713831,-0.00018027946356467882,5.938968174475437e-05,0.0005047149894291851,-0.0001815667492800329
2506,1373,1872.0,0.0005034629748835798,-0.00018148044389360973,-5.457777734069885e-05,0.0005045484735061237,-0.00018256594251615365
2505,1373,1875.0,0.0006539001229066421,-0.0001816254522818083,-6.675315528933967e-05,0.0006552312897352508,-0.00018295661911041697
2511,1374,1875.0,0.0004864965081327159,-0.00018116654730171888,6.868140652323967e-05,0.0004882581460171149,-0.00018292818518611786
2510,1374,1876.0,0.0004835490390198982,-0.0001677594901361518,1.6356173209337854e-05,0.000483651710113806,-0.0001678621612300596
2509,1374,1870.0,0.0005234880037860955,-0.00016613837391444967,-1.5057143937929895e-07,0.000523488012004951,-0.00016613838213330512
2508,1374,1869.0,0.0005289638784136443,-0.0001764904076418046,3.944305123995684e-05,0.0005295147788605748,-0.0001770413080887352
4456,1375,1874.0,0.0006538663516584345,-0.00018368775061211514,1.5161076653748967e-06,0.0006538670377575664,-0.00018368843671124705
4455,1375,1875.0,0.0006538663516584345,-0.00018368775061211514,1.5161076653748967e-06,0.0006538670377575664,-0.00018368843671124705
4454,1375,1869.0,0.0006538663516584345,-0.00018368775061211514,1.5161076653748967e-06,0.0006538670377575664,-0.00018368843671124705
2514,1376,1874.0,0.00048583319199433164,-0.0001835878425830975,-6.317803084849444e-05,0.0004873205275826874,-0.00018507517817145327
2512,1376,1868.0,0.0005227947116672148,-0.00016550480336446688,6.1547180373600074e-06,0.000522808470138676,-0.00016551856183592807
2515,1376,1867.0,0.0004828341976621034,-0.00016667401162630453,-1.0090215802678604e-05,0.0004828733835843684,-0.00016671319754856954
2513,1376,1869.0,0.0005282059399223937,-0.00017846015228549224,-3.3533604208043494e-05,0.0005286035358639011,-0.0001788577482269996
2519,1377,1876.0,0.0005030712682388555,-0.0001687392843913347,1.9317778783320416e-05,0.0005032101092664104,-0.0001688781254188896
2518,1377,1864.0,0.0005030722541773183,-0.0001675544157273011,8.026653955821306e-06,0.0005030962708431536,-0.00016757843239313647
2517,1377,1863.0,0.0005131114739555277,-0.00016750924116026747,6.542664118008856e-06,0.0005131271969066389,-0.00016752496411137873
2516,1377,1870.0,0.0005135870414615246,-0.00016856198388634307,1.652470635208833e-05,0.0005136871023943693,-0.00016866204481918778
2522,1378,1731.0,0.0005183677738650264,-0.00016859201463715018,2.320875060940475e-06,0.0005183697341128343,-0.0001685939748849581
2523,1378,1732.0,0.0005183677738650264,-0.0001743325873141354,-4.2806172205339665e-06,0.0005183743869368121,-0.0001743392003859211
2521,1378,1865.0,0.0005115507299602792,-0.0001685080048750478,-3.510529739104984e-06,0.0005115552603546114,-0.00016851253526937993
2520,1378,1871.0,0.0005115563053471259,-0.00017416200151794555,-1.0007613804773746e-05,0.0005115928170606976,-0.00017419851323151726
2527,1379,1733.0,0.0005103527869773361,-0.00016744375594706078,1.2560719679421961e-05,0.0005104109748425595,-0.0001675019438122842
2526,1379,1732.0,0.0005103527869773361,-0.00017435132905081773,-3.3990274928563657e-06,0.0005103570053383948,-0.00017435554741187636
2524,1379,1872.0,0.0005270820773602136,-0.00016765321065838833,1.9317421433059923e-05,0.0005272163337734542,-0.000167787467071629
2525,1379,1871.0,0.0005270775209486531,-0.00017455980104202017,3.3579727366436773e-06,0.0005270815386640663,-0.0001745638187574333
2528,1380,1866.0,0.000526205021989426,-0.00017406929616248668,-2.1623887798451202e-06,0.000526206691304567,-0.00017407096547762771
2529,1380,1873.0,0.0005262170503683057,-0.00016738579944572157,-1.8240013121107596e-05,0.0005263369462779862,-0.00016750569535540203
2530,1380,1734.0,0.000509353954432773,-0.0001670718517323413,-1.1982801465859616e-05,0.000509407018740188,-0.00016712491603975636
2531,1380,1735.0,0.000509353954432773,-0.00017385839389669482,4.337627100926833e-06,0.0005093608391221806,-0.00017386527858610247
2533,1381,1872.0,0.0005034442195415711,-0.00016724876371474384,6.019881001587124e-06,0.0005034577273008364,-0.00016726227147400912
2532,1381,1873.0,0.0005034472477125906,-0.00016669208214779548,-3.764885471890106e-06,0.0005034525355125084,-0.0001666973699477132
2534,1381,1733.0,0.0005137022510969952,-0.00016723188104267642,5.139523110007926e-06,0.0005137119489225118,-0.00016724157886819296
2535,1381,1734.0,0.0005137022510969952,-0.00016671820393285254,-3.889197010383677e-06,0.0005137078085907958,-0.00016672376142665314
2539,1382,1868.0,0.0005222973423138037,-0.00017408214693016301,1.1079939166724201e-05,0.0005223414121368088,-0.00017412621675316802
2538,1382,1869.0,0.0005214335564767761,-0.000164309239850168,1.640782273266278e-05,0.0005215316902549632,-0.00016440737362835518
2536,1382,1859.0,0.0005153001221043091,-0.00017430996226028923,5.739683662936423e-07,0.0005153002415339825,-0.00017431008168996258
2537,1382,1860.0,0.0005149831554361987,-0.0001641013007796237,7.005378976791821e-06,0.0005150012216828203,-0.00016411936702624523
2542,1383,1870.0,0.0005231180123414225,-0.0001740315870702589,-3.974079640919198e-06,0.0005231236758248074,-0.00017403725055364374
2541,1383,1861.0,0.0005151551902134385,-0.00017450894008266718,7.321388108799676e-06,0.0005151746204010314,-0.00017452837027026006
2540,1383,1860.0,0.000514806494769024,-0.00016395123153604215,1.2206568686737307e-07,0.0005148065002570026,-0.00016395123702402082
2543,1383,1869.0,0.0005221169868447686,-0.00016373221497147615,-1.0088605879504664e-05,0.0005221540848188144,-0.00016376931294552195
2545,1384,1862.0,0.0005170287338357449,-0.0001702244683392148,4.214094902081633e-06,0.0005170351937652383,-0.00017023092826870832
2547,1384,1870.0,0.0005134004636921756,-0.00017472253862219663,1.2296863702562777e-05,0.0005134553960175627,-0.00017477747094758376
2546,1384,1863.0,0.0005132212229951062,-0.00017039415135004397,8.721025751348699e-06,0.0005132490358555205,-0.00017042196421045825
2544,1384,1861.0,0.0005170311017370539,-0.00017454132409787805,7.982337406856055e-06,0.0005170541346060798,-0.00017456435696690394
2548,1385,1769.0,0.0005098871324139102,-0.0001677268925894342,3.743000230801985e-06,0.0005098923012649606,-0.00016773206144048462
2550,1385,1735.0,0.0005170914271823007,-0.0001738577706916699,4.591215024232764e-06,0.0005170990540175257,-0.00017386539752689496
2551,1385,1736.0,0.0005170914271823007,-0.00016780000641741614,-2.407885597455889e-06,0.0005170935435378464,-0.00016780212277296176
2549,1385,1866.0,0.0005098860899358064,-0.00017367007198575775,1.0610612516476214e-05,0.0005099272636985238,-0.00017371124574847512
2552,1386,1770.0,0.000500956134006348,-0.00016516546101002366,2.7182215413742994e-06,0.0005009589070351931,-0.00016516823403886873
2553,1386,1867.0,0.0005009518919005668,-0.00016420079536734271,1.1232423967711541e-05,0.0005009993089662619,-0.00016424821243303788
2554,1386,1866.0,0.0005098857568698358,-0.00016413752493478983,1.280304108560587e-05,0.0005099465496801144,-0.00016419831774506849
2555,1386,1769.0,0.0005098871211617166,-0.000165155641225905,3.81672704994826e-06,0.0005098925161121418,-0.0001651610361763302
2557,1387,1859.0,0.0005172094463944399,-0.00017434770908947728,-1.0992382901212072e-06,0.0005172098832072346,-0.00017434814590227204
2556,1387,1772.0,0.0005172084334387657,-0.00016979385900928894,4.4480582955565284e-06,0.0005172156332019513,-0.00016980105877247454
2558,1387,1868.0,0.0005118581459843917,-0.0001744443700179214,-5.609299840145937e-06,0.0005118696073001074,-0.00017445583133363714
2559,1387,1771.0,0.0005115888725797414,-0.00016981392813928894,-1.8887416085647257e-07,0.0005115888856679794,-0.0001698139412275269
2563,1388,1770.0,0.0005009578159986261,-0.00016603089568494522,-6.574137622512854e-07,0.0005009579779926532,-0.00016603105767897235
2562,1388,1867.0,0.0005009637382153397,-0.00016706168967414747,-1.2543873506513925e-05,0.0005010226187939406,-0.0001671205702527485
2560,1388,1771.0,0.0005115576282281216,-0.00016602887638662357,2.8504868808398864e-07,0.0005115576582068587,-0.00016602890636536072
2561,1388,1868.0,0.0005120765463837405,-0.0001669716255938556,-1.0541605749144617e-05,0.0005121174561313572,-0.00016701253534147224
2567,1389,1863.0,0.0005114949168227856,-0.00017038796445911178,8.629305507101837e-06,0.0005115222169407359,-0.00017041526457706207
2566,1389,1778.0,0.0005115049225582792,-0.00016947788155858017,5.403749067264124e-06,0.000511515642375339,-0.00016948860137563996
2565,1389,1779.0,0.0005146094130040711,-0.00016949342302897833,4.582091185711262e-06,0.0005146170855801278,-0.00016950109560503508
2564,1389,1862.0,0.0005146119004892022,-0.00017035369776092937,7.627741910154473e-06,0.0005146331353669525,-0.0001703749326386796
2570,1390,1777.0,0.0005090593787631659,-0.00016810539621217428,3.3114391241179097e-06,0.000509063427099672,-0.00016810944454868036
2571,1390,1864.0,0.000509043444851115,-0.0001674690400264488,5.779580590420386e-06,0.0005090557886522532,-0.00016748138382758704
2568,1390,1863.0,0.0005115020990627828,-0.0001674961771395097,6.3070114080625295e-06,0.0005115167447313776,-0.00016751082280810458
2569,1390,1778.0,0.0005115094942287242,-0.00016810927822232902,3.9270181066350385e-06,0.0005115151670202629,-0.00016811495101386772
2574,1391,1730.0,0.0005143971381451687,-0.00016886678219520741,-1.1729453931151601e-06,0.0005143976415377234,-0.00016886728558776216
2573,1391,1776.0,0.000511115338100214,-0.00016886655225798407,-7.93086988776226e-07,0.0005111155693515042,-0.00016886678350927433
2575,1391,1731.0,0.0005143971381451687,-0.0001684966167859762,-4.354450221816242e-06,0.0005144040795778086,-0.00016850355821861616
2572,1391,1865.0,0.0005111244441058163,-0.00016850201300061475,-3.9272955345802385e-06,0.0005111301176347449,-0.00016850768652954337
2577,1392,1777.0,0.000509077558293651,-0.00016780692776571012,4.888513107439985e-07,0.000509077646556707,-0.000167807016028766
2579,1392,1865.0,0.0005111201884225244,-0.0001668865312118334,-2.4677163606295904e-06,0.0005111224338294255,-0.0001668887766187345
2578,1392,1776.0,0.0005111142708020752,-0.00016780932434688062,-4.2892902372623776e-07,0.0005111143385490538,-0.00016780939209385922
2576,1392,1864.0,0.0005090900209966942,-0.00016693056268320215,-1.450460751863808e-06,0.0005090907990181119,-0.00016693134070461978
2580,1393,1858.0,0.0005155480816395816,-0.0001715971378681957,3.9820033479603945e-06,0.0005155538505138651,-0.00017160290674247925
2582,1393,1779.0,0.000514608962139583,-0.0001705621651494092,4.029057431090277e-06,0.0005146148851720954,-0.00017056808818192152
2583,1393,1862.0,0.0005146097430272015,-0.00017159035974742911,4.984548998113875e-06,0.0005146187948332538,-0.0001715994115534815
2581,1393,1780.0,0.0005155435033129992,-0.00017058103267363143,3.0418390187351985e-06,0.0005155468746904481,-0.00017058440405108035
2584,1394,1857.0,0.0005155259855043962,-0.0001702194314474201,1.5089090369124758e-06,0.000515526815551404,-0.0001702202614944279
2585,1394,1858.0,0.0005155295531193843,-0.00017160352922039861,3.030595153583754e-06,0.0005155328947072644,-0.00017160687080827877
2586,1394,1862.0,0.0005170271440036317,-0.00017161266181910822,1.6813683312334737e-06,0.0005170281703004084,-0.00017161368811588495
2587,1394,1861.0,0.0005170261674563338,-0.00017020110189439866,1.2707411415138758e-07,0.0005170261733306024,-0.0001702011077686673
2589,1395,1857.0,0.0005151870358448378,-0.0001702288649880815,2.214257549017218e-06,0.000515188824147274,-0.00017023065329051777
2588,1395,1856.0,0.0005151870358448378,-0.0001676008686422758,2.6076932102443717e-06,0.0005151895256513493,-0.00016760335844878725
2590,1395,1861.0,0.0005147960046786929,-0.00017019370474645815,-3.924138926303389e-07,0.0005147960608797746,-0.00017019376094753986
2591,1395,1860.0,0.0005148136352420458,-0.0001676003518379577,1.13600589556756e-07,0.0005148136399697823,-0.00016760035656569413
2595,1396,1859.0,0.0005149499615962512,-0.00017051498801745233,8.02261890548231e-06,0.000514973434791407,-0.00017053846121260817
2594,1396,1860.0,0.0005149757572149895,-0.00016760184654553525,7.3272350255733365e-06,0.0005149954204834032,-0.00016762150981394888
2592,1396,1855.0,0.0005155155288373674,-0.00017054925877525013,5.095342966485172e-06,0.0005155249893731681,-0.0001705587193110508
2593,1396,1856.0,0.0005155163038448284,-0.0001676012655247147,4.5230351986003114e-06,0.0005155237907051116,-0.00016760875238499792
2598,1397,1859.0,0.000517208057477507,-0.0001705329954847022,6.507396074766081e-06,0.0005172234503552946,-0.0001705483883624898
2597,1397,1855.0,0.000516609418381421,-0.00017054910703262515,5.1211112406454595e-06,0.00051661895963545,-0.00017055864828665425
2596,1397,1773.0,0.0005166095641086672,-0.0001719665290908388,4.506258783901901e-06,0.000516616936623852,-0.00017197390160602347
2599,1397,1772.0,0.0005172081705679572,-0.00017196015699173534,5.888241314696424e-06,0.0005172207475943771,-0.00017197273401815518
2601,1398,1854.0,0.0005157095879473016,-0.00017066810475629854,1.0694380122786007e-06,0.0005157100045171363,-0.0001706685213261333
2603,1398,1879.0,0.0005155763359522662,-0.00017028820728631612,8.12944019192019e-07,0.0005155765768444923,-0.00017028844817854218
2602,1398,1880.0,0.0005155760761713785,-0.00017067150730914194,6.802876328718122e-07,0.000515576244766198,-0.0001706716759039614
2600,1398,1853.0,0.0005157097676484305,-0.00017028500871850953,1.2017914947752562e-06,0.0005157102940014504,-0.00017028553507152943
2604,1399,1879.0,0.0005155780680045942,-0.00016998175890620788,1.6929819871593088e-06,0.0005155791132028127,-0.00016998280410442638
2606,1399,1858.0,0.0005155243356018725,-0.00017083266110038558,8.022479332653321e-07,0.0005155245700285375,-0.00017083289552705046
2607,1399,1857.0,0.0005155244626031327,-0.0001699880190311858,8.58508814004233e-07,0.0005155247313936779,-0.00016998828782173098
2605,1399,1880.0,0.0005155779612025582,-0.0001708255139170316,1.6370924062307501e-06,0.0005155789373295129,-0.00017082649004398622
2608,1400,1880.0,0.0005155081202243214,-0.00017082353624613898,1.8673738098537451e-06,0.0005155093904114311,-0.0001708248064332487
2609,1400,1781.0,0.0005155083140188053,-0.00017093523170493626,1.8956967841252115e-06,0.0005155096228152344,-0.0001709365405013653
2610,1400,1780.0,0.000515537420250442,-0.00017093736845195885,1.7844091376242877e-06,0.0005155385798380351,-0.00017093852803955195
2611,1400,1858.0,0.0005155372779528378,-0.00017082449597301486,1.755581973281184e-06,0.0005155384005616212,-0.00017082561858179822
2613,1401,1782.0,0.0005155830415682697,-0.00017086954792146743,1.035026935724409e-06,0.0005155834317190845,-0.00017086993807228238
2612,1401,1854.0,0.0005155833586869552,-0.0001706676831248303,1.1164079403366833e-06,0.0005155838127357612,-0.00017066813717363631
2614,1401,1781.0,0.0005155011990295166,-0.00017087228385548287,8.289239740895404e-07,0.000515501449299494,-0.00017087253412546028
2615,1401,1880.0,0.0005155017388114962,-0.0001706694761631577,9.112391514583262e-07,0.0005155020413440154,-0.0001706697786956769
2619,1402,1878.0,0.0005155921969123151,-0.00017012068474667836,1.4883670628462742e-06,0.0005155930045513299,-0.00017012149238569316
2618,1402,1879.0,0.0005155921969123151,-0.00017028519175931597,1.1786324956020167e-06,0.0005155927032613933,-0.00017028569810839417
2616,1402,1852.0,0.000515905799281232,-0.00017011940178983333,1.6573439092747166e-06,0.000515906800259338,-0.00017012040276793934
2617,1402,1853.0,0.000515905799281232,-0.00017028381777608166,1.3477807269332565e-06,0.0005159064610921552,-0.0001702844795870049
2623,1403,1856.0,0.0005151870358448378,-0.0001694780046428959,1.966237788662839e-06,0.0005151884475143556,-0.00016947941631241374
2622,1403,1857.0,0.0005151870358448378,-0.00016998276334165264,1.5562206406895263e-06,0.0005151879195015467,-0.00016998364699836153
2621,1403,1879.0,0.0005155921969123151,-0.00016997901974056086,2.058042117045189e-06,0.0005155937414374171,-0.00016998056426566286
2620,1403,1878.0,0.0005155921969123151,-0.00016947370213797911,2.4685132644329533e-06,0.0005155944206173505,-0.00016947592584301454
2627,1404,1877.0,0.0005160068681239992,-0.00017041506342344454,2.4202700356981688e-06,0.0005160090015380739,-0.0001704171968375193
2626,1404,1878.0,0.0005160068681239992,-0.00017011577754027604,2.128644604720842e-06,0.000516008519110517,-0.00017011742852679387
2624,1404,1851.0,0.0005163021200456155,-0.00017041720390062728,2.11934809082881e-06,0.0005163037552208167,-0.0001704188390758285
2625,1404,1852.0,0.0005163025173945575,-0.00017011811463128577,1.8275064546345587e-06,0.0005163037337674954,-0.00017011933100422372
2631,1405,1855.0,0.0005155164979329593,-0.00017025396838998776,4.384334423155473e-06,0.0005155235054496348,-0.00017026097590666314
2630,1405,1856.0,0.0005155171746591171,-0.00016946146033913696,3.887032654952688e-06,0.0005155226890286373,-0.00016946697470865724
2629,1405,1878.0,0.0005160068681239992,-0.00016946820662512606,3.109173729035769e-06,0.0005160103937487495,-0.00016947173224987643
2628,1405,1877.0,0.0005160068681239992,-0.00017026165357866114,3.6059825912239385e-06,0.0005160116049800132,-0.00017026639043467518
2634,1406,1877.0,0.0005167765056118129,-0.00017041630945422787,2.2493177357606198e-06,0.0005167783462221242,-0.0001704181500645392
2635,1406,1774.0,0.0005167764395288821,-0.00017065923062088142,2.274198761035434e-06,0.0005167783204197342,-0.00017066111151173356
2632,1406,1775.0,0.0005168009923439132,-0.0001706608122992543,2.0280786989512745e-06,0.0005168024880976526,-0.00017066230805299379
2633,1406,1851.0,0.0005168009923439132,-0.00017041804450322433,2.0038758108444077e-06,0.0005168024531262527,-0.00017041950528556387
2638,1407,1855.0,0.0005166095871973302,-0.00017025383764858557,4.408384193108766e-06,0.0005166166605289281,-0.00017026091098018358
2637,1407,1877.0,0.0005167732645314123,-0.0001702633885799719,3.436696875042805e-06,0.0005167775622684673,-0.00017026768631702688
2639,1407,1773.0,0.0005166095480065198,-0.0001712376375894794,4.5740614274328295e-06,0.0005166171520961677,-0.00017124524167912725
2636,1407,1774.0,0.0005167728146147632,-0.00017124387038466827,3.6042584498803543e-06,0.0005167775349181119,-0.00017124859068801693
2643,1408,1854.0,0.0005155799365517341,-0.00017067718279664855,2.467328035007932e-07,0.0005155799587289446,-0.000170677204973859
2642,1408,1782.0,0.0005155798097251432,-0.00017085064247725437,2.1382086779625498e-07,0.0005155798263762701,-0.00017085065912838133
2641,1408,1679.0,0.0005156129498613826,-0.0001708491165412719,3.924659619999882e-07,0.0005156130059568052,-0.00017084917263669443
2640,1408,1678.0,0.0005156129498613826,-0.00017067561443805408,4.247031940469992e-07,0.0005156130155672661,-0.00017067568014393755
2644,1409,1677.0,0.0005157734274953696,-0.0001704564789272086,4.89244582131676e-07,0.0005157735146965497,-0.00017045656612838872
2645,1409,1678.0,0.0005157734274953696,-0.00017067561443805408,4.26119717657214e-07,0.0005157734936248218,-0.00017067568056750617
2647,1409,1853.0,0.0005157084886525561,-0.00017045837480312266,2.632657840929975e-07,0.0005157085139047484,-0.000170458400055315
2646,1409,1854.0,0.0005157084025681907,-0.00017067760695250924,1.9981424309589713e-07,0.0005157084171102016,-0.00017067762149452
2648,1410,1676.0,0.0005160099630409608,-0.0001703780367981185,5.923276476943462e-07,0.0005160100908301911,-0.00017037816458734885
2649,1410,1677.0,0.0005160099630409608,-0.0001704564789272086,4.912338326286403e-07,0.0005160100509224042,-0.00017045656680865208
2650,1410,1853.0,0.000515905799281232,-0.0001704571586541687,4.0953361777479325e-07,0.0005159058603705461,-0.0001704572197434828
2651,1410,1852.0,0.000515905799281232,-0.00017037866001765663,5.107002578677577e-07,0.0005159058942909301,-0.00017037875502735477
2653,1411,1676.0,0.0005163891390285828,-0.0001703780367981185,5.952513991609731e-07,0.0005163892680112185,-0.00017037816578075414
2655,1411,1851.0,0.0005163039679583099,-0.00017046162182596662,7.640651525954445e-07,0.0005163041804745548,-0.00017046183434221137
2654,1411,1852.0,0.0005163040807392612,-0.00017037736876457035,6.812315820961534e-07,0.0005163042496954616,-0.0001703775377207707
2652,1411,1675.0,0.0005163891390285828,-0.00017046223530106267,6.779165318479552e-07,0.0005163893063030214,-0.00017046240257550125
2659,1412,1775.0,0.0005168009923439132,-0.00017043104572657465,6.676701140052865e-07,0.000516801154510129,-0.0001704312078927904
2658,1412,1851.0,0.0005168009923439132,-0.00017046246375889424,6.485230258888863e-07,0.000516801145335469,-0.00017046261675045005
2656,1412,1674.0,0.0005168206805875111,-0.00017043083824621978,7.001025610874068e-07,0.0005168208588859417,-0.00017043101654465038
2657,1412,1675.0,0.0005168206805875111,-0.00017046223530106267,6.809682572689324e-07,0.0005168208492653739,-0.00017046240397892545
2660,1413,1910.0,0.000500449470980175,-0.0001633470424301708,-4.877761823996601e-06,0.0005004584316476223,-0.0001633560030976181
2661,1413,1903.0,0.0005004539317791587,-0.00016509307643319338,2.9120563269612043e-06,0.0005004571171407337,-0.00016509626179476837
2662,1413,1885.0,0.0005085911334186191,-0.0001650004766628676,6.752118304025057e-07,0.0005085913026275636,-0.0001650006458718121
2663,1413,1886.0,0.0005085856299533072,-0.00016319664331176844,-7.37227380388783e-06,0.0005086058555483042,-0.00016321686890676538
2666,1414,1886.0,0.0005239891434832417,-0.00016420423942007972,3.573257065840607e-06,0.0005239937817434757,-0.00016420887768031368
2667,1414,1887.0,0.0005239891434832417,-0.0001821465214108726,-4.064926075175723e-05,0.0005245736613871744,-0.0001827310393148053
2665,1414,1910.0,0.00048015158202342756,-0.0001627372167664746,-1.0597052552706321e-05,0.0004801952481660358,-0.00016278088290908282
2664,1414,1909.0,0.0004777641028023555,-0.00018034917731612815,-5.4974089342262056e-05,0.0004789101429136874,-0.00018149521742746004
2668,1415,1904.0,0.0004807427981079089,-0.00016370511607190046,1.6314133122280472e-05,0.000480846029225204,-0.00016380834718919557
2669,1415,1908.0,0.00047840465401823365,-0.00017964688227066331,5.975660698933488e-05,0.00047975846926653025,-0.00018100069751895992
2671,1415,1889.0,0.0005231220420544511,-0.00016469956962779147,3.0979474474474022e-06,0.0005231255303243571,-0.00016470305789769753
2670,1415,1888.0,0.0005230949432017407,-0.0001805618672465763,4.546271543320879e-05,0.0005238285060714407,-0.0001812954301162763
2675,1416,1888.0,0.0005006897368385749,-0.00017959307578150827,6.195913017563448e-05,0.0005020976091686779,-0.00018100094811161126
2674,1416,1887.0,0.0005006897368385749,-0.0001806623005953848,-5.3903795183014164e-05,0.0005017541964273337,-0.00018172676018414366
2672,1416,1908.0,0.000651576672063725,-0.0001795169535235943,7.160029981298499e-05,0.0006531159467343875,-0.00018105622819425675
2673,1416,1909.0,0.0006516643512215689,-0.00018079582116706065,-6.697905155304135e-05,0.0006530094474675698,-0.00018214091741306155
2676,1417,1906.0,0.000528630222899059,-0.00017584862274192014,4.0225639214328673e-05,0.0005292039751464259,-0.00017642237498928704
2677,1417,1907.0,0.0005229425472394432,-0.00016489005878109653,-1.2150906142510687e-06,0.0005229430838685721,-0.00016489059541022552
2678,1417,1910.0,0.00048164371274094647,-0.0001666732952225171,1.631589723235724e-05,0.00048174635017042143,-0.00016677593265199207
2679,1417,1909.0,0.0004846883611668816,-0.0001808159169320936,7.089485516745958e-05,0.0004865711069759713,-0.0001826986627411833
4459,1418,1908.0,0.0006516208864017076,-0.00018289003046155885,1.7200330972595018e-06,0.0006516217727024898,-0.00018289091676234107
4457,1418,1906.0,0.0006516208864017076,-0.00018289003046155885,1.7200330972595018e-06,0.0006516217727024898,-0.00018289091676234107
4458,1418,1909.0,0.0006516208864017076,-0.00018289003046155885,1.7200330972595018e-06,0.0006516217727024898,-0.00018289091676234107
2680,1419,1905.0,0.0005232964269885933,-0.00016545783952262106,5.738114751869389e-06,0.00052330837805416,-0.0001654697905881878
2681,1419,1906.0,0.0005288237253980692,-0.00017850696729288407,-3.5044270924208115e-05,0.0005292575211538101,-0.00017894076304862498
2682,1419,1908.0,0.00048529306583986603,-0.00018373184941181489,-6.542519508508093e-05,0.0004868887728647224,-0.00018532755643667126
2683,1419,1904.0,0.0004822415514765012,-0.0001666667225194621,-1.0808570423220115e-05,0.0004822865567173758,-0.00016671172776033675
2686,1420,1903.0,0.0005004567469395031,-0.0001659765569817477,7.828248497810525e-06,0.0005004797347465447,-0.00016599954478878923
2685,1420,1902.0,0.0005118518709234555,-0.00016589221179388934,5.529642251839162e-06,0.0005118631496772551,-0.00016590349054768886
2684,1420,1907.0,0.000512396343797579,-0.00016764945960002196,1.6894177658231813e-05,0.0005125012518840989,-0.0001677543676865419
2687,1420,1910.0,0.0005004641418582083,-0.00016795901048792354,2.074239272677192e-05,0.0005006250217309312,-0.00016811989036064642
2688,1421,1898.0,0.0005162926723119368,-0.00017386759185211698,-3.1180528002987262e-06,0.0005162961940315142,-0.0001738711135716944
2689,1421,1899.0,0.0005159848387581711,-0.00016365447322328288,3.2443223153995338e-06,0.0005159887105057066,-0.00016365834497081825
2690,1421,1906.0,0.000522369978242291,-0.00016387758118002554,1.2652758015124776e-05,0.0005224282949094531,-0.0001639358978471877
2691,1421,1905.0,0.0005232151532787235,-0.00017360044938038066,7.422218572767508e-06,0.0005232349173905815,-0.00017362021349223863
2692,1422,1899.0,0.0005155568347598762,-0.00016355341371473943,-1.0748693141104937e-06,0.0005155572600749562,-0.0001635538390298195
2693,1422,1900.0,0.0005158472485264215,-0.00017378486332166054,4.8821641196773735e-06,0.0005158558890854402,-0.0001737935038806792
2694,1422,1907.0,0.0005224581950723922,-0.00017326716142655545,-5.978645980470737e-06,0.0005224710390587274,-0.00017328000541289067
2695,1422,1906.0,0.0005216311980681988,-0.00016332742699470544,-1.0897477290171959e-05,0.0005216745391887912,-0.0001633707681152979
2698,1423,1902.0,0.0005118952153928928,-0.00016987595971468792,6.251537630432014e-06,0.0005119095460446941,-0.00016989029036648917
2696,1423,1900.0,0.0005175277871799326,-0.00017390986324638646,7.343514567690473e-06,0.0005175472848474145,-0.0001739293609138683
2697,1423,1901.0,0.0005175231266729627,-0.00016967635316043873,1.7387702095049418e-06,0.0005175242265417386,-0.0001696774530292146
2699,1423,1907.0,0.0005121619083911719,-0.00017410889315060975,1.1657717567992859e-05,0.0005122114123828939,-0.00017415839714233177
2701,1424,1898.0,0.0005187951560322555,-0.00017400720966469587,-8.468966726498522e-06,0.0005188210366880285,-0.0001740330903204688
2700,1424,1751.0,0.0005188262410949739,-0.00016915208086805118,-4.044590736714676e-06,0.0005188321855311429,-0.00016915802530422018
2702,1424,1905.0,0.0005144222720096271,-0.00017413189408886838,-1.3417908353581531e-05,0.0005144876347596809,-0.00017419725683892216
2703,1424,1750.0,0.0005142241344197954,-0.00016916257669798542,-9.143792650552485e-06,0.0005142547192998262,-0.00016919316157801626
2704,1425,1750.0,0.000513946459854038,-0.00016718883953073603,-2.9338893219009454e-06,0.0005139496191627084,-0.00016719199883940644
2705,1425,1905.0,0.0005144770990898398,-0.0001673608510594696,-1.4959825312521602e-05,0.0005145591455082274,-0.00016744289747785724
2706,1425,1904.0,0.0005020923613473331,-0.00016737782086720734,-1.63240250127851e-05,0.000502191855769615,-0.0001674773152894893
2707,1425,1749.0,0.000502124207329372,-0.00016719417364158555,-3.476042723382644e-06,0.0005021287204250401,-0.00016719868673725356
2708,1426,1749.0,0.0005021472599132069,-0.00016605698599735054,5.82680944175018e-06,0.000502159962265474,-0.00016606968834961757
2709,1426,1904.0,0.0005021586047536629,-0.00016415922795033535,1.0408327799891343e-05,0.0005021992485255268,-0.00016419987172219927
2710,1426,1889.0,0.0005070058772966117,-0.00016403329453558457,1.2721943340295028e-05,0.0005070661693438658,-0.00016409358658283865
2711,1426,1748.0,0.000506997101468825,-0.0001660417159161146,7.874603965882243e-06,0.0005070201340428831,-0.00016606474849017273
2713,1427,1772.0,0.0005157483709365383,-0.000169811776443955,3.237474408869512e-07,0.000515748409157984,-0.00016981181466540064
2712,1427,1901.0,0.0005157479762136104,-0.00016989438460021493,6.462664865463513e-06,0.0005157632046737838,-0.0001699096130603883
2714,1427,1771.0,0.000509628922964054,-0.0001698114181514931,3.794676641834249e-07,0.0005096289759472551,-0.0001698114711346942
2715,1427,1902.0,0.0005096358009422305,-0.00016989824900487524,6.832091183194694e-06,0.0005096529731098378,-0.0001699154211724825
2719,1428,1903.0,0.000504663599143744,-0.00016590021444920966,6.0422282208601186e-06,0.0005046772099963249,-0.00016591382530179062
2718,1428,1770.0,0.0005046596521798355,-0.0001660274739753723,9.082665817262969e-07,0.0005046599596808196,-0.0001660277814763564
2717,1428,1771.0,0.0005096296252677414,-0.00016602720332930664,1.0423818615698521e-06,0.0005096300273058963,-0.00016602760536746152
2716,1428,1902.0,0.0005096348303180315,-0.00016590615671353002,5.92573540869612e-06,0.0005096478249643093,-0.00016591915135980782
2720,1429,1903.0,0.0005046598109129628,-0.00016501269767574354,1.1155128572665207e-06,0.000504660275456473,-0.0001650131622192538
2721,1429,1770.0,0.0005046622691324519,-0.00016515033432657378,4.312842930346422e-06,0.0005046692115299443,-0.0001651572767240661
2722,1429,1769.0,0.0005080266403170892,-0.00016515173982481197,4.2006715097707426e-06,0.0005080331933607861,-0.00016515829286850884
2723,1429,1885.0,0.0005080275378911564,-0.00016500533671818672,7.995435217997282e-07,0.0005080277753496973,-0.00016500557417672767
2725,1430,1773.0,0.0005175452498101356,-0.00017197823749234224,1.9763422009870524e-06,0.0005175466659767148,-0.00017197965365892148
2724,1430,1897.0,0.0005175434766965352,-0.00017176775896048124,3.823317591890307e-06,0.0005175487782367637,-0.00017177306050070976
2727,1430,1901.0,0.0005157481590484445,-0.00017176770133001465,3.6192540460791567e-06,0.0005157529221782337,-0.00017177246445980384
2726,1430,1772.0,0.0005157482783855437,-0.0001719791834905403,1.7632822837156115e-06,0.0005157494086149858,-0.00017198031371998246
2728,1431,1896.0,0.0005169059837885452,-0.00016974897428810132,3.2768210361106e-07,0.0005169060228822537,-0.00016974901338180978
2729,1431,1897.0,0.0005169059837885452,-0.00017176695082111808,9.54866643875646e-07,0.0005169063147765307,-0.00017176728180910364
2730,1431,1901.0,0.0005175208325726467,-0.00017176639350612228,-1.0235926044058208e-06,0.0005175212125815902,-0.00017176677351506576
2731,1431,1900.0,0.0005175203021372775,-0.00016971263955815755,-1.6601900352276877e-06,0.0005175213047910956,-0.0001697136422119757
2734,1432,1900.0,0.0005154377891330893,-0.00016966923381129206,-3.983144807442884e-06,0.0005154435784871461,-0.00016967502316534886
2735,1432,1899.0,0.0005154705250672645,-0.00016645880658364392,-3.11425693938841e-06,0.0005154740806210684,-0.00016646236213744788
2732,1432,1895.0,0.0005161681609987465,-0.00016646494691595663,-2.0660890026613643e-08,0.0005161681611550795,-0.00016646494707228964
2733,1432,1896.0,0.0005161681609987465,-0.00016972879738453054,-7.563616902968306e-07,0.0005161683695150643,-0.00016972900590084836
2736,1433,1894.0,0.0005160975761239923,-0.00016843912409020842,-3.9375393635909806e-07,0.0005160976327470155,-0.00016843918071323153
2737,1433,1895.0,0.0005160975367751869,-0.00016646415592910433,-4.192106933566253e-07,0.0005160976011421119,-0.00016646422029602926
2738,1433,1899.0,0.0005160705211780248,-0.00016646790811104828,1.472096990983579e-06,0.0005160713149307784,-0.00016646870186380185
2739,1433,1898.0,0.0005160692614388888,-0.00016842262979155007,1.5882084969040533e-06,0.0005160701827072293,-0.0001684235510598905
2740,1434,1752.0,0.0005164739413657804,-0.0001683637754390149,-5.774503479157728e-06,0.0005164861137012657,-0.00016837594777450023
2741,1434,1894.0,0.0005164899694702664,-0.00016846448308311833,-3.4379991154971645e-06,0.0005164942835394098,-0.0001684687971522617
2742,1434,1898.0,0.0005188299257988353,-0.00016846532208329105,-3.519354460055496e-06,0.0005188344310586433,-0.00016846982734309906
2743,1434,1751.0,0.0005188132516173449,-0.0001683638551520639,-5.873452309269889e-06,0.000518825801806976,-0.00016837640534169492
2746,1435,1773.0,0.0005175451829440986,-0.00017125391058205465,2.0453059839456444e-06,0.0005175467012632232,-0.00017125542890117926
2747,1435,1897.0,0.0005175455069691796,-0.000170895421106178,1.7074020995481998e-06,0.0005175465655993859,-0.0001708964797363843
2745,1435,1774.0,0.0005172115486432385,-0.0001712516358689156,2.3974846927628246e-06,0.0005172136358701068,-0.0001712537230957838
2744,1435,1893.0,0.0005172115486432385,-0.0001708946601485486,2.0613503018164503e-06,0.0005172130924294591,-0.00017089620393476924
2748,1436,1892.0,0.0005170405766245327,-0.00016914823833520833,7.011937639550547e-07,0.0005170407557561928,-0.00016914841746686843
2749,1436,1893.0,0.0005170406696810848,-0.00017089786779958348,5.659717875923509e-07,0.00051704078608829,-0.00017089798420678873
2750,1436,1897.0,0.0005169059837885452,-0.00017090157415410511,-1.1617632206528672e-06,0.0005169064743664702,-0.00017090206473203008
2751,1436,1896.0,0.0005169059837885452,-0.0001691550209016959,-1.025587572017067e-06,0.0005169063670741689,-0.00016915540418731956
2752,1437,1891.0,0.0005164075989727325,-0.00016741370695114188,-1.6581002529325595e-07,0.0005164076090239564,-0.00016741371700236573
2753,1437,1892.0,0.0005164075989727325,-0.0001691525879340686,-4.0832345241451073e-07,0.0005164076597726558,-0.00016915264873399187
2754,1437,1896.0,0.0005161681609987465,-0.0001691593334758137,-2.1260934476123594e-06,0.000516169809941226,-0.00016916098241829316
2755,1437,1895.0,0.0005161681609987465,-0.0001674234988665784,-1.8840048836774037e-06,0.0005161694590937459,-0.00016742479696157787
2757,1438,1891.0,0.0005158066707028133,-0.0001674201372689944,-1.2966733773309147e-06,0.000515807285930551,-0.00016742075249673202
2759,1438,1894.0,0.0005160945319623439,-0.0001664289625917512,-2.5734837321086945e-06,0.0005160969578110632,-0.00016643138844047044
2758,1438,1895.0,0.000516094937035888,-0.00016742578043972426,-2.284453692956434e-06,0.0005160968457981129,-0.00016742768920194914
2756,1438,1890.0,0.0005158063373351673,-0.0001664231446637673,-1.5860004496867641e-06,0.0005158072590902711,-0.00016642406641887106
2761,1439,1890.0,0.0005149944046676791,-0.00016643717130608126,-3.9756198682086574e-06,0.0005150002032758587,-0.00016644296991426088
2762,1439,1894.0,0.0005164749949628303,-0.00016644682186542082,-5.607723325286307e-06,0.0005164865065407489,-0.0001664583334433395
2763,1439,1752.0,0.0005164649170818943,-0.00016481825406929713,-7.066096884875139e-06,0.0005164832385319896,-0.00016483657551939252
2760,1439,1753.0,0.0005149859417389359,-0.00016482919923373852,-5.417198541059209e-06,0.0005149967334867277,-0.00016483999098153038
2765,1440,1775.0,0.0005171067132168881,-0.00017066402851729915,1.529255791277162e-06,0.0005171075632895369,-0.00017066487858994792
2767,1440,1893.0,0.0005172115486432385,-0.00017021171962373842,9.654503829413519e-07,0.0005172118876243385,-0.0001702120586048383
2764,1440,1884.0,0.0005171068543043875,-0.00017020905686814374,1.4251554604841066e-06,0.0005171075930716233,-0.00017020979563537957
2766,1440,1774.0,0.0005172115486432385,-0.00017066698877105647,1.068998056644177e-06,0.0005172119639622566,-0.0001706674040900746
2768,1441,1883.0,0.0005169727253767631,-0.00016893891241417073,6.905581562272056e-07,0.0005169728991857569,-0.0001689390862231645
2770,1441,1893.0,0.0005170414176762887,-0.000170220370480321,-5.310078123113571e-07,0.0005170415202461025,-0.00017022047305013482
2771,1441,1892.0,0.0005170414639906161,-0.00016894554463229883,-5.997715466256326e-07,0.0005170415950885214,-0.00016894567573020412
2769,1441,1884.0,0.0005169727253767631,-0.0001702129093078194,7.584081132203102e-07,0.000516972934629788,-0.0001702131185608444
2774,1442,1892.0,0.0005164075989727325,-0.0001689512324341966,-1.7099206180599957e-06,0.0005164086655030798,-0.00016895229896454395
2775,1442,1891.0,0.0005164075989727325,-0.00016721792264006984,-1.7048102102547313e-06,0.000516408661825582,-0.00016721898549291927
2772,1442,1882.0,0.0005164127694427291,-0.00016721003318438872,4.889428789969785e-08,0.0005164127703169873,-0.00016721003405864695
2773,1442,1883.0,0.0005164127694427291,-0.00016894222108344156,4.378718783393243e-08,0.0005164127701421177,-0.0001689422217828301
2776,1443,1881.0,0.0005154319645312815,-0.00016515596445413393,-1.1107022274796374e-06,0.0005154324176904414,-0.0001651564176132939
2777,1443,1882.0,0.0005154322141882224,-0.00016721358656366755,-7.453680450873745e-07,0.0005154324176514812,-0.0001672137900269264
2778,1443,1891.0,0.0005158049052472087,-0.00016722299372758564,-2.834731314189931e-06,0.000515807846440033,-0.00016722593492040998
2779,1443,1890.0,0.0005158044833860204,-0.0001651606421536637,-3.1999422621838136e-06,0.0005158082425998077,-0.00016516440136745108
2780,1444,1754.0,0.0005137612080929645,-0.00016211244014070872,-3.607147872019406e-06,0.0005137660209093657,-0.00016211725295711002
2781,1444,1881.0,0.0005137650568373779,-0.00016515892259128895,-2.436177614171392e-06,0.0005137672422596208,-0.00016516110801353186
2782,1444,1890.0,0.0005149849998126871,-0.0001651659662138691,-5.5806547365096215e-06,0.0005149964469709997,-0.00016517741337218172
2783,1444,1753.0,0.0005149780482863082,-0.00016209128572084862,-6.754550767398143e-06,0.000514994893983886,-0.00016210813141842633
2784,1445,1885.0,0.0005080281594079042,-0.00016742224929138265,-1.5548710603600913e-06,0.0005080290542259325,-0.00016742314410941086
2785,1445,1769.0,0.0005080266608693228,-0.0001677221754860733,4.123473311926085e-06,0.000508032951251549,-0.00016772846586829958
2786,1445,1736.0,0.0005139863773684361,-0.00016772586664072064,3.878562558425752e-06,0.000513991894038379,-0.0001677313833106636
2787,1445,1737.0,0.0005139863773684361,-0.0001674213288564261,-1.8870102363698071e-06,0.0005139876837818992,-0.00016742263526988923
2791,1446,1738.0,0.000515426164373077,-0.00017307889001562642,-2.5595851903884026e-06,0.0005154285432422186,-0.00017308126888476797
2790,1446,1737.0,0.000515426164373077,-0.00016743887540447374,4.1082600415291715e-06,0.000515432343356795,-0.0001674450543881917
2788,1446,1886.0,0.0005085850848095194,-0.00017293515017629754,-8.176195677517956e-06,0.0005086096063743596,-0.00017295967174113774
2789,1446,1885.0,0.0005085895415517135,-0.00016742196265045334,-1.6545206248351485e-06,0.0005085905538992777,-0.00016742297499801757
2792,1447,1887.0,0.0005239891434832417,-0.0001664829230534177,2.0641594297751698e-05,0.0005241433786369385,-0.00016663715820711448
2793,1447,1886.0,0.0005239891434832417,-0.00017323876622479068,3.6638557335717803e-06,0.0005239939567394165,-0.0001732435794809655
2794,1447,1738.0,0.0005061815169447141,-0.00017306274560245118,-2.9798717017838483e-06,0.0005061847851330245,-0.00017306601379076154
2795,1447,1739.0,0.0005061815169447141,-0.00016625352679088988,1.4132002253312154e-05,0.000506255758851834,-0.00016632776869800973
2796,1448,1888.0,0.0005006897368385749,-0.00016535217628160358,-1.6212545044247406e-06,0.0005006907234364987,-0.00016535316287952738
2797,1448,1887.0,0.0005006897368385749,-0.00016598155185216699,5.908451601952663e-06,0.0005007028276658858,-0.00016599464267947792
2798,1448,1739.0,0.0005085875021257659,-0.00016596018125490035,4.9926385935310236e-06,0.000508596740204619,-0.0001659694193337535
2799,1448,1740.0,0.0005085875021257659,-0.00016537493252337626,-2.0091440520141057e-06,0.0005085889994832764,-0.0001653764298808868
2800,1449,1889.0,0.0005231238422498778,-0.00017253886896497947,2.893166128233038e-07,0.0005231238723305827,-0.00017253889904568438
2802,1449,1740.0,0.0005033381417212483,-0.0001657254838343513,-1.235930727571527e-05,0.0005033952138148453,-0.00016578255592794827
2801,1449,1888.0,0.0005231359110968031,-0.00016596338300091666,-1.857810287078307e-05,0.0005232611046703235,-0.00016608857657443707
2803,1449,1741.0,0.0005033381417212483,-0.0001724361046839234,6.8915689817698744e-06,0.0005033557113787604,-0.00017245367434143543
2804,1450,1748.0,0.000506997531744293,-0.0001661609170087227,8.111872775311973e-06,0.0005070219688182696,-0.00016618535408269926
2805,1450,1889.0,0.0005070021738405352,-0.00017238072855943758,1.0662746501265141e-05,0.0005070440085562658,-0.0001724225632751682
2806,1450,1741.0,0.0005096864810075728,-0.00017247782083156015,4.186366394941937e-06,0.0005096929037632558,-0.00017248424358724313
2807,1450,1742.0,0.0005096864810075728,-0.00016621147381995559,1.6050541292444986e-06,0.0005096874338862979,-0.00016621242669868062
2808,1451,1673.0,0.0005170693187390822,-0.00016991175335091883,6.635038750611721e-07,0.0005170694789462944,-0.000169911913558131
2809,1451,1674.0,0.0005170693187390822,-0.00017043083824621978,7.016994015562883e-07,0.000517069497787013,-0.0001704310172941505
2810,1451,1775.0,0.0005171085680192207,-0.00017043426396216025,1.685458546306362e-07,0.0005171085783486516,-0.0001704342742915911
2811,1451,1884.0,0.0005171086201299809,-0.00016991484088652308,1.2961724826440757e-07,0.0005171086262435388,-0.000169914847000081
2812,1452,1672.0,0.0005169485100307881,-0.0001687442760421346,6.392402609710357e-07,0.0005169486590144259,-0.00016874442502577233
2813,1452,1673.0,0.0005169485100307881,-0.00016991175335091883,6.628055198090732e-07,0.000516948669929052,-0.00016991191324918276
2814,1452,1884.0,0.0005169727253767631,-0.00016991868832872103,-5.367386250038075e-07,0.0005169728302289646,-0.00016991879318092252
2815,1452,1883.0,0.0005169727253767631,-0.00016875044317529443,-5.603193826073105e-07,0.0005169728398390464,-0.0001687505576375777
2819,1453,1882.0,0.0005164127694427291,-0.0001669584883284473,-1.2446163359693119e-06,0.00051641333614367,-0.00016695905502938822
2818,1453,1883.0,0.0005164127694427291,-0.0001687537531946436,-1.207091525082249e-06,0.0005164133010904276,-0.00016875428484234206
2816,1453,1671.0,0.0005163742347911518,-0.00016695019113761433,5.987879767820059e-07,0.0005163743659685833,-0.00016695032231504582
2817,1453,1672.0,0.0005163742347911518,-0.0001687442760421346,6.362881239917184e-07,0.0005163743825256251,-0.00016874442377660793
2820,1454,1670.0,0.0005152571220670386,-0.0001643936053120905,4.246212163203089e-07,0.0005152571883890304,-0.0001643936716340822
2821,1454,1671.0,0.0005152571220670386,-0.00016695019113761433,5.937603084343879e-07,0.0005152572512620906,-0.00016695032033266628
2822,1454,1882.0,0.000515431333619417,-0.00016696204235474812,-2.0387131518424806e-06,0.0005154328563269151,-0.00016696356506224616
2823,1454,1881.0,0.0005154312182067584,-0.00016439945628919392,-2.206504713563734e-06,0.0005154330085975174,-0.00016440124667995283
2824,1455,1669.0,0.0005132806828342662,-0.00016059601327911107,-4.1869953903289625e-08,0.0005132806834846422,-0.00016059601392948706
2825,1455,1670.0,0.0005132806828342662,-0.0001643936053120905,4.2022674796513004e-07,0.0005132807479800545,-0.0001643936704578787
2826,1455,1881.0,0.0005137614838177824,-0.00016440239075501443,-3.5300113380154485e-06,0.0005137660774330237,-0.0001644069843702557
2827,1455,1754.0,0.0005137599636924513,-0.00016056930434429475,-3.983934391469518e-06,0.0005137658479078828,-0.0001605751885597262
2831,1456,1914.0,0.00048396060468366975,-0.00016789772249999155,-1.1766806584635747e-05,0.00048401370152017955,-0.00016795081933650136
2828,1456,1926.0,0.0005243465822031487,-0.00016688422978379394,1.8483181107656343e-06,0.0005243478177794833,-0.0001668854653601285
2829,1456,1927.0,0.0005293920885912351,-0.0001761466484197148,-3.7964630464733945e-05,0.0005299024331281773,-0.00017665699295665692
2830,1456,1913.0,0.00048713984575857183,-0.00018093496749670254,-6.869235249534755e-05,0.0004889009633226792,-0.00018269608506081
4461,1457,1927.0,0.0006540110944644814,-0.0001846429678131437,7.523248914974301e-06,0.0006540279661813677,-0.00018465983953003007
4460,1457,1913.0,0.0006540110944644814,-0.0001846429678131437,7.523248914974301e-06,0.0006540279661813677,-0.00018465983953003007
4462,1457,1912.0,0.0006540110944644814,-0.0001846429678131437,7.523248914974301e-06,0.0006540279661813677,-0.00018465983953003007
2832,1458,1921.0,0.000515118334145713,-0.0001743872211586305,-4.425790157275289e-06,0.0005151254361250274,-0.00017439432313794492
2833,1458,1922.0,0.0005146902920029894,-0.00016400431648816113,4.375124641187167e-06,0.0005146973428608156,-0.00016401136734598733
2834,1458,1927.0,0.00052289088308103,-0.00016424145388314122,1.3338552237555923e-05,0.0005229556086835847,-0.00016430617948569602
2835,1458,1926.0,0.0005238958527015863,-0.00017336836377412521,6.305702000032609e-06,0.0005239101087984247,-0.00017338261987096361
2836,1459,1927.0,0.0005301099709363946,-0.00017984735404874867,3.7349474698158275e-05,0.0005306008523432577,-0.00018033823545561176
2837,1459,1925.0,0.0005244794634941367,-0.00016575722172094682,-2.5965225480747978e-06,0.0005244819053758984,-0.0001657596636027085
2838,1459,1911.0,0.00048529058961663263,-0.00016748393999587146,1.5727826357864183e-05,0.00048538531169203423,-0.00016757866207127306
2839,1459,1912.0,0.0004881120520231069,-0.00018481138371658629,6.623327522320421e-05,0.0004897378957088822,-0.0001864372274023616
2843,1460,1927.0,0.0005229558154014533,-0.00016354471506179044,-1.3621496333854344e-05,0.000523023377950697,-0.00016361227761103414
2842,1460,1925.0,0.0005241165067679174,-0.0001744815712214371,-6.467765381809598e-06,0.0005241314764242869,-0.00017449654087780663
2840,1460,1922.0,0.0005148012748141945,-0.0001638119456909878,-3.0709965382381965e-06,0.0005148047491686457,-0.00016381542004543907
2841,1460,1923.0,0.000515182632802369,-0.00017454164092285478,4.907529435105307e-06,0.0005151913622110848,-0.00017455037033157057
2844,1461,1920.0,0.0005169486892687078,-0.00016992819281376817,-1.707255826738363e-06,0.0005169497501276595,-0.00016992925367271985
2845,1461,1921.0,0.0005169531558269283,-0.00017445679277972145,-4.9060467681161235e-06,0.0005169618586927101,-0.00017446549564550316
2846,1461,1926.0,0.0005137539446361736,-0.00017492574452275934,-9.758222621385204e-06,0.0005137885100993135,-0.00017496030998589935
2847,1461,1924.0,0.0005135895914972141,-0.00017004797657316987,-6.53821848714542e-06,0.0005136052238020735,-0.00017006360887802935
2851,1462,1915.0,0.0005043894567084359,-0.0001675518951386012,-6.050855064144989e-06,0.0005044030784719636,-0.00016756551690212895
2850,1462,1914.0,0.0005043989898119994,-0.00016860867459314957,-1.5906320955147435e-05,0.0005044929618931136,-0.00016870264667426385
2848,1462,1924.0,0.0005134778297328293,-0.00016747008555771854,-4.313399624748804e-06,0.0005134846603689451,-0.00016747691619383424
2849,1462,1926.0,0.0005139330388031771,-0.00016849525130209258,-1.3826223375722202e-05,0.0005140030625852677,-0.00016856527508418316
2852,1463,1925.0,0.0005138919688588775,-0.000167854167965104,1.481500328247981e-05,0.0005139724454485052,-0.00016793464455473175
2853,1463,1759.0,0.0005134675828022475,-0.00016759779834955402,5.6424426925841265e-06,0.0005134792691300727,-0.00016760948467737922
2854,1463,1760.0,0.0005041459633430556,-0.00016760280737352772,6.082090010815777e-06,0.0005041597300451412,-0.00016761657407561332
2855,1463,1911.0,0.0005041101512246945,-0.00016788989455436727,1.6367948988640912e-05,0.0005042098052470718,-0.00016798954857674442
2856,1464,1923.0,0.0005168687584461915,-0.00017454692758859093,5.895545557042803e-06,0.0005168813257144687,-0.00017455949485686823
2857,1464,1758.0,0.0005168926585223735,-0.00016988874405678308,2.6335742300681586e-06,0.0005168951832295447,-0.00016989126876395432
2858,1464,1759.0,0.0005135585871366699,-0.00016997055211454882,7.502286583041529e-06,0.0005135791724364486,-0.0001699911374143275
2859,1464,1925.0,0.0005137058758030791,-0.00017457113463829714,1.0477273443540436e-05,0.0005137457459783944,-0.00017461100481361243
2863,1465,1766.0,0.0005117739486889747,-0.00016916625064321365,-3.3925874172030523e-06,0.000511778174308923,-0.00016917047626316205
2860,1465,1765.0,0.0005144476618016078,-0.00016916251288794657,-2.5211455589591036e-06,0.0005144499862818276,-0.00016916483736816642
2861,1465,1920.0,0.000514431822767919,-0.00017001409129378114,-5.174327557241898e-06,0.0005144416019493671,-0.00017002387047522922
2862,1465,1924.0,0.0005117644169887817,-0.00017003574012319376,-6.099437790334228e-06,0.0005117780582283137,-0.00017004938136272577
2867,1466,1767.0,0.0005099550297656893,-0.00016808942628579178,-1.416461073690256e-06,0.0005099557695253638,-0.0001680901660454662
2866,1466,1915.0,0.0005099396895686809,-0.0001673579186224868,-3.2744427386557917e-06,0.000509943647176263,-0.00016736187623006896
2864,1466,1766.0,0.0005117784115284754,-0.00016809302250534754,-2.122864091846921e-06,0.0005117800686583174,-0.00016809467963518947
2865,1466,1924.0,0.0005117723504464988,-0.00016741830104468507,-3.839786668659306e-06,0.0005117777774366302,-0.00016742372803481645
2868,1467,1931.0,0.0005147093099224578,-0.0001710277978644578,-5.561611664053889e-07,0.0005147094226898685,-0.00017102791063186844
2869,1467,1930.0,0.0005147110981064545,-0.00016951362305550567,1.7999275773727952e-06,0.0005147122818307409,-0.000169514806779792
2870,1467,1921.0,0.0005169418196552672,-0.0001695217086354348,3.221658068187916e-06,0.0005169455995441944,-0.00016952548852436198
2871,1467,1920.0,0.0005169450223094368,-0.0001709993711046838,9.255645903941123e-07,0.0005169453336243598,-0.00017099968241960674
2872,1468,1916.0,0.0005141744608325172,-0.00016985469003167328,4.6672041426054633e-07,0.0005141745404445919,-0.00016985476964374808
2873,1468,1917.0,0.0005141732189709314,-0.00016881445962982063,1.002271417173406e-06,0.0005141735866742898,-0.0001688148273331791
2874,1468,1930.0,0.0005147112843509397,-0.00016880862723327004,2.0457365492790314e-06,0.0005147128150410432,-0.0001688101579233736
2875,1468,1931.0,0.0005147108726734975,-0.00016985698677160423,1.5027841616180315e-06,0.0005147116974118652,-0.00016985781150997183
2876,1469,1763.0,0.0005144296898509648,-0.0001701396092380362,-2.0347270474757595e-07,0.0005144297049703767,-0.00017013962435744807
2877,1469,1916.0,0.0005144308230088518,-0.00016985430179720527,2.908186821498626e-07,0.0005144308539080702,-0.00016985433269642368
2878,1469,1931.0,0.0005149311335810244,-0.000169854942082169,5.788757522565136e-07,0.000514931255917433,-0.00016985506441857763
2879,1469,1764.0,0.0005149309359966728,-0.0001701447815142844,7.72838875812143e-08,0.0005149309381762856,-0.00017014478369389721
2883,1470,1765.0,0.000514450559742273,-0.00017000632403196478,-2.0416931994921006e-06,0.0005144520823005037,-0.00017000784659019558
2882,1470,1920.0,0.000514447646095699,-0.00017106683014854582,-2.535161699221411e-06,0.0005144499899640961,-0.00017106917401694288
2880,1470,1764.0,0.0005149305114935596,-0.00017001343727307322,-1.0000717184238672e-06,0.0005149308765390903,-0.00017001380231860386
2881,1470,1931.0,0.0005149303246122089,-0.00017104605014861595,-1.4747915762988728e-06,0.0005149311172807906,-0.00017104684281719765
2884,1471,1930.0,0.0005141060287553734,-0.00016950836602609655,8.707910417182774e-07,0.0005141063060596317,-0.00016950864333035483
2885,1471,1929.0,0.0005141060287553734,-0.0001667395493533425,1.4871260123131003e-06,0.0005141068408121782,-0.00016674036141014727
2886,1471,1922.0,0.0005147045171391695,-0.0001666758255679993,4.189953699433591e-06,0.0005147109583090084,-0.00016668226673783806
2887,1471,1921.0,0.0005147337637481861,-0.00016952426331929172,3.6872823364689222e-06,0.0005147387311551402,-0.00016952923072624586
2890,1472,1929.0,0.0005141060287553734,-0.00016816483995051702,1.4174033076269632e-06,0.0005141067649109316,-0.00016816557610607527
2888,1472,1917.0,0.0005138016929725001,-0.00016881745099770075,4.6655470399559196e-07,0.0005138017726923806,-0.00016881753071758127
2889,1472,1918.0,0.0005138016929725001,-0.00016815507722552282,7.810382962047946e-07,0.0005138019166012719,-0.0001681553008542947
2891,1472,1930.0,0.0005141060287553734,-0.0001688138577725293,1.1092608891705158e-06,0.0005141064791958031,-0.00016881430821295905
2892,1473,1929.0,0.0005141048935046119,-0.00016679511009958306,-8.571276636989977e-07,0.0005141051632459605,-0.00016679537984093162
2893,1473,1928.0,0.0005141040085221427,-0.00016968584068872657,-1.1477525856118387e-07,0.0005141040133384469,-0.00016968584550503088
2894,1473,1923.0,0.0005148192117111136,-0.00016960312789986295,-2.9339783355897264e-06,0.0005148223560376604,-0.0001696062722264097
2895,1473,1922.0,0.0005147875943778968,-0.00016685841344534088,-3.5118505141290557e-06,0.0005147921176245867,-0.0001668629366920309
2897,1474,1919.0,0.0005137674296445474,-0.00016884692556209892,1.244095090766062e-07,0.0005137674353130942,-0.00016884693123064577
2898,1474,1928.0,0.0005141045695084973,-0.00016884156499292455,-5.841655483576624e-07,0.0005141046944265941,-0.00016884168991102138
2896,1474,1918.0,0.000513766838666524,-0.00016813994542237465,-2.1195352693792469e-07,0.0005137668551366257,-0.00016813996189247638
2899,1474,1929.0,0.0005141049769613812,-0.00016812916064372411,-9.252096252118647e-07,0.0005141052906412493,-0.0001681294743235922
2903,1475,1923.0,0.0005169288700150668,-0.00016962494215436576,-2.2583948636953344e-06,0.000516930727237863,-0.000169626799377162
2902,1475,1758.0,0.0005169119772759287,-0.00017092073276855425,3.2403489690080445e-08,0.0005169119776575571,-0.00017092073315018268
2900,1475,1928.0,0.0005146521396987846,-0.0001696631715994416,-8.978428817502104e-07,0.0005146524341980747,-0.00016966346609873168
2901,1475,1757.0,0.0005146444552261084,-0.0001709256136536464,1.3290157060905083e-06,0.0005146450993182179,-0.0001709262577457559
2904,1476,1919.0,0.0005140595184273955,-0.0001688430270090494,-3.912682487033914e-07,0.0005140595744715672,-0.00016884308305322105
2905,1476,1756.0,0.0005140559437524089,-0.00016978369540062522,1.9597949352245791e-07,0.0005140559577936983,-0.00016978370944191465
2906,1476,1757.0,0.000514651676241637,-0.00016979082899822907,-7.633609996060553e-07,0.0005146518890863355,-0.00016979104184292753
2907,1476,1928.0,0.0005146537175544294,-0.00016883572836874378,-1.3570492792963629e-06,0.0005146543911496628,-0.0001688364019639772
2908,1477,1935.0,0.0005139379235988423,-0.0001694180337207443,2.772135049219915e-07,0.0005139379517127862,-0.00016941806183468818
2909,1477,1934.0,0.0005139379235988423,-0.00016881804686922643,5.090443738614558e-07,0.0005139380184812563,-0.00016881814175164042
2910,1477,1917.0,0.0005141729561612754,-0.00016882111644906574,1.1161312614485497e-06,0.0005141734121491862,-0.00016882157243697655
2911,1477,1916.0,0.0005141734927580285,-0.00016942269057630086,8.850758121264901e-07,0.0005141737792425365,-0.00016942297706080882
2912,1478,1689.0,0.0005138790034734941,-0.0001692871942322181,-3.397562662460496e-08,0.0005138790038959182,-0.00016928719465464216
2913,1478,1690.0,0.0005138790034734941,-0.00016884004790405612,2.3179207164769622e-08,0.0005138790036702352,-0.00016884004810079723
2914,1478,1934.0,0.0005139379235988423,-0.00016884242807968877,4.838319172181804e-07,0.0005139380093120933,-0.00016884251379293983
2915,1478,1935.0,0.0005139379235988423,-0.0001692897610882925,4.266532216898322e-07,0.0005139379902065625,-0.00016928982769601273
2919,1479,1762.0,0.0005142135623623992,-0.00016972471009419024,3.45448142008431e-07,0.000514213605982714,-0.00016972475371450515
2918,1479,1935.0,0.0005142134307757271,-0.00016928968541156817,4.115289959499835e-07,0.0005142134927198848,-0.00016928974735572585
2917,1479,1689.0,0.0005141445956635682,-0.0001692871942322181,-3.545458671094792e-08,0.0005141445961233901,-0.00016928719469204003
2916,1479,1688.0,0.0005141445956635682,-0.00016972048164824973,-1.0212332842568506e-07,0.000514144599476153,-0.0001697204854608345
2923,1480,1763.0,0.0005144312911696189,-0.00016986266383141972,4.947439044417079e-07,0.0005144313805944549,-0.00016986275325625583
2922,1480,1916.0,0.0005144317824201244,-0.00016942136650869379,7.097598909988623e-07,0.0005144319665820926,-0.00016942155067066188
2920,1480,1762.0,0.0005142141437719308,-0.00016985649604900682,4.995344889818787e-08,0.0005142141446838786,-0.00016985649696095467
2921,1480,1935.0,0.0005142137256782878,-0.00016941793183988221,2.6176887162748796e-07,0.0005142137507367161,-0.00016941795689831053
2924,1481,1934.0,0.0005136893892848451,-0.00016881680719669083,2.6464304023199325e-07,0.0005136894149388013,-0.00016881683285064692
2925,1481,1933.0,0.0005136893892848451,-0.00016850104441353136,3.753631287461978e-07,0.0005136894409190593,-0.00016850109604774554
2926,1481,1918.0,0.0005138016929725001,-0.0001685024957414807,6.951332822552336e-07,0.0005138018700233532,-0.0001685026727923338
2927,1481,1917.0,0.0005138016929725001,-0.00016881842344827075,5.843553643747335e-07,0.0005138018180314901,-0.00016881854850726077
2931,1482,1934.0,0.0005136893892848451,-0.00016884115962431865,2.3945970371863634e-07,0.0005136894102879153,-0.00016884118062738873
2928,1482,1690.0,0.0005136568798193852,-0.00016884004790405612,2.432615443109798e-08,0.0005136568800361487,-0.00016884004812081963
2929,1482,1691.0,0.0005136568798193852,-0.00016863126247906434,5.585173732530757e-08,0.0005136568809623835,-0.00016863126362206258
2930,1482,1933.0,0.0005136893892848451,-0.00016863222161027122,2.710083268145369e-07,0.0005136894161949961,-0.00016863224852042217
2934,1483,1919.0,0.0005137669074081544,-0.00016878752267502866,-1.7381795350268625e-07,0.0005137669184741878,-0.00016878753374106208
2935,1483,1918.0,0.0005137666876361413,-0.00016849799080475243,-2.9885753006358984e-07,0.0005137667203638428,-0.00016849802353245398
2932,1483,1933.0,0.0005136395048747355,-0.0001684993199038259,-4.975624426362124e-09,0.0005136395048838088,-0.00016849931991289914
2933,1483,1932.0,0.0005136394310077674,-0.0001687881599485365,1.2044114629239377e-07,0.0005136394363219098,-0.00016878816526267893
2939,1484,1933.0,0.0005136395664228008,-0.0001686305266034814,-1.0925714041820633e-07,0.0005136395707968466,-0.00016863053097752726
2938,1484,1932.0,0.0005136395447148112,-0.0001687907391340395,-7.235529683041753e-08,0.0005136395466326955,-0.0001687907410519237
2936,1484,1691.0,0.0005136016164580537,-0.00016863126247906434,5.6097926200149306e-08,0.000513601617611244,-0.00016863126363225462
2937,1484,1692.0,0.0005136016164580537,-0.00016879110665150184,9.282065385751714e-08,0.0005136016196144743,-0.00016879110980792242
2940,1485,1932.0,0.0005137825863472528,-0.00016878762979997402,-1.244337754710556e-07,0.0005137825920183779,-0.00016878763547109908
2941,1485,1755.0,0.0005137823961675961,-0.00016933118783493814,1.4492296735585386e-07,0.0005137824038539702,-0.00016933119552131224
2942,1485,1756.0,0.0005140596728904073,-0.00016933533055678884,-4.1336701671335074e-07,0.0005140597353990128,-0.00016933539306539436
2943,1485,1919.0,0.0005140613427714047,-0.00016878640865547966,-6.883682796623991e-07,0.0005140615162547203,-0.00016878658213879532
2944,1486,1692.0,0.0005137110488113023,-0.00016879110665150184,9.257704170623215e-08,0.0005137110519506727,-0.00016879110979087236
2945,1486,1693.0,0.0005137110488113023,-0.00016918422238808826,1.6135703014702463e-07,0.0005137110583428117,-0.0001691842319195977
2946,1486,1755.0,0.0005137826735547094,-0.00016918724428771888,-2.47489341895224e-07,0.0005137826959755256,-0.0001691872667085352
2947,1486,1932.0,0.0005137827226729466,-0.00016879019469871322,-3.1723833965324744e-07,0.0005137827595335354,-0.0001687902315593021
2951,1487,1718.0,0.0005205822657521481,-0.00016898105294805513,-2.0703387351370117e-06,0.0005205838197402672,-0.0001689826069361743
2948,1487,1940.0,0.000513006412156583,-0.0001689825683248,4.237411489194098e-06,0.0005130129941847939,-0.00016898915035301094
2949,1487,1939.0,0.0005130161630046842,-0.00017499692253143814,1.145485416152725e-05,0.000513063838185189,-0.000175044597711943
2950,1487,1717.0,0.0005205822657521481,-0.00017503697635190096,5.2051609099393326e-06,0.0005205920028752796,-0.00017504671347503252
2955,1488,1940.0,0.0005130053340425753,-0.0001671996883008276,3.440915027325131e-06,0.0005130096856057408,-0.00016720403986399314
2954,1488,1939.0,0.0005130173632140675,-0.00016452018412175498,1.235836984245925e-05,0.0005130737130815152,-0.00016457653398920267
2953,1488,1914.0,0.000504375101510468,-0.0001648123220591097,8.788653985646044e-06,0.0005044039563221988,-0.00016484117687084045
2952,1488,1915.0,0.0005043829592876817,-0.0001672544997420543,6.666852540582191e-07,0.0005043831247300318,-0.0001672546651844044
2956,1489,1767.0,0.0005099737318930084,-0.00016802110253309266,8.566142864901982e-07,0.0005099740024657716,-0.0001680213731058558
2957,1489,1915.0,0.0005099921166722282,-0.00016720560777062974,3.09727738325577e-06,0.0005099956581331173,-0.00016720914923151878
2958,1489,1940.0,0.0005123439058342463,-0.00016718745259617393,4.005522139235995e-06,0.00051234980845671,-0.0001671933552186376
2959,1489,1768.0,0.0005123398139438295,-0.00016802151098868016,1.7192237246471676e-06,0.0005123409000305119,-0.0001680225970753626
2963,1490,1719.0,0.0005159842136645346,-0.00016924468601444537,1.56610405212948e-06,0.0005159851085037263,-0.00016924558085363716
2960,1490,1768.0,0.0005123391269333047,-0.00016924181259895523,1.3334295366970728e-06,0.0005123397791055285,-0.000169242464771179
2961,1490,1940.0,0.0005123453619351875,-0.0001689827071722895,4.8153557082111775e-06,0.0005123538700834989,-0.00016899121532060077
2962,1490,1718.0,0.0005159842136645346,-0.00016898277225276025,5.085300295436246e-06,0.0005159936520474399,-0.00016899221063566562
2965,1491,1938.0,0.0005289909406218651,-0.00016870551578652515,-1.7814380856212564e-05,0.0005291046363614274,-0.00016881921152608746
2966,1491,1716.0,0.0005130555489742464,-0.00016841634762663625,-1.181303642965037e-05,0.0005131067386670444,-0.00016846753731943417
2964,1491,1939.0,0.000528982618754878,-0.00017508702398874565,-2.610592008407686e-06,0.0005289850386742995,-0.00017508944390816719
2967,1491,1717.0,0.0005130555489742464,-0.00017504449732064762,3.974741019686923e-06,0.0005130612888497463,-0.00017505023719614754
2971,1492,1939.0,0.0005289812046055317,-0.00016611544653148333,-3.2491167242798547e-08,0.0005289812049852185,-0.00016611544691117006
2970,1492,1938.0,0.0005289560507169,-0.00018374177155417804,4.592196080838856e-05,0.0005296950182451516,-0.00018448073908242964
2968,1492,1914.0,0.0004826083359915495,-0.00016411484665726029,1.2543291684333213e-05,0.00048266915002184637,-0.00016417566068755715
2969,1492,1913.0,0.00047999950172201294,-0.00018226193344689332,6.084636854814668e-05,0.00048139415500325644,-0.0001836565867281368
2972,1493,1938.0,0.0005065079370889167,-0.00016812136228668484,-5.2713377636168235e-06,0.0005065182340689518,-0.0001681316592667199
2973,1493,1937.0,0.0005065138708454098,-0.00016797050661958648,4.516826355376036e-06,0.0005065214327298203,-0.00016797806850399696
2974,1493,1715.0,0.000516769431122166,-0.00016797302925082905,4.51120940283406e-06,0.0005167768612110786,-0.00016798045933974167
2975,1493,1716.0,0.000516769431122166,-0.000168114526453454,-4.66965153585186e-06,0.0005167773906428298,-0.00016812248597411776
2976,1494,1913.0,0.0006540110944644809,-0.0001828507578732234,6.708373984827543e-05,0.000655353317761541,-0.0001841929811702836
2977,1494,1912.0,0.0006540110944644809,-0.00018082435429257943,-6.941293120926034e-05,0.0006554514550981849,-0.0001822647149262834
2978,1494,1937.0,0.0005064759596473747,-0.00018096086005782485,-5.8027750599549954e-05,0.0005076983421512468,-0.00018218324256169695
2979,1494,1938.0,0.0005065460892515403,-0.00018267826511189763,5.7654024357027545e-05,0.0005077496857023504,-0.00018388186156270784
2983,1495,1715.0,0.0005128848237395262,-0.00016809105563395598,1.1968394389411108e-05,0.0005129374068811071,-0.00016814363877553702
2982,1495,1714.0,0.0005128848237395262,-0.0001752044325918716,-3.84710094176316e-06,0.000512890200974333,-0.00017520980982667844
2980,1495,1937.0,0.0005293499501361001,-0.00016820924761943115,1.9111175990918494e-05,0.0005294808238086352,-0.0001683401212919661
2981,1495,1936.0,0.0005293532673898912,-0.00017527466524116337,3.403802848585269e-06,0.0005293573780012178,-0.0001752787758524899
2984,1496,1912.0,0.00048129072657420585,-0.0001808677353172894,-5.79523355308878e-05,0.00048255630973272377,-0.00018213331847580732
2985,1496,1911.0,0.00048376589695496575,-0.00016540825288416014,-1.1964477226816816e-05,0.0004838210195138971,-0.00016546337544309152
2986,1496,1936.0,0.0005293535231237351,-0.00016590739739463334,2.1907963427061916e-06,0.0005293552489422586,-0.0001659091232131569
2987,1496,1937.0,0.0005293633803175671,-0.00018189381602298077,-4.448459834294899e-05,0.00053005825837218,-0.0001825886940775937
2991,1497,1714.0,0.0005208197119581093,-0.0001751965525315384,-4.753405500525221e-06,0.0005208278276450362,-0.0001752046682184654
2990,1497,1713.0,0.0005208197119581093,-0.00016917498660014535,2.3058735340447667e-06,0.0005208216384359216,-0.00016917691307795775
2988,1497,1936.0,0.0005134787501374846,-0.00017513717863793118,-1.0945640924103772e-05,0.0005135222429916722,-0.00017518067149211879
2989,1497,1761.0,0.0005134833331464361,-0.00016916748033937007,-3.943258707679587e-06,0.0005134890275509631,-0.0001691731747438971
2992,1498,1911.0,0.0005042006733272722,-0.0001655035386095259,-9.637345015349463e-06,0.0005042353429655074,-0.00016553820824776106
2993,1498,1760.0,0.0005041701094905121,-0.00016726270046932496,-8.536108723616875e-07,0.0005041703807951074,-0.00016726297177392023
2994,1498,1761.0,0.0005134840727484685,-0.0001672441970557519,-2.812591700915301e-06,0.0005134869779599405,-0.00016724710226722397
2995,1498,1936.0,0.0005134781908830016,-0.00016544409448746478,-1.1793301551897561e-05,0.0005135294012624806,-0.00016549530486694374
2996,1499,1976.0,0.0005138147991719244,-0.00017045938962764008,1.7647595298986296e-07,0.000513814810550317,-0.00017045940100603264
2997,1499,1699.0,0.0005138094503064627,-0.00017070875368503004,3.0551514638987864e-07,0.0005138094843959506,-0.00017070878777451792
2998,1499,1700.0,0.0005139407507804422,-0.00017070875368503004,2.7354524152756188e-08,0.0005139407510536733,-0.0001707087539582611
2999,1499,1975.0,0.0005139658906647832,-0.0001705099160481999,-1.1976198477370303e-07,0.000513965895903439,-0.00017050992128685578
3000,1500,1697.0,0.0005139919780333194,-0.00017054663631898927,3.1519195187179605e-07,0.0005139920143154075,-0.00017054667260107742
3001,1500,1698.0,0.0005139919780333194,-0.0001708183949576936,2.1448525871353707e-07,0.0005139919948277223,-0.00017081841175209644
3002,1500,1699.0,0.0005138332744585306,-0.0001708183949576936,-2.137789022194081e-07,0.0005138332911463661,-0.00017081841164552918
3003,1500,1976.0,0.0005138242414035182,-0.00017028197799268544,-3.9372552135263916e-08,0.000513824241970023,-0.0001702819785591902
3007,1501,1974.0,0.0005140125358890496,-0.0001703738039806089,5.074198440244149e-08,0.0005140125368295815,-0.0001703738049211409
3006,1501,1975.0,0.0005139390687402545,-0.0001704494466092737,2.590817439543369e-07,0.0005139390932597147,-0.00017044947112873382
3004,1501,1697.0,0.0005138148717793167,-0.00017035456792228093,9.02550108608513e-08,0.0005138148747559065,-0.0001703545708988707
3005,1501,1976.0,0.0005135424061722682,-0.00017042267748514913,3.660519449430466e-07,0.0005135424551491897,-0.00017042272646207058
3008,1502,1974.0,0.0005137669726266725,-0.00017016038633673456,5.535129745867784e-07,0.0005137670846183039,-0.00017016049832836602
3009,1502,1975.0,0.0005137354086150181,-0.00017029984375486264,6.874355407138211e-07,0.0005137355813281575,-0.00017030001646800198
3010,1502,1972.0,0.0005138414326027324,-0.00017031256290801815,4.99857611142851e-07,0.0005138415239043983,-0.000170312654209684
3011,1502,1973.0,0.000513856858628349,-0.0001701877790119293,4.03539927196217e-07,0.0005138569181436386,-0.00017018783852721888
3012,1503,1975.0,0.0005138339251259047,-0.00017032408612464378,3.231449723084534e-07,0.0005138339632832696,-0.00017032412428200864
3013,1503,1700.0,0.0005138336568061008,-0.00017053046949488872,3.79426810345751e-07,0.0005138337093967787,-0.00017053052208556663
3014,1503,1701.0,0.0005138349997707015,-0.00017053046949488872,1.0274502986601375e-07,0.0005138350036270259,-0.00017053047335121316
3015,1503,1972.0,0.0005138351380011633,-0.00017034042591268137,7.334391757818359e-08,0.0005138351399667882,-0.0001703404278783063
3019,1504,1971.0,0.0005139399134602915,-0.00017010051073729248,4.3328061440778276e-08,0.0005139399141464063,-0.00017010051142340722
3016,1504,1696.0,0.0005138257646036121,-0.00017005638523701742,3.3958928290916957e-07,0.0005138258067603177,-0.0001700564273937231
3017,1504,1697.0,0.0005138257646036121,-0.00017027979441147366,4.212253720235759e-07,0.000513825829444043,-0.00017027985925190461
3018,1504,1974.0,0.0005139264439068258,-0.00017034251115513518,1.6861900443976285e-07,0.0005139264542946886,-0.00017034252154299797
3023,1505,1970.0,0.0005138753072382457,-0.00017004177497069133,5.91002969181631e-07,0.0005138754349161666,-0.00017004190264861222
3022,1505,1973.0,0.0005138712774764159,-0.00017014932081408127,6.374539100045817e-07,0.0005138714259907297,-0.0001701494693283951
3020,1505,1971.0,0.0005138364565795486,-0.00017002891213545966,7.116312704461003e-07,0.0005138366417106253,-0.00017002909726653628
3021,1505,1974.0,0.0005138317400398204,-0.00017012825091973204,7.577272696339399e-07,0.0005138319499024025,-0.00017012846078231407
3024,1506,1972.0,0.0005137803468524965,-0.00017012368238090384,4.064958687710618e-07,0.0005137804072552978,-0.00017012374278370515
3025,1506,1701.0,0.0005137880899805866,-0.00017026617012521955,3.761767806906291e-07,0.000513788141697595,-0.00017026622184222794
3026,1506,1702.0,0.0005137282964281578,-0.00017026617012521955,2.112914636101526e-07,0.0005137283127455711,-0.0001702661864426328
3027,1506,1967.0,0.0005137233667114119,-0.00017013612820549368,2.4485543057700676e-07,0.0005137233886289916,-0.00017013615012307344
3031,1507,1968.0,0.0005136975890350087,-0.00017000339408042813,7.219269682265383e-07,0.0005136977796075013,-0.00017000358465292073
3028,1507,1973.0,0.0005137487070561719,-0.0001699937873850614,8.364107261168985e-07,0.0005137489628478796,-0.00016999404317676913
3029,1507,1972.0,0.0005137589858987407,-0.00017009133295791605,8.132116803560852e-07,0.0005137592276596148,-0.00017009157471879012
3030,1507,1967.0,0.0005137024025498593,-0.00017010097923665505,6.869466192965801e-07,0.0005137025750758921,-0.00017010115176268784
3034,1508,1968.0,0.0005137175528672766,-0.0001699774431216071,1.020872383773741e-06,0.0005137179339508918,-0.00016997782420522228
3035,1508,1969.0,0.000513711310269338,-0.00016992229373673766,1.0955809262302996e-06,0.0005137117492094327,-0.0001699227326768323
3032,1508,1970.0,0.0005138040473445307,-0.00016991639105184357,1.1687306754742943e-06,0.0005138045467922279,-0.0001699168904995408
3033,1508,1973.0,0.0005138135609229835,-0.00016997159553744584,1.0962247707774209e-06,0.000513814000281737,-0.00016997203489619932
3039,1509,1966.0,0.0005139613749608543,-0.00016987054406681837,6.493142912927796e-08,0.0005139613765022019,-0.0001698705456081659
3038,1509,1971.0,0.0005139588114144167,-0.0001700894451151692,1.243362020564298e-07,0.0005139588170644169,-0.0001700894507651694
3037,1509,1696.0,0.0005139078958420126,-0.00017005638523701742,3.5119060902422117e-07,0.0005139079409228886,-0.00017005643031789343
3036,1509,1695.0,0.0005139078958420126,-0.0001698530864705949,3.069640257674644e-07,0.000513907930293711,-0.0001698531209222932
3040,1510,1966.0,0.0005139247774216885,-0.00016990981020194467,7.468859564152552e-07,0.000513924981359335,-0.0001699100141395912
3041,1510,1971.0,0.0005139219167955705,-0.00017002008726023135,8.059618178193895e-07,0.0005139221542331831,-0.00017002032469784392
3042,1510,1970.0,0.0005139840686976815,-0.00017003339824785143,6.833957576848904e-07,0.0005139842393912923,-0.00017003356894146224
3043,1510,1965.0,0.0005139876098239557,-0.0001699189626686038,6.209038210178153e-07,0.0005139877507501769,-0.00016991910359482498
3044,1511,1965.0,0.000513940107803118,-0.0001699230089779726,1.360876182014692e-06,0.0005139407848326668,-0.00016992368600752132
3045,1511,1970.0,0.00051394589057039,-0.00016990834196860401,1.2698837152588793e-06,0.0005139464800978007,-0.00016990893149601474
3046,1511,1969.0,0.0005138409052794571,-0.0001699067816539743,1.2774033989540468e-06,0.0005138415019023235,-0.00016990737827684077
3047,1511,1964.0,0.0005138344622669586,-0.00016992207137639793,1.3723266559448333e-06,0.0005138351508448592,-0.00016992275995429858
3048,1512,1967.0,0.0005137030929680056,-0.00016989675196212581,4.1377212483401093e-07,0.0005137031555804231,-0.00016989681457454334
3049,1512,1702.0,0.0005137118134268537,-0.00016998172713156312,3.392345331934554e-07,0.0005137118555071333,-0.00016998176921184275
3050,1512,1703.0,0.0005136186977885565,-0.00016998172713156312,2.4438361323486646e-07,0.000513618719630025,-0.00016998174897303158
3051,1512,1960.0,0.0005136141911383785,-0.00016989997698291378,3.2004752154035643e-07,0.0005136142286030044,-0.0001699000144475397
3055,1513,1961.0,0.0005135459895678415,-0.00016978194975579954,8.359209987957028e-07,0.000513546245215099,-0.00016978220540305708
3054,1513,1960.0,0.0005135521888913197,-0.00016988522904824927,7.319614696923993e-07,0.0005135523848739457,-0.00016988542503087523
3052,1513,1968.0,0.0005136697523951614,-0.0001697748693910439,9.59870066659374e-07,0.0005136700894195745,-0.0001697752064154571
3053,1513,1967.0,0.0005136817176174813,-0.0001698808897963339,8.584205098485787e-07,0.0005136819871193064,-0.00016988115929815906
3056,1514,1969.0,0.0005136804682954188,-0.00016967404579134834,1.466595939088322e-06,0.000513681255186091,-0.00016967483268202053
3057,1514,1968.0,0.0005136968574219122,-0.0001697563807183933,1.2655273212841545e-06,0.0005136974432549798,-0.00016975696655146085
3058,1514,1961.0,0.0005134589555051486,-0.00016976211974079405,1.1566924058292738e-06,0.0005134594450744884,-0.00016976260931013387
3059,1514,1962.0,0.0005134470713882427,-0.00016967913101794275,1.3611962337983785e-06,0.0005134477494669569,-0.00016967980909665691
3060,1515,1964.0,0.0005137897197005706,-0.00016969720083499502,2.0087860570922045e-06,0.0005137911956661626,-0.00016969867680058706
3061,1515,1969.0,0.0005138144021387611,-0.00016966454475603155,1.646924815176809e-06,0.00051381539425323,-0.00016966553687050047
3062,1515,1962.0,0.000513406385305018,-0.00016966250962125611,1.6615640852299385e-06,0.0005134073957415735,-0.0001696635200578116
3063,1515,1963.0,0.0005133897979347768,-0.00016969544167857163,2.025729404539489e-06,0.0005133912997863614,-0.00016969694353015624
3064,1516,1953.0,0.0005141247589050962,-0.00016998017867233888,2.5306712739606163e-06,0.0005141270992898952,-0.00016998251905713787
3065,1516,1964.0,0.0005141458581058855,-0.00016969884970565537,1.991998543317275e-06,0.0005141473087458239,-0.00016970030034559372
3066,1516,1963.0,0.0005135635510865252,-0.00016968380372796798,2.2743983268055934e-06,0.000513565443839341,-0.00016968569648078384
3067,1516,1952.0,0.0005135434898461966,-0.0001699730517921768,2.827363638602254e-06,0.0005135464136784898,-0.0001699759756244701
3070,1517,1964.0,0.0005141718914967799,-0.00016992427574061194,1.350258078458566e-06,0.0005141725577755832,-0.00016992494201941525
3071,1517,1953.0,0.0005141729275504325,-0.0001700337073736359,1.3287375480661168e-06,0.0005141735726559157,-0.00017003435247911898
3069,1517,1965.0,0.000514143826722345,-0.00016993073741760424,1.2301429490879645e-06,0.0005141443797506737,-0.00016993129044593297
3068,1517,1954.0,0.000514144876589219,-0.00017003729628478474,1.2093606600593887e-06,0.0005141454110053883,-0.00017003783070095404
3072,1518,1694.0,0.0005139348588164214,-0.0001695738103557722,2.5047013871987156e-07,0.0005139348817624683,-0.00016957383330181921
3073,1518,1695.0,0.0005139348588164214,-0.0001698530864705949,3.088787959154571e-07,0.000513934893697888,-0.00016985312135206157
3074,1518,1966.0,0.0005139984050875901,-0.00016987466369066122,9.550334571784003e-09,0.0005139984051209328,-0.00016987466372400396
3075,1518,1955.0,0.0005139998598974321,-0.00016958336115257226,-5.83296170669767e-08,0.0005139998611417372,-0.00016958336239687735
3076,1519,1955.0,0.0005139862640852269,-0.00016972279001924864,5.143593956244419e-07,0.0005139863608243109,-0.00016972288675833264
3077,1519,1966.0,0.0005139821377333001,-0.00016991396457487613,6.91726068355325e-07,0.0005139823126446754,-0.00016991413948625147
3078,1519,1965.0,0.0005141745375382215,-0.00016992890533516837,4.923744045468026e-07,0.0005141746261332013,-0.00016992899393014816
3079,1519,1954.0,0.0005141820453963483,-0.00016972938723903728,3.0372501151620934e-07,0.0005141820791174099,-0.00016972942096009878
3083,1520,1956.0,0.000513538369245059,-0.00016969528762508432,2.8330214747740445e-07,0.0005135383986127952,-0.00016969531699282054
3082,1520,1704.0,0.0005135405178289532,-0.00016972731384278764,2.1374325576140052e-07,0.000513540534545011,-0.00016972733055884543
3081,1520,1703.0,0.0005136176495098982,-0.00016972731384278764,2.4876494712083863e-07,0.0005136176721499996,-0.00016972733648288897
3080,1520,1960.0,0.0005136136065209546,-0.0001696946232606735,3.1892687737261616e-07,0.0005136136437348879,-0.00016969466047460683
3084,1521,1961.0,0.0005135458558478273,-0.0001695539058517131,8.254127775650377e-07,0.0005135461051913503,-0.00016955415519523615
3085,1521,1960.0,0.000513551544517786,-0.00016968656342129568,7.321558517167648e-07,0.0005135517406617185,-0.00016968675956522815
3086,1521,1956.0,0.0005134419267756943,-0.0001696893704576989,5.856865720188509e-07,0.0005134420523111144,-0.00016968949599311902
3087,1521,1957.0,0.0005134388918001109,-0.00016955864299513228,6.809718802805453e-07,0.0005134390615381271,-0.00016955881273314846
3088,1522,1962.0,0.0005134471194000456,-0.0001693566140010842,1.3420311867975987e-06,0.0005134477788303763,-0.0001693572734314149
3089,1522,1961.0,0.000513458686860889,-0.00016954292463509035,1.1489709874426546e-06,0.0005134591700710944,-0.0001695434078452958
3090,1522,1957.0,0.0005132343990316077,-0.00016954982630331414,9.362290362482928e-07,0.0005132347199691615,-0.00016955014724086796
3091,1522,1958.0,0.0005132281852338952,-0.00016936469467244562,1.1328985512898404e-06,0.0005132286553011496,-0.0001693651647397
3094,1523,1959.0,0.0005124033259167465,-0.00016915497367344192,2.3867376792718886e-06,0.0005124054154295912,-0.00016915706318628652
3095,1523,1951.0,0.0005123787075838673,-0.000169213222277329,3.4654095209182834e-06,0.000512383112340223,-0.00016921762703368468
3092,1523,1952.0,0.0005135205149085567,-0.00016921412165201973,3.4203098468882365e-06,0.0005135247985809467,-0.00016921840532440973
3093,1523,1963.0,0.0005135596504117559,-0.00016915692682895902,2.3603433762370285e-06,0.000513561690498518,-0.00016915896691572108
3098,1524,1958.0,0.000512887185551425,-0.00016935223959920495,1.4278726873998004e-06,0.0005128879326565113,-0.00016935298670429135
3099,1524,1959.0,0.00051287275969851,-0.00016917068091029078,1.898626595019104e-06,0.0005128740810131614,-0.00016917200222494217
3096,1524,1963.0,0.0005133848402586946,-0.00016916458214458912,2.10984132782005e-06,0.00051338647069733,-0.00016916621258322446
3097,1524,1962.0,0.0005134063968900079,-0.00016934425433734034,1.6467543746678803e-06,0.000513407389857214,-0.00016934524730454647
3102,1525,1947.0,0.0005132230662679704,-0.00016941989781667764,4.7350830132547594e-07,0.0005132231483790066,-0.00016941997992771381
3103,1525,1948.0,0.0005132228288729918,-0.00016916248216210976,4.85450230881812e-07,0.0005132229152105393,-0.00016916256849965728
3100,1525,1958.0,0.0005132395132136786,-0.00016915544192390073,7.57573396209521e-07,0.0005132397234721474,-0.00016915565218236962
3101,1525,1957.0,0.0005132400005409612,-0.0001694138715398468,7.49639142913483e-07,0.0005132402063402317,-0.00016941407733911715
3106,1526,1948.0,0.0005128083145600343,-0.00016915950132544827,5.897429426471312e-07,0.0005128084420575002,-0.00016915962882291415
3107,1526,1949.0,0.000512807050114153,-0.00016872527290223715,6.670311979428689e-07,0.000512807213323768,-0.00016872543611185225
3104,1526,1959.0,0.0005128956786635344,-0.00016871445707493827,1.1281634884063863e-06,0.0005128961454817045,-0.00016871492389310827
3105,1526,1958.0,0.00051289821081444,-0.00016914743612060645,1.057682423651063e-06,0.0005128986208645011,-0.00016914784617066752
3108,1527,1951.0,0.000512409342001259,-0.00016809727451922297,2.0992939205807803e-06,0.0005124109610246356,-0.00016809889354259944
3109,1527,1959.0,0.0005124205366971724,-0.00016870252883400085,1.6232253527426188e-06,0.0005124215037972964,-0.0001687034959341249
3110,1527,1949.0,0.0005118929896341037,-0.00016871788552723398,9.590285331567694e-07,0.0005118933274685788,-0.00016871822336170906
3111,1527,1950.0,0.0005118863379194455,-0.00016810280076031878,1.4486666760488154e-06,0.00051188710948793,-0.00016810357232880334
3112,1528,1957.0,0.0005134445417273661,-0.00016941960170258302,4.918983657481446e-07,0.0005134446303115938,-0.00016941969028681065
3113,1528,1956.0,0.0005134451849489047,-0.00016955120481978656,4.748800218473681e-07,0.0005134452674936338,-0.0001695512873645157
3114,1528,1946.0,0.0005134229190856612,-0.00016955300335420734,3.35330755184271e-07,0.0005134229602462297,-0.00016955304451477573
3115,1528,1947.0,0.0005134226072686168,-0.00016942259973064602,3.5423008538232326e-07,0.0005134226532083641,-0.0001694226456703933
3116,1529,1956.0,0.0005135416351075492,-0.00016955513486033476,1.7182001954552106e-07,0.0005135416459120647,-0.0001695551456648503
3117,1529,1704.0,0.0005135427388856459,-0.00016955370154942036,1.355411480760682e-07,0.0005135427456092216,-0.0001695537082729961
3118,1529,1705.0,0.0005135047992111327,-0.00016955370154942036,1.3704188033675235e-07,0.0005135048060848034,-0.00016955370842309104
3119,1529,1946.0,0.0005135042663870354,-0.00016955511577038053,1.7281555846071495e-07,0.0005135042773177164,-0.00016955512670106153
3123,1530,1759.0,0.0005118883071921349,-0.00016995474321267624,6.600787360436233e-06,0.0005119042820462336,-0.00016997071806677496
3122,1530,1951.0,0.0005119250194800251,-0.00016920303030614294,4.158388619029951e-06,0.0005119313663170049,-0.00016920937714312275
3121,1530,1952.0,0.0005144330589033214,-0.00016921432848565762,3.419406962461291e-06,0.0005144373345983157,-0.00016921860418065197
3120,1530,1758.0,0.0005143939626694669,-0.00016994157133353675,5.7834064465245305e-06,0.0005144061815267604,-0.0001699537901908304
3124,1531,1757.0,0.000514771528411298,-0.0001709287955414978,2.168204372016147e-06,0.0005147732423883386,-0.00017093050951853838
3125,1531,1953.0,0.0005147786159408752,-0.00016999657113177594,1.832550364559704e-06,0.0005147798419764009,-0.0001699977971673017
3126,1531,1952.0,0.000514443259475951,-0.00016997373333618813,2.818395295194065e-06,0.0005144461609667267,-0.0001699766348269638
3127,1531,1758.0,0.0005144378797360058,-0.00017093254138883626,3.1579625114699916e-06,0.0005144415174310336,-0.00017093617908386406
3128,1532,1756.0,0.0005142218934841222,-0.00016978268716558745,3.3342053725599063e-07,0.0005142219341158853,-0.00016978272779735046
3129,1532,1954.0,0.0005142129470072018,-0.0001700468392606495,8.962550549634907e-07,0.0005142132404895879,-0.0001700471327430356
3130,1532,1953.0,0.0005148056443731661,-0.00017005532572040866,6.339272453845246e-07,0.0005148057910685115,-0.0001700554724157541
3131,1532,1757.0,0.0005148185315184406,-0.00016978477552483855,5.569916911724038e-08,0.0005148185326513586,-0.00016978477665775647
3132,1533,1759.0,0.0005119180275391308,-0.00016757709539749668,4.596833209330464e-06,0.0005119258019267152,-0.00016758486978508117
3133,1533,1951.0,0.0005119452248163944,-0.00016809121678251846,2.8036237803702457e-06,0.0005119481144677501,-0.00016809410643387412
3134,1533,1950.0,0.0005100145791152172,-0.00016809593040263368,2.235973154345039e-06,0.0005100164223112329,-0.00016809777359864941
3135,1533,1760.0,0.0005100027256368656,-0.00016756656991757295,4.086945507165984e-06,0.0005100088884646997,-0.00016757273274540705
3138,1534,1954.0,0.0005142272571241405,-0.0001697387465790681,-2.180433431031581e-09,0.0005142272571258782,-0.00016973874658080586
3139,1534,1756.0,0.0005142316078114648,-0.00016933435621236848,-2.803071187038042e-07,0.000514231636547564,-0.00016933438494846768
3136,1534,1755.0,0.0005139472983310203,-0.00016933122713339184,1.408266617139442e-07,0.0005139473055872664,-0.0001693312343896379
3137,1534,1955.0,0.0005139444357394121,-0.00016972592295999114,4.102257742666371e-07,0.0005139444972768068,-0.00016972598449738576
3140,1535,1693.0,0.0005138599787002651,-0.00016918422238808826,1.6245639156836633e-07,0.0005138599883599909,-0.00016918423204781408
3141,1535,1694.0,0.0005138599787002651,-0.0001695738103557722,2.4816907331914884e-07,0.000513860001229107,-0.000169573832884614
3142,1535,1955.0,0.0005139505854920567,-0.0001695864659825581,-1.6087963909672265e-07,0.0005139505949583534,-0.0001695864754488547
3143,1535,1755.0,0.0005139515336641948,-0.00016918729424493945,-2.530105381037817e-07,0.0005139515570907399,-0.00016918731767148458
3144,1536,1949.0,0.0005128212018138956,-0.0001688522665643402,-2.6936245790115665e-07,0.000512821228423458,-0.00016885229317390262
3145,1536,1948.0,0.0005128138941754359,-0.0001692159321549098,2.2064531367271822e-07,0.000512813912020826,-0.0001692159500002999
3146,1536,1943.0,0.0005133240735045244,-0.00016922206240115923,-1.5410954462558024e-07,0.000513324082203479,-0.00016922207110011382
3147,1536,1944.0,0.0005133268470799007,-0.00016885769954809665,-6.41643194847219e-07,0.0005133269979576583,-0.00016885785042585415
3148,1537,1948.0,0.0005132284462811137,-0.00016921777407710313,1.1222729259102726e-07,0.0005132284508950176,-0.000169217778691007
3149,1537,1947.0,0.0005132258077542307,-0.00016940184721236798,2.906864908294726e-07,0.0005132258387003224,-0.0001694018781584597
3150,1537,1942.0,0.0005134096468527444,-0.0001694045606415943,1.0067065926711027e-07,0.0005134096505633371,-0.000169404564352187
3151,1537,1943.0,0.0005134106448224027,-0.00016922083000745847,-7.574283734934628e-08,0.0005134106469234549,-0.00016922083210851066
3154,1538,1941.0,0.0005134678177814364,-0.00016948563345117978,1.2830264052576812e-07,0.0005134678238073111,-0.0001694856394770544
3155,1538,1942.0,0.0005134680511867523,-0.00016940476977187055,8.66488875164717e-08,0.0005134680539354449,-0.00016940477252056304
3152,1538,1947.0,0.0005134253605862185,-0.00016940358922238035,1.698457148952004e-07,0.0005134253711480022,-0.00016940359978416395
3153,1538,1946.0,0.0005134247407777848,-0.0001694849392668272,2.1250572278253e-07,0.0005134247573095028,-0.00016948495579854526
3156,1539,1950.0,0.0005119210336031674,-0.00016809101693948084,-1.1483337208836875e-06,0.0005119215183995006,-0.00016809150173581402
3157,1539,1949.0,0.0005119054135262063,-0.00016884778076166622,3.088188411937143e-08,0.0005119054138764401,-0.0001688477811118999
3158,1539,1944.0,0.0005131434634321683,-0.00016885925304021762,-7.527870859724839e-07,0.0005131436711616283,-0.00016885946076967767
3159,1539,1945.0,0.0005131493023982914,-0.00016809722664714298,-1.933801366822696e-06,0.00051315067472829,-0.00016809859897714164
3162,1540,1706.0,0.000513499610530356,-0.00016947202891983912,5.772881029458832e-08,0.0005134996117502513,-0.0001694720301397344
3163,1540,1941.0,0.0005134995748819135,-0.0001694861624853591,6.412312431730571e-08,0.000513499576386987,-0.0001694861639904326
3160,1540,1946.0,0.0005135060873928468,-0.0001694862821556252,4.959987637276342e-08,0.0005135060882933502,-0.00016948628305612855
3161,1540,1705.0,0.0005135061822955367,-0.00016947202891983912,4.301947004875517e-08,0.0005135061829729648,-0.00016947202959726734
3164,1541,1760.0,0.0005100467043488641,-0.00016724403230763225,-2.7951384944796542e-06,0.0005100495881790697,-0.00016724691613783786
3165,1541,1950.0,0.0005100311707671445,-0.00016808474209520602,-3.5969358327253564e-07,0.0005100312184652823,-0.00016808478979334372
3166,1541,1945.0,0.0005126088738735893,-0.00016809170725098888,-1.2313455826432063e-06,0.0005126094307302843,-0.00016809226410768386
3167,1541,1761.0,0.0005126176385788841,-0.00016723521561141735,-3.7100661557515346e-06,0.0005126227001478389,-0.00016724027718037206
3171,1542,1709.0,0.0005135018180286999,-0.00016943833447992103,1.918810166312568e-09,0.0005135018180300476,-0.0001694383344812688
3168,1542,1942.0,0.0005134683948177302,-0.0001694381364524399,2.6187719263937037e-08,0.0005134683950687882,-0.00016943813670349791
3169,1542,1941.0,0.0005134682097503035,-0.0001694621177271477,5.89876416254298e-08,0.0005134682110240578,-0.000169462119000902
3170,1542,1708.0,0.0005135018180286999,-0.00016946223907440242,3.447841640663585e-08,0.0005135018184638477,-0.0001694622395095502
3174,1543,1709.0,0.0005135085787306426,-0.00016943835129983997,-1.1087614160132375e-10,0.0005135085787306471,-0.00016943835129984447
3175,1543,1710.0,0.0005135085787306426,-0.00016939830572282343,-9.531602909729209e-08,0.0005135085820565519,-0.00016939830904873275
3172,1543,1943.0,0.0005134105322748828,-0.00016939793461873262,-5.495760205947997e-08,0.0005134105333807338,-0.00016939793572458376
3173,1543,1942.0,0.0005134099899959665,-0.00016943801664550903,4.056230284293916e-08,0.0005134099905983335,-0.00016943801724787603
3176,1544,1944.0,0.0005133259333451184,-0.0001693423882181313,-4.789452855633036e-07,0.0005133260173495138,-0.00016934247222252666
3177,1544,1943.0,0.0005133239570412965,-0.00016939862732127334,-1.3271649476620517e-07,0.000513323963491086,-0.00016939863377106283
3178,1544,1710.0,0.0005136838536971,-0.00016939915385475444,-1.8799149098525092e-07,0.0005136838666313993,-0.00016939916678905363
3179,1544,1711.0,0.0005136838536971,-0.0001693428104571509,-5.345404454695779e-07,0.0005136839582806613,-0.0001693429150407122
3180,1545,1941.0,0.0005134999660354744,-0.0001694624346425884,-5.297135355353255e-09,0.0005134999660457457,-0.0001694624346528597
3181,1545,1706.0,0.0005134999183462469,-0.0001694553084352695,3.1099817859869816e-09,0.0005134999183497874,-0.00016945530843881003
3182,1545,1707.0,0.0005135085620222857,-0.0001694553084352695,1.0401812071403338e-08,0.0005135085620618916,-0.00016945530847487547
3183,1545,1708.0,0.0005135085620222857,-0.00016946239897980254,1.9967385453401043e-09,0.0005135085620237451,-0.00016946239898126198
3184,1546,1761.0,0.0005126216637794528,-0.0001691664032469184,-4.840191744494293e-06,0.0005126302541178882,-0.00016917499358535377
3185,1546,1945.0,0.0005126084953780002,-0.00016937572526904755,-1.1198894778671753e-06,0.0005126089551216275,-0.00016937618501267478
3186,1546,1712.0,0.0005165095727558272,-0.00016937649152571244,-1.3258104567953621e-06,0.0005165102134496017,-0.0001693771322194869
3187,1546,1713.0,0.0005165095727558272,-0.0001691661408056641,-5.063651172636241e-06,0.0005165189212762399,-0.00016917548932607676
3190,1547,1711.0,0.0005144323995842984,-0.0001693429127923897,-5.43212698302098e-07,0.0005144325074706112,-0.00016934302067870253
3191,1547,1712.0,0.0005144323995842984,-0.00016937805838341917,-1.7819743946892452e-06,0.0005144335605154144,-0.0001693792193145351
3188,1547,1945.0,0.0005131487837161386,-0.00016937818549486207,-1.8228728110997183e-06,0.0005131500008326445,-0.000169379402611368
3189,1547,1944.0,0.0005131426637767014,-0.00016934317830024324,-5.891627463255888e-07,0.0005131427909268397,-0.0001693433054503816
3195,1548,1649.0,0.0004999177023249125,-0.00010475234024194972,-0.00011526300212173768,0.0005053615870909079,-0.00011019622500794502
3194,1548,2010.0,0.0005030851709061299,-0.00012429319285608764,-9.637733452678987e-05,0.0005067649391160177,-0.0001279729610659755
3192,1548,1648.0,0.00047237749567415055,-0.00010475234024194972,-9.050134680893551e-05,0.00047590389104070787,-0.000108278735608507
3193,1548,2011.0,0.000464903893576063,-0.00013305924215385696,-5.2298489867687314e-05,0.00046604523542244077,-0.00013420058400023476
3196,1549,2011.0,0.0004754217715052661,-0.00012974142216829357,-6.797733355161373e-05,0.0004773247427725076,-0.00013164439343553506
3197,1549,2008.0,0.000488460557126584,-0.00012903787914968784,-5.698989453885653e-05,0.0004897726905316511,-0.00013035001255475498
3198,1549,2009.0,0.0005009119195662701,-0.0001292700715296154,-5.944637551080767e-05,0.0005023107395981287,-0.00013066889156147397
3199,1549,2010.0,0.0004973816421592545,-0.00013013291585141547,-7.205170560584812e-05,0.0004994431279526717,-0.0001321944016448327
3200,1550,1647.0,0.0004731708631200964,-0.000105382028945934,-4.3838370163473694e-05,0.0004740001097305373,-0.00010621127555637485
3201,1550,2008.0,0.00047501388693634364,-0.0001132698188594563,-4.6979973572018954e-05,0.0004759503441620729,-0.00011420627608518558
3202,1550,2011.0,0.0004670731229503462,-0.00012177066820342585,-6.411629710963845e-05,0.000468813307126844,-0.0001235108523799236
3203,1550,1648.0,0.00046426450618867326,-0.000105382028945934,-5.617511605406078e-05,0.000465646068531065,-0.00010676359128832571
3204,1551,1646.0,0.0004699229231562817,-0.00010224582025760584,-8.655612528125217e-06,0.00046995565621942335,-0.00010227855332074748
3205,1551,1665.0,0.0004699229231562817,-0.00011892724240641475,-1.0539400972078838e-05,0.00046997007864879234,-0.00011897439789892539
3206,1551,2008.0,0.00046833386068716003,-0.00011869443170693463,-2.4584659533068154e-05,0.00046859114841259414,-0.00011895171943236877
3207,1551,1647.0,0.00046773268081319597,-0.00010224582025760584,-2.805076130428172e-05,0.0004680775926614237,-0.00010259073210583354
3211,1552,697.0,0.0005036516773254916,-0.00013714246274327044,-8.309622900484412e-05,0.0005063343626230138,-0.0001398251480407926
3210,1552,2007.0,0.0005034296635218899,-0.00014290558479468113,-8.580893521580035e-05,0.0005062652703979429,-0.00014574119167073404
3209,1552,2010.0,0.0005060616198424676,-0.00014319970352371888,-7.870989762676431e-05,0.000508438417555803,-0.0001455765012370542
3208,1552,1649.0,0.0005063840332164213,-0.00013714246274327044,-7.56148726667738e-05,0.0005085976208169034,-0.00013935605034375256
3212,1553,2010.0,0.0005028369614615488,-0.00014408289723567895,-5.693839934234682e-05,0.0005040873972448898,-0.00014533333301901993
3213,1553,2009.0,0.000503047797200739,-0.00014274767319157392,-5.581889828634376e-05,0.0005042517200476763,-0.0001439515960385112
3214,1553,2006.0,0.0005038588645625217,-0.00014304060291847032,-5.451359999548988e-05,0.0005050052851475426,-0.0001441870235034913
3215,1553,2007.0,0.0005037525063948389,-0.0001441504932202219,-5.5319538267126905e-05,0.0005049311913688363,-0.00014532917819421926
3216,1554,1665.0,0.00048176295198807187,-0.00011892724240641475,-1.0735291655114554e-05,0.0004818109123540013,-0.00011897520277234417
3217,1554,1666.0,0.00048176295198807187,-0.0001357227851447123,-4.334975064034657e-06,0.00048177056017079497,-0.00013573039332743538
3218,1554,2003.0,0.0004890523175374271,-0.0001347464220074286,-2.3835601708769444e-05,0.0004892799264798205,-0.00013497403094982197
3219,1554,2008.0,0.0004886105529344868,-0.00011862994436410546,-2.8817878311306055e-05,0.0004889522639404274,-0.00011897165537004599
3220,1555,2008.0,0.00048790820392574305,-0.00013362708174456661,-3.966089666657645e-05,0.000488540263265169,-0.0001342591410839925
3221,1555,2003.0,0.0004887316190069803,-0.00014097705175235113,-2.8742221235913273e-05,0.0004890594235524134,-0.00014130485629778423
3222,1555,2004.0,0.0005023757668053408,-0.0001394989194772972,-3.9804821333179474e-05,0.0005029922825631964,-0.00014011543523515283
3223,1555,2009.0,0.0005003663310577423,-0.0001314905469929175,-5.0987434989508557e-05,0.0005013932646271736,-0.00013251748056234883
3226,1556,2005.0,0.0005096059294722038,-0.0001491976624657369,-4.654803582911787e-05,0.0005104271234622464,-0.00015001885645577948
3227,1556,2006.0,0.0005089497993696901,-0.00014355522706531405,-5.295234789080491e-05,0.0005100223389170559,-0.00014462776661267992
3224,1556,2009.0,0.0005015942426474448,-0.00014474954159412004,-4.550173756354137e-05,0.0005023940682540776,-0.0001455493672007528
3225,1556,2004.0,0.0005025696883709137,-0.00014967367807414606,-4.02403353453179e-05,0.0005031897585486372,-0.00015029374825186958
3231,1557,698.0,0.0005392962854666242,-0.00021233361896530267,-6.852726270482196e-05,0.0005408549872628889,-0.00021389232076156732
3230,1557,2002.0,0.0005419880869238294,-0.00014768387618327547,-2.8817182149466075e-05,0.0005422889791910278,-0.0001479847684504738
3228,1557,697.0,0.000497885633400006,-0.00021233361896530267,-0.00014569272572833095,0.0005052804060735893,-0.00021972839163888593
3229,1557,2007.0,0.0005018371413749376,-0.00014252508380550573,-0.00010086682908809486,0.0005057606111083086,-0.00014644855353887671
3232,1558,2007.0,0.0005011457674806499,-0.00014461989261961848,-7.043809140752644e-05,0.0005030608794213289,-0.00014653500456029742
3233,1558,2006.0,0.0005041946164832702,-0.0001536591239996633,-5.4417539614378535e-05,0.0005053180501672313,-0.00015478255768362444
3234,1558,2001.0,0.0005232924463934169,-0.0001529766039952146,-6.556097202139663e-05,0.0005248776842266338,-0.0001545618418284315
3235,1558,2002.0,0.000521936783499044,-0.00014388310253673684,-8.255734113208485e-05,0.0005244861655920751,-0.0001464324846297679
3236,1559,2006.0,0.0005091961982168353,-0.00015389834157967185,-5.132508818032552e-05,0.0005101878859553749,-0.00015489002931821152
3237,1559,2005.0,0.000510060063812233,-0.00015821068776389238,-4.2598390576572415e-05,0.0005107382257925204,-0.0001588888497441798
3238,1559,2000.0,0.000520362890412223,-0.00015784475929969146,-4.82374042018556e-05,0.0005212195277029293,-0.0001587013965903977
3239,1559,2001.0,0.0005198211498468192,-0.00015354955529378687,-5.707986384329011e-05,0.0005210286121594038,-0.0001547570176063715
3242,1560,1996.0,0.0004991380392343932,-0.00014624229601611663,-1.4481883922463218e-05,0.000499219269850217,-0.0001463235266319405
3240,1560,1666.0,0.0004956629625051459,-0.0001357227851447123,-5.044461648073123e-06,0.0004956730380363676,-0.000135732860675934
3241,1560,1667.0,0.0004956629625051459,-0.0001469803499847721,-1.8865664326572773e-06,0.0004956643470699455,-0.0001469817345495717
3243,1560,2003.0,0.0004989655202462424,-0.00013512185191468656,-1.698630288768377e-05,0.0004990792595950687,-0.00013523559126351286
3247,1561,2004.0,0.0005054700823415789,-0.0001406570271246457,-3.3463157346969724e-05,0.0005059030594626762,-0.00014109000424574305
3246,1561,1997.0,0.0005058533379328559,-0.00014978308918013248,-2.730340175884083e-05,0.000506137471329675,-0.0001500672225769516
3244,1561,2003.0,0.0004986543379664234,-0.000142227408205575,-2.300596769458374e-05,0.0004988607349163759,-0.00014243380515552745
3245,1561,1996.0,0.0004989828796427634,-0.0001503395204599566,-1.7514023615775726e-05,0.0004991009586019226,-0.0001504575994191158
3248,1562,2004.0,0.000505554810962372,-0.00015033482828916524,-3.254067468775115e-05,0.0005059581732969446,-0.00015073819062373796
3249,1562,1997.0,0.0005058853855644287,-0.00015608441177974698,-2.7105925272639247e-05,0.000506162748469469,-0.00015636177468478736
3250,1562,1998.0,0.0005124879407186027,-0.00015569610110541108,-3.408074533672867e-05,0.0005129222307863835,-0.00015613039117319183
3251,1562,2005.0,0.0005121594246090648,-0.0001497868442294104,-3.9677634739807705e-05,0.0005127534694792301,-0.0001503808890995758
3252,1563,2005.0,0.0005124275977579085,-0.00015877020495316363,-3.533944697278746e-05,0.0005128924429135492,-0.0001592350501088043
3253,1563,1998.0,0.0005127325155731867,-0.00016227961524817249,-3.0035064962029984e-05,0.000513066457371269,-0.00016261355704625475
3254,1563,1999.0,0.0005189558028519219,-0.00016209088338176535,-3.4302452617707146e-05,0.0005193874593631363,-0.00016252253989297984
3255,1563,2000.0,0.0005186603745511199,-0.0001584709469700013,-3.9786076772768686e-05,0.0005192442967513484,-0.00015905486917022982
3259,1564,1993.0,0.0005218111480670348,-0.00016693256114318049,-2.8341191419003348e-05,0.000522102578461829,-0.00016722399153797465
3258,1564,1992.0,0.0005218843246330568,-0.0001674331820386083,-2.607873658732468e-05,0.0005221308936343955,-0.00016767975103994704
3257,1564,1999.0,0.0005194321331292925,-0.00016745592710933196,-2.543643853391772e-05,0.00051966753929606,-0.0001676913332760994
3256,1564,2000.0,0.000519314259393857,-0.00016695868546817867,-2.7673692479433798e-05,0.0005195931288249409,-0.0001672375548992626
3260,1565,2001.0,0.0005207499823846398,-0.0001638294905397012,-4.209277660102359e-05,0.0005213964122097801,-0.00016447592036484144
3261,1565,2000.0,0.0005211129550272801,-0.0001665586737263035,-3.615937169330202e-05,0.0005215879628569145,-0.0001670336815559379
3262,1565,1993.0,0.000527752187690498,-0.0001664171255840439,-3.944796647885329e-05,0.0005283121691362002,-0.0001669771070297462
3263,1565,1994.0,0.0005275105839347705,-0.00016367598554427505,-4.5462415972516435e-05,0.0005282573434776947,-0.00016442274508719936
3264,1566,698.0,0.0005445887808770457,-0.00011547090596368472,7.20196972728987e-06,0.0005446084256248323,-0.00011549055071147132
3265,1566,2002.0,0.0005437569707140537,-0.00016685072705809132,-7.505464155378727e-06,0.0005437767884072058,-0.00016687054475124342
3266,1566,1995.0,0.0005325826449430818,-0.0001652842866971193,-6.073074467189549e-05,0.0005339014016802807,-0.00016660304343431818
3267,1566,699.0,0.0005329884367641959,-0.00011547090596368472,-4.8391829938539827e-05,0.0005338900036625438,-0.00011637247286203268
3270,1567,1994.0,0.0005366126185328314,-0.00016350145045763845,-4.9365468618237096e-05,0.000537481736913914,-0.00016437056883872114
3271,1567,1995.0,0.0005361774755311792,-0.00016529332162469287,-6.052701771260688e-05,0.0005374807108898031,-0.0001665965569833167
3268,1567,2002.0,0.0005236228408689904,-0.0001652339925641423,-6.218807692867992e-05,0.0005250235343642489,-0.00016663468605940084
3269,1567,2001.0,0.0005244916254645154,-0.00016340213711406478,-5.0708976879431517e-05,0.0005254248787621115,-0.00016433539041166084
3272,1568,1667.0,0.0005043598472413008,-0.0001469803499847721,-2.404698765268859e-06,0.0005043620667252479,-0.00014698256946871913
3273,1568,1668.0,0.0005043598472413008,-0.00015493006789935967,-8.021112259323782e-07,0.0005043600912091539,-0.00015493031186721278
3274,1568,1987.0,0.0005061108058149293,-0.00015469392560188162,-9.535435328996561e-06,0.0005061452031905355,-0.00015472832297748783
3275,1568,1996.0,0.0005060831842136904,-0.00014647104592008275,-1.1056071309578641e-05,0.0005061300109509119,-0.0001465178726573043
3276,1569,1996.0,0.0005060363591713156,-0.00015057662408533785,-1.3934592733480522e-05,0.0005061102805763526,-0.00015065054549037485
3277,1569,1987.0,0.0005060963520348259,-0.00015731758187729607,-1.0446567768735565e-05,0.0005061374741791032,-0.00015735870402157337
3278,1569,1988.0,0.0005100854561736132,-0.00015711543196084748,-1.8023360810470734e-05,0.0005102071520155884,-0.00015723712780282275
3279,1569,1997.0,0.0005099735413284442,-0.00015013942098827224,-2.153971398203766e-05,0.0005101492066583477,-0.00015031508631817563
3282,1570,1989.0,0.0005145511005394503,-0.00016113938841613463,-2.2801489349411064e-05,0.0005147434075191803,-0.00016133169539586463
3283,1570,1998.0,0.0005143957533000031,-0.00015613478229329594,-2.6753482374495402e-05,0.0005146625063233488,-0.00015640153531664168
3280,1570,1997.0,0.0005099903967279648,-0.00015644880618172625,-2.1168075941522396e-05,0.0005101584444947013,-0.0001566168539484627
3281,1570,1988.0,0.0005101105356828464,-0.00016128404273426224,-1.731362144703763e-05,0.000510222136103311,-0.0001613956431547268
3284,1571,1998.0,0.0005145622263901771,-0.00016263889908005156,-2.2561270242988513e-05,0.0005147500840789025,-0.000162826756768777
3285,1571,1989.0,0.0005146659615217382,-0.00016541662510909506,-1.9901105223821963e-05,0.000514811520769591,-0.00016556218435694785
3286,1571,1990.0,0.0005176770921106882,-0.00016533545619782319,-2.3007530514023572e-05,0.0005178707914738592,-0.00016552915556099413
3287,1571,1999.0,0.0005175841887246312,-0.0001624946042412495,-2.574140258137375e-05,0.0005178276835427323,-0.00016273809905935062
3288,1572,1999.0,0.0005178847156176447,-0.00016781900092196242,-1.6770770003560198e-05,0.0005179872441118619,-0.00016792152941617964
3289,1572,1990.0,0.000517871143238105,-0.00016808616847026532,-1.719258202845242e-05,0.0005179788534650349,-0.00016819387869719516
3290,1572,1991.0,0.0005174242808457345,-0.00016808134203090278,-1.747417048430025e-05,0.0005175356209418103,-0.0001681926821269786
3291,1572,1992.0,0.0005174357150765051,-0.00016780673994184851,-1.704224793521933e-05,0.0005175416605396015,-0.00016791268540494492
3295,1573,1985.0,0.0005239011328009129,-0.00017062968843022282,-1.6891747081887454e-05,0.0005240038240454158,-0.00017073237967472579
3292,1573,1994.0,0.000528659484957051,-0.00017064129171399586,-1.6622323200595618e-05,0.0005287582488296903,-0.00017074005558663518
3293,1573,1993.0,0.000528484051749302,-0.0001710202104093744,-2.1083027669576565e-05,0.0005286428760692876,-0.00017117903472936005
3294,1573,1984.0,0.0005238162255435663,-0.00017100656795059478,-2.132081077987208e-05,0.0005239797456602249,-0.00017117008806725342
3298,1574,1983.0,0.0005179712435567502,-0.00016996496188818714,-1.2350649262363872e-05,0.0005180266724782597,-0.00017002039080969662
3299,1574,1984.0,0.0005180501951692756,-0.00017144674355049874,-8.28652513578873e-06,0.0005180750915885501,-0.00017147163996977322
3297,1574,1992.0,0.0005222741076671977,-0.00016992392121060323,-1.4021873595566892e-05,0.0005223451107491114,-0.0001699949242925169
3296,1574,1993.0,0.0005224043930169044,-0.0001713926857098071,-1.0012288704216998e-05,0.0005224405133428103,-0.00017142880603571305
3300,1575,1992.0,0.0005177607543335946,-0.00017015747128534375,-5.037611160271099e-06,0.0005177699767909457,-0.00017016669374269482
3301,1575,1991.0,0.0005176474520932166,-0.00016841629213866244,-9.197362734979925e-06,0.0005176782756433696,-0.00016844711568881542
3302,1575,1982.0,0.0005131956992534929,-0.0001684409952435158,-7.295050076464721e-06,0.0005132152170671126,-0.0001684605130571354
3303,1575,1983.0,0.0005132594260375614,-0.00017020655432327609,-3.0558773074680634e-06,0.0005132628418401456,-0.00017020997012586023
3304,1576,699.0,0.000535591678320034,-0.00011148256935327372,1.844481539478235e-05,0.0005357230937395631,-0.00011161398477280274
3305,1576,1995.0,0.000534640112936538,-0.00015528322122024295,-7.639121495314066e-06,0.0005346612581804534,-0.00015530436646415843
3306,1576,1986.0,0.0005096552615075564,-0.00015453847474640144,-5.212315140322096e-05,0.0005106762937519007,-0.0001555595069907457
3307,1576,700.0,0.0005101112720227279,-0.00011148256935327372,-2.7344172640362402e-05,0.0005104118470711761,-0.00011178314440172198
3311,1577,1986.0,0.0005251773739854415,-0.00015502037177699945,-2.332854001725268e-05,0.0005253773382017208,-0.0001552203359932788
3308,1577,1995.0,0.000538246879326864,-0.00015528837919184986,-7.387990027730995e-06,0.0005382665541911114,-0.00015530805405609732
3309,1577,1994.0,0.0005377627779046788,-0.0001705427910068968,-2.032560368529779e-05,0.0005379085642604039,-0.0001706885773626219
3310,1577,1985.0,0.0005249444452106664,-0.00017008940747184013,-3.580568952497171e-05,0.0005254052853204634,-0.00017055024758163716
3312,1578,1990.0,0.0005174083088490197,-0.00016820855473016717,-9.855279422894131e-06,0.0005174437227664277,-0.00016824396864757512
3313,1578,1751.0,0.000517351653855521,-0.00016917020382351856,-1.2835942495955516e-05,0.0005174116472195713,-0.00016923019718756877
3314,1578,1750.0,0.0005142629115793308,-0.00016917227156917891,-1.3845017750813149e-05,0.0005143330224176106,-0.00016924238240745868
3315,1578,1991.0,0.0005143070995663641,-0.00016819174437779306,-1.0810249637966535e-05,0.0005143499033636203,-0.0001682345481750492
3319,1579,1990.0,0.0005172954141804964,-0.00016553103538939813,-1.5706897110525503e-05,0.0005173857277553545,-0.00016562134896425627
3318,1579,1751.0,0.0005173166046901628,-0.000168370797390524,-1.4653239059522066e-05,0.0005173948812143584,-0.00016844907391471965
3316,1579,1989.0,0.0005161582427726692,-0.00016560922544361331,-1.2761784103705598e-05,0.0005162179584665257,-0.0001656689411374698
3317,1579,1752.0,0.0005161788729523033,-0.0001683684913447339,-1.1738096507150214e-05,0.000516229188237368,-0.00016841880662979859
3320,1580,1988.0,0.0005131834744775896,-0.0001614266192382762,-1.2105324898304543e-05,0.00051323777513882,-0.00016148091989950675
3321,1580,1753.0,0.0005132256222125896,-0.00016480258934487853,-9.390234288916138e-06,0.000513258132759627,-0.00016483509989191595
3323,1580,1989.0,0.0005160995545467548,-0.00016133073094354398,-1.574237631693509e-05,0.0005161909989983317,-0.00016142217539512089
3322,1580,1752.0,0.0005161537005100685,-0.0001647787285734303,-1.298290230975288e-05,0.0005162155790568111,-0.0001648406071201729
3324,1581,1991.0,0.0005144281889733412,-0.00016850499326638525,-2.5378936505116023e-06,0.0005144305467742623,-0.00016850735106730628
3325,1581,1750.0,0.0005143552217015922,-0.00016733363695364681,-7.508357942494909e-06,0.0005143758959903721,-0.00016735431124242678
3326,1581,1749.0,0.0005090648644879223,-0.00016729441950850423,-6.4328849422971845e-06,0.0005090801600097876,-0.00016730971503036964
3327,1581,1982.0,0.0005091183130287447,-0.00016852171167672301,-1.2196633682425018e-06,0.0005091188618369145,-0.00016852226048489282
3331,1582,1988.0,0.0005131707433758091,-0.00015725697034406247,-1.2877453844213627e-05,0.0005132325746223792,-0.00015731880159063248
3329,1582,1754.0,0.000510859602663085,-0.00016209839220664068,-5.6722329211181255e-06,0.0005108715549896508,-0.00016211034453320652
3328,1582,1987.0,0.000510840855013666,-0.00015739177016603465,-7.833950017074182e-06,0.0005108638143327849,-0.00015741472948515358
3330,1582,1753.0,0.0005132050074195364,-0.00016206460654394787,-1.0701649914020284e-05,0.0005132474046037238,-0.0001621070037281352
3333,1583,1669.0,0.0005098657242373246,-0.00016059601327911107,-1.871326357760772e-08,0.0005098657243679011,-0.00016059601340968758
3334,1583,1754.0,0.0005108563527654597,-0.00016055522349521826,-6.0407731608848325e-06,0.0005108699398866951,-0.0001605688106164536
3335,1583,1987.0,0.0005108482375289006,-0.00015476786600611742,-6.9445785563712614e-06,0.0005108663507696679,-0.0001547859792468847
3332,1583,1668.0,0.0005098657242373246,-0.00015493006789935967,-9.518018024533281e-07,0.0005098660649157019,-0.00015493040857773703
3336,1584,1984.0,0.0005183539395082343,-0.00017053989368357998,7.476526180851678e-06,0.0005183742244908824,-0.00017056017866622813
3337,1584,1983.0,0.000518152529610915,-0.00016892041547391257,-2.932957788706614e-06,0.0005181556596287188,-0.00016892354549171627
3338,1584,1978.0,0.0005073105446445,-0.0001689509536436588,-1.0543608594190679e-06,0.0005073109556083613,-0.0001689513646075201
3339,1584,1979.0,0.0005073901257122912,-0.00017057443392234895,9.399821395302682e-06,0.0005074227057325802,-0.00017060701394263803
3340,1585,1985.0,0.0005244036785356718,-0.00016910892591082832,9.309189566854281e-06,0.000524434917011536,-0.00016914016438669254
3341,1585,1984.0,0.0005241201171998534,-0.00017027910588038298,-5.480676688759262e-06,0.0005241309313497635,-0.00017028992003029306
3343,1585,1980.0,0.0005090086118382971,-0.00016908731561193118,8.361989435747008e-06,0.0005090343899791334,-0.00016911309375276746
3342,1585,1979.0,0.0005088971516982801,-0.00017025460581657301,-6.3777712324339375e-06,0.0005089121244450598,-0.00017026957856335257
3344,1586,1986.0,0.0005257073037227486,-0.00015636268880155177,4.377090498244168e-06,0.000525714325994726,-0.00015636971107352922
3345,1586,1985.0,0.000525444790841198,-0.00016877433031352936,-9.597417212257875e-06,0.0005254779597692887,-0.00016880749924162003
3346,1586,1980.0,0.0005113894389577288,-0.00016854937349680384,-2.2047408091752096e-05,0.0005115681169840874,-0.0001687280515231624
3347,1586,1981.0,0.0005114921340297757,-0.0001562277344203096,-8.316910961540108e-06,0.0005115180312392749,-0.00015625363162980892
3350,1587,1977.0,0.0005064482929026601,-0.00016737054039284117,1.642967269004092e-06,0.0005064492944097795,-0.0001673715418999606
3351,1587,1978.0,0.0005064968243248084,-0.00016911992706052656,8.26567802759623e-06,0.0005065221045138964,-0.0001691452072496145
3348,1587,1983.0,0.0005133992591881548,-0.00016908688220470115,6.320577362394636e-06,0.0005134138927606207,-0.00016910151577716708
3349,1587,1982.0,0.0005133014502257845,-0.00016736087152471294,-2.0047563423913894e-07,0.000513301464987318,-0.00016736088628624657
3352,1588,1982.0,0.0005091903762982977,-0.00016739306666862836,5.837654876657966e-06,0.0005092029680859777,-0.00016740565845630833
3353,1588,1749.0,0.0005091582878350778,-0.0001660810291907492,2.7137189432396847e-06,0.0005091610143649841,-0.00016608375572065546
3355,1588,1977.0,0.0005058919869498982,-0.00016740044838918651,7.234687803347323e-06,0.0005059114210004443,-0.0001674198824397326
3354,1588,1748.0,0.0005058800971185391,-0.00016607061913636516,4.059760986056121e-06,0.0005058862290819633,-0.00016607675109978943
3356,1589,700.0,0.0005101716734342322,-0.0001182351815896506,-2.4299106111271007e-05,0.000510406483895511,-0.00011846999205092948
3357,1589,1986.0,0.0005101812630301482,-0.0001560573837830388,-2.4515106242524454e-05,0.000510406702947335,-0.0001562828237002257
3358,1589,1981.0,0.0005106922987704703,-0.0001556542932573241,-6.288189005277528e-05,0.0005121725223868263,-0.00015713451687368016
3359,1589,701.0,0.0005106885596283563,-0.0001182351815896506,-6.309969033101506e-05,0.0005122672889379094,-0.0001198139108992037
3360,1590,1979.0,0.0005074139578681268,-0.00016521000999012987,1.2575021570628009e-05,0.0005074727267196492,-0.00016526877884165235
3361,1590,1978.0,0.0005073117843320749,-0.00016566610962250256,-8.663408272435724e-07,0.0005073120631473691,-0.00016566638843779676
3362,1590,1744.0,0.0004934835308048162,-0.00016566056696105014,-1.1723883723627204e-06,0.0004934840521223146,-0.00016566108827854853
3363,1590,1745.0,0.0004934835308048162,-0.00016520329817778807,1.229995238218387e-05,0.0004935409464216676,-0.00016526071379463947
3366,1591,1745.0,0.0004864299842478638,-0.00016496538748321824,-4.359652486029403e-06,0.00048643727872591284,-0.0001649726819612673
3365,1591,1979.0,0.000508920937658728,-0.00016498646248050202,-3.1942817526331435e-06,0.0005089247228147462,-0.0001649902476365203
3367,1591,1746.0,0.0004864299842478638,-0.00016351392454329056,1.7628724263470813e-05,0.0004865495002471133,-0.00016363344054254005
3364,1591,1980.0,0.0005090875365241186,-0.00016353302833789062,1.8834954238274026e-05,0.0005092193664157416,-0.0001636648582295136
3368,1592,1981.0,0.0005117047109173822,-0.00016015498483312436,1.9883326749563224e-05,0.0005118517878140452,-0.00016030206172978738
3369,1592,1980.0,0.0005114680749169175,-0.0001631451299571559,-1.1564005451485115e-05,0.0005115176279048821,-0.0001631946829451205
3370,1592,1746.0,0.00047960483950843305,-0.0001631064039013634,-1.4188877238068692e-05,0.00047968314050097024,-0.0001631847048939006
3371,1592,1747.0,0.00047960483950843305,-0.0001601315628785903,1.707510062461115e-05,0.00047971875640921116,-0.0001602454797793684
3374,1593,1743.0,0.0004987031090166287,-0.00016607980038876456,7.115573910990158e-07,0.0004987032994223118,-0.00016607999079444765
3375,1593,1744.0,0.0004987031090166287,-0.00016577222127395642,8.220786069428054e-06,0.0004987285346173523,-0.00016579764687467999
3372,1593,1978.0,0.0005064979790304694,-0.00016577599172159585,8.448013482809796e-06,0.0005065245181044261,-0.00016580253079555258
3373,1593,1977.0,0.0005064433689490264,-0.00016608182542154687,9.791604813763621e-07,0.0005064437253500758,-0.00016608218182259627
3376,1594,701.0,0.0005110727500897104,-0.0001477715337404688,-1.2102992521748762e-05,0.00051112832850017,-0.00014782711215092842
3377,1594,1981.0,0.000510904034894101,-0.00015973649054807802,-3.468496459775941e-05,0.0005113522047029732,-0.00016018466035695023
3378,1594,1747.0,0.00048826673517131033,-0.00015964414760728037,-4.6553506616357765e-05,0.0004891018959402409,-0.00016047930837621095
3379,1594,702.0,0.00048826673517131033,-0.0001477715337404688,-2.423487432479457e-05,0.0004884975059211533,-0.00014800230449031187
3380,1595,1977.0,0.0005058894717913306,-0.00016611749264917636,6.566813364812518e-06,0.0005059055140388947,-0.00016613353489674046
3381,1595,1748.0,0.0005058809844681426,-0.00016619039919028812,4.296632066282113e-06,0.0005058878516175746,-0.00016619726633972006
3382,1595,1742.0,0.0005035113381844925,-0.00016619098866448522,4.202169098119213e-06,0.0005035179299382525,-0.00016619758041824519
3383,1595,1743.0,0.0005035113381844925,-0.00016611700477328671,6.505620550944363e-06,0.0005035271387776733,-0.00016613280536646762
