,NID,U1,U2
0,1,0.0013954728582364381,-1.2162435823311386e-05
1,5,0.0013585669784192025,-4.214289689953187e-05
2,9,0.000987924560180013,1.689705692534896e-05
3,13,0.0009555707812691512,-6.842783890097302e-05
4,26,0.0016289104363965586,-4.827369731144634e-05
5,30,0.0016378797290045348,-0.00010748716991099159
6,46,0.0007976541080757092,-5.263118944110089e-05
7,51,0.003174209810992866,-0.00012334325584412775
8,67,0.0007461667478808741,-7.07580268294075e-05
9,68,0.0007018943059296962,-8.661111392560512e-05
10,69,0.0006651073655555558,-0.00010268985725710068
11,70,0.0006347065843142757,-0.00011802792847386385
12,71,0.0006119321123761352,-0.000132173409647367
13,72,0.0005949507959619302,-0.00014372072612873953
14,73,0.000592113424869027,-0.00015795375112722963
15,74,0.0005874075672449437,-0.00016650096410039574
16,75,0.0005784255248860248,-0.0001700185739528131
17,76,0.0005655389161442636,-0.0001707419796506253
18,77,0.0005492340824351879,-0.00016951969032807037
19,78,0.0005300600366673793,-0.0001670436542310322
20,79,0.0005084493159884046,-0.00016378198149412469
21,80,0.0004848076910127656,-0.00016009364294533528
22,81,0.0004594616548276462,-0.00015623669267065575
23,82,0.00043270540710029534,-0.0001523977428209897
24,83,0.00040478851050727757,-0.00014870723960813036
25,84,0.00037593123216817767,-0.00014525146212123182
26,85,0.0003463178576733163,-0.00014208331712869105
27,86,0.00031610421005378165,-0.0001392302889783994
28,87,0.0002854174850055923,-0.0001367024165712171
29,88,0.00025436272172709915,-0.00013449745613724093
30,89,0.00022302451993204674,-0.00013260546395251225
31,90,0.00019147104391180315,-0.0001310119331436671
32,91,0.0001597563998511182,-0.00012970047089112517
33,92,0.00012792369064651188,-0.00012865458112703396
34,93,9.600683967098841e-05,-0.00012785918184586947
35,94,6.403298442502525e-05,-0.0001273015154381969
36,95,3.202431529829662e-05,-0.0001269719517500648
37,96,0.0,-0.00012686425664072928
38,97,0.0,-0.00011643983376487885
39,98,0.0,-0.00010605682498863019
40,99,0.0,-9.568539987596007e-05
41,100,0.0,-8.529629046824534e-05
42,101,0.0,-7.486446256701997e-05
43,102,0.0,-6.437087376614738e-05
44,103,0.0,-5.380331928660848e-05
45,104,0.0,-4.315550044763842e-05
46,105,0.0,-3.244954262585443e-05
47,106,0.0,-2.16708743562131e-05
48,107,0.0,-1.0840795004276111e-05
49,108,0.0,0.0
50,159,0.0031743545886048254,0.0
51,2027,0.0011553062578938613,1.7593804257599527e-06
52,2048,0.0011886909801630398,-3.1705186698783775e-05
53,2159,0.0015073649854055056,-3.193709127925111e-05
54,3766,0.0008852279789196042,-2.914131936239386e-05
55,3822,0.0008166997974400413,-5.535547152742649e-05
56,3823,0.0008351109433005369,-5.825879446557217e-05
57,3824,0.0008539965636938116,-6.0499616462999874e-05
58,3825,0.0008731461285588198,-6.256881371114857e-05
59,3826,0.0008926743037463418,-6.44282612137476e-05
60,3827,0.0009123896554886269,-6.594620469458937e-05
61,3828,0.0009342825572681722,-6.728491027828611e-05
62,4813,0.001511295737505619,-8.692545299182969e-05
63,5782,0.0013726947754012328,-1.9376956290518885e-05
64,6396,0.0015757014852140422,-9.898612756132917e-05
65,6567,0.00144210655310689,-6.955974841175985e-05
66,6639,0.002953994838646656,-0.00012359354133866703
67,6642,0.0027329350794778077,-0.00012338304379702825
68,6646,0.0025121662557930453,-0.0001234737158520387
69,6649,0.002291623893326449,-0.0001236673804243185
70,6653,0.0020719064472510024,-0.00012360425882834082
71,6656,0.0018541967750150801,-0.00012099301109780351
72,6660,0.0031743996861239693,-1.780712421260108e-05
73,6661,0.003174515670435979,-3.579204093742007e-05
74,6662,0.0031760956546799148,-5.421187729507342e-05
75,6663,0.003178012998795986,-7.075968483720019e-05
76,6664,0.0031761262577786253,-8.726264455097275e-05
77,6665,0.003174570869787674,-0.00010557589623315817
78,7470,0.0031300914548680644,-0.00012380200011572268
79,7471,0.0030862210637136634,-0.00012417277213078732
80,7472,0.0030422997184215575,-0.00012412774112846779
81,7473,0.0029982340087873027,-0.00012385280028354143
82,7474,0.002909731962099065,-0.0001234629868626228
83,7475,0.00286549814425759,-0.00012340616162551557
84,7476,0.0028212931469580936,-0.0001233844632221806
85,7477,0.0027771080824735383,-0.00012337941799705503
86,7478,0.00268877065352148,-0.0001233922576347243
87,7479,0.002644611979140708,-0.00012340600653855093
88,7480,0.0026004582170840508,-0.00012342409568676417
89,7481,0.0025563089878702133,-0.00012344662498140347
90,7482,0.0024680309007922498,-0.00012350545848454752
91,7483,0.0024239050530380293,-0.0001235422172651624
92,7484,0.0023797910760783685,-0.0001235818909907477
93,7485,0.0023356955287433118,-0.00012362442522922756
94,7486,0.002247584833524298,-0.00012370347690116902
95,7487,0.002203582711299466,-0.0001237290935880651
96,7488,0.002159628830991369,-0.00012373126999199794
97,7489,0.002115732395422389,-0.00012369621948371749
98,7490,0.002028161980204741,-0.00012342840561625925
99,7491,0.0019845123816691745,-0.00012313240129041697
100,7492,0.0019409658787669047,-0.00012267017003964574
101,7493,0.001897528592522362,-0.00012198115152366778
102,7494,0.0018109580741084302,-0.00011960841877571801
103,7495,0.0017677775029720116,-0.00011777707453992621
104,7496,0.0017246165842440175,-0.00011518827710030122
105,7497,0.0016813532320151155,-0.00011188736034343363
106,8326,1.6001622174704465e-05,0.0
107,8327,3.2011222350644565e-05,0.0
108,8328,4.802871548077811e-05,0.0
109,8329,6.405880621927701e-05,0.0
110,8330,8.010839343044298e-05,0.0
111,8331,9.617986930500813e-05,0.0
112,8332,0.0001122791861667749,0.0
113,8333,0.00012841240720899951,0.0
114,8334,0.00014458630361030044,0.0
115,8335,0.0001608022123423187,0.0
116,8336,0.0001770696890383807,0.0
117,8337,0.00019339646037519655,0.0
118,8338,0.0002097901470780541,0.0
119,8339,0.0002262515488619487,0.0
120,8340,0.00024279578845717988,0.0
121,8341,0.0002594320197540486,0.0
122,8342,0.000276170704502961,0.0
123,8343,0.00029301130531045333,0.0
124,8344,0.00030997493434589517,0.0
125,8345,0.00032707404086521416,0.0
126,8346,0.00034432220069644177,0.0
127,8347,0.0003617159482777777,0.0
128,8348,0.0003792851115032742,0.0
129,8349,0.00039704529231743063,0.0
130,8350,0.00041501390622645796,0.0
131,8351,0.00043318222015509506,0.0
132,8352,0.00045159119873186136,0.0
133,8353,0.0004702610510902255,0.0
134,8354,0.000489209922094261,0.0
135,8355,0.0005084245872470023,0.0
136,8356,0.0005279648349662007,0.0
137,8357,0.0005478457675002668,0.0
138,8358,0.000568112042737597,0.0
139,8359,0.000588747206047089,0.0
140,8360,0.0006097855606609932,0.0
141,8361,0.0006312361123761357,0.0
142,8362,0.0006531406145881413,0.0
143,8363,0.0006755128970828792,0.0
144,8364,0.0006983925517280603,0.0
145,8365,0.0007218155659057497,0.0
146,8366,0.0007458175373806571,0.0
147,8367,0.0007704145302318261,0.0
148,8368,0.0007956353297093523,0.0
149,8369,0.0008215027182600321,0.0
150,8370,0.0008480494744298083,0.0
151,8371,0.0008753025629739156,0.0
152,8372,0.000903289789703381,0.0
153,8373,0.0009320312172906036,0.0
154,8374,0.0009615428815511637,0.0
155,8375,0.0009918266802792892,0.0
156,8376,0.0010228753442583646,0.0
157,8377,0.0010546564550452434,0.0
158,8378,0.001087119845381665,0.0
159,8379,0.001120180094851422,0.0
160,8380,0.0011537300732688534,0.0
161,8381,0.0011876648146724735,0.0
162,8382,0.0012220013574977416,0.0
163,8383,0.0012559467655430558,0.0
164,8384,0.001290418746840844,0.0
165,8385,0.001325032011325585,0.0
166,8386,0.0013602335628378737,0.0
167,8387,0.0013961977212111015,0.0
168,8388,0.0014335411320926012,0.0
169,8389,0.0014725264895526521,0.0
170,8390,0.0015133275793989516,0.0
171,8391,0.0015558974750879443,0.0
172,8392,0.001599918403729339,0.0
173,8393,0.0016451587209010306,0.0
174,8394,0.0016913558856394846,0.0
175,8395,0.0017382469813742767,0.0
176,8396,0.0017856358000361485,0.0
177,8397,0.0018333527385140638,0.0
178,8398,0.001881266514539215,0.0
179,8399,0.0019292899020240419,0.0
180,8400,0.0019773644513726993,0.0
181,8401,0.0020254476663842053,0.0
182,8402,0.002073517870027212,0.0
183,8403,0.0021215616287155914,0.0
184,8404,0.002169573866083904,0.0
185,8405,0.002217553251797859,0.0
186,8406,0.0022655013148969293,0.0
187,8407,0.00231342193290912,0.0
188,8408,0.00236131862368136,0.0
189,8409,0.0024091950783115858,0.0
190,8410,0.002457055104302732,0.0
191,8411,0.002504901927868559,0.0
192,8412,0.0025527380371363597,0.0
193,8413,0.002600567023913868,0.0
194,8414,0.0026483909016095635,0.0
195,8415,0.0026962123128438345,0.0
196,8416,0.0027440344288129407,0.0
197,8417,0.0027918607892007392,0.0
198,8418,0.0028396971820995338,0.0
199,8419,0.002887547003571232,0.0
200,8420,0.002935406413370438,0.0
201,8421,0.002983247509902891,0.0
202,8422,0.0030310405261699414,0.0
203,8423,0.0030787755364052693,0.0
204,8424,0.0031265375461160256,0.0
205,9513,0.0013426120611007167,-3.697956806537445e-05
206,9514,0.0013253361183392643,-3.1988638458512126e-05
207,9515,0.0013072636303995365,-2.726132412888758e-05
208,9516,0.0012886543089754752,-2.2791071941142736e-05
209,9517,0.0012696898247937546,-1.8570186212563385e-05
210,9518,0.0012505135274342755,-1.4593391231931445e-05
211,9519,0.0012312501027072478,-1.085731383808263e-05
212,9520,0.0012120061704435194,-7.357562761362337e-06
213,9521,0.0011928774644996535,-4.0903758437834855e-06
214,9522,0.0011739512894069098,-1.0527501263425518e-06
215,9523,0.0011370146679193982,4.3488791072210795e-06
216,9524,0.0011191434478423554,6.719112675272554e-06
217,9525,0.0011017546699917426,8.872834505313036e-06
218,9526,0.0010849067977885187,1.0811505962343713e-05
219,9527,0.0010686556550305668,1.2534089714464689e-05
220,9528,0.0010530565936271864,1.4038423221449871e-05
221,9529,0.0010381672840014452,1.5314186869793293e-05
222,9530,0.0010240528003030872,1.634110641801927e-05
223,9531,0.0010108049576312919,1.707244154164487e-05
224,9532,0.0009985715462916276,1.740593573446026e-05
225,9533,0.0009755240247828677,-6.862436097285339e-05
226,9534,0.0009959562439697109,-6.78902015699576e-05
227,9535,0.0010168390303993474,-6.62998554753362e-05
228,9536,0.0010381807723096922,-6.388452401815645e-05
229,9537,0.001059916540382534,-6.074017565264557e-05
230,9538,0.0010819147935628272,-5.6833784924001524e-05
231,9539,0.001103780326162942,-5.2420235826827145e-05
232,9540,0.001125381073266593,-4.756326076312457e-05
233,9541,0.0011466442587880054,-4.236713762961074e-05
234,9542,0.0011678062805688413,-3.703602549311613e-05
235,9543,0.001209163576870311,-2.6582380987108202e-05
236,9544,0.0012290032763448045,-2.183818881258492e-05
237,9545,0.0012481761055038046,-1.7676360327129233e-05
238,9546,0.0012670451331218827,-1.4083963603091122e-05
239,9547,0.0012857261211777942,-1.1196972816476757e-05
240,9548,0.0013042808510113615,-9.221962502750418e-06
241,9549,0.0013225515150443372,-8.053220486304526e-06
242,9550,0.0013406104654148671,-7.805819195809355e-06
243,9551,0.001358685902275988,-8.433681542756461e-06
244,9552,0.0013769378254332814,-9.90311923601058e-06
245,9738,0.0013508012657201494,-3.958920196423031e-05
246,9757,0.0013341158777144188,-3.4491740590214086e-05
247,9776,0.0013163866479571824,-2.963949451287969e-05
248,9795,0.0012980011467894346,-2.5041859417065856e-05
249,9814,0.0012791765621536888,-2.0692846961255217e-05
250,9833,0.0012600724630783613,-1.658675935769092e-05
251,9852,0.0012408233528752536,-1.2720573117260157e-05
252,9871,0.0012215445486075634,-9.090919899126846e-06
253,9890,0.0012023366432534286,-5.6939472402945854e-06
254,9909,0.0011832921719956608,-2.527371559064682e-06
255,9928,0.001164492746978436,4.1235616721158204e-07
256,9947,0.0011460146062435362,3.1277369784552995e-06
257,9966,0.0011279269373425547,5.621700368780234e-06
258,9985,0.0011102937031582123,7.89663609199017e-06
259,10004,0.0010931748937033003,9.95433867922374e-06
260,10023,0.0010766270429349947,1.1795071296091777e-05
261,10042,0.0010607051134653885,1.3416816903816752e-05
262,10061,0.0010454649645148927,1.4813024386088154e-05
263,10080,0.001030966626834886,1.5969823999130707e-05
264,10099,0.0010172854144495762,1.6853044151182025e-05
265,10118,0.0010045297544144778,1.738793965967777e-05
266,10129,0.0009929423094952804,1.7276998525006232e-05
267,10130,0.0016267017968771562,-0.00010615420667190337
268,10131,0.0016154572543181666,-0.00010473296387850738
269,10132,0.0016041649323836865,-0.00010321858922588252
270,10133,0.0015928230446496873,-0.00010160580078329457
271,10134,0.0015814245559594162,-9.988722411798315e-05
272,10135,0.0015699614931444733,-9.805596364041635e-05
273,10136,0.0015584240334032304,-9.61045467838717e-05
274,10137,0.0015468024569730637,-9.402515331986015e-05
275,10138,0.0015350838671581543,-9.180890476896668e-05
276,10139,0.0015232538920174825,-8.944601238356201e-05
277,10140,0.0014991890528101913,-8.423453607417119e-05
278,10141,0.0014869112425605025,-8.135896638935945e-05
279,10142,0.0014744331051368975,-7.82815606923644e-05
280,10143,0.0014617192578883953,-7.498190093076468e-05
281,10144,0.0014487244561521262,-7.143488025952224e-05
282,10145,0.001435391798189344,-6.760956653831895e-05
283,10146,0.0014216424436360715,-6.34654033712175e-05
284,10147,0.0014073654608986492,-5.8947641401208414e-05
285,10148,0.0013923914557282021,-5.397383254930185e-05
286,10149,0.0013764199115551918,-4.84001578768503e-05
287,10150,0.0014050101733928022,-1.3609907201662716e-05
288,10151,0.001414683748134798,-1.5179998905456006e-05
289,10152,0.001424479635514304,-1.686392205559414e-05
290,10153,0.0014344212748479543,-1.8643946500995894e-05
291,10154,0.0014444956367641866,-2.0498531376035908e-05
292,10155,0.0014546987699360268,-2.2399227561618275e-05
293,10156,0.001465023704239887,-2.4324636638602292e-05
294,10157,0.0014754612359227824,-2.6253795362182512e-05
295,10158,0.0014860040932322004,-2.8175884057897567e-05
296,10159,0.00149664300114705,-3.00743286041816e-05
297,10160,0.0015181635126388616,-3.375062295256056e-05
298,10161,0.001529031405969074,-3.550466811007416e-05
299,10162,0.001539962703515354,-3.719495658419433e-05
300,10163,0.001550948883711415,-3.882065861143191e-05
301,10164,0.0015619853744174633,-4.0381370043330706e-05
302,10165,0.0015730636704535676,-4.187624612604372e-05
303,10166,0.0015841784007673677,-4.3300832688558604e-05
304,10167,0.001595323523562654,-4.46527033277122e-05
305,10168,0.0016064966219003082,-4.593151499818375e-05
306,10169,0.0016176921108697366,-4.714071855754901e-05
307,10355,0.00163229613040212,-0.00010683516344705155
308,10374,0.0016210855017641539,-0.00010545430508732382
309,10393,0.0016098171589531615,-0.000103987624076766
310,10412,0.0015985009752823127,-0.0001024250460671372
311,10431,0.00158713117866811,-0.00010076015211072894
312,10467,0.0015642027364473781,-9.709579265656737e-05
313,10486,0.0015526249295867024,-9.508148441088793e-05
314,10505,0.0015409565360691483,-9.293483156798097e-05
315,10524,0.0015291837027911158,-9.064646490027866e-05
316,10543,0.0015172919502474396,-8.82062148562226e-05
317,10562,0.001505262550596955,-8.560223401395617e-05
318,10581,0.0014930738960508966,-8.282103462317082e-05
319,10600,0.0014806994581979009,-7.984676685666696e-05
320,10619,0.0014681085825889722,-7.666107527521655e-05
321,10638,0.0014552611505419804,-7.324133815151625e-05
322,10674,0.0014285779738831064,-6.558096463345831e-05
323,10693,0.0014145828412665804,-6.125823428730496e-05
324,10712,0.001399988637375698,-5.652679834375132e-05
325,10731,0.0013845749446443746,-5.128554759677571e-05
326,10742,0.0013677893305068974,-4.537852282668199e-05
327,10743,0.0013920086084082063,-1.3327566401684741e-05
328,10744,0.0013881846734140233,-1.4491002591950355e-05
329,10745,0.0013840745694203081,-1.57186947690079e-05
330,10746,0.0013796893101688807,-1.7049739361378347e-05
331,10747,0.0013750710019085662,-1.8543032143201666e-05
332,10748,0.001370291609125512,-2.028927384864413e-05
333,10749,0.0013654860246808621,-2.2429277760262454e-05
334,10750,0.0013609134517901195,-2.518751636235784e-05
335,10751,0.0013570962527742285,-2.892864966417368e-05
336,10752,0.0013552266257234268,-3.425799709242784e-05
337,10753,0.0009880297157230666,1.25820695850069e-06
338,10754,0.0009876114010775872,-1.1569117028066224e-05
339,10755,0.000986492799011277,-2.203167279763666e-05
340,10756,0.0009844903158431752,-3.0757704772643664e-05
341,10757,0.0009817398188167335,-3.821097030791271e-05
342,10758,0.000978428948813737,-4.4786724360638265e-05
343,10759,0.000974565971922723,-5.05898059983539e-05
344,10760,0.0009703149540464199,-5.584325459608688e-05
345,10761,0.0009657062414623401,-6.0551664939778915e-05
346,10762,0.0009607183545769801,-6.470340926296711e-05
347,10763,0.0013741504882898697,-1.0822696017808422e-05
348,10764,0.0013709964660833655,-1.1695471242742715e-05
349,10765,0.0013675304849548318,-1.2624400603047887e-05
350,10766,0.0013637431944341083,-1.3632291468141849e-05
351,10767,0.0013596635214578854,-1.4774816404187819e-05
352,10768,0.0013553419556306295,-1.6139158554302435e-05
353,10769,0.0013508844491933402,-1.786715512125302e-05
354,10770,0.0013465040797034065,-2.0192106341739243e-05
355,10771,0.0013426499590404642,-2.3518917125975767e-05
356,10772,0.0013403842331136339,-2.8578768220482843e-05
357,10773,0.001356581836340257,-9.13036893459549e-06
358,10774,0.0013540808231606528,-9.738390267950693e-06
359,10775,0.0013512322491497806,-1.0373335665696133e-05
360,10776,0.0013480208398949948,-1.1053864857015863e-05
361,10777,0.001344458426598533,-1.1831926291429318e-05
362,10778,0.0013405740498572893,-1.2789992236943932e-05
363,10779,0.0013364364453068258,-1.4066729604470687e-05
364,10780,0.001332198491863328,-1.5901039253764948e-05
365,10781,0.00132820444173453,-1.872714063302915e-05
366,10782,0.001325259806186827,-2.3404377257418957e-05
367,10783,0.0013391490757298703,-8.294285178932075e-06
368,10784,0.0013372799142777594,-8.656891210957247e-06
369,10785,0.0013350281098024545,-9.012235876349895e-06
370,10786,0.0013323744736185817,-9.373753764596734e-06
371,10787,0.0013293135700160749,-9.78922072100073e-06
372,10788,0.0013258493382163916,-1.033517279216143e-05
373,10789,0.0013220084995271746,-1.114506744730676e-05
374,10790,0.0013178721964344099,-1.2459209510482894e-05
375,10791,0.0013136413755738528,-1.4733383107504783e-05
376,10792,0.0013097840658512065,-1.891628719555456e-05
377,10793,0.0013216850134261805,-8.350663468445278e-06
378,10794,0.001320424080458468,-8.486219534528422e-06
379,10795,0.0013187518748972048,-8.57774674158519e-06
380,10796,0.0013166393295056139,-8.63469367075382e-06
381,10797,0.001314065545043731,-8.698679016781569e-06
382,10798,0.001311005777094761,-8.83860024213206e-06
383,10799,0.0013074416440226684,-9.17986580373715e-06
384,10800,0.00130337000790549,-9.956557416417617e-06
385,10801,0.0012988238959081393,-1.1628035561804755e-05
386,10802,0.0012939000856387018,-1.5165057775271636e-05
387,10803,0.0013040123354374177,-9.323203558513194e-06
388,10804,0.0013033396065360722,-9.244520914108132e-06
389,10805,0.0013022259799215998,-9.089700544859363e-06
390,10806,0.0013006381737250064,-8.859075940877213e-06
391,10807,0.0012985361666450611,-8.586288533833304e-06
392,10808,0.001295867262551407,-8.330489457022325e-06
393,10809,0.0012925629026376787,-8.204395448326211e-06
394,10810,0.001288529889734428,-8.425353966447005e-06
395,10811,0.0012836257315377774,-9.428844811067792e-06
396,10812,0.0012775816448582636,-1.2132907750110212e-05
397,10813,0.0012860109581629762,-1.1181129252053218e-05
398,10814,0.0012858956423714401,-1.0923473856967935e-05
399,10815,0.0012853173572198373,-1.0542350397066361e-05
400,10816,0.0012842340155017852,-1.0041340153700379e-05
401,10817,0.0012825866952267406,-9.446083230701013e-06
402,10818,0.0012802930782593884,-8.803686747676798e-06
403,10819,0.0012772340557689872,-8.208320394686927e-06
404,10820,0.0012732258413138855,-7.847563208073572e-06
405,10821,0.0012679580737007274,-8.103123937676935e-06
406,10822,0.0012608333014162403,-9.775553583004917e-06
407,10823,0.001267845508173049,-1.3886641235747376e-05
408,10824,0.0012682425585051368,-1.3448405149367574e-05
409,10825,0.001268152581968253,-1.2856867797950168e-05
410,10826,0.0012675288525692426,-1.210317419580989e-05
411,10827,0.001266293972267121,-1.1201999426840374e-05
412,10828,0.0012643364367302705,-1.0184582989654935e-05
413,10829,0.0012614890903731434,-9.119635935252076e-06
414,10830,0.0012574825898814478,-8.15137021325072e-06
415,10831,0.0012518548547319893,-7.579706948812927e-06
416,10832,0.0012437261465100943,-8.034594747305695e-06
417,10833,0.0012494278523440604,-1.7318893587962898e-05
418,10834,0.001250276689667533,-1.6714084731714246e-05
419,10835,0.0012506227369954235,-1.592405612453508e-05
420,10836,0.0012504124949989349,-1.4930969424518864e-05
421,10837,0.0012495486880283594,-1.373598115314298e-05
422,10838,0.0012478925691844017,-1.235122360566767e-05
423,10839,0.0012452318657304132,-1.0814025516960413e-05
424,10840,0.001241223657447695,-9.213030632873164e-06
425,10841,0.0012352760188370719,-7.744083293066386e-06
426,10842,0.001226283591418267,-6.827553055295839e-06
427,10843,0.0012305916576693767,-2.1358482560023703e-05
428,10844,0.0012318401343979332,-2.060617075750386e-05
429,10845,0.001232583056990329,-1.962475501106132e-05
430,10846,0.0012327495899623364,-1.839782926652012e-05
431,10847,0.0012322241984600738,-1.6913426431978283e-05
432,10848,0.0012308452676571431,-1.5162515607343649e-05
433,10849,0.001228362418445582,-1.314618280393772e-05
434,10850,0.001224373297259622,-1.0888292865892e-05
435,10851,0.0012181846237923496,-8.464955179356163e-06
436,10852,0.0012085240978618433,-6.061632350150919e-06
437,10853,0.0012111634138653024,-2.593508934496724e-05
438,10854,0.00121279874346975,-2.501232544707036e-05
439,10855,0.001213911790537391,-2.38309118600903e-05
440,10856,0.0012144267352185707,-2.2364847276796176e-05
441,10857,0.0012142180451317139,-2.058660997513671e-05
442,10858,0.00121310431954478,-1.8464077833776403e-05
443,10859,0.0012108087751799231,-1.59578152306781e-05
444,10860,0.0012068832966094256,-1.3021861278760338e-05
445,10861,0.0012005673395624175,-9.602971605644407e-06
446,10862,0.0011904807497991842,-5.640241745001685e-06
447,10863,0.0011910622924909576,-3.0898424460135945e-05
448,10864,0.0011930535666352438,-2.979537585244475e-05
449,10865,0.0011945112135932482,-2.8399487958857918e-05
450,10866,0.00119535622466478,-2.668112264801973e-05
451,10867,0.0011954530851862805,-2.4597621635998446e-05
452,10868,0.0011946094120148026,-2.2091767700787028e-05
453,10869,0.0011925286030490545,-1.9082940129686873e-05
454,10870,0.0011887370171474862,-1.5452480856197024e-05
455,10871,0.001182436288560183,-1.1016325531603319e-05
456,10872,0.0011721989313289612,-5.466913666982952e-06
457,10873,0.0011704837418715847,-3.603748488053415e-05
458,10874,0.001172791676994937,-3.473867824504457e-05
459,10875,0.0011745622958099985,-3.311463284442127e-05
460,10876,0.0011757106843674047,-3.113184729801216e-05
461,10877,0.0011760966017583688,-2.873288358827481e-05
462,10878,0.0011755192808094524,-2.5836933939361494e-05
463,10879,0.001173674431208253,-2.2322096183002735e-05
464,10880,0.001170078180375232,-1.7998974369645877e-05
465,10881,0.0011639250169075614,-1.2555978001175436e-05
466,10882,0.0011537930294512903,-5.447941158166434e-06
467,10883,0.0011496495825802583,-4.114886143219952e-05
468,10884,0.0011522389053358088,-3.9625292202149895e-05
469,10885,0.0011542825573378295,-3.775575126321179e-05
470,10886,0.0011557006682044507,-3.549675680993563e-05
471,10887,0.0011563501260254932,-3.277537084409074e-05
472,10888,0.0011560283782463645,-2.948776767612001e-05
473,10889,0.0011544298863723115,-2.547433690595169e-05
474,10890,0.0011510765214865957,-2.0479941989381383e-05
475,10891,0.0011451831335459353,-1.4074224223743239e-05
476,10892,0.0011353822159729655,-5.490973764640264e-06
477,10893,0.0011285702282883478,-4.606742885056897e-05
478,10894,0.0011313911268657916,-4.430132063091274e-05
479,10895,0.001133679920604682,-4.216723219627292e-05
480,10896,0.0011353469778535373,-3.961662537484153e-05
481,10897,0.0011362489073361139,-3.656209775551936e-05
482,10898,0.0011361843556467212,-3.2880130534316975e-05
483,10899,0.001134856213622374,-2.8377612782679643e-05
484,10900,0.0011318053933468638,-2.2742329236526527e-05
485,10901,0.0011262915379001619,-1.5440408282289018e-05
486,10902,0.0011170456431466422,-5.510709698541792e-06
487,10903,0.0011072039789552836,-5.066345606785734e-05
488,10904,0.0011102509581655757,-4.863027249244319e-05
489,10905,0.0011127753004773282,-4.620964501304881e-05
490,10906,0.0011146874268177784,-4.3348383543634175e-05
491,10907,0.0011158458293131126,-3.994779420034357e-05
492,10908,0.0011160569016757705,-3.5867323549402243e-05
493,10909,0.001115036792917325,-3.088776233274211e-05
494,10910,0.0011123588664244109,-2.465086664047189e-05
495,10911,0.0011073483321974097,-1.6539860663099273e-05
496,10912,0.0010988735473404978,-5.433757997232796e-06
497,10913,0.0010855738680295387,-5.480898549127253e-05
498,10914,0.0010888446534530094,-5.248601099635858e-05
499,10915,0.0010916078714557098,-4.9756642827947166e-05
500,10916,0.0010937760264870717,-4.6565792438431035e-05
501,10917,0.001095213317538814,-4.2805438283325845e-05
502,10918,0.0010957346898674812,-3.832334456288621e-05
503,10919,0.001095076853308719,-3.288120688985158e-05
504,10920,0.0010928529287983313,-2.6089857551620207e-05
505,10921,0.0010884708678115362,-1.7275005300287203e-05
506,10922,0.0010809681370449048,-5.1982697809541715e-06
507,10923,0.0010637787216772276,-5.8379448908024954e-05
508,10924,0.0010672784183413792,-5.57453998380087e-05
509,10925,0.0010702983292821809,-5.268964434139933e-05
510,10926,0.001072748883568869,-4.9153506778038555e-05
511,10927,0.0010745001929647934,-4.5023372428583055e-05
512,10928,0.0010753790984556178,-4.014032306933501e-05
513,10929,0.0010751461287492117,-3.425584939898538e-05
514,10930,0.0010734605352704216,-2.6964922204387864e-05
515,10931,0.0010698207430350905,-1.756682462495056e-05
516,10932,0.0010634550043782133,-4.7580126255957415e-06
517,10933,0.0010422773468424323,-6.122696049616215e-05
518,10934,0.0010460165311521141,-5.827307285798972e-05
519,10935,0.0010493038796212872,-5.488344665074265e-05
520,10936,0.0010520508247979497,-5.099745365651535e-05
521,10937,0.0010541356940372269,-4.649886854520952e-05
522,10938,0.0010553997034976653,-4.1226707722915395e-05
523,10939,0.0010556286019112481,-3.493057965687994e-05
524,10940,0.0010545273739927562,-2.7205231794521217e-05
525,10941,0.0010516850534087827,-1.73543186711237e-05
526,10942,0.0010465265874838826,-4.077374016536104e-06
527,10943,0.0010211845799318819,-6.330465377698999e-05
528,10944,0.0010251801064195681,-6.002314944794674e-05
529,10945,0.001028753158089391,-5.629641314234817e-05
530,10946,0.0010318199884111826,-5.2059595344965964e-05
531,10947,0.001034267369276516,-4.719809408546697e-05
532,10948,0.0010359534440100486,-4.155316261298925e-05
533,10949,0.0010366905545246643,-3.4879939819444784e-05
534,10950,0.001036229187506127,-2.678382538493689e-05
535,10951,0.0010342384284993595,-1.6602832959090514e-05
536,10952,0.0010303224486984846,-3.1239363494125727e-06
537,10953,0.0010005475184723808,-6.457714953306669e-05
538,10954,0.0010048195041659324,-6.097801665000579e-05
539,10955,0.0010087085342131972,-5.691758524807807e-05
540,10956,0.0010121295193006785,-5.233370418065795e-05
541,10957,0.001014981981298229,-4.711990388240304e-05
542,10958,0.0010171433934099488,-4.1125773839194767e-05
543,10959,0.0010184543830435544,-3.41165357429155e-05
544,10960,0.0010187114987369485,-2.5715601358077874e-05
545,10961,0.0010176493866982908,-1.5312583273828347e-05
546,10962,0.001015007135905949,-1.8677519780091886e-06
547,10963,0.0009803782882976957,-6.501760248600122e-05
548,10964,0.000984959846005626,-6.112337022350268e-05
549,10965,0.000989199699480561,-5.67380816780278e-05
550,10966,0.0009930158302337811,-5.181435817906743e-05
551,10967,0.0009963257019186013,-4.627205544502054e-05
552,10968,0.0009990265205591115,-3.995937232107545e-05
553,10969,0.0010009932166433818,-3.267083777037982e-05
554,10970,0.0010020658600075581,-2.4039519308178512e-05
555,10971,0.001002053362233639,-1.3515981869176102e-05
556,10972,0.0010008045072301853,-2.695292418161967e-07
557,10973,0.0013937846835381839,-1.2738349452540317e-05
558,10974,0.0013830070939517413,-1.1981338208540812e-05
559,10975,0.0013755812748531791,-1.0360774888008201e-05
560,10976,0.001390134625770228,-1.3903955261986297e-05
561,10977,0.0013795349372942936,-1.3005325413882554e-05
562,10978,0.0013726128216542015,-1.1253679641504673e-05
563,10979,0.0013861654683265993,-1.5094586373707285e-05
564,10980,0.0013757443719178571,-1.4084010021671484e-05
565,10981,0.0013693041172200902,-1.2152346720717205e-05
566,10982,0.0013819140781479848,-1.636812017608729e-05
567,10983,0.0013716601741971268,-1.5255558583418297e-05
568,10984,0.0013656756851802752,-1.3115444293309393e-05
569,10985,0.001377405746761896,-1.7771166118534757e-05
570,10986,0.0013673125990868546,-1.657715576358732e-05
571,10987,0.0013617375488560162,-1.4182072493709112e-05
572,10988,0.0013627649373535204,-1.813834455016932e-05
573,10989,0.0013575281025759744,-1.5421861606814883e-05
574,10990,0.0013678795907639864,-2.1298106397820948e-05
575,10991,0.0013581383821031716,-2.0081037503958794e-05
576,10992,0.0013531201823955338,-1.6945615074658433e-05
577,10993,0.0013631460791552663,-2.3711848089043536e-05
578,10994,0.0013536695380799324,-2.2635380953757397e-05
579,10995,0.0013486639315790892,-1.8934733519749663e-05
580,10996,0.0013588585280232353,-2.6903374687715933e-05
581,10997,0.0013498573092269287,-2.6187326766290697e-05
582,10998,0.0013444653787200776,-2.169429488830018e-05
583,10999,0.001355790377063535,-3.1342345613412115e-05
584,11000,0.0013478193014541374,-3.1408199322051216e-05
585,11001,0.0013412066401022815,-2.5763755345601507e-05
586,11002,0.0013558178725112777,-3.7816795271804883e-05
587,11003,0.0013405825494922036,-3.2166631401724555e-05
588,11004,0.0013653123944273884,-9.870771792911263e-06
589,11005,0.0013576795096198826,-8.784877059187503e-06
590,11006,0.0013624979068958764,-1.0620839107682494e-05
591,11007,0.0013553757122456178,-9.43396813687327e-06
592,11008,0.0013593374338834669,-1.1399522052990352e-05
593,11009,0.0013527019142817612,-1.0052117753179962e-05
594,11010,0.0013558397001796172,-1.2244007272984583e-05
595,11011,0.0013496710626959053,-1.0704987770283869e-05
596,11012,0.0013520192904812542,-1.3205659696831669e-05
597,11013,0.0013462822994055725,-1.1426396136325257e-05
598,11014,0.001347918002450067,-1.4370053687134196e-05
599,11015,0.001342553596580756,-1.2281339965442558e-05
600,11016,0.0013436237309209572,-1.5877699308606252e-05
601,11017,0.0013385296346457639,-1.337636325793336e-05
602,11018,0.0013393220163510006,-1.7966405854738103e-05
603,11019,0.00133431455711965,-1.4892777819890969e-05
604,11020,0.0013354148568628687,-2.1055682885779802e-05
605,11021,0.0013301360951923494,-1.7150276247379535e-05
606,11022,0.0013328515753207814,-2.5944029867672267e-05
607,11023,0.0013265174630203605,-2.0748602458825393e-05
608,11024,0.0013247283334671934,-2.696136403816502e-05
609,11025,0.001347830716328353,-8.596049833692716e-06
610,11026,0.0013399294224319476,-8.055323540270489e-06
611,11027,0.0013456561945009596,-9.093081996797584e-06
612,11028,0.0013382624617416191,-8.479029309889024e-06
613,11029,0.001343103214861613,-9.583698480804741e-06
614,11030,0.00133620317491425,-8.835581677991968e-06
615,11031,0.0013401712361778941,-1.0103714643001007e-05
616,11032,0.001333751880049261,-9.189600853185697e-06
617,11033,0.0013368600990868802,-1.0700050342938124e-05
618,11034,0.0013308948008845223,-9.570798771991723e-06
619,11035,0.0013331867748242329,-1.145306571381132e-05
620,11036,0.0013276308966978588,-1.003909865944316e-05
621,11037,0.001329200813635598,-1.2499473061864299e-05
622,11038,0.0013239727530091276,-1.0695220905164089e-05
623,11039,0.0013250202125838937,-1.4079966604012184e-05
624,11040,0.0013199686031288116,-1.1717119819709476e-05
625,11041,0.0013209213378807083,-1.6641939110447086e-05
626,11042,0.001315747776730231,-1.3432710448690776e-05
627,11043,0.0013175563267752977,-2.1096831351113506e-05
628,11044,0.0013116191375261276,-1.6489243218314623e-05
629,11045,0.0013082838774936096,-2.2318124563015795e-05
630,11046,0.00133040446294814,-8.198152575386494e-06
631,11047,0.0013221643425520215,-8.211018570396517e-06
632,11048,0.0013288450502714397,-8.46042438170331e-06
633,11049,0.0013211048019916311,-8.426529689842036e-06
634,11050,0.0013268813469065714,-8.679029640078297e-06
635,11051,0.001319641274139769,-8.537730668839064e-06
636,11052,0.0013244989003892535,-8.886475824647491e-06
637,11053,0.001317751863194685,-8.608284474940996e-06
638,11054,0.001321681841316074,-9.124613840112157e-06
639,11055,0.001315411457001245,-8.662328006793074e-06
640,11056,0.0013184207778740343,-9.467275292396586e-06
641,11057,0.0013125976866617567,-8.75286865135626e-06
642,11058,0.0013147206539312806,-1.0044641779218637e-05
643,11059,0.0013092874703897427,-8.972575183879402e-06
644,11060,0.0013106213015723629,-1.1095416440803114e-05
645,11061,0.0013054686469581732,-9.491861093894703e-06
646,11062,0.0013062424892559107,-1.3081418666598691e-05
647,11063,0.0013011520325499715,-1.0635679945740671e-05
648,11064,0.0013018720638011258,-1.6973505259217008e-05
649,11065,0.001296401621717399,-1.3064114753408563e-05
650,11066,0.0012913334614764631,-1.8232136316282858e-05
651,11067,0.0013128557118259766,-8.712437564429223e-06
652,11068,0.0013041977107938678,-9.28419428780071e-06
653,11069,0.001311892975667151,-8.75208708639994e-06
654,11070,0.0013037297630440299,-9.294901128435723e-06
655,11071,0.0013104993777298196,-8.714494251954461e-06
656,11072,0.001302839761293929,-9.177539867639434e-06
657,11073,0.0013086499839314745,-8.625299111368027e-06
658,11074,0.0013014933912359784,-8.982071965129673e-06
659,11075,0.0013063123092710103,-8.518753678872039e-06
660,11076,0.0012996542372343306,-8.725042872774433e-06
661,11077,0.0013034487342685355,-8.460030603702281e-06
662,11078,0.0012972766486354162,-8.450685433791376e-06
663,11079,0.0013000153138954592,-8.569029435126483e-06
664,11080,0.0012942999212383342,-8.24064772701442e-06
665,11081,0.0012959648741135148,-9.073583298280746e-06
666,11082,0.0012906449676355217,-8.250706847467714e-06
667,11083,0.001291243369539957,-1.0426044359558314e-05
668,11084,0.001286199025000955,-8.786513831303815e-06
669,11085,0.0012857625819360531,-1.3582106424945977e-05
670,11086,0.0012807743065593427,-1.0475473733295487e-05
671,11087,0.0012739529680191985,-1.467683550073858e-05
672,11088,0.0012950455150844318,-1.0129481805914141e-05
673,11089,0.0012859218767700738,-1.120977277234598e-05
674,11090,0.001294647698939159,-9.971146190291875e-06
675,11091,0.0012860086731807476,-1.1070168087526676e-05
676,11092,0.0012938018266954142,-9.697930120051641e-06
677,11093,0.0012856666016012105,-1.0748710260702033e-05
678,11094,0.0012924662335883777,-9.329699991453287e-06
679,11095,0.0012848420807408014,-1.030548453635443e-05
680,11096,0.001290591680152629,-8.893483218892818e-06
681,11097,0.0012834853832455915,-9.753209777617923e-06
682,11098,0.001288110386122434,-8.44356364261439e-06
683,11099,0.0012815271240764117,-9.126176113824716e-06
684,11100,0.0012849278215469942,-8.084411919753096e-06
685,11101,0.0012788689103164204,-8.491038179133622e-06
686,11102,0.0012809057681806286,-8.02077373767317e-06
687,11103,0.0012753642451582196,-7.980369160950415e-06
688,11104,0.0012758153892607552,-8.665932428492318e-06
689,11105,0.0012707777375617164,-7.860682184718363e-06
690,11106,0.0012692191011969786,-1.0889022356668881e-05
691,11107,0.0012646867440981426,-8.682072616504985e-06
692,11108,0.0012562147913751343,-1.1617257567846414e-05
693,11109,0.001276977231944285,-1.241605863532074e-05
694,11110,0.0012674970428910224,-1.4004720936219279e-05
695,11111,0.0012771152980478656,-1.208111745471823e-05
696,11112,0.0012681015274908522,-1.3687694926101726e-05
697,11113,0.0012767819190170975,-1.159058944421149e-05
698,11114,0.0012682610539169567,-1.317304287526024e-05
699,11115,0.0012759282412361642,-1.0961051818316179e-05
700,11116,0.0012679117408076147,-1.2499537519918673e-05
701,11117,0.0012744865749020394,-1.021076341670217e-05
702,11118,0.0012669938366557654,-1.1669591117648017e-05
703,11119,0.0012723594421032893,-9.38003908539871e-06
704,11120,0.0012654142283242801,-1.0704576128916734e-05
705,11121,0.0012694035824206407,-8.551269280544755e-06
706,11122,0.0012630379781128863,-9.651123415828062e-06
707,11123,0.0012653911378821112,-7.892505097786111e-06
708,11124,0.0012596536550698169,-8.609113158229415e-06
709,11125,0.0012599320403908164,-7.748629734739228e-06
710,11126,0.0012549135501660183,-7.786112174229303e-06
711,11127,0.0012522801909827146,-8.842461918566469e-06
712,11128,0.0012481874601160585,-7.615882755448374e-06
713,11129,0.001238217692127257,-9.015887942426535e-06
714,11130,0.0012587020617203062,-1.5503553492387137e-05
715,11131,0.0012488609615765314,-1.752077792058806e-05
716,11132,0.0012593189075486065,-1.49901643853586e-05
717,11133,0.0012499112979401914,-1.7039833084334818e-05
718,11134,0.001259448974971887,-1.4294435434446708e-05
719,11135,0.0012505145130503321,-1.634393033180923e-05
720,11136,0.0012590309098818666,-1.3419142773540059e-05
721,11137,0.0012505923976619674,-1.5452960578053593e-05
722,11138,0.001257980077784175,-1.2369334634908694e-05
723,11139,0.0012500695610998132,-1.4358335597503618e-05
724,11140,0.0012561706551941676,-1.1167501496570618e-05
725,11141,0.0012488307350418803,-1.306569753155149e-05
726,11142,0.001253412044031724,-9.8674935440478e-06
727,11143,0.0012467053106376166,-1.1597568063839736e-05
728,11144,0.0012493956184297867,-8.587599567136784e-06
729,11145,0.001243425653148242,-1.0012241642800841e-05
730,11146,0.001243589914561559,-7.57865570652076e-06
731,11147,0.001238545462758732,-8.442067020674582e-06
732,11148,0.001234995131058574,-7.371466759672873e-06
733,11149,0.0012312644798649576,-7.174222231266587e-06
734,11150,0.0012200253120939193,-6.822128326635065e-06
735,11151,0.0012400987700760824,-1.925429893712366e-05
736,11152,0.0012298427894407197,-2.1622306986900514e-05
737,11153,0.0012411297458051957,-1.8581690560390782e-05
738,11154,0.001231272939723882,-2.1011035255240905e-05
739,11155,0.0012416754406589794,-1.769361956328493e-05
740,11156,0.001232278402582752,-2.0145261623511217e-05
741,11157,0.0012416513780462526,-1.6582249588336145e-05
742,11158,0.0012327448583436245,-1.9042774887591564e-05
743,11159,0.0012409545705333736,-1.524125757256886e-05
744,11160,0.0012325822828403768,-1.7688410869803692e-05
745,11161,0.0012394328428921946,-1.367283238372128e-05
746,11162,0.0012316546878074106,-1.6071460441267896e-05
747,11163,0.0012368544925055026,-1.1896624154097187e-05
748,11164,0.0012297624091985094,-1.4186669317822672e-05
749,11165,0.0012328431363001079,-9.970451488781331e-06
750,11166,0.0012265910250240017,-1.2043973651352583e-05
751,11167,0.0012267518512181319,-8.031985366760927e-06
752,11168,0.001221615559918965,-9.688531346333997e-06
753,11169,0.0012173828043983074,-6.38778471619337e-06
754,11170,0.001213906463519641,-7.240641132941081e-06
755,11171,0.0012016912259368963,-4.9794781281652805e-06
756,11172,0.0012209712335674759,-2.357826747916715e-05
757,11173,0.001210213324035977,-2.6286849220199003e-05
758,11174,0.001222398055291564,-2.274658939781285e-05
759,11175,0.0012120403586595243,-2.5504715497978087e-05
760,11176,0.001223326768679079,-2.1664476101840147e-05
761,11177,0.001213424131426016,-2.4455716132877176e-05
762,11178,0.0012236646032474628,-2.0317109271877366e-05
763,11179,0.0012142508653306583,-2.313513441432793e-05
764,11180,0.0012232944882887271,-1.868484706231151e-05
765,11181,0.0012144226190623619,-2.151659118099371e-05
766,11182,0.0012220424909343737,-1.674750327362448e-05
767,11183,0.0012137892144702509,-1.957056357379623e-05
768,11184,0.0012196443472864066,-1.4486101277306413e-05
769,11185,0.0012121275166522099,-1.7261494509625573e-05
770,11186,0.0012156716642579186,-1.1890350104869498e-05
771,11187,0.0012090884060769196,-1.4546395975623196e-05
772,11188,0.001209391795181317,-8.972606159864573e-06
773,11189,0.0012040917581542174,-1.1375808497779636e-05
774,11190,0.0011994704092672672,-5.796625812132652e-06
775,11191,0.0011961217225768006,-7.692655447556689e-06
776,11192,0.0011832746994524708,-3.4294465710312337e-06
777,11193,0.0012012097886468754,-2.8373040285262455e-05
778,11194,0.001189932273366175,-3.133631720519041e-05
779,11195,0.0012030076976780322,-2.7360500538480735e-05
780,11196,0.0011921188484731021,-3.038215655955132e-05
781,11197,0.001204293818985119,-2.60713668446291e-05
782,11198,0.001193852637895291,-2.913562588372422e-05
783,11199,0.0012049700491482372,-2.4478381967577788e-05
784,11200,0.0011950178381456946,-2.758303767685659e-05
785,11201,0.0012049098719958031,-2.2546714384078654e-05
786,11202,0.0011955087657177872,-2.5688084435487684e-05
787,11203,0.0012039243457439668,-2.023149326869634e-05
788,11204,0.0011951645985932003,-2.3401838605250236e-05
789,11205,0.0012017250462436973,-1.7472854784097367e-05
790,11206,0.0011937482417333843,-2.06564768369504e-05
791,11207,0.0011978481615955335,-1.4188528042768186e-05
792,11208,0.0011908871667308198,-1.7354798863777077e-05
793,11209,0.0011915093957576553,-1.0259403904702993e-05
794,11210,0.0011859705721686145,-1.3350117190577586e-05
795,11211,0.0011812961388231052,-5.501284475489311e-06
796,11212,0.0011779390352802336,-8.40672365883151e-06
797,11213,0.00116483976258017,-2.1140479609863516e-06
798,11214,0.001180871317805194,-3.3445006250874014e-05
799,11215,0.0011691924824261614,-3.656946883676257e-05
800,11216,0.0011830025366471966,-3.224302930221282e-05
801,11217,0.001171697958806888,-3.5426774377273204e-05
802,11218,0.001184616087548506,-3.073432016454253e-05
803,11219,0.0011737483586670388,-3.3968936238464384e-05
804,11220,0.0011856080520376063,-2.888307571753763e-05
805,11221,0.0011752223173710538,-3.2171231801564896e-05
806,11222,0.001185844315122018,-2.664091403699571e-05
807,11223,0.0011760096023933342,-2.998881554249209e-05
808,11224,0.001185125481866594,-2.3938494112944747e-05
809,11225,0.0011759445728387588,-2.7353518088303135e-05
810,11226,0.0011831498937362804,-2.067426722571198e-05
811,11227,0.0011747807287858158,-2.4166621490178723e-05
812,11228,0.0011794362072058216,-1.669353355537527e-05
813,11229,0.0011721360463316768,-2.0277385410542577e-05
814,11230,0.0011731776778907785,-1.1746974429275944e-05
815,11231,0.0011673914031482666,-1.5444148823509566e-05
816,11232,0.0011629410101694777,-5.406810564333323e-06
817,11233,0.0011594840366725755,-9.25799349509387e-06
818,11234,0.0011464829152703902,-9.79378452024439e-07
819,11235,0.0011601525995415434,-3.8591550330039e-05
820,11236,0.0011482082255433465,-4.1799688938555026e-05
821,11237,0.001162587344071022,-3.7178299697774236e-05
822,11238,0.0011510072159529295,-4.0427330437411724e-05
823,11239,0.0011644939950237543,-3.543285267314955e-05
824,11240,0.0011533325910431055,-3.873581710869655e-05
825,11241,0.001165771392702066,-3.33113595550895e-05
826,11242,0.0011550776632074304,-3.667906577226733e-05
827,11243,0.0011662825569460102,-3.075028069729916e-05
828,11244,0.0011561322610786132,-3.419949444091763e-05
829,11245,0.0011658239289165245,-2.76563217981121e-05
830,11246,0.0011563267821340564,-3.121085831837526e-05
831,11247,0.0011640888348210569,-2.3888345115572742e-05
832,11248,0.0011554135698120592,-2.7585037529028643e-05
833,11249,0.001160594107200865,-1.9222715396541712e-05
834,11250,0.001153012686655973,-2.3121400105592237e-05
835,11251,0.0011545389102261864,-1.3286521973597867e-05
836,11252,0.0011485155269125422,-1.749076058114037e-05
837,11253,0.0011445220367270583,-5.420399562525954e-06
838,11254,0.0011408930580417021,-1.0122940056772424e-05
839,11255,0.001128300845059738,2.7150899776349818e-08
840,11256,0.0011391936523559953,-4.363024489242703e-05
841,11257,0.0011270239604313304,-4.684551445467627e-05
842,11258,0.001141878154948125,-4.197709693761473e-05
843,11259,0.0011300402441727156,-4.522631445025817e-05
844,11260,0.001144042169281843,-3.9977756945592375e-05
845,11261,0.0011326063978099917,-4.328243242733192e-05
846,11262,0.0011455783402856037,-3.75719278136443e-05
847,11263,0.0011345990961171705,-4.0948990955004064e-05
848,11264,0.0011463462795923778,-3.4682966057481214e-05
849,11265,0.0011359045818690847,-3.8158941525931956e-05
850,11266,0.0011461428511846568,-3.119549650533241e-05
851,11267,0.0011363536096946221,-3.480963799787571e-05
852,11268,0.001144665238542017,-2.6932514963142935e-05
853,11269,0.0011357024551409932,-3.074749649383529e-05
854,11270,0.001141443097786984,-2.1608344205391993e-05
855,11271,0.001133584408780236,-2.5728246118035306e-05
856,11272,0.0011357091160715347,-1.4737762639035612e-05
857,11273,0.0011294198289111873,-1.9346535515776882e-05
858,11274,0.0011261381396320239,-5.45286128314338e-06
859,11275,0.00112224706563724,-1.0890377297059417e-05
860,11276,0.0011103669676713248,9.552975746758055e-07
861,11277,0.0011179575473576734,-4.84063305469408e-05
862,11278,0.001105539512628567,-5.157798414981896e-05
863,11279,0.001120872970781569,-4.649494018830378e-05
864,11280,0.0011087861997555845,-4.9690519270906446e-05
865,11281,0.0011232757542065438,-4.4220868119642483e-05
866,11282,0.0011115832046145154,-4.747058581423565e-05
867,11283,0.0011250576409671867,-4.1513658230972665e-05
868,11284,0.0011138159029799454,-4.483967188435001e-05
869,11285,0.0011260788076967382,-3.8284828107328425e-05
870,11286,0.001115371607541966,-4.172292611567538e-05
871,11287,0.0011261406438876234,-3.4400403421033934e-05
872,11288,0.0011160851505288849,-3.8004070025852166e-05
873,11289,0.0011249519557601847,-2.9653059351197617e-05
874,11290,0.001115723208756826,-3.3508414465887444e-05
875,11291,0.0011220676271353528,-2.3705581739635638e-05
876,11292,0.0011139401460308219,-2.7957224134103628e-05
877,11293,0.0011167768105942075,-1.5978470728930192e-05
878,11294,0.001110202079056787,-2.0884145953746924e-05
879,11295,0.0011078735292240846,-5.424947779630694e-06
880,11296,0.0011036426171214938,-1.1462501968303486e-05
881,11297,0.0010927601881176505,1.8481683410448146e-06
882,11298,0.0010964426507744849,-5.279392699206029e-05
883,11299,0.001083796318790618,-5.586560689785449e-05
884,11300,0.0010995854459029085,-5.060144272984235e-05
885,11301,0.0010872671320368537,-5.369346524197511e-05
886,11302,0.001102224439949593,-4.8029427821537945e-05
887,11303,0.0010902938732713897,-5.1174332217091126e-05
888,11304,0.001104255409468312,-4.500155218812372e-05
889,11305,0.0010927740068431512,-4.822500139489849e-05
890,11306,0.0011055432057710769,-4.1419283695015224e-05
891,11307,0.0010945963673475952,-4.476484731877969e-05
892,11308,0.0011058969647059506,-3.713412593937199e-05
893,11309,0.001095602953765434,-4.0667069201803497e-05
894,11310,0.0011050427417366926,-3.191605208471493e-05
895,11311,0.0010955737016321227,-3.574234335471029e-05
896,11312,0.0011025725326967541,-2.5388725989261124e-05
897,11313,0.0010941916610898703,-2.968784484499115e-05
898,11314,0.0010978500680460703,-1.6902135031601133e-05
899,11315,0.0010909806374013035,-2.1995197696209462e-05
900,11316,0.0010898247760849967,-5.268491905875765e-06
901,11317,0.0010851918819105768,-1.1757573810747196e-05
902,11318,0.0010755646857891566,2.738897586311938e-06
903,11319,0.001074717383546873,-5.666497084665708e-05
904,11320,0.0010618915800539057,-5.9594390208651766e-05
905,11321,0.0010780841763853317,-5.416922878903402e-05
906,11322,0.0010655828574867709,-5.710935969162469e-05
907,11323,0.0010809684542908745,-5.1279834892341874e-05
908,11324,0.0010688530436609258,-5.427259991499676e-05
909,11325,0.001083267421728508,-4.791382419476531e-05
910,11326,0.001071602364741097,-5.098801415109983e-05
911,11327,0.0010848502192047959,-4.3966274439809554e-05
912,11328,0.0010737216631369728,-4.717116578057978e-05
913,11329,0.0010855370047859498,-3.927905223449124e-05
914,11330,0.00107506179748189,-4.26891226131724e-05
915,11331,0.0010850762122182134,-3.360748849040922e-05
916,11332,0.0010754203008734623,-3.73439531142152e-05
917,11333,0.0010831026649604464,-2.6552109700929875e-05
918,11334,0.0010745116793774538,-3.082112399742021e-05
919,11335,0.0010790687714998634,-1.7419964952365723e-05
920,11336,0.0010719248399439908,-2.259181105694177e-05
921,11337,0.0010721052496753143,-4.930841271498003e-06
922,11338,0.001067042412924601,-1.1709320378703194e-05
923,11339,0.001058876752764709,3.6503055358499623e-06
924,11340,0.0010530493422952628,-5.988085777254491e-05
925,11341,0.0010402720781126165,-6.259952503009456e-05
926,11342,0.0010566534998205782,-5.7067385188510524e-05
927,11343,0.0010441979734201567,-5.97987451592023e-05
928,11344,0.001059798227427762,-5.384777554996784e-05
929,11345,0.0010477213937272543,-5.6635119250288716e-05
930,11346,0.0010623858102806552,-5.0133607956166986e-05
931,11347,0.001050751531077659,-5.30091562707816e-05
932,11348,0.0010642914591557074,-4.5816519841059125e-05
933,11349,0.0010531847727495234,-4.883332049312758e-05
934,11350,0.0010653490718399035,-4.0733648940794165e-05
935,11351,0.0010548820642734657,-4.397268818273565e-05
936,11352,0.001065331067034775,-3.463473815884874e-05
937,11353,0.0010556595816238877,-3.822753322082769e-05
938,11354,0.0010639191108463922,-2.7112466737978518e-05
939,11355,0.0010552664380535477,-3.1281362250993336e-05
940,11356,0.001060657902001953,-1.7462728911588216e-05
941,11357,0.0010533545675241707,-2.2607568009809617e-05
942,11358,0.0010548744017848841,-4.371141629715273e-06
943,11359,0.001049438552398932,-1.126712539935371e-05
944,11360,0.0010428261830421584,4.596004074209268e-06
945,11361,0.0010317346233796965,-6.234509463496051e-05
946,11362,0.001019053065525149,-6.484097825904703e-05
947,11363,0.001035588508772869,-5.920782302701387e-05
948,11364,0.0010232308435908844,-6.171314555781051e-05
949,11365,0.0010390089410412249,-5.565186441586844e-05
950,11366,0.0010270246487615114,-5.821858116790242e-05
951,11367,0.0010419039963688109,-5.158678794005685e-05
952,11368,0.0010303572308827855,-5.424865863937536e-05
953,11369,0.001044157421365721,-4.6903107108738486e-05
954,11370,0.001033129875296864,-4.971572034438007e-05
955,11371,0.0010456175684034363,-4.143880862819073e-05
956,11372,0.0010352170397603425,-4.448662271169131e-05
957,11373,0.0010460840619694659,-3.4944904601147274e-05
958,11374,0.0010364554426882807,-3.8365742427853295e-05
959,11375,0.0010452839758738294,-2.7019717095692868e-05
960,11376,0.0010366294746343785,-3.1043188499083497e-05
961,11377,0.0010428478008761807,-1.698125692374043e-05
962,11378,0.0010354491935718844,-2.2012252625247048e-05
963,11379,0.0010382959502911746,-3.5566507678618954e-06
964,11380,0.0010325444185583488,-1.0391644514989756e-05
965,11381,0.0010275188960299586,5.584709560114742e-06
966,11382,0.001010853711124932,-6.402343212635493e-05
967,11383,0.0009982877927649937,-6.627307087241644e-05
968,11384,0.0010149756260498443,-6.055887605922846e-05
969,11385,0.0010027246638118995,-6.282643990436932e-05
970,11386,0.0010186966946087266,-5.6666595267649865e-05
971,11387,0.0010068140108197,-5.9006335009519654e-05
972,11388,0.0010219284065683264,-5.2252022868430484e-05
973,11389,0.001010480288302497,-5.4695269848969434e-05
974,11390,0.001024565248396252,-4.7209863020644784e-05
975,11391,0.001013630605746709,-4.981182794212775e-05
976,11392,0.001026473782731431,-4.1383259463396874e-05
977,11393,0.001016154346677449,-4.423121419087797e-05
978,11394,0.001027480888505356,-3.453161628077781e-05
979,11395,0.0010179125521239158,-3.776568656366924e-05
980,11396,0.0010273589282625767,-2.626804297829331e-05
981,11397,0.0010187253779929265,-3.0120052670595166e-05
982,11398,0.0010258113419186479,-1.595525945684224e-05
983,11399,0.0010183592545159065,-2.0813988968199904e-05
984,11400,0.0010225177326648007,-2.4573266484633553e-06
985,11401,0.0010165314479023877,-9.063887133858462e-06
986,11402,0.0010130793820799248,6.620240017211837e-06
987,11403,0.0009904381903783103,-6.487825567392077e-05
988,11404,0.0009779821187078817,-6.686370156109049e-05
989,11405,0.0009948529940716675,-6.110425613535247e-05
990,11406,0.000982714221755254,-6.313399034125305e-05
991,11407,0.0009989079354696085,-5.688280702127832e-05
992,11408,0.0009871389830991791,-5.9007082769702834e-05
993,11409,0.0010025149281276129,-5.21246272676883e-05
994,11410,0.0009911790450691299,-5.435964577108097e-05
995,11411,0.0010055825316893836,-4.6739652976211466e-05
996,11412,0.000994752532398192,-4.913981681719752e-05
997,11413,0.0010079989660940361,-4.0578630281229325e-05
998,11414,0.0009977768088956643,-4.323777179854241e-05
999,11415,0.0010096201524830218,-3.341655231804289e-05
1000,11416,0.0010001280618346735,-3.647087380812624e-05
1001,11417,0.001010265846183254,-2.4885352338098245e-05
1002,11418,0.0010016734470794093,-2.857094836103541e-05
1003,11419,0.001009708252047449,-1.439678894690295e-05
1004,11420,0.0010022258208914935,-1.9080721537201705e-05
1005,11421,0.001007726778012868,-1.0376803995361663e-06
1006,11422,0.0010016044346158753,-7.319310816209988e-06
1007,11423,0.0009997162287550972,7.71830721366466e-06
1008,11424,0.0009705156448311561,-6.493065857086016e-05
1009,11426,0.0009752743715631842,-6.08827710708298e-05
1010,11428,0.0009797050050073125,-5.634242698764912e-05
1011,11430,0.000983730744753594,-5.124643203625924e-05
1012,11432,0.0009872936542188737,-4.55630306579457e-05
1013,11434,0.0009902949109894812,-3.9111928036912934e-05
1014,11435,0.000992628278302538,-3.1722793893440664e-05
1015,11437,0.0009941479911417148,-2.3031649875449482e-05
1016,11439,0.0009947019174465022,-1.2509383515043712e-05
1017,11441,0.000994225147148164,5.546760821213037e-07
1018,11444,0.001628876929409979,-5.31922197634958e-05
1019,11445,0.0016289476622099869,-5.8233133164421204e-05
1020,11446,0.0016291562388932226,-6.339436121692994e-05
1021,11447,0.0016295257032411324,-6.867026286233886e-05
1022,11448,0.0016300844228716034,-7.4054348714743e-05
1023,11449,0.001630844560735032,-7.952787203910126e-05
1024,11450,0.0016318190194191578,-8.507060572845627e-05
1025,11451,0.0016330199698431833,-9.066086247770287e-05
1026,11452,0.0016344512372521874,-9.628020000674244e-05
1027,11453,0.0016360849754950813,-0.00010191283053085845
1028,11454,0.0016175949846918875,-5.199189244135207e-05
1029,11455,0.0016176025891764508,-5.697870299376849e-05
1030,11456,0.001617753107708045,-6.209320420042094e-05
1031,11457,0.0016180754068755383,-6.733387518009939e-05
1032,11458,0.001618598413699521,-7.269170121779615e-05
1033,11459,0.0016193426764632443,-7.815198200335194e-05
1034,11460,0.0016203248679990763,-8.369411314785705e-05
1035,11461,0.0016215569437825525,-8.929454170394063e-05
1036,11462,0.0016230407236787405,-9.492767292616192e-05
1037,11463,0.0016247613579345474,-0.00010056199975895587
1038,11464,0.0016063161650200551,-5.070382927775776e-05
1039,11465,0.0016062474002385989,-5.562683359880937e-05
1040,11466,0.001606328026594575,-6.068978386807713e-05
1041,11467,0.0016065908912643123,-6.589156799857513e-05
1042,11468,0.001607068284985713,-7.12234464456201e-05
1043,11469,0.0016077870762155383,-7.667114897160045e-05
1044,11470,0.00160876871570811,-8.22135105918696e-05
1045,11471,0.0016100279783184414,-8.782426901335707e-05
1046,11472,0.0016115688208613356,-9.347306633388481e-05
1047,11473,0.0016133828781105537,-9.912328696768791e-05
1048,11474,0.0015950528929482097,-4.934193497954172e-05
1049,11475,0.0015948975076515686,-5.4193732523944234e-05
1050,11476,0.0015948978168448399,-5.9198394019909797e-05
1051,11477,0.0015950905035291933,-6.435575406181211e-05
1052,11478,0.0015955125569122766,-6.965757427525676e-05
1053,11479,0.0015961966841509516,-7.508957444905627e-05
1054,11480,0.0015971699862785918,-8.06299850517967e-05
1055,11481,0.0015984517023139727,-8.62502420304923e-05
1056,11482,0.00160004990154595,-9.191562894012037e-05
1057,11483,0.001601959777226945,-9.758589841512068e-05
1058,11484,0.0015838087721793796,-4.790008943725746e-05
1059,11485,0.0015835555121122432,-5.267292169202281e-05
1060,11486,0.0015834636367265996,-5.761199661128635e-05
1061,11487,0.0015835740118196769,-6.271868438954625e-05
1062,11488,0.0015839290241660036,-6.79856764111785e-05
1063,11489,0.0015845677320623277,-7.339889577448538e-05
1064,11490,0.0015855237386677194,-7.893585836065446e-05
1065,11491,0.001586822006412757,-8.45658355289059e-05
1066,11492,0.0015884754063259126,-9.025051904058659e-05
1067,11493,0.0015904820143448212,-9.59458490101067e-05
1068,11494,0.001572586195735291,-4.637782934980202e-05
1069,11495,0.0015722236999117334,-5.106318594921365e-05
1070,11496,0.0015720269163201517,-5.59283445036765e-05
1071,11497,0.0015720415472777677,-6.097691612171857e-05
1072,11498,0.001572316157253695,-6.620310443216206e-05
1073,11499,0.0015728969225261452,-7.159345572051604e-05
1074,11500,0.0015738249480496396,-7.712497811732179e-05
1075,11501,0.0015751321975751974,-8.27649271427235e-05
1076,11502,0.0015768372226754542,-8.847147775030821e-05
1077,11503,0.0015789412245116013,-9.419607435206066e-05
1078,11504,0.0015613894307612592,-4.477516869228034e-05
1079,11505,0.0015609055765882284,-4.9362899138318724e-05
1080,11506,0.001560590119163236,-5.41444544345149e-05
1081,11507,0.0015604941073306365,-5.9126179351569555e-05
1082,11508,0.0015606730819592066,-6.430437893577458e-05
1083,11509,0.0015611812833317763,-6.966677484262559e-05
1084,11510,0.001562068530386529,-7.519025458961191e-05
1085,11511,0.001563375205119013,-8.084024058175803e-05
1086,11512,0.0015651268248252487,-8.657120251468019e-05
1087,11513,0.0015673287127667152,-9.232921105411172e-05
1088,11514,0.0015502232409553129,-4.309305241717622e-05
1089,11515,0.0015496050656751909,-4.75712276107267e-05
1090,11516,0.0015491560102527942,-5.225798246979844e-05
1091,11517,0.0015489328757562436,-5.716262114568365e-05
1092,11518,0.0015489989303703897,-6.22841631368403e-05
1093,11519,0.0015494175415351175,-6.76121995897269e-05
1094,11520,0.0015502486865442767,-7.312407120227881e-05
1095,11521,0.0015515429008883287,-7.87836360950156e-05
1096,11522,0.0015533344184784797,-8.454141214272011e-05
1097,11523,0.0015556341761278094,-9.033718447928843e-05
1098,11524,0.001539095012320267,-4.133249347940107e-05
1099,11525,0.0015383285517846519,-4.568808822256524e-05
1100,11526,0.001537729780117215,-5.026738298549706e-05
1101,11527,0.0015373614038792212,-5.508302629144928e-05
1102,11528,0.0015372950387265005,-6.01374769989382e-05
1103,11529,0.0015376043146758422,-6.542309422720643e-05
1104,11530,0.0015383610566453818,-7.091848225644909e-05
1105,11531,0.0015396281072349847,-7.658638692092244e-05
1106,11532,0.0015414507265881913,-8.237319271829158e-05
1107,11533,0.001543847455180549,-8.82114495921029e-05
1108,11534,0.0015280109433696292,-3.949455943429864e-05
1109,11535,0.001527081758324074,-4.371395500092666e-05
1110,11536,0.0015263161358997834,-4.8171758959889696e-05
1111,11537,0.0015257827717384568,-5.2884612578660287e-05
1112,11538,0.001525562116450779,-5.7859408673260844e-05
1113,11539,0.0015257392383017927,-6.309244163927522e-05
1114,11540,0.0015263997534201632,-6.856471032444571e-05
1115,11541,0.0015276214694738626,-7.423859903614618e-05
1116,11542,0.0015294636808878435,-8.005634612307815e-05
1117,11543,0.001531955189622658,-8.594226159190906e-05
1118,11544,0.0015169782256891672,-3.758163279604711e-05
1119,11545,0.0015158717525183838,-4.165075434888449e-05
1120,11546,0.001514921469786477,-4.5971581565260275e-05
1121,11547,0.001514201875465213,-5.0565706767083424e-05
1122,11548,0.001513802607934944,-5.544572973173681e-05
1123,11549,0.0015138213340441086,-6.061335909667013e-05
1124,11550,0.001514359642850486,-6.605353388147958e-05
1125,11551,0.001515513549199501,-7.17294706786189e-05
1126,11552,0.001517360289640277,-7.75795481960472e-05
1127,11553,0.0015199425437490703,-8.351879066618916e-05
1128,11554,0.001506004268975496,-3.559866172146243e-05
1129,11555,0.0015047065868553139,-3.950249340456722e-05
1130,11556,0.0015035535720042401,-4.366911763761888e-05
1131,11557,0.0015026252289671482,-4.812612282896284e-05
1132,11558,0.001502020570150447,-5.289320901827622e-05
1133,11559,0.0015018509021677087,-5.7979287952873035e-05
1134,11560,0.0015022361392038506,-6.337529395785325e-05
1135,11561,0.001503294392386137,-6.90470993912669e-05
1136,11562,0.0015051259156200494,-7.493000857075662e-05
1137,11563,0.0015077922744052778,-8.092874379419423e-05
1138,11564,0.0014950972838095032,-3.3553605554183385e-05
1139,11565,0.001493595144633623,-3.7275627286178274e-05
1140,11566,0.0014922213848272165,-4.126885696279376e-05
1141,11567,0.0014910608055055264,-4.55676120183858e-05
1142,11568,0.0014902216275435745,-5.0200037458606e-05
1143,11569,0.0014898295360605217,-5.518429086069317e-05
1144,11570,0.0014900251372057887,-6.051995576686096e-05
1145,11571,0.0014909531848344584,-6.617825490665904e-05
1146,11572,0.0014927435218727806,-7.20930186972985e-05
1147,11573,0.0014954836387949001,-7.81578537843705e-05
1148,11574,0.0014842678396760017,-3.1457380647656245e-05
1149,11575,0.0014825492105464946,-3.497968155207095e-05
1150,11576,0.0014809371918643357,-3.877847872378716e-05
1151,11577,0.001479520423789974,-4.289501342317946e-05
1152,11578,0.0014784156000502223,-4.73670527221776e-05
1153,11579,0.0014777629499879443,-5.222419839495293e-05
1154,11580,0.001477725862262954,-5.747798647227643e-05
1155,11581,0.0014784808201174283,-6.31088507023845e-05
1156,11582,0.0014801956759873584,-6.905205821485616e-05
1157,11583,0.0014829938460071686,-7.518985473609156e-05
1158,11584,0.0014735265559990478,-2.932288504976675e-05
1159,11585,0.0014715804843210992,-3.2626959333201686e-05
1160,11586,0.0014697137078130472,-3.62088090117668e-05
1161,11587,0.0014680169981132847,-4.011642737759278e-05
1162,11588,0.0014666139872636173,-4.439802932756376e-05
1163,11589,0.0014656587007347353,-4.9096845747270894e-05
1164,11590,0.0014653386569046804,-5.42402704358058e-05
1165,11591,0.0014658673451859452,-5.982328708703098e-05
1166,11592,0.0014674611893386996,-6.578756346808056e-05
1167,11593,0.0014702938480330684,-7.200503342643619e-05
1168,11594,0.0014628847813414228,-2.7165630095470183e-05
1169,11595,0.0014607022307110225,-3.023323975358328e-05
1170,11596,0.0014585659934721585,-3.357492864246683e-05
1171,11597,0.0014565667661087544,-3.7244673487959756e-05
1172,11598,0.001454832635878808,-4.130146417803201e-05
1173,11599,0.0014535293769505112,-4.580399611760398e-05
1174,11600,0.0014528685504340275,-5.079977730290246e-05
1175,11601,0.0014531053412348402,-5.630536354209723e-05
1176,11602,0.0014545174259126216,-6.227687928989564e-05
1177,11603,0.0014573492098942196,-6.85796926992349e-05
1178,11604,0.0014523533319479027,-2.5003298401578428e-05
1179,11605,0.0014499278823633976,-2.781803041708054e-05
1180,11606,0.0014475102091691704,-3.089665223109363e-05
1181,11607,0.0014451882803692764,-3.429820760807696e-05
1182,11608,0.0014430911801186317,-3.809197635721416e-05
1183,11609,0.0014413927245953116,-4.235312398306041e-05
1184,11610,0.001440326095307675,-4.715326215780633e-05
1185,11611,0.0014401908419799793,-5.253905829167909e-05
1186,11612,0.0014413398436248202,-5.849348250611985e-05
1187,11613,0.0014441172603291003,-6.48843965250679e-05
1188,11614,0.0014419436998441074,-2.2857730578585586e-05
1189,11615,0.0014392723737251575,-2.5405427743062793e-05
1190,11616,0.001436565073855391,-2.8199683161740308e-05
1191,11617,0.0014339041100987508,-3.130282319954232e-05
1192,11618,0.0014314152905882261,-3.479283452124427e-05
1193,11619,0.0014292748963364381,-3.876082937902521e-05
1194,11620,0.0014277320010673367,-4.330515043034798e-05
1195,11621,0.0014271288766857623,-4.85115904844693e-05
1196,11622,0.001427906157966144,-5.440760265658769e-05
1197,11623,0.0014305471751876932,-6.088246783490142e-05
1198,11624,0.0014316653874093413,-2.0753874830250555e-05
1199,11625,0.0014287488781074163,-2.3023640527115214e-05
1200,11626,0.0014257482156515445,-2.5515286952161972e-05
1201,11627,0.0014227371208173462,-2.829190123255478e-05
1202,11628,0.001419833221496394,-3.1437171931554894e-05
1203,11629,0.0014172079166064936,-3.5055451940659107e-05
1204,11630,0.0014151164703787053,-3.927153795291073e-05
1205,11631,0.001413934955531037,-4.421727010862205e-05
1206,11632,0.0014141971848561999,-4.9986620131129755e-05
1207,11633,0.0014165737944299827,-5.652573836270555e-05
1208,11634,0.0014215267238839985,-1.8720117193426906e-05
1209,11635,0.0014183698863457547,-2.070486485589575e-05
1210,11636,0.001415077082308425,-2.288070926730207e-05
1211,11637,0.001411711256629041,-2.5307504800084786e-05
1212,11638,0.0014083767247947256,-2.8070329907165172e-05
1213,11639,0.0014052314771325484,-3.1281576000179716e-05
1214,11640,0.0014025234607877774,-3.508772870817224e-05
1215,11641,0.001400643965339449,-3.966734323710528e-05
1216,11642,0.001400208472548787,-4.5201697446796994e-05
1217,11643,0.0014021177716938924,-5.175070576436004e-05
1218,11644,0.0014115356298513365,-1.6784880214455665e-05
1219,11645,0.0014081452952313628,-1.848434622521388e-05
1220,11646,0.0014045666625128576,-2.0338369457227253e-05
1221,11647,0.001400848825528476,-2.239991738657788e-05
1222,11648,0.0013970778812263638,-2.4750449930629014e-05
1223,11649,0.0013933898499191852,-2.7503057240508744e-05
1224,11650,0.001390009460398032,-3.081594215995323e-05
1225,11651,0.0013873156484711247,-3.490497974151902e-05
1226,11652,0.001385965028250479,-4.004340469209771e-05
1227,11653,0.00138708973261827,-4.6474422744279445e-05
1228,11654,0.0014016965665858442,-1.4975406833612957e-05
1229,11655,0.001398082777668607,-1.639965460314971e-05
1230,11656,0.0013942300997505722,-1.7935001470079616e-05
1231,11657,0.001390170300377709,-1.962678561625383e-05
1232,11658,0.0013859680049353043,-2.1548244629020526e-05
1233,11659,0.0013817298269381039,-2.3804898302195356e-05
1234,11660,0.0013776417645839877,-2.655287966452343e-05
1235,11661,0.0013740380907204903,-3.002572939913435e-05
1236,11662,0.0013715477148497936,-3.456217237642621e-05
1237,11663,0.0013714394123732086,-4.062501210595815e-05
1238,11665,0.00162323363287127,-5.260275211124194e-05
1239,11666,0.0016176322557545698,-4.954752415691773e-05
1240,11668,0.0016232748959214664,-5.7615891521314634e-05
1241,11669,0.0016175822420257798,-5.4465921478472134e-05
1242,11671,0.0016234552134171366,-6.275460088847545e-05
1243,11672,0.0016176569203853299,-5.951659254808081e-05
1244,11674,0.001623802343755611,-6.801350950061238e-05
1245,11675,0.0016178894300953738,-6.46952322864865e-05
1246,11677,0.001624344080180648,-7.338436087778078e-05
1247,11678,0.0016183086222093294,-6.999607120999534e-05
1248,11679,0.0016250973446179464,-7.885153252695105e-05
1249,11680,0.001618939826761904,-7.540798258618477e-05
1250,11682,0.0016260765588116855,-8.439420825042387e-05
1251,11683,0.001619801085654008,-8.091265702061726e-05
1252,11685,0.0016272937040146972,-8.998979528391837e-05
1253,11686,0.00162090725666789,-8.648750291158304e-05
1254,11688,0.0016287504412934848,-9.56169700208423e-05
1255,11689,0.0016222661222650067,-9.210792940977667e-05
1256,11691,0.001630426948030956,-0.00010124808596429793
1257,11692,0.001623870338624786,-9.77473675788249e-05
1258,11694,0.0016257008432298756,-0.00010336845739194717
1259,11695,0.0016119526418258364,-5.135897139302248e-05
1260,11696,0.001606393549547101,-4.830038545140889e-05
1261,11697,0.0016119245005960204,-5.631276745952031e-05
1262,11698,0.0016062653849920356,-5.314831576505887e-05
1263,11699,0.0016120410228189284,-6.140274202106619e-05
1264,11700,0.001606267089075998,-5.814147002611869e-05
1265,11701,0.0016123349958955778,-6.662447645813279e-05
1266,11702,0.001606434703755903,-6.327449959044373e-05
1267,11703,0.0016128363061361402,-7.196970917654923e-05
1268,11704,0.0016068011198740885,-6.854263148307846e-05
1269,11705,0.0016135689440094044,-7.742397729105454e-05
1270,11706,0.001607396254752298,-7.393454409874047e-05
1271,11707,0.001614551794704084,-8.296644981958309e-05
1272,11708,0.0016082441334934806,-7.94324318854278e-05
1273,11709,0.001615798004444425,-8.857215858683329e-05
1274,11710,0.0016093632714584993,-8.501244749426206e-05
1275,11711,0.0016173101925533611,-9.421298326494059e-05
1276,11712,0.0016107637190399713,-9.064623605017638e-05
1277,11713,0.0016190768504028322,-9.98547172861122e-05
1278,11714,0.0016124429138642312,-9.630053643458852e-05
1279,11715,0.0016143882258268373,-0.00010193515490196583
1280,11716,0.001600681507607971,-5.0034616629474324e-05
1281,11717,0.0015951754078577913,-4.697821030918465e-05
1282,11718,0.0016005719037869336,-5.492060158579624e-05
1283,11719,0.0015949582302772678,-5.1748335802733784e-05
1284,11720,0.0016006135016227413,-5.995577878426144e-05
1285,11721,0.0015948759460894773,-5.667661574861262e-05
1286,11722,0.001600842793711413,-6.513596912257417e-05
1287,11723,0.0015949677213890274,-6.175824534209351e-05
1288,11724,0.001601293857603242,-7.045338502461553e-05
1289,11725,0.00159527068743342,-6.698920341329141e-05
1290,11726,0.0016019965716906474,-7.589358081370463e-05
1291,11727,0.001595819998707767,-7.235840468172119e-05
1292,11728,0.0016029750939308201,-8.143516003747966e-05
1293,11729,0.0015966457541632445,-7.784780550958056e-05
1294,11730,0.0016042462387222214,-8.705069925448636e-05
1295,11731,0.001597771486591872,-8.343213613934243e-05
1296,11732,0.0016058158710277315,-9.270750914473742e-05
1297,11733,0.0015992112242030473,-8.90797045680849e-05
1298,11734,0.0016076777428258961,-9.836705815222505e-05
1299,11735,0.0016009666212803517,-9.47528738725331e-05
1300,11736,0.0016030270527101406,-0.00010040936543080349
1301,11737,0.0015894276219878614,-4.863303563712263e-05
1302,11738,0.0015839807776309377,-4.558031892386589e-05
1303,11739,0.0015892259054606102,-5.344395069744405e-05
1304,11740,0.0015836646723589984,-5.0265651860974596e-05
1305,11741,0.0015891813542661763,-5.841731943103863e-05
1306,11742,0.0015834869201650813,-5.512144427721906e-05
1307,11743,0.001589334569975374,-6.355009083317516e-05
1308,11744,0.0015834908542161122,-6.014477751776896e-05
1309,11745,0.0015897246513625995,-6.883519970874096e-05
1310,11746,0.0015837184140568253,-6.533289233490298e-05
1311,11747,0.0015903875313428395,-7.425825689978197e-05
1312,11748,0.0015842106707516625,-7.067528197450238e-05
1313,11749,0.0015913534185800547,-7.979716387476128e-05
1314,11750,0.0015850042936936927,-7.615370503412501e-05
1315,11751,0.0015926442557349344,-8.542224529020588e-05
1316,11752,0.0015861289951677252,-8.174151327912018e-05
1317,11753,0.0015942704013025405,-9.10969561983503e-05
1318,11754,0.0015876041019237588,-8.740402582012069e-05
1319,11755,0.0015962285738323084,-9.677916904428945e-05
1320,11756,0.0015894353322615236,-9.309974760357263e-05
1321,11757,0.0015916127169009879,-9.878298875308706e-05
1322,11758,0.0015781932036207527,-4.7150966272394876e-05
1323,11759,0.0015728127084365733,-4.4105768354191746e-05
1324,11760,0.0015778881457393006,-5.187883377712927e-05
1325,11761,0.0015723872607150437,-4.869810177060004e-05
1326,11762,0.00157774512211848,-5.678259438022006e-05
1327,11763,0.0015721018405717103,-5.3472854061294504e-05
1328,11764,0.001577809490817331,-6.186111887555204e-05
1329,11765,0.0015720047504437387,-5.8429933426162765e-05
1330,11766,0.0015781260687531163,-6.71085543900735e-05
1331,11767,0.001572143398778053,-6.356845844677727e-05
1332,11768,0.001578737511973481,-7.251090288948244e-05
1333,11769,0.001572565548390737,-6.887900625654152e-05
1334,11770,0.0015796809983803623,-7.804542790288286e-05
1335,11771,0.0015733152859228495,-7.434343522074372e-05
1336,11772,0.0015809848332344956,-8.368036115903406e-05
1337,11773,0.0015744296728381615,-7.993387020077404e-05
1338,11774,0.0015826645900557696,-8.93756511982076e-05
1339,11775,0.0015759344959060174,-8.561282347932335e-05
1340,11776,0.0015847198285789236,-9.50850790220456e-05
1341,11777,0.001577840082199567,-9.133472814119555e-05
1342,11778,0.0015801376453091968,-9.704900717001623e-05
1343,11779,0.0015669827673122252,-4.558833206989647e-05
1344,11780,0.001561675613184152,-4.2555917621482775e-05
1345,11781,0.0015665627280239418,-5.0223969694846294e-05
1346,11782,0.001561129796214737,-4.7045101307178976e-05
1347,11783,0.0015663079911749415,-5.50491403743083e-05
1348,11784,0.0015607237476928828,-5.1728841893770305e-05
1349,11785,0.0015662693710580848,-6.006535969760843e-05
1350,11786,0.0015605112184477671,-5.661038845947269e-05
1351,11787,0.0015664981716934452,-6.526856836836683e-05
1352,11788,0.0015605457855474745,-6.169128447243681e-05
1353,11789,0.0015670446452598346,-7.064565102338372e-05
1354,11790,0.0015608827692263688,-6.696378529327552e-05
1355,11791,0.0015679540433424172,-7.617353391509117e-05
1356,11792,0.0015615747426003539,-7.241032964639329e-05
1357,11793,0.001569262352085652,-8.181851857055165e-05
1358,11794,0.0015626674631636583,-7.800210673186135e-05
1359,11795,0.0015709914160113114,-8.753696139554623e-05
1360,11796,0.0015641945709497197,-8.369885462037459e-05
1361,11797,0.0015731443316642812,-9.32777181997623e-05
1362,11798,0.0015661721156632034,-8.945043485084001e-05
1363,11799,0.0015685935427764471,-9.520014408739456e-05
1364,11800,0.001555800551420861,-4.3945794562000484e-05
1365,11801,0.001550574936141525,-4.0933061318628935e-05
1366,11802,0.0015552531070369927,-4.847810735272685e-05
1367,11803,0.001549896703553658,-4.5306546792544886e-05
1368,11804,0.001554872305048637,-5.32142519613956e-05
1369,11805,0.0015493560351920762,-4.988773831364669e-05
1370,11806,0.0015547150285096898,-5.815870756695809e-05
1371,11807,0.0015490122874401873,-5.4682972760179064e-05
1372,11808,0.00155483981678747,-6.330979701384735e-05
1373,11809,0.0015489257793110606,-5.969670201384535e-05
1374,11810,0.0015553055389572552,-6.865590830257524e-05
1375,11811,0.0015491602848176156,-6.492353815381657e-05
1376,11812,0.0015561668440027376,-7.417410737308163e-05
1377,11813,0.0015497781157159118,-7.03471595407142e-05
1378,11814,0.001557468959486984,-7.982898012276293e-05
1379,11815,0.0015508353399220078,-7.593826462185449e-05
1380,11816,0.0015592415049078838,-8.557305432400794e-05
1381,11817,0.00155237523474097,-8.16538553586533e-05
1382,11818,0.0015614923815356345,-9.134935699648443e-05
1383,11819,0.0015544212175372398,-8.743864001201395e-05
1384,11820,0.0015569702570068027,-9.322861572765905e-05
1385,11821,0.0015446525276028198,-4.22243433029218e-05
1386,11822,0.0015395183128472842,-3.9238562729687026e-05
1387,11823,0.0015439641734871815,-4.664073243322296e-05
1388,11824,0.0015386948310614447,-4.348298889082484e-05
1389,11825,0.0015434417807723133,-5.1275919027326706e-05
1390,11826,0.0015380045286286425,-4.794877277239167e-05
1391,11827,0.0015431485508138542,-5.613756075391121e-05
1392,11828,0.0015375123978196765,-5.264534426555146e-05
1393,11829,0.0015431509550349637,-6.122702066445528e-05
1394,11830,0.0015372858967848215,-5.758062785858892e-05
1395,11831,0.001543517582606531,-6.653497890600638e-05
1396,11832,0.0015373981254746029,-6.275244078348279e-05
1397,11833,0.0015443140454650076,-7.203932400359238e-05
1398,11834,0.0015379225465051865,-6.81465870625846e-05
1399,11835,0.0015455967451448544,-7.770327333119368e-05
1400,11836,0.0015389274842477795,-7.373394128131985e-05
1401,11837,0.001547405092362503,-8.347529797084885e-05
1402,11838,0.001540468136107981,-7.946893406430867e-05
1403,11839,0.0015497535224977257,-8.929166724375291e-05
1404,11840,0.0015425775030987663,-8.52905512767252e-05
1405,11841,0.0015452576915444282,-9.112621900539145e-05
1406,11842,0.0015335452802251771,-4.042490589973456e-05
1407,11843,0.0015285122004476555,-3.747316115303993e-05
1408,11844,0.0015327017428988315,-4.471195297609785e-05
1409,11845,0.0015275302612146866,-4.15753244748907e-05
1410,11846,0.0015320210998161132,-4.9232835037781474e-05
1411,11847,0.0015266745119500843,-4.5911815303274215e-05
1412,11848,0.0015315729697544414,-5.399883890315726e-05
1413,11849,0.0015260155314264325,-5.049570495971714e-05
1414,11850,0.0015314323172588658,-5.9015218836007925e-05
1415,11851,0.0015256281267447757,-5.533922641073694e-05
1416,11852,0.0015316786102546032,-6.427597353969063e-05
1417,11853,0.0015255955405287546,-6.044450280249352e-05
1418,11854,0.0015323902416130603,-6.976077296344108e-05
1419,11855,0.0015260039385403123,-6.580064917107863e-05
1420,11856,0.0015336371821787955,-7.543205105877553e-05
1421,11857,0.0015269362265607337,-7.13797047510699e-05
1422,11858,0.001535471271749209,-8.123411049822032e-05
1423,11859,0.0015284624225464722,-7.713394069006238e-05
1424,11860,0.0015379157741218757,-8.709548578483447e-05
1425,11861,0.0015306280494457787,-8.299611852996213e-05
1426,11862,0.0015334424948595022,-8.888362441669418e-05
1427,11863,0.0015224852890025587,-3.854886301521524e-05
1428,11864,0.0015175635279000247,-3.5638665523412814e-05
1429,11865,0.0015214719513663303,-4.269284961664566e-05
1430,11866,0.0015164101153520384,-3.9585889928190494e-05
1431,11867,0.0015206155400443865,-4.708466934834116e-05
1432,11868,0.0015153728017712963,-4.377817298575879e-05
1433,11869,0.0015199919820638676,-5.174020395171837e-05
1434,11870,0.0015145274443601042,-4.823352236931824e-05
1435,11871,0.0015196851752188431,-5.666971617262664e-05
1436,11872,0.0015139562641689893,-5.2969581410739114e-05
1437,11873,0.001519786639404709,-6.187184950497772e-05
1438,11874,0.001513753376492092,-5.7994157097150224e-05
1439,11875,0.0015203896185817106,-6.732938073661586e-05
1440,11876,0.0015140192991270024,-6.330122592844205e-05
1441,11877,0.0015215805944022137,-7.30049119161681e-05
1442,11878,0.0015148542485644242,-6.886542526636207e-05
1443,11879,0.0015234272650549382,-7.883869356472606e-05
1444,11880,0.0015163467225312592,-7.463767485523533e-05
1445,11881,0.001525964813638805,-8.475049384549973e-05
1446,11882,0.0015185586797789074,-8.054415985005384e-05
1447,11883,0.0015215097632375616,-8.649049781529399e-05
1448,11884,0.001511480774746748,-3.659990317703247e-05
1449,11885,0.0015066793692400397,-3.37400021667667e-05
1450,11886,0.001510283318353765,-4.0586502203509126e-05
1451,11887,0.001505342295672945,-3.751927254439058e-05
1452,11888,0.0015092331654958833,-4.483291473615726e-05
1453,11889,0.0015041074418648522,-4.155107378734121e-05
1454,11890,0.001508412270848669,-4.9360860683121034e-05
1455,11891,0.0015030554237532685,-4.5859922158885564e-05
1456,11892,0.0015079137587845947,-5.418693055650045e-05
1457,11893,0.001502275753596692,-5.0470041987158064e-05
1458,11894,0.0015078423174913888,-5.9316054379344946e-05
1459,11895,0.001501873972330198,-5.539651520126284e-05
1460,11896,0.001508308323211268,-6.47359039814433e-05
1461,11897,0.0015019665984540315,-6.0640140414773066e-05
1462,11898,0.001509418328867414,-7.041073083139959e-05
1463,11899,0.0015026742779500827,-6.61801775619742e-05
1464,11900,0.0015112603445434658,-7.627723728430863e-05
1465,11901,0.0015041085671835279,-7.196760712917025e-05
1466,11902,0.0015138857151692554,-8.224537814641984e-05
1467,11903,0.0015063531165158915,-7.792198776368146e-05
1468,11904,0.0015094420730411566,-8.393514445598473e-05
1469,11905,0.0015005391539828757,-3.458443140451191e-05
1470,11906,0.0014958668289917702,-3.178631706778617e-05
1471,11907,0.001499144053585842,-3.839805003575398e-05
1472,11908,0.0014943353202672262,-3.53826875316889e-05
1473,11909,0.001497882054607293,-4.248084514315218e-05
1474,11910,0.001492887449828663,-3.92360699236074e-05
1475,11911,0.0014968407814239702,-4.686147344899915e-05
1476,11912,0.001491608076067946,-4.3378129777873124e-05
1477,11913,0.0014961225868743784,-5.156422193427032e-05
1478,11914,0.0014905935887309517,-4.784067198887017e-05
1479,11915,0.0014958462548526799,-5.660223467964236e-05
1480,11916,0.0014899611565604512,-5.26477430685737e-05
1481,11917,0.0014961416792624973,-6.197042353304661e-05
1482,11918,0.001489844765439779,-5.780935017981461e-05
1483,11919,0.0014971397089067193,-6.763691373272779e-05
1484,11920,0.001490388905840388,-6.33121583279432e-05
1485,11921,0.0014989544453704014,-7.35360014848808e-05
1486,11922,0.0014917338468499873,-6.910952366355309e-05
1487,11923,0.0015016593168896205,-7.956687829413573e-05
1488,11924,0.0014939920327118712,-7.511490561469448e-05
1489,11925,0.0014972183217789217,-8.12040287079864e-05
1490,11926,0.0014896695539151402,-3.251208026595754e-05
1491,11927,0.0014851362454231666,-2.978929500070108e-05
1492,11928,0.001488064246177287,-3.61354009574908e-05
1493,11929,0.0014834005659602903,-3.31863496226706e-05
1494,11930,0.001486572552063457,-4.0034421497997146e-05
1495,11931,0.0014817249509327937,-3.684186777704718e-05
1496,11932,0.001485287113689892,-4.4245186211095894e-05
1497,11933,0.001480197607161701,-4.079454253589649e-05
1498,11934,0.001484319049113356,-4.880093758552488e-05
1499,11935,0.0014789208183291305,-4.508445296850266e-05
1500,11936,0.0014838017393686562,-5.372517685617624e-05
1501,11937,0.0014780229880265504,-4.9746268979011496e-05
1502,11938,0.001483886870645449,-5.902303204371578e-05
1503,11939,0.0014776565582806554,-5.4801981772864794e-05
1504,11940,0.0014847344350370898,-6.466974052536465e-05
1505,11941,0.0014779933377934552,-6.024936808675363e-05
1506,11942,0.0014864920812268695,-7.059936943023112e-05
1507,11943,0.0014792091200395944,-6.604779534916702e-05
1508,11944,0.0014892636922835226,-7.669974679365767e-05
1509,11945,0.0014814547517230244,-7.210621462618475e-05
1510,11946,0.0014848150410068663,-7.828177911034344e-05
1511,11947,0.001478882001014525,-3.0394429279753587e-05
1512,11948,0.0014744974404856486,-2.7761678696184293e-05
1513,11949,0.001477054912072162,-3.38092833470964e-05
1514,11950,0.0014725490396680367,-3.094296260095341e-05
1515,11951,0.0014753164200333548,-3.75026482399338e-05
1516,11952,0.001470632212155058,-3.43801538257916e-05
1517,11953,0.0014737628407752862,-4.151817164089044e-05
1518,11954,0.0014688369794048012,-3.811880907475945e-05
1519,11955,0.001472512950854163,-4.589904671196215e-05
1520,11956,0.001467269906475747,-4.220753109046763e-05
1521,11957,0.0014717144832306819,-5.068136265045944e-05
1522,11958,0.001466069367168219,-4.669307628775025e-05
1523,11959,0.0014715427112868562,-5.5884085438294835e-05
1524,11960,0.0014654063553354902,-5.161244345421866e-05
1525,11961,0.0014721920273726272,-6.149413058884488e-05
1526,11962,0.001465483072685939,-5.6979261146176e-05
1527,11963,0.0014738531061571918,-6.744915960221135e-05
1528,11964,0.001466518700971157,-6.27644101290939e-05
1529,11965,0.0014766722369977973,-7.362590043318801e-05
1530,11966,0.0014687154216051909,-6.88758177697575e-05
1531,11967,0.001472201991465548,-7.514979718066663e-05
1532,11968,0.0014681886808723902,-2.8246085752431188e-05
1533,11969,0.0014639613522419589,-2.5719238381399305e-05
1534,11970,0.0014661298089956327,-3.143393863190477e-05
1535,11971,0.0014617931019136204,-2.866822240702727e-05
1536,11972,0.0014641288048468392,-3.489866573228217e-05
1537,11973,0.001459623430979604,-3.186653257321355e-05
1538,11974,0.001462283796480108,-3.8691048576268116e-05
1539,11975,0.0014575419721220028,-3.536510290225342e-05
1540,11976,0.001460719196060181,-4.2864811030962754e-05
1541,11977,0.0014556571640167756,-3.922085384486395e-05
1542,11978,0.0014595957430143147,-4.747070020513387e-05
1543,11979,0.0014541149625768694,-4.349359328339908e-05
1544,11980,0.0014591130274209116,-5.254565290133035e-05
1545,11981,0.0014531035753393338,-4.823828135803069e-05
1546,11982,0.0014595049666511143,-5.809443756611021e-05
1547,11983,0.0014528574776439544,-5.3490088097652496e-05
1548,11984,0.0014610169430813566,-6.406467189675594e-05
1549,11985,0.0014536476082455069,-5.9239387441368606e-05
1550,11986,0.0014638547850634703,-7.032411973195331e-05
1551,11987,0.0014557445706384331,-6.539983585077159e-05
1552,11988,0.0014593426132734884,-7.178576644469552e-05
1553,11989,0.0014576007318257915,-2.6083473219615943e-05
1554,11990,0.0014535375175546968,-2.367730640493982e-05
1555,11991,0.001455302046464866,-2.9026903333902383e-05
1556,11992,0.0014511448331264545,-2.638100809527822e-05
1557,11993,0.0014530251232950406,-3.22397844248349e-05
1558,11994,0.001448713400870267,-2.932083380032886e-05
1559,11995,0.0014508671330692089,-3.577925419818046e-05
1560,11996,0.0014463300316055832,-3.2552820325012734e-05
1561,11997,0.0014489552222324684,-3.970950740034589e-05
1562,11998,0.0014441019342472956,-3.614132379348303e-05
1563,11999,0.001447460274632121,-4.4097450041956794e-05
1564,12000,0.0014421789695676112,-4.0159318897729295e-05
1565,12001,0.0014466050663969855,-4.90022213647833e-05
1566,12002,0.0014407631853009194,-4.468200734333121e-05
1567,12003,0.0014466669554672918,-5.445429494085347e-05
1568,12004,0.001440120801206782,-4.9772245709790016e-05
1569,12005,0.0014479595871881717,-6.0421320725580286e-05
1570,12006,0.0014405820003194222,-5.545079408472665e-05
1571,12007,0.00145077279481568,-6.676802460931407e-05
1572,12008,0.001442507443029526,-6.164918949847039e-05
1573,12009,0.0014461904038549438,-6.816195027446095e-05
1574,12010,0.0014471289179112902,-2.3926062317895897e-05
1575,12011,0.0014432357334478677,-2.165646324106509e-05
1576,12012,0.0014445856761080642,-2.660990252207018e-05
1577,12013,0.0014406174141599758,-2.4104280736487888e-05
1578,12014,0.0014420226358419714,-2.9548636842906246e-05
1579,12015,0.0014379189322380346,-2.6768106756347776e-05
1580,12016,0.0014395332266715394,-3.280470774270609e-05
1581,12017,0.001435221824851838,-2.9707957250288407e-05
1582,12018,0.0014372434323996314,-3.6451754440396664e-05
1583,12019,0.0014326285194420892,-3.2993894267952814e-05
1584,12020,0.0014353296459428003,-4.057317435209906e-05
1585,12021,0.0014302877980678695,-3.6710807712737087e-05
1586,12022,0.00143403385665478,-4.5253788743875994e-05
1587,12023,0.0014284096217934417,-4.09548559521379e-05
1588,12024,0.0014336777090874864,-5.0558781621846415e-05
1589,12025,0.0014272874161961675,-4.582195665128154e-05
1590,12026,0.001434656944618893,-5.6490828911035e-05
1591,12027,0.0014273144320648965,-5.137670319829145e-05
1592,12028,0.0014373795732904656,-6.292483620283542e-05
1593,12029,0.0014289662559638422,-5.758890433211825e-05
1594,12030,0.001432687410989998,-6.424365231309217e-05
1595,12031,0.0014367835896332724,-2.179732281952854e-05
1596,12032,0.001433063693273739,-1.968069209035805e-05
1597,12033,0.0014339945773616308,-2.420904865082171e-05
1598,12034,0.0014302219839666416,-2.1864697787095018e-05
1599,12035,0.001431139389105568,-2.6853622827479453e-05
1600,12036,0.001427255304054019,-2.423812895783909e-05
1601,12037,0.0014283046671620305,-2.979682798161639e-05
1602,12038,0.0014242375253189087,-2.6863035615168163e-05
1603,12039,0.0014256106266296253,-3.3119434042756834e-05
1604,12040,0.0014212625366446928,-2.9812241557660662e-05
1605,12041,0.0014232326586189632,-3.691979251775346e-05
1606,12042,0.001418471975327886,-3.3179547922411105e-05
1607,12043,0.0014214242693302718,-4.130977321449384e-05
1608,12044,0.0014160750710594495,-3.708016719170379e-05
1609,12045,0.001420546461022981,-4.639771484784044e-05
1610,12046,0.001414382341186043,-4.164553914474852e-05
1611,12047,0.001421087088757767,-5.2241526862931365e-05
1612,12048,0.0014138457059106393,-4.699776972643971e-05
1613,12049,0.0014236172032215668,-5.875259873948074e-05
1614,12050,0.0014150781259157708,-5.3175862571699124e-05
1615,12051,0.0014187546135695807,-5.998472646214985e-05
1616,12052,0.0014265734332580063,-1.9724193632458845e-05
1617,12053,0.0014230292039259405,-1.777655658506852e-05
1618,12054,0.001423541476808511,-2.1854598653152808e-05
1619,12055,0.001419969210817361,-1.969218545209336e-05
1620,12056,0.0014203928452568538,-2.4188981039321536e-05
1621,12057,0.0014167372994829074,-2.1765602194501796e-05
1622,12058,0.0014172048136974794,-2.679324325009253e-05
1623,12059,0.0014133976390054927,-2.405781081499528e-05
1624,12060,0.0014140867734846482,-2.975153247884337e-05
1625,12061,0.0014100317094904466,-2.6640391201633007e-05
1626,12062,0.0014112050661528755,-3.317320885144169e-05
1627,12063,0.001406767358918417,-2.961125594923023e-05
1628,12064,0.0014088129707135783,-3.719479066017683e-05
1629,12065,0.0014038022334524043,-3.309934298527633e-05
1630,12066,0.001407297275551349,-4.197223228635607e-05
1631,12067,0.0014014476199789752,-3.7268487840148726e-05
1632,12068,0.0014072359823629717,-4.764118440842012e-05
1633,12069,0.0014001957755772393,-4.230634987989887e-05
1634,12070,0.0014094131600322936,-5.419608599118167e-05
1635,12071,0.0014008032646479357,-4.835978199814951e-05
1636,12072,0.0014042838803023329,-5.5321952695066196e-05
1637,12073,0.001416507945531929,-1.773540985509527e-05
1638,12074,0.0014131366156045267,-1.59710484100633e-05
1639,12075,0.0014132388631112058,-1.958058901893363e-05
1640,12076,0.0014098672753575078,-1.7618350797216182e-05
1641,12077,0.0014098005668033641,-2.159495767688424e-05
1642,12078,0.0014063770907038287,-1.938922691847796e-05
1643,12079,0.0014062582471255397,-2.3840549835640646e-05
1644,12080,0.0014027205454348014,-2.1338576162490352e-05
1645,12081,0.001402705388183973,-2.6400154968037715e-05
1646,12082,0.0013989629079637635,-2.353264950182165e-05
1647,12083,0.0013992905598368176,-2.9387749398524005e-05
1648,12084,0.0013952118923132586,-2.6067462001952414e-05
1649,12085,0.0013962518502304306,-3.295712190307329e-05
1650,12086,0.0013916418433224387,-2.9076886605321387e-05
1651,12087,0.00139397845975193,-3.730767272755946e-05
1652,12088,0.0013885436533075397,-3.274681690053578e-05
1653,12089,0.0013931123396694692,-4.2667671633532044e-05
1654,12090,0.0013864145622171774,-3.7323954655847384e-05
1655,12091,0.0013946827086693543,-4.9182367535295354e-05
1656,12092,0.0013861216338628024,-4.3092937178744596e-05
1657,12093,0.0013891185209199584,-5.0162063048857725e-05
1658,12094,0.0014065927326644542,-1.5859566288770184e-05
1659,12095,0.0014033897680071615,-1.428705489358448e-05
1660,12096,0.0014030950489784782,-1.7423194893415665e-05
1661,12097,0.0013999223238711695,-1.5676172302046397e-05
1662,12098,0.0013993760224401746,-1.911618393013385e-05
1663,12099,0.0013961847722353067,-1.7151332038119224e-05
1664,12100,0.0013954859117071836,-2.099276436866482e-05
1665,12101,0.0013922226824309993,-1.87572064104408e-05
1666,12102,0.0013914978262517686,-2.3129757850297344e-05
1667,12103,0.0013880815186368572,-2.055298723794562e-05
1668,12104,0.0013875345386345436,-2.5637672580074095e-05
1669,12105,0.0013838439679417338,-2.262600298601698e-05
1670,12106,0.001383802788211506,-2.8675542614425064e-05
1671,12107,0.0013796503909635452,-2.510450181592579e-05
1672,12108,0.0013806637424849803,-3.2470601850588544e-05
1673,12109,0.0013757488154163009,-2.81792476693279e-05
1674,12110,0.0013787661354720886,-3.7335208343527585e-05
1675,12111,0.0013725940528779483,-3.213316156459578e-05
1676,12112,0.0013793444157700486,-4.362378566085602e-05
1677,12113,0.0013710721671379082,-3.737077973859968e-05
1678,12114,0.0013730320282568506,-4.4360513897132885e-05
1679,12115,0.0013968303036712391,-1.4125183227507036e-05
1680,12116,0.0013931142444469622,-1.5421659962520394e-05
1681,12117,0.0013891294055696786,-1.6800438502898924e-05
1682,12118,0.00138490483326151,-1.8309861626784217e-05
1683,12119,0.001380491913938404,-2.0015827223006454e-05
1684,12120,0.0013759809486940256,-2.2017195257188537e-05
1685,12121,0.001371533620239509,-2.446411668347073e-05
1686,12122,0.0013674488299598919,-2.7587771712247875e-05
1687,12123,0.0013643148980259543,-3.1747307662962665e-05
1688,12124,0.0013633725919328843,-3.748811138517306e-05
1689,12151,0.0009663120909091254,2.1330996079250497e-06
1690,12152,0.0009451027213219939,-7.895336178677359e-06
1691,12153,0.0009243217324722568,-1.598410767740336e-05
1692,12154,0.0009043880868631724,-2.2984077652506562e-05
1693,12155,0.0008669790389861152,-3.538693369986719e-05
1694,12156,0.0008508773399720817,-4.08319026644405e-05
1695,12157,0.0008308740096147163,-4.3555806914659675e-05
1696,12158,0.0008157931918904253,-4.923669240365659e-05
1697,12159,0.0008512115075853578,-4.8199416411900726e-05
1698,12160,0.0008686408330336655,-4.929509679121992e-05
1699,12161,0.0008966483822178099,-5.690131302571657e-05
1700,12162,0.0009137848011207909,-5.7460802285181664e-05
1701,12163,0.0009323818359418307,-5.597922299401271e-05
1702,12164,0.0009516767664201642,-5.5297414387191766e-05
1703,12165,0.0009362837193340095,-2.6677555187589e-05
1704,12166,0.0009475977639263288,-3.619796807500919e-05
1705,12167,0.0009543990029612903,-4.698033713233114e-05
1706,12168,0.0009678301227022185,-3.0492461932994208e-05
1707,12169,0.0009627104745804476,-1.2895920058285272e-05
1708,12170,0.0009668342168352412,-2.2754350327755177e-05
1709,12171,0.000972253249899368,-3.4494044381727847e-06
1710,12172,0.0009505662579310369,-2.4492890706844776e-05
1711,12173,0.0009457901510664104,-1.7804964170309945e-05
1712,12174,0.000965726723448629,-3.713923172213415e-05
1713,12175,0.0009660147967277627,-4.301741876636354e-05
1714,12176,0.0008927709399913975,-3.940239378934807e-05
1715,12177,0.0008960283472144631,-4.862530869736112e-05
1716,12178,0.0009277614401922472,-3.781879578741911e-05
1717,12179,0.0009094050561647892,-3.7549464461414745e-05
1718,12180,0.0009127421376309192,-4.795999913633229e-05
1719,12181,0.0009315836862890799,-4.757203170479251e-05
1720,12182,0.0009224849179568836,-2.92026914179364e-05
1721,12183,0.000882183090122269,-4.895346479367476e-05
1722,12184,0.0008805403597651688,-4.130127739841093e-05
1723,12185,0.0009333582435094511,-6.361140891968644e-05
1724,12186,0.0009494753203295564,-6.121060191789925e-05
1725,12187,0.0009481474626000759,-6.459965495577415e-05
1726,12188,0.0009555225126425151,-3.0528109001734135e-05
1727,12189,0.0008839919261178571,-5.620044781462474e-05
1728,12190,0.0016406852308539044,-1.2760459819995312e-05
1729,12191,0.0016332540512731647,-2.5696320053140677e-05
1730,12192,0.0016231057102947955,-3.505762536445624e-05
1731,12193,0.0016253436245207023,-3.913673915544913e-05
1732,12194,0.0016381770837873661,-4.4534177220970643e-05
1733,12195,0.001597308257961688,-1.0759790727815106e-05
1734,12196,0.0015928858206144317,-2.103363241935343e-05
1735,12197,0.0016131057757061804,-3.115585470624521e-05
1736,12198,0.001591474874130065,-3.603343711799223e-05
1737,12199,0.0015990324425622213,-4.1032517732114975e-05
1738,12200,0.0015565522458363835,-9.144596478726467e-06
1739,12201,0.001552206812233596,-1.8593613870428e-05
1740,12202,0.0015441459617155085,-2.6961089554042785e-05
1741,12203,0.0015487600382964692,-3.0992656671546964e-05
1742,12204,0.0015503040311150315,-3.494847021071773e-05
1743,12205,0.0014229807542864724,-3.3907985669648284e-06
1744,12206,0.0014183562043781487,-6.109737574187541e-06
1745,12207,0.0014400905749527148,-1.1285957145448135e-05
1746,12208,0.0014296163864015883,-1.3294026657160014e-05
1747,12209,0.0014204506131288044,-1.4177916941410772e-05
1748,12210,0.001392241085759763,-2.6392175651783027e-06
1749,12211,0.0013918457557695863,-4.910129807152068e-06
1750,12212,0.0013904649873259958,-6.997212592287563e-06
1751,12213,0.0013879608650809547,-9.027493681480568e-06
1752,12214,3.188949923343502e-05,-0.00011679044348025474
1753,12215,3.181020106590178e-05,-0.0001066681174217706
1754,12216,3.179744016341314e-05,-9.658958182437604e-05
1755,12217,3.189149475362995e-05,-8.655926542204243e-05
1756,12218,3.213278033526534e-05,-7.657968156248604e-05
1757,12219,3.2670921601407436e-05,-6.671519564000112e-05
1758,12220,3.38399413598841e-05,-5.7103517694623144e-05
1759,12221,3.669906069022122e-05,-4.81805027299299e-05
1760,12222,4.465611607687985e-05,-4.127270739805557e-05
1761,12223,4.751317232420233e-05,-3.426940240951896e-05
1762,12224,4.813970316941576e-05,-2.696394526844496e-05
1763,12225,4.6968205406572605e-05,-1.9760344901405627e-05
1764,12226,4.240703286698863e-05,-1.1934610794154686e-05
1765,12227,3.606863863815983e-05,-5.529726904622315e-06
1766,12228,6.376202942684119e-05,-0.0001173524067192019
1767,12229,6.358760774317664e-05,-0.00010747033772741338
1768,12230,6.355325700154494e-05,-9.766852644226127e-05
1769,12231,6.367489773812631e-05,-8.79449298421878e-05
1770,12232,6.40430685907014e-05,-7.834968966149877e-05
1771,12233,6.4754445489507e-05,-6.893101637965197e-05
1772,12234,6.607315470073801e-05,-5.984541772076589e-05
1773,12235,6.836399472338573e-05,-5.131400873079634e-05
1774,12236,7.187474965345972e-05,-4.3615450657005225e-05
1775,12237,7.388681132856396e-05,-3.619439516532025e-05
1776,12238,7.445224880574375e-05,-2.8827918447943194e-05
1777,12239,7.38711355148725e-05,-2.1686674624127122e-05
1778,12240,7.268605893392292e-05,-1.4810978517659806e-05
1779,12241,7.443029372193854e-05,-9.475992132089582e-06
1780,12242,5.253200988073319e-05,-4.738368083839264e-06
1781,12243,9.558357197394012e-05,-0.00011811361501293192
1782,12244,9.531375953344037e-05,-0.00010845011008319312
1783,12245,9.521066218186187e-05,-9.886948063988678e-05
1784,12246,9.532910430280026e-05,-8.940818542444782e-05
1785,12247,9.568240736546663e-05,-8.007783375632623e-05
1786,12248,9.636413473746314e-05,-7.096138671268759e-05
1787,12249,9.743824089019001e-05,-6.212436491284644e-05
1788,12250,9.896609265223431e-05,-5.369252499412296e-05
1789,12251,0.00010075453686957906,-4.572067985250153e-05
1790,12252,0.00010186594225795238,-3.801657642436553e-05
1791,12253,0.00010213659496286752,-3.054694245027327e-05
1792,12254,0.00010144269830771411,-2.323298229846109e-05
1793,12255,0.00010030056475378303,-1.629384862946103e-05
1794,12256,9.893566511394711e-05,-9.570917816948858e-06
1795,12257,8.77050350617291e-05,-4.511709033069093e-06
1796,12258,0.0001273393418249284,-0.00011908384205572856
1797,12259,0.00012694551260473554,-0.0001095912572023919
1798,12260,0.00012677989417016956,-0.0001002011095268724
1799,12261,0.00012683551417460199,-9.091518667651395e-05
1800,12262,0.00012714694709314603,-8.178419612158256e-05
1801,12263,0.00012770390479322044,-7.282621755317557e-05
1802,12264,0.00012850610341382418,-6.411569122222912e-05
1803,12265,0.00012950556293971532,-5.569100888510621e-05
1804,12266,0.00013042595071196864,-4.7557030184848374e-05
1805,12267,0.00013100233392801018,-3.969840037432953e-05
1806,12268,0.00013074716327784474,-3.198448029134371e-05
1807,12269,0.00012990282899642597,-2.457560337297234e-05
1808,12270,0.00012792650312349926,-1.7364236714307097e-05
1809,12271,0.00012529011732517411,-1.0978074207041368e-05
1810,12272,0.0001169960957657795,-3.630567354115686e-06
1811,12273,0.00015899181132241204,-0.00012026955190677795
1812,12274,0.00015848181212478626,-0.00011092284342847224
1813,12275,0.0001582298260274334,-0.00010166178226073216
1814,12276,0.0001582433089570774,-9.25153764492391e-05
1815,12277,0.0001584928387952386,-8.348730797990743e-05
1816,12278,0.00015894934432238617,-7.462522481953724e-05
1817,12279,0.00015957368088469643,-6.594578987365522e-05
1818,12280,0.00016020345816722233,-5.7476788377123373e-05
1819,12281,0.00016078556318040705,-4.924386148027996e-05
1820,12282,0.00016083211407686256,-4.115975889145006e-05
1821,12283,0.00016051028800649755,-3.3318001482812694e-05
1822,12284,0.00015904374081040422,-2.5501556480232447e-05
1823,12285,0.0001569263155999865,-1.7878595303261612e-05
1824,12286,0.00015260509264798978,-9.67874400546129e-06
1825,12287,0.00014840523007710288,-4.302090466506731e-06
1826,12288,0.00019051739431422943,-0.00012169915813562478
1827,12289,0.00018988325334539144,-0.00011246084679997432
1828,12290,0.0001895688251789669,-0.00010330713275995358
1829,12291,0.00018954937790626345,-9.42361619912101e-05
1830,12292,0.00018977568347822082,-8.527552710623599e-05
1831,12293,0.00019020361004135704,-7.6432097054284e-05
1832,12294,0.00019070369789562543,-6.773352300998871e-05
1833,12295,0.00019125473356037065,-5.920248002927561e-05
1834,12296,0.00019150632767839611,-5.0803669518886134e-05
1835,12297,0.00019159978760210474,-4.261046039382318e-05
1836,12298,0.00019080081942693015,-3.445477117004514e-05
1837,12299,0.00018971494166258646,-2.656237514191715e-05
1838,12300,0.00018718690677800996,-1.8681040731438024e-05
1839,12301,0.00018449420003783298,-1.1562939692546322e-05
1840,12302,0.00017975701623242494,-3.7522987709948707e-06
1841,12303,0.00022187156688311646,-0.00012339360101707721
1842,12304,0.00022112266484499628,-0.00011425192618519095
1843,12305,0.00022076900412651865,-0.00010516965089582198
1844,12306,0.00022074997493738653,-9.615429956182558e-05
1845,12307,0.00022102063415370025,-8.720642145395936e-05
1846,12308,0.000221455175646414,-7.834635909229854e-05
1847,12309,0.00022202021220850816,-6.959061400292869e-05
1848,12310,0.00022245629870549737,-6.093217707234618e-05
1849,12311,0.00022285354113756517,-5.242609756986097e-05
1850,12312,0.000222624562441912,-4.395908289328276e-05
1851,12313,0.00022225191650045682,-3.569724488329578e-05
1852,12314,0.00022062295427360755,-2.734441948873019e-05
1853,12315,0.00021880327081934527,-1.9153831163878714e-05
1854,12316,0.00021512740235359355,-1.0268683039447172e-05
1855,12317,0.00021246391917115304,-4.5529074498241955e-06
1856,12318,0.00025300068469995745,-0.00012538388669036852
1857,12319,0.0002521601583440906,-0.00011632603220369599
1858,12320,0.00025178575283092794,-0.00010730770980215159
1859,12321,0.00025183763156321463,-9.831662125799821e-05
1860,12322,0.0002521784393170582,-8.935989777534484e-05
1861,12323,0.00025276045878237655,-8.04471719813468e-05
1862,12324,0.0002533657169286904,-7.158523104991785e-05
1863,12325,0.0002540199178058793,-6.281426871958734e-05
1864,12326,0.00025429205133394343,-5.4074909285523596e-05
1865,12327,0.0002544937683002765,-4.5491221526379145e-05
1866,12328,0.0002537254184875005,-3.685003139247183e-05
1867,12329,0.00025291175780824034,-2.8455378063093626e-05
1868,12330,0.00025061834195933496,-1.9991009266022146e-05
1869,12331,0.0002486009184112709,-1.2348123383586372e-05
1870,12332,0.0002449700157201826,-3.993550225541576e-06
1871,12333,0.00028384951284538646,-0.00012769165121270137
1872,12334,0.0002829202226570349,-0.00011872171469079106
1873,12335,0.00028259783730961703,-0.00010975634156725432
1874,12336,0.00028273332805064976,-0.00010078024234410726
1875,12337,0.0002832698917010786,-9.178931749187407e-05
1876,12338,0.00028398736626705025,-8.27915185419735e-05
1877,12339,0.00028486498068442545,-7.381575222851914e-05
1878,12340,0.00028556996310315295,-6.484209591776502e-05
1879,12341,0.00028625716373228353,-5.595875317697917e-05
1880,12342,0.0002862648781839202,-4.7025720682972485e-05
1881,12343,0.00028622895640034035,-3.826974440946129e-05
1882,12344,0.0002848954577369816,-2.933905156259909e-05
1883,12345,0.000283607742069604,-2.0566871325636455e-05
1884,12346,0.00028054593139757494,-1.1008830543978644e-05
1885,12347,0.0002784833830988281,-4.877727787011628e-06
1886,12348,0.0003143218609345332,-0.0001303370662589386
1887,12349,0.0003133675986561039,-0.00012146072066919902
1888,12350,0.0003130987070980453,-0.00011255100384019543
1889,12351,0.0003134479911143393,-0.00010357692269720533
1890,12352,0.0003141662432280163,-9.453301381616604e-05
1891,12353,0.0003152049005655927,-8.543462456259855e-05
1892,12354,0.0003162587741785607,-7.628521707892419e-05
1893,12355,0.00031737663972514847,-6.714880982619416e-05
1894,12356,0.0003180773689853906,-5.795449139625904e-05
1895,12357,0.00031872870874758943,-4.88722702955173e-05
1896,12358,0.0003183861196897023,-3.965192737208757e-05
1897,12359,0.00031808392825981183,-3.0670005862369024e-05
1898,12360,0.00031629473350697733,-2.155586588593823e-05
1899,12361,0.00031488190118792586,-1.3320806405539105e-05
1900,12362,0.0003119065937537847,-4.304971026806774e-06
1901,12363,0.0003443514263129497,-0.0001333276515335254
1902,12364,0.00034337242851262945,-0.0001245601126388799
1903,12365,0.00034329635371713,-0.00011570561215502191
1904,12366,0.0003438400555054188,-0.00010672595446130916
1905,12367,0.00034492367170788985,-9.761251239327454e-05
1906,12368,0.0003462138580858325,-8.837449415284453e-05
1907,12369,0.0003477027494080492,-7.905880485276805e-05
1908,12370,0.00034899553256184353,-6.964683758483185e-05
1909,12371,0.0003502639168441172,-6.026244527165171e-05
1910,12372,0.0003508399516512552,-5.0746475141728356e-05
1911,12373,0.00035138832594173476,-4.138409299180371e-05
1912,12374,0.00035067122809480096,-3.176962018574204e-05
1913,12375,0.0003500826062146226,-2.2307890937568138e-05
1914,12376,0.00034780661433390627,-1.1949058171874654e-05
1915,12377,0.00034629298109805083,-5.2965882508750415e-06
1916,12378,0.0013569546142874556,-2.58404957423399e-06
1917,12379,0.0013651177027554202,-4.5271823070548385e-06
1918,12380,0.001366458887544957,-6.075250214967214e-06
1919,12381,0.0013642554754118917,-7.413304615026325e-06
1920,12382,0.0003737914934412135,-0.00013666214687830017
1921,12383,0.0003729216695139877,-0.00012801810001164166
1922,12384,0.00037303098296917063,-0.00011922387380443685
1923,12385,0.0003739811647310335,-0.00011022488329349039
1924,12386,0.00037536085029666027,-0.00010101446070364734
1925,12387,0.00037712907758164616,-9.162353204793387e-05
1926,12388,0.0003788964944710799,-8.206727470894372e-05
1927,12389,0.0003807237318487235,-7.243887951467282e-05
1928,12390,0.0003821126533234941,-6.266544283834954e-05
1929,12391,0.00038342800783727277,-5.29657992043606e-05
1930,12392,0.00038379636868116345,-4.305448995085742e-05
1931,12393,0.0003842337424100829,-3.337762944932788e-05
1932,12394,0.0003832927334027326,-2.3500021388325517e-05
1933,12395,0.0003827435838465061,-1.4552459547323428e-05
1934,12396,0.0003807925605841197,-4.709560174371771e-06
1935,12397,0.0004025667124275822,-0.00014031880885198212
1936,12398,0.0004018341806322756,-0.00013182291818350983
1937,12399,0.0004023821488367802,-0.00012308691442617848
1938,12400,0.0004036973117023162,-0.00011404973553346651
1939,12401,0.00040561758422759907,-0.00010471263941542681
1940,12402,0.0004077171641166813,-9.51148493511942e-05
1941,12403,0.0004100310439509415,-8.533113181399167e-05
1942,12404,0.00041211528203890233,-7.535338073002736e-05
1943,12405,0.00041411956810873135,-6.534655581402338e-05
1944,12406,0.00041545519920626977,-5.514038587805177e-05
1945,12407,0.0004167537545647868,-4.5077783374759804e-05
1946,12408,0.00041696819390932413,-3.469211778257327e-05
1947,12409,0.00041743996155906607,-2.4443817620239538e-05
1948,12410,0.0004165993345052498,-1.3145706711810402e-05
1949,12411,0.00041617691230740316,-5.8378084195547375e-06
1950,12412,0.00043047250050836955,-0.0001442606959058959
1951,12413,0.0004301380450399016,-0.00013593826273833537
1952,12414,0.00043117247651013854,-0.00012726590444691737
1953,12415,0.00043320978513869244,-0.00011815153275923153
1954,12416,0.00043549809519031243,-0.00010863190303266783
1955,12417,0.0004381594502381566,-9.880236567273373e-05
1956,12418,0.0004408063821485375,-8.870597577374823e-05
1957,12419,0.00044346931941667295,-7.845700109477984e-05
1958,12420,0.0004456334715757602,-6.799351895515134e-05
1959,12421,0.0004476396445763619,-5.759232784933591e-05
1960,12422,0.000448857752873269,-4.693845702649353e-05
1961,12423,0.00045021297193011524,-3.65287177612647e-05
1962,12424,0.0004505834884130053,-2.5850414475208242e-05
1963,12425,0.0004515342170474457,-1.6109571988017878e-05
1964,12426,0.0004519355808561423,-5.243426297889514e-06
1965,12427,0.00045740894558971625,-0.00014841533158413563
1966,12428,0.00045760063131575955,-0.00014032105692194887
1967,12429,0.0004596222084013426,-0.0001317072467786976
1968,12430,0.00046247805073371833,-0.00012246311670264208
1969,12431,0.00046527219045683647,-0.00011266221380099057
1970,12432,0.0004681850615448008,-0.00010254161750570954
1971,12433,0.0004714395119117841,-9.216212026368867e-05
1972,12434,0.00047443794887571056,-8.149751772318611e-05
1973,12435,0.0004770684777073393,-7.076678568971658e-05
1974,12436,0.0004790565181344973,-5.983138385594551e-05
1975,12437,0.0004809992610983085,-4.907452595257672e-05
1976,12438,0.0004822703741509732,-3.797280490363642e-05
1977,12439,0.00048410989982397795,-2.6987065359028147e-05
1978,12440,0.0004858059938161546,-1.4753012028399335e-05
1979,12441,0.0004881032357268933,-6.591305266245301e-06
1980,12442,0.0004830803056230351,-0.00015268246756786725
1981,12443,0.0004842209080748345,-0.0001448832000278884
1982,12444,0.00048758816681299984,-0.0001363967900309324
1983,12445,0.0004923712122332973,-0.00012685780989829106
1984,12446,0.0004946867881043792,-0.00011661035831344515
1985,12447,0.0004979135146496279,-0.00010618813443235451
1986,12448,0.000501652222696039,-9.549890714276893e-05
1987,12449,0.00050540532133878,-8.451279792550762e-05
1988,12450,0.000507955916525872,-7.326047242001501e-05
1989,12451,0.0005101626389385776,-6.217088485419722e-05
1990,12452,0.0005119531698485509,-5.089405704221929e-05
1991,12453,0.0005139576822154522,-3.990426915928101e-05
1992,12454,0.0005155592482605633,-2.8665379395706374e-05
1993,12455,0.0005180886097828752,-1.8380256924156226e-05
1994,12456,0.0005248276560981989,-6.1774294775184956e-06
1995,12457,0.0008547522844749749,-6.936929454217553e-05
1996,12458,0.00085668454634835,-7.805432479333163e-05
1997,12459,0.0008474412563568148,-8.585790002561686e-05
1998,12460,0.0008375826706760688,-9.22697727338423e-05
1999,12461,0.0008263666831528146,-9.824430550974098e-05
2000,12462,0.000812392670533282,-0.0001037847159776877
2001,12463,0.0007936726681510174,-0.00010959906279168893
2002,12464,0.0007849415227045601,-0.00011594760713577595
2003,12465,0.0007803477979741415,-0.00011903926698741449
2004,12466,0.0007722759691829131,-0.00012190910389312296
2005,12467,0.0007618410976836634,-0.00012421918943598056
2006,12468,0.0007512839957369948,-0.0001255083072204926
2007,12469,0.0007412572236304589,-0.00012567590765456263
2008,12470,0.0007312275635459573,-0.00012418392868103934
2009,12471,0.0007097848362837713,-0.0001251177206398071
2010,12472,0.0006894409481954673,-0.0001255348386954826
2011,12473,0.0006676429691387258,-0.00012535724989123733
2012,12474,0.0006456970235241153,-0.00012402337122855705
2013,12475,0.000623214991820548,-0.00012192644242436785
2014,12476,0.0006006694260876994,-0.00011900587242483186
2015,12477,0.0005774259886471137,-0.00011569304581603526
2016,12478,0.0005531874629169635,-0.00011234087361711993
2017,12479,0.0005265849438354278,-0.00010948848816659591
2018,12480,0.0006332172115549442,-0.00011275532680289319
2019,12481,0.0006431213821094892,-0.00010328790234445866
2020,12482,0.0006526900486761943,-9.35820435176475e-05
2021,12483,0.0006614245041590046,-8.343900840179838e-05
2022,12484,0.0006689079827546413,-7.28190968462565e-05
2023,12485,0.000675835442306615,-6.143240776896344e-05
2024,12486,0.0006817911020009727,-4.9341171455777026e-05
2025,12487,0.0006883835812987177,-3.543437281122901e-05
2026,12488,0.0007028337086374711,-2.0997947262590757e-05
2027,12489,0.0007008582574813245,-1.0789124607498764e-05
2028,12490,0.0007914614464171979,-0.00011806389143882603
2029,12491,0.0008118684264160313,-0.00011349925837635542
2030,12492,0.0008324579388288339,-0.00010834455976867075
2031,12493,0.0008536981660724567,-0.00010238298334536909
2032,12494,0.0008756750122832485,-9.575723279534488e-05
2033,12495,0.0008795116233236858,-8.782150235668382e-05
2034,12496,0.0008989521453359728,-7.898052387312413e-05
2035,12497,0.0009163418032601469,-6.929300682776955e-05
2036,12498,0.0009309880788201377,-5.869180870436158e-05
2037,12499,0.0009423650532155834,-4.754135970188495e-05
2038,12500,0.0009511430276610326,-3.598395199848268e-05
2039,12501,0.0009570914184231839,-2.413409915092807e-05
2040,12502,0.0009606113657476434,-1.211795420140125e-05
2041,12503,0.0008553497346432098,-9.371611692107616e-05
2042,12504,0.0008741986554600833,-9.39869328483924e-05
2043,12505,0.0008945437407915653,-9.311931763965885e-05
2044,12506,0.0009152190082272107,-9.116899903167608e-05
2045,12507,0.0009372648334246198,-8.811684482085839e-05
2046,12508,0.0009595553148932707,-8.415727540920438e-05
2047,12509,0.0009834823380070463,-7.885319900424479e-05
2048,12510,0.0010043040763658873,-7.29188135066511e-05
2049,12511,0.0010221976751860586,-6.619467918966775e-05
2050,12512,0.0010361399803961776,-5.887695356587282e-05
2051,12513,0.0010498325679351714,-5.0236334137021144e-05
2052,12514,0.0010616298025292853,-4.0816759553210635e-05
2053,12515,0.0010717554985342533,-3.0907868449741964e-05
2054,12516,0.0010793152142913414,-2.0704043467391582e-05
2055,12517,0.001084621993694859,-1.0378282401542309e-05
2056,12518,0.0009286073305991096,-7.334315945903359e-05
2057,12519,0.0009219793979803429,-7.868158163502148e-05
2058,12520,0.0009142357351682752,-8.368248069579307e-05
2059,12521,0.0009047925368690531,-8.854875214763564e-05
2060,12522,0.0009497789546327809,-7.353385217303053e-05
2061,12523,0.0009435641505588162,-7.833196895929101e-05
2062,12524,0.0009353493349081375,-8.293734935533708e-05
2063,12525,0.0009263398434110559,-8.715232463854366e-05
2064,12526,0.0009486362246340804,-8.46984536834122e-05
2065,12527,0.0009737872519016249,-8.084300280942989e-05
2066,12528,0.0010044920143744047,-7.510060526467467e-05
2067,12529,0.0010292463920792585,-6.888874956843312e-05
2068,12530,0.0010481447518455576,-6.227796073667801e-05
2069,12531,0.0010648642454887034,-5.485257587982008e-05
2070,12532,0.0010789956816809733,-4.672816826607454e-05
2071,12533,0.0010917633828298361,-3.791788662871537e-05
2072,12534,0.001102107171663173,-2.8696515783611037e-05
2073,12535,0.0011106113145037011,-1.9221157365159838e-05
2074,12536,0.0011166188528240234,-9.609559810482156e-06
2075,12537,0.0009662938904357677,-7.701637903227869e-05
2076,12538,0.000992867739369589,-7.429133496478629e-05
2077,12539,0.0010128314310742044,-7.215663452461375e-05
2078,12540,0.0010363401819191791,-6.825053763863543e-05
2079,12541,0.0010565407504478778,-6.360564845424914e-05
2080,12542,0.0010753906541789942,-5.7545782120082544e-05
2081,12543,0.0010931017467421152,-5.04855856479035e-05
2082,12544,0.0011081036669297285,-4.285114365675373e-05
2083,12545,0.0011210589884934525,-3.47502684731225e-05
2084,12546,0.001132342728488051,-2.623727651132173e-05
2085,12547,0.0011412962197924548,-1.7552712877836393e-05
2086,12548,0.0011486614103993018,-8.768890941593082e-06
2087,12549,0.000971405197405957,-7.288978200105218e-05
2088,12550,0.0011502394655444972,-3.1282730878704526e-05
2089,12551,0.001179174068302068,-2.7617959310201273e-05
2090,12552,0.001207301066911802,-2.2255812870198117e-05
2091,12553,0.0012293591325253507,-1.8754342266953664e-05
2092,12554,0.0012510565668550028,-1.575893406496212e-05
2093,12555,0.0012766431872052438,-1.181909211377425e-05
2094,12556,0.0012991319197197771,-9.322824294341051e-06
2095,12557,0.0013225731197766893,-7.554059907372866e-06
2096,12558,0.0013433369541126932,-7.0065470792250515e-06
2097,12559,0.0010305379312466304,-6.682260820922485e-05
2098,12560,0.0010495625251256517,-6.409120950779803e-05
2099,12561,0.001070168435126721,-6.070478289346239e-05
2100,12562,0.0010839165889717773,-5.764867037656974e-05
2101,12563,0.0011004283203538212,-5.265400501773825e-05
2102,12564,0.001122984182615256,-4.5309961177679355e-05
2103,12565,0.001135712591226027,-3.8756433561921424e-05
2104,12566,0.0012705624025150391,-1.3349099022596084e-05
2105,12567,0.001159570388932659,-3.469522273879754e-05
2106,12568,0.001174858390027627,-3.2973038239181926e-05
2107,12569,0.0011969787273375463,-2.8212994614324793e-05
2108,12570,0.0012130649231805147,-2.4504000559011782e-05
2109,12571,0.0012342913709993907,-2.0367556322713438e-05
2110,12572,0.0012513419287963202,-1.6790713037939335e-05
2111,12573,0.0010988014907683254,-5.4131140247991654e-05
2112,12574,0.001105489296091238,-5.260645355829618e-05
2113,12575,0.0011182100441963609,-4.9031984361676716e-05
2114,12576,0.0011350939906001661,-4.4057170172340725e-05
2115,12577,0.0011551668003567414,-3.859172408038126e-05
2116,12578,0.0011327161405892407,-4.598922432152417e-05
2117,12579,0.0011635087982056409,-3.8130627356173354e-05
2118,12580,0.001143865028709708,-4.2682529836999425e-05
2119,12581,0.0011802570263390163,-3.371413430891645e-05
2120,12582,0.001188321630470497,-3.1138045092271956e-05
2121,12583,0.0012127488592387327,-2.513039318844327e-05
2122,12584,0.0012107058380469026,-2.5993339007407514e-05
2123,12585,0.001199905480867611,-2.8497033287437597e-05
2124,12586,0.0011963066310513699,-2.963746136394142e-05
2125,12587,0.0012030075450975453,-2.7359110093184677e-05
2126,12588,0.0011626021978163568,-3.78165834879417e-05
2127,12589,0.0011757251268636115,-3.3915298813465816e-05
2128,12590,0.0011476017342578661,-4.223661633566702e-05
2129,12591,0.0011457865231359727,-3.962700662535477e-05
2130,12592,0.0012199584687352814,-2.210442359906145e-05
2131,12593,0.001202754822160632,-2.536873549443161e-05
2132,12594,0.0011861324050646653,-2.8611491620833057e-05
2133,12595,0.0012320880429378045,-2.0131654486596725e-05
2134,12596,0.0012852097651798967,-1.1220657078166784e-05
2135,12597,0.0009932015317298784,-7.134343852696848e-05
2136,12598,0.0010125100759746759,-6.902255477508946e-05
2137,12599,0.0012386582265902387,-1.4741928112973211e-05
2138,12600,0.0012458263195970923,-1.0881973765572913e-05
2139,12601,0.0012518610848032815,-7.306269046623229e-06
2140,12602,0.0012587917907347116,-3.909270077816577e-06
2141,12603,0.0012850737233701076,-9.507542692159176e-06
2142,12604,0.0012949241708903217,-6.7051423096397644e-06
2143,12605,0.0012884248217662688,-3.958694637047883e-06
2144,12606,0.0013233222098299991,-2.622252359929982e-06
2145,12607,0.00134479034110258,-6.021000857515224e-06
2146,12608,0.0013245305954657097,-6.680945946696137e-06
2147,12609,0.0013044387526577475,-7.999233569138376e-06
2148,12610,0.001321539478158225,-4.637334454237603e-06
2149,12611,0.0013247974803094098,-5.695541354417979e-06
2150,12612,0.0013083144344758952,-6.784770529335774e-06
2151,12613,0.0013442716970751278,-4.942244449173694e-06
2152,12614,0.001340962624980045,-4.012990804621091e-06
2153,12615,0.0012612153361663359,-1.2173939083758635e-05
2154,12616,0.0012685098693516563,-8.954775296840712e-06
2155,12617,0.0012696445883311693,-6.662738206412165e-06
2156,12618,0.0012150846943420025,-1.7589937874718724e-05
2157,12619,0.00118968464542072,-2.0698232240784635e-05
2158,12620,0.0011614353750872863,-2.3581588541145035e-05
2159,12621,0.0011712441258021416,-1.5781883998364476e-05
2160,12622,0.0011798199032900425,-7.942887742704008e-06
2161,12623,0.0012233758571230059,-1.2578913695482798e-05
2162,12624,0.0011988550712071948,-1.409136239972097e-05
2163,12625,0.00120878914630358,-7.325599536919243e-06
2164,12626,0.001230728846672302,-7.875320123243802e-06
2165,12627,0.0012374842585520993,-4.072338763467434e-06
2166,12628,0.0009581809297590231,-8.103313037374278e-05
2167,12629,0.0009809935867709392,-7.824115895576793e-05
2168,12630,0.0009999635944792163,-7.533771023858584e-05
2169,12631,0.0009079770144585858,-7.23568336108779e-05
2170,12632,0.0008891554895353231,-7.082986700480388e-05
2171,12633,0.0008719287920552864,-6.953070167282135e-05
2172,12634,0.00086561442859739,-8.782734760482186e-05
2173,12635,0.000884866932274334,-8.877016930975501e-05
2174,12636,0.0008752666834501839,-8.173481913874493e-05
2175,12637,0.0008939667408739707,-8.336441666679022e-05
2176,12638,0.0008709138246611675,-7.473601757064416e-05
2177,12639,0.0008842282592042104,-7.654055408174527e-05
2178,12640,0.0009021381174078684,-7.799597322156599e-05
2179,12641,0.0009906372860676816,-1.1878512352034126e-05
2180,12642,0.0010214461661704278,-1.1524992228806134e-05
2181,12643,0.0010527570101566664,-1.1012089639219274e-05
2182,12644,0.0009868913886664928,-2.369733457655488e-05
2183,12645,0.0010172248296542274,-2.297683808817338e-05
2184,12646,0.0010482333873965703,-2.1986670903936145e-05
2185,12647,0.000980343093798883,-3.535919239066649e-05
2186,12648,0.0010105351858665434,-3.4337050291030055e-05
2187,12649,0.0010409558633215391,-3.2803684259020367e-05
2188,12650,0.0009238722901928686,-9.124305535391268e-05
2189,12651,0.0009110233623433724,-9.364988691622171e-05
2190,12652,0.0008789667014113497,-0.00010006117085302598
2191,12653,0.0008671039746553247,-0.00010153689208289036
2192,12654,0.0009443260282269272,-8.693522605554472e-05
2193,12655,0.0009285879453865877,-8.939108175838416e-05
2194,12656,0.0008990166117871307,-9.535513494002753e-05
2195,12657,0.000890369805468383,-9.541069911723159e-05
2196,12658,0.000971247105692663,-4.684552677115159e-05
2197,12659,0.0010009589996450249,-4.554296816808644e-05
2198,12660,0.0010315242526675434,-4.340640733627687e-05
2199,12661,0.0008992672551290154,-8.796423303727645e-05
2200,12662,0.0009215331310019779,-7.910501288723292e-05
2201,12663,0.0009428257122740528,-6.899365699034979e-05
2202,12664,0.0009588044328757569,-5.8117315904952445e-05
2203,12665,0.0009632573521467646,-8.199095509291177e-05
2204,12666,0.000943487686419171,-8.460183103894976e-05
2205,12667,0.0009187379758560377,-8.807747948167111e-05
2206,12668,0.0009888479068541306,-5.670447424400027e-05
2207,12669,0.001019609978762498,-5.3596520431996414e-05
2208,12670,0.0009442483430762891,-7.871046820646073e-05
2209,12671,0.0009724693713490676,-6.840740628008397e-05
2210,12672,0.0009822599397867973,-7.589118472194078e-05
2211,12673,0.0009619064831373642,-7.820166816295779e-05
2212,12674,0.0010068990419615088,-6.288727332555098e-05
2213,12675,0.0009974066095413184,-6.95980054063037e-05
2214,12676,0.000977724276443368,-7.215111667183892e-05
2215,12677,0.0008013156681697262,-0.0001154866074971274
2216,12678,0.0008234290874386974,-0.00011144306760525787
2217,12679,0.0008453726944052271,-0.00010677939186178108
2218,12680,0.0008088460448778623,-0.00011150524737935979
2219,12681,0.0008349522730583275,-0.0001082480651525786
2220,12682,0.0008574240440393661,-0.00010447869242250618
2221,12683,0.0008908872946212678,-9.77804461922379e-05
2222,12684,0.0009035681403566244,-9.470594619110566e-05
2223,12685,0.000828583970773422,-0.00010502499272430519
2224,12686,0.0008491161323443571,-0.00010379986932844949
2225,12687,0.0008703697535716794,-0.00010122306410782655
2226,12688,0.0008431389390414315,-9.928643908957276e-05
2227,12689,0.0008625738234884431,-9.90053756968578e-05
2228,12690,0.000882648894827021,-9.739245191422495e-05
2229,12691,0.0008187951407604598,-0.00010915344320630219
2230,12692,0.0008041504048959193,-0.00010952229173950962
2231,12693,0.0007887932846412181,-0.00010937940829372752
2232,12694,0.0007719102668780915,-0.00010926327873315127
2233,12695,0.0007526845780641243,-0.00010940991777252231
2234,12696,0.0007317220010849482,-0.0001093752771047526
2235,12697,0.0007102032829003835,-0.00010872796051561624
2236,12698,0.0006881097698694544,-0.00010758408765220298
2237,12699,0.0006657707125307213,-0.00010573513983085428
2238,12700,0.0007234154850305913,-1.0800421781976583e-05
2239,12701,0.0007465954227106273,-1.1140866277400802e-05
2240,12702,0.0007708441986832144,-1.1478805351375041e-05
2241,12703,0.0007957446700123382,-1.1815318536066611e-05
2242,12704,0.0008214816742397411,-1.203771106566692e-05
2243,12705,0.0008478513805644361,-1.2203078996234533e-05
2244,12706,0.0008749384135663879,-1.227684290609693e-05
2245,12707,0.0009027496763166376,-1.2298404645037187e-05
2246,12708,0.0009312709759222344,-1.2242632169604268e-05
2247,12709,0.0006755679205370426,-9.598201487260567e-05
2248,12710,0.0006846339921747253,-8.579652377783385e-05
2249,12711,0.0006930743284887974,-7.506104140891352e-05
2250,12712,0.0007003549060825039,-6.392684503800955e-05
2251,12713,0.0007073962790483361,-5.2258284878284116e-05
2252,12714,0.0007137885043541728,-4.068123350281674e-05
2253,12715,0.0007215207567656839,-3.104550762258994e-05
2254,12716,0.00072341061539477,-2.1328073770307506e-05
2255,12717,0.0007315659950822222,-5.482442037722579e-05
2256,12718,0.0007559470653541727,-5.6641024886823514e-05
2257,12719,0.0007801294420618954,-5.797553382200544e-05
2258,12720,0.0008047982018737956,-5.871085391992578e-05
2259,12721,0.0008294870897015349,-5.9045309849797324e-05
2260,12722,0.0008541496680908176,-5.9026267438981775e-05
2261,12723,0.0008790307820260629,-5.8988851435611155e-05
2262,12724,0.0009043927338371558,-5.8924170478099e-05
2263,12725,0.0008918035911605457,-6.926601939335426e-05
2264,12726,0.0008768706328211228,-7.87573257973086e-05
2265,12727,0.0008603147146667693,-8.726354640960344e-05
2266,12728,0.0008591163048546163,-9.564367780100158e-05
2267,12729,0.0008386228260611112,-0.00010282917318626288
2268,12730,0.0006982642579384784,-9.792456332524933e-05
2269,12731,0.0007079622223275488,-8.777007660430529e-05
2270,12732,0.0007166780788487779,-7.716741944502338e-05
2271,12733,0.0007247490233557148,-6.607941094482663e-05
2272,12734,0.0008681383863585222,-6.92186526010218e-05
2273,12735,0.0008559598869612419,-7.840846219296658e-05
2274,12736,0.0008422551237062541,-8.64339152616114e-05
2275,12737,0.0008416966662432306,-9.517766329285734e-05
2276,12738,0.0008227486754258679,-0.00010265105839124212
2277,12739,0.000748619560389308,-6.788375686806883e-05
2278,12740,0.0007728961379488684,-6.906783046656097e-05
2279,12741,0.0007972009787027248,-6.97368768632843e-05
2280,12742,0.0008215775129976641,-6.977072189532701e-05
2281,12743,0.0008451467708480907,-6.933901666992933e-05
2282,12744,0.0007208802082807369,-9.935750798358306e-05
2283,12745,0.0007311278555791206,-8.933588715512203e-05
2284,12746,0.0007405118084517028,-7.878169921266397e-05
2285,12747,0.0007434075775839327,-0.00010023656074581375
2286,12748,0.0007546807755238423,-9.036815040342543e-05
2287,12749,0.0007643551903748468,-7.992561399057299e-05
2288,12750,0.0007658263787620192,-0.00010073846001198843
2289,12751,0.0007791491395221813,-9.082071082978907e-05
2290,12752,0.0007887918372739129,-8.040958997099703e-05
2291,12753,0.0008135583198875458,-8.009437359970531e-05
2292,12754,0.000835753503322718,-7.846979804314861e-05
2293,12755,0.0007877713103963649,-0.00010097180391665295
2294,12756,0.0008068414449658987,-9.062568379569678e-05
2295,12757,0.0008059498680200491,-0.0001020680461226746
2296,12758,0.0008243637549096969,-9.381224465548768e-05
2297,12759,0.000828218953545179,-8.528407053213962e-05
2298,12760,0.0009282001283452246,-2.4387333961243485e-05
2299,12761,0.0009226398528550415,-3.6296156607928014e-05
2300,12762,0.0009148127688548384,-4.786714338267148e-05
2301,12763,0.0007380075867893073,-4.348586176958502e-05
2302,12764,0.0007430585252083129,-3.282341328430049e-05
2303,12765,0.0007460002234592158,-2.206479668952059e-05
2304,12766,0.0008999863442677704,-2.447286665084379e-05
2305,12767,0.0008951138329846823,-3.6425860947504584e-05
2306,12768,0.0008880152839113023,-4.797964224722989e-05
2307,12769,0.0007618211207913173,-4.5399109200516966e-05
2308,12770,0.0007667578791246126,-3.412780123709805e-05
2309,12771,0.0007695510700190738,-2.2907732440014055e-05
2310,12772,0.0008725744092562943,-2.4455943119282647e-05
2311,12773,0.0008682151346473768,-3.638579865899022e-05
2312,12774,0.000862028866769132,-4.798004232206205e-05
2313,12775,0.0007864077393251733,-4.6598795793586135e-05
2314,12776,0.000791055256811904,-3.516416603872807e-05
2315,12777,0.0007943320663294044,-2.3524349276740302e-05
2316,12778,0.0008364484636821941,-4.780960402004185e-05
2317,12779,0.0008111652993064042,-4.741750637666723e-05
2318,12780,0.0008196824920838436,-2.4017740142039468e-05
2319,12781,0.0008458236144086445,-2.4293671449511557e-05
2320,12782,0.000841955112257462,-3.621753848976302e-05
2321,12783,0.0008162893596952478,-3.5798829470362626e-05
2322,12784,0.0006556642617869056,-0.00011513411658594982
2323,12785,0.0007993557546966757,-0.00011485279694581803
2324,12786,0.0007805426876858316,-0.0001197647504943522
2325,12787,0.0006779157269766586,-0.00011666295126539386
2326,12788,0.0007864016450067026,-0.00011545160355699449
2327,12789,0.0007688837796686389,-0.00012077297416018561
2328,12790,0.0006994713240626898,-0.00011755039240315222
2329,12791,0.0007728098737961121,-0.00011570854294856862
2330,12792,0.0007580530785521133,-0.00012082871211867253
2331,12793,0.0007206198057822156,-0.00011758304135958305
2332,12794,0.0007586474808875095,-0.00011583085057946745
2333,12795,0.0007407349258624339,-0.00011718348512266458
2334,12796,0.0007489234643106005,-0.00012050189004618342
2335,12797,0.0005483615097385732,-1.7829379218893573e-05
2336,12798,0.0005786809554520832,-2.02830362635609e-05
2337,12799,0.0006055350300971685,-2.153588705677819e-05
2338,12800,0.0006312888309893372,-2.2491664177937202e-05
2339,12801,0.0006568619561778674,-2.2844423491462218e-05
2340,12802,0.0006817989929585977,-2.2710346439516226e-05
2341,12803,0.0005463642029863374,-3.000240756801371e-05
2342,12804,0.0005756190172061911,-3.1482434762963337e-05
2343,12805,0.0006034446405175352,-3.303545722890135e-05
2344,12806,0.000630470848105249,-3.409131702081396e-05
2345,12807,0.0006577441886207056,-3.5111276020267626e-05
2346,12808,0.0005441118270192642,-4.133127061818603e-05
2347,12809,0.0005733207543981082,-4.307294378254445e-05
2348,12810,0.0006011022411062037,-4.443295740443398e-05
2349,12811,0.0006279800318171062,-4.6025938249175145e-05
2350,12812,0.0006549233870150534,-4.745894348107072e-05
2351,12813,0.0005315645145808861,-9.872685469448817e-05
2352,12814,0.0005367054622650498,-8.720507849937951e-05
2353,12815,0.0005385218194119733,-7.556399091935057e-05
2354,12816,0.000540220683637078,-6.404210418315255e-05
2355,12817,0.0005422190443196244,-5.28329914357334e-05
2356,12818,0.0005710064180186638,-5.432387548507324e-05
2357,12819,0.0005982870597816924,-5.5924195266057835e-05
2358,12820,0.0006246015472422065,-5.744627952700462e-05
2359,12821,0.0006501919217443402,-5.939953626271108e-05
2360,12822,0.0005689732056261895,-6.572429974467836e-05
2361,12823,0.0005953404711675055,-6.677584634122238e-05
2362,12824,0.0006201399175071551,-6.850510151690481e-05
2363,12825,0.0006447606492666165,-7.049234866385048e-05
2364,12826,0.0006102032454579196,-0.00010973252347585314
2365,12827,0.0005863856168599557,-0.00010605994290846453
2366,12828,0.0005605933658477309,-0.0001019051266922847
2367,12829,0.0006379879747709072,-8.10167159599269e-05
2368,12830,0.0006300636033685387,-9.07531219956229e-05
2369,12831,0.0006201734781943526,-0.00010015579380007884
2370,12832,0.0005707766953816267,-8.966641414183167e-05
2371,12833,0.0005680825271362871,-7.70320727829728e-05
2372,12834,0.0005924517302528375,-7.695203184282723e-05
2373,12835,0.0006150658864906467,-7.860017008639461e-05
2374,12836,0.0005966381569656404,-9.600812078741094e-05
2375,12837,0.0006082717792901361,-8.77272995288916e-05
2376,12838,0.0005906592539069834,-8.482020045518253e-05
2377,12839,0.0005610658391206823,-8.704679869196693e-06
2378,12840,0.0006785996652114128,-1.1167175852682456e-05
2379,12841,0.0005841922126342282,-9.881912507944585e-06
2380,12842,0.0006551782714627912,-1.1312883866033858e-05
2381,12843,0.0006079486403258948,-1.0687143012341073e-05
2382,12844,0.0006316149917897474,-1.1073936361875046e-05
2383,12845,0.000549712636405119,-0.00016391518726154472
2384,12846,0.0005542198422897386,-0.0001576816761278344
2385,12847,0.0005618090610136106,-0.00015071001064567217
2386,12848,0.0005712356174675157,-0.00014330167350796191
2387,12849,0.0005817500673972127,-0.00013574754925799797
2388,12850,0.0005912248381399867,-0.00012775061080622473
2389,12851,0.000583846964832916,-0.00016589149378660453
2390,12852,0.0005927047905617739,-0.00016078871951405365
2391,12853,0.0006031157377197628,-0.000154786867284182
2392,12854,0.0006357223740329648,-0.0001479148968288425
2393,12855,0.0006478480928822387,-0.00014099668147168329
2394,12856,0.0006579643098213025,-0.00013334792725527142
2395,12857,0.0005991202865310322,-0.00016249931208402172
2396,12858,0.0006118041388267752,-0.00015872117200789866
2397,12859,0.0006233854713592488,-0.0001539333711460523
2398,12860,0.0006567672938831938,-0.0001461311206654302
2399,12861,0.0006734530036061914,-0.00013958081084578658
2400,12862,0.0006988332130592297,-0.0001312675179725183
2401,12863,0.0006162645183542221,-0.0001520165739360096
2402,12864,0.0006338567611642246,-0.00015266588946500235
2403,12865,0.0006442457968904453,-0.0001505866617358548
2404,12866,0.0006749710852072095,-0.00014346020942322652
2405,12867,0.0006899316971579693,-0.00013897670601804014
2406,12868,0.0007253082700401794,-0.00013035765793580905
2407,12869,0.0008180814489874342,-6.734568654771968e-05
2408,12870,0.0008181816364624625,-7.54359537000319e-05
2409,12871,0.0008135012100971625,-8.217130303314678e-05
2410,12872,0.0008069991418127823,-8.820978401459613e-05
2411,12873,0.0007974718964203019,-9.378923611199976e-05
2412,12874,0.0007892053921697785,-9.952229182558005e-05
2413,12875,0.0007796218183427927,-0.00010501612649909871
2414,12876,0.0007719024335592269,-0.0001109408173345808
2415,12877,0.0007633587216187118,-0.00012167840646324048
2416,12878,0.0007547436514895493,-0.0001250066254730471
2417,12879,0.0007440909701042685,-0.00012805614040955888
2418,12880,0.0007323429303833786,-0.00013030241886953135
2419,12881,0.000835835265257597,-6.810355409803764e-05
2420,12882,0.0008350457113291887,-7.667816223127275e-05
2421,12883,0.0008293038480283795,-8.394566115822525e-05
2422,12884,0.0008215067561717926,-9.043623320905986e-05
2423,12885,0.0008116308788317371,-9.609920415597984e-05
2424,12886,0.0008013793043225408,-0.00010155155490787932
2425,12887,0.0007915395953634411,-0.00010537626443048179
2426,12888,0.0006504785965746932,-0.00013653926627596517
2427,12889,0.0006614463173092299,-0.00014646386358680496
2428,12890,0.0006888190271390391,-0.0001336599082529498
2429,12891,0.0007211529267158938,-0.00012347130343000361
2430,12892,0.0007570054436198798,-0.00012016537001591697
2431,12893,0.0006894881093392593,-0.0001229398521372409
2432,12894,0.0007231043079402574,-0.00010536304646699514
2433,12895,0.0007469900271023729,-0.00011333314766095243
2434,12896,0.000754290806038395,-9.347700417496411e-05
2435,12897,0.0007649741766324865,-0.00010262064203940088
2436,12898,0.0007814882394503672,-9.011983873827062e-05
2437,12899,0.0007992673846119695,-8.030784442029625e-05
2438,12900,0.0007819075155754265,-7.780225522009758e-05
2439,12901,0.0007959176239750109,-8.628417673318843e-05
2440,12902,0.00080125707615824,-6.888275854568786e-05
2441,12903,0.0008063076728282223,-7.499967904326501e-05
2442,12904,0.0007786661276263676,-9.765328331861459e-05
2443,12905,0.0007117068682263203,-0.00013233848927051456
2444,12906,0.0007264679725132154,-0.00013128419000913192
2445,12907,0.0007105862170749869,-0.00013548753857183123
2446,12908,0.0007402117901957211,-0.0001271039297210868
2447,12909,0.0007494462455013255,-0.00012320215367586282
2448,12910,0.0006900817605991134,-0.00013947031737438867
2449,12911,0.000713938225246769,-0.00013061285782325912
2450,12912,0.0006798163268178042,-0.0001330029585320271
2451,12913,0.000567689714635503,-0.00016585721319485578
2452,12914,0.0005740123455636896,-0.00016012360442617092
2453,12915,0.0006134291805576822,-0.00013054397762878096
2454,12916,0.0006354545769490934,-0.00013259337554600412
2455,12917,0.0006031517877278002,-0.00013876860176540733
2456,12918,0.0006253013947037339,-0.0001405217074223803
2457,12919,0.0005826317816289833,-0.0001536242226195379
2458,12920,0.0006139871528654762,-0.00014807381451603923
2459,12921,0.0005928154728660959,-0.0001463805318387743
2460,12922,0.0005295343516943413,-0.0001607758181482404
2461,12923,0.0005072745846438253,-0.00015688582290451227
2462,12924,0.000532916345920798,-0.00015397458413878796
2463,12925,0.0005095036595420354,-0.0001495182751873859
2464,12926,0.0005395108265706282,-0.0001465343052479009
2465,12927,0.0005150801100739461,-0.0001412703543513727
2466,12928,0.0005694269623516879,-0.00012442785047909392
2467,12929,0.0005610317927470038,-0.0001320523017446852
2468,12930,0.0005492783870020998,-0.00013861668515264235
2469,12931,0.0005247868224492737,-0.0001314262592102301
2470,12932,0.0005235996702648689,-0.00011995807081177708
2471,12933,0.0005475754222312404,-0.00012146068407319426
2472,12934,0.0005444536312064586,-0.00012839698996753684
2473,12935,2.3470120670560113e-05,-3.2673032018628794e-05
2474,12936,2.2696433539658388e-05,-3.90328993091918e-05
2475,12937,2.3785837451510448e-05,-2.495010896498364e-05
2476,12938,2.3564242237665036e-05,-1.8525749946604017e-05
2477,12939,1.7349168785549962e-05,-5.463760634532413e-06
2478,12940,0.001414826687992347,-8.602599296355226e-06
2479,12941,0.0014082505384772608,-1.2324027308286802e-05
2480,12942,0.0014102011006633217,-1.073641184887392e-05
2481,12943,0.0013971607361407232,-1.1067439745289603e-05
2482,12944,0.0014466348130807224,-4.942404435266071e-06
2483,12945,0.0014936064822385336,-7.1866114110426624e-06
2484,12946,0.0015205126890333077,-7.495232995854557e-06
2485,12947,0.0014430699470286115,-7.901831900405456e-06
2486,12948,0.0014670395408249274,-9.601321382062837e-06
2487,12949,0.0014913023442662974,-1.1524409327403032e-05
2488,12950,0.0015184950727484931,-1.3878629289339779e-05
2489,12951,0.0015098765260235377,-1.851081337608534e-05
2490,12952,0.0015029990716637163,-2.215341265342728e-05
2491,12953,0.0014996546292033498,-2.505815827816133e-05
2492,12954,0.0014979096065354377,-2.756603326325482e-05
2493,12955,0.0014865793770379699,-1.5540988485236305e-05
2494,12956,0.0014809283852169383,-1.9346171828823557e-05
2495,12957,0.0014676014154147538,-2.027677492742746e-05
2496,12958,0.0014662927802839647,-2.242451300483701e-05
2497,12959,0.001456662412124388,-2.097612184637998e-05
2498,12960,0.0014474659223902215,-1.931477327835764e-05
2499,12961,0.0014380961022613394,-1.7587791000675475e-05
2500,12962,0.0014290586455226902,-1.592548435848717e-05
2501,12963,0.0014439088788024581,-1.5289877779298248e-05
2502,12964,0.001456050965935465,-1.737689761213228e-05
2503,12965,0.0014508178422585562,-1.826124155032306e-05
2504,12966,0.001441477877810713,-1.6556543928672694e-05
2505,12967,0.0014333585132890309,-1.522162684121183e-05
2506,12968,0.001458271803411865,-1.9853493821406297e-05
2507,12969,0.001463890009900234,-1.3070857091133755e-05
2508,12970,0.0014623853572203072,-1.5852219942730373e-05
2509,12971,0.0014486147737089268,-1.4052974927749215e-05
2510,12972,0.0014863853369823338,-2.5733906702168996e-05
2511,12973,0.0014761100281235947,-2.4195526450935388e-05
2512,12974,0.0014763997431224835,-2.2509774771311707e-05
2513,12975,0.0014858184279770267,-2.3075615175894856e-05
2514,12976,0.00153885845534862,-3.374306383480067e-05
2515,12977,0.0015281486120333888,-3.251341847664901e-05
2516,12978,0.0015185746864296997,-3.12791821803285e-05
2517,12979,0.0015089741452608495,-2.9563598042390032e-05
2518,12980,0.0015320419665708896,-2.2482100739051398e-05
2519,12981,0.0015214741364962265,-2.5896606196115366e-05
2520,12982,0.0015264225135514287,-2.950781083350002e-05
2521,12983,0.0015123159288675584,-2.7454318471062596e-05
2522,12984,0.00151900935542266,-2.9437479652976195e-05
2523,12985,0.0015369706977491852,-3.053665804269057e-05
2524,12986,0.0015342723581012014,-2.7759338047238693e-05
2525,12987,0.0015877286158221095,-3.9516000745137126e-05
2526,12988,0.0015629303268826793,-3.620249753453637e-05
2527,12989,0.0015633680607748295,-3.186411723251383e-05
2528,12990,0.0015800067943080543,-3.366944333300273e-05
2529,12991,0.0015621529062066724,-2.647909322695889e-05
2530,12992,0.001588664134568336,-2.916601958959434e-05
2531,12993,0.0016228752086133533,-4.3294428603358516e-05
2532,12994,0.001610509557648652,-4.224936206355624e-05
2533,12995,0.001602725290621407,-3.75503282846405e-05
2534,12996,0.0016132046117502596,-3.881749479971042e-05
2535,12997,0.002602176036435413,-1.5647027366070165e-05
2536,12998,0.0026042799910444563,-3.124974185269903e-05
2537,12999,0.002607415117804038,-4.6840539945437576e-05
2538,13000,0.0026118750481523884,-6.230630348746022e-05
2539,13001,0.002618030732515509,-7.774466065422059e-05
2540,13002,0.0026257325023949308,-9.301936114146234e-05
2541,13003,0.002589655010304135,-0.00010832416165021334
2542,13004,0.0020257419160159343,-1.593780727838076e-05
2543,13005,0.0020262543672267285,-3.1726946936290123e-05
2544,13006,0.002027075576763966,-4.7510958605576697e-05
2545,13007,0.00202784014177155,-6.294218771137229e-05
2546,13008,0.0020285420186263786,-7.839258836622655e-05
2547,13009,0.002028773950889078,-9.347987548138012e-05
2548,13010,0.0020286758461480806,-0.00010855025065732706
2549,13011,0.0019777075017754263,-1.5975343509619694e-05
2550,13012,0.001978534075167095,-3.1934282534361e-05
2551,13013,0.001979873179560616,-4.751940304509874e-05
2552,13014,0.001981425328703724,-6.308768627928756e-05
2553,13015,0.001982739147192982,-7.823508046159612e-05
2554,13016,0.001983793928810927,-9.341355647416e-05
2555,13017,0.0019843295434983053,-0.00010828507425535631
2556,13018,0.0019294678863150101,-1.616337734959019e-05
2557,13019,0.001930389332484959,-3.210386530935352e-05
2558,13020,0.001932849409386821,-4.78519965643921e-05
2559,13021,0.0019352337655836156,-6.303957244341364e-05
2560,13022,0.001937534132392116,-7.828929090066815e-05
2561,13023,0.0019392411056913183,-9.312461853945796e-05
2562,13024,0.0019403919194876293,-0.00010799858180605238
2563,13025,0.0018954688811769129,-9.291278064247213e-05
2564,13026,0.0018527542577868568,-9.231660246947069e-05
2565,13027,0.0018123655334295954,-9.175297412861142e-05
2566,13028,0.0017760107334723176,-9.07424380285275e-05
2567,13029,0.0017460460578870908,-8.93060773204629e-05
2568,13030,0.0017187581802607565,-8.708719639661355e-05
2569,13031,0.0016932198394505114,-8.47251585207435e-05
2570,13032,0.001670043778356078,-8.216948052315935e-05
2571,13033,0.0016499306266764405,-8.089753891763825e-05
2572,13034,0.0016928533475225286,-7.652047994553415e-05
2573,13035,0.001693282402962058,-6.888316465046798e-05
2574,13036,0.0016913794542040095,-6.0694943177419235e-05
2575,13037,0.00168530845226648,-5.1304334807817e-05
2576,13038,0.00168799576428133,-4.101212182397739e-05
2577,13039,0.0016809898505755264,-2.957662891294974e-05
2578,13040,0.0016870570543308996,-1.4456215736216848e-05
2579,13041,0.0017360065020936759,-1.5420333363025256e-05
2580,13042,0.0017834470924359277,-1.5512343785154363e-05
2581,13043,0.0018312174184246114,-1.6501345861492366e-05
2582,13044,0.0018806482569256433,-1.6307863369231178e-05
2583,13045,0.0018811248515806323,-3.2750586458553794e-05
2584,13046,0.0018859082117126601,-4.8098640044440685e-05
2585,13047,0.001889550467805893,-6.328573632549775e-05
2586,13048,0.0018928473261433517,-7.805026280061346e-05
2587,13049,0.0017213875013005514,-6.280977030771372e-05
2588,13050,0.0017556351261877679,-6.625631925271661e-05
2589,13051,0.0017975497139243023,-6.271093899036698e-05
2590,13052,0.0018440895421716673,-6.312866231352295e-05
2591,13053,0.0018492821466254326,-7.802741998513568e-05
2592,13054,0.0018072457065794036,-7.770167355136698e-05
2593,13055,0.0017182631644453135,-7.860723846994456e-05
2594,13056,0.0017177330011402642,-7.048675619730747e-05
2595,13057,0.001770626167482454,-7.878922559101005e-05
2596,13058,0.0017432697205457058,-7.962256668441928e-05
2597,13059,0.0017390437567950806,-7.229564425042509e-05
2598,13060,0.0018275788681732382,-3.383921833399737e-05
2599,13061,0.0018406879526275,-4.8947612592072525e-05
2600,13062,0.0017354662742092798,-3.147251016754813e-05
2601,13063,0.0017816556898429554,-3.0242154223171058e-05
2602,13064,0.00172017464515415,-5.2993701170030294e-05
2603,13065,0.0017241009702584895,-4.304683396852047e-05
2604,13066,0.0017520756483555009,-4.614754830219418e-05
2605,13067,0.001778233912699218,-4.78555050447299e-05
2606,13068,0.0018049882177408882,-5.0021149212908835e-05
2607,13069,0.001750975657512835,-5.5289730266578815e-05
2608,13070,0.0017753751702927216,-5.505721553472211e-05
2609,13071,0.0017798376267912106,-3.9433604253460704e-05
2610,13072,0.0017559533351767023,-3.910094322988807e-05
2611,13073,0.0018042754843368104,-4.1281576552955646e-05
2612,13074,0.0016590376293078408,-4.695412564599913e-05
2613,13075,0.0016707439960217164,-6.726636275744972e-05
2614,13076,0.0016564396014251128,-6.614113971339025e-05
2615,13077,0.0016433008544183706,-6.48462760061358e-05
2616,13078,0.0016473914703020165,-5.631776804806379e-05
2617,13079,0.0016665655989393006,-6.026510983363549e-05
2618,13080,0.0016438134930315284,-6.044173006776199e-05
2619,13081,0.0016554842411511117,-6.220695718479279e-05
2620,13082,0.001650756865069696,-5.1525517102612525e-05
2621,13083,0.0016673934544616873,-5.4286709380461926e-05
2622,13084,0.001647825604910775,-7.467275617746521e-05
2623,13085,0.0016441585345660344,-6.95658444008689e-05
2624,13086,0.0016675163825555853,-7.422169641066e-05
2625,13087,0.0016559169082956966,-6.989746824113408e-05
2626,13088,0.0016398933002253722,-3.366888949682366e-05
2627,13089,0.0016610422758890743,-3.464016339761859e-05
2628,13090,0.0016413783418441766,-3.949500151548706e-05
2629,13091,0.0016625608814137105,-4.0596790923776074e-05
2630,13092,0.0018543150703956358,-0.00010670833087349208
2631,13093,0.0017182860959653787,-9.602193022683167e-05
2632,13094,0.0017173721039378997,-0.00010484715820486355
2633,13095,0.0016829784273563457,-0.00010050695060212744
2634,13096,0.0016569728556174834,-9.844409347273165e-05
2635,13097,0.0016523526695222262,-9.257589360668188e-05
2636,13098,0.001650990287794899,-8.689800336209682e-05
2637,13099,0.0016910038484955691,-9.254536137374336e-05
2638,13100,0.0016701512434918859,-8.900716524769892e-05
2639,13101,0.0016684432363372422,-9.400149221431794e-05
2640,13102,0.0016582031619358385,-0.00010412423365907928
2641,13103,0.001813267815744095,-0.00010542091326613321
2642,13104,0.0017757143264541234,-0.00010339917108943955
2643,13105,0.0017458428949011853,-9.900122384425895e-05
2644,13106,0.001743763812455896,-0.0001072932110716396
2645,13107,0.0018969049029508552,-0.00010743253959983566
2646,13108,0.002554447154681908,-1.565530572297386e-05
2647,13109,0.0025567220800428456,-3.1314408137662425e-05
2648,13110,0.0025599848095266228,-4.687816591546362e-05
2649,13111,0.00256480984176757,-6.244574986639736e-05
2650,13112,0.0025713063005746886,-7.783064493071672e-05
2651,13113,0.0025797503274392767,-9.318001025512154e-05
2652,13114,0.0025442892939882976,-0.00010852413858357663
2653,13115,0.0020733093829748577,-0.00010868029664165184
2654,13116,0.0020743835444752014,-9.369920182588811e-05
2655,13117,0.0020747353456141825,-7.838469287320543e-05
2656,13118,0.0020747708903315824,-6.306119061594136e-05
2657,13119,0.0020743575892136147,-4.7384486349071664e-05
2658,13120,0.002074014073833102,-3.1737495100409934e-05
2659,13121,0.0020736705597155943,-1.586285511050682e-05
2660,13122,0.0025066682601758575,-1.5705435444563172e-05
2661,13123,0.0025089412671049152,-3.1357564971481685e-05
2662,13124,0.002512372465666116,-4.704566770853272e-05
2663,13125,0.002517231910681414,-6.257203516455918e-05
2664,13126,0.0025242004782147164,-7.812251229233245e-05
2665,13127,0.002533173696805049,-9.338645691156809e-05
2666,13128,0.0024984011978480985,-0.00010882092177419559
2667,13129,0.0021184730999534965,-0.00010890776504335535
2668,13130,0.0021205512567864957,-9.383838072922498e-05
2669,13131,0.0021218274947977602,-7.864494369679026e-05
2670,13132,0.0021220588009465196,-6.304781400390216e-05
2671,13133,0.0021221055169983495,-4.7495031993611406e-05
2672,13134,0.002121808039037856,-3.166433994654905e-05
2673,13135,0.0021216709886092856,-1.588359930934149e-05
2674,13136,0.0021696795062879745,-1.5852795432577474e-05
2675,13137,0.002217872685914847,-1.5896717178597618e-05
2676,13138,0.002266037132404392,-1.586055670735503e-05
2677,13139,0.0023143525031937536,-1.5886035132452035e-05
2678,13140,0.0023625292209933017,-1.58192852440785e-05
2679,13141,0.0024107338308847095,-1.5808623479175923e-05
2680,13142,0.0024587341296002066,-1.5730343914271725e-05
2681,13143,0.0021701043128865764,-4.747506771157557e-05
2682,13144,0.0022189127629224682,-4.766709774003849e-05
2683,13145,0.002267863407184316,-4.761831299331616e-05
2684,13146,0.002317369675826817,-4.76948586901459e-05
2685,13147,0.0023665104276619454,-4.750823944003648e-05
2686,13148,0.0024157366643977785,-4.743571307064982e-05
2687,13149,0.0024642144799812337,-4.7156492816857825e-05
2688,13150,0.002469177447992657,-6.291797534117505e-05
2689,13151,0.0024760049409626554,-7.84383687645044e-05
2690,13152,0.002485755935898312,-9.393481034167217e-05
2691,13153,0.002452154136296179,-0.00010952736096060187
2692,13154,0.0021641171610222595,-0.00010915385810224393
2693,13155,0.0021681709050856202,-9.433162866225961e-05
2694,13156,0.002169733142354411,-7.883277393305181e-05
2695,13157,0.0021703606540741877,-6.331707781667127e-05
2696,13158,0.002219292523199098,-6.341885639778742e-05
2697,13159,0.0022695857393352126,-6.372586147496895e-05
2698,13160,0.0023196227375177508,-6.349300862964636e-05
2699,13161,0.002370165217301569,-6.358696611166266e-05
2700,13162,0.0024199763697367177,-6.316058427985102e-05
2701,13163,0.0024265610130320635,-7.913119729930023e-05
2702,13164,0.0024359209170431296,-9.480484936682436e-05
2703,13165,0.002406355808116723,-0.00011077226240832932
2704,13166,0.002210671723088121,-0.00010979357569367442
2705,13167,0.0022179667944759647,-9.507918658993338e-05
2706,13168,0.0022196691744418955,-7.942265501666194e-05
2707,13169,0.0022713074431844906,-7.981676840745391e-05
2708,13170,0.00232309261752985,-7.949812981036087e-05
2709,13171,0.0023746682555865145,-7.967462730010675e-05
2710,13172,0.0023806414213054564,-9.701626710628069e-05
2711,13173,0.002369535780642292,-0.00011326939229272871
2712,13174,0.0022567710996513122,-0.0001109384688013275
2713,13175,0.0022744913159648858,-9.715895414462298e-05
2714,13176,0.0023265341106773344,-9.442294153243742e-05
2715,13177,0.0022950738947739966,-0.00011335414912220105
2716,13178,0.0023322635994066894,-0.00011363312267603625
2717,13179,0.0023154667410150813,-3.170289223698027e-05
2718,13180,0.0022669062441455904,-3.180437678829802e-05
2719,13181,0.002218211915136252,-3.171368889698234e-05
2720,13182,0.0021699660089197666,-3.1751222558931416e-05
2721,13183,0.002364249416709614,-3.172016762532755e-05
2722,13184,0.002412671715713372,-3.1556948960851584e-05
2723,13185,0.002461011601346527,-3.15006519689351e-05
2724,13186,0.0031260323014617166,-1.717299773781046e-05
2725,13187,0.0031252184966650783,-3.427813921112457e-05
2726,13188,0.00312277381837565,-5.153740372579745e-05
2727,13189,0.0031191857725342384,-7.06046411537058e-05
2728,13190,0.0031243215727650374,-8.971453481785285e-05
2729,13191,0.003128080820212123,-0.00010686254921318052
2730,13192,0.0026348240195859275,-0.00010825466576474711
2731,13193,0.002671556750143651,-9.29905138154688e-05
2732,13194,0.002664417536967993,-7.766370744474415e-05
2733,13195,0.0026588120665842134,-6.229843717435334e-05
2734,13196,0.0026546324783723375,-4.679262907862997e-05
2735,13197,0.002651790606169126,-3.1255607272075045e-05
2736,13198,0.002649840670906511,-1.5633696155110362e-05
2737,13199,0.003078296913857923,-1.6551315873294685e-05
2738,13200,0.0030775675167806892,-3.29235689215703e-05
2739,13201,0.0030764592635883553,-4.876166220296606e-05
2740,13202,0.003072471630078515,-6.452251431227958e-05
2741,13203,0.0030734162772285316,-7.674340459459534e-05
2742,13204,0.0030796717422679402,-9.236441584005007e-05
2743,13205,0.0030830805295486343,-0.00010804437947492521
2744,13206,0.002679821108670394,-0.00010820025886459599
2745,13207,0.002717224935721905,-9.295942992306944e-05
2746,13208,0.002710775931859686,-7.76893395649688e-05
2747,13209,0.002705595583817549,-6.228076807084683e-05
2748,13210,0.0027018490301714644,-4.682996574875735e-05
2749,13211,0.002699232387119988,-3.125499733705489e-05
2750,13212,0.0026975091922405384,-1.5651044070592668e-05
2751,13213,0.002752434480150072,-6.234910381993294e-05
2752,13214,0.002799188265106016,-6.238369147750883e-05
2753,13215,0.0028459890642769043,-6.249772410378424e-05
2754,13216,0.002892554265410602,-6.257299167226846e-05
2755,13217,0.0029389084373551665,-6.275317054063924e-05
2756,13218,0.0029846366108327673,-6.297906771330386e-05
2757,13219,0.003029416464323098,-6.357689221197473e-05
2758,13220,0.0030309534156164005,-7.7421893902348e-05
2759,13221,0.0030349399846060334,-9.26458298455272e-05
2760,13222,0.0030386703995766797,-0.00010843194732766266
2761,13223,0.002724802136438326,-0.0001082006891516531
2762,13224,0.0027629325358435393,-9.299758509271061e-05
2763,13225,0.0027570334781272226,-7.769231518304183e-05
2764,13226,0.0029867390594490624,-7.783720342982403e-05
2765,13227,0.0029901088591869837,-9.29212594910032e-05
2766,13228,0.00299408630305617,-0.0001083652601570171
2767,13229,0.0027697359730823315,-0.00010819249601322553
2768,13230,0.0028085616158989774,-9.300098461589387e-05
2769,13231,0.002803366920014581,-7.776854187159504e-05
2770,13232,0.002849557109250277,-7.779065474614067e-05
2771,13233,0.0028957046202986434,-7.787255617917009e-05
2772,13234,0.002941454518655064,-7.78702040179986e-05
2773,13235,0.0029450966050035324,-9.305499532552498e-05
2774,13236,0.002949356376559831,-0.00010828711996657375
2775,13237,0.002814713090709027,-0.00010821864895817881
2776,13238,0.002854235975424065,-9.305419363329984e-05
2777,13239,0.0028997236643370818,-9.304583641172634e-05
2778,13240,0.002859633597587944,-0.000108221445102562
2779,13241,0.0029045619996820307,-0.00010825989755140318
2780,13242,0.002888195369355179,-1.581880824658439e-05
2781,13243,0.002889052169628144,-3.154907155646471e-05
2782,13244,0.0028904544471809253,-4.7176611044447005e-05
2783,13245,0.0028405186875214063,-1.5743718858561613e-05
2784,13246,0.0028416606351393757,-3.145088111690271e-05
2785,13247,0.002843353992201748,-4.7015017267472354e-05
2786,13248,0.002746716544492572,-3.130899514306999e-05
2787,13249,0.0027941683413497237,-3.134968335543188e-05
2788,13250,0.002796228325435275,-4.694603734647635e-05
2789,13251,0.0027490033672706166,-4.685173265559851e-05
2790,13252,0.002792851146494619,-1.570649407145505e-05
2791,13253,0.0027451638895746667,-1.5664163330616797e-05
2792,13254,0.0029372824447399,-4.7359862236010826e-05
2793,13255,0.0029363836760273538,-3.173714302451586e-05
2794,13256,0.0029358106431716857,-1.5899240399080042e-05
2795,13257,0.003030634232162717,-3.227157276775891e-05
2796,13258,0.0029835500869434036,-3.1969590302103285e-05
2797,13259,0.002983374194161927,-1.6016884327494642e-05
2798,13260,0.0030308269869015075,-1.619161314999444e-05
2799,13261,0.002983861645152415,-4.772919017586643e-05
2800,13262,0.0030301410933115686,-4.8282096375382185e-05
2801,13263,0.0014696368711356914,-6.175578730787905e-06
2802,13264,0.0003981407284451367,-4.847798118281398e-06
2803,13265,0.0005064364301491153,-5.873278357867794e-06
2804,13266,0.00013223623329374455,-3.6592779494467216e-06
2805,13267,0.00022834773669559022,-3.946483283419733e-06
2806,13268,0.00032872624796327095,-4.415214460303746e-06
2807,13269,0.00043376882852884125,-5.112296816151986e-06
2808,13270,0.0005428322632578432,-6.708338039167538e-06
2809,13271,6.965274827305854e-05,-4.666279942607956e-06
2810,13272,0.000163692463779796,-3.721227812937865e-06
2811,13273,0.00026135226395772543,-4.0829215756550135e-06
2812,13274,0.000363181783684349,-4.618364299057225e-06
2813,13275,0.001575885687435971,-3.784619701873795e-05
2814,13276,0.0004698090184130325,-5.437967758413142e-06
2815,13277,0.00010202661877884763,-3.717812316328022e-06
2816,13278,0.00019573114814049056,-3.827860442598939e-06
2817,13279,0.0002948220320192965,-4.23910816040411e-06
2818,13280,0.0006651311637526081,-0.0001437908601862197
2819,13281,0.000704083682136445,-2.929870308590567e-05
2820,13282,0.0009158984527624957,-9.101076860150246e-05
2821,13283,5.6426994146027136e-05,-8.706379586079048e-06
2822,13284,0.000768395404996101,-0.0001184424752726507
2823,13285,0.001222983290060983,-2.2417041533951224e-05
2824,13286,0.0012209172643329247,-2.3563787173539816e-05
2825,13287,0.0012226422611852866,-2.290338655978346e-05
2826,13288,0.0011298623580891433,-4.647221060776306e-05
2827,13289,0.0011149471756881318,-5.0246059106830703e-05
2828,13290,0.001120990031053106,-4.886580649436721e-05
2829,13291,0.001008880130333561,-7.104882490767674e-05
2830,13292,0.0010359109380936853,-6.746422114591246e-05
2831,13293,0.0010222965866432457,-6.949361157690366e-05
2832,13294,0.0007824207744387236,-0.00011370752168577695
2833,13295,0.0007527369909362262,-0.00011835899962934723
2834,13296,0.0007690077889769137,-0.00011570277891753117
2835,13297,0.0007123603694382658,-0.00013393381749031338
2836,13298,0.0006908515170009483,-0.00013552518366107715
2837,13299,0.0007020471476420245,-0.00013494469573206103
2838,13300,0.0005378330483296647,-1.2203901254536997e-05
2839,13301,0.0005048432491972661,-1.0980327099242274e-05
2840,13302,0.0005213395972995744,-1.1822353923064634e-05
2841,13303,0.00046947364338657756,-1.0184797531662276e-05
2842,13304,0.0004343942221483957,-9.632288013852951e-06
2843,13305,0.0004516787626262922,-1.017312752781408e-05
2844,13306,0.00039919189725850867,-9.106737257947286e-06
2845,13307,0.0003645976227372601,-8.708773064553595e-06
2846,13308,0.00038161997173365316,-9.160900791070303e-06
2847,13309,0.00033030553211240473,-8.299362932881693e-06
2848,13310,0.00029656464268862907,-7.98888148301445e-06
2849,13311,0.0003131755307476586,-8.381773460405856e-06
2850,13312,0.00026318592474256907,-7.673488882873734e-06
2851,13313,0.00023033961224202138,-7.42711387414327e-06
2852,13314,0.0002465304866910904,-7.775965512987499e-06
2853,13315,0.0001978853221327327,-7.1866019694125065e-06
2854,13316,0.00016629100183635867,-6.982128142848525e-06
2855,13317,0.00018190057628537264,-7.3020751698822856e-06
2856,13318,0.00013549539652782323,-6.836999136706794e-06
2857,13319,0.00010745888801631683,-6.825949156208951e-06
2858,13320,0.00012119309406832324,-7.021350263766453e-06
2859,13321,0.0014505322959417208,-2.535478202941108e-06
2860,13322,0.00149276367585375,-3.583643110370485e-06
2861,13323,0.0014714611642863517,-3.0650357424884497e-06
2862,13324,0.001595715827461234,-3.314000803102372e-05
2863,13325,0.0016145001471333676,-3.60909462726705e-05
2864,13326,0.0016064501414939547,-3.4548519251958646e-05
2865,13327,0.0022993878174933104,-0.00010491312877038748
2866,13328,0.002359575019255398,-0.00010483956774624637
2867,13329,0.002329528127583241,-0.00010456418551598458
2868,13330,0.0011365586346953535,-4.493597963455384e-05
2869,13331,0.001157799619049287,-3.9427437089772735e-05
2870,13332,0.001146429583828349,-4.240166265243599e-05
2871,13333,0.0007295168246030067,-0.00012761549158130496
2872,13334,0.0007383301248314574,-0.00012345246975097162
