,NID,U1,U2,Total,,,,,,
0,1,0,0,0,,,0,0,0,0
1,2,0.003760882,0.001485547,0.004043647,100,,1.376088185,0.273554655,1,0.125
2,3,0.003475879,-4.22E-05,0.003476136,100,,1.347587918,1.12E+00,1,1.125
3,4,0,0,0,,,0,1,0,1
