,Element,NID,E1,E2,E12,E_max,E_min
1328,33,2.0,0.0003798222957131711,-0.00012724739738691524,-0.00012131764512068183,0.000386977708224645,-0.0001344028098983891
1331,33,1.0,0.0002731302391187074,-0.00011970894951677998,-5.569039966877437e-05,0.00027509414256669004,-0.00012167285296476267
1332,33,195.0,0.0003317068372018818,-0.0001144690634491542,-0.00020021162952021943,0.00035313761362183455,-0.00013589983986910697
1333,33,196.0,0.0001814115827052376,-9.279722259381434e-05,-0.00014749422348906555,0.00019998715216691144,-0.00011137279205548819
1334,33,197.0,0.0002331747575655234,-8.053575667397959e-05,-2.8304056934026767e-05,0.0002338118862802449,-8.11728853887011e-05
1330,33,164.0,0.00019321735809551058,-5.858790529978558e-05,2.198264318982457e-05,0.0001936962195794055,-5.90667667836805e-05
1329,33,165.0,0.0002851108994445517,-0.00012468451227210024,-0.00028207181654702623,0.0003289584393469032,-0.0001685320521744518
1341,34,195.0,0.0003577370591175688,-0.00014791494648659843,-0.0003237606925167169,0.00040512137292303483,-0.00019529926029206447
1339,34,198.0,0.0004603685112473943,-0.00019209459804959964,-0.000405491862959545,0.0005182371257995576,-0.00024996321260176293
1338,34,2.0,0.00043618395131324317,-0.00017370669140402229,-0.00039404795934969193,0.0004942952337857953,-0.00023181797387657443
1337,34,165.0,0.0002794960682083458,-0.00010977663304129865,-0.00025696250671657095,0.0003180779446779441,-0.0001483585095108969
1336,34,166.0,0.0004602702163508804,-0.00022051535162997949,-0.0004950316022604914,0.0005407471499713791,-0.00030099228525047817
1335,34,3.0,0.00047197445237429775,-0.00016194075441981358,-0.00034445216510206426,0.0005157438175588553,-0.00020571011960437112
1340,34,199.0,0.0003177235466995665,-0.00017099715387966082,-0.0004111039881150389,0.0003926805981510499,-0.0002459542053311443
1344,35,166.0,0.00044648540283769717,-0.00020601767760603136,-0.00046775687949300593,0.0005216553270088039,-0.0002811876017771381
1343,35,167.0,0.0006357956490615074,-0.00031857239778900685,-0.0004648513024621895,0.0006893905584910828,-0.00037216730721858224
1342,35,4.0,0.0006285991536553112,-0.0002463081778710662,-0.000360502808890357,0.0006642800126248997,-0.0002819890368406546
1346,35,200.0,0.0006282650074605281,-0.0002775656259461792,-0.00041003074602802975,0.0006725051868311641,-0.0003218058053168153
1347,35,201.0,0.0005123571986773157,-0.00027478585367963094,-0.0005050671775748816,0.000586409195949403,-0.00034883785095171817
1348,35,198.0,0.0004897485414104546,-0.00023639383349490368,-0.00045807303206110705,0.0005559539697123638,-0.0003025992617968128
1345,35,3.0,0.000531787322717539,-0.00026454808730007887,-0.0004463536299624052,0.0005900683136835744,-0.00032282907826611425
1349,36,5.0,0.0007646526113975552,-0.0003087007220932737,-0.00022744008146969794,0.0007765687738922834,-0.00032061688458800194
1350,36,168.0,0.000780208543198449,-0.00035790288970370134,-0.00028642569587598865,0.0007979529019349607,-0.00037564724844021307
1352,36,4.0,0.0006661447183397423,-0.0003442111618326457,-0.0003515191840149576,0.0006958463771656451,-0.0003739128206585485
1353,36,202.0,0.000767857050175855,-0.0003294522164378476,-0.0002562105230410408,0.000782614224234022,-0.00034420939049601454
1354,36,203.0,0.0006967942650796671,-0.0003438442643402662,-0.00039981951351845957,0.0007338761558007372,-0.0003809261550613362
1355,36,200.0,0.0006455912841953123,-0.00032333360635120994,-0.00040549269228973284,0.0006863049443907231,-0.00036404726654662076
1351,36,167.0,0.0006292147877003385,-0.000301838923020079,-0.00046614142182690305,0.0006843002730959615,-0.0003569244084157021
1356,37,6.0,0.0008304513012679024,-0.00030282116990646324,-2.9304647924371235e-05,0.0008306407126639046,-0.0003030105813024654
1357,37,169.0,0.0008456654533957331,-0.00031833617362833676,-7.18866657150874e-05,0.0008467742951849791,-0.0003194450154175828
1358,37,168.0,0.0007816838643269763,-0.0003493311576435083,-0.00029647274906471205,0.0008007897022444262,-0.0003684369955609582
1359,37,5.0,0.0007556367244920398,-0.0003598313368206804,-0.00016729357983678167,0.0007618743548398839,-0.0003660689671685245
1360,37,204.0,0.0008331060725277201,-0.0003091916709629535,-4.937314673283261e-05,0.00083363933326559,-0.0003097249317008234
1361,37,205.0,0.0008184011109790973,-0.00033934660706459166,-0.00018293303517139675,0.0008255827685238126,-0.00034652826460930693
1362,37,202.0,0.000763058305651105,-0.00035414182953317857,-0.00022672216542097418,0.0007744448787684093,-0.0003655284026504829
1369,38,204.0,0.0008071367099712796,-0.0003092563174828904,-3.19585506546316e-05,0.0008073653793950425,-0.00030948498690665325
1367,38,206.0,0.0008245081619313518,-0.00023524990742595673,8.926328847762288e-05,0.0008263844986965997,-0.00023712624419120463
1364,38,170.0,0.0008407388013350753,-0.0002267789289426142,5.4214612952532826e-05,0.0008414266895577845,-0.00022746681716532343
1365,38,169.0,0.0008549835631833369,-0.00031928733624719797,-7.667408824133665e-05,0.0008562338417656374,-0.0003205376148294985
1363,38,7.0,0.0008203584318137898,-0.00024297858825896913,0.00011751585291006929,0.000823595426035498,-0.00024621558248067734
1366,38,6.0,0.0007772587214901414,-0.00030216780520847444,5.187011444696132e-06,0.000777264952792538,-0.00030217403651087104
1368,38,207.0,0.0008553976481080541,-0.00026103387072868743,9.292779689272501e-06,0.0008554169852230495,-0.0002610532078436828
1370,39,8.0,0.0007667656431632162,-0.0001647411304503423,0.0001622614070235194,0.0007737790153130057,-0.0001717545026001318
1371,39,171.0,0.0008003626611996217,-0.00012338272027357343,4.5648923098745575e-05,0.0008009262779619958,-0.00012394633703594754
1372,39,170.0,0.0008513799113030879,-0.00023372436466537376,6.657488664683735e-05,0.0008524001018219455,-0.0002347445551842315
1374,39,208.0,0.000779995622126637,-0.00014435875035533584,0.00010615314024264161,0.0007830333042824796,-0.0001473964325111784
1375,39,209.0,0.000830393628354395,-0.00014740566498872357,8.045456236902698e-05,0.0008320458124480195,-0.00014905784908234802
1376,39,206.0,0.0007882933841291753,-0.00021686053291321717,5.986750045121336e-05,0.0007891840299669737,-0.00021775117875101559
1373,39,7.0,0.0007395811597943613,-0.00020547172983421697,6.0424153206048437e-05,0.0007405460143948539,-0.0002064365844347095
1377,40,9.0,0.0007200257641958238,-6.1529217544193e-05,4.228776803225087e-05,0.0007205973645499383,-6.21008178983075e-05
1378,40,172.0,0.0007767938096945939,-7.138552061496106e-05,-1.756518601755963e-05,0.0007768847405494043,-7.14764514697714e-05
1379,40,171.0,0.0008131358503914582,-0.00012730385988575987,6.27119208084009e-05,0.0008141801551668449,-0.00012834816466114667
1383,40,208.0,0.0007510791935414866,-0.00012779161839135845,2.9044340574366223e-05,0.000751319087593981,-0.00012803151244385273
1382,40,211.0,0.0007958127341158409,-6.083009628151184e-05,3.496980089275764e-05,0.0007961694691201072,-6.118683128577814e-05
1381,40,210.0,0.0007369539860406574,-6.64572508034672e-05,2.030619956001206e-05,0.0007370822752309248,-6.65855399937346e-05
1380,40,8.0,0.0007159526534423546,-0.00012917023200816839,-5.5686365015156225e-06,0.0007159618264799216,-0.00012917940504573528
1384,41,10.0,0.0007109898391769731,-0.0001314604531500057,7.913652689504891e-06,0.0007110084232162911,-0.00013147903718932366
1390,41,210.0,0.000736993296017098,-6.64572508034672e-05,-2.706275318385687e-05,0.0007372211211755899,-6.668507596195903e-05
1389,41,213.0,0.0007959218316828526,-6.161807784134821e-05,-3.9761649500535956e-05,0.0007963824924404801,-6.207873859897573e-05
1388,41,212.0,0.0007512308465528091,-0.00013020462986427887,-3.145264053517477e-05,0.000751511341811037,-0.00013048512512250677
1387,41,9.0,0.000716530872786697,-6.152921754419387e-05,-5.500436682887022e-05,0.0007175017842021166,-6.250012895961344e-05
1386,41,172.0,0.0007759253810801503,-7.138552061495976e-05,1.6804670811994965e-05,0.0007760086944177002,-7.146883395250968e-05
1385,41,173.0,0.0008141737530675194,-0.00012988495266686665,-7.09445222070032e-05,0.0008155047188541148,-0.00013121591845346195
1397,42,212.0,0.0007805840391138519,-0.00014772395657054065,-0.00011323814824499082,0.000784024580661694,-0.00015116449811838277
1391,42,11.0,0.0007427398956959975,-0.000200394664556164,-7.687272756088867e-05,0.0007443037324351808,-0.00020195850129534732
1392,42,174.0,0.0008493363119631281,-0.0002311524323247785,-7.255033492263585e-05,0.000850552805817412,-0.00023236892617906242
1395,42,214.0,0.0007878306928283119,-0.00021289736053788436,-7.116732234213607e-05,0.0007890943728569358,-0.0002141610405665083
1396,42,215.0,0.0008306096128319913,-0.00014794910046020057,-8.692753533678238e-05,0.0008325363106477162,-0.00014987579827592556
1394,42,10.0,0.0007675887091907098,-0.00016892014171523279,-0.0001682109544635657,0.0007750820512119308,-0.00017641348373645383
1393,42,173.0,0.0008032701179956914,-0.00012612606508781085,-5.4319512206500026e-05,0.000804063131239127,-0.00012691907833124651
1399,43,175.0,0.0008538258799623555,-0.0003171633153785038,8.264296411344269e-05,0.0008552822076516378,-0.0003186196430677861
1404,43,214.0,0.000821298769229737,-0.00022797036494657153,-9.36943190141138e-05,0.0008233862211778621,-0.00023005781689469662
1403,43,217.0,0.000853530188067316,-0.00025959435454536717,-9.061510940537587e-06,0.000853548629314693,-0.0002596127957927442
1398,43,12.0,0.0007684020871730982,-0.0002982767548766812,3.4083102257304043e-06,0.0007684048097706803,-0.0002982794774742633
1401,43,11.0,0.00081564235900357,-0.00023114570207203883,-0.00012091609992259666,0.0008191225895639246,-0.00023462593263239343
1400,43,174.0,0.0008376371307221644,-0.00022389505252973924,-5.987521780104199e-05,0.0008384807685468396,-0.0002247386903544144
1402,43,216.0,0.0008026361194693743,-0.00030654132702444443,3.913975666146319e-05,0.0008029812950703518,-0.0003068865026254219
1405,44,13.0,0.0007539449346659685,-0.0003578288177707588,0.00017810868542451896,0.0007610330979544403,-0.0003649169810592306
1406,44,176.0,0.0007828506137696686,-0.0003501151549265807,0.00030311543816902153,0.0008027742441137584,-0.0003700387852706705
1407,44,175.0,0.0008439838310745768,-0.000317294941647023,7.588241477647639e-05,0.0008452221227626289,-0.0003185332333350752
1409,44,218.0,0.0007628807678694283,-0.00035331604574419435,0.0002357524960513442,0.0007751933019893411,-0.0003656285798641071
1410,44,219.0,0.0008183384688167112,-0.00033940712504372745,0.00018816968799612727,0.0008259344885306123,-0.00034700314475762854
1411,44,216.0,0.0008311861911512834,-0.00030707935052712103,5.737153960986511e-05,0.0008319086512544754,-0.000307801810630313
1408,44,12.0,0.0008279585216202437,-0.0003000491142663335,4.046566984074185e-05,0.0008283213170263994,-0.00030041190967248924
1412,45,14.0,0.0006706789337054403,-0.0003444678346415642,0.00036540945276645337,0.0007025606054579266,-0.0003763495063940505
1413,45,177.0,0.0006333597372090785,-0.0003034463481260594,0.0004676878278932692,0.0006884873875004969,-0.00035857399841747776
1414,45,176.0,0.000781287113457603,-0.0003587509362085639,0.0002929161565749655,0.0007998015688678459,-0.00037726539161880683
1415,45,13.0,0.0007645544299906062,-0.0003055608278956976,0.00024098617062422167,0.0007779539551609724,-0.00031896035306606377
1418,45,218.0,0.0007684365877165845,-0.00032853740458236105,0.00026608695706032803,0.0007843417886468358,-0.00034444260551261225
1416,45,220.0,0.0006500814359132571,-0.00032455573330261576,0.0004132433834175234,0.0006920755437555141,-0.0003665498411448727
1417,45,221.0,0.0006989803022908712,-0.0003451245089760471,0.00040425100878777737,0.0007367434321279505,-0.00038288763881312636
1425,46,220.0,0.0006323752574308519,-0.0002806570005563049,0.00041596523404660926,0.0006775201145774597,-0.00032580185770291273
1419,46,15.0,0.0005537977547623741,-0.0002685585609456399,0.00044734690588984355,0.0006106978927612285,-0.0003254586989444943
1420,46,178.0,0.00044908434352258775,-0.00020651734573610297,0.0004552451326525434,0.0005203642256148798,-0.00027779722782839497
1421,46,177.0,0.0006420570843505176,-0.0003198078670681359,0.0004698196059288659,0.0006963616231690455,-0.0003741124058866638
1422,46,14.0,0.0006328245815823696,-0.0002504901537309376,0.0003713124375439372,0.0006702595452921339,-0.0002879251174407019
1423,46,222.0,0.000501512387423627,-0.00023902529732608318,0.00045085217453584483,0.000564736262928254,-0.0003022491728307102
1424,46,223.0,0.0005147028087585381,-0.00027556051759763305,0.0005022343610376762,0.0005877472551776967,-0.0003486049640167916
1431,47,225.0,0.00031616731885993066,-0.00016883789789955015,0.0004015006646849277,0.00038847927654502056,-0.00024114985558464007
1430,47,224.0,0.0003486117577977954,-0.00014226449577321146,0.0003118180622401958,0.00039394415920382744,-0.0001875968971792435
1429,47,15.0,0.0004813950998200228,-0.00015845564452666804,0.0003181554672481192,0.000518762281578635,-0.0001958228262852802
1427,47,179.0,0.00027544590904990396,-0.000103995032411413,0.00024946448726495063,0.00031277607059287255,-0.00014132519395438161
1426,47,16.0,0.0004211665056350275,-0.00016964555971166943,0.0003732817003827965,0.0004751879062006498,-0.00022366696027729173
1432,47,222.0,0.00046668989038220823,-0.00018962055141140765,0.0003872463552266406,0.0005195540704493305,-0.00024248473147852993
1428,47,178.0,0.00046197951873757064,-0.0002211375545779484,0.00048032130312153365,0.000537960647886405,-0.00029711868372678273
1436,48,16.0,0.00036886098472398154,-0.0001187466697914325,0.0001217342290320278,0.0003763440688146601,-0.00012622975388211103
1435,48,179.0,0.00028158443950302564,-0.000120078102866335,0.00027695879212488034,0.00032469935627682273,-0.00016319301964013206
1438,48,227.0,0.0001794838200153831,-9.037244746387048e-05,0.00014238174001685033,0.00019711302384761844,-0.00010800165129610583
1433,48,17.0,0.0002715376593145011,-0.00011250092154563369,6.824411917300682e-05,0.00027454586142764277,-0.00011550912365877537
1437,48,226.0,0.00023179429949991143,-7.817523493392323e-05,3.207580938202788e-05,0.00023262189525897909,-7.900283069299088e-05
1434,48,161.0,0.00019204903195062933,-5.8499995265576696e-05,-2.5442706917256155e-05,0.00019269328816484525,-5.9144251479792626e-05
1439,48,224.0,0.00032433296694484373,-0.00010938186860423021,0.00019691915116680156,0.00034563815678935233,-0.00013068705844873884
818,49,165.0,0.00025493701925525386,-0.00012726476552826793,-0.0003111391457123469,0.00031025334028735187,-0.00018258108656036594
816,49,163.0,7.707187032541044e-05,-0.00013096732014090089,-4.0017916830836775e-06,7.70911129204343e-05,-0.00013098656273592474
822,49,228.0,0.00019638786055449498,-0.00012468650305471607,-0.00030501692305855144,0.0002572801654489096,-0.0001855788079491307
819,49,180.0,0.0001368215026767705,-0.00015624038647080505,-0.00028696001113275027,0.00019537061494667853,-0.00021478949874071307
820,49,38.0,0.00011928435836907128,-7.558126199580543e-05,1.3421597766655191e-06,0.00011928666941231618,-7.558357303905032e-05
821,49,196.0,0.00019366143145575776,-9.277086458881419e-05,-0.00014601570647313974,0.00021119668059241985,-0.00011030611372547627
817,49,164.0,0.00016149684641272866,-5.856682590784097e-05,1.9056037829430494e-05,0.0001619086072295567,-5.8978586724669016e-05
823,49,229.0,8.92357688899656e-05,-0.00014330385773290419,-0.00014420322776553807,0.00010977718396266528,-0.00016384527280560387
831,50,231.0,0.00020933917974921834,-0.0001879033685534137,-0.0003923023840824401,0.0002898696576695736,-0.00026843384647376895
829,50,199.0,0.0003317658612786989,-0.0001721079728516637,-0.00041049236477602377,0.0004047877193914793,-0.00024512983096444414
828,50,228.0,0.00019445294723548397,-0.00012193846431512789,-0.0002958854542147449,0.0002528511745001264,-0.0001803366915797703
827,50,181.0,0.00030364261236509593,-0.00022258315583799382,-0.00048490267217992516,0.0003983160334123661,-0.000317256576885264
826,50,166.0,0.00043312006527003455,-0.00022609219789177068,-0.0005216331398258806,0.000523829868572499,-0.00031680200119423523
825,50,165.0,0.00025048819316836335,-0.00011739541146964667,-0.00029085109179527446,0.0003010313072938702,-0.00016793852559515352
824,50,180.0,0.00013769115869079196,-0.0001529646477763134,-0.0002919654286979989,0.00019835148897304577,-0.0002136249780585672
830,50,230.0,0.0003685084516265461,-0.00021271337691373336,-0.0005083896834483376,0.00046399301913792334,-0.00030819794442511056
832,51,181.0,0.00030736453485374904,-0.0002144346378619424,-0.0004972634677484766,0.000406862414151539,-0.00031393251715973236
833,51,166.0,0.0004214531540866068,-0.0002150503965872402,-0.0004980400782478439,0.0005072993525015734,-0.0003008965950022068
836,51,230.0,0.00036535491685950913,-0.00020748182026444537,-0.0005029432660898919,0.0004600841103729,-0.0003022110137778362
837,51,201.0,0.0005189848483771742,-0.00027294149495303793,-0.000498074175765177,0.0005907890381815601,-0.0003447456847574238
838,51,232.0,0.0005750872977471136,-0.0003009493893696949,-0.0005169212007844759,0.0006456571483583778,-0.0003715192399809591
839,51,233.0,0.0004006485278221644,-0.0002467533400398682,-0.000523142669538566,0.0004931228668240753,-0.0003392276790417792
834,51,167.0,0.0006343302173149601,-0.00033074785606226995,-0.0004884391250204248,0.0006926119611452301,-0.00038902959989254004
835,51,182.0,0.0005165382919469427,-0.0002807258674460387,-0.0005400495107821257,0.0005993840450601803,-0.0003635716205592763
845,52,203.0,0.0007028383689895931,-0.0003432684998681038,-0.0003941616068863351,0.0007387355033533868,-0.00037916563423189746
840,52,182.0,0.0005223830492922521,-0.0002734855881227373,-0.0005536423353904862,0.0006091978212382169,-0.0003603003600687021
841,52,167.0,0.0006279303416506718,-0.0003182314947905991,-0.00048718730474699157,0.0006869616509357939,-0.0003772628040757212
842,52,168.0,0.0007907167385513142,-0.0003693294474156226,-0.00029174613390007403,0.0008087787064542712,-0.0003873914153185796
843,52,183.0,0.0007230834046516657,-0.0003038398779123949,-0.00045527467804694355,0.0007712814603265413,-0.00035203793358727046
844,52,232.0,0.0005741427387497885,-0.0002950706135998204,-0.0005194248929032835,0.0006458299671576959,-0.00036675784200772786
846,52,234.0,0.0007528519745703816,-0.000337491698125557,-0.00036855527348086253,0.0007831543588002374,-0.0003677940823554129
847,52,235.0,0.0006135715950676968,-0.00028689819156295035,-0.0005098169907426899,0.0006807241776069243,-0.000354050774102178
849,53,183.0,0.0007310881817241266,-0.00029811626805629435,-0.00046900306497549976,0.0007820002524985421,-0.00034902833883070983
850,53,168.0,0.0007902996936404727,-0.00036326742498107205,-0.00029739111142378094,0.0008091583445361893,-0.0003821260758767887
851,53,169.0,0.0008599713316358171,-0.0003203365363952462,-5.607906092868972e-05,0.0008606370664725245,-0.0003210022712319536
852,53,237.0,0.0007982775075256396,-0.0002833438602768979,-0.0003889175220802843,0.0008321757982950515,-0.00031724215104630987
853,53,234.0,0.0007543738900460707,-0.0003337116290934635,-0.00037385725798863567,0.0007855917988502006,-0.0003649295378975934
854,53,205.0,0.0008215121027201691,-0.0003401582681772698,-0.0001798042746869767,0.0008284284863498961,-0.0003470746518069968
855,53,236.0,0.0008578753753753499,-0.0003006659236498973,-0.00016565690187379106,0.0008637671286804248,-0.0003065576769549723
848,53,184.0,0.0008770101053150667,-0.0002742918597763663,-0.00029944999406121553,0.0008961629798866896,-0.00029344473434798923
858,54,169.0,0.0008656090556319745,-0.00032156902547168277,-5.79899825828567e-05,0.0008663167916011283,-0.0003222767614408365
863,54,238.0,0.0008887278559657208,-0.00021186258448665542,-2.2329568875906203e-05,0.000888841103893262,-0.0002119758324141966
859,54,170.0,0.0008500362979375342,-0.00020982773182101752,8.067941664866886e-05,0.000851569458268922,-0.0002113608921524053
860,54,239.0,0.0009239099942431744,-0.00023598931090029317,-0.00023721560485160872,0.000935914233722463,-0.0002479935503795817
861,54,236.0,0.0008612068998166134,-0.0002998648647176464,-0.00016907976395533209,0.0008673301197924066,-0.00030598808469343964
862,54,207.0,0.0008562724230630897,-0.0002629085497090661,9.930431573820092e-06,0.0008562944506736323,-0.00026293057731960866
856,54,185.0,0.0009666790159313862,-0.00020810212189308758,-0.00015559152115891817,0.0009718083714193148,-0.00021323147738101615
857,54,184.0,0.0008868711915752947,-0.00027053043358962574,-0.00031166646688967486,0.0009074855107302811,-0.0002911447527446121
864,55,186.0,0.0010060695613662851,-0.00014085991471160693,-6.406238399665753e-05,0.0010069634247558462,-0.00014175377810116802
865,55,185.0,0.0009758915584484606,-0.00020641736811747007,-0.00016347483901016022,0.000981515617907995,-0.00021204142757700445
866,55,170.0,0.000857120232603828,-0.00021533897838109384,9.105063490044696e-05,0.0008590492880428287,-0.00021726803382009457
867,55,171.0,0.0008063491480887197,-9.833909298856045e-05,7.296083849910127e-05,0.0008078177911150753,-9.98077360149161e-05
868,55,241.0,0.0009898670978972304,-0.00017031236177019902,-0.00011642193359268083,0.0009927804652370357,-0.0001732257291100043
869,55,238.0,0.0008930600228255689,-0.00021328931059279082,-2.067953998888261e-05,0.0008931566482799624,-0.00021338593604718428
870,55,209.0,0.0008312082008220048,-0.00015313731690453063,8.139345801440323e-05,0.0008328878979807416,-0.0001548170140632674
871,55,240.0,0.0008790730237808464,-0.00012074699342141254,1.56141365313181e-05,0.0008791339813512397,-0.00012080795099180582
876,56,243.0,0.0010141944891663077,-0.00012192711432426964,-3.687964505861424e-05,0.0010144936979200095,-0.0001222263230779714
879,56,242.0,0.0008655650790331954,-7.852626243716118e-05,-5.127646009003839e-06,0.0008655720414314663,-7.853322483543211e-05
878,56,211.0,0.0007957144149043048,-6.487608498875405e-05,3.357583609126663e-05,0.0007960417796900409,-6.520344977449012e-05
877,56,240.0,0.0008824975588533415,-0.0001218729540477144,2.0563053247900365e-05,0.0008826027976204729,-0.00012197819281484581
872,56,187.0,0.00101915467369975,-0.00011615663583235212,-3.3792268697430128e-06,0.001019157188241103,-0.00011615915037370514
874,56,171.0,0.0008151632991611479,-0.00010125375297070742,8.578331101388725e-05,0.0008171664064462648,-0.00010325686025582429
873,56,186.0,0.0010098808279089266,-0.00014079455360848248,-6.515120845723699e-05,0.0010108023048850342,-0.00014171603058459005
875,56,172.0,0.0007766177281690184,-4.089588904197241e-05,-1.632646137198629e-05,0.0007766992334683995,-4.09773943413535e-05
887,57,244.0,0.0008833076062162992,-0.00012317665065428697,-2.641224418263241e-05,0.0008834808544758135,-0.00012334989891380128
885,57,242.0,0.0008656062212317531,-7.852626243716118e-05,5.271418756953861e-07,0.0008656062948121404,-7.852633601754852e-05
886,57,213.0,0.000795838594184025,-6.602049324853487e-05,-3.84848303205676e-05,0.0007962679986637017,-6.644989772821148e-05
884,57,245.0,0.001014275258432902,-0.00012265656821336835,3.177442890292537e-05,0.0010144972192492924,-0.0001228785290297588
881,57,187.0,0.0010192086823967578,-0.00011615663583235169,-1.5086366568772824e-06,0.0010192091835534165,-0.0001161571369890105
882,57,172.0,0.0007761014626057328,-4.0895889041972847e-05,1.2007892506424311e-05,0.0007761455819948817,-4.094000843112174e-05
880,57,188.0,0.0010100235017667797,-0.00014150138530362628,5.93989887015256e-05,0.0010107889858728305,-0.00014226686940967711
883,57,173.0,0.0008159490751034476,-0.00010308905250178309,-9.154108650009235e-05,0.0008182229439312877,-0.00010536292132962323
895,58,246.0,0.0008918045677784661,-0.00021300170259117167,1.6098859133520382e-05,0.0008918632114330231,-0.00021306034624572865
893,58,244.0,0.0008800230193959924,-0.00012203495866270199,-2.1356648715640386e-05,0.0008801367989055721,-0.00012214873817228175
894,58,215.0,0.0008314891514573305,-0.00015344321890746037,-8.815240334116015e-05,0.0008334576486160985,-0.00015541171606622828
892,58,247.0,0.0009897028486383075,-0.0001713196948431618,0.00011108184823865885,0.0009923537592020104,-0.0001739706054068648
890,58,173.0,0.0008085121485935168,-0.00010036540853418461,-7.939915318531943e-05,0.0008102429216705455,-0.00010209618161121335
889,58,188.0,0.0010057557493627495,-0.00014161683876978953,5.7968319481731256e-05,0.0010064874612080062,-0.00014234855061504633
888,58,189.0,0.0009755674289301103,-0.00020770796412141086,0.00015991701476264497,0.0009809460863285592,-0.0002130866215198598
891,58,174.0,0.0008553333706963553,-0.0002139027777617996,-9.752570566360502e-05,0.0008575526099140087,-0.0002161220169794529
900,59,249.0,0.0009229757665315304,-0.00023676649797913256,0.00023478567324765331,0.0009347393257148168,-0.00024853005716241896
896,59,190.0,0.0008859276523517506,-0.0002717564034974275,0.0003096303685872562,0.0009062732699771351,-0.00029210202112281197
897,59,189.0,0.000966295070136583,-0.00020930480646220388,0.00015222115942244152,0.0009712021318032342,-0.0002142118681288551
898,59,174.0,0.0008473504603906459,-0.00020799099208437723,-8.655985565382551e-05,0.0008491224104465417,-0.00020976294214027297
899,59,175.0,0.0008647317900463761,-0.000320046726698762,6.37548669475893e-05,0.0008655888584218777,-0.0003209037950742636
901,59,246.0,0.0008874952485363255,-0.0002117110717243368,1.7429785638268212e-05,0.000887564338917238,-0.00021178016210524932
902,59,217.0,0.0008543230362675365,-0.00026098823466248235,-9.80239915441411e-06,0.000854344574015829,-0.0002610097724107747
903,59,248.0,0.0008607752454605072,-0.000299815964772951,0.00017111444476480657,0.0008670485004272151,-0.000306089219739659
904,60,191.0,0.0007312441925018606,-0.000299993718052016,0.0004685971859170607,0.0007819809008350149,-0.0003507304263851703
905,60,190.0,0.0008766786086027781,-0.00027530378414218886,0.00029814301815286187,0.0008956564644648871,-0.0002942816400042979
906,60,175.0,0.0008586672497257614,-0.0003198227797638277,6.00468446771904e-05,0.0008594316359997259,-0.00032058716603779224
907,60,176.0,0.0007915987793887698,-0.0003638000168376394,0.00030366626696644305,0.0008112183036308616,-0.00038341954107973123
908,60,251.0,0.0007979536537096928,-0.0002848675189335392,0.0003884138764450734,0.0008317315215792994,-0.0003186453868031458
909,60,248.0,0.0008570540421737674,-0.000300852363340802,0.00016707881084082696,0.0008630501049437709,-0.00030684842611080547
910,60,219.0,0.0008213614531475989,-0.00034022937560048826,0.0001851569464827174,0.0008286936499818865,-0.0003475615724347758
911,60,250.0,0.0007552091528925525,-0.0003348547174118887,0.0003769615434219345,0.0007868788838039355,-0.00036652444832327164
919,61,221.0,0.0007044793126828527,-0.0003442764872935704,0.00039870798270078694,0.0007410953483689759,-0.0003808925229796936
918,61,250.0,0.0007535801088833644,-0.00033867965663547477,0.00037150756018914863,0.0007843057675398532,-0.00036940531529196366
917,61,253.0,0.0006139593767361985,-0.000288839983301636,0.0005086241352174198,0.0006806680819539978,-0.0003555486885194353
915,61,176.0,0.0007919567112362955,-0.00036997136278468876,0.0002978528528669207,0.0008107411988507242,-0.0003887558503991175
916,61,252.0,0.0005755685719414719,-0.00029649056327132276,0.0005196508773012386,0.0006471126860769558,-0.0003680346774068067
913,61,192.0,0.0005230703383870064,-0.0002752150787117449,0.0005513005461767993,0.000609002855799379,-0.00036114759612411755
912,61,177.0,0.0006300747019991962,-0.0003194390789524261,0.0004898863924486865,0.000689538060513311,-0.00037890243746654094
914,61,191.0,0.0007232643465457378,-0.0003057517869609321,0.0004548592710520022,0.0007712887587389467,-0.0003537761991541411
920,62,178.0,0.0004243125134988368,-0.00021647387664965588,0.0004871196600090416,0.000506378248306529,-0.0002985396114573481
921,62,193.0,0.0003058068384035259,-0.0002141660726398844,0.0004911143931961319,0.000403439305557678,-0.00031179853979403647
922,62,192.0,0.0005167066964311962,-0.0002828952678215278,0.0005366362648137474,0.0005983986483002524,-0.00036458721969058407
923,62,177.0,0.0006383095583481976,-0.00033168634713138915,0.0004940695411351018,0.0006975993898100648,-0.00039097617859325625
924,62,254.0,0.00036566421506272623,-0.00020793457053705332,0.0004936356325128226,0.0004572468066806587,-0.00029951716215498574
925,62,255.0,0.00040078311448099244,-0.00024798784734828276,0.0005184509356775946,0.0004916370625762503,-0.00033884179544354067
926,62,252.0,0.0005769351449342944,-0.00030219162538416746,0.0005178985521116543,0.0006475390824668244,-0.0003727955629166975
927,62,223.0,0.0005228578515394239,-0.00027430742717191687,0.0004955333943393592,0.0005935900922185806,-0.00034503966785107354
933,63,257.0,0.0002075982832349596,-0.00018695109325159604,0.00038334111426962386,0.00028537796251536186,-0.00026473077253199825
935,63,225.0,0.0003302462086669303,-0.0001694406212058263,0.00039920587804559426,0.0004001887616115861,-0.00023938317415048214
934,63,254.0,0.00036903231887918525,-0.0002133357432511532,0.0004995298136800386,0.0004614765566318456,-0.0003057799810038136
932,63,256.0,0.00019172059324223945,-0.00011853333598716386,0.0002877771131566051,0.00024817881682547916,-0.00017499155957040357
931,63,178.0,0.00043511181961943673,-0.00022728476698665622,0.0005087137633791006,0.0005215134936890933,-0.00031368644105631287
930,63,193.0,0.00030192717431871616,-0.00022184142630509525,0.0004785687613361178,0.0003947827809549193,-0.0003146970329412984
929,63,194.0,0.00013644614908795566,-0.00015239996419831998,0.0002821866905253394,0.00019392740484937724,-0.00020988121995974156
928,63,179.0,0.00024584137700620415,-0.00011122691323371355,0.0002822610131060707,0.00029488636285749867,-0.00016027189908500805
941,64,258.0,8.817327782804224e-05,-0.0001421472457211268,0.00013609334661632624,0.00010677487773420256,-0.0001607488456272871
943,64,227.0,0.00019096140815216128,-9.041003003493291e-05,0.00014162581842546915,0.0002077778784657441,-0.00010722650034851572
942,64,256.0,0.0001936451266016173,-0.00012161410356299059,0.0002967901457338537,0.0002525061422684888,-0.0001804751192298621
939,64,179.0,0.00025078984055894316,-0.00012252733277220656,0.00030476308707634917,0.0003050909243510333,-0.0001768284165642967
937,64,162.0,7.649411253396465e-05,-0.00012986681523055932,-3.8494849980384716e-06,7.651206317753878e-05,-0.00012988476587413346
936,64,161.0,0.00016042513003894365,-5.851882283649401e-05,-2.2122466552421116e-05,0.0001609825337992938,-5.9076226596844155e-05
938,64,194.0,0.00013560600878131587,-0.0001549209259788117,0.00027747980510434145,0.000191216221895897,-0.00021053113909339283
940,64,82.0,0.00011845962128645415,-7.52083548764724e-05,-7.029184919168929e-06,0.00011852338141369767,-7.527211500371591e-05
951,65,37.0,0.00013043589105998094,-0.0005741490261854065,0.00011272112134002449,0.00013491575367516085,-0.0005786288888005864
950,65,259.0,0.00011659077083159101,-0.0002460110981673386,-0.0001085400212526011,0.00012453904479482495,-0.00025395937213057256
949,65,229.0,6.271639258983996e-05,-0.00014472408600467112,-0.00016118157996618254,9.034592858732437e-05,-0.00017235362200215555
947,65,33.0,0.00011809720416403047,-0.0005257956738132381,0.00018613009563267502,0.00013127852096789933,-0.0005389769906171069
946,65,180.0,0.00010663275091495061,-0.0001594410640324013,-0.0003222976809456879,0.00018256418443076886,-0.00023537249754821955
945,65,163.0,3.4294675696072696e-05,-0.00013101440830519889,-8.710181455366672e-06,3.4409331641177684e-05,-0.00013112906425030387
944,65,34.0,0.00015548800957256373,-0.0006242980143329028,2.242103945349072e-05,0.0001556491432485085,-0.0006244591480088475
948,65,260.0,9.489279696014638e-05,-0.00027333132447928185,-1.2683877516211917e-05,9.500199204353241e-05,-0.00027344051956266786
952,66,33.0,0.00011039816132913521,-0.0005079897311882778,0.00022109502235706513,0.0001295662844858831,-0.0005271578543450257
954,66,181.0,0.00029673384036132955,-0.00023795481605039487,-0.0005375863508459561,0.0004084973608974996,-0.00034971833658656494
955,66,32.0,4.9249502472939466e-05,-0.0002689538928007291,0.00014963873822024243,6.596386833702424e-05,-0.0002856682586648139
956,66,259.0,0.00012016322014560092,-0.0002542084315826547,-0.0001247752181461892,0.00013028615528891762,-0.00026433136672597145
957,66,231.0,0.0001913918495617395,-0.00019607302977806308,-0.0004246405406202157,0.0002850827133399219,-0.0002897638935562455
958,66,261.0,0.00019249087294917477,-0.000192152725054198,-0.00026644121484570293,0.00023412506257218372,-0.00023378691467720696
959,66,41.0,6.636954836389264e-05,-0.0003811374759915526,0.0002054131880758446,8.881570854731846e-05,-0.00040358363617497837
953,66,180.0,0.0001086683322260168,-0.00016241584242269102,-0.0003318864352124251,0.00018738965499714698,-0.0002411371651938212
960,67,32.0,4.061706156389955e-05,-0.00023904195011306738,0.0001580896766685963,6.141251384316881e-05,-0.00025983740239233664
961,67,181.0,0.00030099478018350695,-0.0002393341886540814,-0.0005473019175973454,0.00041537378601348257,-0.000353713194484057
962,67,182.0,0.000538034144389618,-0.00030802216954780855,-0.0005797042550444859,0.0006278091440195326,-0.0003977971691777231
967,67,44.0,3.1134767613696934e-05,-0.00010332695171479795,-1.596010649626209e-05,3.160671247804151e-05,-0.00010379889657914252
964,67,261.0,0.00019663324687148407,-0.00020517339865088174,-0.0002710485964157877,0.00023807055318686806,-0.00024661070496626573
963,67,31.0,6.931286466612535e-05,1.2860460051442209e-06,-0.00022286485291872493,0.00015180738502672803,-8.120847435545846e-05
965,67,233.0,0.00040309736439128607,-0.000264886468687201,-0.0005558004292510804,0.0005035926508885397,-0.00036538175518445465
966,67,262.0,0.0003342942620729178,-0.00014023356777147916,-0.000455961835558058,0.00042607360296304653,-0.0002320129086616079
969,68,182.0,0.0005412272198845394,-0.00031023996175035245,-0.00058301362276654,0.0006314638912268015,-0.00040047663309261455
971,68,30.0,0.00028725476142493767,0.00013524078353859036,-0.0007982697648576814,0.0006175551890270348,-0.00019505964406350677
972,68,262.0,0.0003347354297711311,-0.00015344798196894726,-0.0004478113821229507,0.0004218755450841759,-0.0002405880972819921
973,68,235.0,0.0006327398505941717,-0.00030856929623764294,-0.0005205299919954264,0.0006999082923226512,-0.00037573773796612247
974,68,263.0,0.0005478666229148388,-0.00012392478887599803,-0.00062292170897707,0.0006700470996765302,-0.0002461052656376894
975,68,47.0,0.00014712268288695485,0.00010397882340743134,-0.0005205017173786591,0.0003866941191384252,-0.000135592612844039
970,68,183.0,0.0007635130271599344,-0.0003307560392054464,-0.00045495451884262905,0.000808917185502846,-0.00037616019754835794
968,68,31.0,6.91495440076767e-05,3.112695049179229e-05,-0.000242519327181126,0.00017287917529948917,-7.260268080002018e-05
982,69,237.0,0.0008235720972889563,-0.0002970747043681626,-0.0003693269618150648,0.0008532172674003826,-0.00032671987447958895
981,69,263.0,0.0005414312762904855,-0.0001315926400755488,-0.0006088185111531447,0.0006586872024722079,-0.0002488485662572712
983,69,264.0,0.0008075975361001783,-0.00015490620693877624,-0.0006893327045712494,0.0009182901368404543,-0.00026559880767905225
979,69,184.0,0.0009191438042553818,-0.0002843030174613597,-0.0002562754957460764,0.0009326360837081457,-0.0002977952969141236
978,69,183.0,0.0007642366815056173,-0.0003309446086334862,-0.00045548960376026737,0.0008097086042576313,-0.00037641653138550013
977,69,30.0,0.00030291608651533686,0.00015252207996933193,-0.0008312123863788018,0.0006500733150414553,-0.00019463514855678652
976,69,29.0,0.000722583585883646,5.587740869515169e-05,-0.0012621297342162024,0.001102930117699477,-0.0003244691231206792
980,69,50.0,0.0004828259737777174,0.00012190597507626187,-0.0010686711502058618,0.0008663520719384837,-0.0002616201230845045
984,70,28.0,0.0012591284637184716,-0.0001794058424015605,-0.0013119967865106025,0.0015133494356115015,-0.0004336268142945905
985,70,29.0,0.0007515737185070093,5.7613078720490825e-05,-0.0012840645774337828,0.001134388439805644,-0.0003252016425781439
986,70,184.0,0.0009181625560374385,-0.0002819503347521223,-0.0002591492082193725,0.000931993165148616,-0.00029578094386329985
987,70,185.0,0.0009944299021631686,-0.00019015085974215598,-9.402913525210707e-05,0.000996292923067396,-0.00019201388064638328
988,70,53.0,0.000984706580948222,-5.4148792290759e-05,-0.001333126305943868,0.0013103301108397555,-0.00037977232218229246
989,70,264.0,0.000795426795811148,-0.00015568582162812277,-0.0006800475525194638,0.000904481444211693,-0.00026474047002866775
990,70,239.0,0.0009440710084351253,-0.00023120962286347782,-0.0001969002889675546,0.0009522608460386508,-0.00023939946046700334
991,70,265.0,0.0010587671798420878,-0.00021600261262974063,-0.0005994589837293174,0.0011257240147588248,-0.0002829594475464777
998,71,241.0,0.0009992328106992882,-0.00014441843467236266,-7.773304383584811e-05,0.0010005521516012346,-0.00014573777557430926
999,71,266.0,0.001241682441429949,-0.0002733509873653751,-0.0003495540902644506,0.0012615836250105758,-0.00029325217094600185
997,71,265.0,0.0010460519273702562,-0.0002126430696566847,-0.0006023029346705414,0.0011143938154489492,-0.0002809849577353776
994,71,185.0,0.0009930234817232333,-0.00018694704566385618,-0.00010118134703898662,0.0009951885601073552,-0.000189112124047978
995,71,186.0,0.0010161648281320768,-9.743270454815739e-05,-1.764465988456261e-05,0.0010162347174940802,-9.750259391016081e-05
996,71,56.0,0.001488360497515183,-0.0003127842941281129,-0.0011092746777279089,0.0016454521399297,-0.00046987593654262993
992,71,27.0,0.0017062742697385655,-0.00042554196824864336,-0.0008480264225758233,0.0017875136222947924,-0.0005067813208048703
993,71,28.0,0.001288794080894981,-0.0001869237922093865,-0.0013061344626876525,0.0015362942762865827,-0.00043442398760098816
1001,72,27.0,0.001723842384593277,-0.00043285410119733034,-0.0008149499361585887,0.0017982607193565256,-0.0005072724359605789
1002,72,186.0,0.0010132996225718643,-9.562275516483004e-05,-2.6126549516475306e-05,0.0010134534885917795,-9.577662118474513e-05
1003,72,187.0,0.0010191133132233937,-5.9831659462155446e-05,1.7756701674344344e-06,0.0010191140437987448,-5.983239003750653e-05
1004,72,59.0,0.001803011822500665,-0.0004982008857604262,-0.0004315537070676001,0.0018230696527913109,-0.0005182587160510721
1005,72,266.0,0.0012336550481923392,-0.00027014245012214845,-0.00036400253461073284,0.0012553687280232725,-0.00029185612995308167
1006,72,243.0,0.0010155628166182776,-8.480695789822622e-05,-1.9377031742894013e-05,0.001015648115275242,-8.489225655519054e-05
1007,72,267.0,0.0013074015263060262,-0.0002961084497771541,7.24465722134679e-06,0.0013074097091036398,-0.00029611663257476765
1000,72,26.0,0.0018843853291669183,-0.0005323738990330382,-2.2796085612647454e-05,0.001884439084000547,-0.000532427653866667
1015,73,268.0,0.0012327244756019373,-0.0002704752502088565,0.00035982090123589695,0.0012539571457597938,-0.00029170792036671295
1014,73,245.0,0.0010156932907780213,-8.534868709833814e-05,1.3750864490312542e-05,0.0010157362225884038,-8.53916189087207e-05
1013,73,267.0,0.0013074671258538062,-0.0002961084497771541,-1.0920735302056422e-05,0.0013074857188466393,-0.0002961270427699872
1009,73,26.0,0.0018842989753826145,-0.0005323738990330382,2.1681746766422094e-05,0.001884347605121502,-0.0005324225287719256
1012,73,62.0,0.0018017165120503345,-0.0004979780246495303,0.0004302868226895573,0.0018216706918004076,-0.0005179322043996034
1011,73,188.0,0.001013459643835965,-9.667565576169674e-05,2.0233229290244487e-05,0.0010135518284497792,-9.676784037551092e-05
1010,73,187.0,0.001019250042873135,-5.983165946215566e-05,-7.499586071060826e-06,0.0010192630731914042,-5.984468978042503e-05
1008,73,25.0,0.0017213977428975971,-0.00043236128220195714,0.0008129231968789646,0.0017955527717736734,-0.0005065163110780334
1016,74,24.0,0.001284653109075773,-0.00018682768851339005,0.00130088446879046,0.0015309458231157176,-0.0004331204025533348
1018,74,188.0,0.0010159022408175733,-9.852233191778425e-05,1.1483130660530638e-05,0.0010159318208342659,-9.855191193447693e-05
1019,74,189.0,0.0009927978007504695,-0.00018819831870563533,9.728760410974979e-05,0.0009947979925143083,-0.00019019851046947413
1023,74,269.0,0.0010445001196382475,-0.0002132069313160582,0.0005980257779735609,0.0011119694103069286,-0.0002806762219847393
1022,74,247.0,0.0009989345467162243,-0.00014551430946327815,7.286087312893125e-05,0.0010000930385071758,-0.00014667280125422967
1017,74,25.0,0.001703705575563777,-0.00042509360366518303,0.0008457524556329324,0.0017846316123210104,-0.0005060196404224164
1020,74,65.0,0.0014849153040473462,-0.0003123532866714136,0.001105761435413237,0.0016413737462271055,-0.00046881172885117296
1021,74,268.0,0.001240758726865382,-0.0002736898724631766,0.00034534338319342113,0.0012601966144362787,-0.0002931277600340734
1030,75,249.0,0.0009434242833092268,-0.00023247079353511373,0.00019419022342079956,0.000951387617966869,-0.00024043412819275598
1029,75,269.0,0.0010571903635563373,-0.00021650728217243294,0.0005953143720132817,0.0011233182284740898,-0.00028263514709018535
1028,75,68.0,0.0009806947480346523,-5.443247351871305e-05,0.0013265759223662424,0.001304453317311877,-0.00037819104279593764
1031,75,270.0,0.0007936680814208327,-0.000156835478016675,0.0006757616107718988,0.000901535237060982,-0.0002647026336568243
1026,75,189.0,0.0009942054267526174,-0.00019131728929782862,9.034072391404802e-05,0.0009959240004048524,-0.00019303586295006366
1025,75,24.0,0.0012548785056478856,-0.00017926391529723452,0.0013068122779998012,0.0015079262071502134,-0.00043231161679956216
1024,75,23.0,0.0007478581908443374,5.662853591075151e-05,0.0012761864038411744,0.0011279241081284083,-0.0003234373813733193
1027,75,190.0,0.0009171395596700438,-0.0002834283051401593,0.00025739647816492434,0.0009307807336473568,-0.0002970694791174723
1032,76,22.0,0.0003003967507839503,0.0001496423675576698,0.0008210776285953215,0.0006424208517663329,-0.00019238173342471277
1034,76,190.0,0.0009187053233002188,-0.00028553586002442576,0.0002552801404230795,0.0009320854988408236,-0.0002989160355650306
1035,76,191.0,0.0007643249078317857,-0.0003331543769115211,0.00045543886795353095,0.000809699173495341,-0.0003785286425750764
1036,76,71.0,0.00047964084224075005,0.00011998251796760525,0.0010596154913298378,0.0008593067872510454,-0.00025968342704269014
1037,76,270.0,0.0008059577193521017,-0.0001560192139589342,0.0006851810086320378,0.0009154928836404524,-0.00026555437824728493
1038,76,251.0,0.0008233397782471171,-0.000298764610903759,0.0003688479952279611,0.0008528735434894152,-0.0003282983761460571
1039,76,271.0,0.0005406172050406097,-0.00013399748451001876,0.0006042672592326652,0.0006561464477717732,-0.0002495267272411824
1033,76,23.0,0.0007189019626918369,5.4757893607025945e-05,0.0012540717668480805,0.0010963690991798256,-0.00032270924288096286
1045,77,74.0,0.0001453274726080922,9.961333141867432e-05,0.0005102226490901265,0.00037860363606806056,-0.00013366283204129404
1047,77,253.0,0.0006329409195651552,-0.00031063301470517874,0.0005196389317229308,0.0006997531514631248,-0.0003774452466031484
1046,77,271.0,0.0005470090238708439,-0.00012616000391821747,0.000618496558654695,0.0006675061583287084,-0.000246657138376082
1044,77,272.0,0.0003345410941443597,-0.00015637578612826388,0.0004424591572388184,0.0004195253453938201,-0.00024136003737772432
1042,77,22.0,0.0002849381322129335,0.00013183926614274144,0.0007878159086093656,0.0006096657757253207,-0.00019288837736964573
1041,77,21.0,6.796922501858815e-05,2.584888701718884e-05,0.00023227608238638765,0.00016494115051142027,-7.112303847564329e-05
1040,77,192.0,0.0005416339134435427,-0.00031213116531922554,0.0005810991322431069,0.0006311308399611445,-0.0004016280918368273
1043,77,191.0,0.0007636112956356939,-0.0003329404180873678,0.0004549392145816143,0.0008089252276505215,-0.00037825435010219546
1048,78,193.0,0.0002994403273250991,-0.00023890128188519305,0.000540843294176363,0.0004118200295544568,-0.00035128098411455074
1049,78,20.0,4.064894033239952e-05,-0.00024520637303721926,-0.00016594021260898473,6.298577948861915e-05,-0.0002675432121934389
1050,78,21.0,6.82576804424545e-05,-4.32574456575574e-06,0.00021258671314616784,0.0001442841145044915,-8.035217862779274e-05
1051,78,192.0,0.0005378824786387362,-0.00031031167131751695,0.0005766868501142774,0.0006266209131358063,-0.000399050105814587
1052,78,273.0,0.00019602664706962203,-0.0002068168096265809,0.00026477377626393794,0.00023563811311599157,-0.00024642827567295043
1053,78,77.0,3.069259474221958e-05,-0.000109229122074446,6.884890094552287e-06,3.0777236811321495e-05,-0.00010931376414354792
1054,78,272.0,0.00033398129045150715,-0.000143106320840175,0.0004504684162204495,0.00042351307931863926,-0.0002326381097073071
1055,78,255.0,0.0004022420354622379,-0.00026583772624145846,0.0005511066317711866,0.0005012290266345892,-0.0003648247174138098
1063,79,257.0,0.00018963925254753336,-0.00019535067762815314,0.00041643944499356045,0.00028071044274061597,-0.0002864218678212358
1062,79,273.0,0.00019170183434776,-0.00019368375977625325,0.0002597724916236499,0.0002313900840401509,-0.00023337200946864413
1061,79,80.0,6.666761351351372e-05,-0.0003855118912283363,-0.00021054350313051695,8.997456882888454e-05,-0.0004088188465437071
1057,79,19.0,0.00011060653495464923,-0.0005104539388467012,-0.00022480944326317732,0.00013032446152299985,-0.0005301718654150519
1059,79,193.0,0.0002950219203839838,-0.0002371116307748709,0.0005309175058801421,0.00040480069630108675,-0.0003468904066919739
1058,79,20.0,4.9336066741040296e-05,-0.00027488361470227136,-0.00015726003500933505,6.739914327274124e-05,-0.0002929466912339723
1056,79,194.0,0.00010676580865023183,-0.0001616014380540888,0.00032148573642519496,0.0001819706149142442,-0.00023680624431810117
1060,79,274.0,0.00011929942957045886,-0.0002543086140862822,0.00011777892553620217,0.00012836197302664603,-0.0002633711575424694
1064,80,162.0,3.394724079249997e-05,-0.00012981937696485697,-1.192530560967242e-07,3.3947262502189194e-05,-0.0001298193986745462
1065,80,18.0,0.0001548100495717894,-0.0006218800135079049,-2.4826774487243797e-05,0.0001550083948955107,-0.0006220783588316262
1066,80,19.0,0.0001184237438603894,-0.0005277308883509264,-0.0001891475311026486,0.00013198146650232243,-0.0005412886109928594
1067,80,194.0,0.00010473332893504855,-0.00015803703478893565,0.0003120303599728723,0.0001773157974471018,-0.0002306195033009889
1068,80,275.0,9.438009554164559e-05,-0.0002718416701840604,6.6438422593184665e-06,9.441022551536383e-05,-0.00027187180015777866
1069,80,83.0,0.00013020891445860577,-0.0005739620079982768,-0.00011487805248958094,0.00013486343381041005,-0.000578616527350081
1071,80,258.0,6.157112084738403e-05,-0.00014345704063742883,0.00015196371605618805,8.665946758918364e-05,-0.00016854538737922845
1070,80,274.0,0.00011571308194599852,-0.0002462711400989725,0.00010144224130132634,0.00012268579830468785,-0.00025324385645766184
1446,81,226.0,0.00023179429949991143,-7.953370517683302e-05,-2.8392671553672394e-05,0.0002324403018748954,-8.017970755181699e-05
1445,81,307.0,0.00018021538645516394,-9.189874826512855e-05,-0.00014680965272468455,0.00019875390154137673,-0.00011043726335134134
1444,81,306.0,0.00032951477990467506,-0.00011323921633005648,-0.00019902378736554038,0.00035085241315465623,-0.00013457684958003766
1440,81,84.0,0.00037716393890352765,-0.00012559383493544567,-0.00012036717512124706,0.00038426795083916314,-0.00013269784687108116
1442,81,161.0,0.00019204903195062933,-5.78717775852213e-05,2.1867244981682576e-05,0.00019252644787700642,-5.834919351159837e-05
1441,81,276.0,0.0002833962447763433,-0.00012361548257180618,-0.000280754955617666,0.00032711593161374074,-0.00016733516940920363
1443,81,17.0,0.0002715376593145011,-0.0001181844873422047,-5.593917332876418e-05,0.00027353474730249823,-0.00012018157533020185
1447,82,85.0,0.00046956848881925944,-0.00016069078031214862,-0.00034148804885199453,0.0005128523144621527,-0.0002039746059550418
1448,82,277.0,0.0004579000117650653,-0.00021928918145568734,-0.0004918872050039894,0.0005377962232561366,-0.00029918539294675867
1449,82,276.0,0.00027779195987996316,-0.00010871686940882853,-0.00025569655367784633,0.0003162538603068847,-0.00014717876983575006
1450,82,84.0,0.0004330877891837795,-0.00017232282520216496,-0.00039085295461251807,0.0004906906987096679,-0.00022992573472805343
1451,82,308.0,0.0004580330312180317,-0.00019077761077129172,-0.000402597292209414,0.0005154129341559333,-0.0002481575137091934
1452,82,309.0,0.0003159713557905827,-0.00016985011234347893,-0.00040879880375316747,0.0003905267462352688,-0.00024440550278816505
1453,82,306.0,0.00035534833083249,-0.000146605723109891,-0.00032160473442314,0.0004024432236527188,-0.00019370061593011983
1460,83,308.0,0.0004872268754019145,-0.00023504899628575367,-0.0004547405000456077,0.0005528416071548718,-0.000300663728038711
1459,83,311.0,0.0005101396534718111,-0.00027347153363078573,-0.0005018628137753679,0.0005836062319883441,-0.00034693811214731864
1458,83,310.0,0.00062586999733722,-0.00027632184718698755,-0.00040645671346572,0.0006695359330046019,-0.00031998778285436953
1454,83,86.0,0.0006261987048040082,-0.0002451083418447513,-0.00035672971369853047,0.0006612977858737038,-0.0002802074229144468
1456,83,277.0,0.00044422937700182297,-0.00020468241558236494,-0.00046493332363047035,0.0005189130271019964,-0.0002793660656825383
1455,83,278.0,0.0006333684982380086,-0.0003172889298829563,-0.00046141714232939,0.0006863993504004223,-0.00037031978204537006
1457,83,85.0,0.0005290027506962419,-0.00026320357448050916,-0.00044251462220305966,0.0005866093115306649,-0.00032081013531493204
1467,84,310.0,0.0006431310407588944,-0.00032206320775073424,-0.00040183858798978,0.0006832848581946922,-0.00036221702518653197
1466,84,313.0,0.0006945619838393396,-0.00034273591250626634,-0.0003965166643423966,0.0007311635176258593,-0.00037933744629278603
1465,84,312.0,0.0007657163033521182,-0.00032842983712170223,-0.00025241182217899255,0.0007800850165374691,-0.0003427985503070531
1463,84,278.0,0.0006268589857885212,-0.0003004941576003658,-0.0004628551319484711,0.0006814050317315865,-0.00035504020354343107
1462,84,279.0,0.0007781051538671008,-0.0003569706399475631,-0.0002830283147790477,0.0007954822261370539,-0.0003743477122175162
1461,84,87.0,0.0007624567190823682,-0.000307566215351992,-0.00022324423988248632,0.0007739768316609552,-0.000319086327930579
1464,84,86.0,0.0006635650532949636,-0.00034296838874132594,-0.00034750597073675976,0.0006927149852928374,-0.0003721183207391998
1468,85,88.0,0.0008288209620411179,-0.00030211761438552495,-2.4419378296232364e-05,0.0008289527633083367,-0.0003022494156527437
1469,85,280.0,0.0008442543012106458,-0.0003179654440500601,-6.81087541510722e-05,0.00084525127845106,-0.0003189624212904743
1470,85,279.0,0.000779612218222106,-0.000348342216727018,-0.00029316380235460196,0.0007983498157154676,-0.00036707981422037957
1471,85,87.0,0.0007534732923906093,-0.0003589303985717617,-0.00016289662997094612,0.0007594051684834363,-0.0003648622746645887
1472,85,314.0,0.000831604001173446,-0.0003086436308178792,-4.507035103105614e-05,0.0008320491991462706,-0.0003090888287907038
1473,85,315.0,0.0008166047883645944,-0.00033876611952564275,-0.00017953804510438542,0.0008235379802987822,-0.00034569931145983057
1474,85,312.0,0.0007609727901957055,-0.00035320696526273195,-0.0002228911808815487,0.0007720107603115371,-0.00036424493537856356
1481,86,314.0,0.0008058270168285015,-0.00030889111334357904,-2.7509863368902626e-05,0.0008059967183359248,-0.0003090608148510023
1480,86,317.0,0.0008543488436985741,-0.0002610698053960403,1.3301411606769786e-05,0.0008543884972540482,-0.0002611094589515144
1479,86,316.0,0.0008237587107164518,-0.0002352015759536732,9.443465185295791e-05,0.0008258598857643491,-0.0002373027510015705
1478,86,88.0,0.0007760297759199716,-0.0003018201279587087,1.0338283126326564e-05,0.0007760545654661619,-0.000301844917504899
1476,86,281.0,0.0008401800083950341,-0.0002269585863317559,5.889106328289817e-05,0.000840991880631125,-0.00022777045856784686
1475,86,89.0,0.0008194400024595268,-0.00024271498695425204,0.0001232038559525403,0.0008230007994177029,-0.00024627578391242814
1477,86,280.0,0.0008535589366821736,-0.00031887145296206464,-7.295490334249116e-05,0.0008546927514963721,-0.00032000526777626313
1482,87,90.0,0.0007665620170202378,-0.00016519407358037835,0.00016882584614623733,0.0007741476922673272,-0.00017277974882746783
1483,87,282.0,0.0008003285455478598,-0.00012365806349936073,5.107138218837792e-05,0.0008010337226991986,-0.0001243632406506995
1484,87,281.0,0.0008506912255507038,-0.0002339048229785758,7.13070734519863e-05,0.0008518619876964737,-0.00023507558512434574
1485,87,89.0,0.0007392432124402395,-0.0002055365122282122,6.666451090058673e-05,0.0007404177293508557,-0.00020671102913882828
1486,87,318.0,0.0007798969382001725,-0.0001447076334584337,0.00011206622054868096,0.000783280289823878,-0.00014809098508213926
1487,87,319.0,0.0008299997171737072,-0.00014776037209030587,8.538635076517365e-05,0.0008318603426146436,-0.00014962099753124223
1488,87,316.0,0.0007878266127508311,-0.00021696687316581338,6.529518922798044e-05,0.0007888862758190982,-0.00021802653623408043
1495,88,318.0,0.0007510979236193885,-0.00012815804354337004,3.502171911650559e-05,0.0007514465236766142,-0.00012850664360059574
1494,88,321.0,0.0007957827897817765,-6.1034333652496865e-05,4.0598762873600425e-05,0.0007962634452749382,-6.151498914565848e-05
1493,88,320.0,0.0007370198564634264,-6.65014972894588e-05,2.608428678996938e-05,0.0007372314908082329,-6.671313163426521e-05
1491,88,282.0,0.0008130014244857597,-0.00012755993107006042,6.805801902812908e-05,0.0008142309686328455,-0.00012878947521714615
1490,88,283.0,0.0007768748572921022,-7.140751654246148e-05,-1.1574716898346549e-05,0.0007769143393796913,-7.144699863005053e-05
1489,88,91.0,0.0007203610199728767,-6.159571352066986e-05,4.785429676074787e-05,0.0007210924842153075,-6.232717776310061e-05
1492,88,90.0,0.0007163865288647882,-0.00012964040526636678,9.546098706236794e-07,0.000716386798146911,-0.0001296406745484896
1496,89,92.0,0.0007106758845301063,-0.00013105563937597983,1.4228156996143326e-05,0.0007107360064297816,-0.0001311157612756552
1497,89,284.0,0.0008142976602032517,-0.00012963912470646995,-6.56807512602886e-05,0.0008154388256183989,-0.00013078029012161715
1498,89,283.0,0.0007758855357826444,-7.140751654246104e-05,2.279076802854177e-05,0.0007760387664704597,-7.156074723027643e-05
1499,89,91.0,0.0007163007674060671,-6.159571352067073e-05,-4.949061677932132e-05,0.000717087134139506,-6.23820802541096e-05
1500,89,322.0,0.0007512589045423554,-0.00012987540737434823,-2.561938148719009e-05,0.0007514450889980919,-0.00013006159183008472
1501,89,323.0,0.0007959661468647586,-6.143775405048537e-05,-3.4166535617788374e-05,0.0007963063859004308,-6.177799308615763e-05
1502,89,320.0,0.0007369899318334858,-6.65014972894588e-05,-2.1311036769368352e-05,0.000737131215370427,-6.664278082640012e-05
1509,90,322.0,0.0007806920969630968,-0.0001474181001767283,-0.00010750580427866183,0.0007837949042420864,-0.00015052090745571795
1508,90,325.0,0.000830963892423515,-0.00014756765119977155,-8.208653380249731e-05,0.000832682382298914,-0.00014928614107517064
1507,90,324.0,0.000788250053654637,-0.00021269024071164525,-6.595088759764507e-05,0.0007893352355382343,-0.00021377542259524247
1506,90,92.0,0.0007677753266831764,-0.00016854690596102614,-0.0001619544153555752,0.0007747269748699311,-0.00017549855414778078
1504,90,285.0,0.0008499388582836678,-0.00023089604154001575,-6.796189088517646e-05,0.000851006149451748,-0.00023196333270809595
1503,90,93.0,0.0007430431146455436,-0.00020021250676774361,-7.094184451476859e-05,0.0007443751100088567,-0.00020154450213105674
1505,90,284.0,0.0008033232308985866,-0.00012586190830600518,-4.89781990051924e-05,0.0008039682046266976,-0.00012650688203411618
1510,91,94.0,0.0007695163127344126,-0.0002985188482656888,8.494784295411117e-06,0.0007695332036153623,-0.0002985357391466385
1511,91,286.0,0.0008551140376841584,-0.0003174411597045134,8.639981243980382e-05,0.0008567034772120766,-0.00031903059923243157
1512,91,285.0,0.0008381256379726768,-0.0002236338242926697,-5.5322331091831045e-05,0.0008388457836334975,-0.0002243539699534904
1513,91,93.0,0.0008164451482489121,-0.00023119911643732036,-0.00011534701692246518,0.0008196105488804547,-0.0002343645170688629
1514,91,326.0,0.0008038093760896446,-0.0003067938118631857,4.3554012360913844e-05,0.0008042362214349283,-0.00030722065720846937
1515,91,327.0,0.0008544740566373311,-0.0002594630818362094,-5.085186126810304e-06,0.0008544798601477646,-0.0002594688853466429
1516,91,324.0,0.0008219424037818474,-0.00022787741786774271,-8.866062793793511e-05,0.0008238109959530283,-0.0002297460100389236
1523,92,326.0,0.000832553634294339,-0.0003075026363921882,6.165915711994329e-05,0.0008333867237659191,-0.00030833572586376826
1522,92,329.0,0.0008200133611188445,-0.0003398904892219774,0.0001916220921154982,0.0008278743245920445,-0.00034775145269517734
1521,92,328.0,0.0007647873318690004,-0.0003541581666122269,0.00023971537034891792,0.000777482059717246,-0.00036685289446047246
1519,92,286.0,0.0008452351101731828,-0.00031753829916661295,7.96663866536318e-05,0.0008465980804560338,-0.00031890126944946395
1518,92,287.0,0.0007848160092045198,-0.0003510414085727651,0.00030656496337692907,0.0008051377041172643,-0.00037136310348550965
1517,92,95.0,0.0007558374749875448,-0.00035861952661889337,0.000182597028942022,0.00076326729640407,-0.00036604934803541854
1520,92,94.0,0.0008294487898645418,-0.0003006396032878499,4.5280457459301315e-05,0.0008299021830633773,-0.00030109299648668536
1524,93,96.0,0.0006731239652939952,-0.00034566415616455294,0.0003695986588380176,0.0007056091358146138,-0.0003781493266851716
1525,93,288.0,0.0006356827102464019,-0.00030478917805454786,0.00047114247488670366,0.0006913893970754671,-0.00036049586488361303
1526,93,287.0,0.0007832705052425865,-0.00035962074701948376,0.0002964401209682721,0.0008021801026458331,-0.00037853034442273043
1527,93,95.0,0.0007666211689574334,-0.00030664791659479806,0.0002453523329360163,0.0007804646678140582,-0.00032049141545142283
1528,93,330.0,0.0006524571763311879,-0.00032580090411243873,0.00041706919490537824,0.0006950554123733136,-0.00036839914015456454
1529,93,331.0,0.0007011535153895604,-0.0003461917617228981,0.00040767623808513065,0.0007394266136685296,-0.0003844648600018673
1530,93,328.0,0.0007704559591378002,-0.00032950659837908784,0.0002700355658508673,0.0007867866162335044,-0.000345837255474792
1537,94,330.0,0.0006347279887600893,-0.00028191673795143905,0.0004197468276389404,0.0006804951398561253,-0.000327683889047475
1536,94,333.0,0.0005169360156078162,-0.0002768882104291104,0.0005055694940245964,0.0005905973333978219,-0.00035054952821911615
1535,94,332.0,0.0005040857778373861,-0.00024039213260631013,0.0004543018672766314,0.0005679195074255493,-0.0003042258621944734
1534,94,96.0,0.0006351763256041074,-0.0002517406816265155,0.000375325603117066,0.0006732495151487877,-0.0002898138711711959
1532,94,289.0,0.0004513946713833039,-0.00020790131983203708,0.00045818834243613327,0.0005231840187000898,-0.000279690667148823
1531,94,97.0,0.0005566335453973982,-0.00026991441582605404,0.0004512989316870289,0.0006142237325518387,-0.0003275046029804946
1533,94,288.0,0.0006444494008580846,-0.0003210813741736818,0.0004734244675110161,0.0006993596599851223,-0.0003759916333007195
1538,95,98.0,0.0004243692558905665,-0.0001710312482612987,0.0003765765012805067,0.0004789159419350961,-0.00022557793430582829
1539,95,290.0,0.0002772328832638671,-0.00010508766295546447,0.000250765059150546,0.0003146836963640704,-0.00014253847605566784
1540,95,289.0,0.00046440598091040605,-0.0002223961757199845,0.0004835968109948019,0.0005409939137480318,-0.00029898410855761024
1541,95,97.0,0.0004838328928268021,-0.00015969330845004684,0.00032119558850256247,0.0005216850650159227,-0.00019754548063916747
1542,95,334.0,0.0003510952215404414,-0.00014359688971112006,0.00031404010199854657,0.0003967259015942129,-0.00018922756976489155
1543,95,335.0,0.0003179763057719262,-0.0001700174752636583,0.00040389218663380855,0.0003907075434466128,-0.00024274871293834488
1544,95,332.0,0.00046906806988313704,-0.00019095320075276063,0.00039023892281397216,0.0005224353468693643,-0.00024432047773898793
1551,96,334.0,0.00032660107654011034,-0.0001106148241508849,0.00019808360957985355,0.0003479904492011528,-0.00013200419681192732
1550,96,336.0,0.00018070936868541665,-9.128025574733587e-05,0.00014306868938986084,0.00019837571428291527,-0.00010894660134483448
1546,96,164.0,0.00019321735809552099,-5.920384623224492e-05,-2.561567484764965e-05,0.00019386556247673,-5.985205061345392e-05
1547,96,290.0,0.0002833842144756085,-0.0001211767728447285,0.0002783221950469067,0.00032663011283742523,-0.0001644226712065452
1548,96,98.0,0.00037158802245053357,-0.00012032167517731797,0.00012261088395403713,0.0003791132416322565,-0.0001278468943590409
1549,96,197.0,0.0002331747575655234,-7.917299871575725e-05,3.203798889377801e-05,0.0002339941544291871,-7.999239557942097e-05
1545,96,1.0,0.0002731302391187143,-0.00011396936908939467,6.815614285635499e-05,0.000276107383856242,-0.00011694651382692232
1075,97,161.0,0.00016042513003894365,-5.7852950014304e-05,1.8927450591489647e-05,0.0001608346735467787,-5.826249352213906e-05
1076,97,337.0,0.000195175627809031,-0.00012376227866816848,-0.00030345023787816533,0.00025582223232156683,-0.0001844088831807043
1078,97,82.0,0.00011845962128645415,-7.491609108381596e-05,1.3225414298018157e-06,0.00011846188255204797,-7.491835234940977e-05
1077,97,338.0,8.863623596800513e-05,-0.00014245410465702266,-0.00014346398846275948,0.0001090916736650091,-0.00016290954235402663
1072,97,276.0,0.000253336216799023,-0.00012617576305484556,-0.0003096091283223898,0.00030847160850543305,-0.00018131115476125562
1073,97,291.0,0.00013600919801911443,-0.0001553297365610418,-0.00028544385192575544,0.00019427389130820044,-0.00021359442985012777
1074,97,162.0,7.649411253396812e-05,-0.00013017429667386385,-4.016269604042999e-06,7.651362313423366e-05,-0.0001301938072741294
1079,97,307.0,0.00019240051121308804,-9.187053216249583e-05,-0.0001453187624662136,0.00020989547598273544,-0.00010936549693214324
1087,98,309.0,0.000329900048869701,-0.0001709293158663151,-0.00040811766666671266,0.00040251403489946974,-0.00024354330189608385
1080,98,277.0,0.00043096737352936454,-0.00022487436396907018,-0.0005184500683663301,0.0005210533402607461,-0.00031496033070045176
1081,98,292.0,0.00030215126627223393,-0.0002213796705462322,-0.0004823983860057779,0.00039633271968808154,-0.0003155611239620798
1082,98,291.0,0.00013686884995795998,-0.00015210899402504308,-0.00029038822885879556,0.00019721737435554834,-0.00021245751842263145
1083,98,276.0,0.0002488935394417066,-0.00011627667253894382,-0.00028935778356792285,0.0002992661606409587,-0.0001666492937381959
1084,98,339.0,0.0003666968274470895,-0.00021154964496080422,-0.0005055516620983552,0.00046161508180847933,-0.0003064678993221941
1086,98,337.0,0.0001932536432064872,-0.00012098226775139858,-0.00029438984414471153,0.0002514317560097356,-0.00017916038055464694
1085,98,340.0,0.00020817376269201965,-0.00018685853139902315,-0.0003902140094220914,0.0002882893350717542,-0.0002669741037787577
1088,99,278.0,0.0006319170771659569,-0.0003294618019966081,-0.00048499264076660997,0.0006896204335286858,-0.000387165158359337
1089,99,293.0,0.0005145404319277999,-0.0002795673253447766,-0.000537332553654582,0.0005968959303841577,-0.0003619228238011344
1090,99,292.0,0.0003058264960809076,-0.00021334663250692693,-0.0004945986215022097,0.00040476766217878527,-0.0003122877986048046
1091,99,277.0,0.00041939767356743984,-0.00021372863664242774,-0.0004951347448212545,0.0005047074275423451,-0.00029903839061733297
1092,99,341.0,0.0005729001469947483,-0.0002997427334288775,-0.0005138565640981294,0.0006429269479225629,-0.0003697695343566921
1093,99,342.0,0.00039886212001631616,-0.00024561900859496055,-0.0005204409060386001,0.0004908119291545641,-0.0003375688177332085
1094,99,339.0,0.0003635767714724334,-0.0002062865972200491,-0.0005001991143739615,0.00045777020268767787,-0.0003004800284352935
1095,99,311.0,0.000516744137394172,-0.0002716299811969569,-0.0004948874361707081,0.000587972839903028,-0.0003428586837058129
1103,100,313.0,0.0007005708622125906,-0.0003421392727509258,-0.00039086217974537013,0.0007359961978322114,-0.0003775646083705466
1102,100,341.0,0.0005719806678355418,-0.00029385002734641985,-0.000516407155700116,0.0006431335555008511,-0.00036500291501172916
1096,100,279.0,0.0007885680683801452,-0.0003684081194715808,-0.00028839919991317103,0.0008062695411540169,-0.0003861095922454525
1100,100,343.0,0.0007508054929539799,-0.0003366622659429033,-0.00036565652756487266,0.0007807202042801976,-0.00036657697726912096
1097,100,294.0,0.000721065359503878,-0.00030311889697647943,-0.00045273381263042506,0.0007688663675676513,-0.0003509199050402528
1098,100,293.0,0.0005203275340237221,-0.00027241029692558726,-0.000550783403939395,0.0006066064266538185,-0.0003586891895556837
1099,100,278.0,0.0006255868196947123,-0.0003168832459768641,-0.00048388669778451354,0.0006840677864709301,-0.00037536421275308185
1101,100,344.0,0.0006115028899123034,-0.00028600624096351596,-0.0005071508128256276,0.0006781909951360212,-0.0003526943461872337
1104,101,279.0,0.000788190921085806,-0.0003622918047248391,-0.00029413836736556787,0.0008066935858441673,-0.0003807944694832004
1106,101,295.0,0.0008754752222119647,-0.0002742413382430132,-0.0002967348473147252,0.0008943129372116876,-0.0002930790532427361
1110,101,346.0,0.0007964425175434053,-0.0002830154231751585,-0.00038631061775479605,0.0008299642207926362,-0.0003165371264243894
1109,101,345.0,0.000856441363904524,-0.00030047935667545976,-0.0001625244459393868,0.0008621213440369373,-0.000306159336807873
1108,101,315.0,0.0008197109934107369,-0.0003395528594216347,-0.0001763946891896566,0.0008263826928698458,-0.00034622455888074356
1107,101,294.0,0.0007290218951213762,-0.00029744334796841243,-0.0004663658972559881,0.0007795108461180074,-0.0003479322989650437
1105,101,280.0,0.0008585289980133776,-0.00032004747921002296,-5.2406144278422176e-05,0.0008591112783764883,-0.0003206297595731337
1111,101,343.0,0.000752343904069433,-0.00033287252929599864,-0.00037098467532724333,0.0007831736388195746,-0.00036370226404614024
1112,102,280.0,0.0008641612696675682,-0.0003212463048177291,-5.436391492256998e-05,0.0008647842374454614,-0.0003218692725956222
1113,102,281.0,0.0008494311887899397,-0.00021005793269248275,8.524212926714746e-05,0.0008511429807112949,-0.0002117697246138379
1115,102,295.0,0.0008853278270227333,-0.0002704925629056238,-0.0003089266935069092,0.0009056141874931483,-0.0002907789233760388
1116,102,317.0,0.0008552347601683344,-0.00026290543602526485,1.3980779574325475e-05,0.000855278460984906,-0.0002629491368418364
1117,102,347.0,0.000888043724580484,-0.0002121878902597756,-1.835045455856471e-05,0.0008881202347813182,-0.00021226440046060986
1118,102,348.0,0.0009226854269633877,-0.0002362483719642041,-0.00023414231139063518,0.000934393242004553,-0.00024795618700536933
1119,102,345.0,0.000859767131174749,-0.00029967174627821983,-0.00016595329365578365,0.0008656753485200649,-0.0003055799636235357
1114,102,296.0,0.0009657987633224716,-0.00020855067669418685,-0.00015207955503884762,0.0009707019094618842,-0.0002134538228335995
1127,103,347.0,0.0008923352885119168,-0.00021361380161606875,-1.668557454603814e-05,0.0008923982192017943,-0.00021367673230594623
1125,103,349.0,0.0008789242673439487,-0.00012114707762816762,2.0510966917540452e-05,0.0008790294237246784,-0.0001212522340088973
1120,103,281.0,0.0008564029509912537,-0.00021557425650672694,9.567206812700901e-05,0.0008585333577814905,-0.00021770466329696378
1121,103,282.0,0.0008063446140279679,-9.87372807417237e-05,7.844333048636666e-05,0.000808041102445613,-0.00010043376915936888
1124,103,319.0,0.0008308486944829524,-0.00015350074948298651,8.64358149243738e-05,0.0008327425350339935,-0.0001553945900340276
1122,103,297.0,0.001005679017490737,-0.0001412835918744703,-5.962316368321452e-05,0.0010064533503358463,-0.00014205792471957968
1123,103,296.0,0.0009750893389935539,-0.00020686040313627578,-0.00016000852103409922,0.0009804801107444142,-0.00021225117488713602
1126,103,350.0,0.0009892751322065699,-0.0001708066933222615,-0.00011247316197422752,0.0009919949023315343,-0.00017352646344722593
1135,104,349.0,0.0008823069875405626,-0.00012227229698568787,2.5464532583670957e-05,0.0008824683332650663,-0.00012243364271019162
1130,104,298.0,0.0010190870569755962,-0.00011615701164143562,1.469575422491376e-06,0.0010190875325673825,-0.00011615748723322185
1134,104,352.0,0.0010140277612010959,-0.00012215400366479218,-3.2256319721313265e-05,0.001014256655165148,-0.0001223828976288445
1132,104,321.0,0.0007956855426084729,-6.509231642804272e-05,3.92144451778903e-05,0.0007961319340999071,-6.553870791947686e-05
1131,104,297.0,0.0010096161543073912,-0.00014121792964334615,-6.0738655095243094e-05,0.0010104170123068305,-0.00014201878764278557
1133,104,351.0,0.0008655687366768486,-7.853765265044589e-05,2.008366932620964e-07,0.0008655687473576833,-7.853766333128053e-05
1129,104,283.0,0.0007766854733067818,-4.091829365945789e-05,-1.0470433133936974e-05,0.0007767189936622354,-4.095181401491142e-05
1128,104,282.0,0.0008150388910579398,-0.00010163760569473733,9.121803239339754e-05,0.0008173025665628644,-0.00010390128119966196
1143,105,351.0,0.0008656094518023835,-7.853765265044589e-05,5.8570171668492765e-06,0.0008656185352174301,-7.854673606549244e-05
1136,105,283.0,0.0007760749197679648,-4.091829365945789e-05,1.7859629743044447e-05,0.0007761725118508788,-4.101588574237196e-05
1141,105,353.0,0.0008834741979498045,-0.0001227753192003919,-2.1555294357739063e-05,0.0008835896209679125,-0.00012289074221849983
1140,105,323.0,0.0007958830252708625,-6.583500674527901e-05,-3.289139862438367e-05,0.0007961967735943412,-6.614875506875782e-05
1139,105,298.0,0.0010192489301295016,-0.00011615701164143562,3.3396167557347978e-06,0.0010192513858626323,-0.00011615946737456647
1138,105,299.0,0.0010102564978915554,-0.00014106473419609085,6.380009454008684e-05,0.0010111396858034985,-0.00014194792210803393
1137,105,284.0,0.0008160627053105662,-0.00010271514191349373,-8.618610282135064e-05,0.0008180794537673813,-0.00010473189037030884
1142,105,354.0,0.0010144130513821403,-0.00012242869859915503,3.638633296240007e-05,0.0010147041267070686,-0.00012271977392408332
1144,106,284.0,0.0008085349150915924,-9.997811758716713e-05,-7.399537795185762e-05,0.0008100390943221014,-0.00010148229681767608
1145,106,285.0,0.0008559545633441412,-0.00021359153449845153,-9.301528666944697e-05,0.0008579730705609133,-0.0002156100417152236
1146,106,300.0,0.0009763067443053219,-0.0002072202030875699,0.00016339285242888968,0.0009819194626834319,-0.00021283292146567973
1148,106,325.0,0.0008318118132397308,-0.00015304891714181847,-8.321125900729448e-05,0.0008335663253654463,-0.00015480342926753397
1149,106,355.0,0.0008924470187285233,-0.00021261428910833864,2.0047144173990488e-05,0.0008925379310893248,-0.0002127052014691402
1150,106,356.0,0.0009902434431323243,-0.00017079867170923576,0.0001150159940547027,0.0009930849383587282,-0.00017364016693563965
1151,106,353.0,0.0008801601217289581,-0.00012163247841595354,-1.649984539606967e-05,0.0008802280565583556,-0.000121700413245351
1147,106,299.0,0.0010060993400355933,-0.00014118031247503573,6.239090792027613e-05,0.0010069469432458908,-0.0001420279156853332
1159,107,355.0,0.0008881037771979045,-0.00021132432101185418,2.1362419655598062e-05,0.0008882075379415851,-0.0002114280817555348
1158,107,358.0,0.0009241196843883595,-0.00023643927849310202,0.00023787801098577172,0.0009361836536658418,-0.0002485032477705843
1154,107,301.0,0.0008873789563187337,-0.0002717178440841332,0.00031240540023354246,0.0009080602052515386,-0.00029239909301693805
1152,107,285.0,0.0008478691687666476,-0.0002076791902470192,-8.209053810301348e-05,0.0008494628185294268,-0.0002092728400097984
1153,107,286.0,0.0008660556449847992,-0.00032025224557370334,6.740623860954087e-05,0.0008670123821976342,-0.00032120898278653837
1155,107,300.0,0.0009671059454266773,-0.00020881005105374828,0.00015574352396915958,0.0009722403674796437,-0.0002139444731067147
1156,107,327.0,0.0008552555058401053,-0.0002608880734362492,-5.788113339393053e-06,0.0008552630098098932,-0.0002608955774060371
1157,107,357.0,0.0008621088816280417,-0.0002999137001996413,0.00017427028918285542,0.0008686064447686201,-0.00030641126334021967
1167,108,357.0,0.0008583788888525679,-0.00030094565000107613,0.00017023546558636235,0.000864594913129229,-0.0003071616742777373
1160,108,286.0,0.0008599665904722026,-0.0003200027320874612,6.372021193478544e-05,0.0008608262123141857,-0.00032086235392944434
1165,108,359.0,0.0007571658787819402,-0.0003356265883893933,0.00037992585724426486,0.0007892458835391287,-0.00036770659314658185
1164,108,329.0,0.0008230391467271038,-0.0003407402846722055,0.00018862851871430386,0.0008306329513697171,-0.00034833408931481884
1163,108,301.0,0.0008781310616198801,-0.0002752731290020772,0.00030090696315394905,0.0008974336280815306,-0.00029457569546372767
1162,108,302.0,0.0007332505638181913,-0.00030060581675026054,0.00047129119294365973,0.0007844276463902288,-0.000351782899322298
1161,108,287.0,0.000793609308145822,-0.0003646982360149208,0.00030703775995860605,0.0008136108900639127,-0.00038469981793301153
1166,108,360.0,0.0007997124453988222,-0.0002851232365685924,0.00039107831782172336,0.0008338816983436848,-0.00031929248951345504
1168,109,302.0,0.0007252330349208358,-0.00030641129720266,0.0004574681835939204,0.0007736730346568788,-0.000354851296938703
1169,109,287.0,0.0007939951493492747,-0.0003708181877078473,0.0003013036494691271,0.0008131643279442421,-0.00038998736630281464
1171,109,303.0,0.0005251267456093389,-0.0002762720491392293,0.0005542426306631813,0.0006116195387176459,-0.0003627648422475363
1172,109,359.0,0.0007555459194175662,-0.00033944095486962,0.0003744915313996719,0.0007866802041192225,-0.00037057523957127633
1173,109,331.0,0.0007066782343771033,-0.0003453652847200089,0.00040213840951777713,0.0007437974133341143,-0.00038248446367701984
1174,109,361.0,0.0005777209883207901,-0.0002976994680297632,0.0005227880175235206,0.0006498313870975779,-0.00036980986680655093
1175,109,362.0,0.0006159993495149022,-0.0002896933217014239,0.0005113711685379441,0.0006831962060328419,-0.00035689017821936364
1170,109,288.0,0.0006323956302809325,-0.0003207801080837907,0.0004933405197008328,0.0006924475044520201,-0.00038083198225487833
1183,110,364.0,0.0004025905473092617,-0.0002491238308076352,0.0005212446402898738,0.0004939945491358552,-0.0003405278326342287
1182,110,363.0,0.00036748272685312167,-0.00020915686480949984,0.0004964765027180851,0.0004596238805370061,-0.0003012980184933843
1181,110,333.0,0.0005251133347540585,-0.0002756344096135283,0.0004988553037309426,0.0005964527134362624,-0.00034697378829573217
1179,110,304.0,0.0003073801961196998,-0.0002152654016834303,0.0004938736242071527,0.0004055951482229837,-0.0003134803537867142
1178,110,289.0,0.00042641807105320284,-0.00021783821017776488,0.0004901354052066903,0.0005090425929807473,-0.00030046273210530936
1177,110,288.0,0.0006406995391656095,-0.00033295851555885055,0.0004976731422698822,0.0007006082377896603,-0.0003928672141829013
1176,110,303.0,0.0005187081952980482,-0.0002840415597875235,0.0005394364458132239,0.0006009134166948146,-0.00036624678118428987
1180,110,361.0,0.0005791093225727059,-0.0003033833298793328,0.0005210797957220722,0.0006502879750366386,-0.00037456198234326547
1184,111,304.0,0.00030345119480151145,-0.00022306285107562122,0.0004811583073737191,0.00039682085246208707,-0.00031643250873619684
1190,111,365.0,0.00019296086022217718,-0.00011951474901425593,0.00028931269447155655,0.0002496448966337574,-0.00017619878542583618
1189,111,335.0,0.00033217138033301424,-0.00017064865679654372,0.00040165574499421985,0.00040253586636183723,-0.0002410131428253667
1188,111,363.0,0.00037088522773003063,-0.00021452551344000598,0.000502467198310888,0.00046391908941716684,-0.00030755937512714224
1187,111,305.0,0.00013729572207904495,-0.00015327012566689784,0.0002838239577446361,0.00019510424981479302,-0.00021107865340264591
1186,111,290.0,0.00024749318502128095,-0.00011237580338324346,0.0002837878146282474,0.00029670995775135114,-0.00016159257611331367
1185,111,289.0,0.0004373161864939801,-0.00022853126194304622,0.0005120168675099577,0.0005243668951891884,-0.00031558197063825456
1191,111,366.0,0.00020880199939581762,-0.0001880121215259082,0.00038549951440031843,0.0002870135040050542,-0.0002662236261351447
1192,112,305.0,0.00013644325846639063,-0.00015584546079069143,0.00027904455378613413,0.00019234998049954725,-0.00021175218282384808
1193,112,290.0,0.0002524490187379991,-0.00012364505580743544,0.0003063329953421588,0.0003069337613125247,-0.00017812979838196104
1194,112,164.0,0.0001614968464127356,-5.922492562418952e-05,-2.2263121294108235e-05,0.00016205681869071396,-5.9784897902167897e-05
1196,112,365.0,0.00019489988935868924,-0.00012256476824997037,0.00029840439783999223,0.00025401440668761875,-0.0001816792855788999
1197,112,336.0,0.00019225579205737336,-9.132065553831809e-05,0.00014233442704632976,0.00020911394448161388,-0.00010817880796255859
1198,112,38.0,0.00011928435836907128,-7.587441897901255e-05,-7.042867806922315e-06,0.00011934787824826831,-7.593793885820959e-05
1199,112,367.0,8.879264070391774e-05,-0.00014300473185872384,0.00013686397113680387,0.00010748757288413467,-0.00016169966403894076
1195,112,163.0,7.707187032540697e-05,-0.00013066205379655508,-3.841916091072012e-06,7.708963229827984e-05,-0.00013067981576942795
1204,113,368.0,0.00011596167172992552,-0.0002448793987659074,-0.00010779241494464353,0.00012383975761090692,-0.00025275748464688875
1207,113,338.0,6.223319237164127e-05,-0.00014386346310265495,-0.0001603209671831654,8.974006743797813e-05,-0.0001713703381689918
1203,113,162.0,3.39472407924965e-05,-0.0001302217349395662,-8.705409137749198e-06,3.40625654888582e-05,-0.0001303370596359279
1206,113,275.0,9.438009554164559e-05,-0.0002720540271994056,-1.2642053254359464e-05,9.448910147981577e-05,-0.00027216303313757576
1202,113,18.0,0.0001548100495717894,-0.0006215153377555027,2.230108113350504e-05,0.00015497017433006963,-0.0006216754625137829
1201,113,113.0,0.00011758553933413629,-0.0005235244194942185,0.00018547748715710966,0.00013073097854084201,-0.0005366698587009242
1200,113,291.0,0.00010592558375664349,-0.00015850706133785402,-0.0003205350811228691,0.00018147557345834714,-0.00023405705103955767
1205,113,116.0,0.00012988448262592212,-0.0005716268214476782,0.00011229101453691034,0.0001343496709436724,-0.0005760920097654285
1208,114,292.0,0.00029518055406528576,-0.0002366564235045986,-0.0005347885715832612,0.0004063725885380268,-0.00034784845797733964
1215,114,340.0,0.0001903092740499282,-0.00019498592488860305,-0.00042238789949946773,0.00028352174872912374,-0.0002881983995677986
1212,114,369.0,0.0001915094024042955,-0.00019129695901808162,-0.0002648064568130104,0.00023284167769159697,-0.00023262923430538308
1214,114,368.0,0.00011951482578230737,-0.0002530140946602913,-0.00012394359363136764,0.00012955358189252003,-0.00026305285077050396
1211,114,291.0,0.00010794710045795158,-0.00016149123086161936,-0.0003300515972410392,0.000186260251141037,-0.00023980438154470478
1210,114,113.0,0.00010991750104937664,-0.0005058504884872903,0.00022031366015767828,0.00012903057270140944,-0.0005249635601393231
1209,114,112.0,4.900777395498018e-05,-0.0002680749692790508,0.00014951212906943318,6.574856257945453e-05,-0.0002848157579035251
1213,114,119.0,6.607784763227459e-05,-0.00037967109254563906,0.00020483985133517776,8.84845847141643e-05,-0.00040207782962752876
1216,115,293.0,0.0005358186079059898,-0.00030673665112777946,-0.0005768656584351703,0.0006250978685608334,-0.00039601591178262303
1222,115,369.0,0.00019564249269579063,-0.0002042348008997599,-0.00026942573519792706,0.00023679100685865509,-0.0002453833150626244
1221,115,122.0,3.0881657057467427e-05,-0.00010328947235744722,-1.5148130904708498e-05,3.1307865098138935e-05,-0.00010371568039811873
1220,115,370.0,0.0003328782778481542,-0.0001397462438322318,-0.0004535419606715302,0.00042408481363778424,-0.00023095277962186184
1219,115,292.0,0.0002993996337367355,-0.0002380924492222181,-0.0005443796117677799,0.00041316074936415307,-0.00035185356484963566
1218,115,112.0,4.037800069933706e-05,-0.00023836327353028664,0.00015803957138370295,6.12206620980216e-05,-0.0002592059349289712
1217,115,111.0,6.884443946964663e-05,8.428499963337652e-07,-0.00022099740793175837,0.00015045513906146625,-8.076784959548584e-05
1223,115,342.0,0.0004012570605298055,-0.00026367002830262394,-0.000552973641385244,0.0005012018536633037,-0.0003636148214361222
1224,116,294.0,0.0007612577298134748,-0.0003299950082981842,-0.0004525593309706172,0.0008063179287623626,-0.00037505520724707194
1225,116,110.0,0.000285837899534791,0.00013430399810832267,-0.0007941465457712918,0.0006143082737440586,-0.00019416637610094494
1226,116,111.0,6.8596073915142e-05,3.0533863286123265e-05,-0.00024042439495050583,0.00017127427552217068,-7.214433832090542e-05
1228,116,371.0,0.0005461039881143499,-0.00012376983812915476,-0.0006199787930656481,0.0006675399069341065,-0.0002452057569489113
1229,116,125.0,0.00014623054179706274,0.00010312281057229129,-0.0005174274664953189,0.0003842867008250554,-0.0001349333484557014
1230,116,370.0,0.0003333520704646084,-0.00015290158367408388,-0.00044547982490286686,0.0004199580483141541,-0.0002395075615236296
1231,116,344.0,0.0006305425720124769,-0.0003076221353604141,-0.0005179019032268244,0.0006972716122712397,-0.00037435117561917695
1227,116,293.0,0.0005389808802278018,-0.00030899369777093394,-0.0005801026572575876,0.0006287007008467085,-0.0003987135183898407
1239,117,371.0,0.0005397451225111274,-0.00013144462351969647,-0.0006059451420718856,0.0006562744554329334,-0.00024797395644150246
1235,117,110.0,0.00030133043629705647,0.00015157634529208534,-0.0008269114297173308,0.0006466345423143307,-0.00019372776072518883
1232,117,294.0,0.0007619758703446833,-0.00033022284153190386,-0.0004530496382680882,0.0008070939027162486,-0.00037534087390346917
1233,117,295.0,0.0009174931092503918,-0.000284377034684729,-0.00025380370552087125,0.0009307461525656723,-0.00029763007800000945
1234,117,109.0,0.0007199582223448922,5.536110350110989e-05,-0.0012571708157534667,0.0010986743938459428,-0.00032335506799994074
1236,117,346.0,0.0008216372556508686,-0.0002967913665381551,-0.0003668788148263394,0.0008509555791018034,-0.00032610968998908994
1237,117,372.0,0.0008057805749522307,-0.00015498133036189994,-0.0006861614205542002,0.0009157132960652629,-0.00026491405147493216
1238,117,128.0,0.00048076346925283314,0.00012111897213799958,-0.0010640345798269245,0.0008625268667398201,-0.00026064442534898735
1240,118,295.0,0.0009165331817571273,-0.00028205452663925424,-0.00025664638611057333,0.0009301177539663496,-0.0002956390988484765
1246,118,131.0,0.0009817555336931114,-5.428872511180046e-05,-0.001328781990813526,0.0013062073334589377,-0.00037874052487762695
1245,118,373.0,0.001057279491567302,-0.0002161734274124254,-0.0005962477881809244,0.0011236166426008094,-0.0002825105784459327
1244,118,348.0,0.0009428162552934521,-0.0002316107928567318,-0.00019395940497118555,0.0009507705945568327,-0.00023956513212011234
1243,118,109.0,0.0007488093998403444,5.718300747440189e-05,-0.0012791423123163746,0.0011300711863405917,-0.00032407877902584546
1242,118,108.0,0.001256023582903186,-0.0001792543517412943,-0.0013081682170292264,0.001509379831032952,-0.0004326105998710602
1241,118,296.0,0.000993576642287261,-0.00019082641399931688,-9.05878043713209e-05,0.0009953062444195714,-0.00019255601613162715
1247,118,372.0,0.0007936802820591518,-0.0001558108627827434,-0.000676848390220107,0.0009019564025186499,-0.0002640869832422415
1248,119,296.0,0.0009922379261480992,-0.00018763628914249784,-9.773501091478454e-05,0.0009942584386636775,-0.00018965680165807604
1249,119,297.0,0.001015858136276221,-9.80436739408284e-05,-1.298641873338606e-05,0.0010158959855147518,-9.808152317935929e-05
1250,119,107.0,0.0017040766895114572,-0.0004251791216306486,-0.0008461776669426574,0.0017850650976897924,-0.0005061675298089839
1252,119,350.0,0.0009986590449554827,-0.0001450628390979392,-7.376998534118495e-05,0.0009998473501143753,-0.00014625114425683176
1253,119,374.0,0.0012408511025684618,-0.00027347754451069115,-0.0003463722436274526,0.0012604050327283999,-0.0002930314746706291
1254,119,134.0,0.001485664974736206,-0.0003124565042973734,-0.0011066795495051907,0.0016423007444794071,-0.00046909227404057447
1255,119,373.0,0.0010445788921439048,-0.00021286040986068927,-0.000598985485188587,0.0011122673847062145,-0.000280548902422999
1251,119,108.0,0.0012856887076321405,-0.00018668372290324333,-0.0013025195390242578,0.0015324111508547274,-0.0004334061661258302
1259,120,107.0,0.0017218062555831581,-0.0004324559206075793,-0.0008133102467349513,0.001796013419394035,-0.0005066630844184562
1256,120,297.0,0.00101306334572741,-9.624094746403695e-05,-2.1446249796538974e-05,0.0010131669914681236,-9.634459320475035e-05
1257,120,298.0,0.0010190806572132477,-5.983592626614847e-05,6.977431907591314e-06,0.00101909193798503,-5.984720703793077e-05
1258,120,106.0,0.001884216024303928,-0.0005323588009807706,-2.2005410909811673e-05,0.0018842661187668038,-0.0005324088954436464
1260,120,352.0,0.0010154149895931289,-8.511454716467843e-05,-1.4570655043663616e-05,0.001015463215169655,-8.516277274120453e-05
1261,120,375.0,0.0013074234414283264,-0.0002961030339206365,1.0424977851364314e-05,0.0013074403851795692,-0.0002961199776718794
1263,120,374.0,0.0012327633758705409,-0.00027028591401051516,-0.0003607240414183095,0.001254103370092186,-0.0002916259082321604
1262,120,137.0,0.0018018871652144067,-0.0004979813232996785,-0.00043055900323956536,0.001821864896249812,-0.0005179590543350839
1264,121,298.0,0.0010192553298918605,-5.9835926266148254e-05,-2.2976032424820714e-06,0.0010192565529058193,-5.983714928010713e-05
1271,121,375.0,0.0013073907693955111,-0.0002961030339206365,-7.738922670433301e-06,0.0013074001069082629,-0.00029611237143338813
1268,121,354.0,0.001015811670224371,-8.504328558679112e-05,1.8551313933766467e-05,0.0010158898201244157,-8.51214354868359e-05
1270,121,140.0,0.0018027453663443244,-0.0004981726250671489,0.00043125846542339114,0.0018227785178997673,-0.0005182057766225919
1267,121,106.0,0.0018843692232770465,-0.0005323588009807706,2.2466213687427627e-05,0.0018844214343500757,-0.0005324110120537998
1266,121,105.0,0.0017233411798525528,-0.00043273636907333567,0.00081452408462835,0.0017977042321650955,-0.0005070994213858785
1265,121,299.0,0.001013664322694438,-9.6050886652683e-05,2.4901940733637606e-05,0.0010138040046152865,-9.619056857353148e-05
1269,121,376.0,0.0012335620903559524,-0.00027031620740391863,0.0003630795368745176,0.0012551661989235467,-0.000291920315971513
1273,122,300.0,0.000993518417466338,-0.00018746086258827465,0.00010074909634222307,0.0009956632432634735,-0.00018960568838541011
1272,122,299.0,0.0010161622141967724,-9.7904952961257e-05,1.6125924385046453e-05,0.001016220566113325,-9.796330487780959e-05
1274,122,104.0,0.0012876926413441028,-0.00018705894358178252,0.0013044525598686421,0.0015347568823759973,-0.000434123184613677
1275,122,105.0,0.0017058113697380473,-0.00042543474395614986,0.0008475556486052874,0.0017869839109182681,-0.0005066072851363707
1276,122,356.0,0.0009994529663301475,-0.00014484351142638342,7.682247686345567e-05,0.0010007408882312314,-0.0001461314333274673
1277,122,377.0,0.0010459178272044095,-0.0002129571270451066,0.0006013410948566694,0.001114043476757112,-0.00028108277659780905
1278,122,143.0,0.001487532903243497,-0.00031266666579799537,0.0011083076948431927,0.001644441211741178,-0.0004695749742956762
1279,122,376.0,0.001241533508566331,-0.00027354725442989703,0.00034850728406764665,0.0012613165870013134,-0.00029333033286487944
1281,123,301.0,0.0009186724333093976,-0.00028324021166262203,0.00025993888678425836,0.0009325661394901911,-0.0002971339178434155
1280,123,300.0,0.0009949860133028204,-0.00019059231983345557,9.379691049722638e-05,0.000996838302660229,-0.00019244460919086415
1287,123,377.0,0.0010586186628053773,-0.0002163031490175453,0.0005985238152009676,0.0011253694409109746,-0.00028305392712314254
1286,123,146.0,0.0009836108740770289,-5.428354270603248e-05,0.0013309022781697322,0.001308542462436968,-0.0003792151310659717
1285,123,378.0,0.0007953624176865737,-0.00015665829852916173,0.0006789969668455458,0.0009040272525468558,-0.00026532313338944384
1284,123,358.0,0.0009445963984902302,-0.0002320045061217314,0.00019715549993522957,0.0009527982470784699,-0.0002402063547099711
1283,123,104.0,0.0012579215285745682,-0.00017940488582056033,0.0013105997831808075,0.0015118295286918638,-0.0004333128859378559
1282,123,103.0,0.0007506077961167978,5.7070446128453835e-05,0.0012811240953873454,0.0011322402818182446,-0.000324562039572993
1290,124,102.0,0.0003020047108576729,0.00015062953210660032,0.0008254811092085271,0.0006459400195710217,-0.00019330577660674848
1288,124,301.0,0.0009202676097650325,-0.00028537411633967197,0.00025780264910570116,0.0009338950773963331,-0.0002990015839709725
1292,124,360.0,0.0008252008183745763,-0.00029897134477109,0.000371347571093035,0.0008550737875282912,-0.0003288443139248049
1293,124,379.0,0.0005422755281494912,-0.00013409495660905257,0.0006072081604347815,0.000658562172346028,-0.00025038160080558935
1294,124,149.0,0.0004817141697994955,0.00012079610879490435,0.0010643156841396162,0.000863178114949756,-0.0002606678363553562
1295,124,378.0,0.0008077206682812338,-0.0001558933913250989,0.0006883851048412847,0.0009180340038680663,-0.0002662067269119314
1289,124,302.0,0.0007665216541248437,-0.0003338074695846396,0.00045793429504115135,0.000812265642103488,-0.0003795514575632838
1291,124,103.0,0.0007215192730265357,5.529198333445624e-05,0.0012590594689824292,0.0011006361996889033,-0.00032382494332791145
1303,125,152.0,0.0001462445218289067,0.00010052425703332242,0.0005134174611070574,0.00038110896721842765,-0.00013434018835619852
1299,125,101.0,6.854483922319465e-05,2.650689466949835e-05,0.0002345023204988004,0.00016664610777638108,-7.159437388368807e-05
1296,125,102.0,0.00028637963642691444,0.00013282274204532481,0.0007920492447165001,0.000612999790457076,-0.00019379741198483676
1297,125,302.0,0.0007658121751656088,-0.0003336335395449045,0.000457398746121631,0.0008114871874212855,-0.0003793085518005811
1298,125,303.0,0.0005438840186770544,-0.00031335847608810613,0.0005840901231760898,0.0006339211286991958,-0.00040339558611024754
1300,125,379.0,0.0005487457660310752,-0.00012626823691861376,0.0006215051180067793,0.000670017718924994,-0.00024754018981253264
1301,125,362.0,0.0006351143068100557,-0.0003115369416133687,0.0005223382698276227,0.0007023869285879467,-0.0003788095633912598
1302,125,380.0,0.00033592869177766216,-0.00015689402400382744,0.00044487412212766003,0.0004214763726737453,-0.0002424417048999106
1304,126,101.0,6.874474587902774e-05,-3.819429151516798e-06,0.00021457900862370538,0.00014572089254542074,-8.079557581790981e-05
1305,126,303.0,0.0005401049319005979,-0.0003115844699437749,0.0005796060409047708,0.0006293616772652883,-0.0004008412153084652
1306,126,304.0,0.0003010776859144401,-0.000240156680738828,0.0005438606794422318,0.0004141006589485324,-0.00035317965377292026
1307,126,100.0,4.089186277310419e-05,-0.00024583231228827963,-0.00016590558839397074,6.316145761702677e-05,-0.0002681019071322022
1308,126,380.0,0.00033540461265030297,-0.00014356730819170094,0.00045297513075186896,0.00042553986287674695,-0.00023370255841814492
1309,126,364.0,0.0004041068228239908,-0.0002670537341358726,0.0005540196098731062,0.0005036685387960491,-0.00036661545010793095
1311,126,155.0,3.095617940098924e-05,-0.00010920741087917167,7.799706672667606e-06,3.106460342356078e-05,-0.0001093158349017432
1310,126,381.0,0.00019703712804653578,-0.00020774769447509168,0.0002664736522220573,0.00023695596284769674,-0.0002476665292762526
1312,127,100.0,4.9578314329959405e-05,-0.00027571677880521657,-0.00015731287457693144,6.759913669110792e-05,-0.0002937376011663651
1319,127,158.0,6.695618466460301e-05,-0.0003869441699620892,-0.00021107069091608893,9.029402568914703e-05,-0.0004102820109866332
1318,127,382.0,0.00011996207987297752,-0.00025550216740654436,0.00011865522690437946,0.00012911346484738908,-0.0002646535523809559
1317,127,366.0,0.00019075792158517596,-0.00019645470556725898,0.0004187651904157333,0.00028232607361300583,-0.0002880228575950889
1316,127,381.0,0.0001927037183877614,-0.00019452973008620344,0.00026148678496366873,0.00023271334236929367,-0.00023453935406773571
1315,127,99.0,0.00011108221858793788,-0.0005125730897510856,-0.00022556507417733837,0.00013085128722644431,-0.000532342158389592
1314,127,305.0,0.00010752026253137495,-0.0001625419438323417,0.0003233833939072367,0.00018314908361194112,-0.00023817076491290787
1313,127,304.0,0.0002966153575811453,-0.00023842940475708035,0.000533803018141283,0.000406987988248095,-0.00034880203542403003
1321,128,305.0,0.00010547163831874096,-0.00015898539192825515,0.00031384568205408,0.0001784482845527556,-0.00023196203816226978
1322,128,163.0,3.4294675696072696e-05,-0.00013061496563225708,-8.535703098500047e-08,3.429468674124596e-05,-0.00013061497667743034
1324,128,382.0,0.00011635599489199372,-0.0002474004153796704,0.00010223264047563851,0.00012340253588034492,-0.0002544469563680216
1325,128,367.0,6.206963113348368e-05,-0.00014432609581017112,0.00015286322830288662,8.729135599203926e-05,-0.0001695478206687267
1326,128,260.0,9.489279696014638e-05,-0.00027311887449498986,6.7073036312675915e-06,9.492335590032132e-05,-0.0002731494334351648
1327,128,160.0,0.00013075714675716416,-0.0005764756772593747,-0.0001153004679212144,0.0001354256999892951,-0.0005811442304915057
1320,128,99.0,0.00011892946602770627,-0.0005299836684131952,-0.00018977956519311556,0.00013252043223073857,-0.0005435746346162274
1323,128,34.0,0.00015548800957256026,-0.0006246648023376119,-2.494479944498834e-05,0.00015568735643549744,-0.000624864149200549
0,129,428.0,0.0005843009302215773,-0.00022939542240447996,-0.00022369272887051532,0.0005993947496930661,-0.0002444892418759687
1,129,86.0,0.0006902195044858547,-0.0002528517742861304,-0.0003370540540081901,0.0007194305256398959,-0.00028206279544017155
2,129,85.0,0.0005858540807331823,-0.0002627410112149819,-0.0004112962317697477,0.0006330642813408789,-0.00030995121182267847
3,129,429.0,0.0005315328966139709,-0.0002381978778731419,-0.00028265392707202755,0.0005566610177585869,-0.0002633259990177579
4,130,420.0,0.0005999686282225185,-0.0002379151904232632,-0.00016437657581408726,0.0006079543919968401,-0.0002459009541975849
5,130,425.0,0.0006194871850602633,-0.00023258845244060277,-0.00013010401503583957,0.0006244249882279827,-0.0002375262556083222
6,130,428.0,0.000659266529510984,-0.0002396332754107656,-0.00016412664573316736,0.0006666969218560847,-0.0002470636677558662
7,130,429.0,0.0006193029381485631,-0.00024610644626731797,-0.00020857490967338826,0.000631692869470366,-0.00025849637758912087
8,131,429.0,0.0004892175933824167,-0.00017024328243595176,-0.00020162765848140245,0.0005042850525810246,-0.0001853107416345597
9,131,85.0,0.0005337500441889749,-0.00015981113723717303,-0.00031909030149855633,0.0005686911233126007,-0.00019475221636079882
10,131,84.0,0.00045521014436302994,-0.0001576149126967754,-0.00033572888979443993,0.0004981786535279917,-0.0002005834218617371
11,131,430.0,0.0004403168996917929,-0.0001691084132341938,-0.00020946013578206253,0.0004578125456190301,-0.00018660405916143095
14,132,430.0,0.00042485602710840703,-0.00017134583228478416,-0.00022223109201214945,0.0004448915914677476,-0.00019138139664412476
13,132,429.0,0.0005978924831500036,-0.00017312061758285158,-0.00018562971505948263,0.000608908187081729,-0.00018413632151457703
12,132,420.0,0.0005559167743505603,-0.000177317375194722,-8.07318930642004e-05,0.0005581323027385952,-0.00017953290358275692
15,132,392.0,0.000491181711963128,-0.0001772216314007712,-8.04532890795154e-05,0.0004935939738697,-0.0001796338933073432
19,134,86.0,0.0007232799323408485,-0.0003466985207083097,-0.00030309268785377527,0.0007443300631058176,-0.00036774865147327885
17,134,427.0,0.0006851739571740144,-0.0002728055633918634,-0.00014844367140637652,0.0006908903670096931,-0.0002785219732275422
18,134,87.0,0.0008153794367173374,-0.000314086449617777,-0.00018780293213292026,0.0008231329845939986,-0.0003218399974944382
16,134,428.0,0.0006378347994385504,-0.00030065639104928123,-0.00023337832051299788,0.0006521259543772694,-0.0003149475459880002
23,135,428.0,0.0007044806848736681,-0.00030570643696069917,-0.0001462924739452122,0.000709749619897608,-0.00031097537198463907
20,135,425.0,0.0006618336362071804,-0.00028221780347872683,-0.00012532475070513673,0.0006659747500245361,-0.00028635891729608253
21,135,426.0,0.000682641719887511,-0.0002593416045464734,-7.149003161214217e-05,0.000683996172328935,-0.0002606960569878973
22,135,427.0,0.0007426936805799856,-0.0002778051089767751,-7.375347810298968e-05,0.0007440245226704423,-0.00027913595106723177
27,136,87.0,0.0007943475576276593,-0.0003581205368094922,-0.00011238222357574934,0.0007970807963742382,-0.00036085377555607114
26,136,88.0,0.0008659219806071636,-0.00029922973841689445,2.3197010857544872e-05,0.0008660374265171055,-0.00029934518432683647
24,136,427.0,0.0006942507451389249,-0.0003085445167002359,-0.00010642609060951356,0.0006970665734629211,-0.0003113603450242321
25,136,424.0,0.0007336878678698335,-0.0002598059615532412,-7.5763365340233285e-06,0.0007337023118550557,-0.0002598204055384634
28,137,426.0,0.0006757337074358976,-0.00027709403499744665,-3.658106406177145e-05,0.0006760846841784986,-0.00027744501174004754
29,137,423.0,0.0007000419565088697,-0.0002368670323411663,3.227696973623351e-05,0.0007003198633970505,-0.00023714493922934708
30,137,424.0,0.0007769798607190175,-0.0002539353453747628,7.49339608790275e-05,0.0007783397449556946,-0.00025529522961144005
31,137,427.0,0.0007411481777907236,-0.00030800543553230746,-2.0221493955035683e-05,0.0007412456065283139,-0.00030810286426989777
35,138,425.0,0.0006907673665477315,-0.0002661997125376688,-5.816579543207936e-05,0.0006916504013016467,-0.0002670827472915839
32,138,432.0,0.0006626144106944478,-0.0002627839854000435,-5.5413485902368505e-05,0.0006634432177111112,-0.00026361279241670683
33,138,431.0,0.0006678211372946712,-0.00025219681255738715,-1.8878458302935483e-05,0.0006679179720031977,-0.0002522936472659137
34,138,426.0,0.000705567844746428,-0.0002570053146487591,-2.3324126358358586e-05,0.0007057091158370946,-0.0002571465857394257
39,139,432.0,0.0006705795635472316,-0.00023889962117372128,1.622224319880114e-06,0.0006705802869309261,-0.0002389003445574158
38,139,431.0,0.0006727606402877583,-0.00024074946787672386,1.5990535488601826e-05,0.0006728306115007323,-0.000240819439089698
36,139,421.0,0.0006640896413648879,-0.0002391259871161612,4.23401527529111e-06,0.0006640946032993094,-0.00023913094905058272
37,139,422.0,0.0006634933404109453,-0.00023993951138105956,1.0749394880662025e-05,0.000663525314397924,-0.0002399714853680382
40,140,431.0,0.0006410828082803778,-0.0002483146718309064,-1.6860910013621368e-05,0.0006411627120226336,-0.00024839457557316225
41,140,422.0,0.0006790141961063516,-0.0002238791823080394,4.470065402701392e-05,0.0006795671200779163,-0.00022443210627960414
42,140,423.0,0.0007178683456708426,-0.0002348526630433079,6.909209140610727e-05,0.0007191193564440503,-0.00023610367381651564
43,140,426.0,0.000698623719082813,-0.00027085036208417015,1.2511875978241105e-05,0.0006986640864648384,-0.00027089072946619554
46,141,425.0,0.0006418591098328735,-0.0002414752252519415,-0.00010028865353782458,0.0006446965433825588,-0.00024431265880162675
44,141,449.0,0.0006407101720911339,-0.0002318676733938669,-7.727578250995952e-05,0.0006424177227915633,-0.00023357522409429631
45,141,432.0,0.0006409991093963502,-0.0002485170017480407,-8.236672757198915e-05,0.0006429017723220877,-0.00025041966467377814
47,141,420.0,0.0006414521222020465,-0.00022830263113662153,-9.261479436487724e-05,0.0006439106665049257,-0.0002307611754395008
49,142,434.0,0.0007296696293963255,-0.00019856575650354464,0.00010045350663807212,0.0007323794845389826,-0.00020127561164620179
51,142,88.0,0.0007975287581025066,-0.0002987180621407731,5.226348820519186e-05,0.0007981513190578478,-0.00029934062309611435
50,142,89.0,0.0008331909383202871,-0.00023789121746219685,0.0001515356293266771,0.0008385241599180957,-0.00024322443906000553
48,142,424.0,0.000716251357380706,-0.0002660105789986869,1.41693448951841e-05,0.0007163024537033839,-0.0002660616753213648
52,143,434.0,0.0006565293736921426,-0.00018032701739948816,8.724479431758154e-05,0.0006587971115253016,-0.0001825947552326471
53,143,433.0,0.0007116038852951071,-0.00016761569368703801,0.00014031594902852093,0.0007171669930072771,-0.00017317880139920797
54,143,90.0,0.0007609333581633064,-0.00017766038655040773,0.0001465145477875956,0.0007666166775853057,-0.00018334370597240698
55,143,89.0,0.0007478003415881049,-0.0002000663497759873,9.648706711495869e-05,0.0007502494627113449,-0.00020251547089922723
58,144,434.0,0.0007420990175753747,-0.00015755516386949065,0.0001764902519423156,0.0007506730762902806,-0.0001661292225843965
56,144,423.0,0.000696400838005859,-0.0002412755640472065,4.9627141576484915e-05,0.0006970570161118762,-0.00024193174215322383
57,144,433.0,0.0006920620392052573,-0.00019532968018826753,6.936471673723785e-05,0.0006934154822762427,-0.00019668312325925286
59,144,424.0,0.0007314447027777886,-0.0002572794640910421,9.961439091775957e-05,0.0007339474161010978,-0.0002597821774143513
63,145,90.0,0.0007153336446419356,-0.0001100364164956047,-7.746144997286195e-06,0.0007153518187446661,-0.00011005459059833516
62,145,91.0,0.000720722423802847,-0.00014403303853368477,4.334951310708615e-05,0.0007212653522038289,-0.00014457596693466664
61,145,412.0,0.0006552345819097827,-0.00014403303853368477,8.423054140330047e-05,0.0006574476060647975,-0.0001462460626886995
60,145,433.0,0.0006240178192679531,-0.000132426095514627,8.512441089573997e-05,0.0006264050976887824,-0.0001348133739354563
64,146,422.0,0.0006470211656280436,-0.00021445880179913674,2.3348254185409124e-05,0.0006471793355574698,-0.00021461697172856292
65,146,412.0,0.0006455077380449503,-0.00016270612123954416,4.708634990659849e-05,0.0006461929670122366,-0.0001633913502068305
66,146,433.0,0.000679836249639419,-0.00012303612651933058,0.00013413600077435799,0.0006854002209895386,-0.0001286000978694501
67,146,423.0,0.0006894423971976465,-0.00023942392416962527,9.278483983873702e-05,0.000691753724824871,-0.00024173525179684984
68,147,419.0,0.0006331902462729327,-0.0002074113188122483,1.3747243285997836e-05,0.0006332464483046502,-0.00020746752084396585
69,147,411.0,0.0006329087965097585,-0.000177855684903719,2.502550798467529e-05,0.0006331018633513085,-0.00017804875174526905
71,147,422.0,0.0006457825930944027,-0.0002075266077705835,4.478497190320936e-05,0.0006463698111877922,-0.00020811382586397297
70,147,412.0,0.000645100628390989,-0.000177855684903719,5.5121262058314274e-05,0.000646022595143992,-0.0001787776516567221
72,148,418.0,0.0006412314115864519,-0.00022656733514999521,1.252959567918507e-05,0.0006412766359508283,-0.00022661255951437163
73,148,419.0,0.0006410137820995702,-0.00020747135357761053,2.9904916360027223e-05,0.0006412772005225471,-0.00020773477200058753
75,148,421.0,0.0006613835458472712,-0.00022862045037588125,3.2487126130660484e-05,0.0006616799102572212,-0.00022891681478583132
74,148,422.0,0.0006595839253242019,-0.00020754603467210055,4.9971703012670864e-05,0.0006603032815117964,-0.00020826539085969515
77,149,418.0,0.0006407804731628822,-0.00022564706429875256,2.7776514105416414e-06,0.0006407826993523791,-0.00022564929048824942
78,149,421.0,0.0006491732487417987,-0.00022538322354711832,-8.189515982577437e-07,0.0006491734404622863,-0.00022538341526760595
79,149,414.0,0.0006471112105860502,-0.00022294951171530865,-7.40306380942672e-06,0.0006471269578668015,-0.00022296525899605994
76,149,415.0,0.0006402782136975464,-0.0002232692532824066,-4.161245505611855e-06,0.000640283226700392,-0.00022327426628525226
80,150,414.0,0.0006264324004141588,-0.00020718327121663544,-4.26100214189519e-05,0.0006269765449204631,-0.0002077274157229398
82,150,420.0,0.0005967891694773756,-0.0002241711552524466,-9.96890023967096e-05,0.0005998043976488483,-0.00022718638342391926
83,150,413.0,0.000592359743799373,-0.00020971513729893892,-6.20276197448109e-05,0.0005935571663899248,-0.00021091255988949078
81,150,449.0,0.0006763409612274632,-0.00023105195581870486,-8.912203384980975e-05,0.0006785240489726562,-0.0002332350435638979
84,151,413.0,0.0005887358354857361,-0.00019097240621571005,-3.199480706637947e-05,0.000589063918821844,-0.00019130048955181796
85,151,420.0,0.0005930179567198079,-0.00017703255663424391,-7.155070125289915e-05,0.0005946764519533776,-0.00017869105186781367
86,151,392.0,0.0005581366209089771,-0.00017656703110666586,-6.0018143514975735e-05,0.0005593603074613728,-0.0001777907176590615
87,151,393.0,0.0005581366209089771,-0.00018982972358604398,-2.3878910914809474e-05,0.0005583271566113044,-0.00019002025928837124
88,152,405.0,0.0006307250580396399,-0.00020977621611418217,6.841013317106584e-06,0.000630738977913884,-0.00020979013598842637
89,152,406.0,0.0006307250580396399,-0.00020754501158847753,8.131133204164693e-06,0.0006307447753641894,-0.00020756472891302714
90,152,438.0,0.0006320243161626973,-0.00020760171841547833,1.0345353060808166e-05,0.0006320561822148931,-0.00020763358446767422
91,152,417.0,0.0006320160726769248,-0.00020983841736567322,9.03779946613949e-06,0.0006320403284915514,-0.00020986267318029976
95,153,416.0,0.000635816583615308,-0.0002122616136339716,1.6675154817966022e-05,0.0006358985436041823,-0.00021234357362284582
93,153,438.0,0.00063207333860324,-0.0002096156891206695,1.802350618316075e-05,0.0006321698141228001,-0.00020971216464022965
92,153,417.0,0.0006320495052569485,-0.0002121572446228474,1.4268160896486679e-05,0.0006321097884396962,-0.00021221752780559513
94,153,437.0,0.0006358801407877097,-0.0002096968689062797,2.049161707956852e-05,0.0006360042704450428,-0.0002098209985636128
96,154,438.0,0.000628112087862035,-0.0002095347890017713,1.5569155009385535e-05,0.0006281844267147075,-0.00020960712785444372
97,154,435.0,0.0006281125011574976,-0.00020456913737505766,2.0198545034284983e-05,0.0006282349733019886,-0.0002046916095195486
98,154,436.0,0.0006328457239433575,-0.0002046546206225107,2.519637081917648e-05,0.0006330351905854139,-0.00020484408726456708
99,154,437.0,0.000632835378738397,-0.00020969375312041786,2.048782807933516e-05,0.0006329599112471719,-0.00020981828562919284
100,155,406.0,0.0006228212798092755,-0.00020746883124788274,5.311950675645442e-06,0.0006228297757948586,-0.00020747732723346582
101,155,407.0,0.0006228212798092755,-0.00020482162609297477,1.054833895122037e-05,0.0006228548881854678,-0.0002048552344691671
102,155,435.0,0.0006281118721732861,-0.0002048565626176029,1.315383915305706e-05,0.0006281637987204915,-0.00020490848916480833
103,155,438.0,0.0006281113988926977,-0.00020753632317061562,7.852814375366004e-06,0.0006281298472563494,-0.00020755477153426734
107,156,415.0,0.0006415860294118933,-0.00021730365129663096,1.4765866269455825e-05,0.0006416494877068767,-0.00021736710959161442
104,156,416.0,0.0006357463143317294,-0.00021712680022804658,1.242145915943257e-05,0.0006357915392496694,-0.00021717202514598654
105,156,437.0,0.0006358452830185252,-0.0002143864801174392,1.834318919686096e-05,0.0006359442070591913,-0.00021448540415810536
106,156,418.0,0.0006420038327111383,-0.00021454639210949692,2.0872617634170275e-05,0.0006421309710556407,-0.00021467353045399938
108,157,437.0,0.0006328309804233267,-0.000214384773598214,1.8480355026588395e-05,0.0006329317466404815,-0.00021448553981536877
109,157,436.0,0.0006328480534256312,-0.00020323707706503122,2.6257240206668375e-05,0.0006330541546727523,-0.0002034431783121524
110,157,419.0,0.0006409164469113864,-0.00020342095709190275,3.773154902948642e-05,0.0006413377712920436,-0.00020384228147255997
111,157,418.0,0.000641016296627904,-0.00021504007261653442,2.979496195726133e-05,0.0006412754708787914,-0.00021529924686742186
112,158,436.0,0.000628555054924978,-0.00020302886493039712,1.3187825725103318e-05,0.000628607337024695,-0.00020308114703011413
113,158,410.0,0.0006285167161269169,-0.00019491469892157537,1.735883248929265e-05,0.0006286081917461152,-0.00019500617454077372
114,158,411.0,0.0006329013952326473,-0.00019491469892157537,2.5741368336669457e-05,0.0006331014571634969,-0.00019511476085242493
115,158,419.0,0.0006330028230076999,-0.0002031636291485189,2.162048219210913e-05,0.0006331425580883896,-0.0002033033642292086
116,159,435.0,0.0006244617704114484,-0.00020438287724476557,9.196574547508038e-06,0.0006244872801317149,-0.00020440838696503212
117,159,409.0,0.0006244536510214439,-0.00020145386688069406,1.317070549281072e-05,0.0006245061558274905,-0.0002015063716867407
118,159,410.0,0.0006285279968384992,-0.00020145386688069406,1.6169068050040335e-05,0.0006286067377039742,-0.00020153260774616907
119,159,436.0,0.0006285645730934389,-0.00020443370920808317,1.2146805504200438e-05,0.0006286088520087146,-0.0002044779881233589
123,160,435.0,0.0006244761700146678,-0.0002047120578486212,2.1385940460836445e-06,0.0006244775489467169,-0.0002047134367806702
121,160,408.0,0.0006163877814359749,-0.00020318134095508684,8.69626573124201e-06,0.0006164108493222254,-0.00020320440884133732
120,160,407.0,0.0006163877814359749,-0.00020469206316590265,7.135301077210165e-07,0.0006163879364529083,-0.00020469221818283608
122,160,409.0,0.0006244596697557278,-0.00020318134095508684,1.0223859972487495e-05,0.0006244912424194951,-0.0002032129136188541
124,161,444.0,0.0006172460642440016,-0.00019913999610700998,-6.827310974846833e-06,0.0006172603379321678,-0.00019915426979517616
125,161,443.0,0.0006176449799791048,-0.0002021430529655177,-1.907839724000788e-05,0.0006177559647569189,-0.0002022540377433318
126,161,441.0,0.0006057727886530657,-0.00020231280084677644,-2.2663689435650954e-05,0.0006059316647235851,-0.0002024716769172959
127,161,442.0,0.0006054757512902714,-0.0001991991711269387,-9.93316796382178e-06,0.0006055064046835009,-0.00019922982452016833
128,162,439.0,0.0006270675009645071,-0.0002048916887614098,-2.7931027816235562e-06,0.0006270698452505196,-0.00020489403304742234
129,162,440.0,0.0006271930823780583,-0.0002094757916856466,-1.2968805775927239e-05,0.0006272433351802991,-0.00020952604448788736
130,162,443.0,0.0006175848110169938,-0.0002093457525761212,-1.6983228195702063e-05,0.0006176720008139373,-0.0002094329423730648
131,162,444.0,0.0006172610951300074,-0.0002048564553788813,-7.107904486571156e-06,0.0006172764583107502,-0.00020487181855962402
135,163,398.0,0.0006154259254811676,-0.00020342071263560846,4.6233949414396184e-07,0.000615425990743019,-0.00020342077789745994
133,163,439.0,0.0006240812301829865,-0.00020485767486010098,-7.01053496924241e-06,0.0006240960523615174,-0.00020487249703863192
132,163,399.0,0.0006239504111490254,-0.00020342071263560846,1.8426481588271204e-06,0.0006239514370937102,-0.0002034217385802932
134,163,444.0,0.0006155999300854614,-0.00020484666150475495,-8.315834821272282e-06,0.0006156210013329666,-0.00020486773275226017
136,164,398.0,0.0006154259254811676,-0.00019857325236272545,3.665585585599894e-07,0.0006154259667481534,-0.00019857329362971124
137,164,444.0,0.0006155916758284059,-0.00019916374571167197,-8.010376677109507e-06,0.0006156113641245181,-0.00019918343400778419
138,164,442.0,0.0006074177692147684,-0.00019917564010033559,-8.754729839229665e-06,0.0006074415243795272,-0.00019919939526509437
139,164,397.0,0.0006072862117339548,-0.00019857325236272545,-2.0641490918691394e-07,0.0006072862249518656,-0.0001985732655806363
140,165,443.0,0.0006244134413763167,-0.00020208625959176893,-1.7714450146061106e-05,0.0006245083493700826,-0.00020218116758553492
141,165,414.0,0.0006259493639934422,-0.00020733890628083152,-4.3478176246393354e-05,0.0006265161147360973,-0.00020790565702348668
142,165,413.0,0.0006012481804033932,-0.00020834394380711964,-5.344324642517261e-05,0.0006021292029887045,-0.0002092249663924309
143,165,441.0,0.0005997466199192962,-0.00020237841102534895,-2.413396532854363e-05,0.0005999281117388044,-0.00020255990284485725
147,166,443.0,0.0006243391867349606,-0.0002093808868383847,-1.6024222415791413e-05,0.000624416176603146,-0.00020945787670657008
145,166,415.0,0.0006348280022119373,-0.00022143505291941562,-1.6513533691140878e-05,0.000634907613098382,-0.00022151466380586037
144,166,440.0,0.0006347561734044696,-0.00020971097669811154,-5.411962476295365e-06,0.0006347648442678376,-0.0002097196475614796
146,166,414.0,0.0006249346258786193,-0.00021998362857819154,-2.5507548168365e-05,0.0006251270962243582,-0.0002201760989239304
148,167,441.0,0.0005991281684853953,-0.00019330943866945633,-1.2397558480445629e-05,0.0005991766549691047,-0.00019335792515316562
149,167,413.0,0.0005996528262459235,-0.0001901603798500043,-2.2903845499249072e-05,0.0005998188388846779,-0.00019032639248875877
150,167,393.0,0.0005896860996098591,-0.0001898517072573607,-2.088458506917506e-05,0.0005898259541661366,-0.00018999156181363826
151,167,394.0,0.0005896860996098591,-0.00019312926169648086,-1.0115793683422147e-05,0.0005897187781364181,-0.00019316194022303996
152,168,442.0,0.0006053591418944352,-0.00019469198461260186,-5.0116975289302016e-06,0.00060536699041339,-0.00019469983313155653
153,168,441.0,0.0006054887896377152,-0.0001932238573914886,-1.0633774007248829e-05,0.0006055241816337241,-0.0001932592493874975
154,168,394.0,0.0005999855463378266,-0.000193133206086541,-9.53295727944693e-06,0.0006000141908479274,-0.00019316185059664186
155,168,395.0,0.0005999855463378266,-0.00019465477583467203,-3.7415288925013316e-06,0.0005999899505193398,-0.00019465918001618525
159,169,396.0,0.0006038208529166965,-0.00019487632628979328,-5.128892302500952e-08,0.0006038208537400855,-0.00019487632711318224
157,169,442.0,0.0006073403172285514,-0.00019466105727289189,-3.786022251781344e-06,0.0006073447853894203,-0.0001946655254337607
158,169,395.0,0.0006038208529166965,-0.0001946553837111781,-3.663511116437472e-06,0.0006038250550589935,-0.00019465958585347507
156,169,397.0,0.0006072862117339548,-0.00019487632628979328,-2.6324856224876686e-07,0.0006072862333317609,-0.00019487634788759937
163,170,447.0,0.0006322616816919827,-0.00021007075021884215,4.6458895223268435e-06,0.000632268087751065,-0.00021007715627792455
160,170,445.0,0.0006354594221626875,-0.000210088512649813,5.876857289368112e-06,0.0006354696335986936,-0.00021009872408581912
162,170,448.0,0.0006322832760539659,-0.00021134865391077013,1.4507340135648354e-06,0.0006322838997346101,-0.00021134927759141432
161,170,446.0,0.0006354631978986887,-0.00021138172274466464,2.6362204506621533e-06,0.0006354652495262236,-0.0002113837743721995
164,171,447.0,0.0006322716140233507,-0.00020858370567588007,3.162292184163496e-06,0.000632274587203238,-0.00020858667885576742
165,171,448.0,0.0006323080922764532,-0.0002124547173973949,-2.223579363186314e-06,0.0006323095554968282,-0.00021245618061776985
166,171,440.0,0.0006271049205911871,-0.00021231564480704383,-5.750814953200522e-06,0.000627114770089144,-0.00021232549430500076
167,171,439.0,0.0006270400572162478,-0.00020853554826190369,-5.123526173394458e-07,0.0006270401357564715,-0.00020853562680212738
171,172,440.0,0.0006347103689101671,-0.00021260596183463607,1.7340472424349877e-06,0.0006347112560985115,-0.00021260684902298045
170,172,415.0,0.0006347111058148675,-0.00021642261779958219,1.6439091007295487e-06,0.0006347118995898456,-0.00021642341157456022
168,172,448.0,0.0006348255422880885,-0.00021274921498883753,5.5632873589154044e-06,0.000634834671227047,-0.00021275834392779603
169,172,416.0,0.0006348250318949041,-0.00021666884519364212,5.428539213377321e-06,0.0006348336839649163,-0.00021667749726365427
173,173,417.0,0.0006345168419654732,-0.00021198871160150329,1.0032878280458223e-05,0.0006345465686197965,-0.0002120184382558266
174,173,416.0,0.0006348430257561136,-0.00021197162977229186,9.600505011358052e-06,0.0006348702355872058,-0.00021199883960338413
175,173,448.0,0.0006348416184193662,-0.0002115544509576745,9.277607442848002e-06,0.0006348670413323734,-0.0002115798738706817
172,173,446.0,0.0006345167135802514,-0.00021156533409252538,9.703512854032474e-06,0.0006345445344830695,-0.00021159315499534348
176,174,401.0,0.000635650181288432,-0.00020939172408378562,3.6909613913272115e-06,0.0006356542116006958,-0.0002093957543960494
177,174,445.0,0.0006356692917205642,-0.0002099842868325915,-1.6103975021034781e-06,0.0006356700583990923,-0.00020998505351111962
178,174,447.0,0.0006304970369021809,-0.0002099762390835962,-2.116268666869708e-06,0.0006304983690641008,-0.00020997757124551609
179,174,400.0,0.000630458612500387,-0.00020939172408378562,3.1109041299294147e-06,0.0006304614932789282,-0.0002093946048623269
183,175,399.0,0.0006239504111490254,-0.00020726386174820845,1.8993008899076923e-06,0.0006239514961096906,-0.0002072649467088737
181,175,447.0,0.0006305078738799666,-0.0002084963527497662,-3.6025881509070025e-06,0.0006305117411374698,-0.00020850022000726932
180,175,400.0,0.000630458612500387,-0.00020726386174820845,3.0952752722314923e-06,0.0006304614716502267,-0.00020726672089804818
182,175,439.0,0.0006240480538053409,-0.00020848107554538272,-4.706536960825134e-06,0.0006240547056185917,-0.00020848772735863354
184,176,402.0,0.0006417742125499049,-0.00021097840103810822,3.6613833346574916e-06,0.0006417781426657223,-0.00021098233115392565
185,176,403.0,0.0006417742125499049,-0.0002109428294065159,-2.510570176520962e-06,0.0006417760604515658,-0.00021094467730817674
186,176,445.0,0.0006356721691860452,-0.0002109432323288646,-2.4054913199587045e-06,0.000635673877865335,-0.00021094494100815445
187,176,401.0,0.000635650181288432,-0.00021097840103810822,3.6966787696438713e-06,0.0006356542165197835,-0.0002109824362694596
188,177,403.0,0.0006404137523709223,-0.00021102517295281537,4.692297640136213e-06,0.0006404202171593279,-0.00021103163774122087
189,177,404.0,0.0006404137523709223,-0.0002106931747010098,-2.932200386033916e-07,0.0006404137776256776,-0.00021069319995576502
190,177,446.0,0.0006354660938127767,-0.00021070066712019359,1.4876847902797058e-07,0.0006354661003516946,-0.00021070067365911154
191,177,445.0,0.0006354603527149558,-0.00021102895210023571,5.078907389168084e-06,0.0006354679709648174,-0.0002110365703500973
195,178,446.0,0.0006345157435824463,-0.00021086084283120977,7.214063540414428e-06,0.0006345311336956157,-0.0002108762329443792
194,178,417.0,0.000634514810516815,-0.00020972284306640474,4.819578089473517e-06,0.0006345216889543054,-0.00020972972150389517
192,178,404.0,0.0006369213104373721,-0.0002108348493884797,6.016305502336283e-06,0.0006369319843427602,-0.00021084552329386774
193,178,405.0,0.0006369213104373721,-0.00020969098685984602,3.6090384567424687e-06,0.0006369251566782812,-0.00020969483310075506
196,179,414.0,0.0006386375388255719,-0.00023154690626207944,-3.973187218916669e-05,0.0006390908334611106,-0.00023200020089761818
197,179,421.0,0.0006422709023143004,-0.00022905676116192933,-2.620895787107131e-05,0.0006424679447698993,-0.00022925380361752822
198,179,432.0,0.0006581169992139636,-0.00022990682363043137,-2.7505658621656062e-05,0.0006583299382885006,-0.00023011976270496842
199,179,449.0,0.0006499205436962746,-0.00023439635793649674,-5.220615281060874e-05,0.0006506903785268628,-0.000235166192767085
200,181,495.0,0.0007203695854760914,-0.0002079065820033369,-9.23575103451875e-05,0.0007226611729697415,-0.000210198169496987
201,181,494.0,0.0006778931252849722,-0.0002469662506472269,-1.0452630506458446e-05,0.0006779226578816703,-0.000246995783243925
202,181,94.0,0.0007910823144239472,-0.0003253687252355456,-1.7565109731790263e-05,0.0007911513980601156,-0.000325437808871714
203,181,93.0,0.0008388030646423843,-0.0002481159153246812,-0.00014819332622034156,0.0008438310701746779,-0.0002531439208569748
207,182,495.0,0.0007425966516691751,-0.0002379609571637109,-8.775874950430135e-05,0.0007445563114026362,-0.00023992061689717193
205,182,491.0,0.0006621779861407055,-0.0002381408697691126,-1.0975948110212826e-05,0.0006622114373341904,-0.00023817432096259755
204,182,480.0,0.0006938667977851361,-0.0002190814761436887,-6.116875597721692e-05,0.0006948902475841462,-0.0002201049259426987
206,182,494.0,0.0007040877006595238,-0.0002769844272283103,-1.0109178157160364e-05,0.0007041137417546569,-0.00027701046832344335
211,183,92.0,0.000775305998372694,-0.00015376205123149907,-0.00019122951423267403,0.000785044091639171,-0.0001635001444979761
208,183,496.0,0.0006762066870517197,-0.00014121599653262658,-9.783226714271676e-05,0.0006791235136750834,-0.00014413282315599025
210,183,93.0,0.0007563697013976307,-0.00021992398578718876,-0.00010880803557570748,0.0007593920120287875,-0.0002229462964183455
209,183,495.0,0.0006664216127858346,-0.00018240989291977297,-4.86436247051792e-05,0.0006671179414194628,-0.00018310622155340116
215,184,496.0,0.0006869906303229589,-0.00011154301452503674,-0.00014807612058666784,0.0006937972370476258,-0.00011834962124970355
212,184,412.0,0.0006442175318348642,-0.00015283448690841508,-3.8495867711831576e-05,0.0006446820776188647,-0.00015329903269241558
213,184,480.0,0.0006435205613211622,-0.00019313570726764494,-1.7864915125281357e-05,0.0006436159167358629,-0.00019323106268234568
214,184,495.0,0.0006740710146501058,-0.00021926794886396482,-6.967966143223495e-05,0.0006754276925505466,-0.00022062462676440556
216,186,94.0,0.0008539965396679935,-0.00032403322148049355,3.4523294132919255e-05,0.0008542494199608599,-0.00032428610177335983
217,186,494.0,0.0007421569787628623,-0.00026417762369714925,1.957550223592036e-05,0.0007422521667957009,-0.0002642728117299879
218,186,493.0,0.0006745053657919234,-0.00029733941405981625,0.00011441160387193512,0.0006778610898323398,-0.0003006951381002327
219,186,95.0,0.0007747795325924551,-0.0003885503063366673,0.0001840366577581,0.0007820131199908401,-0.00039578389373505225
223,187,493.0,0.000704026471542695,-0.00031988517293897705,0.000123456284862003,0.000707734422989979,-0.00032359312438626095
221,187,491.0,0.0007139782328090971,-0.00025765267094975727,1.9381231130339432e-05,0.000714074873097424,-0.0002577493112380842
220,187,494.0,0.0007669511437557348,-0.0002904752171350548,3.72011511856939e-05,0.0007672782345459709,-0.0002908023079252909
222,187,492.0,0.0006623865193207054,-0.0002736672442668057,7.738243308817554e-05,0.000663983074249658,-0.00027526379919575833
224,188,95.0,0.0007872429661720595,-0.00032338388367369764,0.00024885494834521286,0.0008010123087167542,-0.0003371532262183923
226,188,490.0,0.0006067590671125153,-0.00028768119825693173,0.00025950103962251933,0.0006252008766883053,-0.0003061230078327217
227,188,96.0,0.000679132435409738,-0.0003655106917356217,0.0003888769701678313,0.0007141493150246219,-0.0004005275713505055
225,188,493.0,0.0006962323160639612,-0.00026446955322173137,0.00016813777128547522,0.0007035335094237185,-0.00027177074658148864
228,189,493.0,0.0007245630012340416,-0.0002804214432810633,0.0001818942806300801,0.0007327270388625469,-0.0002885854809095687
229,189,492.0,0.0006730026239942285,-0.00024284088650726183,0.00011357220537733248,0.0006765101649422521,-0.00024634842745528544
230,189,489.0,0.0006059037738516855,-0.0002568059546245055,0.00017502727393003872,0.0006146916768570277,-0.00026559385762984773
231,189,490.0,0.0006343738089724486,-0.0003010067142048086,0.0002688371802132272,0.0006533071577348691,-0.0003199400629672291
235,190,492.0,0.0006714073281303985,-0.00028410338144323286,9.439169604473843e-05,0.000673732828094141,-0.0002864288814069755
234,190,497.0,0.000656617638224978,-0.00024940652948108466,7.382531283498493e-05,0.0006581190220719278,-0.0002509079133280344
232,190,491.0,0.0006996868819415594,-0.0002704987511139376,5.2698782490375774e-05,0.0007004019812260338,-0.00027121385039841203
233,190,498.0,0.0006891810021047474,-0.000244620495565776,3.68416607256488e-05,0.0006895442431661865,-0.00024498373662721506
239,191,497.0,0.0006370412988316657,-0.0002547180092294704,0.00011240251855910641,0.0006405693076452314,-0.0002582460180430361
236,191,498.0,0.0006606317253539332,-0.0002490232192428655,7.065388873359925e-05,0.0006620016035033924,-0.00025039309739232463
238,191,488.0,0.0006473703813260085,-0.00023052109512703705,8.073216296759778e-05,0.000649222535156133,-0.0002323732489571616
237,191,481.0,0.0006577449622921071,-0.00023207803653969698,6.48777967314617e-05,0.0006589259694706204,-0.0002332590437182102
240,192,492.0,0.00067964960602988,-0.00025151705740211153,0.00012769357357307696,0.0006840069630765542,-0.00025587441444878574
241,192,497.0,0.000649978709586569,-0.00022065463009690448,7.01358624738864e-05,0.0006513889141678961,-0.0002220648346782316
242,192,488.0,0.0006178065031430778,-0.00024099936713772253,0.00013071192046999313,0.0006227516798270865,-0.00024594454382173125
243,192,489.0,0.0006322543858952672,-0.0002618390332069123,0.00017202193440406244,0.0006404533759388966,-0.00027003802325054174
247,193,491.0,0.0006737691483759915,-0.0002478490362524308,-2.922185906082883e-06,0.0006737714647227038,-0.00024785135259914313
246,193,498.0,0.0006729360527951301,-0.00023624922964287113,-3.546635934806655e-07,0.000672936087382761,-0.00023624926423050202
244,193,480.0,0.0006753275661917288,-0.0002423595299573515,-1.2599266146602443e-05,0.0006753708091522881,-0.00024240277291791084
245,193,516.0,0.0006749057946470417,-0.00023235200271081715,-1.2040682534884134e-05,0.0006749457424030806,-0.00023239195046685608
249,194,490.0,0.00060045436847855,-0.0002294556161862319,0.0002709654732429255,0.0006220119390627552,-0.00025101318677043713
250,194,500.0,0.000493842992167471,-0.00023397973671611524,0.0003152520024581919,0.0005265138227790647,-0.0002666505673277089
251,194,97.0,0.000556005532771256,-0.00026888310418683416,0.0004497024999375737,0.0006133147671879499,-0.00032619233860352813
248,194,96.0,0.0006521557395319094,-0.00025685920114806475,0.00037584791403737217,0.0006894739031481195,-0.00029417736476427473
252,195,97.0,0.0004826900435325014,-0.00015914424444232752,0.00031973597446622454,0.0005203054456925818,-0.00019675964660240787
253,195,500.0,0.0004795928332012296,-0.00019669645317784627,0.0002966460358519857,0.0005106927124686326,-0.00022779633244524923
254,195,499.0,0.0004775983562667809,-0.00017403678818909792,0.00029103806221157484,0.0005086181122242145,-0.0002050565441465315
255,195,98.0,0.0004791744240849568,-0.00015374084190230859,0.00030302242178844793,0.0005135744267593636,-0.00018814084457671537
259,196,500.0,0.00046180089424607135,-0.00024031562383087834,0.00035602942902022636,0.0005043555666786573,-0.00028287029626346424
257,196,489.0,0.0006055284989148878,-0.00020703400980126753,0.0001870380292348546,0.0006161528258792333,-0.000217658336765613
256,196,490.0,0.0006330033104754787,-0.00023255617266272345,0.0002821828944738376,0.0006554214392836742,-0.000254974301470919
258,196,499.0,0.0005266505693132754,-0.00020387409777864368,0.00019414017086084347,0.0005393289371913741,-0.00021655246565674242
260,197,98.0,0.0003815954558096697,-0.00011518697062522839,6.972873232946597e-05,0.0003840303154628551,-0.00011762183027841377
261,197,499.0,0.0004381195009837929,-0.00015349654926554535,0.0001985923188103922,0.00045434050495862756,-0.00016971755324038002
262,197,479.0,0.0004674219028174805,-0.00014040023196867438,0.00014159538016442208,0.0004755593089104569,-0.0001485376380616508
263,197,1.0,0.0004674219028174805,-0.00011292622493087855,3.8388849681488674e-05,0.00046805604599775016,-0.00011356036811114824
264,198,489.0,0.0006373562941692813,-0.00020479031312085097,0.00020614618169788844,0.0006497882259017418,-0.00021722224485331142
265,198,488.0,0.0005974012415906251,-0.00018474030069725358,8.050551973450264e-05,0.0005994673839005689,-0.0001868064430071974
266,198,479.0,0.0005145744465860375,-0.0001840249928025866,8.841357888867991e-05,0.000517360702771909,-0.00018681124898845816
267,198,499.0,0.0004510852034203469,-0.00020025005413357137,0.00020467118054232417,0.0004667853784406329,-0.0002159502291538573
268,199,488.0,0.0006059587182325786,-0.00018501726934263944,7.610943138966486e-05,0.0006077853536958474,-0.0001868439048059081
269,199,487.0,0.0006057991740630441,-0.00019273617046430204,3.306419465148869e-05,0.0006061412919157291,-0.00019307828831698705
270,199,478.0,0.0005648982141178739,-0.00019290869453177412,2.476346736158576e-05,0.0005651004640870186,-0.00019311094450091885
271,199,479.0,0.0005648982141178739,-0.00018543530246932722,6.641187983330663e-05,0.0005663648730541805,-0.00018690196140563377
275,200,488.0,0.0006060337426840477,-0.00022873676077282332,9.617551827406905e-05,0.0006087947523209026,-0.00023149777040967827
272,200,481.0,0.0006451053187564787,-0.00023078120308495868,7.771326778847204e-05,0.0006468257222241914,-0.0002325016065526715
273,200,482.0,0.0006412988811849126,-0.00020788755665534183,3.935296383479267e-05,0.0006417545600325607,-0.00020834323550298993
274,200,487.0,0.0006058952853191775,-0.00020764032068217603,5.892261980082209e-05,0.0006069607991760688,-0.0002087058345390673
276,201,487.0,0.0006098646980883362,-0.00019288945435786236,2.663898131681497e-05,0.000610085637483844,-0.0001931103937533702
277,201,486.0,0.0006096857645740746,-0.00019400546737755587,1.5331221011634713e-05,0.0006097588725505148,-0.00019407857535399598
278,201,477.0,0.0005989121633542555,-0.00019401508694867593,1.4168944964768927e-05,0.0005989754550931764,-0.00019407837868759686
279,201,478.0,0.0005989121633542555,-0.00019291490413756728,2.5298872589160637e-05,0.0005991141865380683,-0.00019311692732138007
280,202,482.0,0.0006277462920339927,-0.00020780675323980123,4.572436864776035e-05,0.0006283713735271907,-0.00020843183473299927
281,202,483.0,0.0006267609248810516,-0.00020095101328414017,2.8407149886561754e-05,0.0006270045871511822,-0.00020119467555427075
282,202,486.0,0.0006099982424070437,-0.00020096531571613688,3.493716396589866e-05,0.0006103743504284167,-0.0002013414237375098
283,202,487.0,0.0006102747409006135,-0.00020772312252492978,5.227613976013703e-05,0.0006111090982691996,-0.00020855747989351593
287,203,477.0,0.000611032936455101,-0.0001940154185958732,1.4241713572108426e-05,0.0006110959173114199,-0.00019407839945219212
284,203,486.0,0.0006148172013349835,-0.0001940463184312002,1.0855047370012146e-05,0.0006148536187112235,-0.0001940827358074401
285,203,485.0,0.0006147526470937012,-0.00019058016745805627,7.079022373884976e-06,0.0006147682032677718,-0.00019059572363212688
286,203,476.0,0.000611032936455101,-0.00019057330594884778,1.0433925757989161e-05,0.0006110668877238818,-0.0001906072572176285
288,204,483.0,0.0006219702805639431,-0.000200941436828126,2.4070134215230243e-05,0.0006221462555440419,-0.0002011174118082249
289,204,484.0,0.0006217550707346194,-0.0001945945807259253,1.7409599304194293e-05,0.0006218478801371376,-0.00019468739012844347
290,204,485.0,0.000615032436042471,-0.00019459513482616975,2.3630275653496735e-05,0.0006152048211862692,-0.00019476751996996806
291,204,486.0,0.0006151481656638752,-0.00020095534063531984,3.039728234052741e-05,0.0006154311182911471,-0.0002012382932625917
292,205,485.0,0.0006157972960669986,-0.000190595963874084,-6.599054714114677e-07,0.0006157974310740665,-0.0001905960988811519
293,205,474.0,0.0006157794530459162,-0.0001794618637201452,-1.880461469153799e-06,0.0006157805646991713,-0.0001794629753734004
294,205,475.0,0.0006144313030294517,-0.0001794618637201452,9.108201644980086e-06,0.0006144574263829965,-0.00017948798707369002
295,205,476.0,0.0006144313030294517,-0.0001905732436150776,1.0471407235388384e-05,0.0006144653543065496,-0.00019060729489217554
299,206,485.0,0.0006160143475797469,-0.00019459444660175772,1.5904493761656306e-05,0.0006160923533280324,-0.00019467245235004317
297,206,473.0,0.0006189974225019081,-0.00018565214064833487,4.116344914662125e-06,0.0006190026869627909,-0.0001856574051092177
296,206,484.0,0.0006190744947833149,-0.00019459364846308692,6.944679228340286e-06,0.0006190893127689071,-0.00019460846644867908
298,206,474.0,0.0006159744518935244,-0.00018565214064833487,1.2967040685221698e-05,0.0006160268868888143,-0.0001857045756436249
300,207,511.0,0.000626012077904854,-0.00021033791339624655,-2.0484381772359686e-06,0.000626013332192149,-0.00021033916768354156
301,207,509.0,0.0006260756771951856,-0.00020810235581342207,2.922183982909457e-06,0.0006260782363410439,-0.0002081049149592804
302,207,510.0,0.0006311879450274123,-0.000208086767865448,5.269291395821121e-06,0.00063119621560848,-0.00020809503844651566
303,207,512.0,0.0006310042782288732,-0.00021031019587065326,2.711672547435137e-07,0.0006310043000791088,-0.0002103102177208889
304,208,503.0,0.0006261081029263881,-0.00020902406788121718,-8.611994481880908e-06,0.0006261303043454977,-0.00020904626930032673
305,208,511.0,0.0006261702844042767,-0.0002103234573412469,-8.686640292406705e-07,0.0006261705099221003,-0.00021032368285907045
306,208,512.0,0.0006342605179887528,-0.00021034009739958194,-2.1251469441195894e-06,0.0006342618547869695,-0.00021034143419779866
307,208,502.0,0.0006340310190467427,-0.00020906696157934625,-9.683776583858331e-06,0.0006340588249596987,-0.0002090947674923023
311,209,501.0,0.0006431254773987555,-0.00021659399736479628,-3.3057579370827754e-06,0.0006431286551780971,-0.00021659717514413776
308,209,502.0,0.000634202986089333,-0.0002166168460343387,-4.2192349477953445e-06,0.0006342082168777526,-0.0002166220768227583
310,209,506.0,0.0006443468898775897,-0.00021621436077404188,5.4804516565780045e-06,0.0006443556153012028,-0.000216223086197655
309,209,512.0,0.0006344807655521379,-0.00021621711704679098,4.988157075011025e-06,0.0006344880776360303,-0.0002162244291306834
312,210,512.0,0.0006312774490063577,-0.0002162017341136972,7.361231045022523e-06,0.0006312934336764058,-0.00021621771878374535
313,210,510.0,0.0006313746215174561,-0.000209478745273158,1.0212855082763171e-05,0.0006314056312531145,-0.0002095097550088164
314,210,505.0,0.0006340334133025328,-0.00020950853833598556,1.7075291977089284e-05,0.0006341198155656723,-0.00020959494059912502
315,210,506.0,0.0006338663905635549,-0.00021615871894677032,1.4071240881564744e-05,0.0006339246200955471,-0.00021621694847876247
316,211,466.0,0.0006225844576276092,-0.00020649785150735176,-2.712169556636293e-06,0.0006225866756956899,-0.00020650006957543242
317,211,467.0,0.0006225844576276092,-0.00020627828238278215,6.500867733502669e-07,0.0006225845850952609,-0.00020627840985043376
318,211,509.0,0.0006260493735429362,-0.00020627662043696854,9.018093230679647e-07,0.0006260496178161605,-0.00020627686471019275
319,211,511.0,0.0006260064245651818,-0.00020649455730801635,-2.438257095268258e-06,0.0006260082098738609,-0.0002064963426166955
320,212,465.0,0.0006203606040137612,-0.00020549799398191936,-5.935252759725791e-06,0.0006203712676947325,-0.0002055086576628906
321,212,466.0,0.0006203606040137612,-0.00020646266498385154,-3.580050614588465e-07,0.0006203606427667883,-0.0002064627037368786
322,212,511.0,0.0006261667649573978,-0.00020647746908271218,-1.2766802066181693e-06,0.0006261672543354915,-0.0002064779584608059
323,212,503.0,0.0006261222646131463,-0.0002055176851635935,-6.817976203118449e-06,0.0006261362382138832,-0.00020553165876433042
327,213,509.0,0.0006246113086862595,-0.0002062814999848068,2.2689856839317596e-07,0.0006246113241765124,-0.00020628151547505983
325,213,468.0,0.0006230250153517426,-0.00020556490799225103,1.0619616165868234e-06,0.0006230253556171682,-0.00020556524825767673
324,213,467.0,0.0006230250153517426,-0.00020628684324602202,-5.122352834553007e-07,0.0006230250944489356,-0.00020628692234321507
326,213,507.0,0.0006246331491527625,-0.00020556225109683328,1.8052539409001145e-06,0.0006246341305295377,-0.00020556323247360848
328,214,509.0,0.0006246397836511524,-0.00020810684668301548,2.246234099614712e-06,0.0006246412983851269,-0.00020810836141699
329,214,507.0,0.0006246634927603006,-0.00020515463886486046,3.9898704536451765e-06,0.0006246682886829331,-0.00020515943478749296
330,214,508.0,0.0006263896565783999,-0.0002051511524519741,6.985080163340526e-06,0.0006264043252764589,-0.00020516582115003305
331,214,510.0,0.0006263455166229462,-0.00020808691041652018,5.21550290732975e-06,0.0006263536662357938,-0.00020809506002936786
332,215,510.0,0.0006264771630058157,-0.00020947872178297283,1.0228661868207957e-05,0.0006265084510228504,-0.00020951000980000753
333,215,508.0,0.0006264701225837917,-0.000203487453968297,1.0114819599434631e-05,0.000626500939151944,-0.0002035182705364494
334,215,504.0,0.0006261962350377487,-0.00020348982381652796,1.6191483282951454e-05,0.0006262752224969297,-0.000203568811275709
335,215,505.0,0.0006262072854557876,-0.00020950467314487513,1.6217421380406924e-05,0.0006262859549058277,-0.00020958334259491522
339,216,507.0,0.0006233603675814608,-0.00020556896541886588,-6.308748015659837e-08,0.0006233603687818135,-0.00020556896661921853
337,216,469.0,0.0006229932586105701,-0.0002056143018230207,3.4935789489012187e-07,0.0006229932954346769,-0.0002056143386471275
336,216,468.0,0.0006229932586105701,-0.00020556880209105042,-1.9073613759593155e-08,0.0006229932587203395,-0.00020556880220081976
338,216,470.0,0.0006233645734943279,-0.0002056143018230207,3.03502078297449e-07,0.0006233646012735366,-0.0002056143296022293
340,217,507.0,0.0006233853668515706,-0.00020515681083886628,2.123671235438468e-06,0.0006233867276670578,-0.00020515817165435354
341,217,470.0,0.0006233832753141976,-0.00020473018214228755,1.9460012729019885e-06,0.000623384418549974,-0.00020473132537806405
342,217,471.0,0.000623199533709571,-0.00020473018214228755,2.375396500824134e-06,0.0006232012375066494,-0.00020473188593936607
343,217,508.0,0.0006232036803243421,-0.00020515631628267492,2.5480522225567945e-06,0.0006232056397848417,-0.00020515827574317449
344,218,508.0,0.0006232739780528728,-0.000203485722880994,5.677363940484459e-06,0.000623283724561229,-0.00020349546938935024
345,218,471.0,0.0006232435579757098,-0.00020119728542850556,4.391689893068311e-06,0.000623249406425436,-0.00020120313387823175
346,218,472.0,0.0006219048972632224,-0.00020119728542850556,6.681747052969533e-06,0.0006219184572467597,-0.00020121084541204284
347,218,504.0,0.0006219421785515072,-0.00020348661142229627,7.956202973679466e-06,0.0006219613503129909,-0.00020350578318377997
351,219,482.0,0.000627437753748755,-0.00021910288286115624,3.955358578699216e-05,0.0006278995252070491,-0.0002195646543194503
349,219,505.0,0.0006343122014638965,-0.00020747845802332845,2.150059111714203e-05,0.0006344494683854127,-0.00020761572494484463
348,219,506.0,0.0006347833489031597,-0.00021832674040962892,2.8052091835819096e-05,0.0006350138898584515,-0.0002185572813649207
350,219,483.0,0.0006270117330383638,-0.00020766230299089301,3.253845606113019e-05,0.0006273287277975297,-0.00020797929775005897
352,220,505.0,0.0006263863486346173,-0.00020746261883858747,2.069371565970382e-05,0.0006265147183902115,-0.00020759098859418165
353,220,504.0,0.0006262124856131054,-0.00019980247675635635,1.67404659417612e-05,0.0006262972947395623,-0.00019988728588281326
354,220,484.0,0.0006219786395343201,-0.0001998509389322817,2.4370782786663735e-05,0.0006221592744716814,-0.0002000315738696431
355,220,483.0,0.0006221138726932793,-0.00020759185393343538,2.8438383416810008e-05,0.0006223574844458173,-0.00020783546568597342
356,221,504.0,0.0006219539952826295,-0.0001997496816609996,8.484476921341404e-06,0.0006219758962525408,-0.00019977158263091087
357,221,472.0,0.0006218789313070707,-0.00019430409767230976,5.941718574734196e-06,0.0006218897449207551,-0.0001943149112859941
358,221,473.0,0.0006191863319692723,-0.00019430409767230976,1.1383532780987957e-05,0.0006192261537270843,-0.00019434391943012175
359,221,484.0,0.000619254765290466,-0.00019978445215587914,1.3956896229623365e-05,0.0006193142193462293,-0.00019984390621164238
363,222,481.0,0.0006412876027624909,-0.00023371932173527348,3.680578421557442e-05,0.0006416744760060582,-0.00023410619497884073
360,222,501.0,0.0006469426385370377,-0.00023000806147999126,2.2110899518511425e-05,0.0006470819890738523,-0.0002301474120168059
362,222,482.0,0.0006406745355662137,-0.00021861398803874965,3.170028820644478e-05,0.000640966802530354,-0.00021890625500288995
361,222,506.0,0.0006461996787597477,-0.00021771002048298768,1.8518731224399093e-05,0.000646298909043846,-0.00021780925076708593
367,223,480.0,0.0006653538730045927,-0.00020598332327592553,-4.647259002286226e-05,0.0006659730844709702,-0.00020660253474230308
364,223,514.0,0.0006452428700142302,-0.00020337413422218456,-2.5595058686862446e-05,0.0006454358186910618,-0.00020356708289901603
365,223,501.0,0.0006417205745580289,-0.0002234449084339909,-4.1014512854966635e-06,0.0006417254354223566,-0.00022344976929831856
366,223,516.0,0.000674926343183389,-0.0002528439502124161,-1.677072673551827e-05,0.0006750021254932467,-0.0002529197325222738
368,224,513.0,0.0006325779389253086,-0.0002026778464801651,-1.3652991114205745e-05,0.000632633727738764,-0.00020273363529362042
369,224,502.0,0.0006319186786974918,-0.00021645635049029587,-1.6292972974075656e-06,0.0006319194609598005,-0.0002164571327526045
370,224,501.0,0.0006437716448473994,-0.00021731429304994783,-1.5495117666605544e-05,0.0006438413473089087,-0.000217383995511457
371,224,514.0,0.0006460395826097635,-0.00020351659488508764,-2.951105788689609e-05,0.00064629578696622,-0.0002037727992415441
375,225,411.0,0.0006339341727548357,-0.00019491469892157537,-1.2083813433289882e-05,0.0006339782129875945,-0.00019495873915433421
374,225,514.0,0.0006333990307351204,-0.0002022956262643273,-6.07371530916747e-06,0.0006334100663239598,-0.00020230666185316675
373,225,513.0,0.0006279395447392564,-0.0002019070873837429,1.3116919570532216e-06,0.0006279400630683817,-0.00020190760571286813
372,225,410.0,0.0006282519154243199,-0.00019491469892157537,-4.108911573346384e-06,0.0006282570428945244,-0.00019491982639177993
377,226,514.0,0.0006330720169506155,-0.00020067504332062024,-3.0249339739471352e-06,0.0006330747606470768,-0.00020067778701708149
378,226,480.0,0.0006439805001716946,-0.00020386843441174763,-3.0122042485905033e-05,0.0006442479568123489,-0.00020413589105240198
379,226,412.0,0.0006443447922952856,-0.000177855684903719,-4.108536085722274e-05,0.0006448577312007798,-0.0001783686238092132
376,226,411.0,0.0006339662112688459,-0.000177855684903719,-1.4134535059186042e-05,0.000634027730286725,-0.00017791720392159812
380,227,409.0,0.0006234254158136361,-0.00020145386688069406,-2.428323486565291e-06,0.0006234272029667092,-0.0002014556540337671
381,227,515.0,0.0006233054728770554,-0.00020379153034968435,2.1842200184528024e-06,0.0006233069149112886,-0.00020379297238391753
382,227,513.0,0.000628037998371586,-0.00020384793072260234,-1.369220978203814e-07,0.00062803800400567,-0.0002038479363566863
383,227,410.0,0.0006283302139273002,-0.00020145386688069406,-4.9477558537423805e-06,0.0006283375893611528,-0.00020146124231454674
387,228,513.0,0.0006326777574878978,-0.00020420132910932236,-1.5261281407457153e-05,0.0006327473276784671,-0.0002042708992998916
385,228,503.0,0.0006246604874099891,-0.000208839217894962,-2.9368843802619893e-06,0.0006246630744724189,-0.00020884180495739184
384,228,515.0,0.0006248100150851995,-0.00020408125648987724,-1.0268509171765423e-05,0.0006248418160701465,-0.00020411305747482418
386,228,502.0,0.0006322488263935423,-0.0002090004732225783,-7.683260396999618e-06,0.0006322663691300905,-0.00020901801595912638
388,229,464.0,0.0006167658420046258,-0.00020381819834144757,-7.400412906689163e-06,0.0006167825267666281,-0.00020383488310344992
389,229,465.0,0.0006167658420046258,-0.0002053748852827563,2.24233075041963e-07,0.0006167658572941222,-0.00020537490057225281
390,229,503.0,0.000624623627737686,-0.00020540658435831086,-1.2247909405502244e-06,0.0006246240795622128,-0.0002054070361828377
391,229,515.0,0.0006247819081953935,-0.0002038433581712368,-8.913781472442463e-06,0.0006248058795865799,-0.0002038673295624232
392,230,408.0,0.0006143967296473882,-0.00020318134095508684,-4.850753260094744e-06,0.0006144039245566482,-0.00020318853586434674
393,230,464.0,0.0006143967296473882,-0.000203644138427341,3.885447993698041e-06,0.0006144013432985998,-0.0002036487520785526
394,230,515.0,0.0006232693313476157,-0.00020365136419744326,3.551825197776505e-06,0.0006232731453179631,-0.0002036551781677907
395,230,409.0,0.0006235031748148866,-0.00020318134095508684,-5.333164285471238e-06,0.0006235117761449048,-0.00020318994228510503
399,231,498.0,0.0006504622146906759,-0.0002458549649831845,3.4698031872788804e-05,0.0006507978946037473,-0.0002461906448962558
397,231,501.0,0.0006593684877790424,-0.00022635305527685438,5.6950668043042815e-06,0.0006593776423070479,-0.00022636220980485987
396,231,516.0,0.0006748420951904963,-0.00023764906337036718,2.915774948655629e-06,0.0006748444244519279,-0.00023765139263179878
398,231,481.0,0.0006458460518580476,-0.0002299906060752166,2.236018426375174e-05,0.0006459887429616845,-0.0002301332971788535
400,233,3.0,0.0005886965042440295,-0.00026388543057279194,-0.0004147295648456034,0.0006364563166928558,-0.00031164524302161817
401,233,566.0,0.0005346976506249816,-0.00023961618244194323,-0.0002868002162251934,0.0005604015690303674,-0.00026532010084732896
402,233,565.0,0.0005871525698014283,-0.00023091195658152632,-0.00022823782126533618,0.0006027737159869733,-0.0002465331027670712
403,233,4.0,0.0006924426454868703,-0.0002541065510178371,-0.0003410247186051204,0.0007222220304469072,-0.000283885935977874
404,234,566.0,0.0006234867378602914,-0.00024792848094228737,-0.0002121929707288514,0.0006362181823970711,-0.00026065992547906697
405,234,559.0,0.0006050947142409759,-0.00023971028787648276,-0.0001703220569042503,0.0006135939115633199,-0.00024820948519882675
407,234,565.0,0.000661502644249596,-0.00024143402284454674,-0.00016955265122014932,0.0006693933005783244,-0.0002493246791732751
406,234,562.0,0.000623662005225133,-0.00023436603273589512,-0.00013754481974405548,0.0006291392667571501,-0.00023984329426791223
409,235,567.0,0.0004436561420481811,-0.00017046805359141788,-0.0002127000461555617,0.0004615516711986385,-0.00018836358274187525
410,235,566.0,0.0004921102411958142,-0.00017163139996180795,-0.00020509311502778238,0.0005075923218710494,-0.00018711348063704311
411,235,3.0,0.0005362359912377199,-0.00016093748190183944,-0.0003216232656282833,0.0005715412891785813,-0.00019624277984270092
408,235,2.0,0.00045841337143424313,-0.00015868614770079195,-0.00033786253449550815,0.0005016316137985456,-0.00020190439006509447
412,236,567.0,0.00042889573496303,-0.000172605675244862,-0.0002248986324206899,0.00044923043179553895,-0.00019294037207737098
413,236,479.0,0.0004952680912828971,-0.00017935611907063395,-8.342069820175494e-05,0.0004978371558123959,-0.0001819251836001327
414,236,559.0,0.0005600487058604747,-0.0001794661148499268,-8.408954786938861e-05,0.0005624314646993612,-0.00018184887368881324
415,236,566.0,0.0006020539517515404,-0.0001746446470035821,-0.00018931410061536272,0.0006134234729216156,-0.00018601416817365732
419,238,5.0,0.0008170311932235719,-0.0003153199382095979,-0.00019256565047278372,0.0008251596877834196,-0.0003234484327694457
417,238,565.0,0.0006410228905386721,-0.00030185729298747813,-0.00023859618179316233,0.0006558829063358829,-0.0003167173087846889
416,238,4.0,0.0007257286470476907,-0.0003480111391311112,-0.00030729845599332395,0.0007472827571760912,-0.00036956524925951166
418,238,564.0,0.0006879524116509784,-0.00027393888816579215,-0.00015416998289595474,0.0006940907525207072,-0.0002800772290355209
420,239,564.0,0.0007447659276710455,-0.0002791206183124309,-8.057559912387035e-05,0.0007463487217441021,-0.0002807034123854874
421,239,565.0,0.0007071930384083035,-0.00030727821955414203,-0.00015243068305965252,0.0007128869967901854,-0.0003129721779360239
422,239,562.0,0.0006652603710706317,-0.0002835738433438358,-0.00013240701704330597,0.0006698573514970045,-0.0002881708237702086
423,239,563.0,0.0006857198982403861,-0.0002604875268849354,-7.918483583314526e-05,0.0006873736841936027,-0.000262141312838152
426,240,564.0,0.0006967247055700773,-0.00030936837429360216,-0.00011235039583520987,0.0006998515294163785,-0.00031249519813990334
427,240,561.0,0.0007358672140791028,-0.0002604007998314559,-1.3915319765051004e-05,0.0007359158020790901,-0.0002604493878314431
424,240,6.0,0.0008671134745713224,-0.0003000098264701748,1.7713772296808683e-05,0.0008671806824792383,-0.0003000770343780907
425,240,5.0,0.0007960737468604533,-0.00035917734891164786,-0.00011744024313877638,0.0007990507534363891,-0.00036215435548758365
428,241,561.0,0.0007784958684373018,-0.00025486468056419706,6.719722532932699e-05,0.0007795871389553569,-0.0002559559510822521
429,241,564.0,0.00074303346805135,-0.0003090779705530205,-2.7359920488845973e-05,0.0007432113101293076,-0.000309255812630978
430,241,563.0,0.0006782931614517235,-0.00027808470391939256,-4.424893789432057e-05,0.0006788047065903963,-0.00027859624905806545
431,241,560.0,0.0007023508888834087,-0.00023775116361953797,2.415884036665976e-05,0.0007025060723655253,-0.00023790634710165452
432,242,563.0,0.0007079300100493683,-0.0002582392087053224,-3.253053091948309e-05,0.0007082037549783679,-0.0002585129536343221
433,242,562.0,0.0006935303979700358,-0.00026756807950097713,-6.661548510742896e-05,0.0006946833250624393,-0.00026872100659338066
434,242,569.0,0.000666139955733551,-0.00026410239555678405,-6.42933504601045e-05,0.0006672495349318293,-0.0002652119747550623
435,242,568.0,0.0006712056598439028,-0.0002533603797408772,-2.8682090535726845e-05,0.0006714280518768732,-0.0002535827717738475
439,243,556.0,0.0006653954890008355,-0.00024084519505771385,-1.9059050497538532e-07,0.0006653954990215565,-0.00024084520507843487
436,243,568.0,0.0006761846197706253,-0.00024135681785385395,6.5346625038043005e-06,0.0006761962544692946,-0.00024136845255252334
437,243,569.0,0.0006736453772204463,-0.00024018833072190723,-1.033987008795291e-05,0.0006736746247440484,-0.00024021757824550918
438,243,555.0,0.000666089711595954,-0.00024033131861945703,-7.735779174409055e-06,0.0006661062163955467,-0.00024034782341904984
440,244,560.0,0.0007192075772659949,-0.00023574538231502026,5.9021601228179035e-05,0.0007201186768564945,-0.0002366564819055199
441,244,563.0,0.0007004220275341486,-0.0002719629336113219,3.2542148022604578e-06,0.0007004247501915196,-0.0002719656562686929
442,244,568.0,0.0006442537440628955,-0.0002492896089408016,-2.7023149029626898e-05,0.0006444580105044472,-0.0002494938753823533
443,244,556.0,0.0006812802859468507,-0.00022470488217145768,3.412807485573752e-05,0.0006816015695179838,-0.00022502616574259074
447,245,569.0,0.0006451343719918031,-0.0002500736797816308,-9.089609980121593e-05,0.0006474357686438292,-0.00025237507643365687
446,245,583.0,0.0006450282668637192,-0.00023348910846114818,-8.531267021532913e-05,0.0006470945814521674,-0.00023555542304959636
444,245,562.0,0.0006454501860276626,-0.00024305929205149882,-0.00010853164956557346,0.0006487522064035576,-0.0002463613124273938
445,245,559.0,0.0006453007298172029,-0.00022993793232250234,-0.00010048232816995024,0.0006481752732730224,-0.00023281247577832195
451,246,571.0,0.0007312380420266065,-0.00019867687958402395,9.316051054078511e-05,0.000733565462786682,-0.00020100430034409938
448,246,7.0,0.000833701489999103,-0.00023816648600175896,0.00014507741456326606,0.000838588270412882,-0.00024305326641553798
449,246,6.0,0.0007984037335727959,-0.00029924722345364045,4.635231500309256e-05,0.0007988928644973747,-0.00029973635437821925
450,246,561.0,0.0007179568883120269,-0.000266403218457648,7.582203749974259e-06,0.0007179714889039753,-0.0002664178190495964
455,247,570.0,0.0007125851841271787,-0.00016792791416266203,0.00013190936217464568,0.0007174980959994356,-0.00017284082603491897
452,247,8.0,0.0007606951852972103,-0.00017785918535161643,0.00013829816326349086,0.0007657624656899776,-0.0001829264657443838
453,247,7.0,0.0007478868294388957,-0.00020001214712652912,8.941597609714302e-05,0.0007499908272675615,-0.0002021161449551949
454,247,571.0,0.0006588721670686484,-0.00018049570540088796,7.976674186077918e-05,0.0006607630042849016,-0.00018238654261714117
456,248,571.0,0.0007435358326496888,-0.00015779572416097518,0.00016844742226219608,0.0007513384581092017,-0.00016559834962048798
457,248,561.0,0.0007328953414060119,-0.00025811322932510787,9.154039378257359e-05,0.0007350047694156979,-0.00026022265733479386
458,248,560.0,0.0006978969446686835,-0.00024201413089346212,4.118741271403291e-05,0.0006983479419534156,-0.00024246512817819427
459,248,570.0,0.0006935637752886765,-0.00019579494027442733,6.0846067801365034e-05,0.0006946032663667342,-0.00019683443135248504
460,249,9.0,0.0007200221656691874,-0.0001440491329576354,3.40860561611569e-05,0.0007203581933696808,-0.00014438516065812875
461,249,8.0,0.0007147564740744225,-0.00011025246975088264,-1.5785450732747064e-05,0.0007148319755749804,-0.00011032797125144046
462,249,570.0,0.0006255264351764725,-0.00013251045880243055,7.593058295814908e-05,0.0006274231316447034,-0.00013440715527066142
463,249,546.0,0.0006560301614844909,-0.0001440491329576354,7.472663343160817e-05,0.0006577712215961194,-0.000145790193069264
467,250,546.0,0.0006459937371617883,-0.0001629475626250854,3.7019709285035333e-05,0.0006464170503551161,-0.00016337087581841316
464,250,570.0,0.0006814027344142753,-0.0001230251293939874,0.0001251367435830021,0.0006862402097874321,-0.0001278626047671442
466,250,556.0,0.000647554799690937,-0.00021502956940987373,1.2460725370189857e-05,0.0006475997986448624,-0.00021507456836379913
465,250,560.0,0.0006913112342791829,-0.00024015355639226104,8.201604608678095e-05,0.0006931131393098366,-0.00024195546142291482
468,251,478.0,0.0005989121633542555,-0.0001919833680973361,-2.444351934898295e-05,0.000599100981916446,-0.0001921721866595266
469,251,477.0,0.0005989121633542555,-0.00019391114099786901,-1.5262989243139055e-05,0.000598985615174692,-0.00019398459281830553
470,251,558.0,0.0006069616458326699,-0.00019401711644152802,-1.6448577990256855e-05,0.0006070460822786126,-0.00019410155288747066
471,251,572.0,0.0006074089231726471,-0.00019216492134695818,-2.536310943762176e-05,0.0006076100070330926,-0.00019236600520740373
472,252,479.0,0.0005648982141178739,-0.0001786933915405802,-6.266478195262899e-05,0.0005662161174503505,-0.00018001129487305674
473,252,478.0,0.0005648982141178739,-0.00019195648806849246,-2.7640502998414404e-05,0.000565150489367203,-0.00019220876331782152
474,252,572.0,0.0005945533935449911,-0.00019309920551003717,-3.5852803063188277e-05,0.0005949611743192784,-0.00019350698628432445
475,252,559.0,0.0005987034044286537,-0.0001791589312504148,-7.42368649705033e-05,0.0006004706258194645,-0.00018092615264122554
479,253,583.0,0.0006781469171070718,-0.00023275696113018036,-9.621286093475061e-05,0.0006806804553774445,-0.0002352904994005531
478,253,554.0,0.0006310322465428566,-0.00020915126229760326,-5.3130213407845406e-05,0.0006318713498962729,-0.00020999036565101954
476,253,559.0,0.0006030484490282392,-0.00022595197339826166,-0.00010750427686589265,0.0006065191907315088,-0.00022942271510153133
477,253,572.0,0.0005988669833997583,-0.00021165523221549682,-7.202445914079696e-05,0.0006004638928169319,-0.00021325214163267045
483,254,554.0,0.000630435530741864,-0.0002087707638596571,-5.1366764199243554e-05,0.0006312208197006882,-0.00020955605281848126
480,254,572.0,0.0006093085957962494,-0.00021004028657321992,-6.1919503383614e-05,0.0006104767692279187,-0.00021120846000488916
482,254,553.0,0.0006291218553426585,-0.00020213583321909348,-2.9457237472933773e-05,0.0006293827421301763,-0.00020239672000661125
481,254,558.0,0.0006080243103469812,-0.00020250486708203746,-3.697463824149389e-05,0.0006084457675278326,-0.0002029263242628889
484,255,558.0,0.0006150656659114325,-0.0002022524831307252,-3.226776250348992e-05,0.0006153840251353832,-0.00020257084235467593
485,255,557.0,0.0006148811847428446,-0.0001951309685999994,-2.4481570834736927e-05,0.0006150661234807129,-0.0001953159073378678
486,255,552.0,0.0006221913746269573,-0.00019499562846329461,-1.7783246525745512e-05,0.000622288110877103,-0.00019509236471344034
487,255,553.0,0.0006224391290881592,-0.00020186423494825202,-2.523038823487242e-05,0.0006226321476701393,-0.00020205725353023197
488,256,477.0,0.000611032936455101,-0.0001939134429866637,-1.45397648000185e-05,0.0006110985891261192,-0.0001939790956576819
489,256,476.0,0.000611032936455101,-0.00019089094104233722,-1.0809080364064007e-05,0.0006110693585256136,-0.00019092736311284987
490,256,557.0,0.00061449446407294,-0.000190817028161395,-7.913411240651792e-06,0.0006145139039314405,-0.00019083646801989546
491,256,558.0,0.0006145779797077193,-0.0001937333699102921,-1.1445399625762721e-05,0.0006146184933684604,-0.0001937738835710332
495,257,552.0,0.0006191803599272542,-0.00019478167922847082,-7.4954836015266035e-06,0.0006191976153644606,-0.00019479893466567723
494,257,532.0,0.0006191166316861342,-0.00018588883812084054,-4.445922075009719e-06,0.0006191227701762172,-0.00018589497661092362
492,257,557.0,0.0006160376316708006,-0.000194960801984654,-1.622568790483718e-05,0.0006161187805967627,-0.00019504195091061616
493,257,531.0,0.0006159870500934287,-0.00018588883812084054,-1.3074913302997537e-05,0.0006160403444994641,-0.000185942132526876
497,258,475.0,0.0006144313030294517,-0.00017956029310833553,-9.303458832180152e-06,0.0006144585550104491,-0.00017958754508933287
498,258,531.0,0.000615760480425321,-0.00017956029310833553,1.5657426529662802e-06,0.0006157612510413295,-0.000179561063724344
499,258,557.0,0.0006157812331970261,-0.0001905991980941109,3.8551598602158677e-07,0.0006157812792740888,-0.00019059924417117366
496,258,476.0,0.0006144313030294517,-0.0001908901359614862,-1.0688967329720682e-05,0.00061446676992051,-0.00019092560285254446
500,259,577.0,0.0006266310186725261,-0.00020993698330986146,-1.6059855161522016e-05,0.0006267080880764555,-0.00021001405271379092
501,259,575.0,0.0006266316204497331,-0.0002036126112403546,-1.618650780730018e-05,0.0006267105063164083,-0.0002036914971070298
502,259,576.0,0.0006265830841160952,-0.0002036931844785709,-9.925299053060131e-06,0.0006266127453402762,-0.00020372284570275185
503,259,578.0,0.0006265827456852962,-0.00021016966156970057,-9.831435600126358e-06,0.0006266116233405756,-0.00021019853922497997
504,260,574.0,0.0006353161526448398,-0.00021568656138627133,-1.1273521097417832e-05,0.0006353534870447216,-0.000215723895786153
505,260,577.0,0.0006353446843108713,-0.00020996073029574676,-1.5749986150523018e-05,0.0006354180425710097,-0.00021003408855588512
506,260,578.0,0.0006308853717930281,-0.00021017564182344958,-9.832182244765703e-06,0.000630914105887088,-0.00021020437591750955
507,260,573.0,0.0006309051333278403,-0.0002160559571298742,-5.2982176000377496e-06,0.0006309134190789329,-0.00021606424288096683
511,261,549.0,0.0006258229226660944,-0.00021009714914618815,2.5627043644853645e-06,0.0006258248868007197,-0.00021009911328081354
509,261,578.0,0.0006309076982822185,-0.00020807532818330188,-4.671832697569246e-06,0.0006309142019452472,-0.00020808183184633052
508,261,573.0,0.0006309297318605068,-0.00021001761998079202,4.0341398583297605e-07,0.0006309297802413103,-0.00021001766836159557
510,261,548.0,0.0006258209105853112,-0.00020812599765894849,-2.5957278582617108e-06,0.0006258229304341553,-0.0002081280175077927
514,262,547.0,0.0006245731769622918,-0.00020524958870488076,-3.870056710359934e-06,0.0006245776891479421,-0.00020525410089053105
515,262,548.0,0.0006245708285296464,-0.00020814457771181204,-1.8504775172612647e-06,0.0006245718565707962,-0.00020814560575296175
512,262,578.0,0.0006265483424142291,-0.00020807054962157187,-4.741465079644881e-06,0.0006265550764187936,-0.00020807728362613634
513,262,576.0,0.0006265617713973265,-0.00020520982563639436,-6.753090598995287e-06,0.0006265754781292296,-0.00020522353236829738
516,263,553.0,0.0006225587861972423,-0.00020818181813821895,-2.87301819740576e-05,0.0006228071118146213,-0.00020843014375559793
517,263,552.0,0.0006224195057652707,-0.00020010668493539017,-2.4679743328879025e-05,0.0006226045918786938,-0.00020029177104881316
518,263,575.0,0.0006266387648309318,-0.00020017005633086034,-1.68108608763649e-05,0.0006267242065421919,-0.00020025549804212052
519,263,577.0,0.0006266927969433445,-0.00020841572623228285,-2.111202003382811e-05,0.0006268262066095691,-0.00020854913589850744
520,264,554.0,0.0006297183562605276,-0.000220527998626303,-3.849972643024148e-05,0.000630153956465261,-0.0002209635988310364
521,264,553.0,0.0006293753191797986,-0.00020804661462036717,-3.341173508274349e-05,0.0006297084547471197,-0.00020837975018768827
522,264,577.0,0.000635376625501627,-0.00020843519131088947,-2.0729996739845755e-05,0.0006355039251955354,-0.0002085624910047978
523,264,574.0,0.0006354180066313157,-0.00022223659296944032,-2.7080409270426216e-05,0.0006356317190845995,-0.00022245030542272404
527,265,575.0,0.000622074703191337,-0.00020023442129013584,-8.747643353430347e-06,0.0006220979666749838,-0.0002002576847737827
526,265,533.0,0.00062203218530956,-0.0001943355518795364,-5.950316604289019e-06,0.000622043027787723,-0.00019434639435769938
525,265,532.0,0.0006192616153602969,-0.0001943355518795364,-1.1616622034086449e-05,0.0006193030790710739,-0.00019437701559031338
524,265,552.0,0.0006193181691767418,-0.00020018921372788563,-1.436313833885327e-05,0.0006193810984153576,-0.0002002521429665014
529,266,533.0,0.0006220469494216847,-0.00020123032838005074,-6.850231429973361e-06,0.0006220611988306405,-0.00020124457778900653
530,266,534.0,0.0006233031089674813,-0.00020123032838005074,-4.407901962161752e-06,0.0006233090000144693,-0.00020123621942703875
531,266,576.0,0.0006233126169979388,-0.00020374722888026977,-5.683929211366956e-06,0.0006233223825155067,-0.00020375699439783765
528,266,575.0,0.0006220657955975737,-0.0002037160299531983,-8.092056187109994e-06,0.0006220856191754887,-0.00020373585353111327
532,267,576.0,0.0006232893670681163,-0.0002052683174184716,-2.507290802253488e-06,0.0006232912638861934,-0.00020527021423654866
533,267,534.0,0.0006232886374537665,-0.00020476467719931894,-2.4116533473318713e-06,0.0006232903933973246,-0.00020476643314287698
534,267,535.0,0.0006233872166366951,-0.00020476467719931894,-1.911853389329095e-06,0.000623388320050978,-0.00020476578061360184
535,267,547.0,0.0006233875794318094,-0.0002052752516617305,-2.0107183220704344e-06,0.0006233887991625817,-0.00020527647139250278
536,268,580.0,0.0006414306010450498,-0.0002034553464405161,2.398268739259952e-05,0.0006416007581776437,-0.00020362550357311
537,268,582.0,0.0006415546565591247,-0.00021477826882344289,1.4083627051152126e-05,0.000641612559021548,-0.00021483617128586623
538,268,581.0,0.0006313850395005911,-0.00021413967436172251,3.1795442763486725e-06,0.0006313880286107556,-0.00021414266347188698
539,268,579.0,0.000631406255336862,-0.00020327615393735555,1.2835146534645632e-05,0.0006314555948362904,-0.00020332549343678391
543,269,581.0,0.0006333136387886174,-0.00021430113104759028,5.972213974439651e-06,0.0006333241585725931,-0.00021431165083156596
542,269,573.0,0.0006331585788753123,-0.00021619743858763735,-3.2656536471517214e-06,0.0006331617178577033,-0.00021620057757002842
540,269,582.0,0.0006429629392091553,-0.00021441179056123265,7.4226366892646625e-06,0.0006429790040933844,-0.00021442785544546175
541,269,574.0,0.0006423083192712816,-0.00021631981983627404,-1.9750391711745308e-06,0.0006423094550291231,-0.0002163209555941156
544,270,555.0,0.0006527970788606499,-0.0002261832378659732,-1.416349997671127e-05,0.0006528541312507525,-0.00022624029025607577
545,270,554.0,0.0006501002039137993,-0.00022312119629207505,-2.2808935834098612e-05,0.0006502491234334274,-0.00022327011581170316
546,270,574.0,0.0006411635418694314,-0.0002235234879514902,-1.86826649781458e-05,0.000641264445789649,-0.00022362439187170784
547,270,582.0,0.0006418204312509911,-0.00022651519637471396,-9.599149334873353e-06,0.0006418469592575824,-0.00022654172438130534
548,271,556.0,0.0006616570719224302,-0.00020799596739310095,3.7142739128939034e-05,0.0006620534813081439,-0.00020839237677881453
549,271,555.0,0.0006636086080326837,-0.00022930443754836966,1.8039144834985227e-05,0.0006636997080426848,-0.00022939553755837078
550,271,582.0,0.0006417553244073308,-0.00022722852023084836,-2.001225610359994e-06,0.00064175647658601,-0.00022722967240952757
551,271,580.0,0.0006415193236522475,-0.00020792045688332122,1.6858138004440144e-05,0.0006416029578440925,-0.00020800409107516626
552,272,579.0,0.0006314091817009185,-0.00020415625738766667,1.4161733521728549e-05,0.0006314691830743297,-0.0002042162587610779
553,272,581.0,0.0006313937892098364,-0.00020849020453069173,7.1642258567261585e-06,0.0006314090666763987,-0.000208505481997254
554,272,550.0,0.0006243673737407855,-0.00020835348621993214,3.0268709110079645e-06,0.0006243701243375608,-0.0002083562368167075
555,272,551.0,0.0006243679871686721,-0.0002040827367757453,9.913313990294118e-06,0.0006243976420032306,-0.0002041123916103037
559,273,550.0,0.0006258184819308288,-0.00020853552659279024,8.783749165210825e-06,0.0006258415992500265,-0.00020855864391198793
557,273,573.0,0.0006332550415635105,-0.00021010954531809102,2.5638900287986224e-06,0.0006332569901623116,-0.0002101114939168921
556,273,581.0,0.0006333813033744772,-0.0002085838191455973,1.0085768692227014e-05,0.0006334115062529982,-0.00020861402202411835
558,273,549.0,0.0006257711347137044,-0.00021004745781520197,1.3457094790655932e-06,0.0006257716763781411,-0.0002100479994796387
560,274,544.0,0.0006280452998336564,-0.00020143683377905192,4.590342124939986e-06,0.0006280516505067589,-0.00020144318445215444
561,274,579.0,0.0006280886574941821,-0.00020391374088384625,-1.8730994860802902e-07,0.0006280886680365244,-0.00020391375142618854
562,274,551.0,0.0006232250653218042,-0.00020387148832913527,-2.615137023793436e-06,0.0006232271324699898,-0.00020387355547732086
563,274,543.0,0.0006232154374715636,-0.00020143683377905192,2.098038602404116e-06,0.0006232167719003308,-0.000201438168207819
564,275,545.0,0.000633092423128704,-0.000194906482413093,1.1684312475144804e-05,0.0006331336418915422,-0.00019494770117593118
565,275,580.0,0.0006332089120360236,-0.0002031829123832706,6.923363877333472e-06,0.0006332232390968938,-0.0002031972394441408
566,275,579.0,0.0006281006895395361,-0.0002030476988700465,-1.5271724103432457e-06,0.0006281013910549438,-0.00020304840038545423
567,275,544.0,0.0006280566587722114,-0.000194906482413093,3.2738331849227822e-06,0.000628059914671772,-0.00019490973831265358
568,276,546.0,0.0006457561839655086,-0.00017784276546045652,4.205173125059001e-05,0.0006462926092165981,-0.0001783791907115461
569,276,556.0,0.0006464648173109527,-0.00020797398265505354,3.127151796585188e-05,0.0006467508473294986,-0.00020826001267359952
570,276,580.0,0.000633380039153955,-0.00020785690518296664,-2.4660681746538696e-07,0.0006333800572270204,-0.00020785692325603198
571,276,545.0,0.000633087583127633,-0.00017784276546045652,1.1489092309530623e-05,0.0006331282748525946,-0.0001778834571854181
575,277,542.0,0.0006143300324217065,-0.00020316818304372394,4.677436382384895e-06,0.0006143367230271539,-0.00020317487364917132
573,277,551.0,0.0006232274186723213,-0.000203619217827249,-3.7689150847045397e-06,0.0006232317134975364,-0.00020362351265246404
572,277,543.0,0.0006232092626545656,-0.00020316818304372394,5.127550783754712e-06,0.0006232172165030528,-0.00020317613689221112
574,277,541.0,0.0006143300324217065,-0.00020361332627221915,-4.103729473191146e-06,0.000614335179627022,-0.00020361847347753455
576,278,551.0,0.0006243678848200981,-0.00020378312672221597,8.764422104829035e-06,0.0006243910729050644,-0.00020380631480718234
577,278,550.0,0.0006243671903279875,-0.00020528807435049438,9.682352820261295e-07,0.000624367472818584,-0.00020528835684109083
578,278,540.0,0.0006165868297665833,-0.00020525017102774766,-3.373332376826674e-07,0.0006165868643822395,-0.00020525020564340392
579,278,541.0,0.0006165868297665833,-0.00020376350645091314,7.364008162550652e-06,0.0006166033554877983,-0.00020378003217212827
580,279,550.0,0.0006258054176716196,-0.0002054349991774285,6.753832656350087e-06,0.0006258191361764697,-0.00020544871768227863
581,279,549.0,0.0006257703171285512,-0.00020638335333410772,1.24079115149979e-06,0.0006257707796518448,-0.00020638381585740136
582,279,539.0,0.000620273042614917,-0.00020635698017085614,4.472575701863074e-07,0.0006202731031133607,-0.0002063570406692998
583,279,540.0,0.000620273042614917,-0.00020541095564471814,5.940726517889537e-06,0.0006202837282328123,-0.00020542164126261344
587,280,539.0,0.0006225136320793054,-0.0002064221369575119,2.7236782844048193e-06,0.0006225158694068679,-0.00020642437428507437
585,280,548.0,0.0006258215884979495,-0.00020622266900339743,-8.567414715677721e-07,0.0006258218090408317,-0.00020622288954627962
584,280,549.0,0.0006258228728921976,-0.00020641670526760914,2.4365138768696337e-06,0.0006258246562089573,-0.00020641848858436886
586,280,538.0,0.0006225136320793054,-0.0002062271010505063,-5.86619435517105e-07,0.0006225137358881039,-0.00020622720485930477
588,281,548.0,0.0006245688086409917,-0.0002062388077540341,-1.1855603230994521e-07,0.0006245688128704704,-0.00020623881198351284
589,281,547.0,0.0006245706798929202,-0.00020555462855200292,-1.7258846809423828e-06,0.0006245715769486668,-0.00020555552560774944
590,281,537.0,0.0006229564442228877,-0.00020556250426917227,-1.0199314834360637e-06,0.0006229567581142715,-0.00020556281816055602
591,281,538.0,0.0006229564442228877,-0.00020625442271255193,6.047728806140781e-07,0.0006229565544934483,-0.0002062545329831125
595,282,537.0,0.0006229708260404327,-0.00020557511771708125,8.091360984008311e-08,0.0006229708280158851,-0.00020557511969253366
592,282,547.0,0.0006233798664986873,-0.0002055757487874185,1.313127672231476e-07,0.0006233798716989183,-0.0002055757539876495
594,282,536.0,0.0006229708260404327,-0.00020563083401594598,-3.3281291955851444e-07,0.000622970859459517,-0.00020563086743503027
593,282,535.0,0.0006233813400986655,-0.00020563083401594598,-2.775292422228792e-07,0.000623381363325851,-0.00020563085724313146
599,283,555.0,0.0006464502429459158,-0.00023053652197281593,-3.778658861978458e-05,0.0006468570803891331,-0.00023094335941603329
596,283,569.0,0.0006612385983999786,-0.00023136789607686598,-3.885891390088478e-05,0.0006616613211845105,-0.00023179061886139792
598,283,554.0,0.0006430594097896272,-0.00023297192199140502,-5.043843679127576e-05,0.0006437848207793129,-0.00023369733298109067
597,283,583.0,0.0006535892637766641,-0.00023575872933866615,-6.198191521520138e-05,0.0006546678921893995,-0.00023683735775140147
600,285,12.0,0.0007902828627255453,-0.0003248809712134242,-2.3372330891023585e-05,0.00079040531241835,-0.00032500342090622885
601,285,11.0,0.0008386364167157177,-0.0002476437495475037,-0.0001551775098138676,0.0008441502908214727,-0.0002531576236532587
602,285,627.0,0.0007186324435405587,-0.00020744252975546092,-9.997927738869192e-05,0.0007213230728766466,-0.0002101331590915488
603,285,626.0,0.0006755927217893011,-0.000246494316851962,-1.74825153661073e-05,0.0006756755802583543,-0.00024657717532101524
604,286,626.0,0.0007024876849473691,-0.0002761693251880815,-1.820678778074146e-05,0.0007025723567068907,-0.0002762539969476031
605,286,627.0,0.0007421637713152813,-0.00023717680626880722,-9.706905847693594e-05,0.0007445631851610683,-0.00023957622011459427
606,286,620.0,0.0006919570053373048,-0.00021831229935436141,-7.111665196954647e-05,0.0006933439256611559,-0.00021969921967821254
607,286,623.0,0.0006593077641937079,-0.000237356576178001,-2.0341281801101443e-05,0.0006594231124087092,-0.00023747192439300236
611,287,627.0,0.0006648860737288147,-0.00018219297420956907,-5.6815315958825066e-05,0.0006658376844090109,-0.0001831445848897653
610,287,628.0,0.000674848090344007,-0.00014106973035619866,-0.00010668775227143032,0.0006783208774300956,-0.0001445425174422872
608,287,11.0,0.0007564606830682413,-0.00021964272585302063,-0.00011617699789710084,0.0007599054078286402,-0.00022308745061341948
609,287,10.0,0.0007757394028786307,-0.0001535942670480092,-0.00019969086065412672,0.0007863455184101035,-0.00016420038257948196
613,288,628.0,0.000685691124712437,-0.00011167773716340185,-0.00015709505011046558,0.0006933550531468609,-0.00011934166559782574
614,288,546.0,0.0006435870516069368,-0.0001526836512293593,-4.8443956497020053e-05,0.0006443231861076541,-0.00015341978573007656
615,288,620.0,0.0006429009825939689,-0.0001927061615302764,-2.812290987512251e-05,0.0006431375393984784,-0.00019294271833478584
612,288,627.0,0.0006729735881763291,-0.00021865768109102942,-7.968775751693302e-05,0.000674750530288902,-0.0002204346232036022
616,290,625.0,0.0006717942650680906,-0.0002964931833683003,0.00010848700272613658,0.0006748235113028845,-0.0002995224296030942
617,290,13.0,0.0007729971587590282,-0.00038770965869127554,0.0001793730081101827,0.0007798862451145091,-0.0003945987450467565
618,290,12.0,0.0008529478639244803,-0.00032318862472495105,2.8961586196767433e-05,0.000853126126900838,-0.0003233668877013088
619,290,626.0,0.0007400724588838264,-0.0002633293631624803,1.3188198066749549e-05,0.0007401157917374952,-0.00026337269601614907
620,291,624.0,0.0006586940842823272,-0.00027246818966667196,6.948725145301295e-05,0.0006599886423649717,-0.00027376274774931644
621,291,625.0,0.0007012985094700218,-0.0003187785658070256,0.000117189345516815,0.0007046532378100349,-0.00032213329414703876
622,291,626.0,0.0007656806556230276,-0.00028930978270314553,2.978422083613208e-05,0.0007658908288832293,-0.00028951995596334724
623,291,623.0,0.000711480775436606,-0.00025642158317981873,1.083777772820961e-05,0.0007115111126249754,-0.0002564519203681881
627,292,625.0,0.0006938520165529615,-0.0002633290166310342,0.00016287982804620918,0.0007007317278512906,-0.00027020872792936335
625,292,14.0,0.000676663299327246,-0.0003643245254183737,0.0003847199136301424,0.0007110714195719516,-0.0003987326456630793
624,292,622.0,0.000603913939990269,-0.0002865301793910809,0.000254477638073485,0.0006217387456437747,-0.00030435498504458665
626,292,13.0,0.0007853354813132964,-0.0003222167416346852,0.00024426057408926186,0.0007986429515561966,-0.0003355242118775855
628,293,621.0,0.0006023400450251362,-0.0002551572216388727,0.00016944728199446433,0.000610630867495339,-0.00026344804410907555
629,293,622.0,0.0006310764306339169,-0.0002998802012954926,0.00026410554917800574,0.0006494451957909149,-0.00031824896645249055
630,293,625.0,0.0007221093849516837,-0.0002790517209370028,0.00017625652009097426,0.0007298077713749965,-0.00028675010736031563
631,293,624.0,0.0006700666362788213,-0.0002410271600009927,0.00010734827741184887,0.0006732177756000676,-0.00024417829932223904
632,294,629.0,0.0006527966908999837,-0.0002479924489761712,6.456964476299603e-05,0.0006539523157198209,-0.00024914807379600835
633,294,624.0,0.000668053120874213,-0.00028283295609227534,8.618522642895969e-05,0.0006700020137805059,-0.0002847818489985681
634,294,623.0,0.000697225134295828,-0.0002691719985991613,4.3941689058960096e-05,0.000697724379117159,-0.0002696712434204923
635,294,630.0,0.000686387704905964,-0.00024318659947529617,2.729989013584757e-05,0.0006865880986150422,-0.00024338699318437432
636,295,618.0,0.0006433867046865675,-0.00022885915887107579,7.12868929869429e-05,0.0006448408140116955,-0.00023031326819620385
637,295,629.0,0.0006324412633492722,-0.0002534295808996601,0.0001041065225701552,0.0006354893949383836,-0.00025647771248877156
638,295,630.0,0.0006574393819878468,-0.0002476468851086722,6.155802586905144e-05,0.0006584848675195875,-0.0002486923706404129
639,295,617.0,0.0006543803594884915,-0.00023044013351192823,5.52302893893292e-05,0.0006552413870687071,-0.0002313011610921439
643,296,629.0,0.0006458935499093019,-0.00021856037403506303,6.053815972718174e-05,0.0006469521333358679,-0.000219618957461629
642,296,624.0,0.000676883786625667,-0.00024959200317779123,0.00012116128829063513,0.0006808282562434551,-0.0002535364727955793
640,296,618.0,0.0006122907804319306,-0.0002390166501605145,0.00012325905090472544,0.0006167292456656046,-0.00024345511539418851
641,296,621.0,0.0006273810999103495,-0.000259970568739961,0.0001666523712803101,0.0006351379839136958,-0.0002677274527433072
644,297,630.0,0.0006695303182234994,-0.00023521236637788576,-1.1584232962559213e-05,0.0006695673975379035,-0.00023524944569228986
645,297,623.0,0.0006711145135495562,-0.0002470877177501151,-1.2387278082058237e-05,0.0006711562902061291,-0.000247129494406688
646,297,620.0,0.000674077964894694,-0.00024146781232338088,-2.315811622254733e-05,0.0006742243837320739,-0.0002416142311607607
647,297,650.0,0.0006732759338611547,-0.0002312225637239937,-2.4161152927830963e-05,0.0006734372545308204,-0.00023138388439365937
648,298,632.0,0.0004910071970281524,-0.00023271488569910593,0.00031103033774530775,0.0005230095596591826,-0.00026471724833013606
649,298,15.0,0.000553339373840344,-0.00026764318791310936,0.0004458770715388381,0.0006099719335100277,-0.0003242757475827931
650,298,14.0,0.0006497519662170461,-0.0002556106950746365,0.0003718663130480443,0.0006864493496672268,-0.00029230807852481715
651,298,622.0,0.0005979095065841459,-0.00022818753316634785,0.00026667326090485353,0.0006188975482927583,-0.00024917557487496016
652,299,631.0,0.00047435687556391173,-0.00017274438106033082,0.00028782226309214363,0.0005049184086696656,-0.00020330591416608466
653,299,16.0,0.00047623947432448783,-0.00015262050181314335,0.0003005194689506465,0.0005102979440294558,-0.00018667897151811136
654,299,15.0,0.000480438849972082,-0.00015797809483703034,0.0003168744946324478,0.0005175959345339541,-0.00019513517939890243
655,299,632.0,0.0004767392602313021,-0.0001952119396344342,0.00029247339158582075,0.0005071852411949185,-0.00022565792059805052
659,300,621.0,0.0006024214235774072,-0.00020565569368151057,0.00018308083699733468,0.000612661521263093,-0.00021589579136719646
656,300,631.0,0.000523670435050928,-0.00020248146453820078,0.00019029271387809021,0.0005359303009707678,-0.0002147413304580406
658,300,622.0,0.0006298520189404293,-0.00023129349390351193,0.0002780303779331972,0.0006517371294367306,-0.00025317860439981325
657,300,632.0,0.0004589251248867769,-0.00023908810206275873,0.0003520210539376886,0.0005007961416915842,-0.0002809591188675661
660,301,392.0,0.0004630828145603229,-0.00013865459112502525,0.00013927939827373904,0.00047103714202158687,-0.00014660891858628918
661,301,17.0,0.0004630828145603229,-0.00011147175803693947,3.88898830391074e-05,0.0004637401475310748,-0.00011212909100769133
662,301,16.0,0.00037959899460137357,-0.00011370854398445629,6.975582280180533e-05,0.00038205273344519013,-0.00011616228282827282
663,301,631.0,0.0004345802197968968,-0.00015161211154276824,0.0001948508511913933,0.0004503482247310055,-0.00016738011647687699
667,302,618.0,0.0005929951387920931,-0.0001826333170657384,7.674849888859641e-05,0.0005948890816840034,-0.00018452725995764886
666,302,621.0,0.0006327256055684701,-0.00020349905926975444,0.0002014013209577425,0.0006446813439728394,-0.00021545479767412376
664,302,392.0,0.0005106339099926745,-0.00018188890704686714,8.519590230618261e-05,0.0005132443238841393,-0.00018449932093833203
665,302,631.0,0.00044750153740260104,-0.0001987740809721576,0.00020124752112889426,0.0004628060200709388,-0.00021407856364049534
671,303,616.0,0.0006405295867640379,-0.00022274514875498952,-1.7534876901559217e-05,0.0006406186198921116,-0.00022283418188306329
668,303,650.0,0.0006729325791609737,-0.0002518797273237852,-3.0477969561442525e-05,0.000673183617815102,-0.00025213076597791346
669,303,620.0,0.0006635915311664839,-0.0002054406417388218,-5.9294534616643156e-05,0.000664601781282563,-0.00020645089185490086
670,303,619.0,0.0006439667278877613,-0.00020285492401169358,-3.857039376906632e-05,0.0006444056941407735,-0.00020329389026470582
672,304,620.0,0.0006434693552590173,-0.0002033889558584744,-4.336357487407395e-05,0.0006440241023235403,-0.0002039437029229973
673,304,546.0,0.0006438277251029634,-0.00017784276546045652,-5.414707495224758e-05,0.0006447188151426096,-0.00017873385550010276
674,304,545.0,0.0006336178681723174,-0.00017784276546045652,-2.7679633399867783e-05,0.0006338538436884509,-0.00017807874097659006
675,304,619.0,0.0006327382107283886,-0.00020025284074676354,-1.675453885477277e-05,0.0006328224511850901,-0.00020033708120346502
676,305,634.0,0.0006244435491423927,-0.0002047193414501762,-2.468920694525655e-06,0.0006244453870068082,-0.00020472117931459165
677,305,543.0,0.0006246524199532487,-0.00020316818304372394,-1.0434879649414211e-05,0.0006246853021948649,-0.00020320106528534014
678,305,542.0,0.0006165184720249069,-0.00020316818304372394,-8.842839405559175e-06,0.0006165423206301163,-0.00020319203164893335
679,305,598.0,0.0006165184720249069,-0.00020469549515274494,-1.039596231868986e-06,0.0006165188010377877,-0.00020469582416562574
683,306,634.0,0.0006246370665805821,-0.000204271216658677,-9.823263370349784e-06,0.0006246661690510783,-0.0002043003191291732
681,306,544.0,0.0006286212827478124,-0.00020143683377905192,-1.656126474656929e-05,0.0006287038818436175,-0.0002015194328748571
680,306,633.0,0.0006283895792769758,-0.0002043396012886817,-1.2683682461946642e-05,0.0006284378742313678,-0.00020438789624307367
682,306,543.0,0.0006247321716978975,-0.00020143683377905192,-1.3506489727570063e-05,0.0006247873701730475,-0.00020149203225420197
684,307,615.0,0.0006334638137782162,-0.00021011820752783663,-2.134338861993837e-05,0.0006335987939424738,-0.00021025318769209427
686,307,634.0,0.0006285190653750458,-0.0002045268814664992,-2.075273800273593e-05,0.0006286482927416136,-0.00020465610883306696
687,307,614.0,0.0006284196748429856,-0.0002099349201268668,-1.583283136412936e-05,0.0006284944213173197,-0.00021000966660120093
685,307,633.0,0.0006337489338790743,-0.00020466335963022057,-2.6513815499345714e-05,0.0006339584986565085,-0.0002048729244076548
688,308,614.0,0.0006282626231745051,-0.00020761548640441932,-8.283248267555807e-06,0.0006282831436656849,-0.00020763600689559903
689,308,634.0,0.000628367899551445,-0.00020488881381500526,-1.343246081848739e-05,0.0006284220303133664,-0.00020494294457692666
690,308,598.0,0.0006230360058955779,-0.00020484492856967236,-1.0659773555763818e-05,0.0006230703182158006,-0.00020487924088989515
691,308,599.0,0.0006230360058955779,-0.00020756019493979052,-5.588229590673243e-06,0.000623045405154972,-0.00020756959419918465
692,309,619.0,0.000633173704608372,-0.00020223748727243884,-2.0832348648312186e-05,0.0006333035566226374,-0.00020236733928670426
693,309,545.0,0.0006336388194811025,-0.000194906482413093,-2.614918395751724e-05,0.0006338450875131814,-0.00019511275044517193
694,309,544.0,0.0006287001260170629,-0.000194906482413093,-1.822822205488307e-05,0.0006288009713104314,-0.00019500732770646144
695,309,633.0,0.0006284286312622598,-0.0002018515763578157,-1.3462540051687073e-05,0.0006284831996092354,-0.00020190614470479124
699,310,615.0,0.0006332289539613938,-0.0002166013596693545,-1.696740576907687e-05,0.0006333136368001861,-0.0002166860425081467
698,310,633.0,0.000633776918675783,-0.00020255755053162736,-2.7113623464811946e-05,0.0006339966141266125,-0.00020277724598245686
697,310,619.0,0.000644965983972789,-0.00020341244903908807,-4.340541950259742e-05,0.0006455208068723154,-0.00020396727193861442
696,310,616.0,0.0006430809167174475,-0.00021747582191504,-3.123153262742963e-05,0.0006433641890496561,-0.00021775909424724872
700,311,639.0,0.0006348817760786433,-0.00021149858522850895,-8.729661377538853e-06,0.0006349042851551224,-0.00021152109430498808
702,311,640.0,0.000634611853629691,-0.0002123441168519251,-9.868615905546082e-06,0.000634640599597003,-0.00021237286281923712
703,311,638.0,0.000634615170445132,-0.0002115044400688716,-9.600090979736131e-06,0.0006346424002775987,-0.00021153166990133822
701,311,641.0,0.0006348721978258376,-0.00021233370612842514,-9.017188487417567e-06,0.0006348961906312522,-0.00021235769893383977
704,312,641.0,0.0006364888092879471,-0.00021242719381607653,-1.661442171538947e-05,0.0006365700931192339,-0.00021250847764736332
705,312,615.0,0.000636368431905118,-0.00021009492341482786,-2.0528811824933792e-05,0.0006364928821134105,-0.00021021937362312039
706,312,614.0,0.0006322126825932175,-0.00021001634606007224,-1.8230768637409736e-05,0.0006323113261900207,-0.00021011498965687556
707,312,640.0,0.0006322452957559363,-0.00021239671070796818,-1.4182839095272168e-05,0.0006323048294833036,-0.0002124562444353356
708,313,637.0,0.0006425999610611259,-0.00021700977594466887,-1.1513708788394184e-05,0.0006426385133073531,-0.00021704832819089602
709,313,616.0,0.0006418645205062809,-0.00021661658305467587,-1.6717125523091347e-05,0.0006419458955642162,-0.0002166979581126112
710,313,615.0,0.0006364920832069132,-0.000216592918490646,-1.6631886909107812e-05,0.0006365731400127367,-0.00021667397529646953
711,313,641.0,0.0006366593406124091,-0.00021700692124921998,-1.1107681696380118e-05,0.000636695471644047,-0.00021704305228085796
712,314,636.0,0.000632937012399014,-0.00021201294891732766,-2.871340434393993e-07,0.0006329370367927534,-0.00021201297331106703
713,314,637.0,0.0006330670988581235,-0.0002169264097503595,1.3972185733085278e-06,0.0006330676730443975,-0.0002169269839366336
714,314,641.0,0.0006350835083726487,-0.00021695819134401708,-3.535195476875178e-06,0.0006350871753156159,-0.00021696185828698418
715,314,639.0,0.0006350078250976115,-0.00021199093642535686,-5.374909181231867e-06,0.000635016352075212,-0.0002119994634029575
719,315,601.0,0.0006369982054740774,-0.00021085880871320856,-6.107519238090445e-06,0.0006370092041763154,-0.0002108698074154466
718,315,600.0,0.0006369982054740774,-0.00020982279094779242,-3.825054695721529e-06,0.0006370025248546958,-0.0002098271103284109
716,315,638.0,0.0006346460510149297,-0.00021086665046269075,-7.1924457365731345e-06,0.000634661346568671,-0.00021088194601643208
717,315,640.0,0.0006346752077874863,-0.00020983833433405757,-4.913714422929722e-06,0.0006346823552113828,-0.00020984548175795407
723,316,600.0,0.0006307892458958175,-0.00020986716816160907,-6.926997138197513e-06,0.0006308035152435834,-0.000209881437509375
720,316,640.0,0.0006322847205399852,-0.0002099016835748072,-9.246372294030537e-06,0.0006323100987769059,-0.00020992706181172788
721,316,614.0,0.0006322732595703715,-0.00020766396837050235,-1.065766597860068e-05,0.0006323070660468621,-0.00020769777484699295
722,316,599.0,0.0006307892458958175,-0.0002076180587846782,-8.363512427236658e-06,0.0006308101028825333,-0.0002076389157713941
724,317,642.0,0.0006319800697275797,-0.0002099448540690877,-4.311188474660907e-06,0.0006319855886948008,-0.00020995037303630875
725,317,639.0,0.0006320688338943211,-0.00021144599108178532,-9.456776075980958e-07,0.0006320690989477113,-0.00021144625613517558
726,317,638.0,0.0006354990160423493,-0.00021145618507328976,-2.4349525199786337e-06,0.00063550076612946,-0.00021145793516040047
727,317,643.0,0.0006354513376939219,-0.0002099466364704482,-5.837656333158034e-06,0.0006354614151445089,-0.0002099567139210352
729,318,642.0,0.0006304302617820757,-0.00020993726558616612,2.203076764020588e-06,0.0006304317056559556,-0.000209938709460046
730,318,643.0,0.0006356815514026657,-0.00020993796421015377,1.6092986371272523e-06,0.0006356823170660967,-0.00020993872987358476
731,318,604.0,0.0006356211028189913,-0.0002093351934543497,-3.6602706235545467e-06,0.0006356250667867861,-0.00020933915742214445
728,318,605.0,0.0006303104120615162,-0.0002093351934543497,-3.053591119989477e-06,0.0006303131883482721,-0.0002093379697411056
732,319,604.0,0.0006356211028189913,-0.0002109737696504516,-3.6790425527299248e-06,0.000635625099798728,-0.0002109777666301882
733,319,643.0,0.0006356918200662246,-0.00021098232943408783,2.4936718261130836e-06,0.0006356936561875042,-0.00021098416555536737
734,319,602.0,0.0006418646325080399,-0.00021098236027814214,2.507354960196986e-06,0.0006418664753987825,-0.00021098420316888476
735,319,603.0,0.0006418646325080399,-0.0002109737696504516,-3.6877003993381844e-06,0.0006418686189228856,-0.00021097775606529728
737,320,638.0,0.0006355324379841358,-0.00021081406183668543,-2.6020442848995184e-08,0.0006355324381841317,-0.00021081406203668138
736,320,643.0,0.0006354638122658567,-0.0002110091727963422,-4.956668874905412e-06,0.0006354710683614928,-0.0002110164288919782
738,320,601.0,0.0006405167805544063,-0.00021081261236791213,2.0793333496173239e-07,0.0006405167932510991,-0.0002108126250646049
739,320,602.0,0.0006405167805544063,-0.0002110084519009272,-4.738399636728232e-06,0.000640523372331272,-0.00021101504367779288
740,321,635.0,0.0006264016842164187,-0.00020836377917621079,7.230580684997696e-07,0.0006264018407911979,-0.00020836393575098997
741,321,636.0,0.0006266280953749132,-0.00021204063420035633,6.1278562253374615e-06,0.0006266392887458558,-0.00021205182757129886
742,321,639.0,0.0006321575932727563,-0.00021202477022017334,2.4436968232611784e-06,0.0006321593617418432,-0.00021202653868926022
743,321,642.0,0.0006320133427279755,-0.00020836233197417007,-2.993707097054916e-06,0.0006320160088730163,-0.00020836499811921076
746,322,642.0,0.0006304593383220155,-0.00020836486849527857,3.5174666146466343e-06,0.0006304630257802741,-0.00020836855595353718
747,322,605.0,0.0006303104120615162,-0.00020718750309334482,-3.004751927132023e-06,0.0006303131071443715,-0.00020719019817620006
744,322,606.0,0.0006237567911855479,-0.00020718750309334482,-1.8265543946485892e-06,0.0006237577949522713,-0.00020718850686006826
745,322,635.0,0.0006239393074365021,-0.00020836532516901006,4.6921656100961e-06,0.0006239459204728596,-0.0002083719382053675
748,323,646.0,0.0006055608973824139,-0.00019902444334845998,9.118365097329718e-06,0.0006055867311592375,-0.0001990502771252836
749,323,644.0,0.0006057540800080016,-0.00020121849033978673,2.055604046308744e-05,0.0006058849649635621,-0.00020134937529534718
750,323,645.0,0.0006171419586349242,-0.00020121369490402449,1.835349837982583e-05,0.0006172448504993534,-0.0002013165867684537
751,323,647.0,0.0006167827174183187,-0.000199024251768704,6.971652514256533e-06,0.0006167976115824014,-0.00019903914593278656
752,324,608.0,0.0006072334110329135,-0.00019846288105840941,2.1735893936331366e-07,0.0006072334256925652,-0.00019846289571806103
753,324,646.0,0.0006073397467124906,-0.00019902437481987477,8.350679903204117e-06,0.0006073613659733847,-0.00019904599408076884
754,324,647.0,0.0006154960863182187,-0.0001990243245903203,7.787376097729713e-06,0.0006155146990625828,-0.00019904293733468442
755,324,607.0,0.0006152906623515766,-0.00019846288105840941,-3.3838210947406255e-07,0.0006152906975288265,-0.00019846291623565934
759,325,606.0,0.0006237567911855479,-0.0002033870761611063,-1.720679977771874e-06,0.0006237576860529644,-0.00020338797102852283
758,325,635.0,0.0006239928089072267,-0.0002046459766520087,6.716249305088002e-06,0.0006240064177512463,-0.00020465958549602842
756,325,607.0,0.0006152906623515766,-0.0002033870761611063,-4.6265198007562364e-07,0.0006152907277151584,-0.00020338714152468818
757,325,647.0,0.0006155058319147544,-0.00020465401508006791,8.031471311293953e-06,0.0006155254936262271,-0.00020467367679154067
760,326,647.0,0.0006167945787185667,-0.0002046485972433329,7.173267950726515e-06,0.0006168102385942806,-0.00020466425711904672
761,326,645.0,0.000617103920060223,-0.00020905729444241111,1.6894968548310284e-05,0.0006171902864136206,-0.0002091436607958087
762,326,636.0,0.0006268770620943772,-0.0002089836882200822,1.2360495484516911e-05,0.0006269227555597643,-0.00020902938168546926
763,326,635.0,0.0006264793565610876,-0.0002046209955971352,2.7811939290484783e-06,0.0006264816833011726,-0.0002046233223372202
767,327,646.0,0.0006054819927917568,-0.00019452651572232424,4.507335385868874e-06,0.0006054883414464407,-0.00019453286437700815
764,327,395.0,0.0005999855463378266,-0.00019452872197726212,3.4146216293768576e-06,0.0005999892151161912,-0.0001945323907556268
765,327,394.0,0.0005999855463378266,-0.00019342161349089696,9.041211226819019e-06,0.0006000113026112269,-0.0001934473697642973
766,327,644.0,0.0006055773817217352,-0.00019341167474635695,1.0191992418321022e-05,0.0006056098829441538,-0.0001934441759687756
768,328,396.0,0.0006038208529166965,-0.00019484816107957594,-5.128892302500952e-08,0.0006038208537401145,-0.00019484816190299396
769,328,395.0,0.0006038208529166965,-0.00019452876902837014,3.3993812855195003e-06,0.0006038244715508227,-0.00019453238766249634
770,328,646.0,0.0006072785768591012,-0.00019452811613881823,3.7264799601374006e-06,0.0006072829066364736,-0.00019453244591619056
771,328,608.0,0.0006072334110329135,-0.00019484816107957594,2.645754948201568e-07,0.0006072334328512027,-0.0001948481828978651
773,329,649.0,0.0006021350125451391,-0.00020628502306071586,4.277857136558965e-05,0.0006027005375239652,-0.00020685054803954188
774,329,648.0,0.0006229595436992089,-0.00020634768262610455,3.7965288991702794e-05,0.0006233938244830054,-0.00020678196340990113
772,329,644.0,0.0006018054508551743,-0.00020122179357110552,2.2064634095768105e-05,0.0006019569887470167,-0.00020137333146294793
775,329,645.0,0.0006217850743694814,-0.00020121107960073493,1.7155742611358726e-05,0.0006218744695437903,-0.00020130047477504373
776,330,649.0,0.0005998160624560687,-0.0002062206330282573,4.796056934611723e-05,0.0006005288661870413,-0.00020693343675922993
778,330,617.0,0.0006409768235385704,-0.00022904145840819333,6.909492002485449e-05,0.0006423465084993874,-0.00023041114336901035
777,330,618.0,0.000599961408175416,-0.00022702529237819859,8.707180148507165e-05,0.0006022469960094783,-0.00022931088021226095
779,330,648.0,0.0006369810129328688,-0.00020646444952898745,2.868939411322831e-05,0.0006372249064135636,-0.00020670834300968234
780,331,393.0,0.0005581366209089771,-0.00019080247747586793,2.0833119396815184e-05,0.0005582814707835508,-0.0001909473273504416
781,331,392.0,0.0005581366209089771,-0.00018328962906806313,6.320312840814258e-05,0.000559481125729198,-0.00018463413388828407
782,331,618.0,0.0005999085355175081,-0.00018286938890348952,7.297994271049596e-05,0.000601605871401611,-0.0001845667247875924
783,331,649.0,0.0005997462271004595,-0.0001906290425543777,2.9189253054464313e-05,0.0006000156314618237,-0.0001908984469157419
786,332,649.0,0.0006018369189951377,-0.00019074709991037452,2.4216173750222407e-05,0.0006020218477416652,-0.00019093202865690201
787,332,644.0,0.0006016384089303241,-0.00019339819335857634,1.1648870600923338e-05,0.00060168107643262,-0.00019344086086087224
784,332,394.0,0.0005896860996098591,-0.00019342104521021542,9.011087875102118e-06,0.0005897120210363038,-0.0001934469666366602
785,332,393.0,0.0005896860996098591,-0.0001908075559649409,2.1358710690412086e-05,0.0005898321959754434,-0.00019095365233052524
789,333,648.0,0.0006223915870605375,-0.0002187835927841079,2.707144027339981e-05,0.0006226093399230788,-0.00021900134564664924
790,333,637.0,0.0006340779070534643,-0.00021812217567768384,1.6886536635187703e-05,0.0006341615514756345,-0.00021820582009985414
791,333,636.0,0.0006333283445211454,-0.00020887742472035654,5.943179279611563e-06,0.000633338829173925,-0.00020888790937313614
788,333,645.0,0.0006217138188193017,-0.00020903410032001155,1.5440330594023647e-05,0.0006217855563519113,-0.0002091058378526211
792,334,648.0,0.0006359163947348813,-0.0002180875536285659,1.6266707732693437e-05,0.0006359938480607404,-0.00021816500695442497
793,334,617.0,0.0006368870195211254,-0.00023276942324657914,2.5217427857464857e-05,0.0006370697885487581,-0.00023295219227421183
794,334,616.0,0.000645840227135569,-0.00022916220474473916,9.954594344750451e-06,0.0006458685386975659,-0.00022919051630673602
795,334,637.0,0.0006446639528553612,-0.00021720892796830207,3.216003542710292e-06,0.0006446669529041548,-0.00021721192801709568
799,335,616.0,0.0006568934638714117,-0.00022499675471579906,-7.872765761224743e-06,0.0006569110338604554,-0.0002250143247048427
797,335,630.0,0.0006468514335304276,-0.0002449640599455153,2.3952688969811585e-05,0.0006470122369371128,-0.0002451248633522005
796,335,617.0,0.000641646602422709,-0.00022872111239016175,9.587410440101965e-06,0.0006416730038072188,-0.00022874751377467147
798,335,650.0,0.0006743403166198716,-0.00023656233187603512,-9.484423564546426e-06,0.000674365004179129,-0.0002365870194352924
800,337,412.0,0.0006548503028274057,-0.00014403303853368477,-6.25490916649164e-05,0.0006560727626765245,-0.0001452554983828035
801,337,496.0,0.0006108283080940129,-0.00013580614257879608,-6.025988266165471e-05,0.0006120422084300561,-0.00013702004291483937
802,337,92.0,0.0007127371899404503,-0.00013085935679824968,-6.623055294649807e-06,0.0007127501891003251,-0.00013087235595812444
803,337,91.0,0.0007159393635760986,-0.00014403303853368477,-3.768105557943268e-05,0.0007163519294629964,-0.00014444560442058253
806,338,17.0,0.0004630828145603229,-0.00011921365085089893,-4.738662734409156e-05,0.0004640452912105357,-0.00012017612750111177
807,338,392.0,0.0004630828145603229,-0.00014032828445320896,-0.00012472328767231932,0.00046946039218830873,-0.00014670586208119475
804,338,430.0,0.0004374981380771527,-0.0001555439102599666,-0.00018743881394955517,0.000451956285265254,-0.0001700020574480679
805,338,84.0,0.0004221142175169796,-0.0001203204402206998,-6.26258105592848e-05,0.0004239158211707769,-0.0001221220438744971
808,339,1.0,0.0004674219028174805,-0.0001207520936752961,-4.700737676108929e-05,0.0004683596254082805,-0.00012168981626609616
809,339,479.0,0.0004674219028174805,-0.00014211444377504944,-0.00012698031791106255,0.00047396489176654977,-0.0001486574327241187
810,339,567.0,0.000440965086373043,-0.00015750857902706896,-0.00019167755078403764,0.0004559379812642937,-0.0001724814739183196
811,339,2.0,0.0004250567530109193,-0.000121871867877856,-6.251597507416287e-05,0.00042683740777333203,-0.00012365252264026877
812,340,10.0,0.0007132618649388633,-0.00013069749635022626,-1.5123196176932904e-05,0.0007133296089310809,-0.00013076524034244373
813,340,9.0,0.0007165344713133334,-0.0001440491329576354,-4.687538920794803e-05,0.0007171723160035832,-0.00014468697764788522
814,340,546.0,0.0006541017389372359,-0.0001440491329576354,-7.207935174639423e-05,0.0006557257686915664,-0.00014567316271196594
815,340,628.0,0.0006091114676485959,-0.00013571110510767002,-6.958770176910406e-05,0.0006107333058479423,-0.00013733294330701642
