,NID,U1,U2
0,1,0.019887850467289716,1.602546340117072e-19
1,2,0.009943925233644854,0.0
2,3,0.0,0.0
3,4,0.009943925233644854,0.0
