,Element,NID,E1,E2,E12,E_max,E_min
0,1530,1490.0,0.00040563145809445825,-1.6325963142820412e-05,-0.00016819935161289934,0.0004217755596393123,-3.247006468767445e-05
1,1530,1.0,0.0004065627967775251,-3.385595759818142e-05,-0.000153611436278428,0.0004195728187406486,-4.686597956130489e-05
2,1530,956.0,0.0004241920952624649,-3.385595759818142e-05,-0.00017338083905035426,0.0004400501496788394,-4.9714012014555954e-05
3,1530,1491.0,0.0004231319823606479,-1.3929489040264673e-05,-0.00018996139537932888,0.0004428805268743934,-3.367803355401017e-05
4,1531,1491.0,0.00042173291855457373,-1.6516082713014337e-05,-0.00021356648665825546,0.0004463669210214865,-4.115008517992713e-05
5,1531,956.0,0.0004230601992091833,-3.891065588077408e-05,-0.00019265497385713426,0.0004423411347178716,-5.819159138946241e-05
6,1531,957.0,0.00045212410227202585,-3.891065588077408e-05,-0.00022191092766399648,0.0004760318489406435,-6.281840254939171e-05
7,1531,1492.0,0.00045058376565315986,-1.296933893469283e-05,-0.0002461314378274272,0.00048122966164635767,-4.361523492789067e-05
8,1532,1492.0,0.0004492625846060569,-2.3222217795178907e-05,-0.00026884863598508786,0.0004848296192107367,-5.8789252399858754e-05
9,1532,957.0,0.0004512640540058413,-5.2873672759156266e-05,-0.0002371347723966466,0.00047775745827071645,-7.936707702403141e-05
10,1532,958.0,0.0005032434437508872,-5.2873672759156266e-05,-0.00028316172015469335,0.0005372132524100012,-8.684348141827029e-05
11,1532,1493.0,0.0005008594542885922,-1.764245343929534e-05,-0.00032083823635467926,0.000546477899604297,-6.32608987550002e-05
15,1533,1494.0,0.0006032666038382969,-4.029103630949314e-05,-0.0004237483029010461,0.0006667568651880574,-0.00010378129765925364
14,1533,959.0,0.0006072871337431188,-9.110272402578271e-05,-0.00035994914477081516,0.0006509381607547761,-0.00013475375103744007
12,1533,1493.0,0.0005002537947749325,-4.985163084227789e-05,-0.00033287627897263597,0.0005466908160155502,-9.628865208289564e-05
13,1533,958.0,0.0005035058851913174,-9.110272402578271e-05,-0.0002810723237772553,0.0005350484481931493,-0.00012264528702761462
16,1534,1494.0,0.0006074645517545191,-0.0001633328215315457,-0.0003613427571434683,0.0006477116036091076,-0.00020357987338613426
17,1534,959.0,0.0006141884914010395,-0.0001871744825601279,-0.00025096835947519686,0.0006333783339648647,-0.00020636432512395307
18,1534,5.0,0.0008925049429879747,-0.0001871744825601279,-0.0003103157687415932,0.000914359884425971,-0.00020902942399812427
19,1534,1467.0,0.000883701010029915,-0.00015613908041367509,-0.0004539825048451261,0.0009310920629719028,-0.00020353013335566283
20,1535,1489.0,0.00038916701691689773,-8.107586361162135e-06,-0.00015452262121624233,0.0004036636818794387,-2.2604251323703103e-05
21,1535,1490.0,0.00039223795688373905,-1.9588282506628675e-05,-0.00013984832595410196,0.000403786561247398,-3.113688687028765e-05
22,1535,1491.0,0.0004114592758850018,-1.798197590441143e-05,-0.00015534973118102278,0.00042507684637696757,-3.159954639637722e-05
23,1535,1495.0,0.00040797098983741745,-4.942429297708379e-06,-0.00017201624865421233,0.0004251697527621054,-2.2141192222396302e-05
24,1536,1495.0,0.0004031525876093296,-3.0134267665843313e-06,-0.00019798221383004674,0.00042599422948996226,-2.5855068647216955e-05
25,1536,1491.0,0.00040722932196646244,-2.0530871776721174e-05,-0.00017892126502846994,0.00042518515977206533,-3.848670958232406e-05
26,1536,1492.0,0.0004367515792263535,-1.7694582477309424e-05,-0.00020575086146615816,0.00045895520648797666,-3.9898209738932564e-05
27,1536,1496.0,0.0004320338359361624,2.5747425794186703e-06,-0.00022780570899061034,0.0004603734943802777,-2.5764915864696643e-05
31,1537,1497.0,0.000477057276184311,7.796707922715936e-06,-0.00030942226956906516,0.0005234730833937358,-3.861909928670889e-05
30,1537,1493.0,0.0004841560226810683,-2.283646810369598e-05,-0.00027626866110002507,0.0005193489521888458,-5.802939761147347e-05
28,1537,1496.0,0.00042678123897079215,-1.974972952229761e-06,-0.00025732601203098775,0.0004624274146952563,-3.762114867669392e-05
29,1537,1492.0,0.00043276392353699955,-2.7796419027856646e-05,-0.00022937922570001948,0.0004597436686456594,-5.477616413651648e-05
32,1538,1497.0,0.00047216628352583084,-1.8073793160553093e-05,-0.0003408677145717645,0.0005255952912482935,-7.150280088301573e-05
33,1538,1493.0,0.0004823321234090801,-5.457106711059261e-05,-0.00029203980900281354,0.0005194751477160007,-9.171409141751322e-05
34,1538,1494.0,0.0005896473885353762,-4.595516043175767e-05,-0.00037570106515730575,0.0006410147376555264,-9.732250955190794e-05
35,1538,1498.0,0.0005771492947553823,-1.0968732577241796e-06,-0.0004357125214474976,0.0006500393431653126,-7.398692166765447e-05
36,1539,1498.0,0.0005765641689071815,-0.00012993049109869686,-0.0004625065005338068,0.0006455273810668138,-0.00019889370325832907
37,1539,1494.0,0.0006022463523905341,-0.00016718910371972117,-0.0003291294191172557,0.0006359653267313779,-0.00020090807806056487
38,1539,1467.0,0.0009538260995572423,-0.00015577854477366625,-0.00046549879877014547,0.0010006697693125293,-0.0002026222145289532
39,1539,1468.0,0.000920499870911487,-0.00010744962902879744,-0.0006385014204313214,0.0010115797131725532,-0.0001985294712898637
43,1540,1499.0,0.00039947835679516285,-5.463020198966968e-06,-0.0001531194805575488,0.00041346961306444456,-1.945427646824868e-05
40,1540,1488.0,0.00037922285672289946,-8.58678134987582e-06,-0.00013720000138952096,0.00039099992541816257,-2.0363850045138955e-05
41,1540,1489.0,0.00038494558837777297,-1.6041498379745084e-05,-0.00012122733180652129,0.00039390771436798196,-2.5003624369954045e-05
42,1540,1495.0,0.0004059795158793608,-1.3934413135333133e-05,-0.00013496762403627897,0.0004165582442419866,-2.45131414979589e-05
47,1541,1500.0,0.0004208468035892324,5.412648126079927e-06,-0.00020635269396400424,0.00044506019595138093,-1.8800744236068656e-05
46,1541,1496.0,0.0004293799390000276,-8.211767266331802e-06,-0.0001832981320066384,0.00044779955047140677,-2.663137873771092e-05
44,1541,1499.0,0.0003906243383266818,-2.9630950466354167e-07,-0.00017983194207295966,0.00041031424116583443,-1.9986212343816218e-05
45,1541,1495.0,0.000397996485542269,-1.2062459556943112e-05,-0.00015992327442779924,0.00041303733820689293,-2.7103312221567097e-05
48,1542,1500.0,0.0004101419490262839,6.51753332808137e-06,-0.00024026970314165556,0.00044319257305756697,-2.6533090703201648e-05
49,1542,1496.0,0.0004206816831294098,-1.2626508281908029e-05,-0.00021251731920258685,0.00044533631069396416,-3.72811358464624e-05
50,1542,1497.0,0.0004739803277012608,-5.187343998634445e-06,-0.00025587309372749993,0.0005059994638968988,-3.7206480194272416e-05
51,1542,1501.0,0.00046147065748420105,1.754729866935154e-05,-0.000288834530947666,0.0005043170853777122,-2.5299129224159588e-05
54,1543,1498.0,0.0005802269286756812,-1.5780770371523925e-05,-0.0003767690205923723,0.0006347780650059449,-7.033190670178763e-05
52,1543,1501.0,0.0004475239279475157,5.370991462874512e-08,-0.00033895995496645206,0.0005044681052603535,-5.6890467398209064e-05
53,1543,1497.0,0.0004658863687525133,-3.0295429075303344e-05,-0.00028963347708471296,0.0005050601246187507,-6.946918494154077e-05
55,1543,1502.0,0.0005576432229327244,2.1574528437251185e-05,-0.00043749177174087425,0.0006355744431765556,-5.6356691806579986e-05
59,1544,1469.0,0.0008920576365433336,-4.015651370534211e-05,-0.0008132973086151102,0.0010445125498495093,-0.0001926114270115177
58,1544,1468.0,0.0009517692297110955,-0.00010825938342150427,-0.0006429001885253707,0.001041630175325785,-0.00019812032903619367
56,1544,1502.0,0.0005332714048585166,-8.844005521175047e-05,-0.0005499279617601615,0.0006374295007100603,-0.00019259815106329419
57,1544,1498.0,0.000579259577729526,-0.0001408226348032085,-0.00041888515928836106,0.0006357467326526229,-0.00019730978972630538
60,1545,1487.0,0.0003736721455191716,-1.842569766668411e-05,-0.00013134234853598263,0.00038437883518622107,-2.9132387333733573e-05
61,1545,1488.0,0.0003830983685439472,-1.917592505081285e-05,-0.00011070185760027329,0.00039057540424820966,-2.665296075507527e-05
62,1545,1499.0,0.00040724329265853787,-1.8848961337231005e-05,-0.00012070780701555275,0.0004156271679128882,-2.72328365915813e-05
63,1545,1503.0,0.00039652405520105606,-1.799594506053957e-05,-0.00014417620365526906,0.00040870288955342283,-3.0174779412906367e-05
64,1546,1503.0,0.00038325178053039144,-8.201671310312865e-06,-0.00016930715429347605,0.00040077415628045517,-2.5724047060376646e-05
65,1546,1499.0,0.0003950763859736483,-1.3911468031791704e-05,-0.00014556185470009433,0.0004076419659429257,-2.6477048001069195e-05
66,1546,1500.0,0.00043017059006384556,-1.1027666257926293e-05,-0.00016646647262000963,0.00044535048338701803,-2.6207559581098785e-05
67,1546,1504.0,0.00041646611391714383,-4.4113684941617885e-06,-0.00019398107574633214,0.0004377419131209047,-2.568716769792262e-05
68,1547,1504.0,0.0003992047735409815,2.292263191151806e-06,-0.0002293694431092872,0.00042995905602984216,-2.846201929770887e-05
69,1547,1500.0,0.00041545292969618133,-9.97127164420556e-06,-0.00019873427452602246,0.00043751788441976486,-3.2036226367789086e-05
70,1547,1501.0,0.00047277067977012643,-2.608142954407439e-06,-0.00023988337186819572,0.000501318501526097,-3.115596471037796e-05
71,1547,1505.0,0.00045345110756436074,1.1969825092259835e-05,-0.0002762984650934372,0.0004931171504716903,-2.7696217815069706e-05
75,1548,1506.0,0.0005386607641858152,3.0554904906508496e-05,-0.00044534225179184567,0.000622432228819649,-5.321655972732544e-05
74,1548,1502.0,0.000572344100061288,-6.101727629037238e-07,-0.00038447145459456983,0.0006308651151462556,-5.913118784787124e-05
72,1548,1505.0,0.0004262660380951709,5.95852769815758e-06,-0.00033946472071421686,0.00048624868358422275,-5.402411779089426e-05
73,1548,1501.0,0.0004535821614598118,-1.9324927040865412e-05,-0.0002900774526805698,0.0004945209579958743,-6.026372357692794e-05
76,1549,1506.0,0.0004763724869321223,-4.132169676144838e-05,-0.0006161567167822515,0.0006199108966463512,-0.00018486010647567733
77,1549,1502.0,0.0005387780224011436,-0.00010572057879471399,-0.0005063757063895405,0.0006263441689757571,-0.00019328672536932752
78,1549,1469.0,0.0008922801437471067,-4.3592884068504945e-05,-0.0008043062125555406,0.0010413458194116312,-0.00019265855973302947
79,1549,1470.0,0.0008109071014471836,4.032837742189437e-05,-0.0009473441631097784,0.0010362019951475833,-0.00018496651627850536
80,1550,1486.0,0.0003705030078976733,-3.4057133424725616e-05,-0.0001339987141831117,0.0003813101044647742,-4.4864229991826564e-05
81,1550,1487.0,0.0003848524314978242,-3.2964940230184744e-05,-0.0001095722476990961,0.00039191679579490655,-4.0029304527267084e-05
82,1550,1503.0,0.0004127288215200406,-3.3638567504330284e-05,-0.0001229499153919825,0.0004210405522754669,-4.195029825975659e-05
83,1550,1507.0,0.0003964283245789825,-3.487911348317384e-05,-0.00015069432429469162,0.0004092121711442695,-4.766296004846083e-05
87,1551,1508.0,0.000415148952050361,-2.2408061660029912e-05,-0.00020025008553072737,0.00043697189832991846,-4.423100793958737e-05
86,1551,1504.0,0.0004354752027642822,-2.366991019470909e-05,-0.00016735431766355538,0.00045024958323855685,-3.84442906689837e-05
85,1551,1503.0,0.0003959951932508074,-2.444825026985144e-05,-0.00014511320415215231,0.0004081641925305057,-3.661724954954972e-05
84,1551,1507.0,0.00037843212360737233,-2.335779044064325e-05,-0.00017354104305483458,0.00039637022433245767,-4.129589116572862e-05
88,1552,1508.0,0.00039064411430289603,-1.0604406876721919e-05,-0.0002336987968186981,0.0004221919361128329,-4.2152228686658774e-05
89,1552,1504.0,0.00041371345322604655,-1.7379008886975097e-05,-0.00019959000799272056,0.0004356945270111061,-3.936008267203472e-05
90,1552,1505.0,0.0004752419099470842,-1.1641081241958892e-05,-0.0002428563231262153,0.0005038455580289268,-4.0244729323801563e-05
91,1552,1509.0,0.000447863464268285,-3.6029851263163614e-06,-0.00028332539112326666,0.0004886331627182363,-4.437268357626757e-05
92,1553,1509.0,0.0004050007759121635,3.8906327023777995e-06,-0.00034975723098635485,0.00047053754353435835,-6.164613491981707e-05
93,1553,1505.0,0.0004409697180221585,-1.7282349024225077e-05,-0.000303000933189565,0.0004865273764366345,-6.284000743870112e-05
94,1553,1506.0,0.0005588821440736177,4.76520206209055e-06,-0.000406933046025339,0.0006255677964255005,-6.192045028979208e-05
95,1553,1510.0,0.0005146553339379738,3.0791715844326914e-05,-0.0004644029106190342,0.0006080569650317458,-6.260991524944506e-05
98,1554,1470.0,0.0007867102942066342,3.2458395062878556e-05,-0.0009196540454644601,0.0010042816396305192,-0.0001851129503610065
99,1554,1471.0,0.0006932083695785421,0.00012380458125702296,-0.0010191017646334274,0.000992199262942578,-0.0001751863121070128
96,1554,1510.0,0.0004083315665447118,7.724696816604034e-06,-0.0006543074034607004,0.0005916308044740175,-0.00017557454111270153
97,1554,1506.0,0.0004803627272706723,-6.268096694168874e-05,-0.0005776361385620953,0.000605249748126832,-0.0001875679877978484
100,1555,1485.0,0.0003624112659680462,-5.0027209080684664e-05,-0.0001560089310978243,0.00037667121242870475,-6.428715554134321e-05
101,1555,1486.0,0.00038444439769561847,-4.6686811726065914e-05,-0.00012531207476451645,0.00039336556086831545,-5.5607974898762926e-05
102,1555,1507.0,0.00041770948487157913,-4.9417514918718996e-05,-0.0001443052114150022,0.00042860028948680975,-6.0308319533949585e-05
103,1555,1511.0,0.0003926802294364289,-5.321268254311325e-05,-0.00017918079734738704,0.00041000770414433105,-7.054015725101539e-05
104,1556,1511.0,0.0003713813084698023,-4.036087106345105e-05,-0.00019623992972610916,0.0003935681786748142,-6.254774126846299e-05
105,1556,1507.0,0.00039621646222735146,-3.88288450989346e-05,-0.0001633875399111133,0.00041105124207174026,-5.36636249433234e-05
106,1556,1508.0,0.0004396205363547158,-4.0278392992881946e-05,-0.00019123289801270722,0.000457969834585092,-5.862769122325819e-05
107,1556,1512.0,0.00041087753368951405,-4.2051858212184784e-05,-0.00022926235969880984,0.0004382367253177837,-6.941104984045443e-05
110,1557,1509.0,0.0004743329769571446,-2.5406554832873476e-05,-0.0002699870117548835,0.0005084669901523256,-5.954056802805457e-05
108,1557,1512.0,0.0003795257050259182,-2.5847050652200782e-05,-0.00025651310795796515,0.00041669660016410584,-6.301794579038843e-05
109,1557,1508.0,0.0004103608387989394,-2.9429296547860248e-05,-0.00022001845524924346,0.000436343527235471,-5.541198498439185e-05
111,1557,1513.0,0.00043773983371025484,-2.115416361114542e-05,-0.0003133098196613261,0.00048611775468142737,-6.953208458231798e-05
115,1558,1514.0,0.00048119238948356527,2.8637366752971773e-05,-0.0004946117420154203,0.0005901188548019501,-8.028909856541315e-05
114,1558,1510.0,0.0005351390898029329,6.422014643548087e-06,-0.00044321419160354286,0.0006157372760321396,-7.417617158565868e-05
112,1558,1513.0,0.0003792989689142892,-4.578734080420632e-07,-0.0003715927308500051,0.00045507841838337247,-7.623732287712534e-05
113,1558,1509.0,0.00042317196184622763,-1.8517253192059074e-05,-0.00032981641759721736,0.0004779485762956584,-7.329386764148981e-05
116,1559,1514.0,0.00033448141344803034,5.456551409169753e-05,-0.0006614270177324067,0.0005536329911075726,-0.0001645860635678447
117,1559,1510.0,0.00040829043601802936,-1.4788676983427983e-05,-0.0006216482405807834,0.0005727304237997269,-0.0001792286647651255
118,1559,1471.0,0.0006529643918296787,0.00010956420243049889,-0.0009706957812083538,0.0009374868392602062,-0.00017495824500002853
119,1559,1472.0,0.0005571518654260595,0.00019965010951137008,-0.001022409542867475,0.000919956335246891,-0.0001631543603094615
120,1560,1484.0,0.0003507276872352985,-6.34754886178166e-05,-0.00019249323927522958,0.00037199965187858066,-8.474745326109875e-05
121,1560,1485.0,0.00038052043166647624,-6.07175548974282e-05,-0.0001599405502630269,0.00039456712633517444,-7.47642495661264e-05
122,1560,1511.0,0.00041591355013003567,-6.361532221579252e-05,-0.0001879700635507149,0.00043367614370571,-8.137791579146685e-05
123,1560,1515.0,0.0003820351380115259,-6.675151410279417e-05,-0.00022498739780744959,0.00040865415641582224,-9.337053250709051e-05
126,1561,1512.0,0.0004353974662459313,-5.453181729115317e-05,-0.0002368404438086759,0.00046251925315890724,-8.165360420412911e-05
127,1561,1516.0,0.0003984586222404024,-5.688264501631463e-05,-0.00027613214985747203,0.0004370513140306332,-9.547533680654541e-05
124,1561,1515.0,0.00035964288571731923,-5.409018508665124e-05,-0.00023472143410551132,0.0003906151641711842,-8.506246354051623e-05
125,1561,1511.0,0.0003915145100312676,-5.206177983130495e-05,-0.00020081875413431594,0.00041318483021277204,-7.373210001280944e-05
128,1562,1516.0,0.0003607227959400959,-3.747911059936376e-05,-0.0002944678023513057,0.0004092486006112579,-8.600491527052575e-05
129,1562,1512.0,0.00039947679503860543,-3.996571731761057e-05,-0.0002581979843945814,0.0004345966269974811,-7.508554927648624e-05
130,1562,1513.0,0.0004629179142424007,-3.636541027822717e-05,-0.00031838279631433205,0.0005093553981294067,-8.280289416523316e-05
131,1562,1517.0,0.0004168403781508725,-3.340884696397244e-05,-0.0003615074838440799,0.00048042497292489106,-9.699344173799099e-05
132,1563,1517.0,0.00034599106879540376,-2.2555029135389905e-06,-0.00040121117657916823,0.00043750196886166074,-9.376640297979597e-05
133,1563,1513.0,0.00039595042970612566,-1.7763730900298197e-05,-0.0003667550839916711,0.0004655299146036916,-8.734321579786412e-05
134,1563,1514.0,0.0004967989315231014,9.92337455878921e-06,-0.00048725784913764697,0.0005977693481799239,-9.104704209803336e-05
135,1563,1518.0,0.0004351942326299152,2.9045612776205704e-05,-0.000529742630103934,0.0005658802991554288,-0.00010164045374930786
139,1564,1473.0,0.0004192962785430441,0.00025647825700501263,-0.0009616966261528706,0.000825578283913185,-0.0001498037483651284
136,1564,1518.0,0.0002603697628282553,9.469593693759451e-05,-0.0006389236875734509,0.0005075598545081925,-0.0001524941547423427
137,1564,1514.0,0.0003286361136090529,3.322248733826866e-05,-0.0006321270573767385,0.0005298038578915918,-0.0001679452569442702
138,1564,1472.0,0.0005083076435575609,0.0001763263472009439,-0.0009528371709424249,0.0008468242439545786,-0.0001621902531960738
143,1565,1483.0,0.00033836749996779894,-6.913420080691788e-05,-0.0002426558655522354,0.0003717555884017523,-0.00010252228924087121
142,1565,1519.0,0.00036451947047957066,-7.465087877227478e-05,-0.00027674667278084625,0.0004044816501828997,-0.00011461305847560382
140,1565,1484.0,0.0003703490225837867,-6.548052810884889e-05,-0.00021290090976740575,0.00039495960397194197,-9.009110949700414e-05
141,1565,1515.0,0.000400854671436416,-7.050052827182027e-05,-0.00024294595579356804,0.00043031781803993,-9.99636748753343e-05
144,1566,1515.0,0.0003759436244711898,-5.94490037354058e-05,-0.000248409017439645,0.00040888339149049125,-9.238877075470723e-05
145,1566,1516.0,0.00041854511154823526,-6.037981476377077e-05,-0.000295746251776508,0.00046052310856223603,-0.00010235781177777157
146,1566,1520.0,0.0003738763068585063,-6.1057114922585e-05,-0.0003316534067228684,0.0004298876863029512,-0.00011706849436702994
147,1566,1519.0,0.0003373547788779255,-6.0034229836385683e-05,-0.0002794347083006051,0.0003815603467984388,-0.00010423979775689904
148,1567,1516.0,0.0003765623458847876,-4.3444905110405366e-05,-0.0003070966430925373,0.0004267098491024267,-9.359240832804448e-05
149,1567,1517.0,0.0004356559692245583,-3.8431480567135496e-05,-0.0003783349556109733,0.0005018845018330655,-0.00010466001317564262
150,1567,1521.0,0.0003821196873072764,-3.528039314368715e-05,-0.00041630519552562223,0.0004681792283434126,-0.00012133993417982333
151,1567,1520.0,0.0003314622834934382,-4.0789567815767934e-05,-0.00033909416683460154,0.00039710822619607627,-0.00010643551051840605
155,1568,1521.0,0.0003034716310529595,1.6285581828443386e-06,-0.00043092780774726946,0.00041561283244366336,-0.00011051264320785956
154,1568,1522.0,0.00037716174637552734,3.448822154005599e-05,-0.0005603901892275998,0.0005342539370076528,-0.00012260396909206944
152,1568,1517.0,0.00035682211457828926,-1.1246815626162442e-05,-0.00040550212056976453,0.00044660634276070084,-0.00010103104380857403
153,1568,1518.0,0.00044278591902754266,1.865705021470568e-05,-0.0005291355399484818,0.000569789957424564,-0.00010834698818231565
156,1569,1518.0,0.0002482323717069978,7.593217817694126e-05,-0.0006086045864297021,0.0004783443890632169,-0.00015417983917927785
157,1569,1473.0,0.0003675351484750816,0.00022241159780984752,-0.0008730467962107143,0.0007374865236056675,-0.0001475397773207384
158,1569,1474.0,0.00029346734247458553,0.00028543745394574974,-0.0008506344677662661,0.0007147885819700801,-0.00013588378554974488
159,1569,1522.0,0.0001912044289189528,0.0001244892106595248,-0.000591376702366371,0.00045541081477566453,-0.00013971717519718695
160,1570,1483.0,0.00034849826147599107,-6.836854974511181e-05,-0.0002578650393648581,0.0003851527568439918,-0.00010502304511311256
161,1570,1519.0,0.00037796130819396645,-6.826612523930454e-05,-0.0003006315981085913,0.0004238728134035334,-0.00011417763044887144
162,1570,1523.0,0.0003334959485952471,-6.820171511906785e-05,-0.00032737442800643765,0.00039174894476429303,-0.00012645471128811377
163,1570,1482.0,0.00030935097812150036,-6.83118488353454e-05,-0.0002814070257469879,0.000356007953425201,-0.00011496882413904607
166,1571,1524.0,0.00033579837520541014,-5.348008244351128e-05,-0.0003842033837230148,0.00041463216043066204,-0.00013231386766876318
164,1571,1519.0,0.00034840362048455756,-5.602741709099428e-05,-0.0002982109234261898,0.0003974321160558994,-0.00010505591266233612
165,1571,1520.0,0.0003867616669072163,-5.438789695325915e-05,-0.00035492822151309694,0.0004492888896152086,-0.00011691511966125146
167,1571,1523.0,0.00030436282881587604,-5.5243046195978046e-05,-0.0003235050621893214,0.0003664131064039177,-0.00011729332378401967
171,1572,1524.0,0.0002905920720126763,-3.3860215868785444e-05,-0.0003790179863850506,0.0003778273084071054,-0.00012109545226321455
170,1572,1525.0,0.00033296299069858655,-2.4384862818575717e-05,-0.00046456600763318534,0.00044734156088447783,-0.000138763433004467
169,1572,1521.0,0.00039231848349829956,-2.8601656652380535e-05,-0.0004356933898849915,0.00048476206740139183,-0.0001210452405554728
168,1572,1520.0,0.0003406167664153181,-3.741344080940778e-05,-0.0003546899880609508,0.0004107887695449026,-0.00010758544393899228
172,1573,1521.0,0.00030676611715013875,2.3204913572989153e-06,-0.00043617944771143224,0.00042050366298704766,-0.00011141705447961
173,1573,1522.0,0.00037615194423200327,3.373188261087946e-05,-0.0005584049241548032,0.0005324581564999128,-0.00012257432965703013
174,1573,1526.0,0.0003090242140090125,4.6402563986043814e-05,-0.000577993939508914,0.0004951433518120917,-0.00013971657381703535
175,1573,1525.0,0.00025215923317644176,1.2624953974442552e-05,-0.00045210554728589494,0.00038821239026801303,-0.00012342820311712872
176,1574,1522.0,0.00017391454676174856,0.0001091684203079282,-0.0005557489777914815,0.00042129538753219576,-0.000138212420462519
177,1574,1474.0,0.0002444680139852551,0.00024069885317057636,-0.0007487552514333085,0.000616965802661385,-0.0001317989355055535
178,1574,1475.0,0.00018895216504310162,0.0002838734687596046,-0.0007108963266679452,0.0005950155362054664,-0.00012218990240276013
179,1574,1526.0,0.00013112656974730713,0.00014242765606537128,-0.000526556642235193,0.00040011606370642946,-0.00012656183789375104
180,1575,1482.0,0.0003160009821143398,-5.8256719586638125e-05,-0.00029933965737839047,0.0003684932163971871,-0.00011074895386948544
181,1575,1523.0,0.000340808655285383,-5.4636948795026103e-05,-0.0003484129369024976,0.00040660473320804915,-0.00012043302671769227
182,1575,1527.0,0.00029156399258806285,-5.2938296759971184e-05,-0.0003667692058909218,0.00037090849461520294,-0.00013228279878711128
183,1575,1481.0,0.0002726909811711191,-5.6763015672507276e-05,-0.0003154806528699386,0.00033603632783496225,-0.00012010836233635044
187,1576,1527.0,0.0002621059944423222,-4.182582752377677e-05,-0.00035528840058336557,0.0003439158307004689,-0.00012363566378192342
186,1576,1528.0,0.00028617219655458805,-3.431571864111237e-05,-0.00042168765360755395,0.00039075506019635984,-0.00013889858228288417
184,1576,1523.0,0.0003097630424743394,-4.435714464105073e-05,-0.00033949819940597495,0.00037798856525122376,-0.00011258266741793511
185,1576,1524.0,0.00034139799553409636,-3.724941176505526e-05,-0.0004033866552348095,0.0004287033994798244,-0.0001245548157107833
188,1577,1524.0,0.00029322307375680926,-2.168580473125767e-05,-0.0003904234288839084,0.0003865663894728633,-0.00011502912044731168
189,1577,1525.0,0.00033448323631020405,-7.351819636612763e-06,-0.0004764147132541238,0.0004567474712754087,-0.0001296160546018174
190,1577,1529.0,0.00027232814805742446,-2.245218256083782e-06,-0.0004930078673361371,0.00041719713591582917,-0.0001471142061144885
191,1577,1528.0,0.0002409375019571218,-1.7391230577818188e-05,-0.00040437544544273153,0.0003516966833720938,-0.0001281504119927902
192,1578,1525.0,0.0002483738205702416,2.200853825464399e-05,-0.00044984295954828,0.0003869847105510404,-0.00011660235172615481
193,1578,1526.0,0.00030023203622834074,5.429776906816275e-05,-0.0005654286383660542,0.00048556394937403387,-0.00013103414407753035
194,1578,1530.0,0.00023452299307762364,6.397673797712471e-05,-0.0005734686886507551,0.0004483954663606562,-0.00014989573530590784
195,1578,1529.0,0.00019506924394785755,2.9857710965556605e-05,-0.00045635723959235736,0.0003551344382033105,-0.00013020748328989635
199,1579,1530.0,8.218925004868649e-05,0.0001488172534918005,-0.0004533827144668802,0.0003446294051335011,-0.00011362290159301413
198,1579,1476.0,0.00010965063752853103,0.0002526802276409339,-0.0005652330038824552,0.0004726897936275558,-0.00011035892845809086
197,1579,1475.0,0.0001467465031402479,0.00022876922149197882,-0.0006016659649706393,0.0004913734332812148,-0.00011585770864898799
196,1579,1526.0,0.00011065263463834186,0.00013048025543220217,-0.00048134425871360076,0.0003614426735961716,-0.00012030978352562757
200,1580,1481.0,0.0002750866492895014,-4.1635253458752837e-05,-0.0003275356150673481,0.00034453721146222106,-0.00011108581563147249
201,1580,1527.0,0.00029388703639622593,-3.297728906026011e-05,-0.00038046258586638994,0.0003812496435996263,-0.00012033989626366047
202,1580,1531.0,0.00024291158171044908,-3.0198426394248846e-05,-0.0003875083958287673,0.00034339657078411923,-0.00013068341546791897
203,1580,1480.0,0.00023022882493248936,-3.918910174278631e-05,-0.00033374034379595255,0.00030997768745523186,-0.00011893796426552878
204,1581,1527.0,0.0002630636501789567,-2.4890820068992165e-05,-0.0003642301237565121,0.0003512401141357104,-0.00011306728402574583
205,1581,1528.0,0.0002859829322084048,-1.231465844897387e-05,-0.0004295188582570525,0.00039830492979473636,-0.00012463665603530542
206,1581,1532.0,0.00023129451803324125,-8.763997522937472e-06,-0.000435244377773536,0.00035979380955809847,-0.0001372632890477947
207,1581,1531.0,0.00021583347355146054,-2.1823087825494298e-05,-0.00036918106889534917,0.0003165361148285634,-0.00012252572910259718
210,1582,1533.0,0.0002081547243764359,2.6316007192957462e-05,-0.0004908213140815618,0.0003789465049360921,-0.00014447577336669873
211,1582,1532.0,0.0001887648281416153,4.340868317596457e-06,-0.00040659449229860437,0.0003197855060805189,-0.00012667980962130713
208,1582,1528.0,0.00023864864409823758,-4.849759388568867e-09,-0.000404914684062202,0.0003543279563996308,-0.00011568416206078177
209,1582,1529.0,0.0002673930085954311,2.1158364579113172e-05,-0.0004888372842612176,0.0004179513113685656,-0.00012939993819402132
212,1583,1529.0,0.0001865400487373924,4.449056354095544e-05,-0.0004393737848599269,0.0003463980572633701,-0.00011536744498502228
213,1583,1530.0,0.00022085268655756135,7.75937636035216e-05,-0.0005425236274431734,0.0004297829358998476,-0.00013133648573876466
214,1583,1534.0,0.00016129942932085594,8.438212478517322e-05,-0.0005393498452806317,0.00039524421285241684,-0.00014956265874638768
215,1583,1533.0,0.00013815452229985065,5.001063890060339e-05,-0.00043680803839310153,0.00031688889030976453,-0.0001287237291093105
216,1584,1530.0,6.140988950370692e-05,0.00013919072132296325,-0.00039486305412194875,0.0003015257320553281,-0.00010092512122865794
217,1584,1476.0,7.618371462938395e-05,0.0001888419657774298,-0.0004526794488370657,0.0003657565780352969,-0.00010073089762848315
218,1584,1477.0,5.5347378087665204e-05,0.0001971046046951563,-0.00043265524746060463,0.0003538691740537983,-0.00010141719127097684
219,1584,1534.0,4.538277618675035e-05,0.00014555492202525595,-0.00037946742988658605,0.00029170212173492175,-0.00010076442352291543
222,1585,1535.0,0.00019422814703123036,-5.536413280330527e-06,-0.0003870826417485332,0.0003121409833837721,-0.00012344924963287227
220,1585,1480.0,0.00023069968404850275,-2.0313844185560967e-05,-0.00034029769514898507,0.00031662276212517863,-0.00010623692226223688
221,1585,1531.0,0.00024239250874230275,-7.848703359151707e-06,-0.00039089630960032797,0.0003493390207270485,-0.00011479521534389745
223,1585,1479.0,0.00018829302770053714,-1.827804188510838e-05,-0.0003369396570506635,0.00028261818295456913,-0.00011260319713914035
227,1586,1535.0,0.00017056192957264765,-3.657140270870232e-07,-0.0003631700976814995,0.00028578989833516716,-0.00011559368278960655
226,1586,1536.0,0.0001776757755385435,1.7222801171098978e-05,-0.00042355453814909433,0.0003239131948443833,-0.00012901461813474082
224,1586,1531.0,0.0002144887146502579,-2.7944212254809014e-06,-0.0003683954514085673,0.00031969707642626335,-0.00010800278300148635
225,1586,1532.0,0.00022850340800606092,1.4412141538907761e-05,-0.0004295994468866797,0.00036145295969441704,-0.00011853741014944836
228,1587,1532.0,0.00018467840906764496,2.2324742022481e-05,-0.0003944070021943899,0.00031675939872101205,-0.00010975624763088609
229,1587,1533.0,0.00020106082332829386,4.950070999912152e-05,-0.00046768765076202895,0.0003710968598246606,-0.00012053532649724521
230,1587,1537.0,0.00014971319513359255,5.333792710363581e-05,-0.00045613711790147907,0.0003346292197210232,-0.00013157809748379483
231,1587,1536.0,0.00014139734868812495,2.5558509763700288e-05,-0.00038466947345970615,0.0002843443278688454,-0.00011738846941702016
232,1588,1533.0,0.0001289324444770229,6.381777681617158e-05,-0.0004027157886675285,0.0003003481029683092,-0.00010759788167511469
233,1588,1534.0,0.0001471621901074291,9.954205766435998e-05,-0.00048560971221190893,0.00036732162485293577,-0.00012061737708114666
234,1588,1538.0,9.900112280347706e-05,0.0001037949756900814,-0.0004712148610797294,0.00033701767190578394,-0.00013422157341222549
235,1588,1537.0,8.974755818712613e-05,6.727704618220739e-05,-0.00039100175872372814,0.00027433575534772107,-0.00011731115097838755
236,1589,1534.0,2.772974419699547e-05,0.0001365440850965162,-0.0003054902618078864,0.00024428257512279825,-8.000874582928658e-05
237,1589,1477.0,3.12740087543735e-05,0.00012764812049872873,-0.0003177094840263357,0.0002454635387457596,-8.654140949265738e-05
238,1589,1478.0,2.3655727351279063e-05,0.0001267860608472259,-0.0003238095447029646,0.0002451388794096122,-9.46970912111072e-05
239,1589,1538.0,2.1856601779869644e-05,0.00013587980470859147,-0.0003101924720629104,0.00024411094932603585,-8.637454283757473e-05
243,1590,13.0,0.00014919975114008853,2.1818783371612208e-06,-0.00032412639439924167,0.0002536459877947561,-0.00010226435831750636
242,1590,972.0,0.00014919975114008853,1.6748206270805473e-05,-0.00036757438484212243,0.00027832900175983665,-0.00011238104434894262
240,1590,1479.0,0.00018773165643626473,1.4124110703229694e-06,-0.0003347494176977623,0.00028612622572173193,-9.698215821514426e-05
241,1590,1535.0,0.00019300027202318742,1.587224356626915e-05,-0.0003796461074208231,0.0003139031438082567,-0.0001050306282188001
244,1591,1535.0,0.00016897985107305717,1.758233610740334e-05,-0.0003524112232175542,0.0002850588802258754,-9.849669304541492e-05
245,1591,1536.0,0.00017508884356281888,3.872473037973864e-05,-0.00040500378269280046,0.0003205789864730419,-0.00010676541253048437
246,1591,971.0,0.00013041086009884031,3.9853628350079284e-05,-0.0003887858082485679,0.00028472872272388816,-0.00011446423427496853
247,1591,972.0,0.00013041086009884031,1.8554999216311525e-05,-0.0003384063566128064,0.0002526896886551835,-0.00010372382934003166
248,1592,1536.0,0.00013826777275367276,4.148646568546217e-05,-0.00036099626577338825,0.0002767493518413257,-9.699511340219072e-05
249,1592,1537.0,0.00014543917144323876,6.875227744350409e-05,-0.0004230326329321167,0.0003220593773226463,-0.00010786792843590348
250,1592,970.0,0.00010016379983187988,7.001196853810381e-05,-0.00040471671627108005,0.0002880070511946747,-0.00011783128282469101
251,1592,971.0,0.00010016379983187988,4.2544188773017445e-05,-0.0003455762497300806,0.0002465274540188692,-0.00010381946541397185
255,1593,970.0,6.378673054777823e-05,7.458580929409426e-05,-0.00033054434295642574,0.0002345466209442879,-9.617408110241542e-05
254,1593,969.0,6.378673054777823e-05,0.00011306599220233459,-0.00037029672946147646,0.00027520705729883497,-9.835433454872215e-05
253,1593,1538.0,8.939756608220342e-05,0.00011157524507804893,-0.00039354790317777666,0.00029757255523381657,-9.659974407356424e-05
252,1593,1537.0,8.457756844688566e-05,7.338019291681052e-05,-0.0003494243319190002,0.0002537807291816574,-9.582296781796121e-05
256,1594,1538.0,1.1101789384555458e-05,0.00012226476900252498,-0.00022048862006442127,0.00019014626921024302,-5.6779710823162585e-05
257,1594,1478.0,9.12923384550901e-06,5.524011760199815e-05,-0.00019615340234312162,0.00013293482566357624,-6.856547421606909e-05
258,1594,9.0,1.7637647921139518e-05,5.310479468951856e-05,-0.0002309551124351633,0.00015220249115615778,-8.14600485454997e-05
259,1594,969.0,1.7637647921139518e-05,0.00012063346932408077,-0.00024722420876942264,0.00020304592848631193,-6.477481124109164e-05
260,1595,1550.0,0.0004922425236941128,-0.00013989327104672183,-6.0506067148670406e-05,0.0004936870855888501,-0.0001413378329414592
261,1595,26.0,0.0004922425127748091,-0.00014659478211891987,-5.270662159120171e-05,0.0004933277956106696,-0.0001476800649547804
262,1595,1018.0,0.0005004319753553477,-0.00014659478211891987,-5.9743255127964884e-05,0.0005018081476278414,-0.0001479709543914137
263,1595,1551.0,0.0005004319753553477,-0.00013989327104672183,-6.754269130324411e-05,0.000502208180322164,-0.00014166947601353808
266,1596,1019.0,0.0005067482609723145,-0.0001540951448916161,-5.4619730733750094e-05,0.00050787494140968,-0.00015522182532898163
267,1596,1552.0,0.0005067482609723145,-0.0001501757111628788,-6.06352087623406e-05,0.0005081444769050368,-0.0001515719270956011
264,1596,1551.0,0.0005004319753553477,-0.0001501757111628788,-5.6519781398162855e-05,0.0005016571688777644,-0.00015140090468529553
265,1596,1018.0,0.0005004319753553477,-0.0001540951448916161,-5.0504303369572345e-05,0.0005014047766384096,-0.0001550679461746781
268,1597,1552.0,0.0005067482609723145,-0.0001593537249611112,-4.462764167891681e-05,0.0005074949170634836,-0.0001601003810522802
269,1597,1019.0,0.0005067482609723145,-0.000160681248646548,-4.171018343666899e-05,0.0005073992825636671,-0.00016133227023790056
270,1597,1020.0,0.0005098116125490451,-0.000160681248646548,-4.3104092599121485e-05,0.0005105036583546842,-0.000161373294452187
271,1597,1553.0,0.0005098116125490451,-0.0001593537249611112,-4.60215508413693e-05,0.0005106019570444841,-0.0001601440694565502
272,1598,1553.0,0.0005098116125490451,-0.00016528654229933126,-2.624905699933483e-05,0.0005100666690815911,-0.0001655415988318772
273,1598,1020.0,0.0005098116125490451,-0.00016507330343919213,-2.9144050502968172e-05,0.0005101261032281439,-0.0001653877941182909
274,1598,1021.0,0.0005067718491051122,-0.00016507330343919213,-2.8920148207135787e-05,0.0005070829281864963,-0.00016538438252057617
275,1598,1554.0,0.0005067718531581375,-0.00016528654229933126,-2.6025155002041417e-05,0.0005070237118382305,-0.00016553840097942427
279,1599,1539.0,0.0004950627516735855,-0.00016586733676125917,-3.476539608859852e-06,0.0004950673233538065,-0.00016587190844148013
276,1599,1554.0,0.0005067718824484611,-0.00016586733676125917,-5.103659186676823e-06,0.0005067815633299322,-0.00016587701764273025
277,1599,1021.0,0.0005067718668362725,-0.00016431770939903147,-1.625513579233545e-05,0.0005068702854021862,-0.00016441612796494514
278,1599,30.0,0.0004950627516735855,-0.00016431770939903147,-1.46280183840157e-05,0.0004951438704712436,-0.00016439882819668957
283,1600,1555.0,0.0004994934980456847,-0.00013108794440551473,-9.038870090982004e-05,0.0005027161489161401,-0.00013431059527597012
282,1600,1551.0,0.0004994934980456847,-0.00013989327104672183,-7.982897655170115e-05,0.0005019755726780626,-0.00014237534567909974
281,1600,1550.0,0.000488405868779046,-0.00013989327104672183,-7.058345137904432e-05,0.000490381998831531,-0.00014186940109920678
280,1600,1549.0,0.000488405868779046,-0.00013108794440551473,-8.11431757371632e-05,0.0004910516635830449,-0.00013373373920951362
284,1601,1555.0,0.0004994934980456847,-0.00014412953979877903,-7.854828763702304e-05,0.0005018811649393816,-0.00014651720669247594
285,1601,1551.0,0.0004994934980456847,-0.0001501757111628788,-6.88060666466199e-05,0.0005013102198588306,-0.00015199243297602465
286,1601,1552.0,0.0005097227414319269,-0.0001501757111628788,-7.51544915590964e-05,0.0005118556455399876,-0.00015230861527093954
287,1601,1556.0,0.0005097227414319269,-0.00014412953979877903,-8.489671254949954e-05,0.0005124669882766514,-0.00014687378664350354
288,1602,1556.0,0.0005097227414319269,-0.00015693719109972503,-6.514890954806285e-05,0.0005113106180986656,-0.0001585250677664638
289,1602,1552.0,0.0005097227414319269,-0.0001593537249611112,-5.914692447567607e-05,0.0005110273571081826,-0.00016065834063736688
290,1602,1553.0,0.0005160247795429271,-0.0001593537249611112,-6.168426642293168e-05,0.000517430304997026,-0.00016075925041521012
291,1602,1557.0,0.0005160247795429271,-0.00015693719109972503,-6.768625149531846e-05,0.0005177224609691981,-0.000158634872525996
294,1603,1554.0,0.0005146053329507794,-0.00016528654229933126,-4.102693725453743e-05,0.0005152236960134208,-0.0001659049053619727
295,1603,1558.0,0.0005146053329507794,-0.00016612924878995911,-3.967507344364643e-05,0.0005151829358061033,-0.00016670685164528302
292,1603,1557.0,0.0005160247795429271,-0.00016612924878995911,-4.05599087700062e-05,0.0005166271562424738,-0.00016673162548950583
293,1603,1553.0,0.0005160247795429271,-0.00016528654229933126,-4.1911772580897205e-05,0.0005166687355097012,-0.00016593049826610536
296,1604,1558.0,0.0005146053329507794,-0.00016857189329743207,-9.288713557546041e-06,0.0005146369046312875,-0.00016860346497794018
297,1604,1554.0,0.0005146053329507794,-0.00016586733676125917,-2.0105440626055904e-05,0.0005147538108316817,-0.00016601581464216155
298,1604,1539.0,0.0005032478679604692,-0.00016586733676125917,-1.7265680874394007e-05,0.0005033592292509484,-0.00016597869805173838
299,1604,1540.0,0.0005032478679604692,-0.00016857189329743207,-6.4489538058841445e-06,0.0005032633438550378,-0.00016858736919200064
300,1605,1548.0,0.00048259059608650456,-0.0001189453531824552,-0.00010440634040201693,0.00048708733533943513,-0.0001234420924353858
301,1605,1549.0,0.0004825906150720989,-0.00013108794440551473,-9.084532604991188e-05,0.0004859344456196332,-0.000134431774953049
302,1605,1555.0,0.000496829773933942,-0.00013108794440551473,-0.00010359511483317915,0.0005010739194726578,-0.00013533208994423066
303,1605,1559.0,0.000496829773933942,-0.0001189453531824552,-0.00011715614618504691,0.0005023527118606757,-0.00012446829110918895
304,1606,1559.0,0.000496829773933942,-0.00013514829260814624,-0.00010651636089989078,0.000501286528484189,-0.0001396050471583933
305,1606,1555.0,0.000496829773933942,-0.00014412953979877903,-9.175470156038215e-05,0.0005000968418074448,-0.0001473966076722819
306,1606,1556.0,0.0005123295989063852,-0.00014412953979877903,-0.00010118506140593259,0.0005162058174592717,-0.00014800575835166553
307,1606,1560.0,0.0005123295989063852,-0.00013514829260814624,-0.00011594672074544121,0.0005174794117179266,-0.00014029810541968775
311,1607,1561.0,0.0005241969207549144,-0.00015254901379683193,-9.734701122615652e-05,0.0005276797346671696,-0.00015603182770908714
309,1607,1556.0,0.0005123295989063852,-0.00015693719109972503,-8.14372584044959e-05,0.0005147978440882762,-0.00015940543628161603
308,1607,1560.0,0.0005123295989063852,-0.00015254901379683193,-9.2739394340631e-05,0.0005155479175585971,-0.00015576733244904395
310,1607,1557.0,0.0005241969207549144,-0.00015693719109972503,-8.604487529002142e-05,0.0005269035890243659,-0.00015964385936917652
312,1608,1561.0,0.0005241969207549144,-0.00016704621392227888,-6.130543953664774e-05,0.0005255535329014022,-0.00016840282606876667
313,1608,1557.0,0.0005241969207549144,-0.00016612924878995911,-5.8918532564709164e-05,0.0005254517966304772,-0.00016738412466552201
314,1608,1558.0,0.0005267031897839315,-0.00016612924878995911,-5.7955712756966454e-05,0.0005279130816355959,-0.00016733914064162347
315,1608,1562.0,0.0005267031897839315,-0.00016704621392227888,-6.0342619728905034e-05,0.0005280128740319515,-0.0001683558981702989
316,1609,1562.0,0.0005267031897839315,-0.00017261016953745126,-1.615440858706782e-05,0.0005267964706100697,-0.00017270345036358943
317,1609,1558.0,0.0005267031897839315,-0.00016857189329743207,-2.7569352870866065e-05,0.0005269763804618446,-0.00016884508397534516
318,1609,1540.0,0.0005147174343617389,-0.00016857189329743207,-2.3329140204319393e-05,0.0005149165045962703,-0.00016877096353196347
319,1609,1541.0,0.0005147174343617389,-0.00017261016953745126,-1.1914195920521148e-05,0.0005147690609086817,-0.00017266179608439405
323,1610,1563.0,0.0004915333514477656,-0.00010281889547901816,-0.00014758897158204456,0.0005005585906362902,-0.00011184413466754285
322,1610,1559.0,0.0004915333514477656,-0.0001189453531824552,-0.00012881840436039169,0.0004982549061823005,-0.00012566690791699007
321,1610,1548.0,0.0004718244003975268,-0.0001189453531824552,-0.00011188574794476422,0.00047707523436813057,-0.00012419618715305895
320,1610,1547.0,0.0004718244266761658,-0.00010281889547901816,-0.00013065633774331925,0.0004791576596229404,-0.00011015212842579276
324,1611,1563.0,0.0004915333514477656,-0.00012088028099819685,-0.00013870248878589814,0.0004992886498186715,-0.0001286355793691028
325,1611,1559.0,0.0004915333514477656,-0.00013514829260814624,-0.00011817861907523555,0.000497056163675564,-0.00014067110483594476
326,1611,1560.0,0.0005130832278778669,-0.00013514829260814624,-0.00013315990142755835,0.0005198510058699187,-0.00014191607060019812
327,1611,1564.0,0.0005130832278778669,-0.00012088028099819685,-0.00015368377113822093,0.0005222641752075708,-0.00013006122832790078
328,1612,1564.0,0.0005130832278778669,-0.00014393853212239045,-0.00012975341742847007,0.0005194281162498101,-0.00015028342049433366
329,1612,1560.0,0.0005130832278778669,-0.00015254901379683193,-0.00010995257502274813,0.0005175933029959375,-0.00015705908891490254
330,1612,1561.0,0.0005338739599382962,-0.00015254901379683193,-0.00011899351448060175,0.0005389927600685117,-0.00015766781392704735
331,1612,1565.0,0.0005338739599382962,-0.00014393853212239045,-0.00013879435688632022,0.0005409061650437747,-0.00015097073722786898
333,1613,1561.0,0.0005338739599382962,-0.00016704621392227888,-8.295194279109297e-05,0.0005363197085142934,-0.00016949196249827603
334,1613,1562.0,0.0005441880533695181,-0.00016704621392227888,-8.33043725275498e-05,0.0005466190315229657,-0.00016947719207572644
332,1613,1565.0,0.0005338739599382962,-0.00016671056409280408,-9.277496095110027e-05,0.0005369320441413969,-0.00016976864829590474
335,1613,1566.0,0.0005441880533695181,-0.00016671056409280408,-9.31273906875571e-05,0.0005472249909596469,-0.00016974750168293287
339,1614,1542.0,0.000532422411508339,-0.00017844351442442442,-2.178573202289008e-05,0.0005325892878177991,-0.00017861039073388454
338,1614,1541.0,0.000532422411508339,-0.00017261016953745126,-3.2991202337510905e-05,0.0005328081469670764,-0.00017299590499618867
337,1614,1562.0,0.0005441880533695181,-0.00017261016953745126,-3.911616138571258e-05,0.0005447213054764063,-0.00017314342164433935
336,1614,1566.0,0.0005441880533695181,-0.00017844351442442442,-2.791069107109176e-05,0.0005444574563401774,-0.0001787129173950837
340,1615,1546.0,0.000460771996112979,-8.14123014863829e-05,-0.0001517333653429688,0.00047118776315298457,-9.182806852638849e-05
341,1615,1547.0,0.000460771996112979,-0.00010281889547901816,-0.00013274378158453434,0.00046848285622188847,-0.00011052975558792762
342,1615,1563.0,0.0004807111919874832,-0.00010281889547901816,-0.00015522085512416003,0.0004908570940826912,-0.00011296479757422624
343,1615,1567.0,0.0004807111919874832,-8.14123014863829e-05,-0.0001742104388825945,0.0004938993810750672,-9.460049057396692e-05
344,1616,1567.0,0.0004807111919874832,-9.92726233727168e-05,-0.00017344593592106064,0.0004934009317388501,-0.00011196236312408365
345,1616,1563.0,0.0004807111919874832,-0.00012088028099819685,-0.0001463343723280136,0.0004894821078062712,-0.00012965119681698493
346,1616,1564.0,0.0005091784855861536,-0.00012088028099819685,-0.00016902253383861698,0.0005203172591912372,-0.0001320190546032804
347,1616,1568.0,0.0005091784855861536,-9.92726233727168e-05,-0.00019613409743166402,0.000524593876609877,-0.00011468801439644015
350,1617,1565.0,0.0005426701402852195,-0.00014393853212239045,-0.00016332625808500312,0.0005522492606238648,-0.00015351765246103582
351,1617,1569.0,0.0005426701402852195,-0.00012657285936481524,-0.00019522285943840423,0.0005566164808542505,-0.0001405191999338463
348,1617,1568.0,0.0005091784855861536,-0.00012657285936481524,-0.00017698878148226724,0.0005212667510559936,-0.0001386611248346552
349,1617,1564.0,0.0005091784855861536,-0.00014393853212239045,-0.00014509218012886613,0.0005171396247180089,-0.0001518996712542457
352,1618,1569.0,0.0005426701402852195,-0.00016180478029912326,-0.00014227722241260538,0.0005497819953359892,-0.00016891663534989294
353,1618,1565.0,0.0005426701402852195,-0.00016671056409280408,-0.0001173068621497797,0.0005474870493758961,-0.0001715274731834806
354,1618,1566.0,0.0005688891933551127,-0.00016671056409280408,-0.00012245796947390683,0.0005739508698514217,-0.0001717722405891132
355,1618,1570.0,0.0005688891933551127,-0.00016180478029912326,-0.0001474283297367325,0.000576251475108607,-0.00016916706205261756
356,1619,1570.0,0.0005688891933551127,-0.00018610810167354614,-5.0133720828668404e-05,0.0005697205292761167,-0.00018693943759455012
357,1619,1566.0,0.0005688891933551127,-0.00017844351442442442,-5.724126985744149e-05,0.0005699836762306028,-0.00017953799729991454
358,1619,1542.0,0.0005614262270723057,-0.00017844351442442442,-4.919341032382993e-05,0.0005622430340011047,-0.00017926032135322342
359,1619,1543.0,0.0005614262270723057,-0.00018610810167354614,-4.208586129505337e-05,0.0005620181124011527,-0.0001866999870023931
363,1620,1571.0,0.0004648108243908017,-5.676672451350784e-05,-0.000195434639307622,0.0004825170399125815,-7.447294003528769e-05
360,1620,1545.0,0.0004418770633132403,-5.676672451350784e-05,-0.00016955697325590421,0.00045589676994842675,-7.078643114869431e-05
361,1620,1546.0,0.0004418770633132403,-8.14123014863829e-05,-0.0001477151358666648,0.0004521016144966443,-9.163685266978694e-05
362,1620,1567.0,0.0004648108243908017,-8.14123014863829e-05,-0.00017359280191838258,0.00047827131352677816,-9.487279062235935e-05
367,1621,1572.0,0.0004967538655264066,-7.045303018390702e-05,-0.00023351081714459432,0.0005198469143356504,-9.354607899315082e-05
366,1621,1568.0,0.0004967538655264066,-9.92726233727168e-05,-0.00020308860954837415,0.0005135788965444684,-0.00011609765439077866
364,1621,1571.0,0.0004648108243908017,-7.045303018390702e-05,-0.0002032505065530689,0.0004834559318216788,-8.909813761478414e-05
365,1621,1567.0,0.0004648108243908017,-9.92726233727168e-05,-0.00017282829895684873,0.0004777520478810456,-0.00011221384686296073
368,1622,1572.0,0.0004967538655264066,-9.539400784129137e-05,-0.00022826132331809496,0.0005179898466109812,-0.00011662998892586604
369,1622,1568.0,0.0004967538655264066,-0.00012657285936481524,-0.00018394329359897738,0.0005100410151682736,-0.00013986000900668223
370,1622,1569.0,0.000543287455484695,-0.00012657285936481524,-0.00021668084762295828,0.0005603741411004714,-0.0001436595449805916
371,1622,1573.0,0.000543287455484695,-9.539400784129137e-05,-0.00026099887734207586,0.000568922964152122,-0.00012102951650871832
372,1623,1573.0,0.000543287455484695,-0.0001408893012245174,-0.00021826984158076698,0.0005602741243572771,-0.00015787597009709947
373,1623,1569.0,0.000543287455484695,-0.00016180478029912326,-0.00016373521059715943,0.0005526682225267183,-0.00017118554734114655
374,1623,1570.0,0.0006005483981033483,-0.00016180478029912326,-0.00018569630257727135,0.0006116935790765511,-0.0001729499612723261
375,1623,1574.0,0.0006005483981033483,-0.0001408893012245174,-0.00024023093356088238,0.0006195219795386516,-0.0001598628826598207
379,1624,1544.0,0.0006151868594490087,-0.00019629281921142259,-9.164934551830761e-05,0.0006177664022857345,-0.00019887236204814835
378,1624,1543.0,0.0006151868594490087,-0.00018610810167354614,-7.770783293481465e-05,0.0006170664345063014,-0.00018798767673083882
376,1624,1574.0,0.0006005483981033483,-0.00019629281921142259,-0.00010234320625270368,0.0006038210982892175,-0.0001995655193972918
377,1624,1570.0,0.0006005483981033483,-0.00018610810167354614,-8.840169366921072e-05,0.0006030241742444565,-0.0001885838778146544
380,1625,1.0,0.0004244597605953422,-3.385595759818142e-05,-0.0001760588882507054,0.0004407861319876893,-5.018232899052849e-05
381,1625,1545.0,0.0004244597605953422,-5.676672451350784e-05,-0.0001576512608433625,0.000437042514265048,-6.934947818321364e-05
382,1625,1571.0,0.00044378789822747955,-5.676672451350784e-05,-0.00018170772648110414,0.00045976827604656776,-7.274710233259608e-05
383,1625,956.0,0.00044378789822747955,-3.385595759818142e-05,-0.00020011535388844703,0.0004639011976736853,-5.396925704438717e-05
384,1626,956.0,0.00044378789822747955,-3.891065588077408e-05,-0.00021908792744313246,0.000467484567232487,-6.26073248857815e-05
385,1626,1571.0,0.00044378789822747955,-7.045303018390702e-05,-0.00018952359372655103,0.0004606943145611011,-8.735944651752856e-05
386,1626,1572.0,0.0004748306141914814,-7.045303018390702e-05,-0.00022264326338354914,0.0004966816932566789,-9.230410924910445e-05
387,1626,957.0,0.0004748306141914814,-3.891065588077408e-05,-0.0002522075971001306,0.0005041149916094761,-6.819503329876878e-05
390,1627,1573.0,0.0005264942151190291,-9.539400784129137e-05,-0.00026204041903802114,0.0005529705176131744,-0.00012187031033543671
388,1627,957.0,0.0004748306141914814,-5.2873672759156266e-05,-0.000266596870988553,0.0005065904233191351,-8.463348188680989e-05
389,1627,1572.0,0.0004748306141914814,-9.539400784129137e-05,-0.00021739376955704978,0.0004948478537821454,-0.0001154112474319554
391,1627,958.0,0.0005264942151190291,-5.2873672759156266e-05,-0.00031124352046952436,0.0005656490153003232,-9.202847294045033e-05
395,1628,959.0,0.0006184245652076058,-9.110272402578271e-05,-0.00035913976852874896,0.000661282080586756,-0.00013396023940493297
394,1628,1574.0,0.0006184244426336478,-0.0001408893012245174,-0.0002715875681424465,0.0006419787959889785,-0.00016444365457984802
393,1628,1573.0,0.0005264942151190291,-0.0001408893012245174,-0.00021931138327671226,0.0005440496066587595,-0.00015844469276424776
392,1628,958.0,0.0005264942151190291,-9.110272402578271e-05,-0.00030686351396124953,0.0005625113467894057,-0.0001271198556961593
396,1629,959.0,0.0006184244045446124,-0.0001871744825601279,-0.0002443812693097916,0.0006365500646905906,-0.00020530014270610602
397,1629,1574.0,0.0006184242495892826,-0.00019629281921142259,-0.00013369976326872007,0.0006238730337085164,-0.00020174160333065634
398,1629,1544.0,0.0007346405923049949,-0.00019629281921142259,-0.00014327408058144656,0.0007401209320954483,-0.00020177315900187594
399,1629,5.0,0.0007346405923049949,-0.0001871744825601279,-0.00025395557385674353,0.0007518116220926918,-0.0002043455123478248
400,2141,969.0,1.7637647921139518e-05,0.00014792298695707817,-0.0001825581022418428,0.00019492055359662347,-2.9359918718405782e-05
401,2141,9.0,1.7637647921139518e-05,7.280968948622289e-05,-0.00015534575196819646,0.00012764978232221794,-3.720244491485552e-05
402,2141,2018.0,4.4505439506665675e-05,2.028899566034186e-06,-0.0002038652243052004,0.00012738883650141746,-8.08544974287176e-05
403,2141,2026.0,6.218826329630264e-05,7.280968948622289e-05,-0.0002783172554044485,0.00020675890364078864,-7.176095085826309e-05
404,2142,970.0,6.378673054777823e-05,8.422999789697741e-05,-0.00026234886479251963,0.00020558044906357291,-5.756372061881728e-05
405,2142,969.0,6.378673054777823e-05,7.105293931523688e-05,-0.00028021693979673155,0.00020757540130232402,-7.273573143930893e-05
406,2142,2026.0,3.0986411655907486e-05,5.627781576644244e-05,-0.00032444103688062526,0.00020634477573695095,-0.00011908054831460103
407,2142,2024.0,4.6665303844919265e-05,8.04671021496134e-05,-0.0002800777792177616,0.0002046212666959727,-7.748886070144004e-05
411,2143,2019.0,5.521014013514132e-05,5.4562736180130335e-05,-0.00020464320416935938,0.000157208552268642,-4.743567595337035e-05
410,2143,2018.0,2.2806654063536186e-05,7.007137788692454e-05,-0.0002193197087307329,0.00015861642987374504,-6.57383979232843e-05
408,2143,2024.0,7.808887540339607e-05,5.8852563648841276e-05,-0.00022467073788402618,0.0001812170899236521,-4.427565087141477e-05
409,2143,2026.0,4.91408041432659e-05,8.922194701290018e-05,-0.00027071410419933495,0.00020601395962350003,-6.765120846733395e-05
412,2144,971.0,0.00010016379983187988,5.566656434013951e-05,-0.0003072722089968345,0.00023315388086002814,-7.732351668800875e-05
413,2144,970.0,0.00010016379983187988,6.14759147767211e-05,-0.00032785941000050903,0.0002458869233531667,-8.424720874456575e-05
414,2144,2024.0,8.056273275225574e-05,6.312427266446838e-05,-0.00032816978717928325,0.00023615989652493277,-9.247289110820864e-05
415,2144,2025.0,7.641630366072433e-05,5.772638313798772e-05,-0.000307870672865666,0.0002212900714610802,-8.714738466236816e-05
416,2145,972.0,0.00013041086009884031,3.36148452985967e-05,-0.0003179299924707616,0.0002481821553644542,-8.41564499670172e-05
417,2145,971.0,0.00013041086009884031,4.182896485352053e-05,-0.0003429920944779414,0.0002632429834181231,-9.100315846576228e-05
418,2145,2025.0,0.00010417004021012234,4.447260200943193e-05,-0.00034245765131899267,0.00024813230111006795,-9.94896588905137e-05
419,2145,2023.0,0.00010215856641817081,3.5036414028986884e-05,-0.0003130076342768434,0.00022865932394491214,-9.146434349775444e-05
423,2146,2027.0,8.096604336170835e-05,5.714960257701855e-05,-0.00026778637899795357,0.00020347951730149708,-6.536387136277019e-05
422,2146,2028.0,7.61830451092467e-05,4.9233209191907375e-05,-0.0002518536264013993,0.00018935383650101962,-6.393758219986554e-05
421,2146,2024.0,6.482559618714405e-05,5.455707518225643e-05,-0.00025371132263529543,0.0001866508545844058,-6.726818321500534e-05
420,2146,2025.0,6.715513518569353e-05,6.108850378522062e-05,-0.0002658741344121508,0.00019709348880448877,-6.884984983357461e-05
424,2147,2027.0,6.52797893702043e-05,5.330695706360494e-05,-0.0002236557473655476,0.00017128136592492178,-5.269461949111252e-05
425,2147,2028.0,7.275197425819085e-05,4.890173920361554e-05,-0.00024238780009086698,0.00018260604147222976,-6.095232801042338e-05
426,2147,2020.0,5.638277320980326e-05,4.894298914472924e-05,-0.00024574080100286076,0.00017558957850585973,-7.026381615132723e-05
427,2147,2022.0,5.082967436962488e-05,5.127962228827922e-05,-0.00023614899853454004,0.0001691293619237727,-6.702006526586859e-05
428,2148,2023.0,0.00010004057500083083,4.268803354138401e-05,-0.0002832268465767923,0.00021585198595512798,-7.312337741291315e-05
429,2148,2025.0,0.00010068182488264313,4.1299999291408206e-05,-0.00029230824999111095,0.00022013037217674645,-7.814854800269511e-05
430,2148,2027.0,9.131741021323019e-05,4.0635416681841395e-05,-0.0002981189718195311,0.00021717461600551108,-8.52217891104395e-05
431,2148,2029.0,8.773577711828143e-05,4.2314894494054566e-05,-0.0002875550676797751,0.00021058543810645823,-8.053476649412224e-05
434,2149,2019.0,3.319918676339753e-05,6.291824869090727e-05,-0.0002187600165990686,0.0001584434624886863,-6.232602703438149e-05
435,2149,2020.0,5.260306658308618e-05,4.858862646105628e-05,-0.00021525548145500534,0.00015824230260159055,-5.705060955744807e-05
432,2149,2028.0,8.806655200203906e-05,4.890806325837349e-05,-0.0002431093389629966,0.0001916087293362938,-5.463411407588125e-05
433,2149,2024.0,5.434248321271266e-05,6.903541342799557e-05,-0.00024302586703381888,0.00018342375665988635,-6.004586001917813e-05
436,2150,13.0,0.00014919975114008853,2.1149952518265797e-05,-0.00031423348479170214,0.0002548358622966872,-8.44861586383329e-05
437,2150,972.0,0.00014919975114008853,2.8964844173337274e-05,-0.0003453343099039073,0.00027191570437585654,-9.375110906243076e-05
438,2150,2023.0,0.00011036657678441253,3.0462888163017288e-05,-0.00034153821092883924,0.000245794997170015,-0.0001049655322225852
439,2150,2017.0,0.00011664777559203601,2.1149952518265797e-05,-0.0003060539538259216,0.0002292023706171632,-9.140464250686139e-05
440,2151,2017.0,0.00011982186252651114,3.74758165167594e-05,-0.0002845582384886844,0.0002267655691517003,-6.946789010842976e-05
441,2151,2023.0,0.00011582721872862439,3.704523279872375e-05,-0.00030820183542135116,0.0002354920120967628,-8.261956056941465e-05
442,2151,2029.0,7.613341657736888e-05,3.689983051036183e-05,-0.00031688643458398225,0.00021616959619002822,-0.00010313634910229751
443,2151,2016.0,9.811003550708013e-05,3.74758165167594e-05,-0.00028495486606160483,0.00021346017027496034,-7.787431825112082e-05
446,2152,2021.0,6.714900945427439e-05,-1.0897206337782527e-06,-0.00019358392392448617,0.00013565914782670156,-6.959985900620541e-05
444,2152,2022.0,6.714900945427448e-05,0.00011434712846182331,-0.00030031600591048577,0.0002427491921807719,-6.125305426467408e-05
445,2152,2020.0,3.032160340190118e-05,3.6925128563710015e-05,-0.00018890123533504594,0.00012813167680210478,-6.0884944836493585e-05
447,2152,2015.0,0.00011300237145467525,4.624211259835486e-05,-0.0002869396298277663,0.0002269240438894407,-6.767955983641061e-05
2802,2153,2015.0,0.00010014076667076884,5.704069924787411e-05,-0.00029673882154189067,0.00022851700152317934,-7.133553560453638e-05
2801,2153,2022.0,0.00010014076667076884,5.704069924787411e-05,-0.00029673882154189067,0.00022851700152317934,-7.133553560453638e-05
2800,2153,2016.0,0.00010014076667076884,5.704069924787411e-05,-0.00029673882154189067,0.00022851700152317934,-7.133553560453638e-05
2805,2154,46.0,0.00011619933419587496,5.0751108366307e-05,-0.0003077775250836901,0.0002408048713878649,-7.385442882568293e-05
2804,2154,2021.0,0.00011619933419587496,5.0751108366307e-05,-0.0003077775250836901,0.0002408048713878649,-7.385442882568293e-05
2803,2154,2014.0,0.00011619933419587496,5.0751108366307e-05,-0.0003077775250836901,0.0002408048713878649,-7.385442882568293e-05
451,2155,2016.0,9.97949195249287e-05,3.500747260475455e-05,-0.00028425799030160374,0.00021317500915273908,-7.837261702305582e-05
449,2155,2027.0,7.671620125598855e-05,3.1495935388558394e-05,-0.0002498975248471972,0.00018108406382727878,-7.287192718273185e-05
448,2155,2029.0,8.457850514649069e-05,6.510079476386172e-05,-0.00028511397622520834,0.00021772890833443494,-6.804960842408253e-05
450,2155,2022.0,9.281944149496391e-05,1.710962694873009e-05,-0.000261658623305832,0.0001911603593863215,-8.123129094262749e-05
2806,2156,2015.0,0.00011619933419587496,7.096951325675795e-05,-0.00031589953773516647,0.0002531449566311332,-6.597610917850031e-05
2808,2156,2014.0,0.00011619933419587496,7.096951325675795e-05,-0.00031589953773516647,0.0002531449566311332,-6.597610917850031e-05
2807,2156,2021.0,0.00011619933419587496,7.096951325675795e-05,-0.00031589953773516647,0.0002531449566311332,-6.597610917850031e-05
454,2157,2333.0,0.0003667450631891691,-9.287054606536079e-05,-0.00022951640810996154,0.0003938050698297385,-0.0001199305527059302
453,2157,1484.0,0.00037585283877604285,-7.93842796442441e-05,-0.0001732232325226368,0.00039177438010028665,-9.530582096848792e-05
452,2157,2325.0,0.00035707821878789843,-7.569551379589919e-05,-0.00016313504660301313,0.0003719412968444684,-9.055859185246918e-05
455,2157,2324.0,0.0003356660646919203,-7.932195653137225e-05,-0.00018300647212383448,0.00035494640591378476,-9.860229775323674e-05
458,2158,1485.0,0.00041514535407679437,-6.733555408637394e-05,-0.0001319305594356104,0.0004240016309089453,-7.619183091852488e-05
457,2158,2332.0,0.0003608664852545783,-5.999745387873435e-05,-0.00012886713177912013,0.00037051018046925684,-6.964114909341283e-05
456,2158,2325.0,0.0003498525409009103,-7.064076549447288e-05,-0.00016387144128257028,0.00036525410395550184,-8.60423285490644e-05
459,2158,1484.0,0.0003809606385632583,-7.897793601287635e-05,-0.00017775933363562563,0.00039753844265821067,-9.555574010782872e-05
463,2159,2334.0,0.0003491136092082514,-7.914713185991015e-05,-0.00022021662402282177,0.00037576458338149,-0.00010579810603314872
462,2159,1483.0,0.00034899067229945263,-7.78333898346791e-05,-0.00024540309841277613,0.00038175005545795836,-0.00011059277299318483
461,2159,1484.0,0.0003657258198985613,-7.851829008350471e-05,-0.00023314184852691287,0.00039445628671481645,-0.00010724875689975988
460,2159,2333.0,0.0003694768513089093,-7.96784557956392e-05,-0.0002110896154214198,0.000393041956888825,-0.00010324356137555492
467,2160,2323.0,0.00032941762182144355,-8.217287406807187e-05,-0.0002131339140267717,0.0003553726714034358,-0.00010812792365006411
464,2160,2324.0,0.00034855798744912354,-8.148533765222558e-05,-0.00020427893724713625,0.0003715841907085861,-0.00010451154091168808
466,2160,2334.0,0.0003307320164536408,-8.493410916137032e-05,-0.00024097967773368395,0.00036313297135825295,-0.00011733506406598249
465,2160,2333.0,0.000360141201960585,-8.348170045896405e-05,-0.0002233618331229821,0.0003866701361330534,-0.0001100106346314324
468,2161,2334.0,0.0003489749266783401,-7.27483958111281e-05,-0.00024860496095038126,0.0003828861128558112,-0.00010665958198859918
471,2161,2546.0,0.00031748215530084944,-7.386599830654241e-05,-0.0002628163373806971,0.0003575122386885464,-0.00011389608169423934
470,2161,1482.0,0.0003267644884669581,-7.608740876375599e-05,-0.00028377167483410043,0.00037172036473958676,-0.00012104328503638467
469,2161,1483.0,0.0003488794715334753,-7.473284007034574e-05,-0.000268175820682906,0.0003877552164250946,-0.000113608584961965
475,2162,1486.0,0.00038493508871428536,-4.461927411714801e-05,-0.00011647167844989689,0.0003926902659053873,-5.237445130824994e-05
474,2162,1487.0,0.0003968359435145667,-3.553237879700511e-05,-9.127397015507716e-05,0.0004016004776289686,-4.029691291140697e-05
473,2162,2331.0,0.000375667522604985,-3.078777886418344e-05,-9.074043461405196e-05,0.0003806703562899134,-3.579061254911189e-05
472,2162,2335.0,0.00036920673113201644,-4.2968145502055336e-05,-0.00012014071732167723,0.0003777829372024731,-5.154435157251201e-05
476,2163,2332.0,0.00036378757107322773,-5.7600688696634e-05,-0.00013606416576716386,0.00037449890785397496,-6.83120254773812e-05
477,2163,2335.0,0.00037216595457842394,-4.615989581017115e-05,-0.00010679846872619844,0.00037887476793829777,-5.286870917004495e-05
478,2163,1486.0,0.0004068382023765839,-4.9701221527219045e-05,-9.914279616189334e-05,0.0004121586976301724,-5.50217167808076e-05
479,2163,1485.0,0.0003860732776090241,-6.156880638493307e-05,-0.0001349156719246715,0.00039601796978481655,-7.151349856072552e-05
480,2164,2327.0,0.00036663438354339953,-6.094388671719711e-05,-0.00010266440272005753,0.0003727106372223167,-6.702014039611427e-05
481,2164,2328.0,0.0003675871911011791,-4.539899304345675e-05,-8.754153945677093e-05,0.00037217530936318273,-4.998711130546041e-05
482,2164,2335.0,0.00038486816210681063,-4.440637622626215e-05,-6.755089342111789e-05,0.0003875093735032743,-4.704758762272583e-05
483,2164,2332.0,0.00037948820910114166,-6.250223746369634e-05,-8.987387707589181e-05,0.00038401065066741996,-6.702467902997464e-05
485,2165,2327.0,0.00036170758976697935,-6.068825622137196e-05,-0.00010445328731083225,0.0003680692792576663,-6.704994571205889e-05
486,2165,2332.0,0.00037738430090892075,-6.32169218294305e-05,-8.313018267310131e-05,0.0003812711472340781,-6.710376815458787e-05
484,2165,2326.0,0.00036205459736979306,-7.901688720786588e-05,-0.00011641241828146739,0.00036960650579756824,-8.656879563564106e-05
487,2165,2325.0,0.0003730575885923879,-8.126395131496567e-05,-0.00010176769422907787,0.0003786868126314149,-8.689317535399258e-05
488,2166,2328.0,0.0003750893572985175,-4.585042241739794e-05,-9.583438197608568e-05,0.0003804750481629618,-5.123611328184226e-05
490,2166,2331.0,0.00038023411627405995,-1.694609585015268e-05,-6.868038287286687e-05,0.0003831812995001882,-1.9893279076280905e-05
489,2166,2329.0,0.0003748666870103511,-3.254960588802419e-05,-9.317940898966211e-05,0.00038012650340398625,-3.7809422281659324e-05
491,2166,2335.0,0.0003784160719544072,-4.519331790882905e-05,-8.302254040257195e-05,0.0003824456058855901,-4.922285184001199e-05
494,2167,1487.0,0.00038297698940870746,-2.205097503891085e-05,-0.00011226387606599192,0.000390612257632016,-2.9686243262219382e-05
493,2167,1488.0,0.00039006120384214166,-2.9331647892277033e-05,-9.976984800350985e-05,0.00039591314067839354,-3.518358472852896e-05
492,2167,2329.0,0.0003809683571213622,-3.2576097239508635e-05,-8.854516266051243e-05,0.00038565490935384627,-3.726264947199272e-05
495,2167,2331.0,0.0003635359665743326,-2.6416087069833805e-05,-9.38336337844136e-05,0.00036910130392089815,-3.198142441639929e-05
498,2168,1481.0,0.00030107497807456635,-6.291803854225741e-05,-0.00031641951815481253,0.0003602279190787846,-0.00012207097954647565
496,2168,2546.0,0.00031452367759980324,-6.720842989723416e-05,-0.0002586594929812544,0.0003542135472210005,-0.0001068982995184314
497,2168,1482.0,0.0003332879794084309,-6.397542622247006e-05,-0.0003042949562161593,0.0003848630080332317,-0.00011555045484727081
499,2168,2322.0,0.0002865130863921976,-6.411909699500145e-05,-0.00029891155210046627,0.000341572255960514,-0.00011917826656331789
503,2169,1488.0,0.0003848642726965272,-1.0731903837869067e-05,-0.00011982731950674688,0.0003937391878603561,-1.960681900169795e-05
500,2169,2329.0,0.00037130812587394743,-1.5522162091533858e-05,-0.00010315341782766822,0.0003780668433822783,-2.228087959986469e-05
501,2169,2330.0,0.0003756833249321922,-2.367648387145932e-05,-8.732466464715649e-05,0.00038040122748009096,-2.83943864193581e-05
502,2169,1489.0,0.00039153546353865726,-2.0490248687875884e-05,-0.00010154136932441146,0.00039769932458590904,-2.6654109735127648e-05
504,2170,2330.0,0.00037906590909534896,-1.1767996262526304e-05,-0.00011590755927688538,0.00038747836049909837,-2.0180447666275726e-05
505,2170,2319.0,0.0003833555091424922,-2.282748418765288e-05,-0.00010488111124219018,0.0003900166474823424,-2.9488622527503057e-05
506,2170,1490.0,0.0003962275651457105,-2.0234733352341252e-05,-0.00011817225607858514,0.00040444821663820245,-2.845538484483326e-05
507,2170,1489.0,0.0003930902636081427,-7.0130546279623595e-06,-0.00013289037270144619,0.00040383620671807525,-1.7758997737894896e-05
511,2171,2328.0,0.00037296799124532896,-4.412117352174384e-05,-6.259109155911692e-05,0.0003753031234555961,-4.6456305732011e-05
510,2171,2329.0,0.0003725728048240718,-2.6681496273781548e-05,-5.748696937287953e-05,0.00037463151681440057,-2.8740208264110275e-05
509,2171,2336.0,0.0003669176895213788,-2.629335860931275e-05,-7.322153904036101e-05,0.00037029736625316463,-2.9673035341098563e-05
508,2171,2337.0,0.0003673621289650292,-4.404527381565243e-05,-7.829866004073309e-05,0.000371054422776913,-4.7737567627536236e-05
514,2172,2328.0,0.0003698732376439407,-4.4163991485803565e-05,-5.369966046775941e-05,0.00037160715638093596,-4.589791022279881e-05
513,2172,2337.0,0.00036761235897896094,-4.409115943385461e-05,-6.878741530897195e-05,0.0003704658318454342,-4.694463230032786e-05
512,2172,2338.0,0.00036737334378309297,-6.0708914721218044e-05,-7.287196142825511e-05,0.0003704524247881547,-6.37879957262798e-05
515,2172,2327.0,0.0003697167164514979,-5.959979126757373e-05,-5.705630648857561e-05,0.00037160411938875516,-6.1487194204831e-05
516,2173,2316.0,0.0003499607345658091,-5.511126161492232e-05,-5.8003172721970454e-05,0.0003520265999418212,-5.717712699093442e-05
518,2173,2337.0,0.00037156769372823605,-4.444878026170155e-05,-2.764341809652522e-05,0.0003720263996733169,-4.490748620678242e-05
519,2173,2338.0,0.00036828683707024017,-6.878013835252838e-05,-6.413700239368131e-05,0.00037062723649881077,-7.112053778109896e-05
517,2173,2317.0,0.0003535785067640511,-4.3200611375833185e-05,-3.870583024488845e-05,0.0003545202108509519,-4.414231546273403e-05
523,2174,2326.0,0.0003602313616823498,-7.112013461132936e-05,-5.111691798610589e-05,0.00036174047296359867,-7.262924589257827e-05
520,2174,2316.0,0.00036786776128975,-7.334841884885172e-05,-5.93352247601122e-05,0.0003698536887239706,-7.533434628307235e-05
521,2174,2338.0,0.0003767359479652267,-6.127206248783613e-05,-8.01543458746664e-05,0.0003803727613140668,-6.490887583667624e-05
522,2174,2327.0,0.00036047416194833794,-5.97731461390787e-05,-6.015736145357359e-05,0.00036261608924777623,-6.191507343851699e-05
524,2175,2336.0,0.0003682140002782171,-2.5963180075391944e-05,-8.675585812680138e-05,0.0003729311511191295,-3.068033091630434e-05
525,2175,2339.0,0.00036752256507993283,-1.796224834359897e-05,-7.29818373504422e-05,0.000370946471711731,-2.138615497539721e-05
526,2175,2330.0,0.00037984616846248667,-1.9888394368752603e-05,-6.943077515485577e-05,0.00038283866205197133,-2.2880887958237264e-05
527,2175,2329.0,0.00037715347945133613,-2.608665529702306e-05,-8.192494679056493e-05,0.0003812725084945073,-3.0205684340194213e-05
530,2176,2319.0,0.000389263605225329,-2.36669125773803e-05,-8.538760295095406e-05,0.00039363160702453564,-2.803491437658695e-05
529,2176,2318.0,0.00037637988853525626,-2.7262659814022996e-05,-7.130512870466219e-05,0.0003795047830351546,-3.0387554313921308e-05
528,2176,2339.0,0.0003619701449432064,-1.6332948748298286e-05,-7.73337137006478e-05,0.0003658818869247821,-2.024469072987395e-05
531,2176,2330.0,0.0003842243843097809,-1.2105593650175127e-05,-9.876910201923883e-05,0.00039028524270436147,-1.816645204475573e-05
535,2177,2321.0,0.00024026058258470526,-5.289519841305179e-05,-0.0003021567625818159,0.00030418151696754,-0.00011681613279588654
534,2177,1480.0,0.00025994992559628515,-4.4386669316477884e-05,-0.0003410676999092352,0.0003363357458694205,-0.00012077248958961318
533,2177,1481.0,0.0003086730737725564,-4.8201631315322605e-05,-0.0003380315822192007,0.00037601250293774056,-0.00011554106048050676
532,2177,2322.0,0.0002797533306009344,-5.6379015919436515e-05,-0.0002981319369362908,0.00033633555272711446,-0.00011296123804561655
539,2178,2315.0,0.00016426590969384307,-1.7039042258791353e-05,-0.0002984828277245357,0.00024822978751133716,-0.00010100292007628544
536,2178,2320.0,0.00019914446254340294,-1.975618068340379e-05,-0.00030814149526522255,0.0002786840035611715,-9.929572170117232e-05
538,2178,13.0,0.00017463243452427082,9.590320799345497e-07,-0.0003431412021374751,0.00028008999694570694,-0.00010449853034150158
537,2178,1479.0,0.00021875645102363908,-2.2375041146911658e-07,-0.000360370056693312,0.0003201092458359685,-0.00010157654522379851
540,2179,2321.0,0.0002385902680960691,-3.853339409932359e-05,-0.00030759562062683196,0.0003070384548582532,-0.00010698158086150765
543,2179,2320.0,0.0002033687978295947,-3.3465863286357214e-05,-0.0003112953359152848,0.0002805246267724292,-0.00011062169222919173
542,2179,1479.0,0.00021911824470135718,-2.1949634724081836e-05,-0.0003513536256854327,0.00031163540964018434,-0.000114466799662909
541,2179,1480.0,0.0002630163248936272,-2.4604783497574772e-05,-0.00035782194995012326,0.00034875012907908736,-0.00011033858768303489
547,2180,2342.0,0.0002494174579489167,-6.543572324557787e-05,-0.00026847513274836504,0.0002988793775525415,-0.00011489764284920272
546,2180,2321.0,0.00026612168858267116,-5.950103009768953e-05,-0.0003117961170966653,0.00032872493256121257,-0.00012210427407623094
545,2180,2322.0,0.000300320321234903,-6.124940314997302e-05,-0.00030471045554773465,0.0003559572893119344,-0.0001168863712270044
544,2180,2341.0,0.00029542461160437204,-6.605485500841158e-05,-0.0002708848376207756,0.0003405421341231454,-0.00011117237752718495
550,2181,2342.0,0.00024766841205829324,-6.66230663062626e-05,-0.0002814407396776065,0.0003014658069920943,-0.00012042046124006366
551,2181,2309.0,0.00026432999444878265,-6.835641196097368e-05,-0.0002588313605980299,0.0003087437117938979,-0.00011277012930608891
548,2181,2310.0,0.00028188769037017745,-6.816853955760786e-05,-0.00026269088449480844,0.00032568934081076496,-0.00011197018999819537
549,2181,2341.0,0.00028118734732424273,-6.684924557019082e-05,-0.00028077125661273364,0.00033075458738009405,-0.00011641648562604216
553,2182,2321.0,0.000264124193106903,-4.5555008913532855e-05,-0.00031260185196806383,0.0003292965951884921,-0.00011072741099512197
554,2182,2320.0,0.00024077834752349835,-4.3094109694459494e-05,-0.00031711639739809283,0.0003116485928912916,-0.00011396435506225275
555,2182,2309.0,0.00022984907808362189,-4.806465051132176e-05,-0.0002939374787808884,0.0002931515040385444,-0.00011136707646624431
552,2182,2342.0,0.0002488144523136301,-5.462859123579961e-05,-0.0002714129295597473,0.00030065045251412097,-0.00010646459143629048
559,2183,2308.0,0.00018465177289566856,-3.709435807287766e-05,-0.00027221285541122013,0.00024932868978867274,-0.00010177127496588186
556,2183,2309.0,0.00021997823122471994,-3.951507953960738e-05,-0.00027994343726764175,0.000281088267106351,-0.00010062511542123842
557,2183,2320.0,0.00024064878911806385,-2.4247853212268876e-05,-0.00032690432703787707,0.0003185790969495065,-0.00010217816104371157
558,2183,2315.0,0.00019426079656247128,-2.1090959653646672e-05,-0.0003166976383138075,0.00027807497891376717,-0.00010490514200494255
560,2184,2340.0,0.00032308542926450315,-7.835738997547003e-05,-0.00023482115316923909,0.000354902893327536,-0.00011017485403850286
561,2184,2323.0,0.0003284884176209535,-7.765432937828368e-05,-0.000266619676638314,0.0003683357460108794,-0.00011750165776820955
562,2184,2322.0,0.00029538725266076496,-7.758681170189465e-05,-0.0002689272663523659,0.0003388086409836425,-0.0001210082000247722
563,2184,2341.0,0.000290847328860179,-7.82683444360161e-05,-0.000238117903092255,0.00032591788065831353,-0.0001133388962341506
566,2185,2341.0,0.0002823936220690045,-7.962056461531769e-05,-0.00025003505756413316,0.0003213705061955506,-0.00011859744874186375
565,2185,2340.0,0.0003171524216873563,-8.026166605118576e-05,-0.00025086034007282786,0.0003534288173167616,-0.00011653806168059112
564,2185,2311.0,0.0003125402256590887,-8.458576058285557e-05,-0.00022099923337125932,0.0003412159341820714,-0.00011326146910583827
567,2185,2310.0,0.0002836073130897433,-8.427720692921227e-05,-0.00021879341844916605,0.0003136799941628037,-0.00011434988800227268
571,2186,2343.0,0.0003315373990868068,-8.957049076143602e-05,-0.000151994888017027,0.00034483290182547746,-0.0001028659935001067
570,2186,2324.0,0.00034242181839332173,-8.676400930976555e-05,-0.00018939364977504577,0.0003623872284594643,-0.00010672941937590812
569,2186,2325.0,0.0003685374261682556,-8.812387185664147e-05,-0.00017368168315306642,0.00038449393818594903,-0.0001040803838743349
568,2186,2344.0,0.0003631830316137407,-9.065678101439719e-05,-0.00014027153374559717,0.0003737745348707098,-0.00010124828427136628
574,2187,2325.0,0.0003578489444418971,-7.994675293526224e-05,-0.00010913531790290344,0.0003645478545153401,-8.664566300870525e-05
573,2187,2326.0,0.0003488700169049074,-7.827495850567278e-05,-0.00011992070505276349,0.00035712730939090336,-8.653225099166867e-05
572,2187,2313.0,0.00034759478955902895,-9.060437450998115e-05,-0.0001308298713727828,0.0003571515887137431,-0.00010016117366469537
575,2187,2344.0,0.0003608338540424805,-0.00010459969935588725,-0.0001235311823923231,0.00036889100951426306,-0.00011265685482766984
576,2188,2313.0,0.00034442658474399725,-9.270718657549104e-05,-0.0001256649598732184,0.0003532787045389074,-0.00010155930637040117
578,2188,2343.0,0.00033222498727503505,-9.694813085516169e-05,-0.00016818427776272432,0.00034811376127844804,-0.00011283690485857468
579,2188,2312.0,0.00032011821812872807,-9.377295261606665e-05,-0.00013853333334303214,0.0003314026637257349,-0.0001050573982130735
577,2188,2344.0,0.0003733970343612475,-9.505580840982154e-05,-0.0001455402032301857,0.0003844408805666807,-0.00010609965461525476
581,2189,2316.0,0.00035717169710935623,-7.730973200636855e-05,-7.939088607885041e-05,0.0003607686067456218,-8.090664164263415e-05
580,2189,2314.0,0.0003571832504147372,-9.6982890965094e-05,-7.915849247428549e-05,0.0003606066606026086,-0.00010040630115296537
582,2189,2326.0,0.00035761574998482634,-7.20761716878436e-05,-5.596489109710445e-05,0.00035943036273437866,-7.389078443739588e-05
583,2189,2313.0,0.0003575509886716687,-9.661974816745294e-05,-5.983406638280023e-05,0.00035951319920727394,-9.858195870305814e-05
585,2190,2343.0,0.00034628617609382996,-9.17083770337293e-05,-0.00020612021797952046,0.0003693244200788612,-0.00011474662101876052
584,2190,2312.0,0.00033494655792459804,-9.442340206788154e-05,-0.00017611879183640662,0.0003523048882078506,-0.00011178173235113409
586,2190,2340.0,0.0003114054786215511,-9.077057237364186e-05,-0.00021284296575382194,0.00033782992754292506,-0.0001171950212950158
587,2190,2311.0,0.0003062633167271074,-9.382268195314247e-05,-0.00017983026633800088,0.00032554184564582056,-0.00011310121087185562
588,2191,2343.0,0.0003424545188339765,-8.664243256587011e-05,-0.0001895396900076663,0.000362453206722128,-0.00010664112045402166
589,2191,2324.0,0.00035029887047684574,-8.6010285575966e-05,-0.00021607888284864984,0.00037558615577135547,-0.00011129757087047573
590,2191,2323.0,0.0003217589134646322,-8.576111657563029e-05,-0.0002257808196439691,0.0003509417849012024,-0.00011494398801220056
591,2191,2340.0,0.0003167494059401286,-8.646572517563892e-05,-0.00019628907518027053,0.00033936931583732337,-0.00010908563507283373
595,2192,1490.0,0.00040686193950854876,-1.3336863376617401e-05,-0.0001473679094881851,0.00041940818404464,-2.5883107912708618e-05
594,2192,1.0,0.00040781350852771986,-3.414731514052134e-05,-0.0001326358748333159,0.0004175502638866309,-4.388407049943236e-05
593,2192,2165.0,0.0003959985359219438,-3.304602529827572e-05,-0.00011808686485032319,0.0004039755492224155,-4.102303859874741e-05
592,2192,2319.0,0.00039523802611694976,-1.7291215019059274e-05,-0.00012918766959288397,0.00040511562074943054,-2.716880965154006e-05
599,2193,2319.0,0.00039649021923319865,-1.5202062999412593e-05,-0.00010914705980517164,0.00040360159495652574,-2.2313438722739684e-05
596,2193,2318.0,0.00038618097003289935,-2.0101281158903623e-05,-9.290498785860177e-05,0.0003914244674316458,-2.534477855765008e-05
598,2193,2165.0,0.00039759194257938703,-3.567821628417757e-05,-9.291808877364555e-05,0.00040251769101605126,-4.060396472084179e-05
597,2193,2164.0,0.00038647910133733643,-3.416248647139136e-05,-8.12244869829587e-05,0.0003903642612950749,-3.80476464291298e-05
600,2194,137.0,0.000357018670102233,-6.688212815992739e-05,-3.3000489548265684e-05,0.0003576599682912281,-6.752342634892245e-05
603,2194,2316.0,0.0003612060440859183,-6.77234091014496e-05,-8.759738980150186e-06,0.0003612507629944166,-6.776812800994792e-05
602,2194,2317.0,0.00036230793045535954,-3.8066734145364514e-05,2.7496845873761777e-06,0.00036231265145599163,-3.807145514599664e-05
601,2194,138.0,0.000357018670102233,-4.302556940373833e-05,-2.8903894957120826e-05,0.00035754007972978055,-4.354697903128591e-05
607,2195,2314.0,0.0003549671339506703,-9.440866283423176e-05,-7.400932194660294e-06,0.00035499760404053516,-9.44391329240966e-05
605,2195,137.0,0.0003530346107262052,-6.688212815992739e-05,-3.2863040957487565e-05,0.0003536766015972525,-6.75241190309747e-05
604,2195,136.0,0.0003530346107262052,-9.425206342892055e-05,-3.4793209757058054e-05,0.0003537102074917044,-9.49276601944198e-05
606,2195,2316.0,0.00035490924416027667,-6.77992126038731e-05,-6.345275415627419e-06,0.00035493305504672964,-6.782302349032606e-05
609,2196,2315.0,0.00019292256360269044,-1.7909083768895447e-06,-0.00031558424775402286,0.0002809753430111232,-8.984368778532228e-05
608,2196,2308.0,0.0001839682418800963,-2.057857773322925e-05,-0.0002732157739943012,0.0002523452500140523,-8.895558586718521e-05
610,2196,2306.0,0.00015520217980695503,-3.5183401337517736e-07,-0.00029980776817859975,0.00024630512217722444,-9.145477638364456e-05
611,2196,2307.0,0.00015077041106443048,-1.9417553779033135e-05,-0.00025911781172698045,0.00022068125415769586,-8.932839687229852e-05
612,2197,2315.0,0.00016206661257684753,2.2408015571654012e-08,-0.0002944205912682376,0.0002490785907640088,-8.698957017158959e-05
613,2197,13.0,0.0001724607885360916,2.1149952518265797e-05,-0.0003399968237288026,0.00028287848064930776,-8.926773959495033e-05
614,2197,2017.0,0.0001359179315945109,2.1149952518265797e-05,-0.0003207433462429649,0.00024886302294128883,-9.179513882851217e-05
615,2197,2306.0,0.0001306735500018249,1.2964936465336124e-06,-0.00028029860444050633,0.00022034315277494554,-8.837310912658704e-05
617,2198,2310.0,0.00027815369350145044,-6.6389635864736e-05,-0.00027423853104835416,0.00032606199936648377,-0.00011429794172976935
618,2198,2309.0,0.00024147031357472145,-6.728738803110906e-05,-0.00026273918934349456,0.00028980012065165094,-0.00011561719510803855
616,2198,2302.0,0.0002763009359096451,-7.320285051437287e-05,-0.00023299013109992668,0.0003115712426639055,-0.00010847315726863327
619,2198,2301.0,0.00024008783905191903,-7.321045182192784e-05,-0.00022691789932389322,0.00027686022298675534,-0.00010998283575676415
620,2199,2301.0,0.00024099846217801122,-5.560578955469129e-05,-0.00025104532535820314,0.0002869885373453881,-0.00010159586472206813
622,2199,2308.0,0.00020084494219754258,-4.039553607069319e-05,-0.00028832973269999826,0.00026819478254014594,-0.00010774537641329655
621,2199,2309.0,0.00024264202879520792,-4.2629721330135245e-05,-0.00029386228129889454,0.0003047834790091443,-0.00010477117154407165
623,2199,2300.0,0.00019716464281822887,-5.524840120401265e-05,-0.00023876823310129205,0.0002446839205108992,-0.00010276767889668298
626,2200,2310.0,0.0002761879509528761,-8.50421740081638e-05,-0.00022995772906540118,0.0003096801982122883,-0.00011853442126757597
625,2200,2311.0,0.00030685324662459157,-8.534893430805005e-05,-0.00023201395981484185,0.0003385969653361867,-0.00011709265301964512
624,2200,2303.0,0.0003035518988461494,-8.95644548626407e-05,-0.00020123064858045686,0.0003278071282205236,-0.0001138196842370149
627,2200,2302.0,0.0002748005288008334,-8.930402127292712e-05,-0.00019910722925335633,0.0003002427188258941,-0.00011474621129798783
628,2201,2300.0,0.0001981198939428686,-3.625898670685018e-05,-0.0002527823313699905,0.0002532908077800545,-9.142990054403612e-05
629,2201,2308.0,0.00020074934025880904,-2.174074393187283e-05,-0.0002884891416483227,0.0002716634472695195,-9.265485094258331e-05
630,2201,2307.0,0.00016747730266620207,-2.075502132522296e-05,-0.0002768789959724672,0.00024076289260721085,-9.404061126623174e-05
631,2201,2299.0,0.0001655824074496895,-3.5946980550241613e-05,-0.00023987459900313285,0.00022146534148358577,-9.182991458413789e-05
633,2202,2314.0,0.00034624262113093756,-9.71640161382074e-05,-8.899918074444478e-05,0.0003506644338658755,-0.00010158582887314534
632,2202,2305.0,0.0003460841850930242,-0.00011112581305635247,-8.074826297293624e-05,0.00034962206464101705,-0.00011466369260434529
634,2202,2313.0,0.0003386777944131983,-9.691500546938313e-05,-7.589517609064671e-05,0.0003419589629085182,-0.00010019617396470298
635,2202,2304.0,0.0003380385274276603,-0.00011116933242507643,-6.66352485098479e-05,0.00034049623984618753,-0.00011362704484360367
636,2203,135.0,0.00034647425787201133,-0.00011244265914560639,-3.305412001480563e-05,0.00034706868000964654,-0.00011303708128324163
637,2203,136.0,0.00034647425787201133,-9.425206342892055e-05,-3.475571987221482e-05,0.0003471584057050961,-9.493621126200531e-05
638,2203,2314.0,0.00034480995561556125,-9.435373712016633e-05,-1.6954335476090064e-05,0.0003449735292845644,-9.451731078916948e-05
639,2203,2305.0,0.000344776181915518,-0.00011252406296763243,-1.4893581076260223e-05,0.0003448974151587534,-0.00011264529621086782
643,2204,2290.0,0.00010631800574308417,1.6094728567264487e-05,-0.00025538149608833084,0.00019663157556248944,-7.421884125214078e-05
642,2204,2016.0,0.00010786872039572626,3.74758165167594e-05,-0.0002855356356966602,0.00021971457543726897,-7.43700385247833e-05
641,2204,2017.0,0.00013331131823377668,3.74758165167594e-05,-0.00030428663601303994,0.0002449043822480257,-7.411724749748963e-05
640,2204,2306.0,0.00012918292757766424,1.5614365368279092e-05,-0.0002715809803040554,0.00021958394395986291,-7.478665101391958e-05
645,2205,2359.0,0.00019590435029448287,-5.537349623051355e-05,-0.00022243153971864688,0.0002380572221352075,-9.752636807123816e-05
644,2205,2361.0,0.0001994954265859515,-5.94638554199965e-05,-0.00021139519742744643,0.00023715931614311104,-9.712774497715602e-05
646,2205,2360.0,0.00018266753500156482,-5.6338870362499156e-05,-0.00021511886682329048,0.0002239438309102952,-9.761516627122954e-05
647,2205,2362.0,0.00018512112490233316,-6.431880785456347e-05,-0.00019206622672857457,0.00021780963630027187,-9.700731925250218e-05
651,2206,2361.0,0.00020760181473364857,-7.608695507474309e-05,-0.0001886507059328064,0.00023610149852891233,-0.00010458663887000686
648,2206,2357.0,0.00022754683795824654,-7.524619532376698e-05,-0.00019704930585404037,0.00025678257891654133,-0.00010448193628206175
649,2206,2358.0,0.00022452984987497704,-6.974203471673299e-05,-0.00021767549603241704,0.0002604093192485464,-0.00010562150409030235
650,2206,2359.0,0.00020128920951947502,-7.055493034949917e-05,-0.00020853767934607935,0.00023667621705036234,-0.00010594193788038649
652,2207,2359.0,0.00020627192379802511,-5.644548554359905e-05,-0.0002197802292403404,0.00024617601889420204,-9.634958063977597e-05
653,2207,2355.0,0.0002036690146289587,-4.748399423448041e-05,-0.00024420619248934246,0.0002532456562661155,-9.706063587163719e-05
654,2207,2356.0,0.00017955879716012764,-4.814432311136803e-05,-0.00023381407524825613,0.000228892509617813,-9.747803556905339e-05
655,2207,2360.0,0.00018091558736440475,-5.840148621296748e-05,-0.0002052829144152113,0.00021890677041089656,-9.639266925945929e-05
658,2208,2355.0,0.0002053131362257047,-6.422549987949728e-05,-0.00022991554153619503,0.000247682346303868,-0.00010659470995766059
657,2208,2354.0,0.00023275847836248722,-6.402706893257636e-05,-0.00023769050681757796,0.000274483061967277,-0.00010575165253736617
656,2208,2358.0,0.0002338600434462915,-7.073067455391996e-05,-0.0002116752469764789,0.00026702486593700985,-0.00010389549704463834
659,2208,2359.0,0.00020829077272774884,-7.161719280488865e-05,-0.0002016794004936779,0.000240835376732532,-0.00010416179680967181
663,2209,2357.0,0.00023200218205587844,-9.159153950529355e-05,-0.0001677478662527477,0.00025244982960555675,-0.00011203918705497183
662,2209,2358.0,0.00022820729542033513,-8.718387408891215e-05,-0.00019404693042918142,0.00025566421605883213,-0.00011464079472740918
661,2209,2348.0,0.00025224209843385543,-8.698021173418602e-05,-0.00019922603316049545,0.0002793304527573379,-0.0001140685660576685
660,2209,2347.0,0.0002530411414848645,-9.053356397595568e-05,-0.00017765429147679384,0.00027464757453402055,-0.00011213999702511178
665,2210,2349.0,0.00026329236235111096,-8.046288263973344e-05,-0.00022219518529887315,0.0002960719953028852,-0.00011324251559150766
667,2210,2358.0,0.00023499131140122895,-8.765064892690016e-05,-0.00018537890555050777,0.00025972353141622754,-0.00011238286894189872
666,2210,2354.0,0.000233744220366045,-8.052889070110658e-05,-0.00021485058044446066,0.000266954952872743,-0.0001137396232078046
664,2210,2348.0,0.00026172489142151697,-8.73196638465734e-05,-0.00019315783769534994,0.0002866656754213506,-0.00011226044784640703
668,2211,2354.0,0.00023766462599284811,-6.430870030913502e-05,-0.00022789945662798992,0.00027583798248740493,-0.00010248205680369186
671,2211,2355.0,0.00020569969279047792,-6.453973828676046e-05,-0.00021884660165882863,0.000244450033016622,-0.0001032900785129045
670,2211,2300.0,0.00020558675617525068,-5.565120944588326e-05,-0.0002536951807112038,0.0002570436637222205,-0.00010710811699285311
669,2211,2301.0,0.00023806690458294533,-5.587128169300755e-05,-0.0002611092444742783,0.0002876796613835665,-0.0001054840384936287
675,2212,2356.0,0.00017499098562505193,-4.909506958044934e-05,-0.0002211866378630991,0.000220378965853307,-9.448304980870441e-05
674,2212,2299.0,0.00017500199517987702,-3.631163029056662e-05,-0.00025561404239696217,0.0002351703818113218,-9.64800169220114e-05
673,2212,2300.0,0.00020554587401327984,-3.657087244937282e-05,-0.0002662587255491365,0.00026442792692954746,-9.545292536564042e-05
672,2212,2355.0,0.00020564739027362222,-4.821319078071064e-05,-0.0002349459254199016,0.0002516656343489912,-9.423143485607957e-05
678,2213,2301.0,0.00023778106447676275,-7.31972595161372e-05,-0.00023737426546328183,0.00027790252329221144,-0.00011331871833158589
679,2213,2354.0,0.00023737742544909478,-8.062992694543591e-05,-0.00020406472298304702,0.00026729905680955644,-0.00011055155830589757
676,2213,2349.0,0.00026841999419539506,-8.056506777823517e-05,-0.0002113002499919206,0.00029791175741243934,-0.00011005683099527946
677,2213,2302.0,0.00027024425202603133,-7.31880980411316e-05,-0.000244678717381739,0.0003093677398954644,-0.0001123115859105647
681,2214,2353.0,0.00021470780167054046,-8.11828547010782e-05,-0.00017236489060388441,0.00023797939440736975,-0.0001044544474379075
682,2214,2352.0,0.0001964063260696718,-8.137231220990953e-05,-0.000167993983095336,0.00021983070801569098,-0.00010479669415592872
683,2214,2350.0,0.00019650462169779753,-8.469801695203572e-05,-0.00014973128599139046,0.00021519421704495524,-0.00010338761229919342
680,2214,2351.0,0.00021429345702313023,-8.477752827745256e-05,-0.00015253047571475026,0.00023261877000538473,-0.00010310284125970707
685,2215,2352.0,0.0001963208776801671,-6.863988452061225e-05,-0.00018381682800310255,0.00022508009451026418,-9.739910135070934e-05
684,2215,2350.0,0.00019646420565453543,-7.372043083220638e-05,-0.00015718865320545235,0.00021766329031773577,-9.491951549540673e-05
686,2215,2297.0,0.00017332637510249736,-6.969709572142771e-05,-0.00017388732453146004,0.00020122783271914297,-9.759855333807332e-05
687,2215,2298.0,0.000173932495305929,-7.380602224074358e-05,-0.00015244503915829918,0.00019550554729548452,-9.537907423029911e-05
690,2216,2298.0,0.00017555431881459416,-7.363971199129732e-05,-0.00016082198495965747,0.0001992487190732199,-9.733411224992306e-05
688,2216,2284.0,0.00019547170022481564,-7.83053336296355e-05,-0.00014274843919797556,0.0002129617611181538,-9.579539452297367e-05
689,2216,2350.0,0.00019815303575050278,-7.354526786129429e-05,-0.00016601112006751993,0.0002215047477704648,-9.689697988125631e-05
691,2216,2283.0,0.00017499458630839456,-7.808495524177746e-05,-0.00013950555139353744,0.00019294621079688485,-9.603657973026775e-05
692,2217,2285.0,0.0002127880829354235,-8.718000174406503e-05,-0.00013688745823710758,0.000227666883626558,-0.00010205880243519954
693,2217,2351.0,0.00021472625289850958,-8.492478562710547e-05,-0.0001585134626952544,0.0002343979775256245,-0.0001045965102542204
694,2217,2350.0,0.0001972590471704793,-8.487960626349822e-05,-0.0001571037390989882,0.00021765473570479893,-0.00010527529479781785
695,2217,2284.0,0.00019522207254928526,-8.669511133548502e-05,-0.0001396440825958637,0.00021156714265387836,-0.00010304018144007812
699,2218,2349.0,0.0002668693052291903,-9.393578953635943e-05,-0.00018253442912180475,0.00028864188875004596,-0.00011570837305721504
698,2218,2302.0,0.00026843319560085864,-9.005282093225043e-05,-0.00021101388187411835,0.00029718002025490677,-0.00011879964558629858
697,2218,2303.0,0.00029764433829057753,-9.031430703006725e-05,-0.00021312349529458395,0.00032498691622168466,-0.00011765688496117435
696,2218,2375.0,0.0002942664271578391,-9.440819250351859e-05,-0.00018285954397851377,0.0003146996767579928,-0.00011484144210367227
701,2219,2375.0,0.0002956851318931253,-9.595019583548067e-05,-0.0001949671410755062,0.00031860841985554867,-0.00011887348379790405
700,2219,2374.0,0.000287538136108682,-0.00010054408853434505,-0.0001636584431032864,0.0003040866122542105,-0.00011709256467987359
702,2219,2349.0,0.0002617971257151642,-9.530026107589125e-05,-0.00019404225703709838,0.00028645457221767944,-0.00011995770757840647
703,2219,2348.0,0.0002601579398834085,-9.988039067588802e-05,-0.00016381805348504586,0.00027791639854006067,-0.00011763884933254013
706,2220,2347.0,0.00025185092136465565,-0.00010669451873288754,-0.0001534482561366358,0.00026757897049777446,-0.00012242256786600632
707,2220,2346.0,0.0002433617658472824,-0.00010912461704505757,-0.00012530448006522858,0.00025416660489658606,-0.00011992945609436124
705,2220,2373.0,0.0002761067732777187,-0.00010705956700302332,-0.0001514856315881401,0.00029053594554781775,-0.0001214887392731224
704,2220,2369.0,0.0002727043232517764,-0.00010938273848556615,-0.00012499836392255471,0.0002826677037881556,-0.00011934611902194534
710,2221,2348.0,0.0002532385546246225,-0.00010111237526980079,-0.00017268190203595726,0.0002731567354449739,-0.00012103055609015214
709,2221,2374.0,0.00028318277416983055,-0.00010175700911442033,-0.0001719953739056741,0.000301521471892488,-0.0001200957068370778
708,2221,2373.0,0.0002798258719489627,-0.00010567321214428557,-0.00014268210203617366,0.00029260475012579234,-0.00011845209032111518
711,2221,2347.0,0.00025431660733629853,-0.00010508597579954814,-0.0001435475353000022,0.00026811990980649136,-0.00011888927826974097
714,2222,2374.0,0.0002801241924917947,-0.00011204492053329933,-0.00014450542872194994,0.0002930123806979092,-0.00012493310873941385
712,2222,2371.0,0.0003045404580699139,-0.00011677330548436244,-0.00010806934575519588,0.0003113601674768758,-0.00012359301489132433
713,2222,2372.0,0.0003081885865303096,-0.00011341598821334686,-0.00013646058392334428,0.00031895564970672364,-0.00012418305138976087
715,2222,2373.0,0.0002760736472054593,-0.00011622706950741959,-0.00010919829596465602,0.0002835308281096174,-0.0001236842504115777
719,2223,2374.0,0.0002805529100332587,-0.00010854020192512518,-0.00013571490403867584,0.00029204760292895007,-0.00012003489482081657
718,2223,2375.0,0.00028800280389615785,-0.00010667684447975261,-0.00016371122914338523,0.00030430601808634065,-0.00012298005866993544
717,2223,2513.0,0.000335156813868448,-0.00010739216317653402,-0.00015635373365489348,0.00034856087523462136,-0.0001207962245427074
716,2223,2372.0,0.0003039838692556057,-0.00010918619859662845,-0.00012777222169315077,0.0003136366937200949,-0.00011883902306111758
721,2224,2371.0,0.00029149157553625717,-0.00011766472211755154,-0.0001157336727831363,0.0002995182002479814,-0.00012569134682927576
723,2224,2369.0,0.0002690675015294651,-0.00011858461261464884,-9.581356426991046e-05,0.00027490015369551363,-0.00012441726478069735
722,2224,2373.0,0.0002719197693920169,-0.00011751192091821722,-0.00011790412283690325,0.0002806482800198914,-0.00012624043154609165
720,2224,2370.0,0.0002898628540066346,-0.00011866544714892347,-9.517560535391052e-05,0.0002953329213688055,-0.00012413551451109436
724,2225,2368.0,0.00032939543325898567,-0.0001196590832936897,-8.31463461516014e-05,0.000333211816077993,-0.000123475466112697
727,2225,2372.0,0.00032429232656021583,-0.00011979482437986648,-7.503757503872846e-05,0.00032743980070015153,-0.00012294229851980216
726,2225,2304.0,0.00032335042849143247,-0.00011113078630680209,-7.906808799558549e-05,0.0003269183855502112,-0.00011469874336558083
725,2225,2305.0,0.0003292424280452663,-0.0001111021733963846,-8.834890671972646e-05,0.0003336301957567967,-0.00011548994110791499
731,2226,2371.0,0.0002993569346047024,-0.00012322904841036034,-6.750906816992922e-05,0.00030203613014842025,-0.00012590824395407814
730,2226,2372.0,0.000301560080242339,-0.00011962210219224585,-8.486098404362347e-05,0.00030579206588901624,-0.0001238540878389231
729,2226,2368.0,0.00031773603649935117,-0.00011956362149568312,-8.859094855777003e-05,0.0003221777509593009,-0.0001240053359556329
728,2226,2367.0,0.00031710016748353123,-0.00012342020738394772,-7.040554765654506e-05,0.00031989554589281343,-0.0001262155857932299
732,2227,2366.0,0.0003007593423370149,-0.00012533896153159752,-6.130118661159829e-05,0.0003029528441912285,-0.00012753246338581108
733,2227,2367.0,0.0003011725304083246,-0.00012361198070170412,-7.501198290688939e-05,0.0003044586687982124,-0.00012689811909159188
734,2227,2371.0,0.0002882115803648994,-0.00012352934938885112,-7.402673108847929e-05,0.0002915124269471538,-0.00012683019597110553
735,2227,2370.0,0.0002870981879962223,-0.0001252993844553631,-5.9886888793380354e-05,0.0002892609848497675,-0.00012746218130890832
739,2228,2345.0,0.0002446907370033044,-0.000111034297877927,-0.00011087953850456248,0.00025313077758339737,-0.00011947433845801997
738,2228,2346.0,0.00024678968646308676,-0.00010973825059606399,-0.00013115337223944343,0.0002584687205378662,-0.00012141728467084342
737,2228,2369.0,0.00026421862879637444,-0.00010984946559857654,-0.00013054690230406008,0.0002752814221500898,-0.00012091225895229191
736,2228,2363.0,0.0002634612355667939,-0.00011102895707519773,-0.00011217051907250024,0.0002716804133050428,-0.00011924813481344664
743,2229,2363.0,0.0002624062066924485,-0.00011876675991704397,-8.632083106400405e-05,0.00026723218227240437,-0.00012359273549699984
740,2229,2364.0,0.00027672056374969823,-0.00011877300638053203,-8.645989699830776e-05,0.00028139072325896483,-0.00012344316588979866
742,2229,2369.0,0.00026304699298953724,-0.00011902399468229319,-0.00010181614993844991,0.0002697137803802286,-0.00012569078207298452
741,2229,2370.0,0.00027700288037092215,-0.00011900557838581384,-0.00010047450708722261,0.0002832765413657574,-0.00012527923938064912
744,2230,2365.0,0.00028545889595445184,-0.00012456426990678068,-5.424621345381797e-05,0.00028724531121104304,-0.00012635068516337185
747,2230,2364.0,0.00027608810864017744,-0.0001245542023468304,-5.4936987942949024e-05,0.00027796260962651364,-0.0001264287033331666
746,2230,2370.0,0.00027628725948232544,-0.0001254064931471548,-6.480926769574045e-05,0.0002788845475474049,-0.0001280037812122343
745,2230,2366.0,0.0002855412535906427,-0.0001253882197760228,-6.37997084403704e-05,0.0002880028469370114,-0.00012784981312239155
751,2231,2366.0,0.00029951789052379274,-0.00012887158839768257,-2.015626387315804e-05,0.00029975485384038317,-0.00012910855171427302
750,2231,2367.0,0.00029966066754327694,-0.00012775901359702256,-2.4909629701379624e-05,0.0003000232875314245,-0.00012812163358517017
749,2231,133.0,0.00030410664921250337,-0.0001277774824392253,-2.5879331273921842e-05,0.00030449398670467687,-0.00012816481993139877
748,2231,132.0,0.00030410664921250337,-0.00012888405267082317,-2.1185094487390956e-05,0.000304365627031453,-0.00012914303048977278
752,2232,133.0,0.00031973166846598414,-0.0001277774824392253,-2.5603985399496286e-05,0.0003200975986639329,-0.0001281434126371741
755,2232,2367.0,0.0003153580738523686,-0.000127691550054417,-2.0804662667429745e-05,0.00031560217497779853,-0.00012793565117984694
753,2232,134.0,0.00031973166846598414,-0.00012285742380552616,-3.001674178861654e-05,0.00032024002435437064,-0.00012336577969391263
754,2232,2368.0,0.0003155109934479105,-0.0001228518119036576,-2.5315879977087438e-05,0.0003158761933959834,-0.00012321701185173054
759,2233,2368.0,0.00033117690767128696,-0.00012284532876445536,-1.9860721429224536e-05,0.00033139400041862715,-0.00012306242151179553
756,2233,134.0,0.00033409747826925254,-0.00012285742380552616,-2.999961018802181e-05,0.0003345893260153485,-0.0001233492715516221
757,2233,135.0,0.00033409747826925254,-0.00011244265914560639,-3.2998618369271815e-05,0.00033470628481402386,-0.00011305146569037772
758,2233,2305.0,0.00033109308227511486,-0.00011248944635972979,-2.2551670532938196e-05,0.0003313795282045276,-0.00011277589228914255
760,2234,131.0,0.00028830559943775983,-0.00012769266129487915,-1.8120683332017648e-05,0.00028850283797409435,-0.00012788989983121365
761,2234,132.0,0.00028830559943775983,-0.00012888405267082317,-2.1367166707752204e-05,0.00028857901034136325,-0.0001291574635744266
762,2234,2366.0,0.0002851861591269267,-0.0001288972436093387,-2.2547880604703238e-05,0.0002854928791064185,-0.00012920396358883052
763,2234,2365.0,0.0002851573624558547,-0.00012767046978977788,-1.921554957120663e-05,0.0002853808439780144,-0.00012789395131193755
766,2235,2363.0,0.00025426401931558356,-0.00011866357072888155,-9.002951742309324e-05,0.00025962064905555383,-0.00012402020046885183
765,2235,2364.0,0.0002632060362190705,-0.00011870545926300575,-8.867228946256994e-05,0.0002682854672724835,-0.00012378489031641878
764,2235,2288.0,0.0002636018222771956,-0.00011715911898484876,-7.991867287349304e-05,0.0002677501982632101,-0.00012130749497086328
767,2235,2287.0,0.0002551055069823149,-0.00011700921311756505,-8.0589980314974e-05,0.0002594189100777303,-0.0001213226162129804
771,2236,2288.0,0.00026492887659276126,-0.00012204357755108425,-5.10271255576341e-05,0.0002666037674521424,-0.00012371846841046535
770,2236,2364.0,0.00026462788420455324,-0.00012451743691592907,-5.774334528263741e-05,0.0002667582834034279,-0.00012664783611480377
769,2236,2365.0,0.0002709716382927529,-0.00012454706353225807,-5.5445861432263516e-05,0.0002729053562655418,-0.00012648078150504692
768,2236,2289.0,0.00027107821204326067,-0.00012219824830404547,-4.913625652799673e-05,0.0002726070489928378,-0.00012372708525362262
773,2237,131.0,0.0002736087613578698,-0.00012769266129487915,-1.7838389113985012e-05,0.0002738068986399092,-0.00012789079857691854
772,2237,130.0,0.0002736087613578698,-0.00012500548505817096,-1.574127980211691e-05,0.0002737641066342968,-0.00012516083033459793
774,2237,2365.0,0.00027156801146268044,-0.00012764243363577214,-2.041414964053332e-05,0.00027182881715565613,-0.0001279032393287478
775,2237,2289.0,0.00027160450275932717,-0.0001248916309500545,-1.8220626462510554e-05,0.00027181372052476196,-0.00012510084871548928
778,2238,2345.0,0.00024111223813222567,-0.00011101201743568052,-0.00011590314611556723,0.00025040452130114057,-0.0001203043006045954
776,2238,2287.0,0.0002529296909331933,-0.00011008325017494177,-0.00010398272638634243,0.0002602292073066563,-0.00011738276654840474
777,2238,2363.0,0.0002519366555644711,-0.00011101608970245274,-0.00011502993094509011,0.0002608326682118245,-0.00011991210234980611
779,2238,2286.0,0.00024130289443975456,-0.0001098323945712366,-0.0001020240265162016,0.0002485636484227124,-0.00011709314855419447
783,2239,2265.0,5.820211593483143e-05,3.31048551621935e-05,-0.00018896030316479032,0.00014096333376791115,-4.9656362670886216e-05
780,2239,2511.0,7.87597150714494e-05,3.296995625570059e-05,-0.00021765772423146604,0.0001670758815740705,-5.534621024692052e-05
781,2239,2015.0,7.842893904935061e-05,7.0969513256758e-05,-0.0002443246239306508,0.00019691846041265147,-4.752000810654287e-05
782,2239,2014.0,5.6937077138609696e-05,7.0969513256758e-05,-0.0002142223273310078,0.00017129400833874157,-4.3387417943373875e-05
784,2240,2291.0,0.00010043877444318797,1.760863422825272e-05,-0.00021337207899720535,0.00017346634960357436,-5.541894093213367e-05
785,2240,2511.0,9.902644240730382e-05,3.284748690647967e-05,-0.00024370345939113067,0.00019220159773993735,-6.032766842615386e-05
786,2240,2265.0,7.042434312317693e-05,3.291330535092421e-05,-0.00022978872721864975,0.00016808396190341935,-6.474631342931823e-05
787,2240,2266.0,7.598216633014545e-05,1.7799760949764555e-05,-0.00020174864017939373,0.00015187632703657502,-5.809439975666503e-05
791,2241,2267.0,8.70164886278852e-05,2.385728417229893e-06,-0.00019474372541761382,0.00015087017671495105,-6.146795966983595e-05
790,2241,2266.0,8.607304197484622e-05,1.7487288472444666e-05,-0.0002212273811953644,0.00016758772086451377,-6.402739041722289e-05
789,2241,2291.0,0.00011124085669048534,1.7263410899560688e-05,-0.0002348979369741263,0.00019075193726531185,-6.224766967526582e-05
788,2241,2292.0,0.00011179592624189008,2.297910431838272e-06,-0.00020844050517615682,0.00017477250993065254,-6.067867325692419e-05
793,2242,2292.0,0.00012198990740560495,2.183099335661227e-06,-0.00022648807784081577,0.00019019829114203193,-6.602528440076576e-05
795,2242,2268.0,9.840361910400455e-05,-9.206056858244343e-06,-0.00019051675316819963,0.00015400224953048236,-6.480468728472216e-05
794,2242,2267.0,9.699759524436219e-05,2.2541570612157405e-06,-0.0002154366865895832,0.00016730051765156517,-6.804876534598723e-05
792,2242,2293.0,0.00012268617401396155,-9.11549864316785e-06,-0.00020161011981216243,0.00017722030076287239,-6.364962539207869e-05
796,2243,2294.0,0.00013214379937074965,-2.1402023011105617e-05,-0.00019335395237746536,0.00017882337951850196,-6.808160315885793e-05
799,2243,2269.0,0.00010870077306783087,-2.1599895710931825e-05,-0.0001811847485140945,0.00015513692685948838,-6.803604950258933e-05
798,2243,2268.0,0.00010302976811310365,-9.100750732730272e-06,-0.0002032204207428421,0.00016301599797784478,-6.908698059747141e-05
797,2243,2293.0,0.00013145182871763476,-8.982049821127519e-06,-0.0002177329372672534,0.0001907815086751419,-6.831172977863468e-05
803,2244,2270.0,0.00011590953257825751,-3.0739345159948154e-05,-0.00017583364541171997,0.00015706583903413244,-7.189565161582307e-05
802,2244,2269.0,0.00011894822672378277,-2.1322012197554866e-05,-0.00019789359983567179,0.00017009543984186398,-7.246922531563609e-05
801,2244,2294.0,0.0001416754484387054,-2.114806203033369e-05,-0.00020862716218712427,0.00019258601592763447,-7.205862951926276e-05
800,2244,2295.0,0.00013863807437131635,-3.2046771845366034e-05,-0.00018331542182171198,0.00017853328598761047,-7.194198346166015e-05
804,2245,2296.0,0.0001481566626998724,-4.3854554714266346e-05,-0.00017601263582277694,0.00018239002241445204,-7.8087914428846e-05
807,2245,2271.0,0.0001286258960172884,-4.2328680956398696e-05,-0.00016993179682532784,0.00016367068326818762,-7.73734682072979e-05
805,2245,2295.0,0.00015351556348216708,-3.4237401557539286e-05,-0.0001987819729339889,0.00019635543755940353,-7.707727563477574e-05
806,2245,2270.0,0.00013239899532197386,-3.296899420573442e-05,-0.00019140557058283658,0.00017618897457113305,-7.675897345489361e-05
809,2246,2296.0,0.00016715361518794807,-4.6632973136604187e-05,-0.00018980628519392907,0.00020320360632317263,-8.268296427182875e-05
811,2246,2272.0,0.00014054096325031348,-5.2973214640892295e-05,-0.00016306813914988578,0.00017031347069495812,-8.274572208553693e-05
810,2246,2271.0,0.00014400763462255658,-4.517478591407171e-05,-0.00018473135681142984,0.00018162427437598802,-8.279142566750315e-05
808,2246,2297.0,0.00015944610112703268,-5.392131690892983e-05,-0.00016784660564525804,0.00018849939710950068,-8.297461289139783e-05
815,2247,2273.0,0.00014822222248204488,-6.273223187248879e-05,-0.00014871279006876438,0.0001717966087604565,-8.630661815090042e-05
813,2247,2297.0,0.00017313606198370805,-5.5779244447001536e-05,-0.00018026485596577425,0.00020436440313176745,-8.700758559506094e-05
812,2247,2298.0,0.0001738038944088978,-6.25272725093617e-05,-0.00015670185970949324,0.00019741973894137765,-8.614311704184156e-05
814,2247,2272.0,0.00014730757195467823,-5.481974115914101e-05,-0.00017630451732742781,0.0001803509002425831,-8.786306944704589e-05
818,2248,2273.0,0.00015127863875340555,-6.240054693250764e-05,-0.00016056015200527438,0.00017807881993688895,-8.920072811599103e-05
819,2248,2274.0,0.0001532184217732861,-6.65468967455049e-05,-0.0001382761601751957,0.00017315977001680015,-8.648824498901894e-05
816,2248,2283.0,0.0001750672233917271,-6.649472462770664e-05,-0.00014256260068520963,0.00019453270196199008,-8.596020319796962e-05
817,2248,2298.0,0.00017567562763707266,-6.227453394356316e-05,-0.00016571646410158854,0.00020168522351172492,-8.828412981821542e-05
820,2249,2281.0,0.0002502349695865363,-0.0001135647904395571,-7.551217663102645e-05,0.0002541120756445571,-0.00011744189649757792
821,2249,2288.0,0.00024975152685634836,-0.0001169418160015714,-8.073981141861267e-05,0.0002541433203488245,-0.00012133360949404752
822,2249,2287.0,0.00024402283649720743,-0.00011655018142427945,-8.412520047492832e-05,0.00024886462805258965,-0.0001213919729796617
823,2249,2280.0,0.00024562229223942236,-0.00011310964382488741,-7.803544342209479e-05,0.0002498170310473555,-0.00011730438263282057
825,2250,2284.0,0.00020320652224968885,-7.868618011127573e-05,-0.00014977187760548474,0.00022186523910108303,-9.73448969626699e-05
824,2250,2278.0,0.00019583150339075837,-8.175273903847531e-05,-0.00012759529486747146,0.0002097920997602557,-9.571333540797265e-05
826,2250,2283.0,0.0001787814466832809,-7.850403251530075e-05,-0.00014747650499140428,0.0001984164341124648,-9.813901994448467e-05
827,2250,2277.0,0.00017680034122776432,-8.14503585603367e-05,-0.00012691113808070394,0.00019154981619023915,-9.619983352281153e-05
830,2251,2288.0,0.0002525738702071293,-0.0001218785250968076,-5.2655979901669765e-05,0.0002544159463137828,-0.0001237206012034611
828,2251,2282.0,0.00025806632623804823,-0.00011867990407175788,-4.418615274644471e-05,0.00025935747903258106,-0.0001199710568662907
829,2251,2289.0,0.00025790212764469946,-0.00012211493916110077,-4.9492465295016864e-05,0.000259506795238405,-0.00012371960675480636
831,2251,2281.0,0.0002530887809900949,-0.00011843370422393384,-4.710308696143691e-05,0.00025457580794845255,-0.00011992073118229149
832,2252,2277.0,0.00017687095712179673,-7.049495123702106e-05,-0.0001287042630153893,0.0001926106337600904,-8.623462787531473e-05
833,2252,2283.0,0.0001790743136575266,-6.637680853912318e-05,-0.00015165895648582353,0.00020061126715495835,-8.791376203655493e-05
834,2252,2274.0,0.00015591043921756162,-6.643195630014578e-05,-0.0001471271396891174,0.00017804578300642575,-8.856730008900991e-05
835,2252,2275.0,0.0001554267725649228,-7.045817127197796e-05,-0.00012498989547840133,0.00017156420015052137,-8.659559885757653e-05
839,2253,2282.0,0.00025891403527996196,-0.00012091836176371536,-1.742215451599853e-05,0.0002591137101826779,-0.00012111803666643129
838,2253,2289.0,0.000258870087720681,-0.00012483484220814021,-1.8937061156314508e-05,0.0002591035966956237,-0.00012506835118308287
837,2253,130.0,0.0002602373666942548,-0.00012500548505817096,-1.5148495661600724e-05,0.00026038622622735427,-0.00012515434459127046
836,2253,129.0,0.0002602373666942548,-0.00012114253738231772,-1.3776326251701502e-05,0.0002603617343482082,-0.0001212669050362711
841,2254,2280.0,0.00023105463284384207,-0.00010375016700759157,-0.00010112360606314005,0.00023852378413985174,-0.00011121931830360124
843,2254,2381.0,0.0002153840034371298,-0.00010241395940940038,-8.747328268472482e-05,0.00022129333519393943,-0.00010832329116621
842,2254,2279.0,0.00021557247782453583,-0.00010399245270582743,-0.00010522641063341869,0.00022401184699209715,-0.00011243182187338876
840,2254,2380.0,0.00023051411897556748,-0.00010240569565460106,-8.603624902686407e-05,0.00023598285901164337,-0.00010787443569067694
844,2255,2262.0,0.00022179840701708458,-9.867997351138951e-05,-7.424588156880203e-05,0.00022604237950521106,-0.00010292394599951599
847,2255,2261.0,0.000209691559761692,-9.865968574660237e-05,-7.775780207345834e-05,0.0002145181118274286,-0.00010348623781233899
846,2255,2381.0,0.00020976563687620737,-0.00010243230978947701,-9.049230576282626e-05,0.00021619082736565833,-0.00010885750027892798
845,2255,2380.0,0.0002219606100490848,-0.00010241013433416504,-8.68107412910317e-05,0.0002276684216196678,-0.00010811794590474802
851,2256,2260.0,0.0001950524827002962,-9.098632365777429e-05,-9.085875736031734e-05,0.0002020943274600699,-9.802816841754798e-05
849,2256,2381.0,0.00020984968152332932,-9.270186674916619e-05,-0.0001050216762717212,0.0002187043166235898,-0.00010155650184942667
848,2256,2261.0,0.00020976003231008887,-9.102269535190709e-05,-8.959343052653002e-05,0.0002162900118754742,-9.75526749172924e-05
850,2256,2379.0,0.0001950619564944395,-9.265390819543075e-05,-0.00010618919620227017,0.0002045472373872639,-0.00010213918908825515
853,2257,2279.0,0.00021573516594818043,-9.492749263117345e-05,-0.00012066122931087518,0.00022703998196797994,-0.00010623230865097297
852,2257,2381.0,0.00021553967431870314,-9.27894953264852e-05,-0.00010225243130824145,0.00022379617538286964,-0.0001010459963906517
854,2257,2278.0,0.00019947121374813345,-9.457263667404835e-05,-0.0001194886203910563,0.00021114657614308544,-0.00010624799906900034
855,2257,2379.0,0.00019979286376775422,-9.273503248369687e-05,-0.00010360949636058735,0.00020869616236423024,-0.00010163833108017289
859,2258,2380.0,0.0002298845701269453,-0.00010873293624052779,-6.81817787828911e-05,0.00023328262817001353,-0.00011213099428359603
858,2258,2280.0,0.00023027306712124869,-0.00011266930803350685,-7.891982517678735e-05,0.00023475486437413726,-0.00011715110528639541
857,2258,2281.0,0.00024105319258175542,-0.00011322710736262479,-7.656063724736147e-05,0.0002451422221753861,-0.00011731613695625549
856,2258,2378.0,0.000241249547230463,-0.000108929496222929,-6.461263836806926e-05,0.0002442050728308518,-0.00011188502182331781
862,2259,2380.0,0.000221728214627757,-0.00010869149211292897,-6.865900520019053e-05,0.00022525724355613072,-0.0001122205210413027
861,2259,2378.0,0.00023073498597159453,-0.00010887252084289492,-6.530208791396229e-05,0.00023384567771763678,-0.00011198321258893718
860,2259,2263.0,0.0002307552535761549,-0.0001049370334468248,-5.593467243075962e-05,0.0002330693280554273,-0.00010725110792609724
863,2259,2262.0,0.00022160901695148167,-0.00010479390865821646,-5.944037445329217e-05,0.00022429307789849416,-0.00010747796960522897
864,2260,2260.0,0.0001950569182174117,-8.193820923376404e-05,-9.804235903895873e-05,0.00020347651209911045,-9.035780311546278e-05
866,2260,2377.0,0.00017853569173172882,-8.328426379445762e-05,-0.00011659062281641494,0.00019092876910045562,-9.567734116318441e-05
867,2260,2259.0,0.00017836648474838348,-8.194685034773564e-05,-9.945481004621816e-05,0.00018754241538735422,-9.112278098670639e-05
865,2260,2379.0,0.00019506747351481302,-8.327037101257492e-05,-0.00011512320509518689,0.0002065017617477257,-9.47046592454876e-05
868,2261,2379.0,0.00019961544570870236,-8.323891298304931e-05,-0.00011215483128305297,0.0002103274250392273,-9.395089231357425e-05
871,2261,2377.0,0.00017837109785866874,-8.322864786906381e-05,-0.00011143113002457308,0.00018974306090417626,-9.460061091457134e-05
870,2261,2277.0,0.0001789476934420057,-8.222750976703244e-05,-0.0001337832726463102,0.00019508300314587714,-9.83628194709039e-05
869,2261,2278.0,0.00019920245837984048,-8.23268275434896e-05,-0.00013247664467983932,0.00021400837836159394,-9.713274752524306e-05
875,2262,2378.0,0.0002416075923111446,-0.00011395738366371024,-4.303860599588153e-05,0.0002429052356518937,-0.00011525502700445934
874,2262,2281.0,0.00024152341866763832,-0.00011828669958114067,-4.820161065947166e-05,0.00024313056055489405,-0.00011989384146839641
872,2262,2376.0,0.0002466501079768134,-0.00011421220938683363,-3.905056733685252e-05,0.00024770349333551664,-0.00011526559474553687
873,2262,2282.0,0.0002465817260457405,-0.0001186086178268756,-4.427904729278377e-05,0.000247919029006442,-0.00011994592078757708
878,2263,2378.0,0.00023078219159403113,-0.00011389083450003549,-4.351499920161742e-05,0.00023215020502253178,-0.00011525884792853614
879,2263,2263.0,0.0002307934890615226,-0.00010899648488635973,-3.828761245575681e-05,0.0002318686512825979,-0.00011007164710743504
876,2263,2264.0,0.00023598279355619908,-0.00010916840669658008,-3.360229518619253e-05,0.00023679870510044613,-0.00010998431824082715
877,2263,2376.0,0.00023596324710631594,-0.00011417972059899831,-3.896209091601693e-05,0.0002370437873422516,-0.00011526026083493396
880,2264,2259.0,0.00017838764981768958,-7.248459497413522e-05,-0.00010169323775833855,0.00018830144228383319,-8.239838744027883e-05
881,2264,2377.0,0.00017856338233975932,-7.20385146161808e-05,-0.00011950800678794254,0.00019208198799983438,-8.555712027625585e-05
882,2264,2276.0,0.00016104152424440635,-7.203135000969404e-05,-0.00011935520917049193,0.00017543315006529674,-8.642297583058442e-05
883,2264,2258.0,0.00016080776498801066,-7.248709565491431e-05,-0.00010115308700076996,0.0001713004532485551,-8.297978391545876e-05
885,2265,2277.0,0.00017897191465888812,-7.055448312906151e-05,-0.00013502260539342923,0.00019606650296767825,-8.764907143785165e-05
884,2265,2377.0,0.00017844358087125986,-7.195719412528322e-05,-0.0001145288309207875,0.00019091799247484986,-8.443160572887322e-05
886,2265,2275.0,0.00015890808313878766,-7.054156139721726e-05,-0.00013383534466362458,0.00017699801801295125,-8.863149627138085e-05
887,2265,2276.0,0.00015852536708775393,-7.193489761101292e-05,-0.00011348827932444218,0.00017173931123573986,-8.514884175899885e-05
890,2266,2282.0,0.00024693480251387293,-0.00012086350924097614,-1.7612882161652504e-05,0.00024714554027864067,-0.00012107424700574386
888,2266,128.0,0.00024828912362380093,-0.00011642956985727634,-1.1680851339216161e-05,0.00024838262535551337,-0.00011652307158898879
889,2266,129.0,0.00024828912362380093,-0.00012114253738231772,-1.305735303645545e-05,0.0002484044638022979,-0.0001212578775608147
891,2266,2376.0,0.0002469528052992682,-0.00011620298657867301,-1.619005861382486e-05,0.0002471331603232275,-0.00011638334160263232
892,2267,127.0,0.0002373740383365278,-0.00011127171459968037,-9.798661795188193e-06,0.00023744287240352337,-0.00011134054866667596
893,2267,128.0,0.0002373740383365278,-0.00011642956985727634,-1.1140311920431953e-05,0.00023746171113065405,-0.00011651724265140257
894,2267,2376.0,0.0002360466510790563,-0.000116176856756768,-1.617759966049794e-05,0.00023623231220384146,-0.00011636251788155317
895,2267,2264.0,0.0002360515174955856,-0.00011106438369555321,-1.4829045745783087e-05,0.00023620982222566708,-0.00011122268842563471
899,2268,2412.0,3.396169673565083e-05,4.581325175681311e-05,-0.00017067771654902426,0.00012543182280709352,-4.565687431462959e-05
898,2268,46.0,3.5702021144307095e-05,5.075110836630695e-05,-0.00020379823210740083,0.00014540312081920724,-5.89499913085932e-05
897,2268,2014.0,5.731714316975153e-05,5.075110836630695e-05,-0.00020704642609704026,0.0001576093826740553,-4.9541131137996816e-05
896,2268,2265.0,5.886286262730099e-05,4.5787248111091826e-05,-0.00017424667659082793,0.00013969335053100709,-3.504323979261427e-05
900,2269,2266.0,7.847756182057138e-05,2.2730670300824497e-05,-0.00018704265033256135,0.00014819083257163406,-4.6982600450238174e-05
902,2269,2412.0,4.003789126157467e-05,4.56862655619564e-05,-0.00018890918080197508,0.000137358880901996,-5.163472407846495e-05
901,2269,2265.0,7.298217530836166e-05,4.551482142650643e-05,-0.00021335156423172089,0.0001668046993618365,-4.8307702626968404e-05
903,2269,2411.0,5.8561183204983245e-05,2.2735188380659777e-05,-0.00017213370460344903,0.00012855938269864788,-4.7263011113004856e-05
907,2270,2411.0,5.8236003193211025e-05,3.4826919494513687e-05,-0.00016536343093260185,0.00013003752323372458,-3.697460054599987e-05
906,2270,67.0,4.7730449664748096e-05,2.613549905019217e-05,-0.00014619546532409697,0.00011082386685000664,-3.695791813506638e-05
905,2270,46.0,3.265813668859585e-05,4.0269043934129816e-05,-0.00014577161555524853,0.00010944867407970433,-3.652149345697865e-05
904,2270,2412.0,3.4449193291256897e-05,7.34947821163115e-05,-0.00018134822636525424,0.00014672399201166793,-3.878001660409953e-05
910,2271,2411.0,6.451234665989791e-05,2.2727368508158397e-05,-0.0001979466809674483,0.00014477428519988947,-5.753457003183316e-05
909,2271,2266.0,8.655006306380018e-05,2.2724506737024637e-05,-0.00020738721678227427,0.00016313055580363526,-5.385598600281045e-05
908,2271,2267.0,8.743391016570977e-05,1.1876760818425479e-05,-0.00018246133417790678,0.00014839871664679312,-4.9088045662657874e-05
911,2271,2410.0,6.180606374229548e-05,1.2563308006457194e-05,-0.00017307661574690776,0.0001271574093949831,-5.2788037646230436e-05
915,2272,2409.0,5.488241998326433e-05,2.013142489360397e-05,-0.00015211212671512042,0.00011552251503619381,-4.050867015932551e-05
914,2272,2413.0,5.644883192105002e-05,2.7069702202513592e-05,-0.00015912357459993247,0.0001226657644159481,-3.914723029238448e-05
913,2272,2411.0,6.04481511217881e-05,2.3172385965927853e-05,-0.00016239078694217255,0.00012511730658935105,-4.14967695016351e-05
912,2272,2410.0,6.003805391069546e-05,1.786637907948748e-05,-0.00015819226306038395,0.00012081069536294434,-4.29062623727614e-05
919,2273,2406.0,3.7925016041995274e-05,2.0001575045124108e-05,-0.0001280913304634165,9.363291491204e-05,-3.5706323824920614e-05
918,2273,68.0,4.188787462295349e-05,2.4896397327988165e-05,-0.0001376703317988899,0.00010274959872873509,-3.5965326777793435e-05
917,2273,2413.0,5.210026268696183e-05,2.508400802943441e-05,-0.00014541880807027088,0.00011254568117633088,-3.536141045993464e-05
916,2273,2409.0,4.8782243903996644e-05,1.778244961722869e-05,-0.00013303262296405875,0.00010158071061092636,-3.5016017089701024e-05
922,2274,68.0,3.846255523057198e-05,2.4636752670156967e-05,-0.00012721491443437507,9.553165780884203e-05,-3.243234990811308e-05
923,2274,2413.0,7.53329692597636e-05,2.5172572463945668e-05,-0.00014953760318028907,0.00012911588038021481,-2.861033865650556e-05
921,2274,67.0,2.1628243637604114e-05,3.39617930608506e-05,-0.00013351096912914487,9.483473664961093e-05,-3.924469995115622e-05
920,2274,2411.0,3.514075310578229e-05,4.056556386653051e-05,-0.00015273161004303315,0.0001142671187259697,-3.85608017536569e-05
924,2275,2268.0,9.872905368294056e-05,-1.5565075366940923e-06,-0.00018418193630162765,0.00015344353253682693,-5.6270986390580464e-05
925,2275,2267.0,9.76870184205298e-05,1.0587613354017694e-05,-0.00020244975330155693,0.00016433283414323734,-5.605820236868984e-05
926,2275,2410.0,7.937045301848085e-05,1.1321689139204803e-05,-0.00019184758115826494,0.0001471254018166878,-5.6433259659002124e-05
927,2275,2415.0,7.74941478053591e-05,-3.0688085177917306e-06,-0.00016820543791398572,0.00013046429064224357,-5.6038951354676184e-05
931,2276,2414.0,6.586719376654518e-05,7.671775590654527e-06,-0.00015773440284558467,0.00012083322320140167,-4.7294253844201964e-05
930,2276,2409.0,6.882256188734705e-05,1.3782009343653832e-05,-0.00016930844980963568,0.00013031747196206854,-4.771290073106766e-05
929,2276,2410.0,7.772698727794881e-05,1.2116002605046228e-05,-0.00017225971076928817,0.00013708739056464365,-4.7244400681648624e-05
928,2276,2415.0,7.69569009299257e-05,6.323902494347836e-06,-0.0001625658814663495,0.000130264165857161,-4.6983362432887474e-05
934,2277,2406.0,5.9022386720137404e-05,1.2221882173187558e-05,-0.00015014043087614032,0.00011425488241072982,-4.301061351740486e-05
933,2277,2409.0,6.328905710351572e-05,1.1787490239071208e-05,-0.0001505111427398632,0.00011707759645938414,-4.200104911679721e-05
932,2277,2414.0,6.193707153051391e-05,1.0163201708862602e-05,-0.00014557258697857345,0.00011330282536892149,-4.120255212954498e-05
935,2277,2407.0,5.668109726951302e-05,1.075677788446984e-05,-0.00014527588727727622,0.00010989985141894289,-4.2461976264960026e-05
938,2278,2408.0,9.80705196623622e-05,-1.2757282464149035e-05,-0.00018071926275553367,0.00014865455921011177,-6.334132201189862e-05
936,2278,2270.0,0.00011440407017257893,-2.288695475041562e-05,-0.0001667442140384605,0.00015375445860517836,-6.223734318301505e-05
937,2278,2269.0,0.00011672493867765678,-1.549002584066018e-05,-0.00018362299853256353,0.0001637525553408372,-6.251764250384062e-05
939,2278,2404.0,9.788019382694999e-05,-2.2070844159085092e-05,-0.00016074662755172914,0.00013818893304924453,-6.237958338137963e-05
943,2279,2416.0,5.359927375077171e-05,1.3878093004598914e-05,-0.00012736744998613318,0.00010044745250858793,-3.29700857532173e-05
942,2279,2417.0,5.0502870033088555e-05,1.6092894446379695e-05,-0.0001252712019465113,9.82534833396422e-05,-3.1657718860173955e-05
941,2279,2406.0,4.658870831170982e-05,1.4548550689420846e-05,-0.00013020962672436083,9.761547616794877e-05,-3.647821716681811e-05
940,2279,2407.0,4.91591492149117e-05,1.2028963574861693e-05,-0.0001331393771004455,9.970401302263898e-05,-3.851590023286558e-05
947,2280,2405.0,3.8962635822514455e-05,1.2724075790736082e-05,-0.00010474393850008323,7.983352779433626e-05,-2.8146816181085727e-05
944,2280,2416.0,4.029493295092633e-05,1.0296488199868035e-05,-0.00010787763159901716,8.128117763358908e-05,-3.068975648279472e-05
946,2280,69.0,3.979111266391743e-05,1.6020089278085412e-05,-0.00010831262765407992,8.335081461055088e-05,-2.7539612668548044e-05
945,2280,2417.0,4.2025295981695104e-05,1.670983171126123e-05,-0.00011517253142958109,8.832853552929022e-05,-2.9593407836333884e-05
948,2281,2406.0,2.899185938345407e-05,3.045336162086471e-05,-0.00011926071979555079,8.935744779325719e-05,-2.9912226788938412e-05
951,2281,2417.0,6.274327001889318e-05,1.6584246771421808e-05,-0.00011612206586124243,0.00010214373440156159,-2.28162176112466e-05
950,2281,69.0,3.183630083070403e-05,1.4666434441036407e-05,-9.447815707932291e-05,7.126419528886378e-05,-2.476146001712334e-05
949,2281,68.0,1.9983276041080078e-05,2.14111525367608e-05,-9.872368808374189e-05,7.006422103467847e-05,-2.8669792456837597e-05
955,2282,2403.0,7.832243694025787e-05,-1.6980080157973023e-05,-0.00013353385380579941,0.00011269839929598476,-5.1356042513699905e-05
954,2282,2418.0,6.894697911249796e-05,-5.008895347171326e-06,-0.0001491237974444986,0.00011519670905434699,-5.125862528902035e-05
953,2282,2408.0,9.794549055459727e-05,-3.839102360389535e-06,-0.00016774274177346754,0.00014515738714275024,-5.105099894854249e-05
952,2282,2404.0,9.772872072189367e-05,-1.6780831280367226e-05,-0.00014497275297236647,0.00013284485004834093,-5.189696060681446e-05
956,2283,2403.0,7.447820994074036e-05,-1.3128067706115088e-06,-0.0001351110090639495,0.00011404117914630214,-4.087577597617328e-05
957,2283,2418.0,6.830736798063954e-05,5.604121640170141e-06,-0.00014580290311175421,0.00011631282335014377,-4.240133372933409e-05
958,2283,2416.0,5.0101345575400205e-05,-1.9004553652645983e-06,-0.0001217103614456639,9.027747923380969e-05,-4.207658902367409e-05
959,2283,2405.0,6.516374905026563e-05,-6.542056247763181e-06,-0.00012001460270706383,9.921296971730865e-05,-4.0591276914806194e-05
960,2284,2403.0,5.54431637080396e-05,-3.0316071845401873e-06,-0.0001122734734957118,8.949999537858432e-05,-3.70884388550849e-05
961,2284,2405.0,5.384282642587751e-05,1.4596972761131378e-07,-0.00011332204819749624,8.96945556262869e-05,-3.570575947279807e-05
962,2284,2419.0,5.6042684704759324e-05,2.9361372105584944e-06,-0.0001078463008441291,8.959583738719348e-05,-3.061701547187567e-05
963,2284,2402.0,5.721155858808436e-05,-1.4468132493965355e-06,-0.00010824262300562293,8.943980524608801e-05,-3.3675059907400186e-05
965,2285,2419.0,5.467613563432325e-05,1.3660783363310608e-05,-0.00011003298736926223,9.288284749554113e-05,-2.4545928497907272e-05
966,2285,70.0,3.362194345408586e-05,7.374893093092848e-06,-8.569651052979218e-05,6.531136163160614e-05,-2.4314525084427434e-05
964,2285,2402.0,4.322569191431494e-05,-4.882214427480653e-06,-7.705991273364125e-05,6.45936519657468e-05,-2.6250174478912507e-05
967,2285,2401.0,2.9508108842930467e-05,-3.1303201989983436e-06,-6.883472293883492e-05,5.127920192242785e-05,-2.4901413278495726e-05
968,2286,2405.0,3.014645787348513e-05,2.193153390676536e-05,-9.978512016941936e-05,7.610034620902009e-05,-2.4022354428769592e-05
970,2286,70.0,2.9224145775328227e-05,1.0910434744441444e-06,-6.78549721182288e-05,5.1885542723839443e-05,-2.1570353474067072e-05
969,2286,69.0,1.6120935696401113e-05,9.41335851767604e-06,-7.164070377860699e-05,4.874416070427406e-05,-2.320986649019691e-05
971,2286,2419.0,5.817545715998927e-05,8.597733881152652e-06,-9.840163395360784e-05,8.847931783997701e-05,-2.170612679883509e-05
974,2287,71.0,2.475747018612119e-05,-3.7958337099285814e-06,-4.6293831407770956e-05,3.767645203192106e-05,-1.6714815555728446e-05
973,2287,70.0,2.19019388228831e-05,4.567703885204977e-07,-4.45633531954712e-05,3.590680745270212e-05,-1.3548098241298515e-05
972,2287,2401.0,2.3077628656861414e-05,6.570474728260405e-06,-5.0315925629916027e-05,4.130129901369386e-05,-1.1653195628572042e-05
975,2287,2400.0,2.734277147134652e-05,3.256436494000867e-06,-5.484746023845478e-05,4.525121256739658e-05,-1.4652004602049191e-05
978,2288,2423.0,0.00012170874545450183,-3.57503794662312e-05,-0.00017076832675535104,0.00015912047350231907,-7.316210751404845e-05
976,2288,2272.0,0.00013917543299841496,-4.448497566501776e-05,-0.0001565058106015437,0.00016799473598279313,-7.330427864939593e-05
977,2288,2271.0,0.0001423497953949599,-3.688319973258608e-05,-0.00017642097048077912,0.00017847989357812043,-7.30132979157466e-05
979,2288,2422.0,0.00011846956663484707,-4.447618458390404e-05,-0.0001480736029456529,0.00014708428084552117,-7.309089879457813e-05
983,2289,2421.0,0.00010030059213327405,-3.676192707816094e-05,-0.000134333282432883,0.00012772709008495483,-6.418842502984171e-05
980,2289,2422.0,0.00011774337983176675,-3.618073749389779e-05,-0.0001445394502582395,0.00014635627863451796,-6.479363629664898e-05
981,2289,2423.0,0.000119530600342789,-3.0034751586307802e-05,-0.00015726309360432691,0.00015326229567033938,-6.376644691385816e-05
982,2289,2420.0,0.00010849094258216178,-2.898111987878916e-05,-0.00015353088296265333,0.00014279652913372565,-6.328670643035303e-05
984,2290,2423.0,0.00010468176358038785,-2.6721511915655865e-05,-0.0001418889009306241,0.0001356745944156175,-5.771434275088549e-05
985,2290,2404.0,0.00010803604245023489,-1.646975305579423e-05,-0.00016247262874947294,0.0001481294296900734,-5.656314029563273e-05
986,2290,2403.0,9.243868257967055e-05,-1.662297101591079e-05,-0.0001536642538056826,0.00013212455703842438,-5.630884547466462e-05
987,2290,2420.0,8.75943216547704e-05,-2.5010646936440405e-05,-0.0001356750660632313,0.0001194502211106406,-5.686654639231061e-05
991,2291,2423.0,0.0001071172426270273,-3.327702081404923e-05,-0.00015432995108082687,0.00014123727513147745,-6.739705331849937e-05
990,2291,2404.0,0.00011059405519274999,-2.37642808002367e-05,-0.0001754664077499293,0.00015391446038487666,-6.708468599236335e-05
989,2291,2270.0,0.00013050871704031655,-2.4792097406647028e-05,-0.00018311425806413675,0.00017290952229953886,-6.719290266586935e-05
988,2291,2271.0,0.00012668090323716963,-3.4564240808129245e-05,-0.00016127603124673796,0.00016008678680005375,-6.797012437101335e-05
994,2292,2422.0,0.0001244099056708827,-4.449135070769381e-05,-0.00016265157764542085,0.00015720172938874923,-7.728317442556032e-05
993,2292,2272.0,0.00014754183278637908,-4.4497802959516265e-05,-0.00016883218134966255,0.00017937302894607558,-7.632899911921276e-05
992,2292,2273.0,0.00014818528299808884,-4.9753321800890225e-05,-0.00014941138653750937,0.0001732154298885331,-7.47834686913345e-05
995,2292,2399.0,0.0001283781705928985,-5.042791310507573e-05,-0.00014158355958556867,0.0001530118771107506,-7.506161962292784e-05
996,2293,2399.0,0.00012777815904248951,-4.1095129913550836e-05,-0.00014325670213264524,0.00015406715571044752,-6.738412658150884e-05
998,2293,2421.0,0.00010320032665090892,-3.598229235074707e-05,-0.00014671382337361726,0.00013472373838426262,-6.750570408410077e-05
999,2293,2398.0,0.00011428922284896937,-4.36749168839963e-05,-0.00013138514662798528,0.00013803826584031688,-6.74239598753438e-05
997,2293,2422.0,0.0001251826097963607,-3.543258644863852e-05,-0.00015671772802207905,0.0001570776047156687,-6.73275813679465e-05
1003,2294,2397.0,7.841770419159903e-05,-1.710589772412459e-05,-0.00012422947516289515,0.00010901041973119576,-4.769861326372133e-05
1000,2294,2420.0,8.219714129302979e-05,-1.689377208079039e-05,-0.00012114726235686307,0.00011090714494247665,-4.560377573023725e-05
1001,2294,2403.0,8.381826234366702e-05,-1.728332234294535e-05,-0.00012615778476378825,0.00011410266821662454,-4.7567728215902876e-05
1002,2294,2402.0,8.004298547715518e-05,-1.742802057538265e-05,-0.00012835111563287444,0.00011189067844281961,-4.927571354104708e-05
1004,2295,2421.0,0.00010178215902866781,-2.5404644159540083e-05,-0.00014326468543090186,0.0001339766128715283,-5.7599098002400576e-05
1005,2295,2420.0,9.572452180260996e-05,-3.0442169881165417e-05,-0.00012945949359036558,0.00012302617827181196,-5.77438263503674e-05
1006,2295,2397.0,0.0001013824501439495,-3.2351438215622984e-05,-0.00012785602738181467,0.0001270248522941827,-5.7993840365856206e-05
1007,2295,2398.0,0.0001081182897180507,-3.0531445809302244e-05,-0.00013491830548193352,0.000135523327252479,-5.793648334373053e-05
1010,2296,2401.0,6.009493747884771e-05,-9.692754069634156e-06,-0.00010311182812986278,8.745535057889666e-05,-3.705316716968311e-05
1009,2296,2402.0,7.134714782095972e-05,-1.0846480570411493e-05,-0.00010815887942476274,9.817333368151277e-05,-3.7672666430964546e-05
1008,2296,2397.0,6.709583625014864e-05,-1.7677547396181023e-05,-9.443971537849991e-05,8.816264396723743e-05,-3.874435511326981e-05
1011,2296,2396.0,5.682175905671015e-05,-1.701724785496228e-05,-8.91923616902204e-05,7.779758426731538e-05,-3.7993073065567506e-05
1015,2297,2395.0,4.4404327922176016e-05,-1.1560322556169577e-05,-6.760383670747355e-05,6.03034362305018e-05,-2.7459430864495364e-05
1014,2297,2400.0,4.6566877383287606e-05,-1.1233700292055714e-05,-7.437439421539155e-05,6.476344962602625e-05,-2.9430272534794355e-05
1013,2297,2401.0,5.168817363552375e-05,-1.1358679881520923e-05,-7.207523266276753e-05,6.804413936947087e-05,-2.7714645615468035e-05
1012,2297,2396.0,5.014117559308615e-05,-1.1634452940398462e-05,-6.637239666791323e-05,6.458966940317643e-05,-2.6082946750488735e-05
1019,2298,2394.0,3.373959913164845e-05,-8.390133338787758e-06,-4.110398399655331e-05,4.210453011973549e-05,-1.67550643268748e-05
1016,2298,2395.0,3.551218670482664e-05,-8.77939687238846e-06,-4.110228423314863e-05,4.3578735710007186e-05,-1.6845945877569004e-05
1018,2298,2424.0,3.423778227839387e-05,-7.234997950849621e-06,-4.3804714034687865e-05,4.366280986753694e-05,-1.666002553999269e-05
1017,2298,2400.0,3.616850850158594e-05,-7.83251277492055e-06,-4.3432194495495596e-05,4.5080961940197496e-05,-1.6744966213532103e-05
1020,2299,2394.0,2.7056207376890094e-05,-7.605075093174672e-06,-8.15950368869816e-06,2.7529933604052892e-05,-8.07880132033747e-06
1023,2299,73.0,7.57533132601405e-06,-7.250715171606059e-06,-3.0926754085560185e-06,7.734895084500124e-06,-7.410278930092134e-06
1022,2299,72.0,7.57533132601405e-06,-9.491181981253127e-07,-2.2946358156125668e-05,1.555240385094981e-05,-8.92619072306107e-06
1021,2299,2424.0,3.386595961714714e-05,3.100525733513819e-06,-4.404977946624242e-05,4.5348159356165376e-05,-8.38167400550442e-06
1027,2300,2424.0,3.5686871927389716e-05,-1.8587905085015144e-06,-3.4714293653571e-05,4.2481397590906516e-05,-8.653316172018312e-06
1026,2300,72.0,1.5264060345554042e-05,-9.328134471795965e-06,-9.411864303992927e-06,1.6133820634075155e-05,-1.0197894760317076e-05
1025,2300,71.0,4.128048495853978e-06,-1.318306430344986e-06,-1.1647655216238733e-05,7.833919446371108e-06,-5.024177380862116e-06
1024,2300,2400.0,1.2489938335088417e-05,9.698219788988266e-06,-3.256733061860872e-05,2.7437462402571052e-05,-5.249304278494369e-06
1030,2301,2397.0,8.932040842290524e-05,-2.9194308647254095e-05,-0.00012604352031450258,0.0001165684069119607,-5.644230713630955e-05
1031,2301,2426.0,9.10624492177982e-05,-3.650603964213393e-05,-0.00010878810124736755,0.00011110625844979861,-5.654984887413433e-05
1028,2301,2427.0,0.00011400621338322238,-3.551976040552622e-05,-0.00012054969312565124,0.00013527739404155066,-5.6790941063854505e-05
1029,2301,2398.0,0.00010644254990438418,-2.5067141344721662e-05,-0.0001431526052535874,0.00013788269808522817,-5.650728952556564e-05
1033,2302,2399.0,0.000122836407485028,-3.8323265226541297e-05,-0.00014650967599931768,0.0001511573577080431,-6.664421544955641e-05
1034,2302,2398.0,0.00010999229447271764,-4.055665069011791e-05,-0.000135661877889744,0.00013604542178665695,-6.660977800405723e-05
1035,2302,2427.0,0.00011612474897382784,-4.796170688528903e-05,-0.00011702087908563828,0.00013485137161771906,-6.668832952918025e-05
1032,2302,2393.0,0.00012744383116265311,-4.259503549790901e-05,-0.00013613665838899027,0.0001513353774585432,-6.648658179379909e-05
1039,2303,2392.0,0.00010272347987197884,-3.957757331194832e-05,-0.00011450318773174092,0.0001228973335653273,-5.9751427005296794e-05
1036,2303,2393.0,0.00011185580659567058,-4.031755564639749e-05,-0.00011706344644813686,0.00013176467572355625,-6.022642477428316e-05
1037,2303,2427.0,0.00012216679515064492,-3.4028972089007346e-05,-0.00013552678038293055,0.00014746696023647222,-5.932913717483464e-05
1038,2303,2426.0,0.00010359639634850834,-3.4926227922776366e-05,-0.00012506998349622826,0.00012765043424536375,-5.8980265819631776e-05
1040,2304,2274.0,0.00015313306631299824,-5.506205204182499e-05,-0.0001382882986172007,0.0001740043640972502,-7.593334982607694e-05
1041,2304,2273.0,0.0001511573127295951,-4.8358611763734804e-05,-0.00016077300658159325,0.0001795150830957841,-7.671638212992379e-05
1042,2304,2399.0,0.00012343404654514053,-4.938193719984988e-05,-0.00014919352834265234,0.00015117954031487025,-7.712743096957959e-05
1043,2304,2393.0,0.00013211110468282043,-5.5958072344017545e-05,-0.00012909485350496436,0.00015213296770659018,-7.597993536778729e-05
1046,2305,2425.0,7.933708358076174e-05,-2.8795057986155453e-05,-0.00010869109321298351,0.00010192985733542752,-5.138783174082124e-05
1045,2305,2426.0,0.00010257557443604098,-2.886935078680753e-05,-0.00011369977436982877,0.00012375162599285525,-5.00454023436218e-05
1044,2305,2392.0,0.00010085525247240492,-3.3467340023929934e-05,-9.326724408085857e-05,0.00011545785056852444,-4.806993812004946e-05
1047,2305,2391.0,8.179280055926321e-05,-3.35293790146502e-05,-8.862269595847228e-05,9.685238757853844e-05,-4.858896603392542e-05
1051,2306,2425.0,6.920086201017087e-05,-2.851397950614414e-05,-8.865760583052443e-05,8.631381589881827e-05,-4.562693339479154e-05
1050,2306,2396.0,7.066795115613818e-05,-1.9499069560161312e-05,-0.00011150289676535585,9.72834429038741e-05,-4.611456130789723e-05
1049,2306,2397.0,9.00809576991255e-05,-2.0320716911271337e-05,-0.00011734002112504752,0.00011543632796728318,-4.567608717942903e-05
1048,2306,2426.0,9.207290337456472e-05,-2.8643083309835664e-05,-9.760551060018384e-05,0.00010933447126004562,-4.5904651195316555e-05
1054,2307,2395.0,5.7980360862769365e-05,-1.713605560180599e-05,-8.517151573354028e-05,7.72038907045056e-05,-3.6359585443542225e-05
1053,2307,2396.0,6.883614048658771e-05,-1.754213750906886e-05,-8.384939999337565e-05,8.583821510990191e-05,-3.454421213238306e-05
1052,2307,2425.0,6.80861920076348e-05,-1.9155848123432462e-05,-7.236875728431659e-05,8.114058679966325e-05,-3.221024291546091e-05
1055,2307,2428.0,5.4482211989239325e-05,-1.917448186283528e-05,-7.030736498642946e-05,6.856661916409813e-05,-3.325888903769408e-05
1056,2308,2391.0,8.385979688264704e-05,-2.6726089136014787e-05,-7.044689920086291e-05,9.412599471871808e-05,-3.6992286972085825e-05
1058,2308,2428.0,4.5826419122612164e-05,-1.9102589107491963e-05,-7.767033171665648e-05,6.397924538639474e-05,-3.7255415371274534e-05
1059,2308,2390.0,6.505890242684527e-05,-2.8109347351048435e-05,-5.981398156851888e-05,7.38327831869351e-05,-3.688322811113826e-05
1057,2308,2425.0,8.131729540538247e-05,-1.8978308657130894e-05,-9.088574556789797e-05,9.88441321646231e-05,-3.650514541637152e-05
1063,2309,2390.0,5.660275230423648e-05,-1.6169198237351895e-05,-6.14845137572699e-05,6.78510667247857e-05,-2.7417512657901108e-05
1062,2309,2394.0,5.5065956735141823e-05,-1.9891409810339706e-05,-5.5617784449512285e-05,6.425617302759887e-05,-2.908162610279676e-05
1061,2309,2395.0,5.0471316899532506e-05,-1.8159304610142245e-05,-5.4080687741267335e-05,5.984491490702488e-05,-2.753290261763462e-05
1060,2309,2428.0,5.2396506855374204e-05,-1.1804712972933971e-05,-6.35351250841791e-05,6.545812880287925e-05,-2.4866334920439014e-05
1066,2310,73.0,3.105383496050142e-05,-8.928275906920418e-06,-3.1019086302375154e-05,3.636472067983748e-05,-1.423916162625648e-05
1065,2310,2394.0,4.702211480806136e-05,-9.204318985815696e-06,-3.492066001014628e-05,5.2002947046584744e-05,-1.4185151224339082e-05
1064,2310,2390.0,4.2278841549011226e-05,-1.351647852405706e-05,-1.9194279463247838e-05,4.388346153525411e-05,-1.5121098510299947e-05
1067,2310,74.0,3.105383496050142e-05,-1.3021028013130765e-05,-1.7450853682350956e-05,3.271833293305253e-05,-1.4685525985681875e-05
1070,2311,2392.0,0.00011064446465067733,-4.2155103359719755e-05,-0.00012765244695911102,0.00013379724866711826,-6.530788737616069e-05
1068,2311,2389.0,0.000130714604706067,-4.821047475785513e-05,-0.00010814740739463393,0.0001457868029650625,-6.328267301685065e-05
1069,2311,2393.0,0.00013155578425734374,-4.307161538560553e-05,-0.00012912303386680788,0.00015283246911727992,-6.434830024554171e-05
1071,2311,2388.0,0.00011009107406773121,-4.805425882794699e-05,-0.00010367547716459442,0.00012556806505183528,-6.353124981205105e-05
1075,2312,2387.0,9.080368976348459e-05,-3.870829129602965e-05,-8.20808070813809e-05,0.00010271355233843576,-5.0618153870980826e-05
1074,2312,2391.0,9.010448541555208e-05,-3.334148664676617e-05,-0.000101988315543602,0.0001084447939172686,-5.16817951484827e-05
1073,2312,2392.0,0.00011017498016094394,-3.3265459358274496e-05,-0.00010763343421976018,0.00012812096899103423,-5.121144818836478e-05
1072,2312,2388.0,0.00010970272495328202,-3.8699161082714445e-05,-8.716257617825528e-05,0.00012155472271169048,-5.055115884112291e-05
1077,2313,2391.0,9.066482779166753e-05,-2.3940913561207224e-05,-8.555767625940958e-05,0.00010487173252732322,-3.8147818296862913e-05
1079,2313,2386.0,6.756631448034695e-05,-3.019544275456457e-05,-5.157268282926248e-05,7.395093774215011e-05,-3.658006601636772e-05
1078,2313,2390.0,6.642934350634339e-05,-2.500104327513204e-05,-7.541532882953837e-05,7.997414389192495e-05,-3.854584366071361e-05
1076,2313,2387.0,9.163492310926974e-05,-2.995292606825222e-05,-5.788755303142703e-05,9.817333448099306e-05,-3.649133743997554e-05
1080,2314,2275.0,0.00015536357346606277,-5.8552962210874906e-05,-0.0001223699898748351,0.00017162735992185349,-7.481674866666562e-05
1083,2314,2389.0,0.00013110643336171346,-5.862629381993289e-05,-0.00011739918811100748,0.0001477984369300917,-7.531829738831113e-05
1082,2314,2393.0,0.00013204563212148614,-5.424574515853304e-05,-0.00014076404872601133,0.0001556464580575286,-7.78465710945755e-05
1081,2314,2274.0,0.00015594055122428044,-5.358387892930537e-05,-0.00014878169282342597,0.00017966615556103073,-7.730948326605566e-05
1087,2315,75.0,4.7935406801225336e-05,-2.2688150816811822e-05,-1.3501380605816793e-05,4.8574894203883295e-05,-2.332763821946978e-05
1086,2315,74.0,4.7935406801225336e-05,-1.6037006798358963e-05,-3.559200628899372e-05,5.255268553707599e-05,-2.0654285534209614e-05
1085,2315,2390.0,6.81434438098154e-05,-1.6927301891285322e-05,-3.8719370792940615e-05,7.234194905840895e-05,-2.112580713987887e-05
1084,2315,2386.0,6.908716161947498e-05,-2.2947055763354704e-05,-1.900993715381067e-05,7.00585485409806e-05,-2.3918442684860324e-05
1088,2316,2383.0,0.0001006689493931465,-3.436802107682551e-05,-5.371133281500398e-05,0.0001058138845746125,-3.9512956258291515e-05
1089,2316,2387.0,0.00010046170474828017,-2.929722789793898e-05,-7.233300483425274e-05,0.00010986117923250519,-3.8696702382164e-05
1090,2316,2386.0,8.269032231930304e-05,-2.9522662796450027e-05,-6.667795326657658e-05,9.18481068975597e-05,-3.8680447374706686e-05
1091,2316,2382.0,8.299466741328552e-05,-3.441207042604428e-05,-4.8750764475931525e-05,8.785421835862695e-05,-3.92716213713857e-05
1095,2317,2383.0,0.00010041772778945435,-4.2310804413127194e-05,-7.644082552312609e-05,0.00011000813065691479,-5.1901207280587636e-05
1094,2317,2387.0,0.0001002010318147898,-3.868327066274208e-05,-9.593031316804373e-05,0.00011515596947604089,-5.3638208323993165e-05
1093,2317,2388.0,0.00011919197216945935,-3.8676890101331366e-05,-9.949211984717436e-05,0.00013355981805123865,-5.304473598311067e-05
1092,2317,2384.0,0.00011902049449988728,-4.228610859953366e-05,-8.002913598709237e-05,0.00012840119043212059,-5.1666804531766975e-05
1098,2318,2388.0,0.00011933696398082989,-4.843516596548191e-05,-0.00011583587023494737,0.00013738891500245597,-6.648711698710798e-05
1097,2318,2389.0,0.00013851278343303408,-4.852303171711209e-05,-0.00011811926263518256,0.00015560065820495098,-6.561090648902899e-05
1096,2318,2385.0,0.00013809920045727972,-5.1464301093123504e-05,-9.840799255495056e-05,0.00015010983484921552,-6.347493548505931e-05
1099,2318,2384.0,0.00011916038789474637,-5.1430248455772e-05,-9.580057480720796e-05,0.0001316900605754365,-6.395992113646211e-05
1100,2319,2382.0,8.351329382394988e-05,-2.8070111180819807e-05,-1.795354558894839e-05,8.423085178317635e-05,-2.8787669140046277e-05
1102,2319,75.0,6.813479856650987e-05,-2.3359048501261307e-05,-2.9182725937865802e-05,7.04054643734723e-05,-2.5629714308223737e-05
1103,2319,76.0,6.813479856650987e-05,-2.8030404441135165e-05,-1.3504700336763095e-05,6.860660778068328e-05,-2.8502213655308573e-05
1101,2319,2386.0,8.32564900051869e-05,-2.354221986216893e-05,-3.3073558446933445e-05,8.575844251971267e-05,-2.6044172376694695e-05
1106,2320,2389.0,0.0001387239865428139,-5.845949945066948e-05,-0.00012794439564586943,0.0001576600014649241,-7.73955143727797e-05
1104,2320,2276.0,0.00015846314582638934,-6.152075736564797e-05,-0.00011038069439977573,0.00017153298293809703,-7.459059447735566e-05
1105,2320,2275.0,0.00015885549040118695,-5.841141685451452e-05,-0.00013127131785291377,0.00017714432390142327,-7.670025035475084e-05
1107,2320,2385.0,0.00013828864577229965,-6.15466025885407e-05,-0.00010719634138435519,0.00015175662704251634,-7.501458385875737e-05
1111,2321,2254.0,9.645195436558006e-05,-3.800915514953762e-05,-4.4608206557370834e-05,0.00010005515226927292,-4.1612353053230484e-05
1108,2321,2255.0,0.00011057702223430136,-3.7982872507083174e-05,-4.831542411807763e-05,0.00011440664939400994,-4.1812499666791746e-05
1109,2321,2383.0,0.00011053047980354646,-3.428547349226699e-05,-6.279380887094007e-05,0.00011704449432650317,-4.079948801522369e-05
1110,2321,2382.0,9.637570302896328e-05,-3.431863038682844e-05,-5.9052070174114325e-05,0.00010273654804020285,-4.0679475398068006e-05
1112,2322,2256.0,0.00012631542144117634,-4.512253256257399e-05,-7.201976151484423e-05,0.00013357200321907815,-5.237911434047579e-05
1113,2322,2384.0,0.00012640640976762383,-4.2226791420037495e-05,-8.838138225352246e-05,0.00013728490525526354,-5.310528690767722e-05
1114,2322,2383.0,0.00011045781649474248,-4.224698506042821e-05,-8.544197025412434e-05,0.00012159696773635315,-5.3386136302038876e-05
1115,2322,2255.0,0.00011050999950790435,-4.512516393089525e-05,-6.9204846725368e-05,0.00011785639918454946,-5.2471563607540365e-05
1119,2323,2256.0,0.0001263959182981728,-5.358886024392072e-05,-8.643340563546566e-05,0.00013623495458615453,-6.342789653190246e-05
1118,2323,2384.0,0.00012649386753510114,-5.153028794071667e-05,-0.0001040408515982842,0.00014058016361338582,-6.561658401900134e-05
1117,2323,2385.0,0.00014347735769288912,-5.155415457052618e-05,-0.00010582376334101638,0.0001569074888930359,-6.498428577067297e-05
1116,2323,2257.0,0.00014329752780778676,-5.357890882992124e-05,-8.849580339358393e-05,0.00015278502296982353,-6.306640399195802e-05
1121,2324,2382.0,9.653874516215915e-05,-2.8158961024201106e-05,-2.809383543855284e-05,9.810151369953288e-05,-2.972172956157483e-05
1120,2324,2254.0,9.659677073996275e-05,-3.2870259731763605e-05,-1.71124073682148e-05,9.715978386721903e-05,-3.343327285901989e-05
1122,2324,76.0,8.564360284493136e-05,-2.8118546978573807e-05,-2.352451698858912e-05,8.684701302173761e-05,-2.932195715538006e-05
1123,2324,77.0,8.564360284493136e-05,-3.286973508484698e-05,-1.2425063390264762e-05,8.596837702199271e-05,-3.319450926190834e-05
1125,2325,2276.0,0.00016099989023928138,-6.147056764697195e-05,-0.00011625000823418854,0.0001752708056144391,-7.574148302212969e-05
1124,2325,2258.0,0.00016076912321868987,-6.277886692420992e-05,-9.826985504725197e-05,0.0001710920858365472,-7.310182954206726e-05
1126,2325,2385.0,0.000143572021688884,-6.148146210521255e-05,-0.00011483112442429088,0.0001585539160198198,-7.646335643614838e-05
1127,2325,2257.0,0.0001433876079008898,-6.277408311315582e-05,-9.706961461224909e-05,0.00015424221881848202,-7.362869403074801e-05
1130,2326,2258.0,0.00016242096824277755,-7.246615812182941e-05,-0.00010484882761331712,0.0001735904281021843,-8.363561798123615e-05
1128,2326,2248.0,0.0001771833118928666,-7.177455096213988e-05,-8.899412718116773e-05,0.00018489739479485626,-7.948863386412954e-05
1129,2326,2259.0,0.00017729528943584167,-7.247000637257742e-05,-0.00010425572354468785,0.00018773813698804407,-8.291285392477983e-05
1131,2326,2247.0,0.00016231988546923934,-7.177546029013624e-05,-8.969117373248828e-05,0.0001706168749726313,-8.00724497935282e-05
1132,2327,2247.0,0.00016229897085846606,-6.319741272771244e-05,-8.661120227134887e-05,0.00017032962589847654,-7.122806776772291e-05
1133,2327,2258.0,0.00016240081285199322,-6.279257058334489e-05,-0.00010189004164368968,0.00017338975999378877,-7.378151772514043e-05
1134,2327,2257.0,0.00014739047549038563,-6.279106734084338e-05,-0.00010154896641460668,0.00015901353522471525,-7.4414127075173e-05
1135,2327,2246.0,0.00014728057380047552,-6.32007603132515e-05,-8.608687437598045e-05,0.00015574274526372134,-7.166293177649731e-05
1139,2328,2245.0,0.00013281017538691736,-5.4869826849215106e-05,-7.688584328382738e-05,0.0001403792667320272,-6.243891819432492e-05
1138,2328,2256.0,0.00013285395568408357,-5.3562901535257525e-05,-9.162387771663363e-05,0.0001435038195013647,-6.421276535253866e-05
1137,2328,2257.0,0.000147329095489839,-5.355643974808513e-05,-9.298067819226569e-05,0.00015756650313379487,-6.3793847392041e-05
1136,2328,2246.0,0.00014722388285362585,-5.486917038667258e-05,-7.817174601037601e-05,0.00015451989640387419,-6.216518393692092e-05
1141,2329,2254.0,0.00010848459786520553,-3.2870959769465457e-05,-2.3367047390920447e-05,0.00010944377281123562,-3.383013471549555e-05
1143,2329,78.0,0.00010075593699656899,-3.697809732815477e-05,-1.1469723647582891e-05,0.00010099430814061218,-3.7216468472197955e-05
1142,2329,77.0,0.00010075593699656899,-3.2870507723741687e-05,-1.9328151796017042e-05,0.00010145124035805884,-3.356581108523154e-05
1140,2329,2243.0,0.00010849699409237268,-3.695846723275945e-05,-1.555351884793832e-05,0.00010891159586776655,-3.7373069008153314e-05
1144,2330,2244.0,0.00011954499791245153,-4.113872225822244e-05,-4.2845629895712535e-05,0.00012235210945191552,-4.3945833797686426e-05
1147,2330,2243.0,0.00010845878268345285,-4.115147200508054e-05,-3.966536473651826e-05,0.00011104320480752337,-4.3735894129151063e-05
1146,2330,2254.0,0.00010844091394990622,-3.796367407959489e-05,-5.093258309548515e-05,0.00011274415428088229,-4.226691441057096e-05
1145,2330,2255.0,0.00011954821330668972,-3.7940768241995606e-05,-5.415472347703376e-05,0.00012407363514205884,-4.2466190077364706e-05
1151,2331,2244.0,0.00011955027153914008,-4.7358699077849485e-05,-6.139062039861457e-05,0.00012501627423165364,-5.282470177036305e-05
1150,2331,2255.0,0.00011955413034357406,-4.511976138303901e-05,-7.496224346234277e-05,0.00012768379235479743,-5.324942339426239e-05
1149,2331,2256.0,0.00013281090925400035,-4.511770604782243e-05,-7.716180139095367e-05,0.0001408163594365509,-5.3123156230372985e-05
1148,2331,2245.0,0.00013277084725248512,-4.73420894660881e-05,-6.367242410701673e-05,0.00013823250225867894,-5.2803744472281933e-05
1152,2332,126.0,0.0002274701088390233,-0.00010588294605344828,-8.072690843013031e-06,0.00022751897503723963,-0.00010593181225166458
1155,2332,2253.0,0.00022616571046853075,-0.00010572763704800523,-1.3351192017715952e-05,0.00022629992698216164,-0.00010586185356163612
1153,2332,127.0,0.0002274701088390233,-0.00011127171459968037,-9.394794038555202e-06,0.00022753523601164155,-0.0001113368417722986
1154,2332,2264.0,0.00022616470549950696,-0.00011105474417605162,-1.4662263100364767e-05,0.00022632400862502937,-0.00011121404730157404
1157,2333,2264.0,0.00022615022186995648,-0.00010915986569697097,-3.349694945566431e-05,0.00022698471815276505,-0.00010999436197977954
1159,2333,2252.0,0.00022162015891255202,-0.00010390842469281036,-3.3780339943066066e-05,0.00022249416497346886,-0.00010478243075372722
1158,2333,2263.0,0.0002216269826960356,-0.00010898282151539107,-3.8350845036184186e-05,0.00022273544390266812,-0.0001100912827220236
1156,2333,2253.0,0.00022615375647340626,-0.00010406471070256968,-2.889623516893298e-05,0.0002267847024368697,-0.0001046956566660331
1163,2334,2251.0,0.000213946896219043,-0.00010022260209136599,-5.2415050422145726e-05,0.00021611808194490513,-0.00010239378781722811
1161,2334,2263.0,0.0002216532770160794,-0.00010492208226047271,-5.599772749393696e-05,0.00022403636333478676,-0.00010730516857918008
1160,2334,2252.0,0.0002216414686761303,-0.00010030882037497871,-4.8082401730157025e-05,0.00022342681227364026,-0.00010209416397248868
1162,2334,2262.0,0.0002139843557225898,-0.00010475589610158505,-6.017811279702013e-05,0.00021679988992935297,-0.00010757143030834823
1166,2335,2260.0,0.00019132906163398357,-9.093547368314544e-05,-9.301061463664164e-05,0.00019879376764318982,-9.840017969235169e-05
1167,2335,2249.0,0.00019129207710748102,-8.807404816199024e-05,-8.022793006663134e-05,0.0001969379110408868,-9.371988209539602e-05
1164,2335,2250.0,0.00020379051171836313,-8.809142631799354e-05,-7.750962680541824e-05,0.00020884855594147618,-9.314947054110659e-05
1165,2335,2261.0,0.0002038613709885789,-9.099921625723757e-05,-9.04919885680827e-05,0.00021064810455945505,-9.778594982811373e-05
1168,2336,2251.0,0.00021400595901422065,-9.495319730127406e-05,-6.47149018908411e-05,0.00021735839503446213,-9.830563332151554e-05
1169,2336,2262.0,0.00021405637319913415,-9.867446536745284e-05,-7.517412793141536e-05,0.0002185105165480104,-0.0001031286087163291
1170,2336,2261.0,0.0002037976403289365,-9.865381963068871e-05,-7.875969740740426e-05,0.0002088408896503712,-0.00010369706895212342
1171,2336,2250.0,0.0002037396820713899,-9.487765565719254e-05,-6.814859289067977e-05,0.00020757844634350966,-9.871641992931229e-05
1175,2337,2248.0,0.00017717251046203914,-8.026438192563394e-05,-8.745922018879885e-05,0.0001843978658538718,-8.74897373174666e-05
1174,2337,2259.0,0.00017727965432700298,-8.196406031882775e-05,-0.00010205444100891631,0.00018696179238201214,-9.164619837383691e-05
1173,2337,2260.0,0.00019135013248826587,-8.195319181918549e-05,-0.00010032386159616229,0.00020026596694957258,-9.08690262804922e-05
1172,2337,2249.0,0.00019130864742326675,-8.028379309866541e-05,-8.598123615461946e-05,0.0001979512093806064,-8.692635505600505e-05
1178,2338,2245.0,0.00013839941811924971,-5.4868410236875846e-05,-7.964765421838126e-05,0.00014628368692862654,-6.275267904625267e-05
1177,2338,2246.0,0.0001505172632932871,-5.486800185796551e-05,-8.044921972746692e-05,0.00015811423142417415,-6.246496998885255e-05
1176,2338,2235.0,0.00015047446091441628,-5.567516353365324e-05,-6.814850291603485e-05,0.00015596056029047923,-6.116126290971618e-05
1179,2338,2234.0,0.00013836147470513722,-5.5682070285687575e-05,-6.724824717023199e-05,0.0001440227389052702,-6.134333448582054e-05
1182,2339,2246.0,0.00015054510741127104,-6.318136440186268e-05,-8.842041055342597e-05,0.000159329151797116,-7.196540878770763e-05
1180,2339,2236.0,0.00016317396218268462,-6.299067381426823e-05,-7.537220339025102e-05,0.00016928834256501018,-6.910505419659381e-05
1181,2339,2247.0,0.00016324561452762303,-6.318294824812895e-05,-8.833892009578372e-05,0.00017155669967322217,-7.14940333937281e-05
1183,2339,2235.0,0.00015050024391221814,-6.299024164742111e-05,-7.553097064687221e-05,0.0001569838787998792,-6.947387653508215e-05
1187,2340,2236.0,0.00016319132072392445,-7.06022986838807e-05,-7.847172816998621e-05,0.0001696002981893452,-7.701127614930146e-05
1186,2340,2247.0,0.0001632628976381569,-7.17777829536072e-05,-9.141936064009214e-05,0.00017183936641459327,-8.035425173004356e-05
1185,2340,2248.0,0.0001758716394300937,-7.177624636419474e-05,-9.025828378756611e-05,0.0001838392299585244,-7.974383689262544e-05
1184,2340,2237.0,0.00017582286945935907,-7.061438978154156e-05,-7.74587622518275e-05,0.00018176613688264994,-7.655765720483243e-05
1191,2341,2233.0,0.00012755339878153804,-4.910071762181489e-05,-5.369909384942339e-05,0.0001315440928305779,-5.309141167085474e-05
1188,2341,2234.0,0.00013832540213815385,-4.9093292962701786e-05,-5.5482742227899295e-05,0.00014234540273662524,-5.311329356117319e-05
1190,2341,2244.0,0.00012755840108186114,-4.7334341540159874e-05,-6.465016616261521e-05,0.0001333417399048876,-5.311768036318636e-05
1189,2341,2245.0,0.00013835902862838157,-4.73210741334662e-05,-6.647465272616605e-05,0.00014412929620130085,-5.309134170638549e-05
1192,2342,2232.0,0.00011894057510842973,-4.047436843375061e-05,-1.3917274364496409e-05,0.00011924375067613632,-4.0777544001457196e-05
1193,2342,2243.0,0.00011894108502511283,-3.694056838148029e-05,-1.929357615513194e-05,0.00011953581070038413,-3.753529405675159e-05
1194,2342,78.0,0.00011362744960943631,-3.6957513630031524e-05,-1.5774969658300785e-05,0.00011403946062645446,-3.736952464704967e-05
1195,2342,79.0,0.00011362744960943631,-4.0494814383512526e-05,-1.0393677439339034e-05,0.00011380248269937921,-4.0669847473455425e-05
1196,2343,2233.0,0.00012754592991252953,-4.3814615488907654e-05,-3.735181098940229e-05,0.00012955772399163152,-4.582640956800964e-05
1197,2343,2244.0,0.00012754991556394217,-4.1125710418187206e-05,-4.607781352599944e-05,0.00013064011824834616,-4.421591310259119e-05
1198,2343,2243.0,0.00011894337066948105,-4.113649712889414e-05,-4.3390345794520543e-05,0.00012183154747847452,-4.402467393788762e-05
1199,2343,2232.0,0.00011894254017012816,-4.3834969115165694e-05,-3.463427358092524e-05,0.00012076443754331738,-4.5656866488354915e-05
1202,2344,2250.0,0.00019831058399032457,-9.48675512626789e-05,-6.852385539728298e-05,0.00020226132650464252,-9.881829377699684e-05
1203,2344,2239.0,0.00019828435154178045,-9.08561201723727e-05,-5.9658278020778034e-05,0.00020132959803622372,-9.390136666681596e-05
1200,2344,2240.0,0.0002070185935563215,-9.08968909018674e-05,-5.5801776500016484e-05,0.00020960908963809887,-9.348738698364476e-05
1201,2344,2251.0,0.00020705124225485743,-9.494937533583917e-05,-6.475530699630045e-05,0.0002104834614526001,-9.838159453358182e-05
1206,2345,2251.0,0.00020700659576313677,-0.00010021893344497456,-5.2472161583544744e-05,0.000209230968532088,-0.00010244330621392578
1207,2345,2240.0,0.00020698257718672732,-9.554735023229919e-05,-4.589149642104202e-05,0.00020871302715677828,-9.727780020235015e-05
1205,2345,2252.0,0.0002134835917565088,-0.0001003071803912972,-4.801065586148689e-05,0.00021530940130669882,-0.0001021329899414872
1204,2345,2241.0,0.00021347578250738904,-9.564847709491638e-05,-4.143670372686037e-05,0.00021485820077575134,-9.703089536327869e-05
1209,2346,2253.0,0.00021737753080179134,-0.00010406391803323736,-2.8648772260935797e-05,0.00021801460537554154,-0.00010470099260698757
1208,2346,2242.0,0.00021737540843962165,-9.888663877131892e-05,-2.4670271338273972e-05,0.00021785578479799323,-9.936701512969048e-05
1210,2346,2252.0,0.00021346650820180382,-0.00010390573995481934,-3.3613075940257166e-05,0.0002143540213369702,-0.00010479325308998572
1211,2346,2241.0,0.00021346183616724771,-9.878692533543542e-05,-2.968284919688171e-05,0.00021416567401543333,-9.949076318362102e-05
1215,2347,2237.0,0.00017581980012648787,-7.80325886305973e-05,-7.662469145418857e-05,0.00018147601278044705,-8.368880128455648e-05
1212,2347,2238.0,0.00018773050455394083,-7.80403407405705e-05,-7.448880520177434e-05,0.0001928511726318294,-8.316100881845906e-05
1213,2347,2249.0,0.0001877837056549021,-8.027485180889412e-05,-8.669727934615184e-05,0.00019461944074438905,-8.711058689838107e-05
1214,2347,2248.0,0.00017586596474833405,-8.024912980259089e-05,-8.873619388959694e-05,0.00018333429485689864,-8.771745991115548e-05
1216,2348,2239.0,0.00019830653939996185,-8.49613640705615e-05,-6.718438128975072e-05,0.00020223567212112437,-8.889049679172402e-05
1217,2348,2250.0,0.00019833836836864044,-8.808850027446227e-05,-7.794651315904452e-05,0.00020354663899143535,-9.329677089725717e-05
1218,2348,2249.0,0.00018775883792124075,-8.806941005800505e-05,-8.09521979962609e-05,0.00019357578289700032,-9.388635503376462e-05
1219,2348,2238.0,0.00018771149322337113,-8.491270614613828e-05,-7.0092725126902e-05,0.00019214468137943673,-8.934589430220388e-05
1222,2349,2253.0,0.0002173692517675966,-0.0001057269557734545,-1.311755100614825e-05,0.00021750233851703296,-0.00010586004252289088
1221,2349,126.0,0.00021853970412683,-0.00010588294605344828,-7.81181530587656e-06,0.00021858672274231383,-0.0001059299646689321
1220,2349,125.0,0.00021853970412683,-0.00010050555740972297,-6.6331517787534405e-06,0.00021857417725199306,-0.00010054003053488602
1223,2349,2242.0,0.00021736862670498468,-0.00010037754137317383,-1.194787082904776e-05,0.00021748090279829384,-0.00010048981746648301
1224,2350,2229.0,0.00020074890913477934,-8.688297918481113e-05,-4.7998482368558776e-05,0.00020273759237752765,-8.887166242755944e-05
1225,2350,2240.0,0.00020076247708037277,-9.089955924960883e-05,-5.5478845154709536e-05,0.00020337727874188613,-9.35143609111222e-05
1226,2350,2239.0,0.0001933731045342629,-9.08586114842142e-05,-5.936637713041277e-05,0.0001964399203573369,-9.39254273072882e-05
1227,2350,2228.0,0.00019334893923811597,-8.681903347969408e-05,-5.1848826687018925e-05,0.00019572757408704576,-8.919766832862387e-05
1229,2351,2239.0,0.00019339711337348258,-8.496515542541402e-05,-6.686704661053051e-05,0.00019735642976737573,-8.892447181930717e-05
1230,2351,2238.0,0.00018445054017991562,-8.491388697062644e-05,-6.996649393237577e-05,0.00018891977726841674,-8.938312405912756e-05
1228,2351,2228.0,0.00019336779674343236,-8.16556351353404e-05,-5.774186836272552e-05,0.000196365877121239,-8.465371551314704e-05
1231,2351,2227.0,0.00018442920456206028,-8.163204703170746e-05,-6.0914834998064635e-05,0.00018787129281681717,-8.507413528646436e-05
1232,2352,2226.0,0.00017439273624197602,-6.912640607361611e-05,-6.671958499432622e-05,0.00017888002216974935,-7.361369200138945e-05
1234,2352,2236.0,0.0001638196474010342,-7.059806821432498e-05,-7.88793966013425e-05,0.00017027730143317655,-7.705572224646733e-05
1233,2352,2237.0,0.00017443526989887118,-7.061346064200628e-05,-7.753220546986937e-05,0.00018042172443042187,-7.659991517355698e-05
1235,2352,2225.0,0.00016379129480395462,-6.911998870977396e-05,-6.813012132969413e-05,0.00016867132321502908,-7.400001712084844e-05
1238,2353,2237.0,0.00017443213990574755,-7.803227841180686e-05,-7.670692174650742e-05,0.00018013005842848771,-8.373019693454703e-05
1237,2353,2238.0,0.00018446091692577707,-7.804065528288869e-05,-7.438878567959072e-05,0.00018962930730234207,-8.32090456594537e-05
1236,2353,2227.0,0.0001844369710911403,-7.565421738073839e-05,-6.422668513476502e-05,0.00018834332104052676,-7.956056733012486e-05
1239,2353,2226.0,0.00017439182117940603,-7.56253325109849e-05,-6.646128711358841e-05,0.0001787332345006572,-7.996674583223609e-05
1241,2354,2242.0,0.000209559958796522,-9.888928308517369e-05,-2.4382181126204622e-05,0.00021004104684362962,-9.937037113228131e-05
1243,2354,2230.0,0.00020621970522870757,-9.375340850289242e-05,-2.595609600659519e-05,0.00020678014092813206,-9.43138442023169e-05
1242,2354,2241.0,0.00020622515577869331,-9.879142098079701e-05,-2.931160899243652e-05,0.00020692773721552117,-9.949400241762488e-05
1240,2354,2231.0,0.00020955850947825547,-9.384812121695054e-05,-2.1018572497104662e-05,0.00020992209054439628,-9.421170228309135e-05
1246,2355,2240.0,0.0002007444183545425,-9.555284484648449e-05,-4.5504478759043725e-05,0.00020248134790615513,-9.72897743980971e-05
1245,2355,2241.0,0.00020624416786422985,-9.565349411114028e-05,-4.104954792879655e-05,0.00020763317171358832,-9.704249796049873e-05
1244,2355,2230.0,0.00020623509552531024,-9.099520054409697e-05,-3.545831916214673e-05,0.00020728886652468008,-9.204897154346681e-05
1247,2355,2229.0,0.00020073436403807285,-9.093629907038723e-05,-3.996424345495235e-05,0.0002020969574633203,-9.229889249563468e-05
1250,2356,2242.0,0.0002095544661360237,-0.0001003807715008149,-1.162582894903303e-05,0.00020966345050757289,-0.0001004897558723641
1248,2356,124.0,0.0002105792687236551,-9.525369782445151e-05,-5.408975918500241e-06,0.00021060318270299446,-9.527761180379085e-05
1249,2356,125.0,0.0002105792687236551,-0.00010050555740972297,-6.442415190182748e-06,0.00021061261996805405,-0.0001005389086541219
1251,2356,2231.0,0.00020955402388050633,-9.516133902466626e-05,-1.0601018058981233e-05,0.00020964619809718418,-9.525351324134412e-05
1255,2357,2222.0,0.00013450495113133355,-5.049946035281703e-05,-4.628374372620762e-05,0.00013735579620818876,-5.3350305429672245e-05
1254,2357,2233.0,0.0001345163303069336,-4.909488440408953e-05,-5.509401549475207e-05,0.0001385601213728433,-5.3138675469999234e-05
1253,2357,2234.0,0.00014317592582095869,-4.908898423455516e-05,-5.651185577820218e-05,0.0001472425045736619,-5.315556298725836e-05
1252,2357,2223.0,0.00014316340126395433,-5.0487508439167605e-05,-4.7739353414713494e-05,0.0001460622171458783,-5.338632432109157e-05
1257,2358,2235.0,0.0001531812925675913,-5.5669303120603974e-05,-6.884660066400119e-05,0.0001587087410992692,-6.119675165228185e-05
1259,2358,2223.0,0.00014317834579867126,-5.612925396125635e-05,-5.819642703305469e-05,0.00014733969828274962,-6.029060644533471e-05
1258,2358,2234.0,0.00014319278646999275,-5.567321643579898e-05,-6.830937072476242e-05,0.00014889524197684407,-6.137567194265029e-05
1256,2358,2224.0,0.00015314684055538338,-5.6127088026307055e-05,-5.869400765854066e-05,0.00015718434856488487,-6.016459603580855e-05
1260,2359,2225.0,0.00016378301735892704,-6.249930352536504e-05,-6.500822549516646e-05,0.00016835948317429195,-6.707576934072996e-05
1263,2359,2224.0,0.00015316963598876717,-6.249456677353139e-05,-6.538890844366534e-05,0.000158017122045352,-6.734205283011622e-05
1262,2359,2235.0,0.00015320637593701104,-6.298868881629755e-05,-7.621239474523041e-05,0.00015972628893462135,-6.950860181390786e-05
1261,2359,2236.0,0.0001638113504659213,-6.298980208721051e-05,-7.575271277030947e-05,0.00016996958429079664,-6.914803591208587e-05
1267,2360,2221.0,0.00012796941450295097,-4.6083749469798437e-05,-2.9885904168189432e-05,0.00012924298987328063,-4.735732484012808e-05
1266,2360,2232.0,0.00012797017941322498,-4.382126572039923e-05,-3.648873268982536e-05,0.0001298863698115803,-4.573745611875454e-05
1265,2360,2233.0,0.00013449523948414442,-4.3804102130535084e-05,-3.877474575045064e-05,0.00013657897282276467,-4.5887835469155314e-05
1264,2360,2222.0,0.00013448669864168494,-4.606959371923473e-05,-3.216047494659013e-05,0.00013590761306152808,-4.7490508139077874e-05
1270,2361,79.0,0.0001244779228273779,-4.048112136528282e-05,-1.2796183605768207e-05,0.0001247257066460668,-4.072890518397173e-05
1271,2361,80.0,0.0001244779228273779,-4.345895061584073e-05,-9.259907301998032e-06,0.00012460547195694525,-4.3586499745408087e-05
1268,2361,2221.0,0.00012796736840084248,-4.3436780210650964e-05,-1.2224629439628806e-05,0.00012818505859396874,-4.365447040377722e-05
1269,2361,2232.0,0.00012796777739679244,-4.0463917234534116e-05,-1.5755352526446078e-05,0.00012833541973722727,-4.083155957496895e-05
1273,2362,2229.0,0.00019520812843308935,-8.68930215642596e-05,-4.728582590267025e-05,0.00019717591603265295,-8.88608091638232e-05
1274,2362,2228.0,0.00018897044135192213,-8.68304886426309e-05,-5.106719228438299e-05,0.0001913144157396623,-8.917446303037107e-05
1275,2362,2217.0,0.0001889603821075953,-8.29133707681969e-05,-4.477909324293377e-05,0.00019079188438414393,-8.474487304474553e-05
1272,2362,2218.0,0.0001951955888453926,-8.294927725482367e-05,-4.095648480636387e-05,0.00019669520154549857,-8.444888995492964e-05
1277,2363,2230.0,0.00019983448666966276,-9.100106353135965e-05,-3.492038316971896e-05,0.00020087895108966024,-9.204552795135713e-05
1276,2363,2219.0,0.00019983037288009162,-8.655073992055399e-05,-3.023773203878529e-05,0.00020062632818119996,-8.734669522166233e-05
1278,2363,2229.0,0.00019519228074508024,-9.094433074949271e-05,-3.9268846471891133e-05,0.0001965332914742846,-9.228534147869707e-05
1279,2363,2218.0,0.00019518298883884275,-8.64851731010286e-05,-3.458180947604446e-05,0.00019624046416915264,-8.754264843133849e-05
1282,2364,2230.0,0.00019982611569869082,-9.376199793438378e-05,-2.5381488096183364e-05,0.00020037366909851756,-9.430955133421051e-05
1280,2364,2220.0,0.00020265479545122532,-8.901613129348139e-05,-1.7792846393912404e-05,0.00020292589840197858,-8.928723424423465e-05
1281,2364,2231.0,0.00020265661516938272,-9.385259518535304e-05,-2.065163078827101e-05,0.00020301577254397705,-9.421175255994738e-05
1283,2364,2219.0,0.00019982361836212758,-8.89539523813419e-05,-2.254066471782867e-05,0.00020026280588446212,-8.939313990367643e-05
1284,2365,2217.0,0.0001889677546473463,-7.843566972685955e-05,-4.93994598532348e-05,0.00019123009837286592,-8.069801345237916e-05
1285,2365,2228.0,0.00018897989439539296,-8.166087573408014e-05,-5.699049581134579e-05,0.00019194756292630988,-8.462854426499706e-05
1286,2365,2227.0,0.00018147030840301665,-8.163764927609119e-05,-6.012422690738258e-05,0.00018486142956276026,-8.50287704358348e-05
1287,2365,2216.0,0.00018144914274170233,-7.839535665118161e-05,-5.2496779807439074e-05,0.0001840741259048048,-8.102033981428409e-05
1291,2366,2215.0,0.00017305123648995785,-7.318101140531323e-05,-5.7249413208148355e-05,0.00017633508803305918,-7.646486294841457e-05
1290,2366,2226.0,0.00017306684211787233,-7.563387660095461e-05,-6.574765997401956e-05,0.00017733880030417132,-7.99058347872536e-05
1289,2366,2227.0,0.00018147940804449708,-7.566360902276555e-05,-6.342387673671877e-05,0.00018533251898055598,-7.951671995882445e-05
1288,2366,2216.0,0.00018145570397834487,-7.319645688908568e-05,-5.487844116241602e-05,0.00018437877549855642,-7.611952840929723e-05
1293,2367,2225.0,0.0001642208661093874,-6.250535498994404e-05,-6.439358813938771e-05,0.00016870438632132643,-6.698887520188306e-05
1292,2367,2214.0,0.00016419532729419675,-6.18217013641679e-05,-5.5495648402321875e-05,0.00016755203998231345,-6.517841405228461e-05
1294,2367,2224.0,0.00015545259983558565,-6.249876944464724e-05,-6.498139851104185e-05,0.0001601929887334472,-6.723915834250878e-05
1295,2367,2213.0,0.00015543960797714286,-6.181789970453801e-05,-5.611873599386044e-05,0.0001590050353285597,-6.538332705595485e-05
1297,2368,2226.0,0.00017306728837292824,-6.912953722965109e-05,-6.600274050083546e-05,0.00017748348038477063,-7.354572924149347e-05
1299,2368,2214.0,0.00016420405742168702,-6.754741572667991e-05,-5.8521539158688796e-05,0.00016784141202577174,-7.118477033076463e-05
1298,2368,2225.0,0.00016422986793187622,-6.912272106960324e-05,-6.751160195765096e-05,0.00016901472688418676,-7.390758002191378e-05
1296,2368,2215.0,0.00017305087743054674,-6.756352440051908e-05,-5.7064089301401676e-05,0.00017638792492180382,-7.090057189177617e-05
1302,2369,2223.0,0.00014733148276314684,-5.6130359113182706e-05,-5.7987055928006596e-05,0.00015138243616424007,-6.0181312514275944e-05
1301,2369,2224.0,0.00015544273864366966,-5.612921808488742e-05,-5.826296296804895e-05,0.00015938057917001152,-6.006705861122929e-05
1300,2369,2213.0,0.0001554307103984339,-5.636881849345368e-05,-5.0056373796356426e-05,0.00015834808729114374,-5.928619538616352e-05
1303,2369,2212.0,0.00014731609095987568,-5.6370979741459325e-05,-4.974542634791912e-05,0.00015030936953140214,-5.9364258312985784e-05
1306,2370,2222.0,0.0001404848843301566,-5.049889533905805e-05,-4.6400779182663096e-05,0.00014326282252722107,-5.3276833536122526e-05
1304,2370,2212.0,0.00014729904989243094,-5.1592165125724444e-05,-4.063011158263034e-05,0.0001493528529464387,-5.364596817973218e-05
1305,2370,2223.0,0.00014731196705738015,-5.048947266057195e-05,-4.754836415989377e-05,0.0001501293091254489,-5.330681472864072e-05
1307,2370,2211.0,0.00014048110585689923,-5.1599191524772975e-05,-3.9499013339805086e-05,0.00014249070563214757,-5.360879130002132e-05
1308,2371,2210.0,0.00013562634616940588,-4.591538645035988e-05,-1.0618316263863187e-05,0.00013578147906061227,-4.6070519341566264e-05
1309,2371,2221.0,0.0001356274440412709,-4.3433464311005824e-05,-1.272190393567657e-05,0.00013585312578308947,-4.3659146052824386e-05
1310,2371,80.0,0.0001335481925399378,-4.345198537079268e-05,-1.0251494290019689e-05,0.00013369650474839582,-4.3600297579250686e-05
1311,2371,81.0,0.0001335481925399378,-4.5933757111974415e-05,-8.149330136663063e-06,0.0001336406494536852,-4.602621402572181e-05
1314,2372,2221.0,0.00013563666258047244,-4.608097060910079e-05,-3.0372906511048382e-05,0.0001368970780465714,-4.734138607519977e-05
1315,2372,2210.0,0.00013563410073923893,-4.7962786697836675e-05,-2.5466308341551974e-05,0.000136512986957867,-4.884167291646475e-05
1312,2372,2211.0,0.00014047446042148937,-4.794728278981219e-05,-2.736350841921957e-05,0.00014146274178974163,-4.8935564158064453e-05
1313,2372,2222.0,0.00014047714097750654,-4.606920090568416e-05,-3.226041761067661e-05,0.00014186160603852792,-4.745366596670554e-05
1316,2373,123.0,0.00020353663309548862,-9.025349635598227e-05,-4.392778615438381e-06,0.00020355305249121004,-9.026991575170367e-05
1317,2373,124.0,0.00020353663309548862,-9.525369782445151e-05,-5.284134768261152e-06,0.00020355999387264257,-9.527705860160545e-05
1318,2373,2231.0,0.00020264999681000786,-9.516553118666124e-05,-1.0242142462445203e-05,0.0002027380298985004,-9.525356427515379e-05
1319,2373,2220.0,0.00020264943143454743,-9.01776351031632e-05,-9.356151479250879e-06,0.00020272414724013452,-9.025235090875027e-05
1321,2374,2218.0,0.00019031950639836854,-8.295733564531844e-05,-4.004051785371854e-05,0.0001917784020298223,-8.44162312767722e-05
1323,2374,2206.0,0.00018508647392203193,-7.921031372646453e-05,-3.8383240791299567e-05,0.0001864727807704528,-8.05966205748854e-05
1322,2374,2217.0,0.00018509631179833936,-8.292338041671142e-05,-4.366162437714717e-05,0.00018686283776848958,-8.468990638686163e-05
1320,2374,2207.0,0.0001903143703193091,-7.925414672204604e-05,-3.477289144623299e-05,0.0001914311229790187,-8.037089938175564e-05
1325,2375,2217.0,0.0001851048744333562,-7.844931517414592e-05,-4.8270137332345146e-05,0.00018729682177904224,-8.064126251983197e-05
1324,2375,2206.0,0.00018509302414644515,-7.533701991435578e-05,-4.190948918324222e-05,0.0001867683098845754,-7.701230565248604e-05
1327,2375,2205.0,0.00017881570824621095,-7.53135395080741e-05,-4.493018366606618e-05,0.00018078634696075808,-7.728417822262123e-05
1326,2375,2216.0,0.00017882380656659503,-7.841053906935074e-05,-5.126137746232348e-05,0.0001813527711241545,-8.09395036269102e-05
1331,2376,2204.0,0.00017182483750411998,-7.081568443309376e-05,-4.886576226410767e-05,0.00017426067295869523,-7.3251519887669e-05
1330,2376,2215.0,0.00017184037060168468,-7.318925802835284e-05,-5.594720792952276e-05,0.00017499338130731645,-7.63422687339846e-05
1329,2376,2216.0,0.0001788268536324451,-7.320416527400086e-05,-5.365169101895651e-05,0.0001816505253705574,-7.602783701211318e-05
1328,2376,2205.0,0.0001788178309728647,-7.084010506951046e-05,-4.6596468381579926e-05,0.00018097342490171718,-7.299569899836295e-05
1334,2377,2220.0,0.00019659487300988055,-9.018252297736638e-05,-8.943193569947803e-06,0.00019666457975475244,-9.025222972223828e-05
1333,2377,123.0,0.00019735052877057528,-9.025349635598227e-05,-4.298485786030995e-06,0.00019736658900158257,-9.026955658698954e-05
1332,2377,122.0,0.00019735052877057528,-8.556755723264843e-05,-3.5380079035766433e-06,0.00019736158940189823,-8.557861786397136e-05
1335,2377,2209.0,0.00019659461228351818,-8.551143981563388e-05,-8.18673320420989e-06,0.00019665399464610696,-8.557082217822265e-05
1338,2378,2219.0,0.00019421069662186805,-8.896194305478047e-05,-2.1852846299186702e-05,0.0001946316747939074,-8.938292122681981e-05
1336,2378,2209.0,0.00019659695255871664,-8.449923426416608e-05,-1.4991476551971718e-05,0.00019679669271459286,-8.469897442004232e-05
1337,2378,2220.0,0.00019659777910567642,-8.902030299941883e-05,-1.739312280070243e-05,0.00019686232886058114,-8.928485275432356e-05
1339,2378,2208.0,0.00019420822185969248,-8.444180045220204e-05,-1.9454793078576248e-05,0.00019454738283474442,-8.4780961427254e-05
1340,2379,2208.0,0.00019421454335854637,-8.235217981322418e-05,-2.5594392347466025e-05,0.00019480542820230585,-8.294306465698365e-05
1341,2379,2219.0,0.0001942186115939555,-8.655986984599476e-05,-2.953984629016585e-05,0.00019499342274145398,-8.733468099349323e-05
1342,2379,2218.0,0.0001903132754569486,-8.64980587688531e-05,-3.3642159677240574e-05,0.00019133170029341054,-8.751648360531503e-05
1343,2379,2207.0,0.00019030944567671997,-8.231085134556779e-05,-2.9715678876953387e-05,0.00019111680873834953,-8.311821440719733e-05
1345,2380,2215.0,0.00017183993110783061,-6.757696193086132e-05,-5.575899961666065e-05,0.00017504356160957238,-7.078059243260308e-05
1346,2380,2214.0,0.00016453418144411584,-6.756062200892856e-05,-5.7254714066097556e-05,0.00016801303214012412,-7.103947270493685e-05
1344,2380,2204.0,0.00017182370326664,-6.598424040003093e-05,-4.8358880284412285e-05,0.00017425727650214614,-6.841781363553706e-05
1347,2380,2203.0,0.0001645252958862582,-6.597406925816713e-05,-4.9881690176783663e-05,0.00016719310602279904,-6.864187939470798e-05
1348,2381,2203.0,0.00016452180405792565,-6.108771051410472e-05,-4.6989390398272405e-05,0.00016694253860794953,-6.350844506412862e-05
1350,2381,2213.0,0.00015737717373172627,-6.182478948877062e-05,-5.491076800272221e-05,0.0001607636838211886,-6.521129957823296e-05
1349,2381,2214.0,0.0001645305141060151,-6.182893516277143e-05,-5.421776119072684e-05,0.00016773180800751006,-6.503022906426638e-05
1351,2381,2202.0,0.00015736376723429974,-6.108094347998905e-05,-4.765731226425698e-05,0.00015993285950543124,-6.365003575112054e-05
1354,2382,2212.0,0.00015086208116335022,-5.638062602019095e-05,-4.8720306133034864e-05,0.0001536869674188138,-5.920551227565454e-05
1353,2382,2213.0,0.00015736596846980958,-5.6379918628400626e-05,-4.885718235315322e-05,0.00016012231904286202,-5.913626920145305e-05
1352,2382,2202.0,0.00015735380164285783,-5.645842108864985e-05,-4.2273045786366025e-05,0.00015942323453984678,-5.85278539856388e-05
1355,2382,2201.0,0.00015085734235212528,-5.6458932769889655e-05,-4.2152672351540056e-05,0.00015297832101549745,-5.857991143326184e-05
1359,2383,2200.0,0.0001455604621506631,-5.247647303119817e-05,-3.3336391489909196e-05,0.00014695357593084873,-5.386958681138381e-05
1356,2383,2201.0,0.00015085163274208228,-5.2469128940521646e-05,-3.424253177245623e-05,0.00015228330192572392,-5.3900798124163285e-05
1357,2383,2212.0,0.0001508554908490182,-5.159903583665693e-05,-3.9590157861646e-05,0.00015277280561747884,-5.351635060511758e-05
1358,2383,2211.0,0.00014556546710985628,-5.160460007066505e-05,-3.869514198535993e-05,0.00014744603634618306,-5.348516930699183e-05
1360,2384,2199.0,0.00014207725918122423,-4.796319208221682e-05,-9.108990370913176e-06,0.00014218634924922599,-4.8072282150218564e-05
1361,2384,2210.0,0.00014207745239904618,-4.591920629358004e-05,-1.0156475642260701e-05,0.0001422145277592828,-4.6056281653816664e-05
1362,2384,81.0,0.0001410416242299834,-4.5934346298170015e-05,-8.126752585878392e-06,0.00014112988817281948,-4.6022610241006084e-05
1363,2384,82.0,0.0001410416242299834,-4.797932892704009e-05,-7.079133812735311e-06,0.00014110788219534387,-4.8045586892400555e-05
1366,2385,2210.0,0.00014208019344343244,-4.796704057095675e-05,-2.5010678766959745e-05,0.0001428995276753666,-4.8786374802890916e-05
1367,2385,2199.0,0.00014207954587952673,-4.951355589846197e-05,-2.1501041066462456e-05,0.0001426808832140983,-5.011489323303355e-05
1364,2385,2200.0,0.0001455508565998639,-4.95023663778986e-05,-2.3056183324756882e-05,0.0001462298297071724,-5.0181339485207117e-05
1365,2385,2211.0,0.00014555413813619215,-4.7954257652246986e-05,-2.6570597513500983e-05,0.0001464619798131894,-4.886209932924423e-05
1368,2386,2189.0,0.00014983825472736226,-5.0777431229351386e-05,-1.9243612852075462e-05,0.00015029867322984488,-5.123784973183401e-05
1369,2386,2200.0,0.000149839033261098,-4.9512777146051975e-05,-2.1664264076896866e-05,0.00015042588865511703,-5.009963254007099e-05
1370,2386,2199.0,0.00014744361604976863,-4.952193269570752e-05,-2.039506146686923e-05,0.00014797016690052138,-5.0048483546460284e-05
1371,2386,2188.0,0.00014744274703031458,-5.078742167184344e-05,-1.79727651758773e-05,0.0001478492935839706,-5.119396822549947e-05
1375,2387,2189.0,0.00014984103834689289,-5.3165513781751176e-05,-2.7896342021624474e-05,0.00015079490711072247,-5.4119382545580745e-05
1372,2387,2190.0,0.00015385530495763428,-5.316076652632051e-05,-2.8594913797197908e-05,0.00015483808573524277,-5.414354730392901e-05
1373,2387,2201.0,0.0001538596366884291,-5.248287729358041e-05,-3.265635577442017e-05,0.0001551437178196109,-5.376695842476223e-05
1374,2387,2200.0,0.00014984234270632975,-5.24885976094829e-05,-3.1951449749562794e-05,0.00015109599252875202,-5.3742247431905167e-05
1376,2388,2192.0,0.00016477474624660001,-6.033551199079233e-05,-3.942828621246279e-05,0.00016648818029966748,-6.20489460438598e-05
1377,2388,2203.0,0.0001647837614186954,-6.110359235353619e-05,-4.526933386317161e-05,0.0001670295037326917,-6.334933466753248e-05
1378,2388,2202.0,0.00015900684473770747,-6.109658954002017e-05,-4.597556173558531e-05,0.00016138207505557282,-6.347181985788554e-05
1379,2388,2191.0,0.00015900282003400998,-6.033039433486092e-05,-4.0148197019222384e-05,0.000160824930495437,-6.215250479628792e-05
1382,2389,2201.0,0.00015386807166815984,-5.6469589375711176e-05,-4.055935364206931e-05,0.0001558054884211485,-5.8407006128699854e-05
1383,2389,2190.0,0.00015386252955142555,-5.64578720911353e-05,-3.53639883734682e-05,0.00015533872380795957,-5.793406634766931e-05
1380,2389,2191.0,0.00015899953593213586,-5.645796904492416e-05,-3.539539149768401e-05,0.00016044354812213516,-5.7901981234923474e-05
1381,2389,2202.0,0.00015900311756265407,-5.646966587949983e-05,-4.0581693773225104e-05,0.00016089723513736253,-5.83637834542083e-05
1384,2390,2188.0,0.00014743907726055307,-4.964246402382156e-05,-7.74601339640431e-06,0.00014751515943592673,-4.971854619919522e-05
1385,2390,2199.0,0.00014743917063855935,-4.7972331330118365e-05,-8.006844827857917e-06,0.00014752115490991594,-4.805431560147495e-05
1386,2390,82.0,0.00014718164881563026,-4.798552390741567e-05,-6.352050987374529e-06,0.00014723331973913402,-4.8037194830919424e-05
1387,2390,83.0,0.00014718164881563026,-4.9654977759551705e-05,-6.09192461648294e-06,0.00014722877249328934,-4.9702101437210797e-05
1389,2391,2204.0,0.00017075508463728056,-6.599491201995082e-05,-4.670461091665261e-05,0.00017303650097244785,-6.827632835511811e-05
1391,2391,2192.0,0.00016477891381132086,-6.447387802345354e-05,-4.2122667765249686e-05,0.00016669774699373422,-6.63927112058669e-05
1390,2391,2203.0,0.00016478823252353983,-6.598523820394389e-05,-4.815927597145737e-05,0.0001672740031288574,-6.847100880926143e-05
1388,2391,2193.0,0.0001707495910549528,-6.448731906965081e-05,-4.0682098116606204e-05,0.00017249553289572675,-6.623326091042476e-05
1395,2392,2193.0,0.00017075025128993277,-6.859697342418081e-05,-4.140231889667454e-05,0.00017252749935425208,-7.037422148850012e-05
1394,2392,2204.0,0.00017075555270012165,-7.083279582299187e-05,-4.721344471576329e-05,0.0001730406613257082,-7.311790444857843e-05
1393,2392,2205.0,0.0001765215037415925,-7.085591794281457e-05,-4.505589916347849e-05,0.0001785563217321561,-7.289073593337816e-05
1392,2392,2194.0,0.00017651247398486457,-6.86125850342531e-05,-3.922667990264488e-05,0.0001780718875145106,-7.017199856389913e-05
1398,2393,2205.0,0.00017651894283108325,-7.53251531908991e-05,-4.3394782511953656e-05,0.0001783745883452035,-7.718079870501935e-05
1399,2393,2194.0,0.0001765107984208615,-7.244134162776299e-05,-3.8138436611215125e-05,0.00017796299009933145,-7.389353330623295e-05
1396,2393,2195.0,0.00018171757829239842,-7.246963783864575e-05,-3.533586242962625e-05,0.00018293975649078038,-7.369181603702772e-05
1397,2393,2206.0,0.00018172205749299435,-7.534697673060818e-05,-4.0582409674612754e-05,0.00018331384472782957,-7.69387639654434e-05
1400,2394,2196.0,0.0001860667733518508,-7.581650667681916e-05,-2.9288754405914184e-05,0.00018688313451128204,-7.663286783625039e-05
1401,2394,2207.0,0.0001860716807784166,-7.92665371820917e-05,-3.368406648372995e-05,0.00018713643647474555,-8.033129287842065e-05
1402,2394,2206.0,0.0001817190422603479,-7.922579761898831e-05,-3.7045664742201695e-05,0.00018302730255856977,-8.05340579172102e-05
1403,2394,2195.0,0.00018171530219361675,-7.578856651068987e-05,-3.266575777600197e-05,0.00018274712465328984,-7.682038897036297e-05
1405,2395,2209.0,0.00019132289938890044,-8.450393141966347e-05,-1.4556547466865882e-05,0.00019151481848337282,-8.469585051413583e-05
1407,2395,2197.0,0.00018932155541046382,-8.028930370472858e-05,-1.666497827202849e-05,0.00018957883059925504,-8.054657889351979e-05
1406,2395,2208.0,0.0001893225830868774,-8.445099701488524e-05,-1.8672776947103835e-05,0.00018964060869551707,-8.476902262352488e-05
1404,2395,2198.0,0.00019132210087413008,-8.032945567548935e-05,-1.2542100907167106e-05,0.00019146679041402327,-8.047414521538253e-05
1410,2396,2207.0,0.00018606605205172787,-8.232116954020458e-05,-2.863490368597418e-05,0.00018682767311335033,-8.308279060182704e-05
1409,2396,2208.0,0.00018932572825977297,-8.235933921154316e-05,-2.4825166445707064e-05,0.00018989164805243423,-8.292525900420443e-05
1408,2396,2197.0,0.00018932404937350164,-7.848906615922811e-05,-2.1543584414171306e-05,0.0001897566062394338,-7.892162302516027e-05
1411,2396,2196.0,0.0001860623863171964,-7.844793711031924e-05,-2.5353152763889306e-05,0.00018666851839775443,-7.905406919087726e-05
1414,2397,2209.0,0.00019132020590720495,-8.55158683649996e-05,-7.755610866880432e-06,0.00019137451395089298,-8.557017640868765e-05
1413,2397,122.0,0.0001919602324547535,-8.556755723264843e-05,-3.473065786742738e-06,0.00019197109777544072,-8.557842255333564e-05
1412,2397,121.0,0.0001919602324547535,-8.125614578635271e-05,-2.8298832542572594e-06,0.00019196756000271423,-8.126347333431343e-05
1415,2397,2198.0,0.00019131995150375872,-8.12102322671203e-05,-7.1149952383026994e-06,0.0001913663817133261,-8.125666247668765e-05
1419,2398,2179.0,0.0001563963136767721,-5.639480661484737e-05,-2.94286882254911e-05,0.00015740898013120427,-5.7407473069279524e-05
1418,2398,2190.0,0.00015639771625411414,-5.647401695789813e-05,-3.345594896362811e-05,0.00015770422214117944,-5.778052284496343e-05
1417,2398,2191.0,0.00016039063358478907,-5.647467416814225e-05,-3.341082915758135e-05,0.0001616699266555118,-5.775396723886496e-05
1416,2398,2180.0,0.0001603867328188427,-5.639534335650598e-05,-2.9377492575323547e-05,0.00016137748665846752,-5.738609719613079e-05
1423,2399,2180.0,0.00016039073598632684,-5.9609640719117916e-05,-3.3513681040804686e-05,0.00016165973987413706,-6.0878644606928133e-05
1420,2399,2181.0,0.00016499185775520515,-5.9615448423242824e-05,-3.28235208967955e-05,0.00016618470848085804,-6.080829914889571e-05
1422,2399,2191.0,0.00016039523049375367,-6.034386408644381e-05,-3.816031620343559e-05,0.0001620323321232967,-6.198096571598685e-05
1421,2399,2192.0,0.0001649945037156481,-6.03487645254951e-05,-3.7464705475899994e-05,0.00016654107381182528,-6.18953346216723e-05
1424,2400,2183.0,0.0001745278904149378,-6.657879673554622e-05,-3.279027525947059e-05,0.00017563764389491755,-6.768855021552595e-05
1427,2400,2182.0,0.0001698204954043124,-6.656156091866972e-05,-3.477954876034053e-05,0.00017109294865393543,-6.783401416829275e-05
1426,2400,2193.0,0.00016982595039271783,-6.861012101200124e-05,-3.952937197041926e-05,0.0001714531994507618,-7.023737007004522e-05
1425,2400,2194.0,0.0001745309309303402,-6.862440821214251e-05,-3.75342992036177e-05,0.00017597088465978945,-7.006436194159177e-05
1431,2401,2181.0,0.0001649932687957721,-6.308166152305545e-05,-3.529682368989123e-05,0.00016635082042925682,-6.443921315654019e-05
1430,2401,2192.0,0.00016499604356531644,-6.449151760817671e-05,-4.016358239331214e-05,0.00016674008861286321,-6.623556265572349e-05
1429,2401,2193.0,0.0001698251172825506,-6.450409901879306e-05,-3.880831191621203e-05,0.0001714210525440196,-6.610003428026203e-05
1428,2401,2182.0,0.00016981951755396353,-6.30911424819585e-05,-3.393166705792849e-05,0.00017104886537014005,-6.432049029813501e-05
1432,2402,2179.0,0.00015639430919616847,-5.3703889008522394e-05,-2.3674063044432526e-05,0.00015705910954641315,-5.436868935876708e-05
1433,2402,2190.0,0.00015639535645225284,-5.31744502073032e-05,-2.6681284602847986e-05,0.0001572411716793675,-5.4020265434417855e-05
1434,2402,2189.0,0.0001534173230468617,-5.317816459392852e-05,-2.613585590929531e-05,0.000154240636748045,-5.400147829511181e-05
1435,2402,2178.0,0.00015341573443057198,-5.370791508735155e-05,-2.31267687268678e-05,0.00015405930015282483,-5.4351480809604406e-05
1439,2403,2185.0,0.0001823987323498165,-7.49431218465942e-05,-2.146983129272745e-05,0.0001828457586672621,-7.539014816403983e-05
1438,2403,2196.0,0.00018240012085568753,-7.845999218195656e-05,-2.418714718002658e-05,0.0001829595836339458,-7.901945496021484e-05
1437,2403,2197.0,0.00018510380961593185,-7.849740315766498e-05,-2.0719149555164466e-05,0.00018551031587251616,-7.89039094142493e-05
1436,2403,2186.0,0.0001851022722510428,-7.497151755381535e-05,-1.7995055934287183e-05,0.00018541317957552095,-7.528242487829349e-05
1443,2404,2184.0,0.00017880529104876558,-7.266988830916896e-05,-2.758468124836348e-05,0.00017955948022585597,-7.342407748625933e-05
1440,2404,2185.0,0.00018240028498739966,-7.26980296527611e-05,-2.451150872513153e-05,0.00018298773854827775,-7.328548321363919e-05
1442,2404,2195.0,0.0001788088798336633,-7.58003300173812e-05,-3.120515970470375e-05,0.00017976144988596568,-7.675290006968358e-05
1441,2404,2196.0,0.00018240213374521447,-7.58257453373303e-05,-2.81303349532404e-05,0.00018316597644560466,-7.658958803772048e-05
1444,2405,2184.0,0.00017880723487657306,-6.98426989741067e-05,-2.955015487268904e-05,0.00017968210946166333,-7.071757355919697e-05
1447,2405,2183.0,0.00017452747113081086,-6.982375972962773e-05,-3.2133819040717354e-05,0.00017557939559037524,-7.087568418919212e-05
1446,2405,2194.0,0.00017453023381233407,-7.245794693768327e-05,-3.6443850320424034e-05,0.0001758673451222214,-7.379505824757059e-05
1445,2405,2195.0,0.00017881151652815973,-7.248387767838166e-05,-3.387070205519271e-05,0.00017994769025151734,-7.362005140173927e-05
1451,2406,2187.0,0.00018676320199805018,-7.730623623062441e-05,-6.13092854647411e-06,0.0001867987828107307,-7.734181704330494e-05
1449,2406,121.0,0.00018729892556146452,-8.125614578635271e-05,-2.7800186393821084e-06,0.00018730611989274535,-8.126334011763353e-05
1448,2406,120.0,0.00018729892556146452,-7.734117040459009e-05,-2.2414488373718316e-06,0.00018730367163251194,-7.734591647563753e-05
1450,2406,2198.0,0.00018676330614761935,-8.121449452875799e-05,-6.667817217437949e-06,0.0001868047768469248,-8.125596522806343e-05
1453,2407,2198.0,0.00018676435827143494,-8.03333195056905e-05,-1.2099310474493995e-05,0.0001869013103143427,-8.047027154859824e-05
1452,2407,2187.0,0.00018676403415572931,-7.654950259793254e-05,-1.0426878263407324e-05,0.0001868672164733734,-7.665268491557662e-05
1454,2407,2197.0,0.000185101061251889,-8.029685841481669e-05,-1.5844688065516557e-05,0.0001853373393196554,-8.053313648258311e-05
1455,2407,2186.0,0.00018510011802472812,-7.651444014148205e-05,-1.4174274419758229e-05,0.00018529196785077644,-7.670628996753035e-05
1459,2408,2177.0,0.0001518669157239438,-5.182347739552491e-05,-1.4900022453555057e-05,0.00015213903762474303,-5.2095599296324163e-05
1458,2408,2188.0,0.00015186708856288833,-5.079977527418938e-05,-1.6460262479733086e-05,0.0001522007579338747,-5.113344464517573e-05
1457,2408,2189.0,0.00015341275578498702,-5.0791680506593034e-05,-1.748681330028274e-05,0.00015378643778230492,-5.116536250391095e-05
1456,2408,2178.0,0.00015341193136342215,-5.1816243084755334e-05,-1.5924834387653214e-05,0.00015372039261342358,-5.2124704334756755e-05
1463,2409,84.0,0.00015215824090780141,-5.1015036656704106e-05,-5.1919473043351115e-06,0.00015219140461639514,-5.104820036529783e-05
1462,2409,83.0,0.00015215824090780141,-4.9664316500155664e-05,-4.8966617144340085e-06,0.00015218793749957892,-4.969401309193318e-05
1460,2409,2177.0,0.0001518659880651958,-5.100510452736649e-05,-6.5266235163457306e-06,0.00015191846695443111,-5.105758341660181e-05
1461,2409,2188.0,0.00015186595534720775,-4.9654189731295124e-05,-6.231445036998344e-06,0.00015191411632549937,-4.970235070958676e-05
1467,2410,85.0,0.00015615734556199512,-5.2108818144974874e-05,-4.3917537498540556e-06,0.00015618049545464447,-5.213196803762423e-05
1466,2410,84.0,0.00015615734556199512,-5.102627801897874e-05,-3.7085907061903955e-06,0.00015617394019343988,-5.104287265042351e-05
1465,2410,2177.0,0.0001554807219333414,-5.1018312257584486e-05,-4.77574148971668e-06,0.00015550833060704597,-5.1045920931289056e-05
1464,2410,2166.0,0.0001554808481947932,-5.2101449422905935e-05,-5.459081235548429e-06,0.00015551673325980923,-5.213733448792197e-05
1470,2411,2177.0,0.00015548226846434123,-5.183616363703945e-05,-1.3148023198682277e-05,0.00015569051941247575,-5.204441458517396e-05
1469,2411,2178.0,0.00015637519946419022,-5.183034111442121e-05,-1.397033966832632e-05,0.00015660928450184964,-5.2064426152080646e-05
1468,2411,2167.0,0.00015637507096178706,-5.265430859315392e-05,-1.3068511362978848e-05,0.00015657913249749817,-5.285837012886503e-05
1471,2411,2166.0,0.00015548210191869958,-5.266005333402692e-05,-1.2246245250744237e-05,0.00015566207622466874,-5.2840027639996075e-05
1473,2412,2179.0,0.00015851446646310925,-5.371998733515507e-05,-2.1593409671602504e-05,0.00015906229794802952,-5.426781882007534e-05
1475,2412,2167.0,0.0001563759188090636,-5.412898198640828e-05,-1.9017708351603147e-05,0.00015680457657387732,-5.455763975122201e-05
1474,2412,2178.0,0.00015637622617637056,-5.372307666527199e-05,-2.117458535541225e-05,0.00015690839151335785,-5.4255242002259284e-05
1472,2412,2168.0,0.00015851332582085824,-5.412629378938338e-05,-1.9434244387122983e-05,0.00015895645162881277,-5.456941959733791e-05
1479,2413,2168.0,0.00015851588269027647,-5.6297884071908745e-05,-2.4272611658090592e-05,0.00015919937129862493,-5.698137268025721e-05
1477,2413,2180.0,0.00016156185415369282,-5.640990410467643e-05,-2.7256379863180216e-05,0.00016241062078973446,-5.725867074071807e-05
1476,2413,2169.0,0.0001615609293213545,-5.629867815968334e-05,-2.418429879692558e-05,0.00016223004081279723,-5.696778965112606e-05
1478,2413,2179.0,0.00015851750637436773,-5.64091503316705e-05,-2.734578093587371e-05,0.00015938383635394468,-5.727548031124745e-05
1482,2414,2182.0,0.00016903478216756225,-6.657812282113767e-05,-3.2822961880129425e-05,0.00017017242139680166,-6.771576205037708e-05
1483,2414,2171.0,0.00016903322264296946,-6.472995351241944e-05,-2.899175958605239e-05,0.00016992869584011626,-6.562542670956624e-05
1480,2414,2172.0,0.0001728363281912591,-6.474217212476102e-05,-2.718283804829585e-05,0.0001736113395171568,-6.551718345065869e-05
1481,2414,2183.0,0.00017283922889830194,-6.659370785836328e-05,-3.102037335677918e-05,0.00017383977958430343,-6.759425854436478e-05
1484,2415,2171.0,0.00016903285338891092,-6.182863536550586e-05,-2.8085635184334993e-05,0.00016988391099895811,-6.267969297555305e-05
1485,2415,2182.0,0.0001690344360253059,-6.310438487938647e-05,-3.197385914158711e-05,0.00017013025061800763,-6.420019947208821e-05
1486,2415,2181.0,0.00016517838739417163,-6.30958050636852e-05,-3.321272979959914e-05,0.0001663801315042936,-6.429754917380719e-05
1487,2415,2170.0,0.0001651755060232804,-6.181919931669912e-05,-2.932232193590548e-05,0.0001661185251808247,-6.276221847424342e-05
1489,2416,2181.0,0.00016517655472526784,-5.96321045374077e-05,-3.074023588682919e-05,0.00016622253952921454,-6.067808934135439e-05
1488,2416,2170.0,0.00016517385397241948,-5.8940995450727925e-05,-2.709332302682551e-05,0.00016598971428059253,-5.975685575890097e-05
1490,2416,2180.0,0.00016156310065212442,-5.962663437387278e-05,-3.1396038733913154e-05,0.00016267164639164494,-6.073518011339328e-05
1491,2416,2169.0,0.00016156200420066181,-5.893651520541207e-05,-2.7754046324515898e-05,0.0001624319194266781,-5.980643043142835e-05
1492,2417,2176.0,0.00018285708163593047,-7.316229076635937e-05,-8.602624061029114e-06,0.00018292932642623898,-7.32345355566679e-05
1493,2417,2187.0,0.00018285735812070434,-7.655330232693441e-05,-9.98268945994656e-06,0.00018295336152132608,-7.664930572755615e-05
1494,2417,2186.0,0.00018148547991939513,-7.652190800256509e-05,-1.3339143123511756e-05,0.00018165777536974332,-7.669420345291327e-05
1495,2417,2175.0,0.00018148513344194684,-7.31364857913867e-05,-1.1961525480357147e-05,0.000181625537111798,-7.327688946123785e-05
1496,2418,2175.0,0.00018148587903957475,-7.182589216266256e-05,-1.4928232363340798e-05,0.00018170562698476448,-7.20456401078523e-05
1497,2418,2186.0,0.00018148644113773205,-7.497802976348891e-05,-1.7163760636665793e-05,0.00018177328940023786,-7.526487802599474e-05
1498,2418,2185.0,0.00017926463174497897,-7.495259846602376e-05,-2.0277401932083505e-05,0.00017966834267628596,-7.535630939733074e-05
1499,2418,2174.0,0.0001792633973753952,-7.180059594522078e-05,-1.8042917072580867e-05,0.00017958714710612647,-7.212434567595203e-05
1502,2419,2184.0,0.00017632244886427065,-7.268333610885506e-05,-2.607805227624032e-05,0.00017700336699294353,-7.336425423752796e-05
1503,2419,2173.0,0.0001763212558982105,-6.98774690919253e-05,-2.3116989555355735e-05,0.0001768627112919682,-7.041892448568302e-05
1500,2419,2174.0,0.00017926467015729288,-6.989723907650615e-05,-2.0349781447689995e-05,0.00017967948608684094,-7.03120550060542e-05
1501,2419,2185.0,0.00017926630845582357,-7.27086028728854e-05,-2.3316225364232272e-05,0.00017980454415921702,-7.324683857627885e-05
1504,2420,2173.0,0.00017632182698536702,-6.749088325983649e-05,-2.4535987882600167e-05,0.00017693756413441098,-6.810662040888045e-05
1505,2420,2184.0,0.00017632324110732284,-6.985346126541018e-05,-2.8046369970123435e-05,0.00017711948103261781,-7.064970119070516e-05
1506,2420,2183.0,0.00017283873604438216,-6.983647875669497e-05,-3.0365656680007543e-05,0.00017378495114743256,-7.078269385974538e-05
1507,2420,2172.0,0.0001728360813980285,-6.747258716759591e-05,-2.685415698444344e-05,0.00017358398234592682,-6.822048811549424e-05
1509,2421,120.0,0.00018330126664255143,-7.734117040459009e-05,-2.205587339108254e-06,0.00018330593254469975,-7.734583630673842e-05
1511,2421,2176.0,0.00018285640876989587,-7.380950665747517e-05,-5.242251459684592e-06,0.00018288317346021928,-7.383627134779859e-05
1510,2421,2187.0,0.00018285649818669926,-7.730989437577829e-05,-5.68809140453954e-06,0.00018288758455997883,-7.734098074905787e-05
1508,2421,119.0,0.00018330126664255143,-7.383757520356751e-05,-1.7586372898993792e-06,0.00018330427354820724,-7.38405821092233e-05
1513,2422,2172.0,0.00017141164316309028,-6.47538474929877e-05,-2.542064406537651e-05,0.00017209373703580615,-6.543594136570355e-05
1512,2422,2159.0,0.0001714108883969724,-6.31176975323045e-05,-2.2360665331793697e-05,0.00017194266600778512,-6.364947514311722e-05
1515,2422,2158.0,0.00016837352668821917,-6.310661805391707e-05,-2.3963784069361196e-05,0.00016899208136813865,-6.372517273383657e-05
1514,2422,2171.0,0.00016837501726253094,-6.47430331331358e-05,-2.702386532149408e-05,0.00016915557907307984,-6.552359494368472e-05
1519,2423,2159.0,0.00017141086491333528,-6.539407439131334e-05,-2.226488382084434e-05,0.00017193306083825152,-6.591627031622959e-05
1516,2423,2160.0,0.00017421925212886226,-6.54072673924076e-05,-2.0204579008609733e-05,0.0001746443950010724,-6.583241026461776e-05
1517,2423,2173.0,0.00017422045716518472,-6.750246350798448e-05,-2.3035132496944215e-05,0.0001747680036072562,-6.805000995005596e-05
1518,2423,2172.0,0.000171411562210905,-6.748624911827875e-05,-2.5091729922243396e-05,0.0001720686089054334,-6.814329581280715e-05
1520,2424,2161.0,0.00017660538149265868,-6.742477397658935e-05,-1.6768825953117003e-05,0.00017689311474595852,-6.771250722988917e-05
1521,2424,2174.0,0.00017660587685788798,-6.990546508165482e-05,-1.9170848569714707e-05,0.00017697803764508496,-7.02776258688518e-05
1522,2424,2173.0,0.0001742198542968973,-6.988799564725394e-05,-2.161757196133358e-05,0.00017469751894751828,-7.03656602978749e-05
1523,2424,2160.0,0.0001742188318683655,-6.740746778058736e-05,-1.9216251649358754e-05,0.00017460029105094952,-6.778892696317139e-05
1526,2425,2176.0,0.00017953547581864098,-7.381276977105669e-05,-4.810116733468218e-06,0.00017955830520336054,-7.383559915577626e-05
1525,2425,119.0,0.0001799007700165117,-7.383757520356751e-05,-1.7312665806289238e-06,0.00017990372310691633,-7.384052829397214e-05
1524,2425,118.0,0.0001799007700165117,-7.073995313392087e-05,-1.3640958078601356e-06,0.00017990262600341088,-7.074180912082005e-05
1527,2425,2163.0,0.00017953544621139204,-7.071846696065003e-05,-4.443589183231525e-06,0.000179555170107465,-7.073819085672302e-05
1531,2426,2162.0,0.00017841445940382315,-7.014925693437258e-05,-1.0015183740145865e-05,0.00017851530198648166,-7.025009951703109e-05
1530,2426,2175.0,0.0001784147363043337,-7.314258824991911e-05,-1.1141199961060833e-05,0.00017853803377512585,-7.326588572071125e-05
1529,2426,2176.0,0.00017953574717087832,-7.316539619169829e-05,-8.171705496700082e-06,0.00017960179289754622,-7.32314419183662e-05
1528,2426,2163.0,0.0001795356561669194,-7.017043481631036e-05,-7.044581834363562e-06,0.00017958533082917673,-7.02201094785677e-05
1533,2427,2175.0,0.00017841546498060124,-7.183232652347509e-05,-1.41066205807624e-05,0.00017861410700297664,-7.20309685458505e-05
1535,2427,2161.0,0.00017660502564266663,-6.902473799432122e-05,-1.5042614456776742e-05,0.00017683511632819027,-6.925482867984485e-05
1534,2427,2174.0,0.000176605400896695,-7.180995835641155e-05,-1.6862031869943834e-05,0.00017689121390292254,-7.209577136263908e-05
1532,2427,2162.0,0.00017841501708863576,-6.904320171950717e-05,-1.2284762986169897e-05,0.0001785673888039442,-6.919557343481561e-05
1536,2428,2156.0,0.0001625424141795083,-5.618214908401694e-05,-1.974107216553265e-05,0.00016298694529752982,-5.662668020203846e-05
1537,2428,2169.0,0.00016254334596947488,-5.6314247211911874e-05,-2.2029869682585728e-05,0.00016309632201791147,-5.686722326034845e-05
1538,2428,2168.0,0.00016027518315445003,-5.631330432593999e-05,-2.214443650867012e-05,0.00016083973439349588,-5.6877855564985846e-05
1539,2428,2155.0,0.00016027491745542063,-5.618133718518438e-05,-1.9857870150334894e-05,0.00016072940739743152,-5.6635827127195256e-05
1540,2429,2157.0,0.00016533318653622455,-5.8328972605147856e-05,-2.2183849768684077e-05,0.00016588191456274432,-5.887770063166763e-05
1541,2429,2170.0,0.00016533376646167552,-5.895472928594235e-05,-2.4996493019648763e-05,0.00016602806916789947,-5.964903199216629e-05
1542,2429,2169.0,0.00016254479927330675,-5.895066741459478e-05,-2.5598695705461062e-05,0.00016328196959921625,-5.968783774050427e-05
1543,2429,2156.0,0.00016254365409553448,-5.832485614251762e-05,-2.278593281856067e-05,0.0001631297772288686,-5.891097927585171e-05
1546,2430,2170.0,0.000165334226494785,-6.183483104134834e-05,-2.7227165954890565e-05,0.00016614714007989138,-6.264774462645473e-05
1547,2430,2157.0,0.00016533359502066808,-6.069408213179819e-05,-2.4164605957624485e-05,0.00016597761915092217,-6.133810626205227e-05
1544,2430,2158.0,0.0001683730817788919,-6.0701084512231984e-05,-2.3051339038424132e-05,0.00016895152527226544,-6.127952800560551e-05
1545,2430,2171.0,0.00016837457517145972,-6.184327489651588e-05,-2.6117448224660927e-05,0.00016911294142182688,-6.258164114688304e-05
1548,2431,2155.0,0.00016027444854505414,-5.445189304226065e-05,-1.582267112484859e-05,0.00016056553764504577,-5.474298214225226e-05
1549,2431,2168.0,0.0001602746207018306,-5.414060676767738e-05,-1.7304272862822285e-05,0.00016062318720572196,-5.448917327156874e-05
1550,2431,2167.0,0.00015880665992938137,-5.414266794995931e-05,-1.698603485394837e-05,0.00015914484824111673,-5.4480856261694666e-05
1551,2431,2154.0,0.00015880632355436,-5.445390207612548e-05,-1.5504646812831546e-05,0.00015908776052298793,-5.473533904475341e-05
1554,2432,85.0,0.00015933699590801507,-5.212023833055864e-05,-2.7522390935695584e-06,0.0001593459510275677,-5.212919345011128e-05
1555,2432,86.0,0.00015933699590801507,-5.298009268146276e-05,-3.688055874232713e-06,0.0001593530105518981,-5.2996107325345814e-05
1553,2432,2166.0,0.00015841019640904408,-5.211438468688697e-05,-3.5974373422866662e-06,0.0001584255635110388,-5.212975178888169e-05
1552,2432,2153.0,0.00015841023099317933,-5.2974620613605874e-05,-4.53363763159762e-06,0.00015843453678771928,-5.299892640814582e-05
1558,2433,2166.0,0.00015841044714642416,-5.267330105280794e-05,-1.038516413344264e-05,0.00015853810553833966,-5.280095944472344e-05
1557,2433,2167.0,0.00015880530914464232,-5.266872567595397e-05,-1.1037827700029808e-05,0.00015894924026102475,-5.281265679233639e-05
1556,2433,2154.0,0.00015880521860656876,-5.3324940257776904e-05,-1.0638970067670169e-05,0.00015893852897376308,-5.345825062497122e-05
1559,2433,2153.0,0.00015841043242885325,-5.3329043013748884e-05,-9.986718449404592e-06,0.00015852812321454069,-5.344673379943631e-05
1562,2434,1545.0,0.0004244597605953422,-5.4442616754906076e-05,-0.00014516253184030173,0.00043521830778295696,-6.520116394252083e-05
1563,2434,1.0,0.0004244597605953422,-3.575194327767192e-05,-0.00015387511089708095,0.0004369813814104239,-4.827356409275359e-05
1560,2434,2165.0,0.00041838226793985966,-3.481923468017252e-05,-0.00014127213873249903,0.00042913642976579987,-4.5573396506112725e-05
1561,2434,2429.0,0.000417877664528523,-4.834529565894325e-05,-0.00013388452089671543,0.0004272991273217855,-5.77667584522058e-05
1565,2435,2430.0,0.00043668788255072505,-6.866863979379024e-05,-0.00013205640247677605,0.0004451724576086874,-7.71532148517526e-05
1564,2435,2429.0,0.0004385300042552224,-5.5639250056502374e-05,-0.00014185798306833378,0.0004485090556243617,-6.561830142564172e-05
1566,2435,1546.0,0.0004418770633132403,-7.332488174504909e-05,-0.0001445121809717717,0.0004518189913818608,-8.32668098136696e-05
1567,2435,1545.0,0.0004418770633132403,-5.958366901824857e-05,-0.00014954721061315526,0.0004527892177135387,-7.049582341854695e-05
1570,2436,1547.0,0.000460771996112979,-9.444083436713772e-05,-0.00012751255723849816,0.00046799918992531287,-0.0001016680281794716
1568,2436,2430.0,0.0004454652831265768,-6.79174127155871e-05,-0.00012688566433418508,0.00045318921663023366,-7.564134621924396e-05
1569,2436,2053.0,0.000450933201043004,-9.14643768732426e-05,-0.00011658437436766478,0.00045712720618564255,-9.765838201588112e-05
1571,2436,1546.0,0.000460771996112979,-7.464602053418751e-05,-0.00014231801546488523,0.00047006789301502923,-8.394191743623771e-05
1572,2437,2164.0,0.00041587380983946175,-3.704651476745426e-05,-0.00010251166299135236,0.0004216018586338579,-4.2774563561850406e-05
1573,2437,2052.0,0.00041582803708704874,-5.084410154987593e-05,-0.00010070824731811187,0.0004211994435929974,-5.6215508055824546e-05
1574,2437,2429.0,0.0004162467159735759,-6.0773441092194964e-05,-0.0001125108710689389,0.0004227911856313658,-6.731791074998487e-05
1575,2437,2165.0,0.0004163081216351783,-3.851652032581138e-05,-0.00011505938538285652,0.0004234720766821321,-4.568047537276517e-05
1576,2438,2429.0,0.0004298245288170133,-7.065858729349415e-05,-0.00011350091164220887,0.00043617886241597924,-7.701292089246011e-05
1577,2438,2052.0,0.0004411205072815881,-7.035511612227022e-05,-0.00010389445889928683,0.0004463431197469745,-7.557772858765669e-05
1578,2438,2053.0,0.00045065348294921065,-7.05991393577435e-05,-0.00011100734568678127,0.0004564980553169453,-7.644371172547818e-05
1579,2438,2430.0,0.00044105520407889645,-7.161502480738837e-05,-0.00014223827799285382,0.000450738177043682,-8.129799777217394e-05
1582,2439,2153.0,0.00016076010870117634,-5.334102640083718e-05,-8.103730264044304e-06,0.00016083676282627185,-5.341768052593269e-05
1583,2439,2142.0,0.0001607601072960551,-5.385917296400202e-05,-8.079497990665877e-06,0.00016083612001025675,-5.393518567820368e-05
1580,2439,2143.0,0.00016078409056777352,-5.3856160531368926e-05,-8.593098401683819e-06,0.00016087006206586056,-5.3942132029455964e-05
1581,2439,2154.0,0.00016078409095132804,-5.333778441314076e-05,-8.617319526590776e-06,0.00016087075672505113,-5.342445018686387e-05
1584,2440,2144.0,0.00016172233675559237,-5.469966004208941e-05,-1.2774589995558604e-05,0.0001619106820441678,-5.488800533066483e-05
1585,2440,2155.0,0.00016172249689092467,-5.4465638775429105e-05,-1.3721614876870299e-05,0.00016194000821450615,-5.468315009901059e-05
1586,2440,2154.0,0.00016078416803828638,-5.4467149037393855e-05,-1.3483621421328789e-05,0.00016099511918084278,-5.467810017995025e-05
1587,2440,2143.0,0.00016078415304876525,-5.4700989452405725e-05,-1.2537364239097182e-05,0.00016096636132171383,-5.48831977253543e-05
1589,2441,2156.0,0.00016336038982399555,-5.619527029051684e-05,-1.7631209100510067e-05,0.00016371378538266673,-5.654866584918803e-05
1591,2441,2144.0,0.0001617229000058487,-5.605806191592085e-05,-1.6105228688242153e-05,0.00016202024548027654,-5.6355407390348695e-05
1590,2441,2155.0,0.00016172317920212028,-5.619443134827998e-05,-1.7756276402903235e-05,0.00016208428329810037,-5.655553544426006e-05
1588,2441,2145.0,0.0001633603112561569,-5.605886285520937e-05,-1.5979684700504577e-05,0.0001636508654399758,-5.6349417039028296e-05
1593,2442,2157.0,0.0001654705497552084,-5.834256525981239e-05,-2.0135569893915597e-05,0.00016592251620970062,-5.879453171430463e-05
1592,2442,2146.0,0.00016547004309029698,-5.7782197637623264e-05,-1.800762060812414e-05,0.00016583257995331162,-5.81447345006379e-05
1595,2442,2145.0,0.00016336043358989986,-5.777903480684137e-05,-1.8551112520445983e-05,0.00016374880889522838,-5.816741011216989e-05
1594,2442,2156.0,0.00016336053473418985,-5.833887979798914e-05,-2.0677183815896076e-05,0.0001638416142416466,-5.8819959305445905e-05
1598,2443,2157.0,0.00016547102144541157,-6.070675782545533e-05,-2.211618972513662e-05,0.00016601037839050406,-6.124611477054783e-05
1596,2443,2147.0,0.0001678280880038547,-5.971332814221796e-05,-1.876309339931626e-05,0.00016821423445089492,-6.0099474589258173e-05
1597,2443,2158.0,0.00016782828918479055,-6.0712891509334384e-05,-2.1139144227827044e-05,0.00016831606965631973,-6.120067198086356e-05
1599,2443,2146.0,0.0001654704558205339,-5.970736710795649e-05,-1.974070262449057e-05,0.0001659022805940729,-6.013919188149549e-05
1603,2444,2147.0,0.00016782816249634133,-6.168894711624059e-05,-1.9642752233893935e-05,0.00016824766692903487,-6.210845154893413e-05
1600,2444,2148.0,0.0001702209321231237,-6.169709319048624e-05,-1.823576246563329e-05,0.00017057885019661613,-6.205501126397868e-05
1601,2444,2159.0,0.00017022152376144515,-6.312933043535127e-05,-2.0647596008976053e-05,0.00017067737384310295,-6.358518051700905e-05
1602,2444,2158.0,0.00016782836650859677,-6.311963536449912e-05,-2.2052207098784355e-05,0.00016835358906848346,-6.364485792438582e-05
1604,2445,2142.0,0.00016075985551623696,-5.366328218739825e-05,-3.742785107020783e-06,0.0001607761869784578,-5.367961364961906e-05
1605,2445,2153.0,0.00016075979212282362,-5.2986816186529045e-05,-2.6509189430998746e-06,0.00016076801108486132,-5.299503514856676e-05
1606,2445,86.0,0.0001618407541247196,-5.299111966067726e-05,-1.9881790828030254e-06,0.0001618453539675658,-5.299571950352347e-05
1607,2445,87.0,0.0001618407541247196,-5.366717127265532e-05,-3.0794156423378377e-06,0.0001618517540875795,-5.3678171235515225e-05
1611,2446,2150.0,0.00017437055800336213,-6.660189496443791e-05,-1.243581883808467e-05,0.00017453089454499163,-6.67622315060674e-05
1610,2446,2161.0,0.0001743708249540188,-6.903223808787492e-05,-1.3902562358094868e-05,0.00017456918303340835,-6.923059616726447e-05
1609,2446,2162.0,0.00017582959741189964,-6.904834538629746e-05,-1.1495879401430186e-05,0.00017596444266249317,-6.918319063689099e-05
1608,2446,2151.0,0.00017582949848316334,-6.661693534771324e-05,-1.0028213467617748e-05,0.00017593315239882096,-6.672058926337086e-05
1613,2447,2163.0,0.00017673651499002592,-7.017322301885587e-05,-6.632531602529914e-06,0.0001767810480074908,-7.021775603632073e-05
1615,2447,2151.0,0.00017582938295948418,-6.754298146751872e-05,-8.314098024278299e-06,0.00017590036890534328,-6.761396741337782e-05
1614,2447,2162.0,0.00017582944438798492,-7.015474201892171e-05,-9.225351655651071e-06,0.0001759159105231083,-7.024120815404511e-05
1612,2447,2152.0,0.0001767364539201786,-6.7558784679594e-05,-5.720342472113893e-06,0.0001767699357780799,-6.759226653749528e-05
1616,2448,117.0,0.00017703349015358162,-6.803689992029617e-05,-1.0455045262229654e-06,0.0001770346052156058,-6.803801498232034e-05
1619,2448,2152.0,0.00017673632094725947,-6.802018420162236e-05,-3.7337383892799628e-06,0.00017675055957944264,-6.80344228338055e-05
1618,2448,2163.0,0.00017673634091939063,-7.072120073427914e-05,-4.031934896602885e-06,0.00017675276335302965,-7.073762316791814e-05
1617,2448,118.0,0.00017703349015358162,-7.073995313392087e-05,-1.3441068174551828e-06,0.00017703531299809405,-7.074177597843329e-05
1623,2449,2148.0,0.0001702209483738248,-6.358011300063623e-05,-1.830155679501317e-05,0.00017057855523037584,-6.393771985718728e-05
1621,2449,2160.0,0.00017245712962165064,-6.541640236826804e-05,-1.8754469994127117e-05,0.000172826217806316,-6.578549055293339e-05
1620,2449,2149.0,0.0001724569065099438,-6.359122403238303e-05,-1.6502892953362564e-05,0.0001727449976390818,-6.387931516152102e-05
1622,2449,2159.0,0.00017022150054516664,-6.540489824699103e-05,-2.0552382151983956e-05,0.00017066881888417354,-6.585221658599794e-05
1625,2450,2161.0,0.00017437113882843528,-6.74326763409295e-05,-1.5627936470833433e-05,0.0001746233865880876,-6.768492410058181e-05
1624,2450,2150.0,0.00017437078808525902,-6.526626544208305e-05,-1.3700613422558362e-05,0.00017456645239020767,-6.546192974703169e-05
1626,2450,2160.0,0.0001724570316616555,-6.741756886978768e-05,-1.7765609151774043e-05,0.00017278552126222653,-6.774605847035873e-05
1627,2450,2149.0,0.00017245684087376523,-6.525361676719266e-05,-1.5840294229993923e-05,0.00017272043570551855,-6.551721159894597e-05
1631,2451,2133.0,0.000162903965271743,-5.593552143231791e-05,-1.2947537404388266e-05,0.00016309530674434936,-5.612686290492424e-05
1630,2451,2144.0,0.00016290390506025054,-5.607005543940564e-05,-1.4087077112718313e-05,0.0001631302343021207,-5.62963846812758e-05
1629,2451,2145.0,0.0001640344297660747,-5.607084589206773e-05,-1.3960301891542074e-05,0.0001642555676063006,-5.629198373229364e-05
1628,2451,2134.0,0.00016403437549253872,-5.5936208581396e-05,-1.2819900695338693e-05,0.0001642210033259112,-5.6122836414768476e-05
1635,2452,2132.0,0.00016237899567730376,-5.488666262177882e-05,-1.005039794068881e-05,0.00016249516281611898,-5.500282976059404e-05
1634,2452,2143.0,0.00016237900686533256,-5.471226544639539e-05,-1.0580000959178751e-05,0.00016250783520575796,-5.4841093786820783e-05
1632,2452,2133.0,0.00016290410906739852,-5.488575396215959e-05,-1.022607725907241e-05,0.00016302408145862468,-5.5005726353385756e-05
1633,2452,2144.0,0.00016290408107074036,-5.471127399421147e-05,-1.0755918793745392e-05,0.00016303690627845596,-5.4844099201927074e-05
1639,2453,88.0,0.00016379015997183832,-5.4203220536148435e-05,-2.558733260953419e-06,0.00016379766810166937,-5.421072866597948e-05
1638,2453,87.0,0.00016379015997183832,-5.3677077838278054e-05,-1.384962867215971e-06,0.00016379236501972731,-5.3679282886167045e-05
1637,2453,2142.0,0.00016262750341012764,-5.3674051110207403e-05,-1.899371468873541e-06,0.00016263167298538028,-5.367822068546004e-05
1636,2453,2131.0,0.0001626274786160609,-5.4200499141667576e-05,-3.0738341444758524e-06,0.00016263837202310663,-5.4211392548713316e-05
1642,2454,2142.0,0.00016262741185443536,-5.38700516902528e-05,-6.236208536816354e-06,0.00016267231103308285,-5.3914950868900286e-05
1641,2454,2143.0,0.00016237892354509969,-5.386769787307788e-05,-6.63595143481641e-06,0.0001624298208597143,-5.3918595187692515e-05
1640,2454,2132.0,0.00016237892884496353,-5.427275318119174e-05,-6.886818544821227e-06,0.00016243364373841324,-5.4327468074641435e-05
1643,2454,2131.0,0.00016262740656173245,-5.4274833171070536e-05,-6.486923151131051e-06,0.00016267589703227527,-5.432332364161336e-05
1645,2455,2146.0,0.0001655885424602802,-5.779332021306396e-05,-1.605478363692352e-05,0.00016587664113485757,-5.808141888764133e-05
1647,2455,2134.0,0.0001640344776022071,-5.730109596175487e-05,-1.4965386781036049e-05,0.00016428715661260596,-5.7553774972153734e-05
1646,2455,2145.0,0.00016403455214035185,-5.779055515923922e-05,-1.653157555125723e-05,0.0001643421306819474,-5.809813370083476e-05
1644,2455,2135.0,0.00016558862534695774,-5.7303664771824695e-05,-1.4487917712628097e-05,0.00016582380454776164,-5.753884397262858e-05
1651,2456,2135.0,0.00016558854631801008,-5.8854692620481154e-05,-1.5981915568692023e-05,0.000165872692401519,-5.913883870399006e-05
1649,2456,2147.0,0.00016738209604364286,-5.9724263744168906e-05,-1.6940978970491054e-05,0.00016769758548479776,-6.003975318532379e-05
1648,2456,2136.0,0.0001673819907418567,-5.8859108654896576e-05,-1.513297854248744e-05,0.00016763476473099812,-5.9111882644038e-05
1650,2456,2146.0,0.00016558845075323914,-5.97191052098176e-05,-1.7788460392623683e-05,0.0001659390135038104,-6.006966796038886e-05
1654,2457,2149.0,0.00017099414567534835,-6.526166886706378e-05,-1.4462414935110385e-05,0.00017121526813279484,-6.548279132451027e-05
1655,2457,2138.0,0.00017099406075312307,-6.339934718038563e-05,-1.2936943398030552e-05,0.00017117243313050583,-6.35777195577684e-05
1652,2457,2139.0,0.00017251039965103998,-6.34093736729898e-05,-1.1094110280147765e-05,0.00017264075256047493,-6.353972658242475e-05
1653,2457,2150.0,0.0001725103810318717,-6.527255328648876e-05,-1.262041100955221e-05,0.00017267772142918827,-6.543989368380533e-05
1656,2458,2140.0,0.00017367321625791116,-6.452727652651492e-05,-8.111236596826648e-06,0.00017374224749407128,-6.459630776267503e-05
1657,2458,2151.0,0.00017367325477341206,-6.662150006105365e-05,-9.281336913830908e-06,0.0001737628438181039,-6.671108910574549e-05
1658,2458,2150.0,0.0001725103964659877,-6.6608547967246e-05,-1.1355239119039675e-05,0.00017264512945822222,-6.67432809594805e-05
1659,2458,2139.0,0.00017251041072793133,-6.451623603519083e-05,-1.0186112475352735e-05,0.00017261979613681478,-6.462562144407429e-05
1661,2459,2152.0,0.00017439915863729514,-6.756105140909146e-05,-5.333306375769533e-06,0.00017442854436027156,-6.75904371320679e-05
1660,2459,2141.0,0.00017439916018836127,-6.531002558574934e-05,-4.60333486825568e-06,0.00017442125856820362,-6.533212396559167e-05
1662,2459,2151.0,0.000173673198366475,-6.754744059282113e-05,-7.567563607416587e-06,0.0001737325360907854,-6.760677831713153e-05
1663,2459,2140.0,0.00017367317435504825,-6.529782398578878e-05,-6.8381279111357895e-06,0.00017372208240839252,-6.534673203913303e-05
1664,2460,2137.0,0.00016923785144815203,-6.04745079249511e-05,-1.473914576485629e-05,0.0001694740373496743,-6.071069382647336e-05
1665,2460,2148.0,0.00016923778906393011,-6.170638994115144e-05,-1.660873308010442e-05,0.00016953601509051935,-6.200461596774069e-05
1666,2460,2147.0,0.00016738214729233392,-6.169937909968407e-05,-1.7820813287340023e-05,0.00016772820570820418,-6.204543751555432e-05
1667,2460,2136.0,0.0001673820384504223,-6.046796543953081e-05,-1.5952049589602673e-05,0.00016766090263829696,-6.074682962740546e-05
1668,2461,2138.0,0.0001709940840470168,-6.202740125179804e-05,-1.3355480151625108e-05,0.00017118529238916976,-6.2218609593951e-05
1669,2461,2149.0,0.00017099418252983223,-6.35996190495465e-05,-1.5124575446165802e-05,0.00017123770512917494,-6.384314164888921e-05
1670,2461,2148.0,0.00016923778686607407,-6.35900499855234e-05,-1.667466183996472e-05,0.0001695359564608305,-6.388821958027983e-05
1671,2461,2137.0,0.00016923784584683878,-6.201928274455522e-05,-1.4907058892724232e-05,0.0001694778276811935,-6.225926457890993e-05
1674,2462,2152.0,0.0001743991628591192,-6.802250068112658e-05,-3.346421879177634e-06,0.00017441071092561474,-6.803404874762212e-05
1675,2462,2141.0,0.00017439916336907434,-6.569564305680157e-05,-3.106420659184468e-06,0.0001744092109057573,-6.570569059348456e-05
1672,2462,116.0,0.00017463817196543534,-6.570817429993736e-05,-7.90431467502864e-07,0.00017463882184031923,-6.570882417482123e-05
1673,2462,117.0,0.00017463817196543534,-6.803689992029617e-05,-1.030620411750791e-06,0.00017463926619983226,-6.803799415469307e-05
1676,2463,2125.0,0.00016702143616772677,-5.813270973373464e-05,-1.2082636158621722e-05,0.00016718341979584788,-5.829469336185576e-05
1677,2463,2136.0,0.00016702122299278054,-5.886788846831383e-05,-1.342494502121921e-05,0.00016722051356584975,-5.906717904138303e-05
1678,2463,2135.0,0.00016568942126275635,-5.886413460007121e-05,-1.4147579170159692e-05,0.0001659120360486101,-5.9086749385924974e-05
1679,2463,2124.0,0.0001656895561393556,-5.812932112930346e-05,-1.2805980045430725e-05,0.00016587258262504097,-5.831234761498883e-05
1681,2464,2137.0,0.00016843408381047708,-6.048264591741276e-05,-1.32138018617378e-05,0.0001686246109047114,-6.0673173011647076e-05
1683,2464,2125.0,0.00016702131882487346,-5.943208101069728e-05,-1.2821656605295842e-05,0.00016720266224528457,-5.961342443110838e-05
1682,2464,2136.0,0.00016702109290001586,-6.0477092077398736e-05,-1.4244290670493488e-05,0.00016724384340851935,-6.069984258590222e-05
1680,2464,2126.0,0.0001684342173167751,-5.943680918417475e-05,-1.1790111794982797e-05,0.0001685866213217383,-5.958921318913795e-05
1685,2465,2138.0,0.00016979239855708858,-6.203407733918913e-05,-1.2065807925792146e-05,0.00016994928881533788,-6.219096759743844e-05
1684,2465,2127.0,0.0001697925762053471,-6.070165592198196e-05,-1.0697823045467442e-05,0.0001699166377185358,-6.082571743517064e-05
1687,2465,2126.0,0.00016843419626561646,-6.069546436306909e-05,-1.2014700599424473e-05,0.00016859158961599177,-6.085285771344441e-05
1686,2465,2137.0,0.00016843406805701388,-6.202719440734816e-05,-1.3381927582815922e-05,0.00016862816281811743,-6.222128916845172e-05
1689,2466,2140.0,0.0001718933572531138,-6.453092445120396e-05,-7.4141891645378415e-06,0.0001719514696140623,-6.458903681215248e-05
1688,2466,2129.0,0.00017189342178718808,-6.275431696790021e-05,-6.493109655166234e-06,0.00017193833209132737,-6.279922727203949e-05
1690,2466,2139.0,0.0001709779063826626,-6.452155541175072e-05,-9.175321931227057e-06,0.00017106724268941848,-6.461089171850659e-05
1691,2466,2128.0,0.00017097796791018635,-6.274600354093854e-05,-8.254795428526288e-06,0.00017105083207811486,-6.281886770886706e-05
1694,2467,2138.0,0.00016979245293924296,-6.340629765993675e-05,-1.164726797564606e-05,0.00016993779500655898,-6.355163972725277e-05
1692,2467,2128.0,0.00017097792546186047,-6.183379195972899e-05,-8.88973108462642e-06,0.00017106275638713384,-6.191862288500238e-05
1693,2467,2139.0,0.00017097784569525135,-6.341480507135604e-05,-1.0083088268116481e-05,0.00017108623398793277,-6.352319336403746e-05
1695,2467,2127.0,0.00016979260779103234,-6.182655948208248e-05,-1.0454773548759788e-05,0.00016991052406093262,-6.194447575198276e-05
1696,2468,2123.0,0.00016458545710287776,-5.582032238520359e-05,-1.018646460881499e-05,0.00016470309094009935,-5.593795622242519e-05
1697,2468,2134.0,0.0001645853445954356,-5.5946004510617434e-05,-1.0920187588722968e-05,0.000164720447253791,-5.608110716897283e-05
1698,2468,2133.0,0.0001638579260719794,-5.594536293665898e-05,-1.104104771032391e-05,0.00016399649080223576,-5.608392766691533e-05
1699,2468,2122.0,0.00016385798032799229,-5.58197477989801e-05,-1.0307725767964805e-05,0.0001639788287113104,-5.5940596182298214e-05
1703,2469,2123.0,0.00016458518622998095,-5.6889667516153535e-05,-1.1953093490113748e-05,0.00016474634736173802,-5.7050828647910615e-05
1702,2469,2134.0,0.00016458501558129848,-5.731115710231536e-05,-1.3066022910006845e-05,0.000164777192427862,-5.750333394887888e-05
1701,2469,2135.0,0.0001656895714591735,-5.731336971757071e-05,-1.2653522262834815e-05,0.000165868922186655,-5.749272044505222e-05
1700,2469,2124.0,0.0001656896834292558,-5.689156766489523e-05,-1.153979005738136e-05,0.00016583915400247932,-5.704103823811874e-05
1707,2470,2130.0,0.00017246788975865796,-6.37216397368031e-05,-2.555558438207357e-06,0.00017247480230873127,-6.37285522868764e-05
1704,2470,115.0,0.00017265801861802228,-6.373090461647785e-05,-5.886772139987884e-07,0.00017265838511184976,-6.373127111030534e-05
1706,2470,2141.0,0.00017246788519446475,-6.56975328329566e-05,-2.7465187795313543e-06,0.00017247580313097075,-6.570545076946258e-05
1705,2470,116.0,0.00017265801861802228,-6.570817429993736e-05,-7.797233247740058e-07,0.00017265865625756065,-6.570881193947574e-05
1708,2471,2130.0,0.00017246786321750782,-6.340075652247505e-05,-3.6657257884123613e-06,0.00017248210497448687,-6.341499827945408e-05
1709,2471,2141.0,0.0001724678494094173,-6.531193024240314e-05,-4.243342427596606e-06,0.00017248677923771327,-6.533086007069912e-05
1710,2471,2140.0,0.0001718934464798969,-6.530157112648117e-05,-6.140902617813139e-06,0.0001719331863196314,-6.534131096621568e-05
1711,2471,2129.0,0.00017189348692042022,-6.339188969867993e-05,-5.563648834111534e-06,0.00017192637237104042,-6.342477514930013e-05
1712,2472,2122.0,0.00016385814280768063,-5.5023306485759154e-05,-8.111626190600556e-06,0.00016393327012341946,-5.509843380149797e-05
1713,2472,2133.0,0.0001638581274145687,-5.4895798109626573e-05,-8.319666759990657e-06,0.00016393720238822422,-5.497487308328208e-05
1714,2472,2132.0,0.00016365195739557765,-5.489646208598831e-05,-8.192227194842548e-06,0.00016372870129067118,-5.497320598108183e-05
1715,2472,2121.0,0.00016365197606135642,-5.502388222784998e-05,-7.984332599297221e-06,0.00016372483313728233,-5.5096739303775875e-05
1718,2473,2131.0,0.00016409572846926316,-5.428403060550818e-05,-4.720555880380838e-06,0.0001641212356928268,-5.430953782907183e-05
1719,2473,2120.0,0.00016409571429800525,-5.45970651914554e-05,-5.168053975241867e-06,0.00016412624234528084,-5.4627593238730984e-05
1716,2473,2121.0,0.0001636522012314148,-5.4595640059621354e-05,-5.476270570977542e-06,0.00016368654844450175,-5.462998727270831e-05
1717,2473,2132.0,0.00016365224143037897,-5.428242214770471e-05,-5.028492201228363e-06,0.00016368124366536557,-5.431142438269132e-05
1720,2474,2120.0,0.00016409579833442977,-5.461465194726324e-05,-2.514422342395333e-06,0.00016410302491049665,-5.4621878523330124e-05
1721,2474,2131.0,0.0001640958365547317,-5.4209762304556334e-05,-1.3075206791936418e-06,0.0001640977943549479,-5.421172010477255e-05
1722,2474,88.0,0.00016529056647419417,-5.421185520962802e-05,-9.129486367685791e-07,0.0001652915157480137,-5.421280448344754e-05
1723,2474,89.0,0.00016529056647419417,-5.4616488695719586e-05,-2.1190739300292784e-06,0.0001652956713241494,-5.462159354567481e-05
1724,2475,2115.0,0.00016778539919266432,-5.857161700202509e-05,-9.314879095220947e-06,0.00016788118843712776,-5.866740624648854e-05
1727,2475,2114.0,0.00016673332168611922,-5.856816920315496e-05,-1.017598257051157e-05,0.00016684816542786144,-5.868301294489717e-05
1726,2475,2125.0,0.0001667330749115085,-5.943930087667362e-05,-1.123535898933355e-05,0.00016687252110847683,-5.957874707364194e-05
1725,2475,2126.0,0.00016778512630981216,-5.9443242342435514e-05,-1.037487721655293e-05,0.00016790348965323225,-5.9561605685855604e-05
1730,2476,2126.0,0.00016778506853122924,-6.0702071605906144e-05,-1.059959149533234e-05,0.00016790793207400887,-6.082493514868578e-05
1728,2476,2116.0,0.00016881786433508845,-5.959614959745544e-05,-8.46102091838104e-06,0.0001688961917689022,-5.967447703126918e-05
1731,2476,2115.0,0.00016778533606708317,-5.9591805443686416e-05,-9.560297643678621e-06,0.00016788578474310513,-5.969225411970839e-05
1729,2476,2127.0,0.00016881765649601655,-6.070723456620355e-05,-9.501017233630839e-06,0.00016891593635178293,-6.080551442196993e-05
1735,2477,2116.0,0.00016881788867317924,-6.051474870673708e-05,-8.339446296933006e-06,0.0001688936774810438,-6.0590537514601636e-05
1732,2477,2117.0,0.00016973096109770022,-6.0519990093878744e-05,-7.033454003380177e-06,0.00016978466113692358,-6.0573690133102105e-05
1733,2477,2128.0,0.00016973079241146445,-6.183808093396844e-05,-7.952655663542646e-06,0.00016979905082455083,-6.190633934705482e-05
1734,2477,2127.0,0.000168817705093639,-6.183204964635265e-05,-9.258118608313978e-06,0.00016891057129215164,-6.192491584486529e-05
1736,2478,114.0,0.00017104125454665093,-6.208008461154377e-05,-4.308165747095912e-07,0.00017104145358759164,-6.208028365248448e-05
1737,2478,115.0,0.00017104125454665093,-6.373090461647785e-05,-5.81065005353246e-07,0.00017104161408249262,-6.373126415231953e-05
1738,2478,2130.0,0.00017089171633286634,-6.372316880279149e-05,-2.2233775956045053e-06,0.00017089698379164808,-6.372843626157324e-05
1739,2478,2119.0,0.00017089172630347315,-6.207351618575493e-05,-2.073125864353667e-06,0.00017089633832812588,-6.207812821040767e-05
1742,2479,2129.0,0.00017044257084300398,-6.339487011338271e-05,-4.9180283689456705e-06,0.0001704684267632796,-6.342072603365834e-05
1741,2479,2130.0,0.00017089164260413532,-6.340227167786975e-05,-3.333598908836482e-06,0.00017090349984693037,-6.34141289206648e-05
1740,2479,2119.0,0.00017089167258550622,-6.180726076761753e-05,-2.882019116337911e-06,0.0001709005958276224,-6.18161840097337e-05
1743,2479,2118.0,0.0001704426225836986,-6.180089299134394e-05,-4.4666643206497676e-06,0.00017046409707512718,-6.182236748277252e-05
1744,2480,2118.0,0.00017044254634302576,-6.127487751662653e-05,-5.131426195317118e-06,0.00017047095196186392,-6.130328313546468e-05
1745,2480,2129.0,0.0001704424642559523,-6.275732449695856e-05,-5.847399282588777e-06,0.00017047911384489848,-6.279397408590474e-05
1746,2480,2128.0,0.0001697309089961779,-6.275038728782795e-05,-7.3176992618406624e-06,0.00016978847864402167,-6.280795693567172e-05
1747,2480,2117.0,0.00016973104029357013,-6.126903439606987e-05,-6.602152542001466e-06,0.00016977820426146813,-6.131619836396786e-05
1750,2481,2122.0,0.00016461943961941917,-5.582796775593468e-05,-8.528503900079483e-06,0.00016470189486823237,-5.5910423004747886e-05
1751,2481,2111.0,0.00016461952276866578,-5.5714504263902284e-05,-8.114430688539558e-06,0.00016469420673317567,-5.578918822841218e-05
1748,2481,2112.0,0.00016503029755486663,-5.571494588924085e-05,-8.003476407021388e-06,0.00016510281848041423,-5.5787466814788444e-05
1749,2481,2123.0,0.000165030212101013,-5.582848678003583e-05,-8.41783269328925e-06,0.0001651103925421712,-5.590866722119403e-05
1752,2482,2113.0,0.0001657750573474297,-5.6543822985853013e-05,-9.08405969678866e-06,0.00016586781344362544,-5.6636579082048756e-05
1753,2482,2124.0,0.00016577485862478113,-5.689931189543142e-05,-9.835273691174247e-06,0.00016588340901884144,-5.7007862289491754e-05
1754,2482,2123.0,0.00016502984778380986,-5.689771028131779e-05,-1.0184487210165545e-05,0.00016514663051666546,-5.7014493014173384e-05
1755,2482,2112.0,0.00016503000260890792,-5.654242610885835e-05,-9.433726584881985e-06,0.00016513037035666194,-5.664279385661237e-05
1757,2483,2125.0,0.0001667332470522238,-5.814007229556004e-05,-1.0496216597356183e-05,0.0001668556611100273,-5.826248635336354e-05
1759,2483,2113.0,0.00016577477910597878,-5.752300890297636e-05,-1.0135999099802114e-05,0.00016588974398200365,-5.763797377900123e-05
1758,2483,2124.0,0.0001657745236617104,-5.813723931198927e-05,-1.1101674525334907e-05,0.00016591204605668664,-5.827476170696552e-05
1756,2483,2114.0,0.00016673347216712123,-5.752539938567552e-05,-9.529864896358508e-06,0.0001668346692356336,-5.76265964541879e-05
1761,2484,2122.0,0.00016461988063444207,-5.503143009935889e-05,-6.332263210825483e-06,0.00016466550889575806,-5.507705836067488e-05
1760,2484,2111.0,0.0001646198732487621,-5.5123218877735944e-05,-6.369059415870762e-06,0.00016466601395060732,-5.516935957958117e-05
1763,2484,2110.0,0.00016465632121214586,-5.512357813257504e-05,-6.278237709085675e-06,0.0001647011481401718,-5.516840506060096e-05
1762,2484,2121.0,0.00016465632567704762,-5.503184455782069e-05,-6.241470912518869e-06,0.00016470064770556344,-5.507616658633652e-05
1767,2485,90.0,0.00016643009475524008,-5.49308036317342e-05,-1.751844116043913e-06,0.00016643356071261762,-5.493426958911176e-05
1764,2485,2109.0,0.00016523673779584463,-5.492960412746312e-05,-2.051324502803085e-06,0.00016524151582056557,-5.493438215218407e-05
1765,2485,2120.0,0.0001652368268740469,-5.462232226630635e-05,-8.458001219484833e-07,0.0001652376403212042,-5.4623135713463656e-05
1766,2485,89.0,0.00016643009475524008,-5.462371607674386e-05,-5.471047263658647e-07,0.00016643043327363308,-5.462405459513687e-05
1768,2486,2110.0,0.000164656559198868,-5.4842607148805123e-05,-4.319065840807006e-06,0.0001646778036126249,-5.486385156256205e-05
1769,2486,2121.0,0.00016465663033526576,-5.460366687058151e-05,-3.7334327088558474e-06,0.00016467252184618758,-5.4619558381503334e-05
1770,2486,2120.0,0.00016523663078816652,-5.4604753925417086e-05,-3.4994430496067827e-06,0.00016525055597112345,-5.461867910837401e-05
1771,2486,2109.0,0.00016523658754439316,-5.484353791855936e-05,-4.0846817711678515e-06,0.000165255538811045,-5.486248918521121e-05
1774,2487,2112.0,0.00016538370174258793,-5.654891536273056e-05,-7.797023466283312e-06,0.0001654521626431834,-5.6617376263326e-05
1773,2487,2113.0,0.00016584559698880352,-5.6550066526422926e-05,-7.508261097454675e-06,0.0001659089502139656,-5.661341975158501e-05
1772,2487,2102.0,0.0001658457547096848,-5.625708365930549e-05,-7.042466570997838e-06,0.00016590156655333364,-5.631289550295433e-05
1775,2487,2101.0,0.00016538385186671753,-5.6256130935861516e-05,-7.3315491392902075e-06,0.0001654444647088093,-5.631674377795327e-05
1779,2488,2102.0,0.00016584546646393353,-5.7027288616368836e-05,-7.893817591358467e-06,0.00016591534134180832,-5.7097163494243614e-05
1778,2488,2113.0,0.00016584524080862355,-5.7529186086775015e-05,-8.560269782631794e-06,0.00016592722348579493,-5.761116876394638e-05
1777,2488,2114.0,0.0001665068030217772,-5.753113934777056e-05,-8.064520799763676e-06,0.00016657935261010933,-5.760368893610269e-05
1776,2488,2103.0,0.00016650705013315098,-5.7028936105491825e-05,-7.397646525779172e-06,0.00016656823737142126,-5.7090123343762095e-05
1783,2489,2103.0,0.00016650684822073082,-5.7863174271156653e-05,-7.94270045134768e-06,0.0001665771191260849,-5.793344517651073e-05
1780,2489,2104.0,0.00016726957255559902,-5.78654924829053e-05,-7.239076794203839e-06,0.00016732774951549282,-5.792366944279911e-05
1782,2489,2114.0,0.00016650656363059334,-5.8574003803509305e-05,-8.710766973236105e-06,0.0001665908102096987,-5.865825038261466e-05
1781,2489,2115.0,0.00016726931403172874,-5.857681748896846e-05,-8.007654370326567e-06,0.00016734027206398905,-5.864777552122876e-05
1784,2490,2105.0,0.0001680393147221519,-5.869425898088722e-05,-6.580744714530231e-06,0.00016808705476770722,-5.8741999026442544e-05
1787,2490,2104.0,0.000167269492171926,-5.869127418525153e-05,-7.478256567987991e-06,0.0001673313491671099,-5.875313118043545e-05
1786,2490,2115.0,0.0001672692315356028,-5.959694392459401e-05,-8.253177788742987e-06,0.00016734426742618343,-5.9671979815174625e-05
1785,2490,2116.0,0.00016803906938037886,-5.960048779139168e-05,-7.356126224943287e-06,0.00016809848180672054,-5.965990021773337e-05
1791,2491,2099.0,0.00016543731155955663,-5.5194507541324236e-05,-4.875341034622088e-06,0.00016546424109481275,-5.522143707658035e-05
1789,2491,2111.0,0.0001652190432589591,-5.512974781812384e-05,-4.7182557466230075e-06,0.00016524429797669396,-5.5155002535858686e-05
1788,2491,2100.0,0.0001652189885332667,-5.519429755692978e-05,-4.938589616832042e-06,0.00016524664862526173,-5.5221957648924806e-05
1790,2491,2110.0,0.00016543735342175296,-5.513000042430471e-05,-4.6551564077001615e-06,0.0001654619128909267,-5.5154559893478444e-05
1793,2492,2110.0,0.00016543772592230344,-5.484900269717185e-05,-2.695952891275692e-06,0.00016544597413805534,-5.485725091292373e-05
1792,2492,2099.0,0.0001654375967928784,-5.5028380927987655e-05,-3.375137469741442e-06,0.00016545051362213195,-5.50412977572412e-05
1794,2492,2109.0,0.0001661103188079926,-5.4849701353812744e-05,-2.520951869480802e-06,0.00016611750901317926,-5.485689155899939e-05
1795,2492,2098.0,0.00016611025790738373,-5.502896610052135e-05,-3.199688760927152e-06,0.00016612183146746061,-5.504053966059822e-05
1799,2493,91.0,0.0001672823780785017,-5.51658760634757e-05,-1.4484628712472213e-06,0.00016728473595545957,-5.516823394043358e-05
1798,2493,90.0,0.0001672823780785017,-5.4936679086893384e-05,-2.652292148757566e-07,0.00016728245721945418,-5.4936758227845856e-05
1797,2493,2109.0,0.00016611050125785534,-5.49357839640175e-05,-4.876052395576605e-07,0.00016611077015920802,-5.493605286537018e-05
1796,2493,2098.0,0.00016611039501931296,-5.516512934728465e-05,-1.6716256270216156e-06,0.00016611355204761242,-5.5168286375584106e-05
1803,2494,2100.0,0.00016521865120635703,-5.562257797532224e-05,-6.296726050010297e-06,0.00016526352587056017,-5.566745263952537e-05
1800,2494,2101.0,0.00016538421693658174,-5.562289998846539e-05,-6.19964025928778e-06,0.00016542768610355396,-5.566636915543763e-05
1802,2494,2111.0,0.00016521860975215964,-5.572098997237132e-05,-6.4636391844502235e-06,0.0001652658734569546,-5.5768253677166294e-05
1801,2494,2112.0,0.00016538416306758523,-5.5721372979024785e-05,-6.366664148368083e-06,0.00016542998509274883,-5.5767195004188385e-05
1804,2495,2107.0,0.00016927822525970426,-6.0066931745790295e-05,-3.986566323292066e-06,0.00016929554796116605,-6.008425444725208e-05
1805,2495,2118.0,0.00016927812582856537,-6.127722026237436e-05,-4.536003391493546e-06,0.00016930043428556654,-6.129952871937552e-05
1806,2495,2117.0,0.00016873208172750941,-6.127244878850814e-05,-5.737132565848723e-06,0.00016876785229675623,-6.130821935775496e-05
1807,2495,2106.0,0.0001687322162692589,-6.0062930773749506e-05,-5.187967772613596e-06,0.00016876162199657688,-6.0092336501067475e-05
1808,2496,2106.0,0.00016873214690129971,-5.9447597201899846e-05,-5.47080623158132e-06,0.00016876493401498703,-5.948038431558716e-05
1809,2496,2117.0,0.00016873197597975305,-6.052343635504017e-05,-6.168351056461867e-06,0.00016877345991976042,-6.056492029504754e-05
1810,2496,2116.0,0.00016803910793665422,-6.051915794782895e-05,-7.234608310024049e-06,0.00016809634329155768,-6.057639330273241e-05
1811,2496,2105.0,0.00016803932849317942,-5.944407344158064e-05,-6.537476010562383e-06,0.00016808628771256874,-5.9491032660969974e-05
1814,2497,2118.0,0.00016927824619904328,-6.180326426079076e-05,-3.8712201134471266e-06,0.00016929445832891503,-6.18194763906625e-05
1815,2497,2107.0,0.0001692783093415729,-6.050128266502658e-05,-3.5222102493062983e-06,0.00016929180622816343,-6.0514779551617116e-05
1812,2497,2108.0,0.00016962546636468598,-6.050557716184201e-05,-2.2274158377165194e-06,0.00016963085597341342,-6.0510966770569444e-05
1813,2497,2119.0,0.00016962543521297196,-6.180846647924644e-05,-2.5765494394360162e-06,0.00016963260616035194,-6.181563742662643e-05
1816,2498,113.0,0.0001697419170368224,-6.073135560533653e-05,-3.086742740113788e-07,0.00016974202038911527,-6.0731458957629414e-05
1817,2498,114.0,0.0001697419170368224,-6.208008461154377e-05,-4.2562175757692583e-07,0.00016974211239546673,-6.20802799701881e-05
1818,2498,2119.0,0.00016962550741092682,-6.207471712458251e-05,-1.7676823607586751e-06,0.0001696288788529143,-6.207808856657001e-05
1819,2498,2108.0,0.00016962551784213816,-6.072689186045554e-05,-1.6506929393126594e-06,0.00016962847499831066,-6.072984901662803e-05
1822,2499,2102.0,0.00016590244972696595,-5.703210129892291e-05,-6.438190845953022e-06,0.00016594892262927698,-5.7078574201233935e-05
1823,2499,2091.0,0.0001659026422070898,-5.6634087098023794e-05,-6.005001012409673e-06,0.0001659431450438041,-5.6674589934738084e-05
1821,2499,2103.0,0.0001663324178968413,-5.7033407815783104e-05,-6.044396694934034e-06,0.0001663733015519351,-5.707429147087691e-05
1820,2499,2092.0,0.00016633261293003685,-5.6635126379722255e-05,-5.610913780637063e-06,0.00016636790656824165,-5.667042001792704e-05
1826,2500,2103.0,0.00016633217270146082,-5.786761486713867e-05,-6.589520735375272e-06,0.00016638058087636048,-5.7916023042038335e-05
1825,2500,2104.0,0.00016686780159648896,-5.7869450297306764e-05,-6.032206873531759e-06,0.00016690827215487894,-5.790992085569675e-05
1824,2500,2093.0,0.0001668680405886488,-5.730631930587804e-05,-5.4924400529844566e-06,0.0001669016777672167,-5.733995648444597e-05
1827,2500,2092.0,0.0001663324153886931,-5.730483994954101e-05,-6.050091200710461e-06,0.00016637332640398534,-5.734575096483325e-05
1830,2501,2104.0,0.00016686769577509966,-5.869527174273356e-05,-6.2714611861257145e-06,0.0001669112796439715,-5.8738855611605416e-05
1831,2501,2093.0,0.00016686794656385455,-5.797816252563258e-05,-5.7049957108994045e-06,0.00016690412879931382,-5.801434476109187e-05
1828,2501,2094.0,0.00016743063313896583,-5.7980039640725175e-05,-4.993752617394958e-06,0.00016745828767036382,-5.800769417212316e-05
1829,2501,2105.0,0.0001674304132508014,-5.86976354120894e-05,-5.560563080357888e-06,0.00016746459210342226,-5.873181426471027e-05
1835,2502,2094.0,0.00016743063252882542,-5.859591838740645e-05,-4.995563657838979e-06,0.00016745823173043984,-5.8623517589020876e-05
1832,2502,2095.0,0.00016794915955489753,-5.8598163178402875e-05,-4.1502261545927396e-06,0.0001679681654429735,-5.861716906647886e-05
1833,2502,2106.0,0.00016794899095132969,-5.945022092664293e-05,-4.6723021043095034e-06,0.0001679729885096792,-5.947421848499245e-05
1834,2502,2105.0,0.0001674304301321416,-5.9447429593812335e-05,-5.517360086429771e-06,0.00016746396884211072,-5.948096830378147e-05
1836,2503,2096.0,0.00016836396680756168,-5.9109664137842356e-05,-3.019859041940385e-06,0.00016837398900971444,-5.911968633999513e-05
1837,2503,2107.0,0.00016836387334080184,-6.0068748283924035e-05,-3.4372362323774244e-06,0.00016837680267217612,-6.0081677615298314e-05
1838,2503,2106.0,0.00016794908239773287,-6.006557723854378e-05,-4.389489185472771e-06,0.0001679702058537187,-6.008670069452962e-05
1839,2503,2095.0,0.00016794921709914403,-5.910714449590411e-05,-3.972300527609073e-06,0.00016796658939845297,-5.912451679521305e-05
1842,2504,2107.0,0.0001683639773967623,-6.050309289564085e-05,-2.972909359233271e-06,0.00016837363127276294,-6.051274677164149e-05
1841,2504,2108.0,0.00016863018018772186,-6.0506497807093825e-05,-1.9462957205060912e-06,0.00016863431309077919,-6.051063071015114e-05
1840,2504,2097.0,0.00016863021174567667,-5.9473740407546334e-05,-1.6786079453227389e-06,0.00016863329990620673,-5.9476828568076384e-05
1843,2504,2096.0,0.00016836403730649823,-5.947101442751113e-05,-2.705288048192268e-06,0.0001683720675957643,-5.94790447167772e-05
1844,2505,112.0,0.0001687202425260571,-5.96619716323382e-05,-2.148774612401776e-07,0.00016872029306886456,-5.966202217514567e-05
1845,2505,113.0,0.0001687202425260571,-6.073135560533653e-05,-3.0527701912782916e-07,0.00016872034406600921,-6.073145714528866e-05
1846,2505,2108.0,0.00016863024821272014,-6.072781564818554e-05,-1.3695678933675105e-06,0.0001686322927228007,-6.072986015826608e-05
1847,2505,2097.0,0.0001686302588676901,-5.9659150562773186e-05,-1.2791030628419783e-06,0.00016863205055374434,-5.9660942248827405e-05
1850,2506,2101.0,0.0001656594708384421,-5.626109670661569e-05,-5.817807882224852e-06,0.00016569759379780625,-5.6299219665979834e-05
1848,2506,2091.0,0.00016590293711554163,-5.602809787722939e-05,-5.3412908433713205e-06,0.00016593507013577298,-5.6060230897460726e-05
1849,2506,2102.0,0.00016590282804867411,-5.626185682372758e-05,-5.586757031181798e-06,0.00016593794492758158,-5.6296973702635046e-05
1851,2506,2090.0,0.00016565956679968235,-5.602748553968479e-05,-5.572509295321973e-06,0.00016569458007154687,-5.606249881154932e-05
1852,2507,2090.0,0.00016565990558286387,-5.554594209450196e-05,-4.706637337088967e-06,0.0001656849387461125,-5.5570975257750586e-05
1853,2507,2101.0,0.00016565991372612045,-5.56278957915265e-05,-4.685861166253474e-06,0.0001656847172094959,-5.5652699274901955e-05
1854,2507,2100.0,0.00016568054132978707,-5.5627627835258054e-05,-4.767171445405429e-06,0.0001657062106126103,-5.5653297118081295e-05
1855,2507,2089.0,0.0001656805345160964,-5.554572842098645e-05,-4.787939070240209e-06,0.00016570643749476945,-5.55716313996595e-05
1859,2508,2087.0,0.0001667665257584402,-5.5165312740796725e-05,-2.4782901771316576e-06,0.0001667734442460958,-5.517223122845234e-05
1858,2508,2098.0,0.0001667666156074082,-5.50337870843839e-05,-1.7381515390049122e-06,0.00016677002083611105,-5.503719231308677e-05
1857,2508,2099.0,0.00016603323436532814,-5.5033357824355446e-05,-1.8660636531796226e-06,0.00016603717224157594,-5.5037295700603226e-05
1856,2508,2088.0,0.00016603307007859256,-5.5164969471557844e-05,-2.6066994078357327e-06,0.00016604074944809077,-5.517264884105606e-05
1863,2509,2088.0,0.00016603282284891215,-5.5243730765322996e-05,-3.7212312222162196e-06,0.00016604846682773269,-5.525937474414355e-05
1862,2509,2099.0,0.0001660329015877414,-5.519946793162869e-05,-3.36626582371621e-06,0.00016604570609934889,-5.521227244323617e-05
1861,2509,2100.0,0.00016568098631573815,-5.519932387078059e-05,-3.40899426939348e-06,0.000165694138857449,-5.521247641249145e-05
1860,2509,2089.0,0.00016568086993371802,-5.524361495861589e-05,-3.7641909395476607e-06,0.0001656969026804283,-5.525964770532616e-05
1866,2510,91.0,0.00016790739420160258,-5.517048846433658e-05,-4.825019399832837e-08,0.0001679073968106479,-5.517049107338187e-05
1867,2510,92.0,0.00016790739420160258,-5.5337705183653905e-05,-1.2000381752774215e-06,0.00016790900686994704,-5.533931785199835e-05
1865,2510,2098.0,0.00016676680111211907,-5.516994379395899e-05,-2.1008995054706478e-07,0.0001667668508309899,-5.516999351282984e-05
1864,2510,2087.0,0.00016676666119767294,-5.533726859900776e-05,-1.362642738636055e-06,0.00016676875118518765,-5.533935858652246e-05
1868,2511,111.0,0.00016794293355340713,-5.8852120696042995e-05,-1.4286206966528624e-07,0.00016794295605121798,-5.8852143193853854e-05
1869,2511,112.0,0.00016794293355340713,-5.96619716323382e-05,-2.1281741738386588e-07,0.00016794298330106438,-5.966202137999544e-05
1870,2511,2097.0,0.00016787328143454475,-5.965983464825831e-05,-1.0189733753065543e-06,0.00016787442225917672,-5.966097547289028e-05
1871,2511,2086.0,0.00016787329109141163,-5.88505194780293e-05,-9.489525128473153e-07,0.00016787428404725242,-5.8851512433870086e-05
1873,2512,2097.0,0.00016787322624636997,-5.947442530061181e-05,-1.4184721538498639e-06,0.00016787543876501334,-5.9476637819255186e-05
1872,2512,2086.0,0.00016787325456852037,-5.869245043837e-05,-1.2133312659510479e-06,0.00016787487900038857,-5.86940748702382e-05
1874,2512,2096.0,0.00016766921129448685,-5.9472360775456394e-05,-2.1960234619836485e-06,0.00016767451900446975,-5.94776684854393e-05
1875,2512,2085.0,0.00016766926623144136,-5.8690907845475115e-05,-1.9909179178957724e-06,0.00016767364385387169,-5.869528546790544e-05
1876,2513,2085.0,0.00016766921162617238,-5.83850676510956e-05,-2.1944948626586767e-06,0.0001676745374424546,-5.839039346737781e-05
1877,2513,2096.0,0.00016766912692762505,-5.9111004996948734e-05,-2.510586067481276e-06,0.00016767607512149806,-5.9117953190821754e-05
1878,2513,2095.0,0.00016735498354541133,-5.910909741486637e-05,-3.2316644613861103e-06,0.00016736651200008465,-5.9120625869539676e-05
1879,2513,2084.0,0.00016735510230372365,-5.838363380917767e-05,-2.9157011377141124e-06,0.00016736451690257825,-5.8393048408032264e-05
1883,2514,2082.0,0.00016656519481429797,-5.743870248991307e-05,-4.17813040789691e-06,0.00016658467578748882,-5.7458183463103926e-05
1882,2514,2093.0,0.0001665649853280609,-5.7981108710509805e-05,-4.585555806598104e-06,0.0001665883938071951,-5.800451718964397e-05
1881,2514,2094.0,0.0001669696845393422,-5.798252866814194e-05,-4.0474755197759775e-06,0.00016698788921958084,-5.800073334838057e-05
1880,2514,2083.0,0.00016696987420628917,-5.743977202644321e-05,-3.6398134880689503e-06,0.00016698463222945497,-5.745453004960902e-05
1887,2515,2083.0,0.00016696986413770355,-5.795411942195936e-05,-3.6616805136044156e-06,0.00016698476585663835,-5.796902114089416e-05
1884,2515,2084.0,0.00016735506236389736,-5.7955387264605797e-05,-3.02171046075877e-06,0.00016736519318959718,-5.796551809030562e-05
1886,2515,2094.0,0.00016696968381125653,-5.859842379837886e-05,-4.049326192350801e-06,0.00016698785539805524,-5.861659538517757e-05
1885,2515,2095.0,0.00016735491655238432,-5.8600122650551785e-05,-3.4095578441387282e-06,0.0001673677779860877,-5.8612984084255166e-05
1888,2516,2082.0,0.00016656528273616665,-5.6883287475341035e-05,-4.006964362536524e-06,0.00016658324489277293,-5.690124963194732e-05
1889,2516,2093.0,0.00016656509454166825,-5.730927948214713e-05,-4.372948371364721e-06,0.00016658644675524102,-5.733063169571991e-05
1890,2516,2092.0,0.0001662019570241517,-5.7308160357584905e-05,-4.79491955294412e-06,0.0001662276701877451,-5.7333873521178325e-05
1891,2516,2081.0,0.00016620215445247789,-5.688245195354291e-05,-4.4291682965555326e-06,0.00016622413669414778,-5.690443419521282e-05
1892,2517,2081.0,0.00016620233291110087,-5.633686118575198e-05,-4.098473038501721e-06,0.00016622120156164534,-5.635572983629643e-05
1893,2517,2092.0,0.00016620219407217137,-5.66384262829379e-05,-4.355684085921097e-06,0.00016622347629182977,-5.66597085025963e-05
1894,2517,2091.0,0.00016594712465877663,-5.663763937916903e-05,-4.6542570013197344e-06,0.00016597145217846907,-5.6661966898861464e-05
1895,2517,2080.0,0.00016594725652215936,-5.633626814329656e-05,-4.397219381082804e-06,0.0001659690008766349,-5.635801249777207e-05
1898,2518,2090.0,0.00016586764921138982,-5.603119944341952e-05,-4.166791771724953e-06,0.00016588720837486752,-5.6050758606897223e-05
1899,2518,2079.0,0.00016586768663978799,-5.58533571232771e-05,-4.086284523268594e-06,0.00016588651243917856,-5.587218292266768e-05
1896,2518,2080.0,0.0001659475065273622,-5.585370573683878e-05,-3.909936794133822e-06,0.00016596473639065435,-5.587093560013092e-05
1897,2518,2091.0,0.0001659474652165126,-5.603166556548424e-05,-3.9905057679493795e-06,0.00016596539803961558,-5.604959838858721e-05
1900,2519,2079.0,0.00016586797795776446,-5.548526700234301e-05,-3.4601420622432056e-06,0.0001658814991643329,-5.5498788208911446e-05
1901,2519,2090.0,0.0001658680520890399,-5.554964054328048e-05,-3.300882021633816e-06,0.00016588035374464418,-5.5561942198884755e-05
1902,2519,2089.0,0.000166025948463701,-5.554947272787042e-05,-3.365107613133864e-06,0.00016603872435767565,-5.556224862184504e-05
1903,2519,2078.0,0.0001660258878889415,-5.548514063438866e-05,-3.524270572080124e-06,0.00016603990490791427,-5.549915765336141e-05
1904,2520,2078.0,0.00016602616615147723,-5.5276662705122594e-05,-2.792931210341093e-06,0.00016603497778100624,-5.528547433465162e-05
1907,2520,2077.0,0.00016647358573821595,-5.527672005993132e-05,-2.7647939374766776e-06,0.00016648220330070325,-5.5285337622418626e-05
1906,2520,2088.0,0.0001664737072948647,-5.524744833991231e-05,-2.313508900920417e-06,0.0001664797421021249,-5.525348314717249e-05
1905,2520,2089.0,0.00016602633798632165,-5.524737177055132e-05,-2.3413466850295307e-06,0.000166032531391395,-5.525356517562468e-05
1910,2521,92.0,0.00016835307828710216,-5.534118954274834e-05,1.205256312692424e-07,0.00016835309452179034,-5.534120577743651e-05
1908,2521,2076.0,0.0001672456255919695,-5.545867582869193e-05,-1.1121732195385923e-06,0.00016724701411651794,-5.5460064353240375e-05
1911,2521,93.0,0.00016835307828710216,-5.545890643631531e-05,-9.977906379175262e-07,0.00016835419036026876,-5.546001850948191e-05
1909,2521,2087.0,0.00016724577916132552,-5.534088227540743e-05,6.887485841638313e-09,0.00016724577921460528,-5.53408823286872e-05
1915,2522,2076.0,0.00016724551917654052,-5.5262030838476345e-05,-1.8875848232240318e-06,0.00016724952231302308,-5.526603397495892e-05
1912,2522,2077.0,0.00016647379758375608,-5.5261848175058316e-05,-1.9783166868391064e-06,0.00016647821011181219,-5.526626070311443e-05
1913,2522,2088.0,0.00016647400750257734,-5.5168679960539016e-05,-1.1989712599103867e-06,0.00016647562894290353,-5.517030140086519e-05
1914,2522,2087.0,0.00016724562605547287,-5.516892290593231e-05,-1.1087559529353308e-06,0.00016724700785820498,-5.517030470866442e-05
1916,2523,2067.0,0.00016627118388962798,-5.5297551156102795e-05,-1.9748700946578546e-06,0.00016627558436882136,-5.530195163529619e-05
1917,2523,2078.0,0.00016627140261425265,-5.5279302769456517e-05,-1.45754473934224e-06,0.00016627379982359243,-5.528169997879631e-05
1918,2523,2077.0,0.0001667838444811656,-5.527933849359273e-05,-1.4404810776919106e-06,0.00016678618048738652,-5.528167449981367e-05
1919,2523,2066.0,0.00016678368884238823,-5.529757502303011e-05,-1.9574680714505447e-06,0.0001667880021360516,-5.530188831669348e-05
1922,2524,2078.0,0.00016627109343327783,-5.548778590629323e-05,-2.1888938158153882e-06,0.00016627649472707867,-5.5493187200094055e-05
1921,2524,2079.0,0.00016601694206224208,-5.5487876726529e-05,-2.1425263266647678e-06,0.0001660221228882414,-5.5493057552528314e-05
1920,2524,2068.0,0.0001660168091661623,-5.544160325643009e-05,-2.398921533209523e-06,0.00016602330548261631,-5.544809957288409e-05
1923,2524,2067.0,0.00016627098508902353,-5.544154279577809e-05,-2.4451252187962774e-06,0.00016627772631336502,-5.54482840201196e-05
1924,2525,2069.0,0.00016598025518154157,-5.5731249843246134e-05,-2.6812658918131077e-06,0.0001659883613507973,-5.573935601250186e-05
1925,2525,2080.0,0.00016598027651278623,-5.5856204829118634e-05,-2.6446943638454984e-06,0.0001659881586245619,-5.586408694089428e-05
1926,2525,2079.0,0.0001660166176364324,-5.5855960073743053e-05,-2.7686874261643297e-06,0.00016602525472415386,-5.58645971614645e-05
1927,2525,2068.0,0.00016601659865688449,-5.573108614532617e-05,-2.80524320240335e-06,0.0001660254703105014,-5.573995779894309e-05
1930,2526,2080.0,0.00016597999300149312,-5.6338775600459415e-05,-3.1320103059224937e-06,0.00016599102333638671,-5.634980593535301e-05
1931,2526,2069.0,0.00016598006916811295,-5.612796415274316e-05,-3.0010433761913993e-06,0.00016599020595852194,-5.613810094315215e-05
1928,2526,2070.0,0.0001661099918975502,-5.612824000576864e-05,-2.7918878026197036e-06,0.00016611875988711383,-5.6137007995332255e-05
1929,2526,2081.0,0.00016610991355045903,-5.633919042694226e-05,-2.9229445020178667e-06,0.00016611951488809803,-5.6348791764581277e-05
1932,2527,2066.0,0.00016678383966122243,-5.532618176678345e-05,-1.4565054665785808e-06,0.00016678622742535262,-5.532856953091365e-05
1933,2527,2077.0,0.00016678408125086049,-5.5264471372286e-05,-6.540045217925516e-07,0.0001667845628133182,-5.5264952934743706e-05
1934,2527,2076.0,0.0001675785180844822,-5.526459232659865e-05,-5.944857144390752e-07,0.00016757891456592965,-5.5264988808046095e-05
1935,2527,2065.0,0.0001675783910983677,-5.5326262361080633e-05,-1.3964530043875534e-06,0.00016758057820149625,-5.532844946420916e-05
1937,2528,2082.0,0.00016634879967274022,-5.688535782880094e-05,-2.9585728338471506e-06,0.00016635860190123474,-5.6895160057295464e-05
1939,2528,2070.0,0.0001661098598438545,-5.658726759528033e-05,-3.012845239475895e-06,0.0001661200494915901,-5.659745724301594e-05
1938,2528,2081.0,0.00016610971584273525,-5.6884773898708565e-05,-3.2536720719727173e-06,0.0001661215836455958,-5.689664170156911e-05
1936,2528,2071.0,0.00016634893939501927,-5.658765823401187e-05,-2.717594940384509e-06,0.00016635722095130235,-5.6595939790294965e-05
1941,2529,2083.0,0.00016663939409104642,-5.7441529005748936e-05,-2.753519822191997e-06,0.00016664785262593548,-5.7449987540637994e-05
1940,2529,2072.0,0.00016663954568237277,-5.706219891384723e-05,-2.460701470150792e-06,0.0001666463123580021,-5.706896558947657e-05
1943,2529,2071.0,0.00016634887019953637,-5.706170226598106e-05,-2.8371253446925248e-06,0.00016635787710958874,-5.707070917603343e-05
1942,2529,2082.0,0.00016634870052400081,-5.744078142800853e-05,-3.129773567889097e-06,0.00016635964273135258,-5.7451723635360295e-05
1947,2530,2073.0,0.00016692831787111918,-5.787774303572575e-05,-1.979423470495692e-06,0.00016693267500602163,-5.78821001706282e-05
1944,2530,2074.0,0.00016716951669128568,-5.787840953727488e-05,-1.474955480046977e-06,0.00016717193336575066,-5.788082621173987e-05
1945,2530,2085.0,0.00016716944406144077,-5.8386012878165514e-05,-1.7176522731876488e-06,0.00016717271408491904,-5.838928290164377e-05
1946,2530,2084.0,0.00016692821485788967,-5.838501004517334e-05,-2.2220231436266297e-06,0.0001669336930836009,-5.839048827088458e-05
1948,2531,2073.0,0.0001669282932106657,-5.7506077157000517e-05,-2.037290112397004e-06,0.00016693291646143772,-5.7510700407772535e-05
1949,2531,2084.0,0.00016692816973407754,-5.795675823656174e-05,-2.3280148186875186e-06,0.00016693419449066547,-5.796278299314966e-05
1950,2531,2083.0,0.0001666393828861116,-5.7955871816076955e-05,-2.77541553802402e-06,0.00016664795679539928,-5.796444572536462e-05
1951,2531,2072.0,0.00016663953329720214,-5.750548480727249e-05,-2.4848386241376613e-06,0.0001666464197242893,-5.751237123435963e-05
1954,2532,2085.0,0.00016716950504640666,-5.869185133673728e-05,-1.5140867250392994e-06,0.00016717204248009316,-5.8694388770423776e-05
1953,2532,2086.0,0.00016732839979075818,-5.8692930502738886e-05,-9.701353264612855e-07,0.00016732944079672835,-5.869397150870904e-05
1952,2532,2075.0,0.0001673284246450181,-5.814603309700518e-05,-8.103873602230134e-07,0.0001673291528046058,-5.814676125659288e-05
1955,2532,2074.0,0.00016716955282589118,-5.814531337692907e-05,-1.3543651701077085e-06,0.0001671715880760235,-5.814734862706141e-05
1959,2533,94.0,0.00016865631458288187,-5.55389873617574e-05,-8.329568927988116e-07,0.00016865708825519456,-5.553976103407007e-05
1958,2533,93.0,0.00016865631458288187,-5.546138713122945e-05,2.556138086266509e-07,0.00016865638746690377,-5.5461460015251345e-05
1957,2533,2076.0,0.00016757864087153335,-5.546123515768773e-05,1.8092225913214285e-07,0.00016757867756100235,-5.546127184715673e-05
1956,2533,2065.0,0.00016757846838933186,-5.553888593170912e-05,-9.083697585716738e-07,0.00016757939293888296,-5.5539810481260214e-05
1961,2534,111.0,0.0001673833048579335,-5.8852120696042995e-05,-1.417506139646989e-07,0.00016738332706183297,-5.8852142899942474e-05
1963,2534,2075.0,0.00016732844952019874,-5.82848918326535e-05,-6.506117491482345e-07,0.00016732891856910954,-5.8285360881564305e-05
1962,2534,2086.0,0.0001673284409495231,-5.88510003284456e-05,-7.057575727283864e-07,0.00016732899149971483,-5.885155087863733e-05
1960,2534,110.0,0.0001673833048579335,-5.828563750790492e-05,-8.66564736421013e-08,0.00016738331317691624,-5.828564582688765e-05
1964,2535,2058.0,0.00016600176844394876,-5.5658702572158696e-05,-1.5906629523606143e-06,0.0001660046221057258,-5.566155623393572e-05
1967,2535,2057.0,0.0001661125264575572,-5.565865410977339e-05,-1.6642580242843012e-06,0.00016611564872503364,-5.566177637724981e-05
1966,2535,2068.0,0.0001661125890236301,-5.573274080606267e-05,-1.552690948828522e-06,0.00016611530580344788,-5.573545758588045e-05
1965,2535,2069.0,0.0001660018375934562,-5.573283791540911e-05,-1.47902696236526e-06,0.00016600430393799495,-5.5735304259947865e-05
1971,2536,2058.0,0.0001660016704843636,-5.600482617227996e-05,-1.7490896926381904e-06,0.00016600511550435887,-5.600827119227523e-05
1969,2536,2070.0,0.00016605094006146465,-5.612971168971739e-05,-1.6750454595393718e-06,0.00016605409710664576,-5.6132868734898496e-05
1968,2536,2059.0,0.00016605097215996613,-5.6004908005746995e-05,-1.6252802967727702e-06,0.00016605394607430748,-5.600788192008833e-05
1970,2536,2069.0,0.0001660016397414993,-5.6129548493958725e-05,-1.7988190596994165e-06,0.00016600528139239573,-5.613319014485517e-05
1973,2537,2071.0,0.00016620969091150228,-5.658897453998229e-05,-1.7214634192906728e-06,0.00016621301610206208,-5.659229973054209e-05
1972,2537,2060.0,0.000166209790552627,-5.641294934320457e-05,-1.5613202533641321e-06,0.00016621252802113512,-5.6415686811712694e-05
1974,2537,2070.0,0.00016605079749037378,-5.658874355163058e-05,-1.8960245346728334e-06,0.00016605483410920852,-5.659278017046533e-05
1975,2537,2059.0,0.0001660509008113852,-5.64128342273204e-05,-1.7359826667656631e-06,0.00016605428741947923,-5.6416220835414445e-05
1979,2538,2056.0,0.0001664278703247806,-5.541535864590281e-05,-1.4922237906646752e-06,0.00016643037964934385,-5.541786797046605e-05
1978,2538,2067.0,0.0001664280147867669,-5.544321804377701e-05,-1.1744004298872186e-06,0.0001664295688488818,-5.544477210589188e-05
1977,2538,2068.0,0.00016611281671735485,-5.544325446118462e-05,-1.1463567868436053e-06,0.00016611429955314507,-5.5444737296974836e-05
1976,2538,2057.0,0.00016611263842711648,-5.541537688797315e-05,-1.4643845371524033e-06,0.00016611505843553375,-5.5417796896390417e-05
1983,2539,2055.0,0.00016698083564411687,-5.530912550239821e-05,-1.252834686665794e-06,0.00016698260088610046,-5.5310890744381816e-05
1982,2539,2066.0,0.00016698101534156883,-5.529924194529255e-05,-6.950753569396478e-07,0.00016698155871930364,-5.529978532302735e-05
1980,2539,2056.0,0.00016642797482227108,-5.5309119040011486e-05,-1.2622668074571252e-06,0.00016642977121158667,-5.531091542932709e-05
1981,2539,2067.0,0.00016642822849805225,-5.529922901352567e-05,-7.041410820077558e-07,0.0001664287875328002,-5.529978804827362e-05
1987,2540,2054.0,0.00016778796000052417,-5.536299277708091e-05,-9.75104401666196e-07,0.00016778902522570412,-5.536405800226088e-05
1986,2540,2065.0,0.00016778809330247817,-5.532789311834185e-05,-1.6041258628363142e-07,0.00016778812213523342,-5.53279219510971e-05
1985,2540,2066.0,0.00016698117674416284,-5.5327847261863405e-05,-1.9411314700990088e-07,0.00016698121911750647,-5.5327889635207035e-05
1984,2540,2055.0,0.00016698091409809713,-5.536296980441526e-05,-1.0093416832985202e-06,0.00016698205958202864,-5.536411528834676e-05
1990,2541,94.0,0.00016884395236123852,-5.55405754832371e-05,3.6983591371862485e-07,0.00016884410475422154,-5.554072787622014e-05
1989,2541,2065.0,0.00016778817316993996,-5.554051797970023e-05,3.276693143994215e-07,0.0001677882933595149,-5.554063816927514e-05
1988,2541,2054.0,0.00016778799853020966,-5.5584554684900023e-05,-7.396632500579915e-07,0.00016778861084830321,-5.558516700299358e-05
1991,2541,95.0,0.00016884395236123852,-5.5584583446177996e-05,-6.967928141122202e-07,0.00016884449320050168,-5.558512428544117e-05
1993,2542,2075.0,0.00016697607929392095,-5.814633774548399e-05,-5.795734407815223e-07,0.0001669764523185414,-5.814671077010442e-05
1995,2542,2063.0,0.00016684656803180444,-5.7822704351552855e-05,-7.711401995154051e-07,0.00016684722973272332,-5.782336605247172e-05
1994,2542,2074.0,0.00016684652597372495,-5.814591199315864e-05,-9.013179147031184e-07,0.0001668474286382006,-5.814681465763427e-05
1992,2542,2064.0,0.00016697610100765054,-5.7822916903259464e-05,-4.4936047604215903e-07,0.00016697632556894712,-5.7823141464556044e-05
1999,2543,2062.0,0.00016665272745799848,-5.757866091853455e-05,-1.1253224543676102e-06,0.00016665413932841276,-5.758007278894882e-05
1997,2543,2074.0,0.00016684648695579042,-5.787900716860552e-05,-1.0219025524590693e-06,0.00016684764868360455,-5.7880168896419645e-05
1996,2543,2063.0,0.00016684654996798736,-5.757885821062088e-05,-8.269274010159084e-07,0.00016684731169836715,-5.757961994100067e-05
1998,2543,2073.0,0.00016665263869528648,-5.787861295720922e-05,-1.3202094123968683e-06,0.00016665457933586034,-5.788055359778309e-05
2002,2544,2072.0,0.00016642641769425357,-5.7506598144467063e-05,-1.6426596536300007e-06,0.000166429430084398,-5.750961053461148e-05
2003,2544,2061.0,0.0001664265447758721,-5.7240304981250175e-05,-1.4151221458462795e-06,0.00016642878309443558,-5.724254329981366e-05
2000,2544,2062.0,0.00016665271595614256,-5.724047974208678e-05,-1.1504040202911005e-06,0.00016665419369273808,-5.7241957478682294e-05
2001,2544,2073.0,0.00016665261224925863,-5.750694844516133e-05,-1.3780640482117341e-06,0.00016665473020774778,-5.7509066403650476e-05
2004,2545,2061.0,0.00016642655302174668,-5.683905235855273e-05,-1.4001434527541312e-06,0.00016642874814536487,-5.684124748217094e-05
2005,2545,2072.0,0.0001664264310550185,-5.706330859443293e-05,-1.6185053317049718e-06,0.00016642936130717163,-5.706623884658606e-05
2006,2545,2071.0,0.00016620961665966317,-5.706301494120888e-05,-1.8410144165584264e-06,0.00016621341165734118,-5.7066809938886886e-05
2007,2545,2060.0,0.0001662097524507763,-5.683890513489176e-05,-1.6227808308690982e-06,0.00016621270402960027,-5.684185671371572e-05
2009,2546,110.0,0.00016702133727525427,-5.828563750790492e-05,-8.617793292213863e-08,0.000167021345515829,-5.828564574847964e-05
2008,2546,109.0,0.00016702133727525427,-5.795061286137548e-05,-4.076453264515215e-08,0.00016702133912187018,-5.795061470799136e-05
2010,2546,2075.0,0.00016697610595200528,-5.828519636301609e-05,-4.197995588972646e-07,0.00016697630153765937,-5.828539194867019e-05
2011,2546,2064.0,0.00016697611352308568,-5.7950392540755556e-05,-3.7436023835762423e-07,0.00016697626929117795,-5.7950548308847835e-05
2012,2547,102.0,0.00016602219635790397,-5.5964169561874613e-05,-5.343695964126708e-07,0.0001660225179434783,-5.596449114744893e-05
2013,2547,2059.0,0.00016602218979271303,-5.600562233534518e-05,-5.44236720289421e-07,0.00016602252330179007,-5.600595584442221e-05
2014,2547,2058.0,0.0001660124266252894,-5.600559515619237e-05,-5.853616062407685e-07,0.00016601281245839862,-5.6005980989301595e-05
2015,2547,101.0,0.0001660124329737284,-5.5964169561874613e-05,-5.755018469180261e-07,0.00016601280598806356,-5.596454257620976e-05
2016,2548,103.0,0.0001661416964995376,-5.6355192919866346e-05,-4.76654698519912e-07,0.00016614195178337723,-5.635544820370597e-05
2017,2548,2060.0,0.00016614161881969633,-5.641358446122633e-05,-5.970494546307875e-07,0.0001661420192455285,-5.641398488705851e-05
2018,2548,2059.0,0.00016602211610452182,-5.6413546272800815e-05,-6.54947789517792e-07,0.0001660225982165994,-5.6414028384878384e-05
2019,2548,102.0,0.00016602219635790397,-5.6355192919866346e-05,-5.346304991072476e-07,0.00016602251769155942,-5.635551425352182e-05
2022,2549,2060.0,0.00016614157932359677,-5.6839542333128156e-05,-6.585195904902955e-07,0.0001661420655162196,-5.6840028525750993e-05
2023,2549,103.0,0.0001661416964995376,-5.6765254009846213e-05,-4.769193566783107e-07,0.00016614195159680122,-5.676550910710984e-05
2020,2549,104.0,0.00016632218424961556,-5.6765254009846213e-05,-4.030666251717994e-07,0.00016632236631115724,-5.676543607138788e-05
2021,2549,2061.0,0.00016632207905723867,-5.6839591141637474e-05,-5.847812379932761e-07,0.00016632246215227126,-5.683997423667006e-05
2024,2550,101.0,0.0001660124329737284,-5.563479281183565e-05,-5.752891930741106e-07,0.00016601280626635264,-5.563516610445989e-05
2025,2550,2058.0,0.0001660125287711911,-5.565946965925192e-05,-4.269256914664994e-07,0.00016601273432870212,-5.565967521676292e-05
2026,2550,2057.0,0.0001661596621834365,-5.565945352999487e-05,-4.514922978367188e-07,0.00016615989192590394,-5.565968327246231e-05
2027,2550,100.0,0.0001661595767057534,-5.563479281183565e-05,-5.997605320962832e-07,0.0001661599821624373,-5.563519826851954e-05
2029,2551,2062.0,0.00016651748603946075,-5.724090081190829e-05,-5.121417819111741e-07,0.00016651777908865652,-5.724119386110408e-05
2031,2551,104.0,0.00016632218424961556,-5.715263380289825e-05,-4.0329092774839324e-07,0.00016632236619790105,-5.7152815751183736e-05
2030,2551,2061.0,0.0001663220705139845,-5.724084291052587e-05,-5.997681247618474e-07,0.00016632247277340972,-5.72412451699511e-05
2028,2551,105.0,0.00016651757906639122,-5.715263380289825e-05,-3.1554494839267154e-07,0.00016651769035586918,-5.715274509237622e-05
2033,2552,2057.0,0.00016615977732222046,-5.5416177578682796e-05,-2.516150026976886e-07,0.00016615984875380832,-5.541624901027067e-05
2032,2552,100.0,0.0001661595767057534,-5.54068032556337e-05,-5.996291071094502e-07,0.0001661599824017888,-5.5407208951669125e-05
2035,2552,99.0,0.0001665044831227233,-5.54068032556337e-05,-6.089195753091609e-07,0.00016650490083733945,-5.540722097024986e-05
2034,2552,2056.0,0.00016650464855266623,-5.5416171445743533e-05,-2.61132207012146e-07,0.00016650472537061187,-5.541624826368916e-05
2037,2553,2063.0,0.00016668804799619633,-5.757914801660024e-05,-3.883164955056223e-07,0.00016668821608764074,-5.757931610804466e-05
2036,2553,106.0,0.0001666881052477874,-5.7479774590375046e-05,-2.1685138340859676e-07,0.00016668815769119668,-5.747982703378434e-05
2038,2553,2062.0,0.0001665174979832566,-5.7579082679182184e-05,-4.87065990852645e-07,0.00016651776263811944,-5.757934733404502e-05
2039,2553,105.0,0.00016651757906639122,-5.7479774590375046e-05,-3.156997798359109e-07,0.00016651769030241688,-5.747988582640069e-05
2042,2554,2055.0,0.00016707685541918253,-5.530993318167941e-05,-2.8477128798934034e-08,0.00016707685633082263,-5.530993409331951e-05
2040,2554,99.0,0.0001665044831227233,-5.531303444144566e-05,-6.088749734281616e-07,0.0001665049009527024,-5.531345227142478e-05
2041,2554,2056.0,0.00016650475791058172,-5.5309931154475596e-05,-3.117293788162598e-08,0.00016650475900581132,-5.530993224970519e-05
2043,2554,98.0,0.00016707666331892265,-5.531303444144566e-05,-6.058013406985349e-07,0.00016707707587690902,-5.531344699943202e-05
2044,2555,107.0,0.0001668032093913132,-5.771602750865892e-05,-1.1039131542338749e-07,0.0001668032229605756,-5.771604107792135e-05
2045,2555,2064.0,0.00016680318936209917,-5.782306429524824e-05,-2.2605183913772644e-07,0.0001668032462337028,-5.7823121166851866e-05
2046,2555,2063.0,0.00016668806665325416,-5.782299392825213e-05,-3.325319660970775e-07,0.0001666881897846575,-5.7823117059655485e-05
2047,2555,106.0,0.0001666881052477874,-5.771602750865892e-05,-2.1693028268858266e-07,0.00016668815767411304,-5.771607993498456e-05
2051,2556,97.0,0.00016788913865194106,-5.537517493053889e-05,-5.94541899718486e-07,0.0001678895344602077,-5.5375570738805545e-05
2050,2556,2054.0,0.00016788928153120813,-5.536378622344746e-05,2.2575680031514328e-07,0.00016788933860334646,-5.536384329558579e-05
2049,2556,2055.0,0.00016707693644551854,-5.53637787719328e-05,2.1501520258704332e-07,0.00016707698840489848,-5.536383073131274e-05
2048,2556,98.0,0.00016707666331892265,-5.537517493053889e-05,-6.058220175127454e-07,0.00016707707578981888,-5.537558740143513e-05
2055,2557,107.0,0.0001668032093913132,-5.783975573710181e-05,-1.1041274517634527e-07,0.00016680322295836784,-5.7839769304156484e-05
2052,2557,108.0,0.00016684369367373322,-5.783975573710181e-05,0.0,0.00016684369367373322,-5.783975573710182e-05
2054,2557,2064.0,0.00016680320235583823,-5.795053993401595e-05,-1.5105241309632987e-07,0.00016680322773564803,-5.7950565313825766e-05
2053,2557,109.0,0.00016684369367373322,-5.795061286137548e-05,-4.0647219849471086e-08,0.00016684369551118685,-5.795061469882911e-05
2056,2558,97.0,0.00016788913865194106,-5.559960902503454e-05,-5.94580991644905e-07,0.00016788953411472581,-5.560000448781928e-05
2057,2558,2054.0,0.00016788932254666739,-5.5585347480874834e-05,4.611956662697479e-07,0.00016788956049445814,-5.5585585428665605e-05
2058,2558,95.0,0.00016893349107349035,-5.558535679219738e-05,4.746111277077747e-07,0.0001689337418937144,-5.558560761242143e-05
2059,2558,96.0,0.00016893349107349035,-5.559960902503454e-05,-5.804737341013428e-07,0.00016893386623999457,-5.559998419153875e-05
2060,2559,2441.0,0.0004998534312439518,-0.0001613477304882267,6.475780874801162e-07,0.0004998535898028378,-0.00016134788904711284
2061,2559,2446.0,0.0004998687197844409,-0.00016287339056805068,3.2847476903047346e-07,0.0004998687604849131,-0.00016287343126852286
2062,2559,2444.0,0.0004995616967501358,-0.00016267484906150803,-8.53331094490678e-07,0.0004995619716419622,-0.00016267512395333448
2063,2559,2440.0,0.0004995627086738369,-0.00016121506035606957,-4.85279786278936e-07,0.0004995627977720369,-0.00016121514945426952
2066,2560,2443.0,0.0004994734600505119,-0.0001634822842441676,5.836310157329022e-07,0.0004994735884999218,-0.00016348241269357753
2067,2560,2444.0,0.0004996307409283526,-0.00016308395071468976,1.672695887671577e-06,0.0004996317964003045,-0.00016308500618664168
2064,2560,2446.0,0.0005011410241443359,-0.0001631783005564263,2.0143091825700066e-06,0.0005011425510576765,-0.00016317982746976684
2065,2560,2445.0,0.00050025286898275,-0.00016357088649995302,6.569126308197948e-07,0.0005002530315010748,-0.00016357104901827788
2068,2561,2442.0,0.0004999215200531711,-0.00016005351075885774,7.880492888419355e-07,0.0004999217552974725,-0.00016005374600315918
2069,2561,2445.0,0.0004999197104314651,-0.00016259583078684627,1.1314523945260557e-06,0.0004999201935082791,-0.00016259631386366036
2070,2561,2446.0,0.000499932382379397,-0.00016522776956283717,-1.1609928845385253e-06,0.0004999328889880113,-0.00016522827617145144
2071,2561,2441.0,0.00049993357237808,-0.00015983729301466203,-1.4072399485559606e-06,0.0004999343227605705,-0.00015983804339715255
2072,2562,2445.0,0.0005007064501902202,-0.00016416286138276913,2.541370993288175e-06,0.0005007088786911386,-0.00016416528988368753
2075,2562,2443.0,0.0004994269358737334,-0.0001638924575654801,1.9952181901788935e-06,0.0004994284362394175,-0.00016389395793116416
2074,2562,2435.0,0.0004995200312212216,-0.0001653221339456737,7.731845296649054e-08,0.0004995200334691773,-0.00016532213619362945
2073,2562,2434.0,0.0005006921894199993,-0.0001650771776263073,1.2616695142814854e-06,0.0005006927871527176,-0.00016507777535902562
2078,2563,2434.0,0.0005006627795358307,-0.0001662965390918207,-1.3699652858314981e-06,0.0005006634830281024,-0.0001662972425840924
2076,2563,146.0,0.0005014282714817398,-0.00016373563245129707,1.6496759198923738e-06,0.0005014292943222908,-0.00016373665529184807
2079,2563,2445.0,0.0005006728464388814,-0.0001638677048716957,-4.465690399847039e-07,0.0005006729214621003,-0.00016386777989491454
2077,2563,147.0,0.0005014282714817398,-0.00016631667860266124,6.974070716203595e-07,0.0005014284535783961,-0.00016631686069931766
2083,2564,2442.0,0.0005002672097201444,-0.00015978031799030866,-1.9150879638305668e-06,0.0005002685988451834,-0.00015978170711534762
2080,2564,145.0,0.0005003430415121829,-0.0001599869543118546,1.6591108866845922e-06,0.0005003440836595212,-0.00015998799645919277
2081,2564,146.0,0.0005003430415121829,-0.00016373563245129707,1.5796745812847457e-06,0.0005003439809220566,-0.00016373657186117077
2082,2564,2445.0,0.0005002786091663908,-0.00016393176407605728,-1.4651079279694862e-06,0.000500279417095142,-0.00016393257200480847
2084,2565,2440.0,0.0004995677050717746,-0.00016217830754362015,1.3092666488259685e-06,0.0004995683526682268,-0.00016217895514007236
2085,2565,2444.0,0.0004995664637042277,-0.00016313952901313405,8.600695218484444e-07,0.0004995667427568086,-0.00016313980806571506
2086,2565,2045.0,0.0004991913567298119,-0.00016309468434844447,7.34194344244321e-08,0.0004991913587645872,-0.00016309468638321987
2087,2565,2046.0,0.0004991587751140038,-0.00016214032376408733,4.4661963214537304e-07,0.0004991588505220427,-0.00016214039917212636
2090,2566,2044.0,0.0004989362424501417,-0.00016400344995490653,1.6795823011492295e-06,0.0004989373062694498,-0.0001640045137742146
2089,2566,2443.0,0.0004997487853985634,-0.00016402413823410393,2.300512434914165e-06,0.0004997507786787132,-0.00016402613151425367
2088,2566,2444.0,0.0004998919883222354,-0.00016327884969109222,3.3506276096093024e-06,0.00049989622050235,-0.00016328308187120682
2091,2566,2045.0,0.0004989295591945261,-0.00016323629498439008,2.637828739143061e-06,0.000498932186222486,-0.00016323892201234994
2092,2567,2443.0,0.0004993425564739935,-0.00016407176389470493,3.8027411522235932e-06,0.0004993480058293378,-0.00016407721325004926
2093,2567,2435.0,0.0004993786029888307,-0.00016435424999359437,3.0474164377097823e-06,0.0004993821008938846,-0.00016435774789864827
2094,2567,2043.0,0.0004986942215515957,-0.0001643915226005213,2.6944654141144997e-06,0.0004986969587971034,-0.00016439425984602908
2095,2567,2044.0,0.0004985773321184023,-0.00016406276938468175,3.5459578001419134e-06,0.0004985820759177427,-0.00016406751318402221
2098,2568,2440.0,0.0004994748141259331,-0.0001608991965648126,-3.2511693337095027e-06,0.0004994788156605999,-0.00016090319809947934
2099,2568,2447.0,0.000499488356241886,-0.00015979782146837535,-3.7842881295269137e-06,0.0004994937866297718,-0.00015980325185626114
2096,2568,2448.0,0.0004990643770225005,-0.0001598938672494586,-2.812944953405061e-06,0.0004990673789666043,-0.00015989686919356237
2097,2568,2441.0,0.0004991032766920971,-0.00016099167473648216,-2.3961711656528273e-06,0.0004991054512343081,-0.00016099384927869317
2100,2569,2439.0,0.0004988094853783029,-0.00015858779063334318,-3.268697360244918e-06,0.0004988135484908177,-0.00015859185374585794
2101,2569,2442.0,0.0004988352209266385,-0.00015963590011540044,-3.3426671350693382e-06,0.0004988394630836729,-0.0001596401422724348
2102,2569,2441.0,0.00049894961193888,-0.0001595459597239527,-4.266623223489474e-06,0.0004989565231025453,-0.00015955287088761802
2103,2569,2448.0,0.0004989254719824955,-0.00015706107750690368,-4.385461735707807e-06,0.0004989328014238412,-0.00015706840694824947
2105,2570,2448.0,0.0004977571430851979,-0.00016010786198896788,-6.111946712905603e-07,0.0004977572850439747,-0.00016010800394774464
2107,2570,2438.0,0.0004983799114476571,-0.00015458973399179313,-7.76957865084027e-06,0.0004984030228649653,-0.00015461284540910122
2106,2570,2447.0,0.0004983177083966658,-0.00015948881787465792,-6.646850397196147e-06,0.000498334498855091,-0.00015950560833308312
2104,2570,2439.0,0.0004980415151374512,-0.00015510510825872276,-4.112749945843833e-06,0.0004980479893898807,-0.0001551115825111522
2109,2571,2447.0,0.0004979671571232365,-0.00016023566488140286,-3.956602115662289e-06,0.000497973103071188,-0.00016024161082935431
2108,2571,2438.0,0.0004980933943143882,-0.00015813150347389815,-5.173864708590131e-06,0.0004981035922130524,-0.00015814170137256234
2111,2571,2048.0,0.0004989306330189271,-0.0001578906267282902,-7.170063724058068e-06,0.0004989502000935164,-0.00015791019380287954
2110,2571,2047.0,0.000498889799275877,-0.00016007345290136327,-6.110680938170576e-06,0.0004989039653233375,-0.00016008761894882384
2112,2572,2447.0,0.000499418498876622,-0.0001604616280855035,-1.169136658582537e-06,0.0004994190167280461,-0.00016046214593692758
2115,2572,2047.0,0.000499147376928414,-0.00016034927838333782,-2.590169350235455e-06,0.0004991499201374421,-0.00016035182159236596
2114,2572,2046.0,0.0004991706478438239,-0.00016200125166551324,-2.7769539902820772e-06,0.0004991735636662681,-0.00016200416748795736
2113,2572,2440.0,0.0004994265808876477,-0.00016205999313722555,-1.4266360152150048e-06,0.0004994273500974976,-0.00016206076234707544
2119,2573,2439.0,0.0004979733698041583,-0.0001513006943534249,-6.108958404934736e-06,0.0004979877391394445,-0.00015131506368871108
2118,2573,2442.0,0.0004983137131526882,-0.00015953876143231873,-5.9856226589886236e-06,0.000498327328263414,-0.00015955237654304455
2117,2573,145.0,0.0004966768753999502,-0.0001599869543118546,1.8708047968742786e-06,0.0004966782078562725,-0.00015998828676817693
2116,2573,144.0,0.0004966768753999502,-0.00015219145887851885,2.2688498972980864e-07,0.0004966768952332485,-0.00015219147871181713
2122,2574,2048.0,0.000498444918968919,-0.00015725381101283663,-1.2103397169681979e-05,0.000498500767691827,-0.00015730965973574467
2120,2574,2450.0,0.0004975262046201835,-0.00015581234289606903,-1.0672855645852547e-05,0.0004975697893166502,-0.0001558559275925358
2121,2574,2438.0,0.0004976902678339064,-0.00015747060145207005,-1.0306662463200472e-05,0.0004977308001385048,-0.0001575111337566685
2123,2574,2049.0,0.0004982863276922246,-0.0001554979192296323,-1.2525247929006528e-05,0.0004983463120998885,-0.0001555579036372962
2127,2575,2050.0,0.0004979362491263663,-0.00015176344553853615,-2.166472891220253e-05,0.0004981168056511952,-0.0001519440020633651
2126,2575,2049.0,0.0004979752888626607,-0.00015425783476805604,-1.9223654383265093e-05,0.0004981169056608541,-0.00015439945156624942
2125,2575,2450.0,0.0004957873103164888,-0.0001546617502007283,-1.6621638877851314e-05,0.0004958934807328688,-0.00015476792061710836
2124,2575,2449.0,0.0004956541980510321,-0.00015208903123297833,-1.9045996272545884e-05,0.0004957941731158196,-0.00015222900629776584
2129,2576,2449.0,0.0004937539596619918,-0.00015102511254988721,-2.6275739007115134e-05,0.0004940215428106805,-0.00015129269569857592
2128,2576,2436.0,0.0004936978445483492,-0.00014673142570308605,-3.0031361679411922e-05,0.0004940497130061725,-0.0001470832941609094
2130,2576,2050.0,0.0004970503215714038,-0.000150499296431313,-3.0449750310111018e-05,0.0004974080838543166,-0.00015085705871422576
2131,2576,2051.0,0.0004971084447272685,-0.00014619720575380184,-3.434129432652172e-05,0.0004975664251254505,-0.0001466551861519839
2132,2577,143.0,0.0004898748774367079,-0.00013855717762974794,-1.4961096339548285e-06,0.0004898757678833549,-0.0001385580680763949
2135,2577,2437.0,0.0004925715806452236,-0.00013540812064222684,-1.5696506509042113e-05,0.000492669649836719,-0.00013550618983372223
2134,2577,2439.0,0.000492178476451683,-0.00015051135150561935,-1.0717346723294538e-05,0.0004922231533438993,-0.00015055602839783564
2133,2577,144.0,0.0004898748774367079,-0.00015219145887851885,1.2124055076556672e-06,0.0004898754497785834,-0.00015219203122039438
2139,2578,2452.0,0.00047845270815154856,-0.0001093338638879928,-8.41292283251388e-05,0.00048144777712763245,-0.0001123289328640767
2137,2578,2456.0,0.0004721997511237582,-0.00012107939897266226,-6.474966772065938e-05,0.00047396119375522466,-0.0001228408416041287
2136,2578,2453.0,0.00047039153266671685,-0.00011235265856701112,-7.381426844113234e-05,0.00047271968332237104,-0.00011468080922266528
2138,2578,2455.0,0.0004802685385469803,-0.0001192670078199032,-7.361121395070558e-05,0.00048251959018110434,-0.00012151805945402724
2141,2579,2451.0,0.00047788841253764217,-0.00012496681662161092,-5.135918320726268e-05,0.00047898029857920395,-0.00012605870266317273
2140,2579,2456.0,0.0004702087677474834,-0.0001231459630477454,-5.6604722880465586e-05,0.0004715557013631594,-0.00012449289666342146
2142,2579,2454.0,0.00048457678869991486,-0.0001245944540731614,-5.452333893299702e-05,0.00048579437098777284,-0.00012581203636101936
2143,2579,2455.0,0.00048239060072398365,-0.00012230755378143607,-6.300038283871962e-05,0.00048402709315348985,-0.00012394404621094226
2144,2580,2452.0,0.0004794876412762446,-0.00012208264743838624,-7.920526733146832e-05,0.000482083563663895,-0.00012467856982603664
2145,2580,2455.0,0.0004810062140117588,-0.00012950898309631385,-7.02760261933541e-05,0.0004830219163469463,-0.00013152468543150132
2146,2580,1550.0,0.000488405868779046,-0.0001283424879314009,-7.732204911848825e-05,0.000490819895953295,-0.00013075651510564989
2147,2580,1549.0,0.000488405868779046,-0.00012055377673438224,-8.786374491445703e-05,0.0004915588984350062,-0.00012370680639034242
2149,2581,2454.0,0.00048540925550344047,-0.0001368360721116914,-5.4048109728192795e-05,0.0004865807022327423,-0.00013800751884099322
2150,2581,26.0,0.0004922425226270948,-0.00013610233039307909,-5.9743926295523914e-05,0.0004936594618464905,-0.0001375192696124749
2148,2581,2455.0,0.00048357931236807025,-0.00013173898505899878,-6.037327987505267e-05,0.00048505667883489193,-0.0001332163515258205
2151,2581,1550.0,0.0004922425342742676,-0.00013049261246307858,-6.806327533451922e-05,0.0004940967962041759,-0.00013234687439298693
2152,2582,2454.0,0.00048808129310964204,-0.0001385978893850946,-4.340997272995681e-05,0.0004888321440539643,-0.00013934874032941693
2154,2582,2051.0,0.0004950552193076913,-0.00014497770696547349,-4.280923094319988e-05,0.0004957702548455214,-0.00014569274250330358
2153,2582,2436.0,0.00048717951860467734,-0.0001459808915094111,-3.451088980863451e-05,0.00048764943042634696,-0.0001464508033310807
2155,2582,26.0,0.0004953455626433116,-0.00013754017145695076,-5.120888959365619e-05,0.0004963797431104156,-0.00013857435192405476
2158,2583,1549.0,0.0004825906075522565,-0.00011830262749029066,-9.62165841663469e-05,0.0004864178432407755,-0.00012212986317880963
2157,2583,2452.0,0.00047540603953587224,-0.00011941145191514391,-8.977070066382153e-05,0.0004787740494089946,-0.00012277946178826626
2156,2583,2457.0,0.0004727923144169574,-0.00011065178600404442,-0.00010120145415121184,0.00047714827446658704,-0.00011500774605367406
2159,2583,1548.0,0.0004825905918336461,-0.00011083457141190388,-0.00010744406011879704,0.00048741476187964334,-0.00011565874145790114
2160,2584,2053.0,0.00046248579079409893,-0.00010390165885153178,-9.799647793307109e-05,0.00046669337633858547,-0.00010810924439601835
2161,2584,2453.0,0.0004663809582048468,-0.00010494899784265746,-8.833652563836059e-05,0.000469775342786382,-0.00010834338242419263
2162,2584,2452.0,0.00047423759985988634,-0.00010457856738248765,-9.271400232372523e-05,0.0004779267875020274,-0.00010826775502462873
2163,2584,2457.0,0.00046988818325423287,-0.00010229824765722699,-0.00011417602759822287,0.00047552835507072837,-0.00010793841947372249
2165,2585,2457.0,0.00046299099735467447,-0.00011049485713618987,-9.58808755406465e-05,0.00046697094829203933,-0.00011447480807355473
2164,2585,2053.0,0.00046708549430118235,-9.159021967154024e-05,-0.00011348574519598822,0.00047279042697350544,-9.729515234386336e-05
2166,2585,1548.0,0.00047182440507305065,-0.00011104433748971893,-0.00011522543565176124,0.0004774644655751174,-0.00011668439799178567
2167,2585,1547.0,0.0004718244158513421,-9.396850992071459e-05,-0.00012292428772062505,0.0004784240735633829,-0.00010056816763275535
2168,2586,142.0,0.00047315365027399137,-0.00011749641237361079,-6.135170991853484e-06,0.00047316958158012906,-0.00011751234367974846
2169,2586,143.0,0.00047315365027399137,-0.00013855717762974794,2.382843518149852e-06,0.000473155970782896,-0.00013855949813865257
2170,2586,2437.0,0.00048269700943017954,-0.00013308344691696571,-2.3426930560241713e-05,0.0004829197441024489,-0.00013330618158923508
2171,2586,2451.0,0.0004804325447051831,-0.00011165452289328452,-2.649496445238271e-05,0.0004807287984635288,-0.0001119507766516302
2175,2587,2462.0,0.0004967161683933109,-0.00016456704747246738,-2.3233730400001873e-07,0.0004967161888008382,-0.00016456706787999466
2174,2587,2461.0,0.0004964206597054578,-0.00016491192168265192,-3.2941450374517067e-06,0.000496424761773209,-0.00016491602375040318
2173,2587,2460.0,0.0004991850117604044,-0.00016492766534606951,-3.1175514005644944e-06,0.0004991886704291539,-0.0001649313240148191
2172,2587,2463.0,0.0004998053541154582,-0.0001645279710969261,4.625962970218611e-07,0.0004998054346455551,-0.00016452805162702296
2177,2588,2459.0,0.0005009378002520676,-0.00016672993381247714,-3.240316817327421e-06,0.0005009417316953276,-0.00016673386525573698
2176,2588,2434.0,0.0005014158164717564,-0.00016597625225013668,-1.1656673897016828e-06,0.0005014163254602096,-0.00016597676123858993
2178,2588,2460.0,0.000499141449316523,-0.00016661081403139837,-3.6615147302951345e-06,0.0004991464836924758,-0.00016661584840735116
2179,2588,2463.0,0.0004997640029466774,-0.00016520137756727174,1.0962600866665229e-07,0.0004997640074649057,-0.00016520138208550009
2182,2589,2462.0,0.000499074900747994,-0.0001645117446414919,5.275619645063456e-07,0.000499075005603021,-0.00016451184949651892
2180,2589,2434.0,0.0004992811434729964,-0.00016514289537730527,6.257620429640787e-07,0.0004992812908103986,-0.00016514304271470756
2181,2589,2463.0,0.0004995852880824644,-0.00016459832955303228,-1.9532024359003586e-07,0.000499585302442197,-0.00016459834391276492
2183,2589,2435.0,0.0004989957245001841,-0.00016501640640777823,9.789004360560155e-07,0.0004989960852788125,-0.0001650167671864065
2187,2590,2434.0,0.0005014883552961428,-0.00016630057508189926,-9.621851291118783e-07,0.0005014887018875956,-0.0001663009216733521
2184,2590,147.0,0.0005026750567250111,-0.00016631667860266124,6.853048875824636e-07,0.0005026752322289229,-0.00016631685410657297
2185,2590,148.0,0.0005026750567250111,-0.0001685049027290466,-8.799480566180906e-07,0.0005026753451380659,-0.00016850519114210136
2186,2590,2459.0,0.0005009788682986994,-0.00016910685109718825,-3.6817981611189654e-06,0.0005009839256872536,-0.00016911190848574245
2188,2591,2435.0,0.0004982758119521091,-0.00016421967923758117,3.7921862347418955e-06,0.0004982812386149451,-0.00016422510590041717
2189,2591,2462.0,0.0004983683206816331,-0.00016412717902479745,3.383979234102691e-06,0.0004983726419339167,-0.00016413150027708105
2190,2591,2042.0,0.0004980081420815213,-0.00016412165128292097,3.4472130522322786e-06,0.0004980126288141164,-0.00016412613801551607
2191,2591,2043.0,0.0004978867620048337,-0.00016420586602169457,3.8277593609852e-06,0.0004978922943196034,-0.00016421139833646425
2195,2592,2042.0,0.0004963456559849561,-0.00016405161928136172,4.434123503184451e-06,0.0004963530989402754,-0.00016405906223668104
2194,2592,2041.0,0.000496191252687149,-0.0001625264310827033,4.120467287437729e-06,0.0004961976962991107,-0.00016253287469466504
2193,2592,2461.0,0.0004969343946327406,-0.00016211938461878795,2.242742680826082e-06,0.0004969363026258093,-0.0001621212926118566
2192,2592,2462.0,0.00049702105580764,-0.00016415056515279696,2.932564647104008e-06,0.0004970243075704355,-0.00016415381691559238
2197,2593,2465.0,0.0005021699402395496,-0.00016818447358511068,-5.228321640914774e-06,0.0005021801344483628,-0.0001681946677939238
2199,2593,2460.0,0.0005002676716153558,-0.0001666766294145682,-3.450953815844343e-06,0.0005002721356322574,-0.0001666810934314699
2198,2593,2464.0,0.0004998985772676039,-0.0001681269196223353,-6.343996064566565e-06,0.0004999136385859523,-0.00016814198094068373
2196,2593,2459.0,0.000502463745236565,-0.00016687250569878616,-2.6327824403510336e-06,0.0005024663341881413,-0.00016687509465036242
2200,2594,2465.0,0.0005057229104816693,-0.00016829856299327312,-2.9720159674187507e-06,0.0005057261866517637,-0.00016830183916336747
2203,2594,2464.0,0.0005021811600876801,-0.00016815166371715278,-5.9258185617534764e-06,0.0005021942560596965,-0.0001681647596891692
2202,2594,2458.0,0.0005020712967223964,-0.00016996628049824672,-8.082175659044136e-06,0.000502095595661862,-0.00016999057943771224
2201,2594,149.0,0.0005037447133299251,-0.0001700633370952336,-6.717935727673999e-06,0.0005037614575417737,-0.00017008008130708224
2207,2595,2459.0,0.000502562177176185,-0.00016879409476739868,-2.047824828365144e-06,0.0005025637387824991,-0.00016879565637371283
2206,2595,2465.0,0.0005016530467777253,-0.00017110950229245754,-9.869032633863517e-06,0.0005016892380632042,-0.00017114569357793645
2205,2595,149.0,0.0005062730298652229,-0.00016967340403663982,-3.772826095184423e-06,0.0005062782943747944,-0.00016967866854621127
2204,2595,148.0,0.0005062730298652229,-0.0001685049027290466,3.3398908624859835e-08,0.0005062730302785023,-0.0001685049031423259
2210,2596,2466.0,0.0004964507803289844,-0.00016679958491084418,-8.413119218848852e-06,0.0004964774586889826,-0.00016682626327084232
2211,2596,2461.0,0.0004973069125510376,-0.00016486602006632979,-4.256370398653814e-06,0.0004973137523435401,-0.00016487285985883226
2208,2596,2460.0,0.0005003192269088415,-0.0001649445148926051,-2.8373251243496433e-06,0.0005003222521666252,-0.00016494754015038886
2209,2596,2464.0,0.0004998836736129324,-0.00016660132445853518,-6.243805018926046e-06,0.0004998982966899295,-0.0001666159475355323
2213,2597,2466.0,0.0004949970988752054,-0.0001628183860626956,-1.3795072181188583e-05,0.0004950694151638376,-0.00016289070235132777
2214,2597,2040.0,0.00048728010488898604,-0.0001623148901398216,-5.0961864087612635e-06,0.0004872900998537388,-0.0001623248851045744
2215,2597,2041.0,0.0004903728701548026,-0.00016188634296040365,2.8409020882413927e-06,0.0004903759635133313,-0.00016188943631893245
2212,2597,2461.0,0.0004984481200633467,-0.00016199304895947664,1.3526889934643155e-06,0.0004984488126933946,-0.00016199374158952455
2216,2598,2464.0,0.000502194751803256,-0.00016655680128980843,-5.5859457464349505e-06,0.000502206416167065,-0.00016656846565361744
2217,2598,2458.0,0.0005018455668324914,-0.0001656099777293311,-1.2081454909334752e-05,0.0005019002332444528,-0.0001656646441412926
2218,2598,2040.0,0.000496152741851134,-0.00016535576164024182,-1.3015601354242345e-05,0.000496216758218776,-0.0001654197780078838
2219,2598,2466.0,0.0004902498314053247,-0.00016636531407424878,-5.1820955406615965e-06,0.000490260055695852,-0.0001663755383647761
2221,2599,2467.0,0.0005196940131047979,-0.0001712980325140834,-3.887067715558669e-05,0.0005202402336165665,-0.000171844253025852
2220,2599,2458.0,0.0005117625759711066,-0.00016124775933924458,5.109670193292892e-06,0.0005117722743189189,-0.00016125745768705686
2222,2599,2039.0,0.00047442525540335005,-0.00017590374972445628,-6.977465719311057e-05,0.00047629145388177195,-0.00017776994820287818
2223,2599,2040.0,0.0004706459511386804,-0.0001640379702250543,-1.662200776504641e-05,0.00047075476269551334,-0.00016414678178188722
2225,2600,2433.0,0.0005079052245244436,-0.00016216898121163475,-1.8946015929340032e-06,0.0005079065637447834,-0.00016217032043197455
2226,2600,2037.0,0.00047319143639582353,-0.00016276072271073806,1.1628310034468223e-05,0.0004732445875221122,-0.00016281387383702673
2227,2600,2038.0,0.0004716490591592168,-0.00017878307228724543,5.9371013771198494e-05,0.0004730010854528757,-0.00018013509858090437
2224,2600,2467.0,0.0005128813789044995,-0.00017422404872976272,3.194430283577285e-05,0.0005132524601234658,-0.0001745951299487289
2231,2601,2458.0,0.0005116692283844704,-0.00017102331350285081,7.343517808594546e-06,0.0005116889758149212,-0.0001710430609333017
2230,2601,2467.0,0.0005101358700695773,-0.00015898541501374914,1.4094983672951339e-05,0.0005102100892489782,-0.00015905963419315006
2229,2601,150.0,0.0005012434187096331,-0.00015901534075313568,1.9631541954921033e-06,0.0005012448779730743,-0.0001590168000165768
2228,2601,149.0,0.0005012434187096331,-0.00017008868788489305,-6.168173919044936e-06,0.0005012575866476031,-0.00017010285582286293
2809,2602,2039.0,0.0006414994394565311,-0.0001782696208272087,2.4482840172146414e-06,0.0006415012674351513,-0.00017827144880582893
2810,2602,2467.0,0.0006414994394565311,-0.0001782696208272087,2.4482840172146414e-06,0.0006415012674351513,-0.00017827144880582893
2811,2602,2038.0,0.0006414994394565311,-0.0001782696208272087,2.4482840172146414e-06,0.0006415012674351513,-0.00017827144880582893
2235,2603,2467.0,0.0005068307867391094,-0.00015904278249541344,-9.127709938445971e-06,0.0005068620656406498,-0.00015907406139695378
2234,2603,2433.0,0.0005075278544623071,-0.0001697361528797062,-5.648744070500117e-06,0.0005075396326441999,-0.00016974793106159903
2233,2603,151.0,0.0005016626300825121,-0.00016988478890222483,7.022872919211498e-06,0.0005016809904373563,-0.00016990314925706895
2232,2603,150.0,0.0005016626300825121,-0.00015901534075313568,1.9641901460257932e-06,0.0005016640899595532,-0.0001590168006301768
2239,2604,2035.0,0.0004977659700273543,-0.00016419430350116346,4.839956433289744e-07,0.0004977660584963156,-0.0001641943919701248
2238,2604,2034.0,0.0004977672658814034,-0.00016420817451858702,1.1759692804952371e-07,0.0004977672711040432,-0.00016420817974122686
2237,2604,2471.0,0.0004981319102230399,-0.00016420774419648296,1.4276803056087473e-07,0.0004981319179164908,-0.00016420775188993381
2236,2604,2472.0,0.0004981321760328793,-0.00016419389143701823,5.087435159464859e-07,0.0004981322737264246,-0.00016419398913056362
2243,2605,2472.0,0.0004981324597659077,-0.0001649781465655403,8.98815857181337e-07,0.0004981327643416324,-0.000164978451141265
2240,2605,153.0,0.0004985155917638841,-0.00016499045321003377,3.126000506052662e-07,0.0004985156285829858,-0.0001649904900291355
2242,2605,2471.0,0.0004981321802726268,-0.00016438140096293883,5.144445822703736e-07,0.0004981322801397071,-0.00016438150083001923
2241,2605,154.0,0.0004985155917638841,-0.00016439643363097767,-7.044680986126317e-08,0.0004985155936354571,-0.0001643964355025507
2244,2606,152.0,0.0005001013556980554,-0.00016672261400184452,2.077265987948315e-06,0.000500102973450158,-0.00016672423175394713
2247,2606,2469.0,0.0004983522332162697,-0.00016671002319520995,3.8141442795201763e-06,0.0004983577017182132,-0.00016671549169715346
2246,2606,2472.0,0.000498340194128059,-0.00016495396714588136,2.0704751229738e-06,0.000498341809873019,-0.0001649555828908414
2245,2606,153.0,0.0005001013556980554,-0.00016499045321003377,3.454459315561237e-07,0.000500101400553849,-0.00016499049806582736
2251,2607,2036.0,0.0004964082494559423,-0.00016386314349068826,3.260227660433629e-06,0.0004964122739448591,-0.00016386716797960505
2250,2607,2035.0,0.0004964226176393562,-0.00016416801755132264,1.328323694760325e-06,0.000496423285391047,-0.00016416868530301346
2249,2607,2472.0,0.0004983375278095874,-0.00016415904496501677,1.6870856055662548e-06,0.000498338601872965,-0.00016416011902839426
2248,2607,2469.0,0.0004983505826478118,-0.00016385895121948078,3.592985067956203e-06,0.0004983554562739185,-0.00016386382484558754
2254,2608,2033.0,0.0004982142824497895,-0.0001642816280861216,-2.98150641842021e-07,0.0004982143159948271,-0.0001642816616311591
2253,2608,2470.0,0.000498135763884482,-0.0001642800704976961,-2.4306911259458497e-07,0.0004981357861826324,-0.0001642800927958465
2252,2608,2471.0,0.000498135790596094,-0.00016422225126242447,-3.224309153334465e-07,0.0004981358298353281,-0.0001642222905016586
2255,2608,2034.0,0.000498214415841582,-0.0001642240375743871,-3.772763203079704e-07,0.0004982144695588026,-0.00016422409129160777
2256,2609,154.0,0.0004981802566011058,-0.00016439643363097767,-7.892496159574158e-08,0.0004981802589514562,-0.00016439643598132808
2257,2609,155.0,0.0004981802566011058,-0.00016426631157015874,-1.237480499755722e-07,0.0004981802623802812,-0.00016426631734933414
2259,2609,2471.0,0.0004981356654350285,-0.000164393160826391,4.9396443947344326e-08,0.0004981356663557464,-0.00016439316174710896
2258,2609,2470.0,0.0004981356805073365,-0.00016426319362960649,4.5829463904412115e-09,0.0004981356805152635,-0.00016426319363753352
2263,2610,2033.0,0.0004983582932257761,-0.0001642858298218936,-4.4858367913118424e-07,0.0004983583691440885,-0.000164285905740206
2262,2610,2032.0,0.0004983581856874281,-0.0001643416555383203,-3.16870126028726e-07,0.0004983582235653122,-0.00016434169341620437
2261,2610,2468.0,0.0004982276096591378,-0.0001643404749781095,-2.6429179022895155e-07,0.0004982276360149755,-0.0001643405013339472
2260,2610,2470.0,0.0004982276559973593,-0.00016428432205513552,-3.9675112943268753e-07,0.0004982277153968305,-0.00016428438145460667
2267,2611,2470.0,0.0004982275694470194,-0.00016426695679070836,-1.493868993628772e-07,0.0004982275778683892,-0.00016426696521207806
2265,2611,156.0,0.0004981960804186104,-0.00016429330619716133,-9.162399621821804e-08,0.0004981960835865693,-0.0001642933093651202
2264,2611,155.0,0.0004981960804186104,-0.00016426631157015874,-1.233667841060021e-07,0.0004981960861620924,-0.00016426631731364074
2266,2611,2468.0,0.0004982275583893508,-0.0001642938334087475,-1.177734737269065e-07,0.0004982275636233671,-0.00016429383864276383
2269,2612,152.0,0.0005045695211576828,-0.00016672261400184452,2.1094231075109715e-06,0.0005045711782808,-0.0001667242711249617
2268,2612,151.0,0.0005045695211576828,-0.00016988478890222483,6.988588392911957e-06,0.0005045876243323892,-0.0001699028920769312
2270,2612,2469.0,0.0004994094187880556,-0.00016669854563802848,5.416535686140686e-06,0.0004994204299061578,-0.00016670955675613067
2271,2612,2433.0,0.0004995798814899192,-0.0001699229287482345,1.0281210397091248e-05,0.0004996193499785374,-0.00016996239723685266
2275,2613,2037.0,0.0004909581735433339,-0.0001628746953939398,1.3004461704869269e-05,0.0004910228304725712,-0.00016293935232317705
2274,2613,2036.0,0.0004910959375155292,-0.00016384866192946818,4.245072419712531e-06,0.0004911028161319047,-0.00016385554054584365
2273,2613,2469.0,0.0004994014037251644,-0.0001638360385320654,5.280684364715807e-06,0.000499411914736628,-0.00016384654954352892
2272,2613,2433.0,0.0004996831344713203,-0.00016292334731651586,1.3534593502955924e-05,0.0004997522426533865,-0.0001629924554985822
2278,2614,2031.0,0.000498407063565914,-0.00016438574676674717,-2.3696405528420006e-07,0.0004984070847459724,-0.0001643857679468055
2277,2614,2432.0,0.0004983148015415238,-0.00016438511882172342,-1.9492308421867333e-07,0.0004983148158749374,-0.00016438513315513697
2276,2614,2468.0,0.0004983148227514188,-0.00016434103509919282,-2.886991087823476e-07,0.0004983148541957841,-0.00016434106654355808
2279,2614,2032.0,0.0004984071014069499,-0.00016434196023260616,-3.30115779375445e-07,0.0004984071425146734,-0.00016434200134032975
2283,2615,2468.0,0.0004983147896373344,-0.00016429435061309134,-1.4231679325640845e-07,0.0004983147972791205,-0.00016429435825487747
2282,2615,2432.0,0.0004983147825805539,-0.00016434756276124658,-1.111076870126404e-07,0.0004983147872378722,-0.00016434756741856495
2281,2615,157.0,0.0004982836989342251,-0.00016434683446357628,-5.851598682340975e-08,0.0004982837002260917,-0.00016434683575544277
2280,2615,156.0,0.0004982836989342251,-0.00016429330619716133,-8.98983894097316e-08,0.0004982837019835765,-0.00016429330924651266
2287,2616,2031.0,0.0004984229497721378,-0.00016438517418773573,-1.971819901178118e-07,0.0004984229644372931,-0.00016438518885289103
2286,2616,2030.0,0.0004984229393001326,-0.00016440827426135313,-1.4893998934867314e-07,0.0004984229476669383,-0.0001644082826281589
2285,2616,2431.0,0.0004983751820883571,-0.00016440810678116714,-1.2641940124943907e-07,0.0004983751881166718,-0.0001644081128094818
2284,2616,2432.0,0.0004983751887841191,-0.00016438484307756493,-1.750012815979196e-07,0.0004983752003363576,-0.00016438485462980356
2291,2617,2432.0,0.0004983751772365333,-0.00016434730106591123,-9.122714597631365e-08,0.0004983751803760044,-0.0001643473042053823
2290,2617,2431.0,0.0004983751748029348,-0.00016438138054662707,-7.356637598057714e-08,0.0004983751768444128,-0.0001643813825881051
2289,2617,158.0,0.0004983575790435922,-0.0001643811425096018,-3.972663463816528e-08,0.000498357579638927,-0.0001643811431049365
2288,2617,157.0,0.0004983575790435922,-0.00016434683446357628,-5.750112362992721e-08,0.0004983575802908976,-0.00016434683571088168
2293,2618,160.0,0.0004984033559348212,-0.0001644064842853135,-5.494146161286184e-08,0.0004984033570733696,-0.00016440648542386188
2292,2618,2431.0,0.0004984033581595694,-0.0001644077525663471,-7.784313693984246e-08,0.0004984033604451203,-0.00016440775485189793
2294,2618,161.0,0.0004984258622781519,-0.0001644064842853135,-5.369508053465477e-08,0.000498425863365592,-0.00016440648537275357
2295,2618,2030.0,0.0004984258655674097,-0.00016440774343861968,-7.643187430877996e-08,0.0004984258677707648,-0.00016440774564197485
2296,2619,158.0,0.0004983945322481372,-0.0001643811425096018,-3.946764061055208e-08,0.000498394532835702,-0.00016438114309716661
2299,2619,2431.0,0.0004984033530257836,-0.00016438104152853464,-2.4997864327136465e-08,0.0004984033532614912,-0.0001643810417642422
2298,2619,160.0,0.0004984033521661692,-0.0001643665875918577,-1.615033949978195e-08,0.0004984033522645568,-0.0001643665876902454
2297,2619,159.0,0.0004983945322481372,-0.0001643665875918577,-3.0556889477062477e-08,0.0004983945326003468,-0.00016436658794406742
2302,2620,2486.0,0.0005013718365086545,-0.00015844706108495928,-2.2999767223110673e-05,0.0005015722053914983,-0.00015864742996780316
2301,2620,2484.0,0.000499655871408676,-0.00015831139062717043,-2.2361316490363686e-05,0.0004998458064566394,-0.0001585013256751338
2300,2620,2483.0,0.0004997387631102204,-0.00015738908361470584,-2.416755402079654e-05,0.0004999608938956964,-0.00015761121440018185
2303,2620,2485.0,0.000501348051103797,-0.00015735653166295985,-2.5071728139876293e-05,0.0005015865358769453,-0.00015759501643610824
2307,2621,2481.0,0.0004984018168711704,-0.00016278988134450475,-1.2772058187542762e-05,0.0004984634897024513,-0.0001628515541757856
2306,2621,2480.0,0.0004982088676204199,-0.00016003921503370813,-1.5847507333721297e-05,0.0004983042370996327,-0.0001601345845129209
2305,2621,2486.0,0.0005013872102683226,-0.00015741169215743,-2.1640691732105477e-05,0.0005015648795356233,-0.00015758936142473066
2304,2621,2485.0,0.0005014520072681994,-0.00016223354686537754,-1.6017308081806708e-05,0.0005015486331516258,-0.000162330172748804
2309,2622,2482.0,0.0004985990976865522,-0.00016266718385400122,-9.541836255372305e-06,0.0004986335172172501,-0.00016270160338469918
2310,2622,2480.0,0.0005002230181973943,-0.00016449113008485717,-1.3235514476926669e-05,0.000500288896697203,-0.00016455700858466593
2311,2622,2486.0,0.0005025830614547033,-0.00015830639485533645,-2.1885901567968852e-05,0.000502764204243422,-0.00015848753764405516
2308,2622,2484.0,0.0004989013958222131,-0.00015680874970612686,-1.2531961933279212e-05,0.0004989612682110103,-0.00015686862209492408
2312,2623,1018.0,0.0005002948065060304,-0.0001540951448916161,-3.850021615964955e-05,0.0005008605953651977,-0.00015466093375078333
2313,2623,2483.0,0.0005001950702152938,-0.00015698692255491388,-3.458708020393983e-05,0.0005006498296676019,-0.00015744168200722204
2314,2623,2485.0,0.0005034857583286791,-0.00015689106287958006,-3.7193713622183516e-05,0.0005040090493326624,-0.00015741435388356344
2315,2623,1019.0,0.0005034609438143711,-0.0001540951448916161,-4.088577964296916e-05,0.0005040958837118961,-0.00015473008478914104
2318,2624,2481.0,0.0005032147767002233,-0.00015981491666720794,-2.7656191199584845e-05,0.000503503049048931,-0.00016010318901591564
2316,2624,1019.0,0.0005035472721955127,-0.000160681248646548,-2.802027476365293e-05,0.0005038426475019468,-0.00016097662395298212
2317,2624,2485.0,0.0005035442264635093,-0.00015965555705120364,-2.8468874591729143e-05,0.0005038496034480341,-0.00015996093403572843
2319,2624,1020.0,0.0005032256748828921,-0.000160681248646548,-2.7296038770035363e-05,0.0005035061204947601,-0.000160961694258416
2320,2625,2050.0,0.0004980214192210793,-0.00015657827567726627,-1.6329349123194586e-05,0.0004981232395302558,-0.00015668009598644283
2321,2625,2049.0,0.000498049772871708,-0.00015830336805037083,-1.4555091715121038e-05,0.0004981304552982148,-0.00015838405047687764
2322,2625,2482.0,0.0004994382694262674,-0.00015796667065055196,-1.6236356812856373e-05,0.000499538504106037,-0.00015806690533032162
2323,2625,2484.0,0.0004996623894887066,-0.00015642147442968056,-1.8064537087088273e-05,0.0004997867126481082,-0.00015654579758908214
2324,2626,2051.0,0.0004970207894334083,-0.0001523872061620651,-2.8476999042115897e-05,0.0004973328236317007,-0.00015269924036035744
2325,2626,2050.0,0.0004969684345096821,-0.0001557046059897279,-2.4980130513600762e-05,0.0004972073667649155,-0.00015594353824496126
2326,2626,2484.0,0.0004999200587308371,-0.00015542111921047178,-2.8115729705558562e-05,0.0005002214783837763,-0.00015572253886341093
2327,2626,2483.0,0.0005000777141992152,-0.00015219380687716904,-3.162036249958894e-05,0.0005004607067717386,-0.0001525767994496924
2331,2627,1018.0,0.0005005348954967882,-0.00014659478211891987,-4.7934076883422716e-05,0.0005014213224353002,-0.00014748120905743188
2330,2627,2483.0,0.0005003824572878852,-0.00015151682989788542,-4.194013942281777e-05,0.0005010563186391945,-0.00015219069124919468
2328,2627,26.0,0.0004950767340553587,-0.00014659478211891987,-4.335426213328622e-05,0.0004958082032763358,-0.00014732625133989695
2329,2627,2051.0,0.0004948543812503467,-0.00015182170565366333,-3.6938314168035585e-05,0.000495381433334685,-0.0001523487577380017
2335,2628,2487.0,0.0004987317397434146,-0.0001592234625141702,-6.089425743295573e-06,0.0004987458289670164,-0.00015923755173777196
2333,2628,2047.0,0.0004988071351556232,-0.0001614363759291571,-4.095074896185574e-06,0.0004988134848875204,-0.00016144272566105428
2332,2628,2048.0,0.0004988041841853252,-0.00015951284274970542,-4.106381371795503e-06,0.0004988105877125242,-0.00015951924627690436
2334,2628,2477.0,0.0004987470003551715,-0.00016147583227935157,-5.751326432362064e-06,0.0004987595253416592,-0.00016148835726583925
2337,2629,2048.0,0.0004990350942197207,-0.0001587340711631123,-9.504910398139277e-06,0.000499069429443535,-0.0001587684063869266
2338,2629,2487.0,0.0004978817335403798,-0.00015895368900724772,-7.824529092981258e-06,0.000497905035071319,-0.0001589769905381868
2339,2629,2482.0,0.0004985175530443347,-0.00016003523995001612,-7.834100827764506e-06,0.0004985408507075244,-0.00016005853761320578
2336,2629,2049.0,0.0004992017134644589,-0.0001598079835848835,-8.9048148152783e-06,0.0004992317934875671,-0.00015983806360799182
2342,2630,2478.0,0.0004989939814093918,-0.00016358183799173903,-5.562155878907626e-06,0.0004990056544255501,-0.00016359351100789736
2341,2630,2477.0,0.0004982656619539616,-0.0001629443029226293,-2.8959039554757315e-06,0.0004982688327393207,-0.00016294747370798845
2340,2630,2487.0,0.0004985477182470142,-0.00015706547110682593,-5.504789505707264e-06,0.000498559273144754,-0.00015707702600456578
2343,2630,2482.0,0.0004992360386467179,-0.00016053405804126157,-7.28709100502635e-06,0.0004992561593206527,-0.00016055417871519635
2346,2631,2479.0,0.0004971812659152579,-0.00016357125710606175,-6.1530575538003285e-06,0.0004971955902254943,-0.00016358558141629814
2347,2631,2480.0,0.0004970771233096666,-0.00016070723016316658,-5.479664616539828e-06,0.0004970885351816684,-0.00016071864203516837
2345,2631,2478.0,0.0004982396467321827,-0.00016367398676578944,-3.0896219353204746e-06,0.00049824325207857,-0.00016367759211217682
2344,2631,2482.0,0.0004978299362503411,-0.0001597876185229824,-2.9616054952816273e-06,0.0004978332706589853,-0.0001597909529316265
2351,2632,1021.0,0.0004997419898903725,-0.00016507330343919213,-1.0247038656381602e-05,0.000499781472874088,-0.00016511278642290762
2350,2632,2488.0,0.0004996902169661505,-0.00016076644441356163,-1.540335091898548e-05,0.0004997800150477748,-0.00016085624249518595
2349,2632,2481.0,0.0005034795741309123,-0.0001609334025551685,-1.8340789140352393e-05,0.0005036061221140659,-0.00016105995053832206
2348,2632,1020.0,0.0005036211545489493,-0.00016507330343919213,-1.3460420966497633e-05,0.0005036888852519028,-0.0001651410341421457
2354,2633,66.0,0.0004898284685077442,-0.0001599702271540594,-7.312672558134822e-06,0.000489849041604955,-0.0001599908002512702
2353,2633,2488.0,0.0004996163186316051,-0.00015591096476152066,-2.2776103170522866e-05,0.0004998140962164898,-0.00015610874234640534
2355,2633,30.0,0.0004898284685077442,-0.00016431770939903147,5.76342942154931e-06,0.0004898411630992623,-0.00016433040399054953
2352,2633,1021.0,0.0004998681063604314,-0.00016431770939903147,2.425496803834526e-06,0.0004998703207313921,-0.00016431992376999215
2359,2634,2488.0,0.0004939133149635816,-0.0001605654071392404,-1.1930903752330191e-05,0.0004939676844317492,-0.00016061977660740802
2356,2634,2481.0,0.0004988824356228754,-0.0001601867911143575,-4.548224467559175e-06,0.000498890282332555,-0.00016019463782403713
2357,2634,2480.0,0.0004986976799448168,-0.0001646301002835482,-7.914628131563614e-06,0.0004987212878468962,-0.0001646537081856276
2358,2634,66.0,0.000496537303047777,-0.00016525422894176722,-1.1445102449313474e-05,0.0004965867825933901,-0.00016530370848738025
2360,2635,2480.0,0.0004959147846284855,-0.00016180041711849873,5.5553421132864544e-06,0.0004959265151143769,-0.00016181214760439008
2361,2635,2479.0,0.0004970157533132468,-0.00016249243076537072,-4.713131978544352e-06,0.0004970241737278717,-0.00016250085117999557
2362,2635,65.0,0.00048827831458630143,-0.00016252396350586117,-5.769028398758258e-06,0.0004882910992046103,-0.00016253674812417005
2363,2635,66.0,0.00048827831458630143,-0.00016190346518249764,3.5043174126322962e-06,0.0004882830364009264,-0.00016190818699712262
2366,2636,2490.0,0.0004979288765479747,-0.00016279276033181501,-2.5201805205210537e-07,0.0004979289005796897,-0.00016279278436353
2364,2636,2477.0,0.0004984023468830555,-0.00016207958319582722,9.737686815815272e-07,0.0004984027057970873,-0.00016207994210985907
2365,2636,2489.0,0.0004985023057383041,-0.00016274132538234985,3.1252725611261023e-07,0.000498502342666176,-0.00016274136231022175
2367,2636,2478.0,0.0004978835064973867,-0.00016218276979137688,3.9880617718618394e-07,0.0004978835667361682,-0.00016218283003015824
2368,2637,2478.0,0.0004977054138828249,-0.0001638826700230318,3.222381560454013e-06,0.0004977093376541223,-0.00016388659379432916
2369,2637,2490.0,0.0004980670465561665,-0.00016036896021535615,-2.5152017250271164e-06,0.0004980694485423028,-0.0001603713622014924
2371,2637,2479.0,0.0004957141460280598,-0.00016392479444645933,4.558955012244625e-06,0.000495722022997316,-0.00016393267141571544
2370,2637,2476.0,0.0004954207659357487,-0.00016247695545532797,2.47703371983668e-06,0.0004954230974814074,-0.00016247928700098666
2375,2638,2490.0,0.0004964981660170037,-0.00016262532023112938,1.2507959554555748e-06,0.0004964987594145788,-0.0001626259136287045
2374,2638,2476.0,0.0004973028537036293,-0.0001643021824454528,1.5893440064029818e-06,0.000497303808204649,-0.00016430313694647242
2373,2638,2475.0,0.0004980972601360718,-0.00016423164373896852,2.957600905621749e-06,0.0004981005618791559,-0.00016423494548205254
2372,2638,2489.0,0.0004978300741834366,-0.00016239946326607213,3.6092844160166837e-06,0.0004978350068757546,-0.0001624043959583901
2379,2639,65.0,0.0004896807297109715,-0.0001619232199708394,5.444828711016758e-06,0.0004896921038141464,-0.0001619345940740143
2377,2639,2476.0,0.0004949641204217304,-0.0001624641328289172,-1.0531832242664796e-06,0.0004949645422145977,-0.0001624645546217846
2376,2639,2479.0,0.0004959011046755044,-0.00016189696299489208,6.267149972229852e-06,0.0004959160318543081,-0.00016191189017369592
2378,2639,64.0,0.0004896807297109715,-0.00016245125393667592,-1.302115737115972e-06,0.0004896813796958462,-0.0001624519039215507
2381,2640,2045.0,0.0004990599548492444,-0.00016354464590217902,1.894471924706459e-06,0.000499061308981307,-0.00016354600003424163
2380,2640,2046.0,0.0004990110824149435,-0.00016266794645593014,2.495048571492242e-06,0.0004990134344787742,-0.00016267029851976084
2382,2640,2475.0,0.0004985015049417257,-0.00016357319472282822,1.1365944462132793e-06,0.0004985019927439269,-0.00016357368252502936
2383,2640,2489.0,0.0004983366732344424,-0.0001626804644422195,1.5964582477899503e-06,0.000498337637156206,-0.00016268142836398303
2384,2641,2047.0,0.0004989988123368753,-0.00016135153808441351,-5.323659132625003e-07,0.0004989989196334866,-0.00016135164538102483
2387,2641,2477.0,0.0004987507479479077,-0.00016137999704915246,-1.7318628416466975e-06,0.0004987518838379431,-0.00016138113293918786
2386,2641,2489.0,0.0004987881350253555,-0.00016272882906384297,-1.8323020701052628e-06,0.0004987894038229144,-0.00016273009786140185
2385,2641,2046.0,0.0004990200161242506,-0.00016271312038786275,-7.133222914117165e-07,0.0004990202083575375,-0.00016271331262114966
2390,2642,2491.0,0.0004977084425284613,-0.0001641362358053742,3.889265658120478e-06,0.0004977141562016502,-0.00016414194947856307
2389,2642,2043.0,0.0004984765666750934,-0.00016407701682391574,4.318891245646411e-06,0.0004984836048316719,-0.00016408405498049422
2388,2642,2044.0,0.0004983666945938998,-0.00016386994752596348,5.132587792822801e-06,0.0004983766393252032,-0.0001638798922572668
2391,2642,2492.0,0.0004975811386028796,-0.00016388604045628082,4.873772257552034e-06,0.000497590116120732,-0.00016389501797413325
2394,2643,2492.0,0.0004978937725750587,-0.00016406857690429936,2.7052701019117387e-06,0.0004978965364995376,-0.00016407134082877819
2393,2643,2044.0,0.0004989246613735232,-0.00016402212894437514,3.349429190009634e-06,0.0004989288919560041,-0.00016402635952685604
2395,2643,2475.0,0.0004979488782346393,-0.00016346733565922506,3.84507790828284e-06,0.0004979544664326977,-0.00016347292385728338
2392,2643,2045.0,0.0004989172970384856,-0.0001634469940830004,4.407203013336719e-06,0.0004989246280584717,-0.00016345432510298658
2399,2644,2495.0,0.00049659502975841,-0.0001633638978127893,5.077672535970523e-06,0.0004966047964180288,-0.00016337366447240816
2398,2644,2493.0,0.0004968082100697928,-0.00016401307781113554,4.202327201548867e-06,0.0004968148909136526,-0.00016401975865499533
2397,2644,2491.0,0.0004975914335397513,-0.00016395202606885192,4.799889773608734e-06,0.0004976001399362468,-0.00016396073246534743
2396,2644,2492.0,0.00049746630156099,-0.0001633115417397613,5.71815506213158e-06,0.0004974786720897259,-0.00016332391226849728
2402,2645,2495.0,0.0004955116207963142,-0.0001634355151515709,4.2117178771540476e-06,0.0004955183506177776,-0.00016344224497303418
2401,2645,2492.0,0.0004979401805980666,-0.00016350777884965493,3.667879084883613e-06,0.0004979452653645133,-0.0001635128636161017
2400,2645,2475.0,0.0004980322200148143,-0.00016409660937396727,5.492537022946248e-06,0.0004980436103374569,-0.00016410799969660982
2403,2645,2476.0,0.0004966082955306615,-0.0001640725503550335,5.86905390816822e-06,0.0004966213294768007,-0.00016408558430117272
2406,2646,2494.0,0.0004958670372335727,-0.00016387346384727562,3.5045404903066846e-06,0.0004958716912291169,-0.00016387811784281987
2407,2646,2476.0,0.0004955435251957647,-0.00016323959344144434,4.377194437096485e-06,0.000495550796033138,-0.00016324686427881776
2405,2646,2493.0,0.0004967892680031068,-0.00016376267957366906,4.239513130496059e-06,0.0004967960703774546,-0.0001637694819480169
2404,2646,2495.0,0.000496309174576999,-0.00016240631474908826,6.233085392728932e-06,0.0004963239193661027,-0.00016242105953819197
2411,2647,64.0,0.0004924942323185199,-0.0001626403321396987,4.6808362620456845e-06,0.000492502593176611,-0.0001626486929977899
2410,2647,63.0,0.0004924942323185199,-0.0001631964031999733,7.475493833484365e-07,0.0004924944453877132,-0.00016319661626916656
2409,2647,2494.0,0.0004968739658725019,-0.00016338389919503594,4.051178943698108e-08,0.0004968739664939277,-0.00016338389981646176
2408,2647,2476.0,0.0004953031281281148,-0.0001626527007628193,4.990458146801602e-06,0.0004953125908888527,-0.0001626621635235572
2415,2648,61.0,0.0004982357355332329,-0.000164883036611239,-1.3820524526024502e-06,0.0004982364556406208,-0.0001648837567186269
2414,2648,60.0,0.0004982357355332329,-0.0001634904197732233,-2.1957114198483535e-06,0.0004982375569571446,-0.00016349224119713496
2412,2648,2500.0,0.0004989543357568696,-0.00016515897116401194,-2.450752397950562e-06,0.0004989565967290581,-0.00016516123213620055
2413,2648,2497.0,0.0004989422571557017,-0.00016324091801451775,-3.5507329370146334e-06,0.0004989470170220943,-0.00016324567788091027
2417,2649,2496.0,0.0005154035446899123,-0.00016345007268660835,-1.813020366429538e-05,0.000515524574350719,-0.00016357110234741494
2418,2649,2497.0,0.0004988593641900539,-0.00016345238734062444,-1.1243828648897086e-05,0.00049890708136202,-0.0001635001045125905
2419,2649,2500.0,0.0004990519511010542,-0.000170883876051417,6.544303577188382e-06,0.0004990679328137474,-0.00017089985776411025
2416,2649,2499.0,0.0005155829193892389,-0.00017101624581725898,-1.2741941689264902e-08,0.0005155829194483552,-0.00017101624587637538
2422,2650,2500.0,0.0005024571392460396,-0.00017088724386895898,6.434938152954234e-06,0.0005024725130594455,-0.00017090261768236496
2420,2650,2498.0,0.0004972468100739903,-0.00016519963767854245,8.401549709359524e-06,0.0004972734473967393,-0.00016522627500129147
2421,2650,2499.0,0.0004981796682995039,-0.00017078426647743538,1.1701252703669868e-05,0.0004982308328079661,-0.00017083543098589767
2423,2650,2501.0,0.0005021537087021126,-0.0001646387809054521,1.8172956605423674e-06,0.0005021549469274363,-0.00016464001913077576
2424,2651,2474.0,0.0004965958091357504,-0.00016421330568431176,4.302810651356237e-06,0.0004966028134214232,-0.00016422030996998446
2425,2651,2498.0,0.0004973159520623386,-0.00016498072206573545,6.000312645523115e-06,0.0004973295422759373,-0.00016499431227933413
2426,2651,2501.0,0.0005005227505767915,-0.0001648669398512737,4.462417120510223e-06,0.000500530232261187,-0.00016487442153566913
2427,2651,62.0,0.0004984538568074178,-0.00016413062461620497,3.368576566587997e-06,0.0004984581382368357,-0.00016413490604562288
2428,2652,2501.0,0.0005022594506734861,-0.00016730386621309273,3.3968835877681847e-06,0.0005022637589829364,-0.00016730817452254297
2429,2652,2500.0,0.000501943943056346,-0.00016513367826166258,-1.6672909946280345e-06,0.0005019449848597398,-0.0001651347200650564
2430,2652,61.0,0.0004990204479001122,-0.00016485973281802854,-1.1021291713569914e-06,0.0004990209053199557,-0.00016486019023787202
2431,2652,62.0,0.0004990204479001122,-0.00016606349212659565,1.7799603569800676e-06,0.0004990216388224186,-0.00016606468304890208
2432,2653,2040.0,0.00046819308898798755,-0.00016048008107457772,1.8165446011254513e-05,0.00046832428377894,-0.00016061127586553022
2433,2653,2039.0,0.00046494867412745673,-0.00017592173259312516,6.558952458028677e-05,0.00046662248334864884,-0.00017759554181431727
2434,2653,2496.0,0.0005161089856327607,-0.00017749908137527454,5.327663100268901e-05,0.0005171305370235362,-0.00017852063276605008
2435,2653,2499.0,0.0005155787684029134,-0.0001595813107335506,-3.209832050397876e-07,0.0005155788065532037,-0.00015958134888384095
2439,2654,2498.0,0.0004972056001498366,-0.00016486976279375502,8.273153651667392e-06,0.0004972314440354232,-0.0001648956066793416
2438,2654,2499.0,0.0004983663713821612,-0.00016038441971756524,1.4767352249360488e-05,0.0004984491216820297,-0.00016046717001743364
2436,2654,2041.0,0.0004913963157060844,-0.00016411045100370034,4.5252494903745555e-06,0.0004914041255564228,-0.0001641182608540387
2437,2654,2040.0,0.0004933484751279502,-0.0001601538815030064,1.100302981105021e-05,0.000493394786394031,-0.00016020019276908717
2443,2655,2474.0,0.0004971262943946741,-0.0001638589196637745,5.888258849201522e-06,0.0004971394077380964,-0.00016387203300719682
2441,2655,2041.0,0.0004969025074362549,-0.00016460866783989754,6.709997203278861e-06,0.0004969195226077617,-0.00016462568301140427
2440,2655,2042.0,0.0004968348192348621,-0.00016403005244428233,6.551653829333162e-06,0.000496851056712112,-0.0001640462899215323
2442,2655,2498.0,0.0004972441157893234,-0.00016449916543930106,5.978506555865196e-06,0.0004972576186885365,-0.0001645126683385141
2445,2656,2503.0,0.000489507847377408,-0.00015933006155819968,1.759851536831114e-06,0.0004895090406922917,-0.0001593312548730835
2446,2656,2504.0,0.0005017325726574193,-0.00015892356011505443,7.423596442616975e-06,0.0005017534261854237,-0.00015894441364305888
2447,2656,2497.0,0.0005019920019194782,-0.00016345463011043795,-4.5777641106206635e-06,0.0005019998747057095,-0.0001634625028966693
2444,2656,2496.0,0.0004904950451406313,-0.0001634531816790013,-8.879672329598076e-06,0.0004905251870323411,-0.00016348332357071115
2450,2657,59.0,0.0004969784660597155,-0.00016398640069091412,-1.6898804547707535e-07,0.0004969784768609549,-0.00016398641149215353
2449,2657,2504.0,0.0005020092397949351,-0.00016321829723659398,-5.386722584189985e-06,0.0005020201444489586,-0.00016322920189061754
2448,2657,2497.0,0.0005018398847141392,-0.00016462122471101596,2.541258755451095e-06,0.0005018423072007994,-0.00016462364719767612
2451,2657,60.0,0.0004969784660597155,-0.0001647993992460264,4.407855741690725e-06,0.0004969858057494263,-0.00016480673893573723
2454,2658,59.0,0.0005008503533012543,-0.00016863872884310613,1.915646458201109e-06,0.0005008517236349682,-0.0001686400991768201
2455,2658,2504.0,0.0004883777682675727,-0.00015931825156013555,1.7925274110180967e-06,0.0004883790084899411,-0.00015931949178250388
2453,2658,2502.0,0.0005104243858075272,-0.00016679784837875152,1.2356736503045876e-05,0.0005104807470073517,-0.00016685420957857606
2452,2658,2503.0,0.0005076632260277592,-0.0001578295595419043,2.0271653059626e-05,0.0005078175645289371,-0.00015798389804308217
2459,2659,2503.0,0.000523943175461495,-0.0001779145512232606,-3.5172759843403456e-05,0.0005243835593299732,-0.00017835493509173886
2458,2659,2502.0,0.0005128691433128156,-0.00016276524674141646,2.14390382445237e-06,0.0005128708440521896,-0.00016276694748079047
2457,2659,2037.0,0.0004740475885839611,-0.00016367375467685072,-1.4552671149577895e-05,0.00047413060002627337,-0.00016375676611916296
2456,2659,2038.0,0.00047528491515809283,-0.00017754460281608364,-5.197991962981388e-05,0.0004763179732285922,-0.00017857766088658303
2462,2660,2503.0,0.0004947627486883086,-0.00017748583214169253,-5.521485722548465e-05,0.0004958946053212088,-0.00017861768877459284
2461,2660,2038.0,0.0006452501132677806,-0.00017751173418203942,-5.7091969042966095e-05,0.0006462393359369336,-0.00017850095685119244
2463,2660,2496.0,0.000484343892949244,-0.00017652264207548222,6.0890002425978765e-05,0.00048574347850865833,-0.00017792222763489656
2460,2660,2039.0,0.0006368383218234262,-0.00017640567117079323,7.626453090521165e-05,0.0006386223949480148,-0.00017818974429538182
2466,2661,58.0,0.0005017268623107272,-0.0001643634645747045,3.0144500976526933e-06,0.0005017302728327307,-0.00016436687509670798
2467,2661,59.0,0.0005017268623107272,-0.00016858619780346038,2.3470198687418342e-06,0.0005017289167557728,-0.00016858825224850592
2465,2661,2473.0,0.0005009463911197169,-0.00016497396299620639,-2.0199699431976137e-06,0.0005009479229354814,-0.00016497549481197092
2464,2661,2502.0,0.0005009922690033166,-0.00016961408392497787,-2.463108345868159e-06,0.0005009945307184926,-0.00016961634564015385
2471,2662,2502.0,0.0005014786562630123,-0.00016353438177301425,-1.0618781009370457e-05,0.0005015210431475861,-0.000163576768657588
2470,2662,2473.0,0.0005008869341348015,-0.00016359817329904833,-1.1555566996040295e-06,0.0005008874365201301,-0.00016359867568437704
2469,2662,2036.0,0.0004911894134268582,-0.00016359397469747916,-1.7127417444636611e-06,0.0004911905334458289,-0.00016359509471644985
2468,2662,2037.0,0.0004913383250637719,-0.00016353001132785098,-1.1198461390596326e-05,0.000491386195896763,-0.00016357788216084205
2473,2663,2033.0,0.000498214504141288,-0.00016439026631909394,-4.29309236386205e-07,0.0004982145736798763,-0.00016439033585768212
2472,2663,2034.0,0.0004982152545477646,-0.00016427914171279154,-8.740779543752603e-07,0.0004982155428565948,-0.00016427943002162183
2475,2663,2510.0,0.0004986520538799583,-0.000164283748777545,-9.648257791924214e-07,0.0004986524049276342,-0.00016428409982522093
2474,2663,2509.0,0.0004986511473891991,-0.0001643938165083375,-5.242463362170602e-07,0.0004986512510149685,-0.00016439392013410686
2477,2664,2034.0,0.0004977690403159176,-0.0001642576677562657,-3.840110764912613e-07,0.0004977690960026794,-0.00016425772344302758
2476,2664,2035.0,0.0004977720357009306,-0.00016392399283683137,-1.2322402474992944e-06,0.0004977726093838022,-0.00016392456651970297
2479,2664,2507.0,0.0004986119486354891,-0.0001639416433429751,-1.5182973747158296e-06,0.0004986128184609341,-0.00016394251316842004
2478,2664,2510.0,0.0004986071059953912,-0.00016427159855891008,-6.78783160746807e-07,0.0004986072797626488,-0.0001642717723261677
2483,2665,56.0,0.0004991021692163575,-0.0001646043709766865,-6.721017073597207e-07,0.00049910233936708,-0.00016460454112740894
2482,2665,55.0,0.0004991021692163575,-0.00016455813967756593,-2.1406716498029166e-07,0.0004991021864784828,-0.0001645581569396913
2481,2665,2509.0,0.0004986506375163364,-0.0001645598129353661,-2.7621983295957053e-07,0.0004986506662769631,-0.00016455984169599282
2480,2665,2510.0,0.0004986515944933288,-0.00016460673496672764,-7.410011827330143e-07,0.0004986518014574019,-0.00016460694193080075
2487,2666,57.0,0.0004998514694793451,-0.00016473421240551298,-1.4834528751159204e-06,0.0004998522972995012,-0.00016473504022566907
2485,2666,2510.0,0.0004986058185840313,-0.00016459170608142164,-4.542555254206937e-07,0.0004986058963693255,-0.00016459178386671577
2484,2666,2507.0,0.0004986131879549799,-0.00016474568472958032,-1.728007515876262e-06,0.0004986143132903874,-0.00016474681006498786
2486,2666,56.0,0.0004998514694793451,-0.0001645838842311365,-2.3902944110143487e-07,0.0004998514909769489,-0.00016458390572874026
2489,2667,2508.0,0.0004985911520594567,-0.00016452278184421741,-1.9203469210291035e-07,0.0004985911659625435,-0.00016452279574730419
2488,2667,2509.0,0.0004985912888924773,-0.00016456288142429817,-3.6197598313539303e-07,0.0004985913382877041,-0.00016456293081952496
2490,2667,54.0,0.000498755887506603,-0.00016452178445593385,-1.4894315612627718e-07,0.0004987558958681325,-0.00016452179281746342
2491,2667,55.0,0.000498755887506603,-0.00016456145574664038,-3.171013009724971e-07,0.0004987559254044623,-0.00016456149364449968
2495,2668,2509.0,0.0004985914880931419,-0.00016439652839957662,-6.095563755050687e-07,0.0004985916282008388,-0.00016439666850727355
2494,2668,2508.0,0.000498591297950584,-0.00016443509835183616,-3.733308011864833e-07,0.0004985913505034977,-0.00016443515090474987
2493,2668,2032.0,0.0004983582052955713,-0.000164434194497648,-3.408023949453415e-07,0.0004983582491050148,-0.00016443423830709149
2492,2668,2033.0,0.0004983583998767159,-0.0001643952902726738,-5.790757120292117e-07,0.0004983585263673795,-0.00016439541676333742
2499,2669,54.0,0.0004985750014986131,-0.00016452188001262478,-1.5730877766378937e-07,0.00049857501082834,-0.00016452188934235165
2498,2669,53.0,0.0004985750014986131,-0.00016449670946474442,-1.0564798621527649e-07,0.0004985750057068672,-0.0001644967136729985
2497,2669,2506.0,0.0004985245244269274,-0.00016449711373867635,-1.3107153752286993e-07,0.0004985245309047507,-0.00016449712021649956
2496,2669,2508.0,0.000498524542479296,-0.00016452251095427797,-1.8318875303138804e-07,0.000498524555132289,-0.00016452252360727088
2503,2670,2508.0,0.0004985246051980741,-0.0001644348467483866,-3.6431887461864376e-07,0.0004985246552494883,-0.00016443489679980077
2500,2670,2032.0,0.0004984071111134893,-0.0001644345346995728,-3.539677802082142e-07,0.0004984071583695652,-0.0001644345819556487
2501,2670,2031.0,0.0004984070622283416,-0.00016444799137695017,-2.336467471719672e-07,0.0004984070828176094,-0.00016444801196621796
2502,2670,2506.0,0.0004985245638603562,-0.00016444819679509377,-2.4495206589827956e-07,0.0004985245864862905,-0.0001644482194210281
2506,2671,2507.0,0.0004984492074459491,-0.0001638883957524207,-5.288378729390725e-07,0.0004984493130074672,-0.0001638885013139387
2504,2671,2036.0,0.000496450509277371,-0.00016366171139326618,-2.4300620493043767e-06,0.0004964527457083036,-0.00016366394782419872
2505,2671,2035.0,0.0004964355927582331,-0.00016387688475749917,-4.2048080294010415e-07,0.0004964356596977858,-0.0001638769516970519
2507,2671,2473.0,0.0004984848918924752,-0.0001636757072044191,-2.517456457424433e-06,0.0004984872846519215,-0.00016367809996386542
2508,2672,2473.0,0.0004985046354216705,-0.00016513068113088324,-3.5894469572663595e-06,0.0004985094890042438,-0.00016513553471345663
2509,2672,2507.0,0.0004984531259991341,-0.00016466841453832584,-7.327667415294586e-07,0.0004984533284307024,-0.0001646686169698941
2510,2672,57.0,0.0005013070958250782,-0.00016463309797835955,-5.3396892915960614e-08,0.0005013070968954552,-0.00016463309904873652
2511,2672,58.0,0.0005013070958250782,-0.00016507477639670433,-2.790788759711102e-06,0.0005013100177487062,-0.00016507769832033232
2513,2673,2505.0,0.0004984763915187353,-0.0001644811878036746,-7.718756372954161e-08,0.0004984763937654552,-0.0001644811900503945
2512,2673,2506.0,0.0004984763921931125,-0.00016449628029367692,-8.116051731718588e-08,0.0004984763946770119,-0.0001644962827775763
2515,2673,53.0,0.0004984802399041061,-0.00016449604017825626,-6.648996409702734e-08,0.0004984802415711775,-0.00016449604184532766
2514,2673,52.0,0.0004984802399041061,-0.0001644810698465958,-6.254662807125833e-08,0.0004984802413793357,-0.00016448107132182547
2516,2674,2031.0,0.0004984229490534731,-0.00016444737333374474,-1.9385812486186205e-07,0.0004984229632270491,-0.0001644473875073208
2519,2674,2506.0,0.000498476411501558,-0.00016444740414788152,-1.9499385206511732e-07,0.0004984764258405365,-0.00016444741848686007
2518,2674,2505.0,0.0004984764022781061,-0.00016444940910998026,-1.4062043889387366e-07,0.0004984764097352405,-0.00016444941656711468
2517,2674,2030.0,0.000498422937157763,-0.00016444939385387448,-1.3906269098057367e-07,0.0004984229444511854,-0.000164449401147297
2523,2675,52.0,0.0004984466086144085,-0.00016448068453676023,-1.5094661284797972e-08,0.0004984466087003337,-0.00016448068462268547
2522,2675,51.0,0.0004984466086144085,-0.00016448390405281654,-1.693500208815868e-08,0.0004984466087225624,-0.00016448390416097053
2521,2675,162.0,0.0004984484038092485,-0.00016448390405281654,-1.3794464962663122e-08,0.0004984484038810081,-0.00016448390412457625
2520,2675,2505.0,0.0004984484036104839,-0.00016448065918350883,-1.1939979453062799e-08,0.0004984484036642464,-0.00016448065923727143
2527,2676,2505.0,0.0004984484104063672,-0.00016444890243443158,-7.536151041057093e-08,0.0004984484125482363,-0.00016444890457630075
2526,2676,162.0,0.0004984484079479726,-0.00016445803943225442,-5.2419179323581755e-08,0.0004984484089842313,-0.0001644580404685132
2525,2676,161.0,0.0004984258607955566,-0.00016445803943225442,-4.343918185920059e-08,0.0004984258615072056,-0.0001644580401439034
2524,2676,2030.0,0.0004984258641396178,-0.0001644488329464002,-6.655633758706481e-08,0.0004984258658102752,-0.00016444883461705763
2531,2677,2511.0,7.868051012668333e-05,2.635718844049592e-05,-0.00022423472523078886,0.00016764806146668808,-6.261036289950884e-05
2530,2677,2015.0,7.825079482825896e-05,5.7040699247874077e-05,-0.00025910580716205153,0.00019763198425149932,-6.234049017536628e-05
2529,2677,2016.0,0.00010777391920823234,5.7040699247874077e-05,-0.00028480784901233763,0.0002270528850907292,-6.223826663462277e-05
2528,2677,2290.0,0.0001058635306843761,2.5926263306131356e-05,-0.00024740454522721375,0.00019589391210208582,-6.410411811157837e-05
2533,2678,2313.0,0.00034410512949274285,-0.00010077136324770081,-0.00014470511531230763,0.0003555764084686398,-0.00011224264222359775
2532,2678,2304.0,0.00034226529413247057,-0.00010694464223263739,-0.0001207915031996333,0.0003502437272140499,-0.0001149230753142167
2535,2678,2512.0,0.0003166754325017885,-0.00010719512837648108,-0.00011309816803867397,0.00032409001415114637,-0.00011460971002583893
2534,2678,2312.0,0.0003210223563075206,-9.817669357497144e-05,-0.0001484703118950336,0.00033378024463182813,-0.00011093458189927893
2537,2679,2312.0,0.00032612722904318443,-9.682289829517397e-05,-0.00018883695029522397,0.0003462478281207061,-0.00011694349737269565
2536,2679,2512.0,0.0003230930419343735,-9.942170580200704e-05,-0.00016461633688297575,0.00033856085988631743,-0.00011488952375395101
2539,2679,2303.0,0.0002997134898015466,-9.911051472290809e-05,-0.00016493386199016406,0.00031609291775372373,-0.00011548994267508519
2538,2679,2311.0,0.00030257530239137694,-9.625101760393426e-05,-0.00019153221587339155,0.00032437867841576796,-0.00011805439362832528
2543,2680,2375.0,0.0002909578170145425,-0.00010432614181763925,-0.00015254678948309341,0.0003051647997694056,-0.00011853312457250236
2542,2680,2303.0,0.00029368773133223343,-0.00010050446178155089,-0.00017706326434768424,0.0003126581087441832,-0.00011947483919350063
2541,2680,2512.0,0.0003163116913651575,-0.00010094375093469717,-0.0001778850805553775,0.00033447969659308795,-0.00011911175616262758
2540,2680,2513.0,0.0003164810881954687,-0.00010523261782543407,-0.00015088459077352602,0.00032957099759674474,-0.00011832252722671015
2547,2681,2513.0,0.0003166060085683601,-0.00011553020373122707,-0.00013101800798048444,0.0003263184509584087,-0.0001252426461212757
2545,2681,2304.0,0.0003143212191664387,-0.00010652266707407773,-0.00013111230310531262,0.0003242966516042847,-0.00011649809951192372
2544,2681,2372.0,0.0003139406895301469,-0.00011098978358109707,-0.0001341023127124849,0.00032426982972884446,-0.00012131892377979461
2546,2681,2512.0,0.0003166336095126454,-0.00010669501460049136,-0.000126558884521461,0.0003258902534815512,-0.00011595165856939714
2549,2682,2318.0,0.0003746129518616744,-2.0912560531153305e-05,-6.750999067694358e-05,0.00037747299459076273,-2.3772603260241595e-05
2548,2682,2514.0,0.00037285118142502214,-3.0075770627784133e-05,-5.8159724182590966e-05,0.00037493910075588467,-3.216368995864668e-05
2550,2682,2339.0,0.0003671672686902244,-1.0243497751737183e-05,-6.608010382738033e-05,0.0003700378930668459,-1.3114122128358665e-05
2551,2682,2336.0,0.0003664776006048129,-2.856676767852967e-05,-5.1057284233692324e-05,0.0003681204856806786,-3.0209652754395412e-05
2555,2683,2337.0,0.0003644196122257991,-4.3522011629215624e-05,-3.646205134161251e-05,0.0003652327411124488,-4.4335140515865357e-05
2554,2683,2336.0,0.00036444630440199063,-2.6127118050644634e-05,-3.8064263470458104e-05,0.00036537152354683644,-2.7052337195490454e-05
2553,2683,2514.0,0.00036475313317914197,-2.8692256506452318e-05,-5.2059495294574584e-05,0.00036646774941668007,-3.0406872743990432e-05
2552,2683,2317.0,0.0003646905870507474,-4.231331846237213e-05,-4.889775586587944e-05,0.0003661539787012675,-4.3776710112892244e-05
2558,2684,2516.0,0.00037004130895980543,-2.614964509410164e-05,-7.0984945286234336e-06,0.00037007310207676594,-2.6181438211062203e-05
2557,2684,139.0,0.0003592491402577098,-2.4865175999717536e-05,-7.827585065222145e-06,0.0003592890142780277,-2.4905050020035375e-05
2556,2684,138.0,0.0003592491402577098,-2.9669502637027933e-05,-2.045661907063446e-05,0.0003595179524061863,-2.993831478550441e-05
2559,2684,2515.0,0.0003716490334289106,-3.478890848248891e-05,-2.9196738198615513e-05,0.00037217270046696307,-3.531257552054134e-05
2563,2685,2514.0,0.0003660058770004696,-2.8348152964317584e-05,-3.113809705884707e-05,0.00036661958604091436,-2.896186200476234e-05
2562,2685,2318.0,0.000367587559436406,-2.2715531801306535e-05,-3.8885780348253685e-05,0.0003685537124980913,-2.3681684862991817e-05
2561,2685,2516.0,0.00037258176745962567,-2.2804390723063733e-05,-4.322047206608594e-05,0.0003737593896342555,-2.3982012897693603e-05
2560,2685,2515.0,0.00037208757496659355,-2.9003115599109122e-05,-3.5800940788175556e-05,0.000372884878804458,-2.9800419436973563e-05
2567,2686,2317.0,0.00035618634491020075,-3.9797298468878084e-05,-8.985320838427423e-06,0.00035623731014708474,-3.9848263705762076e-05
2566,2686,2514.0,0.00035885188064893863,-2.7409494726914703e-05,-2.426611704084425e-05,0.0003592326232070609,-2.7790237285036973e-05
2565,2686,2515.0,0.0003768272453687771,-2.9540006135699254e-05,-3.9652993303478795e-05,0.00037779228050684947,-3.0505041273771625e-05
2564,2686,138.0,0.0003657390910572836,-4.130025408871856e-05,-1.67831065171712e-05,0.0003659120184733672,-4.147318150480214e-05
2571,2687,2516.0,0.00038238920363193457,-2.2425264097876106e-05,-2.286591602020452e-05,0.00038271184139354424,-2.2747901859485764e-05
2570,2687,2517.0,0.0003823634593228247,-3.6159310228397405e-05,-2.0460754549903384e-05,0.0003826133815867007,-3.640923249227334e-05
2569,2687,140.0,0.00038111278233694985,-3.5851246555759044e-05,-1.2869779431611689e-05,0.00038121206655676186,-3.5950530775571044e-05
2568,2687,139.0,0.00038111278233694985,-2.4865175999717536e-05,-1.4667883480956254e-05,0.0003812452258823588,-2.4997619545126483e-05
2573,2688,2517.0,0.0003826873304084346,-3.381386890858266e-05,-4.8766474697288856e-05,0.000384109939629193,-3.523647812934112e-05
2572,2688,2516.0,0.0003827536094600983,-2.3038029080259514e-05,-5.467705439940289e-05,0.0003845871445745945,-2.4871564194755815e-05
2574,2688,2164.0,0.00038708703010554603,-3.42974212093609e-05,-5.6699126860682014e-05,0.00038898575368907556,-3.6196144792890436e-05
2575,2688,2318.0,0.0003869392410554718,-2.3194191683338556e-05,-6.23869314286471e-05,0.00038929815103392354,-2.5553101661790305e-05
2578,2689,2518.0,0.00040952253574680526,-6.973554845902606e-05,-3.344591467346891e-05,0.0004101053483081571,-7.031836102037789e-05
2576,2689,140.0,0.0004111798071287599,-3.5851246555759044e-05,-1.1657624253088444e-05,0.0004112557957569658,-3.5927235183964964e-05
2577,2689,141.0,0.0004111798071287599,-6.293404134070738e-05,-1.4044850893532232e-05,0.00041128379828015734,-6.303803249210483e-05
2579,2689,2517.0,0.00040947681835596696,-3.6630142382496174e-05,-3.1046480133014795e-05,0.0004100163300213463,-3.716965404787555e-05
2580,2690,2517.0,0.0004099118093251874,-3.450359011880979e-05,-5.884481056662831e-05,0.00041185124821619334,-3.644302900981578e-05
2581,2690,2518.0,0.00040983589974444463,-6.18591113588316e-05,-5.357100672680193e-05,0.0004113520583568077,-6.337526997119466e-05
2582,2690,2052.0,0.0004132245771221524,-6.320527038492254e-05,-7.246460041523614e-05,0.00041596427456779136,-6.594496783056156e-05
2583,2690,2164.0,0.0004136923123660291,-3.5763430749774706e-05,-7.996588912904425e-05,0.0004172214278008467,-3.929254618459225e-05
2584,2691,2519.0,0.0004397430864588464,-9.610046372009718e-05,-2.6996950315636564e-05,0.00044008291204804,-9.644028930929076e-05
2585,2691,142.0,0.000455519874295535,-0.00010984034698564315,-2.3997155815665486e-05,0.0004557744042057028,-0.00011009487689581099
2587,2691,2520.0,0.00046643619341313856,-9.237522618756557e-05,-5.3917755085768765e-05,0.00046773376422669523,-9.367279700112221e-05
2586,2691,2451.0,0.0004672548751692221,-0.00010662927067793203,-3.769869634311605e-05,0.000467873319598379,-0.00010724771510708893
2588,2692,2518.0,0.00043265363600089243,-6.185881640330641e-05,-5.196132343490874e-05,0.000434014859264796,-6.322003966721001e-05
2591,2692,2052.0,0.000444311652584334,-6.33964859828673e-05,-7.29948805106087e-05,0.00044692191149674703,-6.600674489528035e-05
2590,2692,2520.0,0.0004471620230511175,-9.016844825227066e-05,-6.405650275258593e-05,0.0004490643718104229,-9.207079701157602e-05
2589,2692,2519.0,0.0004336042364094621,-9.437601716303371e-05,-3.639686217871488e-05,0.00043423075674643154,-9.500253750000315e-05
2595,2693,2518.0,0.00043414998851024067,-6.993885364443379e-05,-2.509886939174727e-05,0.000434462216854701,-7.025108198889418e-05
2594,2693,2519.0,0.0004331767859352513,-0.00010761093443269471,-4.492220882282988e-05,0.00043410808277983404,-0.00010854223127727743
2593,2693,142.0,0.0004432780938763859,-8.547331733861048e-05,-1.3058379116445522e-05,0.00044335870608290735,-8.55539295451319e-05
2592,2693,141.0,0.0004432780938763859,-6.293404134070738e-05,-2.4332111858184347e-06,0.0004432810177901297,-6.293696525445117e-05
2596,2694,2520.0,0.0004663195705296337,-0.00010025097398327649,-5.670781859708207e-05,0.00046773500015135066,-0.00010166640360499343
2597,2694,2451.0,0.00046658158756898716,-0.0001156960491413408,-5.2043870144806784e-05,0.00046774219216596234,-0.00011685665373831601
2598,2694,2456.0,0.0004726902948085053,-0.00013201937650723493,-6.375860495207164e-05,0.00047436627431919046,-0.0001336953560179201
2599,2694,2453.0,0.00047068739919988237,-9.863949954783406e-05,-6.973820810210474e-05,0.0004728150477121794,-0.00010076714806013108
2602,2695,2453.0,0.00046655313133143334,-9.663938592513861e-05,-8.467587764938653e-05,0.00046971809537465505,-9.98043499683603e-05
2600,2695,2052.0,0.00044240318712713764,-8.447758847866303e-05,-8.676456845977364e-05,0.00044595130190580015,-8.802570325732557e-05
2601,2695,2520.0,0.0004465543771583957,-9.83656216895135e-05,-6.873709495906072e-05,0.00044871347456121693,-0.0001005247190923347
2603,2695,2053.0,0.000455543221799028,-7.764282655127436e-05,-0.00010577440985153411,0.0004607385288371812,-8.283813358942753e-05
2604,2696,2307.0,0.00015044484132285818,-5.010549369393572e-06,-0.0002579484830573485,0.00022330250250822563,-7.786821055476103e-05
2605,2696,2306.0,0.0001541048782988056,1.5010763401760406e-05,-0.00029204507652458647,0.0002462964213150793,-7.718077961451326e-05
2606,2696,2290.0,0.00012488479840743437,1.553532713999056e-05,-0.00027447618571142633,0.0002179382620021967,-7.751813645477177e-05
2607,2696,2521.0,0.00012376625074764225,-4.3216733444168464e-06,-0.00024224104783304203,0.00019673254520953187,-7.728796780630647e-05
2608,2697,2521.0,0.00012357921857202893,7.1188153612384555e-06,-0.00023737465199179068,0.0001975512776547963,-6.685324372152893e-05
2609,2697,2290.0,0.00012458985335543106,2.5572006156188913e-05,-0.00026651803639401485,0.000217239641929294,-6.707778241767402e-05
2611,2697,2291.0,0.00010004861472972214,7.299585208283199e-06,-0.0002224121162264954,0.0001741622030347378,-6.681400309673247e-05
2610,2697,2511.0,9.874302092592775e-05,2.5876868689481548e-05,-0.0002502467755270323,0.0001926296716369743,-6.8009782021565e-05
2615,2698,2292.0,0.00011165862112185766,-7.89219261033698e-06,-0.0002152732364876942,0.00017500405267468583,-7.123762416316515e-05
2614,2698,2291.0,0.00011106227425386819,7.045296956056219e-06,-0.00024372181312267913,0.0001915489305707115,-7.344135936078708e-05
2613,2698,2521.0,0.00013798495153607288,6.8794424694642795e-06,-0.0002573865288559851,0.00021685906408793685,-7.19946700823997e-05
2612,2698,2522.0,0.00013751143403385215,-8.161023364680435e-06,-0.0002281839947119342,0.00020003435748842369,-7.068394681925198e-05
2619,2699,2522.0,0.0001375412649989704,-2.0968680348639845e-05,-0.00022979878099545388,0.00019786860005173478,-8.129601540140423e-05
2617,2699,2307.0,0.00016735476510583956,-5.7513395632343214e-06,-0.00027532260399023775,0.0002434118752317602,-8.180844968915497e-05
2616,2699,2299.0,0.00016574159779724363,-2.0987262031573937e-05,-0.0002436994188533513,0.00022588374253228703,-8.112940676661734e-05
2618,2699,2521.0,0.00013806437416002612,-5.1577626576964275e-06,-0.0002620465474006215,0.00021576922375659774,-8.286261225426804e-05
2621,2700,2522.0,0.00014795183870758115,-8.503540084148285e-06,-0.00024508398065067015,0.00021510678507373032,-7.565848645029746e-05
2622,2700,2292.0,0.00012181072073677579,-8.256339274388853e-06,-0.0002332594282079799,0.00019031314183412832,-7.675876037174139e-05
2623,2700,2293.0,0.00012257047598059588,-2.1240063125965453e-05,-0.00020613108994867006,0.00017633490981833395,-7.500449696370352e-05
2620,2700,2523.0,0.00014795767186326185,-2.114986260949494e-05,-0.00021831381947479307,0.00020147841529877318,-7.467060604500627e-05
2627,2701,2523.0,0.00014795772309481037,-3.3646996814553666e-05,-0.00021808140061793137,0.00019905301251181212,-8.474228623155542e-05
2626,2701,2522.0,0.00014795139873879926,-2.0991771962903367e-05,-0.00024710606258808183,0.00021314878236158795,-8.618915558569206e-05
2625,2701,2299.0,0.00017500303298921376,-2.100749484917712e-05,-0.0002588638311264626,0.000239348169507586,-8.535263136754938e-05
2624,2701,2356.0,0.0001749938139705108,-3.357442155018948e-05,-0.00023003492301086614,0.00022596494948105118,-8.454555706072984e-05
2630,2702,2293.0,0.0001313348829621386,-2.11193035351638e-05,-0.0002222514824339857,0.00018986497915495887,-7.964939972798405e-05
2629,2702,2523.0,0.00015571884967168284,-2.1040844810370695e-05,-0.0002328656451430957,0.0002135156064763267,-7.883760161501456e-05
2628,2702,2524.0,0.00015563285650993172,-3.179070172216938e-05,-0.00020769891610252292,0.0002018017675645983,-7.795961277683595e-05
2631,2702,2294.0,0.00013199918454182176,-3.127366040084779e-05,-0.0001987978082326359,0.00017898876104986605,-7.826323690889207e-05
2632,2703,2360.0,0.00018033595551484628,-4.3069344909703626e-05,-0.00021695953667124658,0.00022434246432218824,-8.707585371704559e-05
2635,2703,2524.0,0.00015562974165849418,-4.337631666612076e-05,-0.00020674901191729093,0.00019960891102502524,-8.735548603265182e-05
2634,2703,2523.0,0.00015571800876892916,-3.3558038253140394e-05,-0.0002325770734613545,0.00021101123373211086,-8.885126321632209e-05
2633,2703,2356.0,0.00017916055814694125,-3.350309720210817e-05,-0.00024164447109427736,0.00023377738743858413,-8.811992649375105e-05
2639,2704,2295.0,0.00013963446092716582,-4.059130402539219e-05,-0.00019008029734526866,0.0001804908933605255,-8.144773645875187e-05
2637,2704,2524.0,0.00016358564814823034,-3.242027571889565e-05,-0.00021960235534950606,0.0002127590401799497,-8.1593667750615e-05
2636,2704,2525.0,0.0001612967658136781,-4.209345926148994e-05,-0.00019559149240125015,0.00020068993730056208,-8.148663074837391e-05
2638,2704,2294.0,0.00014224456222113827,-3.1962247929835045e-05,-0.00021173790012406473,0.0001922368819622243,-8.195456767092106e-05
2642,2705,2524.0,0.00016356135707590574,-4.3007505209712894e-05,-0.00021830642553465583,0.00021055033533716656,-8.999648347097372e-05
2641,2705,2360.0,0.00018142935928253112,-4.2782824992080616e-05,-0.00022577274007069305,0.00022841791958224243,-8.977138529179193e-05
2640,2705,2362.0,0.00018382415039038674,-5.1758651675230544e-05,-0.0002033945522591854,0.00022165135405974917,-8.958585534459297e-05
2643,2705,2525.0,0.00016174599820197207,-5.0049917913995174e-05,-0.00019932544186422076,0.00020126824322609866,-8.957216293812176e-05
2644,2706,2526.0,0.00016780965995960746,-5.1970598064619454e-05,-0.00018428825916449662,0.00020132936697964734,-8.549030508465933e-05
2647,2706,2296.0,0.0001509806562159082,-4.936663386654054e-05,-0.0001852075024596049,0.00018722626898924738,-8.561224663987971e-05
2646,2706,2295.0,0.00015540325621142548,-4.324236178203768e-05,-0.00020351823327487313,0.00019827727631377276,-8.611638188438497e-05
2645,2706,2525.0,0.00017522060182469448,-4.4444133983523966e-05,-0.00020751644270166052,0.00021648064781788022,-8.57041799767097e-05
2651,2707,2526.0,0.00017216462344837868,-5.763359444629706e-05,-0.00019429342959412926,0.0002077290962500954,-9.319806724801378e-05
2650,2707,2525.0,0.00017660782609306164,-5.248313078589175e-05,-0.0002084503490812368,0.0002169285920031881,-9.280389669601822e-05
2649,2707,2362.0,0.00019532365042173108,-5.4058225801083726e-05,-0.0002125298319724158,0.0002344620821334987,-9.319665751285136e-05
2648,2707,2361.0,0.00018326744174776291,-5.916097715457573e-05,-0.00019529786619955532,0.00021770733185197568,-9.360086725878849e-05
2653,2708,2528.0,0.00019443347060265487,-6.80667750386256e-05,-0.0001887340040529241,0.00022483645109863963,-9.846975553461036e-05
2652,2708,2352.0,0.00019653858644023362,-7.048513170622114e-05,-0.00017621971242094085,0.00022299160874607364,-9.693815401206116e-05
2655,2708,2297.0,0.00018483882931775867,-7.101385651845206e-05,-0.00017120561794284252,0.0002108377608551446,-9.7012788055838e-05
2654,2708,2527.0,0.00017162641895744624,-6.80507620415226e-05,-0.00018454672344055036,0.00020303484844865077,-9.945919153272714e-05
2657,2709,2361.0,0.0001994240533042934,-6.311577182173747e-05,-0.00020203385401385433,0.00023379293295561576,-9.748465147305983e-05
2656,2709,2528.0,0.00019917481970118788,-6.804578775390126e-05,-0.00018311618913038723,0.00022753549467839662,-9.640646273110999e-05
2659,2709,2527.0,0.00017567174895592036,-6.802275377792099e-05,-0.00017705810632008719,0.00020443706651698582,-9.678807133898644e-05
2658,2709,2526.0,0.0001816256155582445,-6.15872044861872e-05,-0.00020322475257914321,0.00021849063505474276,-9.845222398268547e-05
2663,2710,2297.0,0.00016616665472911872,-5.806133034783447e-05,-0.00018273771615324747,0.00019868258837863338,-9.057726399734912e-05
2662,2710,2296.0,0.00016956335430652657,-5.558333817827369e-05,-0.00019211765413743205,0.0002049766849713021,-9.09966688430492e-05
2661,2710,2526.0,0.00017838315166227546,-5.668359956080267e-05,-0.0001910087072905832,0.00021229341556011972,-9.059386345864693e-05
2660,2710,2527.0,0.00017476611938675723,-6.110723056571964e-05,-0.00017498786724206433,0.00020367714689486987,-9.001825807383227e-05
2667,2711,2352.0,0.0001991135459940615,-8.170735465402455e-05,-0.0001622600303591848,0.0002208671296702907,-0.00010346093833025376
2666,2711,2528.0,0.0001962291036979114,-7.820533137595708e-05,-0.00017937646750966832,0.00022294035855866684,-0.00010491658623671253
2665,2711,2529.0,0.00021581948487625364,-7.771721219104483e-05,-0.0001857205672261414,0.0002427289426507066,-0.00010462666996549779
2664,2711,2353.0,0.00021711708745757782,-8.150452028243013e-05,-0.0001668490682196211,0.00023884244655829107,-0.00010322987938314338
2668,2712,2529.0,0.00022473726844684898,-7.85181881988162e-05,-0.00018047796434841282,0.0002495579515653764,-0.00010333887131734363
2671,2712,2528.0,0.00019903415494513382,-7.913657957826542e-05,-0.00017232942527778405,0.00022356143111438884,-0.00010366385574752044
2669,2712,2357.0,0.00021971760392303953,-7.425019447660679e-05,-0.0002018425757425871,0.0002510294505209899,-0.00010556204107455716
2670,2712,2361.0,0.00019932786531503925,-7.48891351506195e-05,-0.0001946023710486201,0.00023034509642792618,-0.00010590636626350643
2674,2713,2529.0,0.00021694006959522422,-8.913675301479675e-05,-0.00016997629388871421,0.00023895519426077674,-0.00011115187768034928
2675,2713,2353.0,0.00021789868753400044,-9.107043074345464e-05,-0.00015597614321001887,0.0002364679302170043,-0.0001096396734264585
2673,2713,2530.0,0.0002331029911485684,-8.887129864401395e-05,-0.0001741279093747817,0.0002551376838227363,-0.00011090599131818182
2672,2713,2531.0,0.00023115168678126963,-9.108231481146491e-05,-0.0001577027853873385,0.0002494120259009236,-0.00010934265393111893
2679,2714,2531.0,0.00022985203656007702,-0.00010009522588145739,-0.00014585237869953367,0.0002452517073860477,-0.00011549489670742807
2678,2714,2530.0,0.00023392282269145675,-9.537888259469971e-05,-0.00018013079073163005,0.00025694636552760534,-0.0001184024254308483
2677,2714,2347.0,0.00025378343310265925,-9.82629006150302e-05,-0.00016229679224731043,0.00027158806988523835,-0.0001160675373976093
2676,2714,2346.0,0.0002482549637763888,-0.00010075866558831867,-0.0001436854426788035,0.0002624648812086844,-0.0001149685830206142
2681,2715,2347.0,0.00023280435893006544,-8.93049278866254e-05,-0.00017543929927656566,0.00025514364970726606,-0.00011164421866382602
2680,2715,2530.0,0.0002397008502222596,-8.96304026869896e-05,-0.0001685952200082136,0.00026002402231527265,-0.00010995357478000263
2683,2715,2529.0,0.0002283947908903487,-8.969210838875841e-05,-0.00016672410884539628,0.00024891762703635706,-0.00011021494453476678
2682,2715,2357.0,0.00022688877200540032,-8.93875444897537e-05,-0.00017335344236999025,0.0002490851115371364,-0.00011158388402148983
2685,2716,2531.0,0.00023219852678032105,-9.112062474183735e-05,-0.00016354196333408927,0.00025170272189533135,-0.00011062481985684764
2684,2716,2532.0,0.00023079311681547133,-9.416698747181625e-05,-0.00014445399672357705,0.0002461233755004041,-0.000109497246156749
2687,2716,2351.0,0.000214094238247072,-9.399252396825105e-05,-0.00014283700514922462,0.00022984474917643328,-0.00010974303489761234
2686,2716,2353.0,0.0002144695360861322,-9.110185962200726e-05,-0.00016079461476468677,0.00023433144610163618,-0.00011096376963751125
2691,2717,2532.0,0.00022981970910089262,-0.00010270067315392567,-0.0001307547298529067,0.00024221183673383228,-0.00011509280078686533
2690,2717,2531.0,0.00023136801160126858,-0.00010167926369066514,-0.00015160946390210643,0.0002478101611424595,-0.00011812141323185604
2689,2717,2346.0,0.00024846497723649084,-0.00010189581221183843,-0.0001480446289764967,0.0002634620620884087,-0.00011689289706375629
2688,2717,2345.0,0.00024668469252345053,-0.0001027354716218303,-0.00013087584911225872,0.0002585375616175475,-0.00011458834071592725
2695,2718,2285.0,0.00021236435359526032,-9.6183088845566e-05,-0.00013138955387477762,0.00022576944670762753,-0.00010958818195793321
2693,2718,2532.0,0.0002288802720304215,-9.444538102651445e-05,-0.00014888160147243264,0.0002451958214228013,-0.00011076093041889422
2692,2718,2533.0,0.00022822474522754457,-9.625694179830186e-05,-0.00013248405650146625,0.0002412268690786664,-0.0001092590656494237
2694,2718,2351.0,0.00021386899162660795,-9.433762975068086e-05,-0.00014818679785983356,0.0002307559208061755,-0.0001112245589302484
2697,2719,2345.0,0.00024084553610562599,-0.00010290601650647636,-0.00013518395497467018,0.00025365857348750816,-0.00011571905388835853
2696,2719,2286.0,0.00024103256202799746,-0.00010322336895499465,-0.00012158939382823745,0.0002514533069595587,-0.00011364411388655585
2698,2719,2532.0,0.0002283532115798948,-0.00010289377960019783,-0.0001354167926425542,0.00024165866620156024,-0.00011619923422186325
2699,2719,2533.0,0.00022778357821379332,-0.00010322482695493689,-0.00012121773081471068,0.00023853224975933703,-0.0001139734985004806
2703,2720,2278.0,0.00019776332350808067,-8.956735854975036e-05,-0.000130392783995497,0.00021186458142355096,-0.00010366861646522065
2702,2720,2284.0,0.00020198690472629142,-8.80432727603924e-05,-0.00014301193203724444,0.00021865817638324947,-0.00010471454441735045
2701,2720,2285.0,0.00021466051439044884,-8.846230591340711e-05,-0.00014128695455895707,0.0002303156163698805,-0.00010411740789283876
2700,2720,2534.0,0.0002106022528485154,-9.145092545847751e-05,-0.00011707435765565162,0.00022154983427928176,-0.00010239850688924387
2707,2721,2278.0,0.00021215785379783032,-9.52085312481846e-05,-0.00011849422672149772,0.00022318271847192905,-0.00010623339592228333
2706,2721,2534.0,0.0002047513659322736,-9.656158428692873e-05,-0.0001282742368410904,0.00021783536673422254,-0.00010964558508887767
2705,2721,2536.0,0.00021927840335233834,-9.662730266123175e-05,-0.0001264117252134274,0.00023145516223261372,-0.00010880406154150713
2704,2721,2279.0,0.0002191452238343751,-9.541490262676927e-05,-0.00011871135976684747,0.0002299726114328374,-0.00010624229022523159
2711,2722,2534.0,0.0002118026215002667,-9.671410502288549e-05,-0.00012318348576534528,0.00022364418426957608,-0.00010855566779219487
2708,2722,2536.0,0.0002245790590629411,-9.670378927116314e-05,-0.0001239096366527576,0.00023611215877289394,-0.00010823688898111599
2709,2722,2533.0,0.0002249043765115066,-9.637859692672522e-05,-0.0001355226054827064,0.0002386110512525369,-0.00011008527166775551
2710,2722,2285.0,0.00021393140031482436,-9.636569330799636e-05,-0.00013567553349119136,0.00022811399114419832,-0.00011054828413737032
2714,2723,2533.0,0.00022459203790726242,-0.00010321073917942227,-0.0001241901589155922,0.00023596033886928117,-0.00011457904014144102
2712,2723,2535.0,0.00023656105641893,-0.00010319566308914408,-0.00011241103495085534,0.00024561764939186196,-0.00011225225606207605
2713,2723,2286.0,0.00023504759980401413,-0.00010321080236627407,-0.0001242260637320438,0.0002460925239069462,-0.00011425572646920617
2715,2723,2536.0,0.00022427535286507604,-0.0001031962626642602,-0.00011289462486330747,0.00023373225229417254,-0.00011265316209335669
2716,2724,2280.0,0.00023105800341337518,-0.00010356378567193402,-0.00010006506372713022,0.00023837869157368398,-0.00011088447383224281
2717,2724,2535.0,0.00024429184450853667,-0.00010331578349836708,-0.00011527102956471191,0.0002535989759080662,-0.00011262291489789667
2718,2724,2536.0,0.000219097586759847,-0.00010329990735520882,-0.0001158135271337275,0.00022918290002231945,-0.00011338522061768127
2719,2724,2279.0,0.0002188596046434699,-0.0001035282239951044,-0.00010201222770165946,0.0002267369819846462,-0.00011140560133628068
2721,2725,2287.0,0.0002372413883345876,-0.00010933615703412889,-0.00010295131508914184,0.00024472524095090127,-0.00011682000965044256
2720,2725,2280.0,0.00023710822483042574,-0.00010805124015101167,-0.00010295425414765013,0.0002446219643989207,-0.0001155649797195066
2723,2725,2535.0,0.00023757352706233956,-0.00010642019789092855,-0.00010492144421812497,0.00024539615203356374,-0.00011424282286215273
2722,2725,2286.0,0.00023767997373588638,-0.00010899194128934553,-0.00010442007236901706,0.00024537230695486603,-0.00011668427450832515
2724,2726,2418.0,7.245318898752885e-05,3.123515309726385e-06,-0.00014619028277281561,0.00011868674896442732,-4.311004466717208e-05
2727,2726,2416.0,6.636314785407789e-05,-8.713294319720975e-08,-0.0001372788350433255,0.00010939598797041543,-4.3119973059534754e-05
2726,2726,2407.0,6.004073610397717e-05,2.8639814868747546e-06,-0.00013782159634540686,0.0001060579445242114,-4.3153226933359465e-05
2725,2726,2537.0,6.750090836155661e-05,1.0126295090775658e-05,-0.00015392681093202853,0.00012094963123160932,-4.332242777927705e-05
2731,2727,2418.0,7.447040545270449e-05,-5.2878857419332275e-06,-0.00014556134537592816,0.00011758145548405443,-4.839893577328317e-05
2730,2727,2537.0,6.714397621860463e-05,1.6497793482771542e-06,-0.00015855967411056854,0.00012017371043325799,-5.1379954866376205e-05
2729,2727,2539.0,8.898300559535832e-05,2.349022426677283e-07,-0.00016465045590068408,0.00013813167639462715,-4.89137685566011e-05
2728,2727,2408.0,8.672186957077443e-05,-4.916296944431492e-06,-0.00015169030599830255,0.00012951359617309667,-4.770802354675374e-05
2734,2728,2407.0,7.085954244428951e-05,5.996176640289501e-06,-0.00015630031582100287,0.00012304027729105843,-4.618455820647943e-05
2732,2728,2539.0,7.380633373666248e-05,2.333942325336881e-06,-0.00015301764568071904,0.00012251346610332847,-4.637319004132911e-05
2733,2728,2414.0,7.489265779897503e-05,5.1372163456418155e-06,-0.0001578337051258618,0.0001262954390500248,-4.626556490540798e-05
2735,2728,2537.0,6.794024561037129e-05,2.9435465898517647e-06,-0.00014985914832480775,0.00011711553814606282,-4.6231745945839764e-05
2736,2729,2538.0,8.720974331358385e-05,-3.0169189584291004e-06,-0.00016675219695594032,0.0001368950748453342,-5.2702250490179446e-05
2737,2729,2415.0,8.723807566366794e-05,3.312901700963135e-06,-0.00017615951851141128,0.00014284035273034578,-5.228937536571472e-05
2738,2729,2414.0,7.87477321466095e-05,4.41917504072787e-06,-0.00017207586736211686,0.00013530490061870553,-5.213799343136815e-05
2739,2729,2539.0,7.640195937130834e-05,-1.502523009758996e-06,-0.00016171137394841578,0.00012719891990333373,-5.2299483541784394e-05
2743,2730,2408.0,8.982144527991745e-05,-7.838998680267093e-06,-0.000167573086736093,0.00013796841354676224,-5.598596694711187e-05
2740,2730,2269.0,9.40145033506588e-05,-8.813605579987508e-06,-0.0001693779923783601,0.00014167431563178988,-5.647341786111859e-05
2741,2730,2538.0,9.898141782813466e-05,-5.706936629051949e-06,-0.00017724952933903006,0.0001495656710862893,-5.629118988720659e-05
2742,2730,2539.0,9.068760779313255e-05,-4.425923908449054e-06,-0.00017280923137960764,0.00014175844249456868,-5.5496758609885195e-05
2745,2731,2268.0,0.00010424664497711827,-3.2539382728504103e-07,-0.00019588093741100543,0.00016298388095495385,-5.906262980512061e-05
2746,2731,2415.0,8.726673652063519e-05,-1.2529291968980082e-06,-0.0001856428126666993,0.00014584048902378604,-5.982668170004885e-05
2747,2731,2538.0,8.71723674638579e-05,-1.663493945361057e-05,-0.00015432622290559306,0.00012826406341272077,-5.772663540247346e-05
2744,2731,2269.0,0.00010783893850944797,-8.079253735321303e-06,-0.00018188514890175346,0.00015772143302387228,-5.796174824974561e-05
2748,2732,2451.0,0.0004839768314243466,-0.00012834311000881678,-3.734013529543313e-05,0.0004845455667252299,-0.0001289118453097001
2751,2732,2454.0,0.0004885144958421475,-0.00012606758109676397,-4.8688294767181006e-05,0.0004894772810885875,-0.00012703036634320394
2750,2732,2436.0,0.0004878287444197195,-0.00014007372577242415,-4.0983814179749306e-05,0.0004884967971534452,-0.0001407417785061499
2749,2732,2540.0,0.00048040468656331686,-0.00014310027003685058,-2.272244569302001e-05,0.0004806116368926821,-0.0001433072203662158
2755,2733,2540.0,0.0004873802676108145,-0.00013164377079955057,-4.1681622913805616e-05,0.00048808112604718226,-0.0001323446292359183
2754,2733,2542.0,0.0004893687648355495,-0.00013804347843185695,-2.6262068845192554e-05,0.0004896434623858645,-0.00013831817598217204
2753,2733,2437.0,0.0004832615198534394,-0.0001385045202674517,-2.2682748425168625e-05,0.00048346832433075217,-0.0001387113247447645
2752,2733,2451.0,0.00048150344478598353,-0.00013584715500025357,-2.871722218811268e-05,0.0004818372232006989,-0.00013618093341496892
2758,2734,2449.0,0.0004936948510638889,-0.00014498975337650923,-3.0209479323532046e-05,0.0004940518750042977,-0.00014534677731691797
2757,2734,2542.0,0.0004894358120631111,-0.0001454848832736223,-2.6628815000762085e-05,0.0004897148950432027,-0.0001457639662537139
2756,2734,2540.0,0.0004887475523618935,-0.0001417481390765069,-3.1779114638866984e-05,0.0004891477420593647,-0.0001421483287739781
2759,2734,2436.0,0.0004936105800435638,-0.00014116910906792908,-3.5888104767921314e-05,0.0004941174206593982,-0.0001416759496837635
2760,2735,2542.0,0.0004928250837640986,-0.00014695527274024965,-1.87937639626011e-05,0.0004929630722928787,-0.00014709326126902976
2761,2735,2541.0,0.0004927454894837272,-0.00015163503992623366,-1.523838993516477e-05,0.000492835566721316,-0.00015172511716382255
2763,2735,2449.0,0.0004954430530420793,-0.00014633512736725177,-2.2804502509136265e-05,0.0004956455689968559,-0.00014653764332202832
2762,2735,2450.0,0.0004956229642328891,-0.0001510288861736891,-1.9591102158274254e-05,0.0004957713142502223,-0.00015117723619102226
2767,2736,2542.0,0.0004928393614857321,-0.00013944653193375767,-1.9585516459794117e-05,0.000492990994034105,-0.00013959816448213066
2766,2736,2541.0,0.0004928001508374864,-0.0001590064854212227,-1.7435641863725038e-05,0.0004929167296002131,-0.0001591230641839494
2765,2736,2439.0,0.000492114569094395,-0.0001494399340626455,-1.0369957620616141e-05,0.0004921564708336476,-0.00014948183580189804
2764,2736,2437.0,0.0004922125519192791,-0.00014082653270492643,-1.224633283985685e-05,0.0004922717736335543,-0.0001408857544192017
2771,2737,2450.0,0.0004968507251283689,-0.00015210061532759818,-1.2875157101889523e-05,0.0004969145794386128,-0.00015216446963784206
2770,2737,2438.0,0.0004972432133871808,-0.00015402743894562268,-1.1544256292139038e-05,0.0004972943669997737,-0.00015407859255821556
2769,2737,2439.0,0.0004958462307465307,-0.0001542458120947961,-9.815751732835526e-06,0.0004958832806890536,-0.00015428286203731905
2768,2737,2541.0,0.0004945261778275256,-0.0001524954174980497,-9.970244460574818e-06,0.000494564584534126,-0.00015253382420465006
2772,2738,2043.0,0.000497387928402291,-0.00016372403411914617,5.105752889329046e-06,0.0004973977861591247,-0.0001637338918759798
2775,2738,2491.0,0.0004975824605805319,-0.00016380503383956857,4.907885766680664e-06,0.0004975915653078354,-0.00016381413856687203
2773,2738,2042.0,0.0004973206763300153,-0.00016398306088075896,5.389941481071664e-06,0.000497331658797328,-0.00016399404334807173
2774,2738,2543.0,0.0004975084125641294,-0.00016427002179146685,5.3559521300400315e-06,0.0004975192491795286,-0.00016428085840686603
2778,2739,2474.0,0.0004971486732819157,-0.00016382292577033907,5.760275222229175e-06,0.0004971612230422599,-0.00016383547553068333
2776,2739,2543.0,0.000497318640546876,-0.00016404540915052198,5.333344884481811e-06,0.0004973293926074252,-0.00016405616121107117
2777,2739,2042.0,0.0004972316882994772,-0.00016375016541850306,5.490355450766399e-06,0.0004972430893246615,-0.00016376156644368732
2779,2739,2545.0,0.0004971456322951408,-0.0001640997957549446,5.862961523616511e-06,0.0004971586280909553,-0.00016411279155075902
2780,2740,2491.0,0.0004973817215327345,-0.00016382024918366552,5.8587681849263384e-06,0.000497394699598607,-0.00016383322724953804
2781,2740,2543.0,0.0004975600460662005,-0.00016401895617879818,5.059015726172067e-06,0.0004975697173472932,-0.00016402862745989088
2782,2740,2545.0,0.0004968361717511485,-0.00016400077856602055,4.965165426914359e-06,0.0004968454980001534,-0.00016401010481502534
2783,2740,2493.0,0.0004967360412471873,-0.00016383877014303108,5.627897143437033e-06,0.0004967480280240746,-0.00016385075691991834
2787,2741,2494.0,0.0004954938835451256,-0.00016349279255891888,5.315000330484432e-06,0.0004955046002902977,-0.00016350350930409104
2784,2741,2493.0,0.0004967235771016244,-0.0001634732558543448,5.660012310192142e-06,0.0004967357080105884,-0.00016348538676330882
2785,2741,2545.0,0.0004969724788198536,-0.00016360753671943633,3.973450933964645e-06,0.0004969784539360944,-0.00016361351183567704
2786,2741,2544.0,0.0004956891046013091,-0.00016360333132055933,3.925877395193067e-06,0.000495694948888252,-0.00016360917560750228
2788,2742,2545.0,0.0004971751612030083,-0.00016364806520071371,4.9384386982959105e-06,0.0004971843875116878,-0.00016365729150939328
2791,2742,2544.0,0.0004960389437040011,-0.00016360984885476632,4.067852174351877e-06,0.0004960452149441615,-0.00016361612009492668
2790,2742,62.0,0.0004966313497537875,-0.00016416317951690416,3.861484416441824e-06,0.0004966369910439092,-0.00016416882080702585
2789,2742,2474.0,0.0004971979633250773,-0.00016421565425288906,4.254266857272801e-06,0.0004972048042030171,-0.00016422249513082892
2795,2743,63.0,0.0004967739326057173,-0.00016410460137488325,2.4508534804540405e-06,0.0004967762048319366,-0.0001641068736011025
2794,2743,62.0,0.0004967739326057173,-0.00016381064704743497,3.391724572324173e-06,0.0004967782862192109,-0.0001638150006609286
2793,2743,2544.0,0.0004956245284011944,-0.00016339544710842644,4.361565348165453e-06,0.0004956317448152208,-0.00016340266352245285
2792,2743,2494.0,0.0004959033874709431,-0.0001640222424515612,2.4424803613878887e-06,0.00049590564745662,-0.00016402450243723806
2798,2744,2546.0,0.00030761663078443524,-7.715809316392939e-05,-0.00027567848633811703,0.0003518989838242443,-0.00012144044620373846
2797,2744,2334.0,0.0003319155261651656,-7.693655816099626e-05,-0.00026654518304675134,0.00037152142938182034,-0.000116542461377651
2796,2744,2323.0,0.0003313898496049572,-7.6644953855637e-05,-0.0002553704151590473,0.00036805192860246846,-0.00011330703285314828
2799,2744,2322.0,0.0003199590620764168,-7.667233471241931e-05,-0.00025671890199027367,0.00035787474366662047,-0.00011458801630262296
