,NID,U1,U2
0,1,0.0013958511235303746,-1.2203530218010234e-05
1,5,0.0013579425814448562,-4.212063922825658e-05
2,9,0.0009886426528842845,1.7214080001646944e-05
3,13,0.0009558547484900572,-6.855314172061393e-05
4,26,0.0016292145293505121,-4.822782709643691e-05
5,30,0.0016381930467920763,-0.00010742820099439034
6,46,0.0007980624387813692,-5.28746101223503e-05
7,51,0.003174677972278386,-0.00012335716965938972
8,67,0.0007464871223381789,-7.032305166583056e-05
9,68,0.0007022703829766923,-8.656642594600618e-05
10,69,0.0006648680916199734,-0.00010260667306965161
11,70,0.0006343627817843057,-0.0001174861601694628
12,71,0.0006107628603129523,-0.0001318920201821359
13,72,0.0005948623918185236,-0.00014540348285967271
14,73,0.000593346458091496,-0.00015852581560879737
15,74,0.0005879196271161307,-0.00016620500645753058
16,75,0.0005785615427066942,-0.0001698465457524198
17,76,0.0005654987140918026,-0.0001706276718928225
18,77,0.0005491883552656402,-0.00016947298616434413
19,78,0.0005300370919346312,-0.00016702688018145224
20,79,0.000508450460947176,-0.00016377529168095148
21,80,0.00048480505425556737,-0.00016008782842274138
22,81,0.00045945794214343746,-0.0001562310543125109
23,82,0.0004326989298768836,-0.00015239316692047095
24,83,0.00040478372514519013,-0.00014870377084503621
25,84,0.00037592672901750555,-0.00014524909393454888
26,85,0.00034631437100972546,-0.0001420816479047898
27,86,0.0003161008214040192,-0.00013922941478396436
28,87,0.00028541448969981445,-0.0001367021818519302
29,88,0.0002543599005250488,-0.0001344978307624654
30,89,0.00022302203096928673,-0.00013260631954149275
31,90,0.0001914688658658746,-0.00013101317590080244
32,91,0.000159754588129106,-0.00012970199527254499
33,92,0.00012792224146810987,-0.0001286563058132679
34,93,9.600575971830233e-05,-0.00012786104086529222
35,94,6.403226791620875e-05,-0.00012730345806011723
36,95,3.2023958700782194e-05,-0.0001269739397553667
37,96,0.0,-0.00012686625816679754
38,97,0.0,-0.00011644194630843322
39,98,0.0,-0.00010605903759832381
40,99,0.0,-9.568770403812525e-05
41,100,0.0,-8.52986755794307e-05
42,101,0.0,-7.486690733474614e-05
43,102,0.0,-6.437331525938869e-05
44,103,0.0,-5.380552425781327e-05
45,104,0.0,-4.315691217943994e-05
46,105,0.0,-3.245086626485794e-05
47,106,0.0,-2.16721271777499e-05
48,107,0.0,-1.0839989583586532e-05
49,108,0.0,0.0
50,159,0.0031746933781494936,0.0
51,2027,0.001156008511414037,1.3027648196480622e-06
52,2048,0.001189101483618586,-3.1800338832440174e-05
53,2159,0.0015076775043636752,-3.18538027374232e-05
54,3766,0.0008855585687553132,-2.9278898021021514e-05
55,3822,0.0008170713122643864,-5.555563361809299e-05
56,3823,0.000835463130006379,-5.843988371778074e-05
57,3824,0.000854330738788566,-6.068592721704563e-05
58,3825,0.0008734909473314516,-6.27602037304387e-05
59,3826,0.0008930190530084909,-6.461620979537188e-05
60,3827,0.0009127365864824247,-6.6138224185017e-05
61,3828,0.0009345874037841334,-6.741913317829729e-05
62,4813,0.0015115160465709071,-8.68184503943817e-05
63,6639,0.002953936935195276,-0.00012336720289310503
64,6642,0.00273318691816945,-0.00012339329384825388
65,6646,0.0025124592422825403,-0.0001234833798325657
66,6649,0.002291925938141141,-0.00012367049528131389
67,6653,0.002072212308795977,-0.0001236004052690353
68,6656,0.0018545046801732427,-0.00012097879963716819
69,6660,0.003174692813633118,-1.7621471194280493e-05
70,6661,0.003174691366347523,-3.524316677312093e-05
71,6662,0.003174689219362238,-5.286510096105284e-05
72,6663,0.003174686469561297,-7.048750733602362e-05
73,6664,0.0031746834911109746,-8.811038188169796e-05
74,6665,0.003174680585204899,-0.00010573368818435707
75,7470,0.0031305303148028143,-0.0001233592830527508
76,7471,0.003086382076088731,-0.00012336125232708796
77,7472,0.0030422340842899457,-0.00012336310086898366
78,7473,0.002998085724305158,-0.00012336500661706517
79,7474,0.002909787206533818,-0.00012336995914096258
80,7475,0.002865637565981972,-0.00012337357870013583
81,7476,0.002821487599747075,-0.00012337840535865693
82,7477,0.0027773374652729993,-0.000123384831145045
83,7478,0.002689037353708635,-0.00012340427942031794
84,7479,0.0026448888494333632,-0.0001234183004967264
85,7480,0.0026007422499800593,-0.00012343587281666898
86,7481,0.002556598187741509,-0.00012345745920770335
87,7482,0.0024683267181466726,-0.0001235138394529657
88,7483,0.002424203020890939,-0.00012354926568578794
89,7484,0.002380090704985716,-0.00012358763151001448
90,7485,0.00233599647681998,-0.0001236288995391973
91,7486,0.002247887725403224,-0.00012370524015984787
92,7487,0.0022038864115148586,-0.00012372955837858894
93,7488,0.0021599332806170103,-0.00012373041383062752
94,7489,0.002116037605006455,-0.00012369392518985422
95,7490,0.002028468431773727,-0.00012342286871897697
96,7491,0.001984819280930793,-0.00012312511723329715
97,7492,0.0019412732201471961,-0.00012266098082305629
98,7493,0.0018978362753170087,-0.00012196974646172515
99,7494,0.0018112655119424342,-0.00011959051175970997
100,7495,0.0017680840997865925,-0.00011775601092761315
101,7496,0.001724924035846758,-0.00011516014478017043
102,7497,0.0016816610835227435,-0.00011185143258314275
103,8326,1.6001616153171746e-05,0.0
104,8327,3.201171663552905e-05,0.0
105,8328,4.8029744064203606e-05,0.0
106,8329,6.406097740972661e-05,0.0
107,8330,8.010642915479157e-05,0.0
108,8331,9.618035844324159e-05,0.0
109,8332,0.00011228213261610434,0.0
110,8333,0.00012841488296108593,0.0
111,8334,0.00014458646718103622,0.0
112,8335,0.00016080448068006358,0.0
113,8336,0.0001770743558394091,0.0
114,8337,0.00019339861864278748,0.0
115,8338,0.00020978885355890292,0.0
116,8339,0.00022625367011639238,0.0
117,8340,0.00024280140541960122,0.0
118,8341,0.0002594330685904997,0.0
119,8342,0.00027616609522612,0.0
120,8343,0.0002930119725645912,0.0
121,8344,0.0003099809175265409,0.0
122,8345,0.00032707224865519233,0.0
123,8346,0.0003443110444783941,0.0
124,8347,0.00036171271908319423,0.0
125,8348,0.0003792891099981645,0.0
126,8349,0.0003970357581997304,0.0
127,8350,0.0004149894240904923,0.0
128,8351,0.00043316939341557763,0.0
129,8352,0.00045158596262458487,0.0
130,8353,0.0004702364285943317,0.0
131,8354,0.0004891724228662212,0.0
132,8355,0.0005084015323334074,0.0
133,8356,0.0005279641828296798,0.0
134,8357,0.0005478534783802546,0.0
135,8358,0.0005680982992743055,0.0
136,8359,0.0005887174383616072,0.0
137,8360,0.0006097429789904785,0.0
138,8361,0.0006311975265421805,0.0
139,8362,0.0006531074040531877,0.0
140,8363,0.0006754981534995999,0.0
141,8364,0.0006983970320905003,0.0
142,8365,0.0007218305574007147,0.0
143,8366,0.0007458292318387242,0.0
144,8367,0.0007704203375274786,0.0
145,8368,0.0007956371479246355,0.0
146,8369,0.0008215071298074971,0.0
147,8370,0.0008480651825553411,0.0
148,8371,0.0008753364197619696,0.0
149,8372,0.0009033538152068303,0.0
150,8373,0.0009321319147957948,0.0
151,8374,0.0009616879634605048,0.0
152,8375,0.000992008605577845,0.0
153,8376,0.0010230817858590173,0.0
154,8377,0.0010548743765461366,0.0
155,8378,0.0010873548703228388,0.0
156,8379,0.0011204505516780303,0.0
157,8380,0.001154047540196583,0.0
158,8381,0.0011879923520069803,0.0
159,8382,0.0012221436732750511,0.0
160,8383,0.0012564214808536162,0.0
161,8384,0.0012909219680887524,0.0
162,8385,0.0013252565926340097,0.0
163,8386,0.0013605623291403509,0.0
164,8387,0.0013965628335051532,0.0
165,8388,0.0014339676279992192,0.0
166,8389,0.001472990949069987,0.0
167,8390,0.0015137460793325662,0.0
168,8391,0.0015562297556262344,0.0
169,8392,0.0016002527753508108,0.0
170,8393,0.0016454801075159254,0.0
171,8394,0.0016916664768458192,0.0
172,8395,0.0017385576868307365,0.0
173,8396,0.0017859388123817788,0.0
174,8397,0.0018336452062982544,0.0
175,8398,0.0018815521037862872,0.0
176,8399,0.0019295733507043709,0.0
177,8400,0.001977647397730666,0.0
178,8401,0.002025733121096987,0.0
179,8402,0.0020738055353814798,0.0
180,8403,0.0021218516734224507,0.0
181,8404,0.0021698657512672086,0.0
182,8405,0.0022178471807493103,0.0
183,8406,0.0022657969791875197,0.0
184,8407,0.0023137196544803116,0.0
185,8408,0.0023616183471914286,0.0
186,8409,0.0024094972152860737,0.0
187,8410,0.0024573598541578786,0.0
188,8411,0.002505209727817724,0.0
189,8412,0.002553049156167373,0.0
190,8413,0.00260088158634662,0.0
191,8414,0.00264870844753164,0.0
192,8415,0.0026965312929576263,0.0
193,8416,0.0027443513075520566,0.0
194,8417,0.0027921688972202315,0.0
195,8418,0.0028399857246361837,0.0
196,8419,0.00288780177449336,0.0
197,8420,0.002935617384021981,0.0
198,8421,0.002983432778754343,0.0
199,8422,0.003031247599725826,0.0
200,8423,0.003079062908704674,0.0
201,8424,0.0031268781998770503,0.0
202,10743,0.0013923340343542647,-1.3318738009995493e-05
203,10744,0.001388515815313906,-1.4476567563862817e-05
204,10745,0.0013843980637949051,-1.5699118006778292e-05
205,10746,0.0013800028492563052,-1.7025886096303422e-05
206,10747,0.001375368137055765,-1.8515981453396318e-05
207,10748,0.00137056450061309,-2.0259982015602252e-05
208,10749,0.0013657227482480082,-2.2399227908469373e-05
209,10750,0.0013610925611007645,-2.5159029005988408e-05
210,10751,0.0013571784479753956,-2.8906805101975777e-05
211,10752,0.0013550840061599,-3.426024361378884e-05
212,10753,0.0009886288830234036,1.3484193827350695e-06
213,10754,0.0009881259604080904,-1.1572127547036013e-05
214,10755,0.0009869488865282645,-2.2079408443997675e-05
215,10756,0.0009849153879396622,-3.083705931577657e-05
216,10757,0.0009821443636920829,-3.831229970317101e-05
217,10758,0.0009788096701688212,-4.4902789188585946e-05
218,10759,0.0009749301078833299,-5.0720267527071604e-05
219,10760,0.0009706566551039775,-5.598271036887248e-05
220,10761,0.0009660214080407553,-6.069620669496425e-05
221,10762,0.0009610103635088367,-6.486119395752196e-05
222,11444,0.0016291764102717662,-5.315122549723559e-05
223,11445,0.001629245068325978,-5.819187615434483e-05
224,11446,0.0016294510234798887,-6.335255722934151e-05
225,11447,0.0016298185311331204,-6.862711362289446e-05
226,11448,0.0016303758092555626,-7.400934487081245e-05
227,11449,0.0016311351365586246,-7.94809095884588e-05
228,11450,0.0016321100185983269,-8.502154262505758e-05
229,11451,0.0016333124051451913,-9.060951225666958e-05
230,11452,0.001634746421113928,-9.622629825973394e-05
231,11453,0.0016363846990749282,-0.00010185545000184775
232,12151,0.000966705653131494,2.1920328403330746e-06
233,12152,0.0009454655466296424,-7.930351049271771e-06
234,12153,0.0009246613661647082,-1.606704654033554e-05
235,12154,0.0009047200525702789,-2.3099110227991106e-05
236,12155,0.0008673115098435187,-3.554364204073618e-05
237,12156,0.0008512134356538178,-4.1003202405335826e-05
238,12157,0.000831230095060594,-4.375125207695271e-05
239,12158,0.0008161701404134672,-4.943270077628718e-05
240,12159,0.0008515494494807018,-4.838378860421109e-05
241,12160,0.0008689768370951071,-4.947069944086321e-05
242,12161,0.0008969906896430229,-5.707842156342399e-05
243,12162,0.0009141284756084907,-5.7630517056441664e-05
244,12163,0.000932725845787122,-5.61432885384608e-05
245,12164,0.0009520177913714046,-5.5451129211536945e-05
246,12165,0.0009366424458339942,-2.678511283805659e-05
247,12166,0.0009479660548491396,-3.63215052557019e-05
248,12167,0.0009547592828814675,-4.7119929098530784e-05
249,12168,0.0009682315679611822,-3.058730518647393e-05
250,12169,0.0009631145464291891,-1.2944480563047526e-05
251,12170,0.0009672457503216913,-2.28304154392022e-05
252,12171,0.0009727170166928057,-3.4323756983711212e-06
253,12172,0.0009509442334244231,-2.4585537392426202e-05
254,12173,0.0009461608453322416,-1.787869759049827e-05
255,12174,0.0009661136613330625,-3.725137737389125e-05
256,12175,0.0009663909671264554,-4.314096263924257e-05
257,12176,0.0008931070035613946,-3.955536668863301e-05
258,12177,0.0008963687963658065,-4.8791043397467e-05
259,12178,0.0009281116517548241,-3.7956068877695025e-05
260,12179,0.0009097458293889282,-3.769350989969436e-05
261,12180,0.0009130860612412259,-4.8120290290567565e-05
262,12181,0.0009319326750241425,-4.772482040320035e-05
263,12182,0.000922830253780314,-2.9322911759210156e-05
264,12183,0.0008825213009983835,-4.912404629422899e-05
265,12184,0.0008808751280949828,-4.1461118569646426e-05
266,12185,0.0009336940546656907,-6.37786127628213e-05
267,12186,0.0009497967090926118,-6.13704352484915e-05
268,12187,0.000948456202796773,-6.475258588078369e-05
269,12188,0.0009559052984910263,-3.0632840381565336e-05
270,12189,0.0008843335090431674,-5.638054714353473e-05
271,13335,0.001345589848614921,-3.812625085366845e-05
272,13336,0.0013324488246860228,-3.421569618809875e-05
273,13337,0.0013187200058921546,-3.0433733656493123e-05
274,13338,0.0013045482624483918,-2.6797447479867174e-05
275,13339,0.0012900452413851446,-2.331279404632083e-05
276,13340,0.0012753000153797403,-1.9981328401930074e-05
277,13341,0.0012603865198433538,-1.6803690844491065e-05
278,13342,0.0012453702297466188,-1.3779664051509096e-05
279,13343,0.0012303104859497024,-1.0906769023975068e-05
280,13344,0.001215257587917909,-8.180766847760657e-06
281,13345,0.0012002595560665762,-5.599041215810426e-06
282,13346,0.0011853597370751604,-3.1593606890920752e-06
283,13347,0.0011705972066154413,-8.59375936158682e-07
284,13348,0.0011416295138583154,3.328459930266903e-06
285,13349,0.0011274950222536614,5.220299325811041e-06
286,13350,0.0011136366905198747,6.980946190034788e-06
287,13351,0.0011000845771763025,8.612667934454084e-06
288,13352,0.0010868672842160824,1.011654516904304e-05
289,13353,0.0010740123453399847,1.1492054150693535e-05
290,13354,0.0010615474737572443,1.2739215793505357e-05
291,13355,0.0010495017546501791,1.3854254223772318e-05
292,13356,0.0010379070647293142,1.4832563267240096e-05
293,13357,0.0010267994982513875,1.566663776790108e-05
294,13358,0.0010162240808040614,1.634243784147357e-05
295,13359,0.0010062454787043232,1.6841299144464652e-05
296,13360,0.0009969762073218308,1.7139116691119573e-05
297,13361,0.0009715067944459368,-6.878933582740418e-05
298,13362,0.0009874664154588964,-6.844197607774674e-05
299,13363,0.001003702472035205,-6.755473143490824e-05
300,13364,0.0010202195466194187,-6.61355962269887e-05
301,13365,0.0010369612740526034,-6.419660748578854e-05
302,13366,0.0010539493355261808,-6.178159960017403e-05
303,13367,0.0010712296333565891,-5.8918827493285246e-05
304,13368,0.0010885806918310645,-5.566673000183961e-05
305,13369,0.0011057197260794076,-5.210147412133789e-05
306,13370,0.0011226867113689912,-4.828797813830746e-05
307,13371,0.0011394924937636302,-4.429221771924975e-05
308,13372,0.0011561840080709465,-4.0167643412146184e-05
309,13373,0.0011726992736499436,-3.598709153106291e-05
310,13374,0.0012052608861340447,-2.7743424155461278e-05
311,13375,0.001220905528054294,-2.3912320218412683e-05
312,13376,0.001236229883838365,-2.0387446667827823e-05
313,13377,0.0012512861137485252,-1.7191364626500622e-05
314,13378,0.0012660994496585087,-1.444854056353622e-05
315,13379,0.0012807852413396377,-1.209134518214917e-05
316,13380,0.001295394184531626,-1.0212265675330422e-05
317,13381,0.0013098946123039758,-8.912982128186163e-06
318,13382,0.001324205476279067,-8.11341882097518e-06
319,13383,0.0013383872583718397,-7.87875790114359e-06
320,13384,0.0013525596911657164,-8.180971840985458e-06
321,13385,0.001366808691905295,-9.00944659004533e-06
322,13386,0.0013812133375735993,-1.0352796410200549e-05
323,14290,0.0016287175376098419,-0.0001063042836015579
324,14291,0.0016192074764238295,-0.00010511609144572175
325,14292,0.0016096640839022454,-0.00010386302320001173
326,14293,0.00160008621345606,-0.00010254108640846275
327,14294,0.00159047058661843,-0.00010114625860826181
328,14295,0.0015808134392717094,-9.96745126076627e-05
329,14296,0.0015711087520730662,-9.812143472603847e-05
330,14297,0.0015613513141988088,-9.648260204659217e-05
331,14298,0.0015515346747381163,-9.475320181695928e-05
332,14299,0.0015416520692930068,-9.292813033239772e-05
333,14300,0.0015316942276928922,-9.100152320393464e-05
334,14301,0.0015216522874834314,-8.896723308529655e-05
335,14302,0.0015012720672751033,-8.454719121207935e-05
336,14303,0.0014909064539327195,-8.214478331125633e-05
337,14304,0.0014804022226241377,-7.960117057050793e-05
338,14305,0.0014697396577324697,-7.690483790075309e-05
339,14306,0.0014588930388801157,-7.404178312192369e-05
340,14307,0.0014478324188288451,-7.09957452506944e-05
341,14308,0.0014365189937991514,-6.774677344499593e-05
342,14309,0.001424902295953204,-6.427035181234368e-05
343,14310,0.0014129108304595872,-6.053505740827989e-05
344,14311,0.0014004428724938153,-5.6501942404439696e-05
345,14312,0.0013873389940253463,-5.212321115331546e-05
346,14313,0.0013733315031213738,-4.7351631604564806e-05
347,14314,0.0014038861683148937,-1.3387008461615776e-05
348,14315,0.0014120354465983183,-1.4679547757292027e-05
349,14316,0.001420282588899845,-1.6061512414778402e-05
350,14317,0.0014286218669010771,-1.7512723721281737e-05
351,14318,0.0014370669549046541,-1.9025790244840677e-05
352,14319,0.0014456054664467336,-2.058457224849507e-05
353,14320,0.0014542357154624702,-2.2184430755681907e-05
354,14321,0.0014629515255195724,-2.3805568434772763e-05
355,14322,0.0014717515722312512,-2.543486343310746e-05
356,14323,0.0014806305482866202,-2.7064624080225805e-05
357,14324,0.0014895820117138828,-2.8683656573002092e-05
358,14325,0.0014985991373287356,-3.0282662085219548e-05
359,14326,0.0015168099460263723,-3.339287097142647e-05
360,14327,0.0015259941440017544,-3.4893436039193745e-05
361,14328,0.001535225502274642,-3.635361410280998e-05
362,14329,0.001544496407540668,-3.777016346757199e-05
363,14330,0.0015538031825303405,-3.9137204407101706e-05
364,14331,0.0015631442189166988,-4.045091545244857e-05
365,14332,0.0015725163535886303,-4.171500359256252e-05
366,14333,0.0015819137908591964,-4.29296474816755e-05
367,14334,0.0015913330292431922,-4.40856749186916e-05
368,14335,0.0016007768678674638,-4.5193661013125644e-05
369,14336,0.001610239967510892,-4.625396760202956e-05
370,14337,0.0016197182234225559,-4.7263414961212145e-05
371,15171,0.0016333551342223086,-1.0762338636165e-05
372,15172,0.0016655080668792608,-2.2578897923812164e-05
373,15173,0.0016296632172811908,-3.27206116689122e-05
374,15174,0.0016273164572451104,-3.862964251343914e-05
375,15175,0.0016324082700843582,-4.417878895534385e-05
376,15176,0.0014350884804608887,-3.1718670762221243e-06
377,15177,0.0014334078085359641,-6.329317621263509e-06
378,15178,0.0014258537655918808,-9.146194730753182e-06
379,15179,0.0014314222475021168,-1.2550841532031027e-05
380,15180,0.0014305340189965723,-1.4979845174075438e-05
381,15181,0.0014235594786843322,-1.541187127998764e-05
382,15182,0.0014011747809364677,-2.354472296857224e-06
383,15183,0.0014016481865895328,-4.628813371230588e-06
384,15184,0.0013988173122659914,-6.5467526171584385e-06
385,15185,0.0013870872635716842,-8.846299906623397e-06
386,15186,0.0013847950803035124,-9.660280520097284e-06
387,15187,3.188925461803902e-05,-0.00011679248527965979
388,15188,3.181108439013973e-05,-0.000106670100224586
389,15189,3.180170032615276e-05,-9.659129022808839e-05
390,15190,3.190670175779675e-05,-8.656013316112022e-05
391,15191,3.217748935146405e-05,-7.657802106346881e-05
392,15192,3.2785473950910424e-05,-6.670826982937961e-05
393,15193,3.412279565317414e-05,-5.7080265667257056e-05
394,15194,3.7338377959441557e-05,-4.812323597210235e-05
395,15195,4.614895738877847e-05,-4.1105831325084666e-05
396,15196,5.014887217537593e-05,-3.3932699231923684e-05
397,15197,5.2648929701687693e-05,-2.6177985320110215e-05
398,15198,5.4189886599990804e-05,-1.7814664934580828e-05
399,15199,3.662152399096908e-05,-1.0731172934417249e-05
400,15200,3.4620024632171334e-05,-5.1966632708748475e-06
401,15201,6.37615547563685e-05,-0.0001173543484608891
402,15202,6.35881833199041e-05,-0.00010747211387380664
403,15203,6.356050264666344e-05,-9.766982646118102e-05
404,15204,6.37005831467679e-05,-8.794496227347466e-05
405,15205,6.411930231177708e-05,-7.834697638944728e-05
406,15206,6.495407389961245e-05,-6.892016007326824e-05
407,15207,6.653400368928259e-05,-5.9821115960446705e-05
408,15208,6.937405311210311e-05,-5.1250654980194605e-05
409,15209,7.386226247249463e-05,-4.349615078505435e-05
410,15210,7.753282673796006e-05,-3.5954351450207656e-05
411,15211,8.067942413094842e-05,-2.8472063745962608e-05
412,15212,8.44938265752792e-05,-2.128996489843579e-05
413,15213,9.15136315178925e-05,-1.5668619074044767e-05
414,15214,5.7828414961682314e-05,-9.09504225474166e-06
415,15215,5.315411389804577e-05,-4.664832231408603e-06
416,15216,9.558168951547434e-05,-0.00011811533846020133
417,15217,9.531395644785454e-05,-0.00010845153347898668
418,15218,9.521651697531564e-05,-9.887050640187137e-05
419,15219,9.535961307010024e-05,-8.940812801273456e-05
420,15220,9.57748206285532e-05,-8.007508105443577e-05
421,15221,9.660709882029284e-05,-7.095474213030976e-05
422,15222,9.800758419357187e-05,-6.210515929014384e-05
423,15223,0.0001001595957182312,-5.366054966919083e-05
424,15224,0.00010308241566497973,-4.5649287998841236e-05
425,15225,0.00010598837495847123,-3.792615089896423e-05
426,15226,0.00010900920936561791,-3.0414221218991744e-05
427,15227,0.0001120467643604765,-2.320454338630574e-05
428,15228,0.00011518205499018185,-1.6489205887828868e-05
429,15229,9.107035344108444e-05,-6.773387646875164e-06
430,15230,8.262772822705492e-05,-2.587979533330487e-06
431,15231,0.00012733665321100395,-0.00011908518865701105
432,15232,0.00012694099293333018,-0.0001095923060884177
433,15233,0.00012678401814820772,-0.00010020147449585856
434,15234,0.00012686012838469877,-9.091497543117442e-05
435,15235,0.00012724259552138303,-8.178300781842107e-05
436,15236,0.00012796030820857486,-7.282253946998606e-05
437,15237,0.00012911688860397445,-6.411190231999334e-05
438,15238,0.00013079480802171784,-5.5679387589876853e-05
439,15239,0.000132907937013311,-4.755194984576415e-05
440,15240,0.00013538403419322042,-3.9682606355686565e-05
441,15241,0.00013790657806816612,-3.200938416981968e-05
442,15242,0.0001407025431434543,-2.462502161911484e-05
443,15243,0.0001429364151830265,-1.7504260536615865e-05
444,15244,0.00011450723770394472,-9.468878532793004e-06
445,15245,0.00011273130633853462,-4.129745747829569e-06
446,15246,0.0001589846375116287,-0.00012027036012786843
447,15247,0.00015847496448740002,-0.0001109226027323213
448,15248,0.00015822126605452406,-0.0001016610524122703
449,15249,0.0001582615440741964,-9.251373237725735e-05
450,15250,0.0001585703089900382,-8.348576320426491e-05
451,15251,0.0001592010471540619,-7.462551124912969e-05
452,15252,0.00016017871719455163,-6.594884007257761e-05
453,15253,0.0001615245889322183,-5.749223646850924e-05
454,15254,0.00016332343160516667,-4.926882924915291e-05
455,15255,0.0001653642754667223,-4.12207218318762e-05
456,15256,0.00016787440722435982,-3.339918798174661e-05
457,15257,0.0001703088214657254,-2.564129087517701e-05
458,15258,0.00017297030520751946,-1.8016508047689115e-05
459,15259,0.00014413606992778617,-1.0993596329285981e-05
460,15260,0.00014441649850152169,-3.6090738847469526e-06
461,15261,0.00019050884200840025,-0.00012169853889803787
462,15262,0.0001898621741785496,-0.00011245885845290586
463,15263,0.00018955347777204235,-0.0001033029540968402
464,15264,0.00018953818459437944,-9.423163033450853e-05
465,15265,0.00018983580309922375,-8.527091696813093e-05
466,15266,0.00019041097813503446,-7.643135006685825e-05
467,15267,0.0001912897190378872,-6.774272739622332e-05
468,15268,0.00019253108466062987,-5.922776539187577e-05
469,15269,0.00019407602060286474,-5.0862147480802576e-05
470,15270,0.00019614163363560996,-4.27027251107189e-05
471,15271,0.00019836978879072853,-3.460335535698605e-05
472,15272,0.00020117912930839419,-2.673978935509021e-05
473,15273,0.00020367817387180148,-1.888190684861209e-05
474,15274,0.00017493994784557851,-9.790008584637224e-06
475,15275,0.00017620511891559048,-4.350390204969568e-06
476,15276,0.0002218522606932384,-0.00012339121996940116
477,15277,0.00022109785605518614,-0.00011424540385744022
478,15278,0.00022072021153340656,-0.00010516061728893258
479,15279,0.00022072125534510734,-9.614184108630756e-05
480,15280,0.00022101977912160253,-8.719473357547323e-05
481,15281,0.00022162330508711104,-7.833878784732745e-05
482,15282,0.0002225151363597185,-6.959645421270391e-05
483,15283,0.000223694473969329,-6.096419036770681e-05
484,15284,0.00022531909280865996,-5.249652539117104e-05
485,15285,0.0002272166702323321,-4.408686864365416e-05
486,15286,0.0002297967228436337,-3.5879293114882775e-05
487,15287,0.00023242225405766166,-2.7578850491625598e-05
488,15288,0.00023576264226829823,-1.9393298652792484e-05
489,15289,0.00020630781891113804,-1.1709610847884628e-05
490,15290,0.00020869922217816832,-3.81515415693599e-06
491,15291,0.0002529806475389461,-0.00012537745597823485
492,15292,0.00025210402301062683,-0.00011631373259507657
493,15293,0.0002517262831717533,-0.00010728753292602279
494,15294,0.00025174065771880945,-9.829222000369571e-05
495,15295,0.0002521354662304978,-8.933170918146201e-05
496,15296,0.0002528136521157012,-8.042464795322558e-05
497,15297,0.0002537824210744221,-7.157786558721885e-05
498,15298,0.00025509110732338183,-6.283919135726917e-05
499,15299,0.00025669160595611084,-5.4152092359294345e-05
500,15300,0.00025889697522449745,-4.563519754420125e-05
501,15301,0.00026132797526959046,-3.707062733418092e-05
502,15302,0.00026459010988954737,-2.8733892847156927e-05
503,15303,0.0002676655746214193,-2.0285468600722593e-05
504,15304,0.0002388660803699478,-1.0458847085940453e-05
505,15305,0.00024121383258059545,-4.649828468933855e-06
506,15306,0.00028380903486873463,-0.00012768059927577378
507,15307,0.0002828638887427833,-0.00011869756154689758
508,15308,0.00028247302606904107,-0.00010972127795608727
509,15309,0.00028260783146793437,-0.00010073176170156175
510,15310,0.0002831011541852543,-9.173538433600771e-05
511,15311,0.00028394964011985586,-8.273789304991729e-05
512,15312,0.00028507854575760607,-7.378035657518587e-05
513,15313,0.000286497914229094,-6.484511942282136e-05
514,15314,0.0002883748677512261,-5.602444961817689e-05
515,15315,0.00029055509514873423,-4.717840992194683e-05
516,15316,0.0002935414198319263,-3.8514451453728666e-05
517,15317,0.00029666975823782886,-2.9660883237314033e-05
518,15318,0.0003007725915947022,-2.091164881987395e-05
519,15319,0.0002711909901818672,-1.258429418285421e-05
520,15320,0.0002746354340972877,-4.093206673707273e-06
521,15321,0.00031428785746143444,-0.00013031741530705962
522,15322,0.00031326107103917596,-0.00012142267905440868
523,15323,0.0003129726708883549,-0.00011248868363208895
524,15324,0.0003132046241948004,-0.0001034948783545128
525,15325,0.00031392661009651217,-9.443191203136405e-05
526,15326,0.0003149478738887003,-8.533115048664224e-05
527,15327,0.00031629380613542197,-7.619722665415633e-05
528,15328,0.0003179654315304695,-6.71048202320134e-05
529,15329,0.0003199452784942365,-5.798956296043685e-05
530,15330,0.0003225684781316817,-4.90099179235214e-05
531,15331,0.00032548982465773494,-3.9913660436818185e-05
532,15332,0.0003293937303082181,-3.103030909366737e-05
533,15333,0.00033325183829534813,-2.1958687600535414e-05
534,15334,0.00030481129228053744,-1.1282490343774908e-05
535,15335,0.0003079060397456634,-5.0203927374199696e-06
536,15336,0.00034429122526631676,-0.0001332997820151368
537,15337,0.000343291835280702,-0.00012449903440227264
538,15338,0.00034308442838524043,-0.00011561022389916722
539,15339,0.0003435832361646051,-0.00010658759319152257
540,15340,0.00034448210701723526,-9.744330629555888e-05
541,15341,0.00034579673653068436,-8.818730535278184e-05
542,15342,0.00034737508665575687,-7.888441463700024e-05
543,15343,0.0003492607167478809,-6.952351831417463e-05
544,15344,0.0003515884401038212,-6.022596994959078e-05
545,15345,0.0003542586743575136,-5.084981318246856e-05
546,15346,0.00035781073685731184,-4.163089823137815e-05
547,15347,0.0003616723141589702,-3.2165321812617835e-05
548,15348,0.0003667540586547068,-2.276270803411815e-05
549,15349,0.00033770878478458675,-1.3654500009353844e-05
550,15350,0.00034228672683440627,-4.448543704741496e-06
551,15351,0.0003737621714666783,-0.00013662198155595898
552,15352,0.00037279874533649606,-0.00012793557045900932
553,15353,0.00037288406579650933,-0.00011907877494059404
554,15354,0.0003735987291473704,-0.00011001435892736241
555,15355,0.00037485004642818587,-0.00010073686716312487
556,15356,0.0003763717276243293,-9.131265613785726e-05
557,15357,0.0003782500338541504,-8.175988612220251e-05
558,15358,0.0003804151773144245,-7.217915131091042e-05
559,15359,0.00038288247323820673,-6.252271625848003e-05
560,15360,0.0003859883159087442,-5.2971078927838025e-05
561,15361,0.0003894987123152238,-4.327994475853545e-05
562,15362,0.00039414942290429475,-3.3777179508502496e-05
563,15363,0.0003990966615768214,-2.4044309793378622e-05
564,15364,0.0003721661722650813,-1.2342168611318253e-05
565,15365,0.00037638103872253593,-5.500450723166505e-06
566,15366,0.0004025260336638831,-0.00014027352368866096
567,15367,0.0004018196199178943,-0.00013171465348981164
568,15368,0.000402222433400914,-0.0001228952685105314
569,15369,0.0004034465449246281,-0.00011373226474316028
570,15370,0.00040488147542103013,-0.00010428636162763484
571,15371,0.00040673347683817886,-9.461762415523174e-05
572,15372,0.0004088400877200333,-8.482454735654881e-05
573,15373,0.00041124829754773164,-7.490385799294593e-05
574,15374,0.0004139972927074466,-6.500419873406871e-05
575,15375,0.00041708564456692483,-5.5023552907675934e-05
576,15376,0.0004211084648337782,-4.5188994392024135e-05
577,15377,0.00042570070150072843,-3.512011777651436e-05
578,15378,0.00043192202032521975,-2.505425630584535e-05
579,15379,0.0004049589899796198,-1.5040472866118061e-05
580,15380,0.00041181833871828345,-4.930711377963728e-06
581,15381,0.0004305070020609866,-0.0001442128629722035
582,15382,0.0004301596421727156,-0.00013583088369453517
583,15383,0.0004313195672918657,-0.00012702535681033663
584,15384,0.00043311776969530294,-0.0001177158407225641
585,15385,0.00043478746817467677,-0.00010797152769853195
586,15386,0.000436700834111931,-9.804538374646236e-05
587,15387,0.00043914398675842255,-8.792756761096608e-05
588,15388,0.00044182060789572984,-7.771135996885458e-05
589,15389,0.00044457173922246806,-6.740144812934437e-05
590,15390,0.00044785989109160805,-5.7208398262901714e-05
591,15391,0.00045164443894830117,-4.694578460643351e-05
592,15392,0.0004566858453046183,-3.687309207050398e-05
593,15393,0.00046238800802340425,-2.6652377755675293e-05
594,15394,0.0004395751636161137,-1.3823405014239031e-05
595,15395,0.000446451441555513,-6.193002113138988e-06
596,15396,0.0004574499893983983,-0.0001483887433663349
597,15397,0.0004578427637216952,-0.0001402371813013812
598,15398,0.00046008627399485313,-0.00013150278852422153
599,15399,0.00046345654888291265,-0.0001218526989860985
600,15400,0.0004643394171830625,-0.00011166180700247048
601,15401,0.00046629943911699823,-0.00010139983753489839
602,15402,0.00046905718671651307,-9.10213672996349e-05
603,15403,0.000472157188799056,-8.038577374197381e-05
604,15404,0.0004748055369077866,-6.974170244350027e-05
605,15405,0.00047769412148156816,-5.9154713566470184e-05
606,15406,0.00048160534551992357,-4.877009926120715e-05
607,15407,0.0004862492064492433,-3.828657400550071e-05
608,15408,0.0004924253237128436,-2.7853998633085394e-05
609,15409,0.0004695037688139803,-1.7142342452657377e-05
610,15410,0.0004825054170700965,-5.8068249843839414e-06
611,15411,0.0008507856940464462,-6.935523066351034e-05
612,15412,0.0008460795145027355,-7.705629732999845e-05
613,15413,0.0008403521600518681,-8.413450759359375e-05
614,15414,0.0008331650505583245,-9.037245848008028e-05
615,15415,0.0008258505685773955,-9.608219129901206e-05
616,15416,0.0008333471829857808,-0.00010127503712434531
617,15417,0.0008217581991760278,-0.00010598677386388305
618,15418,0.0008092402574795018,-0.00011072281244496737
619,15419,0.0007956114163204852,-0.00011527685681717458
620,15420,0.0007814862282375743,-0.00011950902045255581
621,15421,0.0007668660987947296,-0.00012326737403050637
622,15422,0.0007521111140083221,-0.00012629759413516575
623,15423,0.0007372262739257379,-0.00012840691361451137
624,15424,0.0007217322502160944,-0.00012950318153142246
625,15425,0.0007033581307494519,-0.00013050756480670399
626,15426,0.0006848336200592865,-0.00013091580699197908
627,15427,0.0006783829655106587,-0.00012350072543918937
628,15428,0.0006581661738951145,-0.00012263871594392302
629,15429,0.0006370597423357488,-0.0001211429295207146
630,15430,0.0006149212729202841,-0.00011927178066895945
631,15431,0.0005920616035216728,-0.00011684788969009849
632,15432,0.0005691157854115433,-0.00011384668279180329
633,15433,0.0005455911820472541,-0.0001105328624073626
634,15434,0.0005212912630567502,-0.00010723642107299593
635,15435,0.0004948302357982408,-0.00010452353093135006
636,15436,0.0006011150106077973,-0.00010745089730290007
637,15437,0.000609941004761835,-9.76259206474703e-05
638,15438,0.0006176932022217083,-8.759780742443231e-05
639,15439,0.0006243168782493362,-7.746160469378603e-05
640,15440,0.0006301359600669403,-6.702213621143247e-05
641,15441,0.0006354695337697583,-5.631095852778926e-05
642,15442,0.0006401853233801764,-4.5319616011502785e-05
643,15443,0.0006445081222167895,-3.414254299672558e-05
644,15444,0.0006481058127783427,-2.2833933648020048e-05
645,15445,0.000651073713411116,-1.14438598788018e-05
646,15446,0.0006910411717966309,-0.0001154229723046158
647,15447,0.0007038433900828474,-0.0001069591719062693
648,15448,0.0007161715118202544,-9.855585601710688e-05
649,15449,0.0007268559725565096,-8.983447213810279e-05
650,15450,0.0007363330135977927,-8.038847914040651e-05
651,15451,0.0007449132207825523,-7.030482137360495e-05
652,15452,0.000752415168922953,-5.950386941576351e-05
653,15453,0.0007588338801937357,-4.824476815095999e-05
654,15454,0.0007638852900918091,-3.649702926092605e-05
655,15455,0.0007675894520740552,-2.4509601087848083e-05
656,15456,0.0007697613215832591,-1.2289259125082835e-05
657,15457,0.0006984672048073088,-0.00012377598169733926
658,15458,0.0007115715020657077,-0.00011595784363372638
659,15459,0.0007242277677126948,-0.00010774694592486685
660,15460,0.0007364926021521411,-9.92545576764154e-05
661,15461,0.0007477783211779317,-9.031412944747045e-05
662,15462,0.0007582609680621897,-8.08406039342994e-05
663,15463,0.0007676712209424162,-7.065217621009407e-05
664,15464,0.0007760683228981458,-5.9915172881987715e-05
665,15465,0.0007830615642872917,-4.854230769414495e-05
666,15466,0.0007886682513259708,-3.6807726778794267e-05
667,15467,0.0007926231890128637,-2.4683202571920112e-05
668,15468,0.0007949830698173136,-1.2403647560051372e-05
669,15469,0.0008649202606907578,-7.821478132002701e-05
670,15470,0.000885079206575545,-7.899334983360533e-05
671,15471,0.0009074495919407495,-7.934551305387825e-05
672,15472,0.0009338691837185555,-7.862804901674937e-05
673,15473,0.0009559732517452721,-7.850187798099608e-05
674,15474,0.0009820863564920434,-7.592077487747943e-05
675,15475,0.001011565544937696,-7.265947575728647e-05
676,15476,0.001030323988237337,-6.978574038119232e-05
677,15477,0.0010484680196748905,-6.555065209602477e-05
678,15478,0.0010691379183696418,-5.974132352693682e-05
679,15479,0.0010955841713980367,-5.185430653919848e-05
680,15480,0.001112849706216611,-4.369223323630909e-05
681,15481,0.0011279368955273235,-3.531518888377018e-05
682,15482,0.0011393635931240948,-2.6466653268901627e-05
683,15483,0.0011470697043001214,-1.7549826838367455e-05
684,15484,0.001152058935934317,-8.730521516769342e-06
685,15485,0.0008696444564391881,-7.081326971114669e-05
686,15486,0.000966412978215745,-7.221961095930106e-05
687,15487,0.0009961570550186091,-7.134968809555068e-05
688,15488,0.0011852899206481623,-7.5124556940249215e-06
689,15489,0.0012183208063861251,-6.171513796378277e-06
690,15490,0.001250274180219445,-4.888520197735931e-06
691,15491,0.0012799185955585234,-3.894908383970191e-06
692,15492,0.0013027345004930635,-3.6456672305638453e-06
693,15493,0.0013470648624262077,-2.589343632832232e-06
694,15494,0.001370834743696254,-2.172751449804582e-06
695,15495,0.001180112724537577,-1.5178774580473512e-05
696,15496,0.0012124477123175552,-1.2495237955873967e-05
697,15497,0.0012437592598701014,-9.819612005494882e-06
698,15498,0.0012730224251953064,-7.598080810920947e-06
699,15499,0.001298769264414275,-5.847734956690254e-06
700,15500,0.0013228544981049193,-4.695240372256386e-06
701,15501,0.0013474626108324408,-4.0889674180914375e-06
702,15502,0.0013735186817153214,-3.993869674901955e-06
703,15503,0.0011608505000473197,-3.1398528478304975e-05
704,15504,0.0011951797100180662,-2.5417410398344314e-05
705,15505,0.0012266493406148484,-1.9365842189131525e-05
706,15506,0.001251521202360479,-1.5429583952158974e-05
707,15507,0.001269992689863835,-1.2953969967254732e-05
708,15508,0.0012882222218989453,-1.0587167457545506e-05
709,15509,0.0013069903249267505,-8.804709595764181e-06
710,15510,0.001342550277962887,-7.370811112009445e-06
711,15511,0.0013568388790584835,-7.68568709023646e-06
712,15512,0.0013706418256782807,-8.449788946284636e-06
713,15513,0.0010172964672196857,-6.930397587262615e-05
714,15514,0.0010399390634354604,-6.592703110541151e-05
715,15515,0.001057530339246727,-6.330483566188371e-05
716,15516,0.0010754861837097968,-5.9793894063080265e-05
717,15517,0.0010949561291576817,-5.519334114605031e-05
718,15518,0.0011128117434585933,-5.02564067108415e-05
719,15519,0.0011279335850342008,-4.504743922693465e-05
720,15520,0.0011394379755380062,-3.933610103388394e-05
721,15521,0.0010669989871237677,-6.0715538692901264e-05
722,15522,0.0010850977610496022,-5.723998373205414e-05
723,15523,0.0011080948361618357,-5.222120840173687e-05
724,15524,0.0011297085808620484,-4.676651954988028e-05
725,15525,0.0011423918188946415,-4.2670475484956065e-05
726,15526,0.0011555515371302228,-3.867917271175946e-05
727,15527,0.0011661682034779235,-3.5061588077051325e-05
728,15528,0.001281627189380754,-1.1850043069153658e-05
729,15529,0.0012020264787725372,-2.6317359471874263e-05
730,15530,0.0012212124024277877,-2.226666518806052e-05
731,15531,0.0012402789663345957,-1.8837878808950354e-05
732,15532,0.0012619738564051371,-1.4959033408935373e-05
733,15533,0.001135945570585941,-4.532653757711092e-05
734,15534,0.0011519133441128743,-4.130378994576392e-05
735,15535,0.0011685724186613557,-3.694570370732591e-05
736,15536,0.0011763870817859954,-3.4505366210582545e-05
737,15537,0.001183202658813188,-3.234489385944051e-05
738,15538,0.0011850929467624137,-3.272340003460083e-05
739,15539,0.0011865590681479413,-3.207564494218908e-05
740,15540,0.0012378955183859836,-1.9899313346563415e-05
741,15541,0.001196607111380239,-2.958034392566672e-05
742,15542,0.0012088532858609677,-2.656214659089015e-05
743,15543,0.0012237756814044863,-2.3066456124946884e-05
744,15544,0.0011955852199630815,-3.0036015954429718e-05
745,15545,0.001215208871901913,-2.4498411330236312e-05
746,15546,0.0012029365377008467,-2.7168877452855276e-05
747,15547,0.0012264468679950638,-2.2092402650081203e-05
748,15548,0.0012505321524751546,-1.7277038751783843e-05
749,15549,0.001155937458660659,-3.977567754575179e-05
750,15550,0.0011659664572194256,-3.6679798484715426e-05
751,15551,0.0011760252929726757,-3.355319060973861e-05
752,15552,0.0011457591660284296,-4.2679071575701904e-05
753,15553,0.0011223068619897701,-4.8656225727208473e-05
754,15554,0.0012947185536722361,-1.0228011007005555e-05
755,15555,0.0010536871001763828,-6.28455313430644e-05
756,15556,0.0010460703164670744,-6.621075287009209e-05
757,15557,0.0010633339346046813,-6.255142744928836e-05
758,15558,0.0010813133643009785,-5.7956714924344875e-05
759,15559,0.0010969969279600372,-5.341682692425373e-05
760,15560,0.001032608899765211,-6.831974457294062e-05
761,15561,0.0011721027650956762,-2.305935596571598e-05
762,15562,0.0013456649985946233,-5.566238794112971e-06
763,15563,0.0013337212925817652,-6.766601175655733e-06
764,15564,0.0012049941700473558,-1.890577509311645e-05
765,15565,0.001236190070513747,-1.4725040206888268e-05
766,15566,0.0013195449391446702,-6.249371983026113e-06
767,15567,0.0013137985419025852,-7.633886378308999e-06
768,15568,0.0012673144684268369,-1.115028951791042e-05
769,15569,0.0012950807865478042,-7.936275298241404e-06
770,15570,0.0012938192896762657,-9.214253925270796e-06
771,15571,0.001277017330548298,-1.114520921545674e-05
772,15572,0.001373239328002164,-5.689515627474507e-06
773,15573,0.0013613153009002894,-7.130818583941422e-06
774,15574,0.0013743242174054037,-7.839643511762949e-06
775,15575,0.0008895679123425033,-7.212196351111612e-05
776,15576,0.0009106712939612209,-7.310225084489086e-05
777,15577,0.000932676673530432,-7.334245607911919e-05
778,15578,0.0009509846169523754,-7.248068102824572e-05
779,15579,0.0008207923011756583,-1.2478981102681857e-05
780,15580,0.0008473061837453663,-1.2572065048133559e-05
781,15581,0.0008745071511452213,-1.2606730348963594e-05
782,15582,0.000902510011622059,-1.2635613867831145e-05
783,15583,0.0009312356439559785,-1.2545765448223424e-05
784,15584,0.0009607482215375183,-1.2393051650222588e-05
785,15585,0.0009909378367843604,-1.2103957717659175e-05
786,15586,0.0010219216011333422,-1.1759919831472326e-05
787,15587,0.0010535919558473123,-1.126659517858593e-05
788,15588,0.0010859898171691727,-1.0610347518054272e-05
789,15589,0.0011188081965553857,-9.755685453768057e-06
790,15590,0.0008182762590345019,-2.4887254559111106e-05
791,15591,0.000844516271437603,-2.5011790426075054e-05
792,15592,0.0008715528550607627,-2.5165229364850467e-05
793,15593,0.0008993072106425437,-2.5160003899532274e-05
794,15594,0.000927929515314844,-2.5072776429866462e-05
795,15595,0.0009571562760551136,-2.467102061504693e-05
796,15596,0.0009871236597661288,-2.417117766996452e-05
797,15597,0.0010177326252783234,-2.3449279128928476e-05
798,15598,0.0010492954284050896,-2.2582774397038534e-05
799,15599,0.0010815156345654721,-2.122665293807394e-05
800,15600,0.0011142680982436295,-1.9574792868439363e-05
801,15601,0.0007991411335978721,-0.00011653132949951432
802,15602,0.0008168537932066142,-0.00011267312833107982
803,15603,0.0008342413789669137,-0.00010810339182946715
804,15604,0.0008517219821288119,-0.0001027829348068757
805,15605,0.0008687998111729816,-9.672656981588181e-05
806,15606,0.0008856532430782333,-9.000812805441047e-05
807,15607,0.000901499990017525,-8.262656110151133e-05
808,15608,0.0009158739571522015,-7.501882392730918e-05
809,15609,0.0009272649515305227,-6.728446912768047e-05
810,15610,0.0009335571634746612,-5.919526463459249e-05
811,15611,0.0009427815133590119,-4.840893719797427e-05
812,15612,0.0009511112549822738,-3.682100778721752e-05
813,15613,0.000980383149770021,-3.599448322982968e-05
814,15614,0.0010105075884974315,-3.510214070236046e-05
815,15615,0.0010415910363504146,-3.396139167705209e-05
816,15616,0.0010742404428868923,-3.190228433016918e-05
817,15617,0.0011066943735804035,-2.9395653404989016e-05
818,15618,0.000923412909676575,-8.434136890431657e-05
819,15619,0.0009130385534817278,-8.914367081993105e-05
820,15620,0.0009019669406349182,-9.336239917739627e-05
821,15621,0.0008900974013255515,-9.71106895406156e-05
822,15622,0.0008773520821947543,-0.0001004506227664428
823,15623,0.0008635998367570153,-0.00010343412291547199
824,15624,0.0008492800918031285,-0.00010597503255902674
825,15625,0.0009710144732549839,-4.7342170628293824e-05
826,15626,0.0009993464124621997,-4.654712025472375e-05
827,15627,0.0010297484660634142,-4.5932683211176896e-05
828,15628,0.00106469115174529,-4.253681509383624e-05
829,15629,0.001096646962869872,-3.888278761379156e-05
830,15630,0.0009598867850849418,-5.734976581694064e-05
831,15631,0.00098484325038721,-5.630410295768014e-05
832,15632,0.001006945080040293,-5.4623565373944434e-05
833,15633,0.0010303583042655684,-5.424673150399012e-05
834,15634,0.0010560766423314545,-5.093816330655054e-05
835,15635,0.0010839691264975908,-4.7518386363255565e-05
836,15636,0.000867382937611914,-0.00010116511074508838
837,15637,0.0008856068139657968,-9.554706371464028e-05
838,15638,0.000903376987511447,-8.9115149329963e-05
839,15639,0.0009204283398087108,-8.202747581442144e-05
840,15640,0.0009357506309543087,-7.422733161923314e-05
841,15641,0.0009489209516488926,-6.617977776663853e-05
842,15642,0.0009463080191462161,-8.298599432856058e-05
843,15643,0.0009349557174089129,-8.714014219014946e-05
844,15644,0.0009231467440353425,-9.076845861173868e-05
845,15645,0.0009107017138042398,-9.392529724579927e-05
846,15646,0.000897181116614561,-9.672126801130953e-05
847,15647,0.0008827046307110904,-9.913639251575339e-05
848,15648,0.0009019031437293698,-9.39698478220512e-05
849,15649,0.0009211607133278775,-8.793589464424468e-05
850,15650,0.0009398464228429255,-8.097902081988303e-05
851,15651,0.0009568754489017292,-7.332876583331655e-05
852,15652,0.0009714900867172242,-6.475611089388154e-05
853,15653,0.0009175395150758877,-9.205272282837271e-05
854,15654,0.0009384679104528338,-8.639487747561055e-05
855,15655,0.0009598338023442683,-7.964291522071415e-05
856,15656,0.0009784895284748194,-7.202316954565845e-05
857,15657,0.0009948832175967473,-6.397701913420292e-05
858,15658,0.0009698424416171366,-8.05048423083798e-05
859,15659,0.0009569757417139451,-8.424262963310738e-05
860,15660,0.0009442189122919205,-8.735649644967131e-05
861,15661,0.0009318775094708449,-8.980173560558232e-05
862,15662,0.0009541224808363226,-8.463668977193503e-05
863,15663,0.0009812162649298476,-7.778242509088126e-05
864,15664,0.001001102232010762,-7.001174741625224e-05
865,15665,0.00101674073021788,-6.229100351636955e-05
866,15666,0.0009932858719755003,-7.718371568781967e-05
867,15667,0.0009775803603776353,-8.071578822289794e-05
868,15668,0.0009644127410914498,-8.329571337046156e-05
869,15669,0.0010421030926937645,-5.888565284849923e-05
870,15670,0.0010682762871284405,-5.5543777001743545e-05
871,15671,0.0010485674721886886,-6.299163452339949e-05
872,15672,0.0010299134018496576,-6.90131053153752e-05
873,15673,0.0010124170314494332,-7.357476117878383e-05
874,15674,0.0010254280226007328,-6.651901658768591e-05
875,15675,0.0010080802640556922,-7.287966391511175e-05
876,15676,0.000995102416826378,-7.689332282448292e-05
877,15677,0.000980381040392761,-7.949258206706008e-05
878,15678,0.0008133026226990289,-0.00011310604574728844
879,15679,0.0008310972723874299,-0.00010999195431399713
880,15680,0.0009002620715793547,-8.516322527227914e-05
881,15681,0.0008787116064742057,-8.530380179741825e-05
882,15682,0.0008586277786494494,-8.481784384945477e-05
883,15683,0.0008913564304987334,-9.04164298221245e-05
884,15684,0.0008706047357673887,-9.091846489486447e-05
885,15685,0.0008514007905233413,-9.089946886453351e-05
886,15686,0.0008266886459799172,-0.00010929706803601133
887,15687,0.0008449973719240401,-0.00010681294963632859
888,15688,0.0008394901641861891,-0.00010514112367482197
889,15689,0.0008579552041577587,-0.00010328438667190402
890,15690,0.0008701808947190586,-9.937405506494222e-05
891,15691,0.0008812133805646242,-9.510946056316558e-05
892,15692,0.0008509781108098623,-0.00010075455261352927
893,15693,0.0008427585855894525,-9.628124369601477e-05
894,15694,0.0008615029360335517,-9.607036696407674e-05
895,15695,0.0008354787206433152,-0.00010400464946286598
896,15696,0.0008191408556713882,-0.00010489487692534195
897,15697,0.0008020566328534165,-0.00010558483793679242
898,15698,0.000784520076132159,-0.00010631740180847475
899,15699,0.0007652042315269182,-0.00010725491003588
900,15700,0.0007449282106703877,-0.0001077962555131024
901,15701,0.0008138808822542411,-3.702542820991233e-05
902,15702,0.0008397811501447349,-3.7308402244923306e-05
903,15703,0.0008663208572484433,-3.746829098864634e-05
904,15704,0.0008938267186213444,-3.7626582389352444e-05
905,15705,0.0009221263999949577,-3.741422435252866e-05
906,15706,0.0008077928597455193,-4.890454135376912e-05
907,15707,0.0008329503541367391,-4.917743435932909e-05
908,15708,0.0008589197890226344,-4.9561467553750364e-05
909,15709,0.0008857529455431844,-4.979194282110679e-05
910,15710,0.0009140636124840635,-4.983747787409041e-05
911,15711,0.0007571398842865039,-9.944327514159449e-05
912,15712,0.0007691131261135438,-9.061015699170744e-05
913,15713,0.0007802830106707562,-8.112398608962134e-05
914,15714,0.0007907502438049658,-7.104441439324238e-05
915,15715,0.0007999393000644636,-6.0223890433294714e-05
916,15716,0.0008519110442554447,-9.758288563372149e-05
917,15717,0.0008344022828647923,-9.810792848581968e-05
918,15718,0.0008165047567068864,-9.85211294735123e-05
919,15719,0.0007974905739453173,-9.888669893424272e-05
920,15720,0.0007777976236998644,-9.928448727819069e-05
921,15721,0.0007901809786170233,-9.06645064373467e-05
922,15722,0.0008024464743200165,-8.140796109184771e-05
923,15723,0.0008138479300001078,-7.135029603891186e-05
924,15724,0.0008243061143512548,-6.0647827892041994e-05
925,15725,0.0008678149700352206,-9.045146474102941e-05
926,15726,0.0008498976680825064,-9.062400828211396e-05
927,15727,0.0008307881388499932,-9.061779159050971e-05
928,15728,0.0008109858453764226,-9.066979932985469e-05
929,15729,0.0008241464368744809,-8.161731198379518e-05
930,15730,0.0008371531478034837,-7.181894526025937e-05
931,15731,0.0008490563475313577,-6.104328347640292e-05
932,15732,0.0008834142676420132,-8.285744287997902e-05
933,15733,0.0008653091108383701,-8.234312611919093e-05
934,15734,0.0008454291540197196,-8.197736828830117e-05
935,15735,0.0008600842479937729,-7.236773303289718e-05
936,15736,0.0008749121627596397,-6.171183108814587e-05
937,15737,0.000897870065445614,-7.501375834084159e-05
938,15738,0.0008819352665754085,-7.334512472653804e-05
939,15739,0.0009031900085171191,-6.272562636577775e-05
940,15740,0.0009096752457799369,-6.848598952998877e-05
941,15741,0.0008190752190389586,-0.00010974420388072603
942,15742,0.0008020990790773367,-0.00011485783392164809
943,15743,0.0007847937713408542,-0.00011937192036409366
944,15744,0.0007193027567339798,-0.0001233169041852179
945,15745,0.0007323106972648385,-0.00011575674928625704
946,15746,0.0008034660107705985,-0.0001109567268879626
947,15747,0.0007876168101185184,-0.00011639372674880615
948,15748,0.0007702658825784275,-0.00012150975186883769
949,15749,0.0007428208208139213,-0.00012199307149089581
950,15750,0.0007534716220191327,-0.00011470323440255207
951,15751,0.0007721783123563927,-0.00011272366459931399
952,15752,0.0007880969265903525,-0.00011180859156321248
953,15753,0.0007562620368032127,-0.00012260237259553895
954,15754,0.0007736833065261554,-0.00011726037498261927
955,15755,0.0007629521048783496,-0.00011737374563030383
956,15756,0.0006739967380034288,-1.1671213620720196e-05
957,15757,0.0006973024541281815,-1.1870403954197632e-05
958,15758,0.000720973901646655,-1.2032967551137223e-05
959,15759,0.0007451269971505917,-1.2180888711160885e-05
960,15760,0.0006715130629979533,-2.3286377556230624e-05
961,15761,0.000695026205571805,-2.3669755455580996e-05
962,15762,0.0007188666431438836,-2.4006138392709253e-05
963,15763,0.0007429966976653444,-2.4262078888991066e-05
964,15764,0.0006680606154931453,-3.479557448768814e-05
965,15765,0.0006917630770172915,-3.536268380035815e-05
966,15766,0.0007155239244811241,-3.580672216923628e-05
967,15767,0.0007395761387234776,-3.6207397080593776e-05
968,15768,0.0006639238156107426,-4.616192481959415e-05
969,15769,0.0006874994424697418,-4.683867858287509e-05
970,15770,0.0007111613958886873,-4.741224294494035e-05
971,15771,0.0007348562186437783,-4.783172596543447e-05
972,15772,0.0006590230790757409,-5.7287537019864635e-05
973,15773,0.0006825270423489324,-5.808199285807681e-05
974,15774,0.000705800878813404,-5.863113111583641e-05
975,15775,0.0007290794017330607,-5.913263256777364e-05
976,15776,0.000670408023285327,-0.00011404913815494952
977,15777,0.0006489423867974749,-0.00011179883480433535
978,15778,0.0006248906831613676,-0.0001098702909847026
979,15779,0.0006349982491421737,-9.961143616626908e-05
980,15780,0.0006417007310154815,-8.919246469830292e-05
981,15781,0.0006478385720968281,-7.874096293222054e-05
982,15782,0.0006536608102819263,-6.817250209053316e-05
983,15783,0.0006769247357671826,-6.893813479110534e-05
984,15784,0.0006997672144782592,-6.945212394060832e-05
985,15785,0.0007222932364440697,-6.98458688505091e-05
986,15786,0.0006711617644925846,-7.948693207434231e-05
987,15787,0.0006933260944139625,-7.957703687747623e-05
988,15788,0.0007147783593749022,-7.995862317362148e-05
989,15789,0.000683764604426563,-0.00010501680752968915
990,15790,0.0006632739628896168,-0.00010079217667536331
991,15791,0.0007065793939742304,-8.913963857086181e-05
992,15792,0.0006972728858984466,-9.735893735277806e-05
993,15793,0.0006660274389433199,-8.9776949933328e-05
994,15794,0.0006871105022314479,-8.877229213756297e-05
995,15795,0.0006824791199037121,-9.575817452059608e-05
996,15796,0.0004995311169191861,-1.6707297960178375e-05
997,15797,0.0005281582673374073,-1.893390405092245e-05
998,15798,0.0005535481293381929,-2.0174624434653318e-05
999,15799,0.0005779088328081523,-2.10715574104273e-05
1000,15800,0.0006014560078416634,-2.1740517923521143e-05
1001,15801,0.0006248781093027472,-2.232151004475874e-05
1002,15802,0.0005205809894943723,-2.929654117816662e-05
1003,15803,0.0005473045584659486,-3.063211729630627e-05
1004,15804,0.0005724329000437481,-3.1661091041270694e-05
1005,15805,0.0005969461658867675,-3.2582542182453624e-05
1006,15806,0.0006207630552039805,-3.3398729440182655e-05
1007,15807,0.0005149039169657575,-3.984640586513397e-05
1008,15808,0.0005417819656456239,-4.112229064395007e-05
1009,15809,0.0005676148183386708,-4.2295552256000764e-05
1010,15810,0.0005922172892673073,-4.334980280830829e-05
1011,15811,0.0006164422549480478,-4.4373394618419054e-05
1012,15812,0.0004985879679405229,-9.39767454620132e-05
1013,15813,0.0005028683989253412,-8.287684290841854e-05
1014,15814,0.0005043954880288173,-7.169448796522722e-05
1015,15815,0.0005067843117933869,-6.0932073261600635e-05
1016,15816,0.0005101309129776411,-5.030639501543541e-05
1017,15817,0.0005375221167010849,-5.169247948490913e-05
1018,15818,0.0005630836933838851,-5.2797184029056076e-05
1019,15819,0.0005877507477804263,-5.3963623216432336e-05
1020,15820,0.0006116553744899008,-5.5158527484712494e-05
1021,15821,0.000534213654745394,-6.221732849611249e-05
1022,15822,0.0005594388303599402,-6.305685637665535e-05
1023,15823,0.0005831323732275513,-6.423776975733805e-05
1024,15824,0.0006066888198178816,-6.566229796042173e-05
1025,15825,0.0005773067904872793,-0.00010449789674067127
1026,15826,0.0005531586899968581,-0.00010093480731801513
1027,15827,0.0005273128212795172,-9.698847915440539e-05
1028,15828,0.0006010587703093252,-7.574646367683588e-05
1029,15829,0.0005944275761128451,-8.540978766300011e-05
1030,15830,0.0005860238660335788,-9.480955972386737e-05
1031,15831,0.0005361708103037663,-8.499655422830946e-05
1032,15832,0.000533071528706494,-7.299977746725623e-05
1033,15833,0.0005565315960099789,-7.261848509184563e-05
1034,15834,0.0005784777889356639,-7.395703778042143e-05
1035,15835,0.0005620617662831591,-9.100829052159293e-05
1036,15836,0.0005725944815115372,-8.277397688596465e-05
1037,15837,0.0005551275238378835,-8.022982768338664e-05
1038,15838,0.0005164959293838061,-8.184670693242584e-06
1039,15839,0.0006283654426872817,-1.1186695120286594e-05
1040,15840,0.000538344139088626,-9.317834674843543e-06
1041,15841,0.00060590575041733,-1.089181038442209e-05
1042,15842,0.0005609847154769267,-1.0060389752040458e-05
1043,15843,0.0005834221286290748,-1.0527189650070118e-05
1044,15844,0.0005295560487592043,-0.00016077768256848296
1045,15845,0.0005327340219858036,-0.0001539681733736766
1046,15846,0.0005386585690939735,-0.00014646723800052172
1047,15847,0.0005456216015820656,-0.0001385523377191592
1048,15848,0.0005537354664916051,-0.00013078732893225952
1049,15849,0.0005612448449075997,-0.0001226441005978145
1050,15850,0.0005679080403752811,-0.00016584888130496413
1051,15851,0.0005754178243701891,-0.00016004539724420112
1052,15852,0.000588515693022769,-0.00015257822155991888
1053,15853,0.0006113770863549209,-0.00014379600443975747
1054,15854,0.0006180774477551782,-0.00013708127235322542
1055,15855,0.0006268856985602336,-0.00012952105095624807
1056,15856,0.0006049043391888727,-0.00015778804969215308
1057,15857,0.0006236565795453925,-0.00015443738957372286
1058,15858,0.0006432880399850063,-0.0001511333239781036
1059,15859,0.0006663303907453434,-0.0001454916551484888
1060,15860,0.0006852833357525664,-0.00014069893143517278
1061,15861,0.0007033094869875325,-0.00013552611698773286
1062,15862,0.0008328423199101855,-6.77405855895184e-05
1063,15863,0.0008290869194429809,-7.598063437979738e-05
1064,15864,0.0008231053832575879,-8.307478549931545e-05
1065,15865,0.0008164611521425752,-8.986445835498447e-05
1066,15866,0.0008096513850048922,-9.572111464161165e-05
1067,15867,0.0008173466189291682,-0.00010091879642217945
1068,15868,0.0008056549780351709,-0.00010564113042284353
1069,15869,0.0007923042433149528,-0.00011094957195621642
1070,15870,0.0007784360979075604,-0.00011626998452937952
1071,15871,0.0007637331383749036,-0.00012141200883402205
1072,15872,0.0007485995406034341,-0.00012627925696452968
1073,15873,0.0007334739581315076,-0.00013042243496295383
1074,15874,0.0007183905366747961,-0.0001335574656745048
1075,15875,0.0008163015983780407,-6.680904420270529e-05
1076,15876,0.0008139076144802219,-7.4805788128549e-05
1077,15877,0.0008079291281396063,-8.196911843005809e-05
1078,15878,0.0007994946696490169,-8.909343757495572e-05
1079,15879,0.0007921257368302236,-9.657049345491136e-05
1080,15880,0.000790464467549283,-0.00010334663694052099
1081,15881,0.0007763301754740463,-0.00010983648820619538
1082,15882,0.0007616439355190695,-0.0001158021449355898
1083,15883,0.0007459379990844855,-0.0001218570320264926
1084,15884,0.0007299716662673431,-0.00012805811808444954
1085,15885,0.000714081395560306,-0.00013369736443035498
1086,15886,0.0006994220858508758,-0.0001379829912953581
1087,15887,0.0007085283602524074,-0.00011270488776247846
1088,15888,0.00072811995375575,-0.00011988240482516557
1089,15889,0.0007271007362070667,-9.947070590022533e-05
1090,15890,0.0007473513714398057,-0.0001039576046160031
1091,15891,0.0007605777902691517,-0.00010783676495261194
1092,15892,0.000782973502883163,-8.745958683938654e-05
1093,15893,0.0007687126922510054,-9.676805394613558e-05
1094,15894,0.0007733643359926488,-0.00010292894152232034
1095,15895,0.0007498871621449336,-9.126675980161105e-05
1096,15896,0.0008033850429335723,-7.422502555680716e-05
1097,15897,0.000794789254591646,-7.973411388820108e-05
1098,15898,0.0008011122276650955,-6.755854370634016e-05
1099,15899,0.0007458786979103053,-0.00011376258246012497
1100,15900,0.0007335042787415675,-0.00011012266189421182
1101,15901,0.0006793690724257406,-0.00014189014665071882
1102,15902,0.0006935433695041257,-0.00013577793099028577
1103,15903,0.0007103596947127894,-0.00012818334920697408
1104,15904,0.0006587486895150902,-0.0001450774061910636
1105,15905,0.0006697238415010101,-0.00013653261000999976
1106,15906,0.0006899491473146255,-0.00012527180460685409
1107,15907,0.0006550191847747364,-0.00012892930848678162
1108,15908,0.0006409314560643902,-0.00014653689798365362
1109,15909,0.0006320015219740923,-0.000144014308816847
1110,15910,0.0006217231736585995,-0.00014045267932643295
1111,15911,0.000610837240096379,-0.00014922973866784135
1112,15912,0.0006223370315039213,-0.00014980912485397258
1113,15913,0.0006704143116815029,-0.00012001594363245769
1114,15914,0.0005955806021648144,-0.00016368540178736304
1115,15915,0.0005831836099856166,-0.00016609902593680688
1116,15916,0.0006469364459913327,-0.00013047059358824376
1117,15917,0.0006661952171573765,-0.00013093078848034376
1118,15918,0.0006715709441768809,-0.00013719968110751404
1119,15919,0.0006876334724712076,-0.00013664385045645655
1120,15920,0.000637211250742299,-0.00013752492042945561
1121,15921,0.0006549127252835084,-0.00013740093478145226
1122,15922,0.0006591061407996947,-0.00014242237297121913
1123,15923,0.0006725317118776466,-0.00014190455271980736
1124,15924,0.0006475746041150883,-0.0001467463731312045
1125,15925,0.0006348658959927022,-0.00015072924437005457
1126,15926,0.0006233074687173794,-0.00015503398333995076
1127,15927,0.0006086172723169856,-0.0001598272366289833
1128,15928,0.0005932033137457429,-0.00016125712091200826
1129,15929,0.0006291321242510257,-0.00014371526333492157
1130,15930,0.0006453208945817361,-0.00014279935223000977
1131,15931,0.0006068127925064309,-0.0001553991533500121
1132,15932,0.0006231634847957176,-0.0001495897879399763
1133,15933,0.0006072650680197194,-0.00014878633040528466
1134,15934,0.0006580140311576423,-0.00014633913366126383
1135,15935,0.0006458064647555014,-0.0001496810749249001
1136,15936,0.000549813293588875,-0.0001638984724470786
1137,15937,0.000554766604479668,-0.00015756693181801843
1138,15938,0.0005836814212662485,-0.0001256520850997974
1139,15939,0.0006055913821110077,-0.00012797290301013253
1140,15940,0.0005757380164848278,-0.0001340000379979754
1141,15941,0.0005977038763721798,-0.0001361405948024629
1142,15942,0.0005623346930212849,-0.00015011820754862035
1143,15943,0.0005914694840870807,-0.00014406237034004192
1144,15944,0.0005686954755064072,-0.0001421123743886227
1145,15945,0.0005072593116958105,-0.00015692547900447658
1146,15946,0.00048317450256824554,-0.00015268510500187032
1147,15947,0.0005094742800784268,-0.0001496434858773148
1148,15948,0.00048444033207474166,-0.00014489631970454703
1149,15949,0.0005144891337327081,-0.00014178756660146067
1150,15950,0.0004886015500033087,-0.00013632918276286862
1151,15951,0.0005391318385484952,-0.00011926254246271053
1152,15952,0.0005323733763743423,-0.00012692549501639038
1153,15953,0.0005222861650558725,-0.00013360273728493018
1154,15954,0.0004963859937314072,-0.0001262715512583331
1155,15955,0.0004933008807997201,-0.00011484049038543822
1156,15956,0.0005171102797945304,-0.00011629429360868733
1157,15957,0.0005152616093934457,-0.00012324083545761796
1158,15958,2.4872822484088718e-05,-3.243991556769235e-05
1159,15959,2.360187929415462e-05,-3.890855343479479e-05
1160,15960,2.5962544997390353e-05,-2.450658043667381e-05
1161,15961,2.667346755440714e-05,-1.7719087237385736e-05
1162,15962,1.6865761473881175e-05,-5.348364605777609e-06
1163,15963,0.0014000029508410433,-1.0039137070965575e-05
1164,15964,0.0014133654447966244,-1.103473334315326e-05
1165,15965,0.0014001367576136079,-1.1407067778178e-05
1166,15966,0.001414512144782425,-1.2755189284708932e-05
1167,15967,0.0014139713477531416,-1.3886365109600087e-05
1168,15968,0.0014059909760652369,-1.2849021601846214e-05
1169,15969,0.0014721662708823509,-4.398937315747888e-06
1170,15970,0.001509848957168061,-5.46670113710482e-06
1171,15971,0.0015482680590951435,-6.872784482528362e-06
1172,15972,0.0015887510624798945,-8.946811422982815e-06
1173,15973,0.0016220348547205336,-2.182126853574976e-05
1174,15974,0.0016023589139396088,-2.936976701576293e-05
1175,15975,0.0016069975353674795,-3.58676718338597e-05
1176,15976,0.0016071340417326036,-3.9500356339676636e-05
1177,15977,0.0015975160165978817,-4.1853358764921295e-05
1178,15978,0.0015739348529133668,-1.742193431101555e-05
1179,15979,0.0015716250288316364,-2.4593790466315213e-05
1180,15980,0.001564024727460431,-2.8971104816412563e-05
1181,15981,0.0015602945721156598,-3.299402479034945e-05
1182,15982,0.0015620964692262265,-3.861329524847526e-05
1183,15983,0.0014583968169993083,-1.2187940221834151e-05
1184,15984,0.0014808831892305287,-1.5064145070629692e-05
1185,15985,0.001502369106148499,-1.746748197228293e-05
1186,15986,0.0015245049840647141,-2.006337851759503e-05
1187,15987,0.0015467909081561862,-2.247127473032503e-05
1188,15988,0.0014911661890374785,-2.7035141616478772e-05
1189,15989,0.0014928077775822404,-2.540967549974824e-05
1190,15990,0.001495936763271359,-2.3629454939587867e-05
1191,15991,0.0014989014934513973,-2.070397766076437e-05
1192,15992,0.0015421868365964203,-2.6399040378407543e-05
1193,15993,0.0015385689684908042,-3.0369674717764105e-05
1194,15994,0.0015376738621307583,-3.4993975827328077e-05
1195,15995,0.0015107001589136017,-2.9930031537440638e-05
1196,15996,0.001514885743791576,-2.753879489406687e-05
1197,15997,0.001519941231126758,-2.363141931200203e-05
1198,15998,0.0015196134720270522,-3.1784207971320354e-05
1199,15999,0.0015288830698452164,-3.340250493606451e-05
1200,16000,0.0015007601638553176,-2.862043827179994e-05
1201,16001,0.001502757278183339,-2.7203887598161474e-05
1202,16002,0.0015460835210983632,-3.6432893822193146e-05
1203,16003,0.0015540247154429616,-3.7690859109645836e-05
1204,16004,0.001478251298166497,-1.8102222075603523e-05
1205,16005,0.0014777133542574572,-2.1102210116177586e-05
1206,16006,0.001469294937224357,-2.1576768080241988e-05
1207,16007,0.0014654299753343778,-2.2574090823614757e-05
1208,16008,0.0014463892306978956,-1.896497582301718e-05
1209,16009,0.0014480703223078454,-1.726057728341637e-05
1210,16010,0.0014558508795147963,-1.5638389533202886e-05
1211,16011,0.0014563494077840847,-2.0791020178394645e-05
1212,16012,0.0014593489999455832,-1.9550009408013635e-05
1213,16013,0.0014642376924762588,-1.8671009102442844e-05
1214,16014,0.001429276290640395,-1.67543435767757e-05
1215,16015,0.001435798096861974,-1.7369792876939484e-05
1216,16016,0.0014746882134076642,-2.315639779874861e-05
1217,16017,0.0014816642329169493,-2.3736728289736167e-05
1218,16018,0.001481651605515053,-2.5490760379736807e-05
1219,16019,0.001473361668457662,-2.4144007051046492e-05
1220,16020,0.0015062446706577118,-1.0492050469662475e-05
1221,16021,0.0015058176769169194,-1.4264603780167291e-05
1222,16022,0.0014709119023789928,-9.15848650744732e-06
1223,16023,0.0014857210396302261,-1.2687673927753224e-05
1224,16024,0.0015392418268622957,-1.2808596074777057e-05
1225,16025,0.0015297169635461493,-1.6535822279348436e-05
1226,16026,0.0015499699939789478,-1.896758893219359e-05
1227,16027,0.0015714854554987293,-3.720643100362068e-05
1228,16028,0.001595851099428299,-3.894193154559154e-05
1229,16029,0.00157949467686709,-4.103060150701974e-05
1230,16030,0.0015854001348948137,-4.0556440273224246e-05
1231,16031,0.0015830700273621818,-3.207463914522653e-05
1232,16032,0.0015915092719921736,-3.573596596526958e-05
1233,16033,0.0016195449949168866,-4.369807578733305e-05
1234,16034,0.001617971601447516,-4.06911062086166e-05
1235,16035,0.0025921705855926486,-1.5702847843085266e-05
1236,16036,0.0026323205457007047,-3.1337293262653583e-05
1237,16037,0.00262710379843122,-4.694864035011367e-05
1238,16038,0.002624863837475383,-6.24177601483315e-05
1239,16039,0.0026260368177490594,-7.784172494935901e-05
1240,16040,0.002630242669224748,-9.309317770397724e-05
1241,16041,0.0025917616972072157,-0.0001083670227062602
1242,16042,0.0020152507492221285,-1.6061793823191596e-05
1243,16043,0.002054095125686114,-3.184626612031403e-05
1244,16044,0.002046445865301321,-4.7633573915138716e-05
1245,16045,0.002040528969085028,-6.306882594680512e-05
1246,16046,0.002036289364418799,-7.84813067015868e-05
1247,16047,0.0020331294165207335,-9.354584384442535e-05
1248,16048,0.002030716960273037,-0.00010857664241442043
1249,16049,0.0019666568761536898,-1.625550288390012e-05
1250,16050,0.002006044051264049,-3.205897015998916e-05
1251,16051,0.0019989214385773956,-4.766937205815028e-05
1252,16052,0.0019937775267351247,-6.320748369854758e-05
1253,16053,0.0019902721973115464,-7.833845925228142e-05
1254,16054,0.0019879877911587454,-9.347070699606636e-05
1255,16055,0.001986307181235719,-0.00010831425461230251
1256,16056,0.0019173126730832142,-1.6399458061484868e-05
1257,16057,0.001957346936275168,-3.224661550504721e-05
1258,16058,0.0019512092989743893,-4.799098068522744e-05
1259,16059,0.001947081862924742,-6.317121946248004e-05
1260,16060,0.0019446313622395767,-7.837405634665094e-05
1261,16061,0.0019432099677371961,-9.318518020038403e-05
1262,16062,0.001942241756696368,-0.00010801888411976912
1263,16063,0.0018990186124110567,-9.294778523490084e-05
1264,16064,0.001855816858651739,-9.232339709895698e-05
1265,16065,0.0018146665037603205,-9.170091851833254e-05
1266,16066,0.0017776058590508329,-9.06237573152742e-05
1267,16067,0.0017469292703857862,-8.914532674397865e-05
1268,16068,0.0017192919294037176,-8.687869400979929e-05
1269,16069,0.0016934172802637831,-8.45098208765177e-05
1270,16070,0.0016701947848199897,-8.19796050152412e-05
1271,16071,0.0016501029366575183,-8.078198588429307e-05
1272,16072,0.001693111140784832,-7.611801239349498e-05
1273,16073,0.0016934010317489834,-6.817698822689483e-05
1274,16074,0.0016914857364265343,-5.931174548424011e-05
1275,16075,0.0016841202317692738,-4.8489435004510734e-05
1276,16076,0.0016998568352113795,-3.840938925289666e-05
1277,16077,0.001704727773538523,-2.7510213600048503e-05
1278,16078,0.0016781099446877984,-1.1967629945247227e-05
1279,16079,0.0017229227594407221,-1.3698279040224793e-05
1280,16080,0.0017712249914593628,-1.5100567049026632e-05
1281,16081,0.0018192528630339372,-1.54027761112158e-05
1282,16082,0.0018670578390398132,-1.655226968969756e-05
1283,16083,0.001906883448776698,-3.286207375831405e-05
1284,16084,0.0019032292801083586,-4.822263165252689e-05
1285,16085,0.0019004212381199368,-6.337554551392176e-05
1286,16086,0.001899365785723067,-7.812181938323476e-05
1287,16087,0.0017236290628177679,-6.188951871878382e-05
1288,16088,0.001759797705931611,-6.576475719405187e-05
1289,16089,0.0018050197881372336,-6.253002013481058e-05
1290,16090,0.0018536784551467676,-6.313650947340391e-05
1291,16091,0.0018547861697060096,-7.803288375083082e-05
1292,16092,0.0018115837397594703,-7.760022370579314e-05
1293,16093,0.0017189355952269476,-7.825883954698304e-05
1294,16094,0.0017189788068563874,-6.987464042987474e-05
1295,16095,0.0017732079952628803,-7.856459501793467e-05
1296,16096,0.0017447754598222242,-7.933479085691329e-05
1297,16097,0.0017410207668924211,-7.187299527331827e-05
1298,16098,0.0018511833992836935,-3.384096807289305e-05
1299,16099,0.0018560591718155275,-4.898728209527288e-05
1300,16100,0.0017578546258608036,-3.053592595265913e-05
1301,16101,0.0018060539722186257,-2.9970500333383485e-05
1302,16102,0.0017251758060605165,-5.153170073727481e-05
1303,16103,0.001736370399520739,-4.174620970277324e-05
1304,16104,0.0017639994722167865,-4.536772470951701e-05
1305,16105,0.0017904424465253292,-4.750397102469894e-05
1306,16106,0.0018179397767445833,-4.988049568056546e-05
1307,16107,0.0017579088368873173,-5.4575409713553935e-05
1308,16108,0.0017841051487145583,-5.462570911095749e-05
1309,16109,0.0017973958649230696,-3.910582954028332e-05
1310,16110,0.0017726932112969059,-3.851903338892828e-05
1311,16111,0.001821768642490776,-4.118159018257725e-05
1312,16112,0.001653884321699515,-4.584601926899279e-05
1313,16113,0.0016705624616770757,-6.667846008800686e-05
1314,16114,0.0016561807877484992,-6.574982135879283e-05
1315,16115,0.001643281100430924,-6.460691962849399e-05
1316,16116,0.0016467959148417364,-5.579628431606514e-05
1317,16117,0.0016659174803400887,-5.939882466477714e-05
1318,16118,0.0016435694433856783,-6.012203564065191e-05
1319,16119,0.0016551299433834152,-6.166198488450178e-05
1320,16120,0.0016489133772968313,-5.076232487360466e-05
1321,16121,0.001666167406914758,-5.274430425148181e-05
1322,16122,0.001647960363525117,-7.450859570358219e-05
1323,16123,0.0016442027225821586,-6.938982075254352e-05
1324,16124,0.0016674749003730742,-7.391311513104608e-05
1325,16125,0.0016558646333567197,-6.959978561180854e-05
1326,16126,0.0016532847047674778,-3.451927623150942e-05
1327,16127,0.0016753032901987164,-3.6601259278234954e-05
1328,16128,0.0016509005358082284,-4.0316044020168124e-05
1329,16129,0.0016698288229243868,-4.156039713357531e-05
1330,16130,0.001855742298098523,-0.00010670329792323858
1331,16131,0.0017186373154415614,-9.590835038862703e-05
1332,16132,0.0017176990616267975,-0.00010478277231884932
1333,16133,0.0016832390188768944,-0.00010043781833200219
1334,16134,0.0016572518327834969,-9.838493143604178e-05
1335,16135,0.001652604168115786,-9.250858089687134e-05
1336,16136,0.0016512251548880896,-8.681203416236586e-05
1337,16137,0.0016912674608751063,-9.241892207119733e-05
1338,16138,0.0016703357097517877,-8.889358777424023e-05
1339,16139,0.0016686876194523979,-9.391937170069843e-05
1340,16140,0.0016584971621442016,-0.00010407430843032405
1341,16141,0.001814430345794032,-0.00010539251211452194
1342,16142,0.001776523093056008,-0.00010333979477399202
1343,16143,0.0017464399451575818,-9.890742747665265e-05
1344,16144,0.001744132601850171,-0.00010723712597223707
1345,16145,0.0018985971616755466,-0.00010744822423610281
1346,16146,0.002544393566437313,-1.575092413132986e-05
1347,16147,0.0025847622122333364,-3.1399567352560754e-05
1348,16148,0.0025796640552640934,-4.698576726281352e-05
1349,16149,0.0025777932682435486,-6.255444429210315e-05
1350,16150,0.002579300567910016,-7.792662098176319e-05
1351,16151,0.0025842542262411094,-9.325133227520558e-05
1352,16152,0.0025463833410278047,-0.00010856467517276905
1353,16153,0.0020753888014935847,-0.00010871059825267297
1354,16154,0.0020788084691057184,-9.375640263750042e-05
1355,16155,0.0020826145661918594,-7.847868807567038e-05
1356,16156,0.0020876096230938554,-6.316598598671263e-05
1357,16157,0.0020939179367691053,-4.7505409159206794e-05
1358,16158,0.0021019942865752894,-3.183064914113639e-05
1359,16159,0.0020634430092585075,-1.6003909897805866e-05
1360,16160,0.0024964630102642035,-1.5774749077911233e-05
1361,16161,0.002536978402880665,-3.144149158886801e-05
1362,16162,0.0025320454258623633,-4.714947189711107e-05
1363,16163,0.0025302019317559304,-6.267917958028703e-05
1364,16164,0.0025321753025400635,-7.821475780174478e-05
1365,16165,0.0025376545134449865,-9.345578359954825e-05
1366,16166,0.0025004547114184294,-0.00010885927910329163
1367,16167,0.0021205566931247473,-0.0001089352221681186
1368,16168,0.002124998205383155,-9.389912355642277e-05
1369,16169,0.002129749712391749,-7.872612194794262e-05
1370,16170,0.0021349742562928663,-6.31542918921945e-05
1371,16171,0.0021417403700204046,-4.759477444068621e-05
1372,16172,0.002149855838878818,-3.175361717926805e-05
1373,16173,0.002111454131858591,-1.5922454079450443e-05
1374,16174,0.002159475528610853,-1.5929670251506717e-05
1375,16175,0.0022074823247613226,-1.5896930046978137e-05
1376,16176,0.0022556614251717966,-1.5935310922394922e-05
1377,16177,0.002303807907878187,-1.590024045166263e-05
1378,16178,0.00235210828163658,-1.5924677196480677e-05
1379,16179,0.002400272323563314,-1.586033048690438e-05
1380,16180,0.002448467848697076,-1.585043965362379e-05
1381,16181,0.0021897654653509286,-4.757497615309272e-05
1382,16182,0.0022385706364888955,-4.7757395548196224e-05
1383,16183,0.0022875065431118826,-4.7711534729137825e-05
1384,16184,0.002337008644620502,-4.778599207505998e-05
1385,16185,0.0023861482027607616,-4.760402573240914e-05
1386,16186,0.0024353863407102824,-4.753277985311499e-05
1387,16187,0.002483877787726818,-4.725849545453264e-05
1388,16188,0.0024821236348788285,-6.302046131793919e-05
1389,16189,0.0024839355291983215,-7.852821333772958e-05
1390,16190,0.002490172319646296,-9.400004097687446e-05
1391,16191,0.0024541040599159996,-0.00010956202926982156
1392,16192,0.002166168479024188,-0.00010918305480273033
1393,16193,0.002172573767586674,-9.438626967058812e-05
1394,16194,0.0021776425466007894,-7.891639857733851e-05
1395,16195,0.002183288622713822,-6.341053723356887e-05
1396,16196,0.0022321960020802033,-6.351455448685945e-05
1397,16197,0.0022824525395890123,-6.381668904761596e-05
1398,16198,0.0023324897327856794,-6.358799325975468e-05
1399,16199,0.002383031631187741,-6.368203890165896e-05
1400,16200,0.0024328842627636517,-6.3260902372438e-05
1401,16201,0.0024344023881633014,-7.921582313235428e-05
1402,16202,0.002440169317001345,-9.486633993954535e-05
1403,16203,0.0024080701419813334,-0.00011080286124124468
1404,16204,0.0022126222283417093,-0.00010982047559314191
1405,16205,0.0022222094707272065,-9.51346940673404e-05
1406,16206,0.0022275037148660037,-7.949947909701943e-05
1407,16207,0.0022790171471555533,-7.989562341852222e-05
1408,16208,0.0023308505688850525,-7.957662844731445e-05
1409,16209,0.002382380910790538,-7.975657613970977e-05
1410,16210,0.0023844328605015543,-9.70703248456779e-05
1411,16211,0.002370818828158213,-0.00011329350529684695
1412,16212,0.0022584866789845527,-0.0001109646151402323
1413,16213,0.0022782824188273014,-9.720919023770453e-05
1414,16214,0.0023306936422102034,-9.448032157166334e-05
1415,16215,0.0022963581793642735,-0.0001133758809133522
1416,16216,0.002333467746608508,-0.00011365558417543748
1417,16217,0.0023435079589734604,-3.17771734706358e-05
1418,16218,0.002294957703942296,-3.187535652934591e-05
1419,16219,0.0022462734919550154,-3.1789390882763606e-05
1420,16220,0.0021980317619087445,-3.182636052535829e-05
1421,16221,0.0023922849708678928,-3.179443259322173e-05
1422,16222,0.002440705888576354,-3.1635448469012595e-05
1423,16223,0.0024890468273265714,-3.1580732173252046e-05
1424,16224,0.003120676533618497,-1.8422969675747745e-05
1425,16225,0.0031111629982180627,-3.873270876861268e-05
1426,16226,0.003123546758855239,-5.636992544338825e-05
1427,16227,0.0031272514111451875,-7.299285443314982e-05
1428,16228,0.00312887637361678,-8.967719588057977e-05
1429,16229,0.0031297208815765283,-0.00010647873537589874
1430,16230,0.0026369325347373232,-0.00010829877281361745
1431,16231,0.002676073948894006,-9.30647928909309e-05
1432,16232,0.0026724234911324916,-7.776178791831455e-05
1433,16233,0.002671818628745823,-6.24089813828354e-05
1434,16234,0.002674320061280751,-4.6901661218782734e-05
1435,16235,0.002679845155586878,-3.134250056476739e-05
1436,16236,0.0026399022512789737,-1.569502364475017e-05
1437,16237,0.003069908053915349,-1.7310763992457885e-05
1438,16238,0.003078946846400325,-4.934343093582389e-05
1439,16239,0.0030809164060252585,-6.0825386940017294e-05
1440,16240,0.003082713204020969,-7.544498300403404e-05
1441,16241,0.0030837425904378236,-9.107569813900978e-05
1442,16242,0.0030851044948685797,-0.0001071486021272982
1443,16243,0.002681923204250427,-0.0001082452922997489
1444,16244,0.0027217330382734743,-9.303246603883517e-05
1445,16245,0.0027188082103050634,-7.77845563091245e-05
1446,16246,0.0027185930218052963,-6.238863278830827e-05
1447,16247,0.0027215707016333217,-4.6935481318030785e-05
1448,16248,0.0027272786788084345,-3.1341160124702184e-05
1449,16249,0.0026875646330135365,-1.568256808440195e-05
1450,16250,0.0027654912135509128,-6.244785838749644e-05
1451,16251,0.0028121858625367846,-6.246194995186618e-05
1452,16252,0.002859109681874097,-6.254064577344268e-05
1453,16253,0.0029054198902863588,-6.254011196197238e-05
1454,16254,0.0029517594842610297,-6.258472982961949e-05
1455,16255,0.0029965275174244914,-6.24810889167972e-05
1456,16256,0.0030402244315476095,-6.215801445347219e-05
1457,16257,0.003038743838227982,-7.676427601493958e-05
1458,16258,0.0030393893139352038,-9.204435878144377e-05
1459,16259,0.003040500416988996,-0.0001076215326244904
1460,16260,0.0027269038369026888,-0.00010824491216621942
1461,16261,0.002767469684460516,-9.306511558909995e-05
1462,16262,0.0027650442846458645,-7.77787237065804e-05
1463,16263,0.0029947291751324843,-7.742843548737701e-05
1464,16264,0.0029945196050801155,-9.257013725496486e-05
1465,16265,0.002996082567337859,-0.0001079391535857508
1466,16266,0.002771816063391753,-0.00010823219628044916
1467,16267,0.00281306279956923,-9.305149479092596e-05
1468,16268,0.0028114595377040693,-7.783651415984123e-05
1469,16269,0.002857559459174832,-7.781432580147114e-05
1470,16270,0.0029038508672832005,-7.782278501465982e-05
1471,16271,0.0029493263977615853,-7.767572775849559e-05
1472,16272,0.0029497226077930673,-9.288572969483132e-05
1473,16273,0.002951320090063655,-0.00010809555463040923
1474,16274,0.002816803006046459,-0.00010824765542928591
1475,16275,0.002858821662705754,-9.30730470613147e-05
1476,16276,0.002904209325095076,-9.299144757020912e-05
1477,16277,0.002861670004707033,-0.000108221095624665
1478,16278,0.002906631186678682,-0.00010820052414354823
1479,16279,0.0028782247587364443,-1.5800780505380922e-05
1480,16280,0.0029170213578376143,-3.1664684478122775e-05
1481,16281,0.0029101917041834133,-4.7225762547364536e-05
1482,16282,0.002830615017994305,-1.5754547146349172e-05
1483,16283,0.0028698088792182925,-3.153403422100043e-05
1484,16284,0.002863004731714377,-4.7082128964293055e-05
1485,16285,0.002774811776102128,-3.1391288601877346e-05
1486,16286,0.0028222117195398685,-3.142853883723213e-05
1487,16287,0.0028160149027102468,-4.7032990434296114e-05
1488,16288,0.0027686976887130797,-4.695074697513345e-05
1489,16289,0.0027828873510882166,-1.5711656094243424e-05
1490,16290,0.0027352481394066785,-1.5699004737158226e-05
1491,16291,0.002956423556096406,-4.738975327992138e-05
1492,16292,0.002964469389391986,-3.1988274272255406e-05
1493,16293,0.0029259870643649462,-1.591360765851393e-05
1494,16294,0.003059274392310394,-3.429285101925986e-05
1495,16295,0.00301134510193768,-3.264386815808688e-05
1496,16296,0.0029735372997218815,-1.6107714741762866e-05
1497,16297,0.0030214936620612007,-1.653115553420304e-05
1498,16298,0.0030021813236038647,-4.7771085992630755e-05
1499,16299,0.0030445945134124435,-4.838779367288584e-05
1500,16300,0.001324713924943,-3.055076674165749e-06
1501,16301,0.00042922839812782707,-5.1244876107714035e-06
1502,16302,0.0016085912158566521,-4.285491926832497e-05
1503,16303,7.223746462379836e-05,-4.37270261684127e-06
1504,16304,0.00016021838753642364,-3.690694307809348e-06
1505,16305,0.0002578528651188962,-4.0403415934216866e-06
1506,16306,0.0003592941218827706,-4.5804699001711355e-06
1507,16307,0.00046474659737907284,-5.5348672315920536e-06
1508,16308,0.001571404091452371,-3.9643527786557364e-05
1509,16309,9.55804695079784e-05,-3.3813217063195947e-06
1510,16310,0.00019238093784849995,-3.7826258285735685e-06
1511,16311,0.0009814649279679196,-7.17764651033361e-05
1512,16312,0.00029119834163133417,-4.19656235592599e-06
1513,16313,0.00039411377236789753,-4.818947634107821e-06
1514,16314,0.000499754285836041,-6.323210358677124e-06
1515,16315,0.00012858025085982547,-3.6183951152635227e-06
1516,16316,0.00022488098733956585,-3.9056135844347215e-06
1517,16317,0.0003250370854123501,-4.373770032433352e-06
1518,16318,0.001327023820060626,-7.6102309168789325e-06
1519,16319,0.0013477723248856985,-6.779707543964476e-06
1520,16320,0.0008058675651944413,-0.00010012198520600174
1521,16321,0.0011789380498078918,-3.086044867487384e-05
1522,16322,0.0006384254639005253,-0.0001464774690513874
1523,16323,7.133494566256535e-05,-1.3120656981010052e-05
1524,16324,0.0011923041783449592,-2.98431716912395e-05
1525,16325,0.0011872927280364694,-3.0181142145506633e-05
1526,16326,0.0013532336931243285,-6.261463232707394e-06
1527,16327,0.0013780053263065782,-7.251319715676093e-06
1528,16328,0.0013665878427812218,-6.52604582074976e-06
1529,16329,0.0013065030257188592,-1.790561856851834e-06
1530,16330,0.0013444750964207984,-1.3517084998710316e-06
1531,16331,0.0013255184147693076,-1.5303215712873612e-06
1532,16332,0.0009487227537784313,-7.553204685562991e-05
1533,16333,0.0009752047324018988,-7.447768082086897e-05
1534,16334,0.0009617555254587257,-7.5283042726992e-05
1535,16335,7.06814048309866e-05,-7.78386852721134e-06
1536,16336,9.598342689360878e-05,-1.1695559263225503e-05
1537,16337,8.210260703948844e-05,-9.872104580655443e-06
1538,16338,0.0007687256092908291,-8.289940431715265e-05
1539,16339,0.0007862736428168078,-7.501505187202747e-05
1540,16340,0.0006509544464518531,-0.0001401729371440869
1541,16341,0.000633340053410175,-0.00013223603577645982
1542,16342,0.0006426466946353358,-0.00013707635349887947
1543,16343,0.0004919531174846095,-1.1436614158379227e-05
1544,16344,0.00046025601046267996,-1.0277657388021296e-05
1545,16345,0.0004759484829465743,-1.1097225727905826e-05
1546,16346,0.0004259713375592859,-9.552535919564237e-06
1547,16347,0.00039177620677108516,-9.034754400461053e-06
1548,16348,0.00040846903189081725,-9.541772652995072e-06
1549,16349,0.00035737521785061575,-8.573362432203868e-06
1550,16350,0.000323481613004557,-8.214704513636866e-06
1551,16351,0.00034000732551595395,-8.62593006739073e-06
1552,16352,0.0002898287779159475,-7.864402211788778e-06
1553,16353,0.00025669657233965944,-7.5838031811530924e-06
1554,16354,0.0002728700263330968,-7.945977353104351e-06
1555,16355,0.00022387624086342873,-7.311603763036279e-06
1556,16356,0.00019168073150606057,-7.073267856086383e-06
1557,16357,0.00020744688922530766,-7.416494572370949e-06
1558,16358,0.0001598415383935344,-6.873936262401856e-06
1559,16359,0.00012910338295937795,-6.748641014782427e-06
1560,16360,0.00014422135044193444,-7.03779587640755e-06
1561,16361,0.0013897906237918575,-8.152942771757843e-06
1562,16362,0.0013991851451085077,-9.09909043331299e-06
1563,16363,0.0015222159602947202,-3.0381618414157983e-05
1564,16364,0.0015405336882447752,-3.376563890962931e-05
1565,16365,0.001532539536161672,-3.198280991449109e-05
1566,16366,0.0015484504145252902,-3.530105376365875e-05
1567,16367,0.00155410162395649,-3.6553787370890906e-05
1568,16368,0.001587287129557825,-3.856602132008042e-05
1569,16369,0.001574615432466026,-3.378469826337411e-05
1570,16370,0.0015812351067101464,-3.637540037389498e-05
1571,16371,0.0016363949885950951,-2.7662442071735623e-05
1572,16372,0.0016792375159560928,-3.097291840956669e-05
1573,16373,0.001658426119860062,-2.912497636696711e-05
1574,16374,0.002301681678739531,-0.00010495109105054051
1575,16375,0.002361868386908974,-0.00010487916599929275
1576,16376,0.002331842585753354,-0.00010460273739137165
1577,16377,0.0012023275329681585,-2.7809788339767622e-05
1578,16378,0.0011883554590565216,-3.1360193536418274e-05
1579,16379,0.001194837015144103,-2.9686111749062877e-05
1580,16380,0.0007806849138302588,-6.854144150398771e-05
1581,16381,0.0007359704875794236,-8.481930077044603e-05
1582,16382,0.0007575264919305095,-7.717946785974647e-05
1583,16383,0.0013819463576198517,-6.7791401858824e-06
1584,16384,0.0014083085275783584,-9.19432593991908e-06
1585,16385,0.0013945804592718177,-7.58743613198431e-06
1586,16386,0.0015440229269861121,-3.284415396941271e-05
1587,16387,0.0015601937233005025,-3.672629917402073e-05
1588,16388,0.001553074769311458,-3.443111287349085e-05
1589,16389,0.0011457684989451987,-4.026135893450478e-05
1590,16390,0.0011646116348588169,-3.31876425305529e-05
1591,16391,0.0011544117227885575,-3.699939219238191e-05
1592,16392,0.0016196210325660997,-5.213018899109617e-05
1593,16393,0.001619633831066166,-5.712413239029288e-05
1594,16394,0.0016197888932024018,-6.224579079136857e-05
1595,16395,0.001620115035284428,-6.749151979710547e-05
1596,16396,0.0016206408422474996,-7.285252917083439e-05
1597,16397,0.0016213861488608566,-7.83143853134443e-05
1598,16398,0.0016223671114356864,-8.385603580018892e-05
1599,16399,0.0016235962603259816,-8.945406176706674e-05
1600,16400,0.0016250750835142033,-9.508481320998707e-05
1601,16401,0.0016267877258169128,-0.00010071610782786894
1602,16402,0.0016100746253014586,-5.105675284346007e-05
1603,16403,0.001610024920759088,-5.599786027278553e-05
1604,16404,0.0016101225693799345,-6.107665128174367e-05
1605,16405,0.001610400275568414,-6.628979047589237e-05
1606,16406,0.0016108890810673934,-7.162894893048561e-05
1607,16407,0.0016116142639373277,-7.70796911610808e-05
1608,16408,0.0016125960805729405,-8.26211250093967e-05
1609,16409,0.0016138486328521346,-8.822781354674029e-05
1610,16410,0.0016153754293121993,-9.387034436163244e-05
1611,16411,0.0016171667199136061,-9.951309426440934e-05
1612,16412,0.0016005387417996257,-4.992948020417704e-05
1613,16413,0.0016004186701548463,-5.481178511190776e-05
1614,16414,0.001600451550316641,-5.984290067564964e-05
1615,16415,0.0016006731351452207,-6.501986072969881e-05
1616,16416,0.0016011180941948682,-7.03346645175521e-05
1617,16417,0.0016018167247795311,-7.577281649343709e-05
1618,16418,0.0016027938124783094,-8.131292976262458e-05
1619,16419,0.0016040667158542176,-8.69274442657673e-05
1620,16420,0.0016056419841603137,-9.258321515197846e-05
1621,16421,0.0016075134338673913,-9.824179442669834e-05
1622,16422,0.00159101529490453,-4.8746394848155925e-05
1623,16423,0.0015908172056572217,-5.3564389880015836e-05
1624,16424,0.001590777045533573,-5.854262056931002e-05
1625,16425,0.0015909341383882713,-6.367918043662903e-05
1626,16426,0.0015913273620236027,-6.896648450450439e-05
1627,16427,0.0015919921813665266,-7.439003253727158e-05
1628,16428,0.0015929584744309782,-7.9927732860139e-05
1629,16429,0.0015942479176859145,-8.555009109811006e-05
1630,16430,0.001595870694114192,-9.122090761275891e-05
1631,16431,0.0015978230618784535,-9.689885469222716e-05
1632,16432,0.0015815062426317473,-4.75063019660862e-05
1633,16433,0.0015812221419261518,-5.225393370749839e-05
1634,16434,0.001581100023922255,-5.7173769544391084e-05
1635,16435,0.0015811834629533348,-6.226510791577026e-05
1636,16436,0.001581516036392271,-6.752116606310143e-05
1637,16437,0.001582138795339144,-7.292761455276858e-05
1638,16438,0.0015830873509915223,-7.846172019714866e-05
1639,16439,0.0015843885797421587,-8.409219163127871e-05
1640,16440,0.001586056864181865,-8.977995374179539e-05
1641,16441,0.0015880908064082385,-9.548027332024926e-05
1642,16442,0.0015720149900965243,-4.6208428015632054e-05
1643,16443,0.001571635691141372,-5.087904806812682e-05
1644,16444,0.0015714222186091764,-5.573442081448356e-05
1645,16445,0.0015714219923735917,-6.07751185160638e-05
1646,16446,0.0015716839438637753,-6.599554170189102e-05
1647,16447,0.001572255246990597,-7.138187432630207e-05
1648,16448,0.0015731780011207662,-7.691094153894606e-05
1649,16449,0.0015744851823678756,-8.254977033826822e-05
1650,16450,0.0015761961179943929,-8.825632426461157e-05
1651,16451,0.0015783122213206585,-9.398186112756623e-05
1652,16452,0.0015625420897202465,-4.4851035057610435e-05
1653,16453,0.0015620591355458985,-4.9438472868545166e-05
1654,16454,0.0015617440918172419,-5.422264528204023e-05
1655,16455,0.001561649358220814,-5.92065480997771e-05
1656,16456,0.0015618295646447713,-6.438620856552987e-05
1657,16457,0.0015623387155158535,-6.97487722039724e-05
1658,16458,0.0015632262728392421,-7.527093429312109e-05
1659,16459,0.0015645323524620077,-8.091816428839386e-05
1660,16460,0.0015662822145788642,-8.664528264165056e-05
1661,16461,0.0015684808858883912,-9.239892807915837e-05
1662,16462,0.0015530912136181385,-4.343473031904361e-05
1663,16463,0.00155249526469412,-4.793147415586617e-05
1664,16464,0.0015520680578926702,-5.263706447081328e-05
1665,16465,0.0015518670373421749,-5.755713771715382e-05
1666,16466,0.0015519531683574003,-6.269003172393528e-05
1667,16467,0.0015523880196435217,-6.802438535114838e-05
1668,16468,0.0015532294514274943,-7.353718867077025e-05
1669,16469,0.0015545259611429102,-7.919253299801646e-05
1670,16470,0.0015563100091916088,-8.494190487502384e-05
1671,16471,0.0015585913027650249,-9.072670451718919e-05
1672,16472,0.0015436655533258737,-4.1960305284878396e-05
1673,16473,0.0015429470303625517,-4.635801925186338e-05
1674,16474,0.001542396435897724,-5.097660947966623e-05
1675,16475,0.0015420764416838695,-5.582482031960604e-05
1676,16476,0.0015420548529815274,-6.090388259870203e-05
1677,16477,0.0015424016411377409,-6.620460692920483e-05
1678,16478,0.0015431842504755057,-7.170482742901653e-05
1679,16479,0.0015444610553469185,-7.736754057788105e-05
1680,16480,0.0015462733076380465,-8.314074885951027e-05
1681,16481,0.0015486367528315032,-8.895996698200577e-05
1682,16482,0.0015342692570162386,-4.042912595351253e-05
1683,16483,0.0015334183951670988,-4.471871800925852e-05
1684,16484,0.0015327326222459579,-4.924086296186898e-05
1685,16485,0.001532280025060391,-5.40079801930273e-05
1686,16486,0.0015321356866986355,-5.902489386794144e-05
1687,16487,0.0015323788565348116,-6.428536491890954e-05
1688,16488,0.0015330879120419962,-6.97687915663623e-05
1689,16489,0.001534332890132948,-7.54375126023242e-05
1690,16490,0.001536165817838942,-8.123597956000013e-05
1691,16491,0.0015386102094070559,-8.709313430571243e-05
1692,16492,0.0015249055572569045,-3.884315181597398e-05
1693,16493,0.0015239123885301114,-4.301465884887462e-05
1694,16494,0.001523079163261656,-4.742976672506537e-05
1695,16495,0.0015224793714677717,-5.2105206228456184e-05
1696,16496,0.0015221957747311328,-5.705016632632644e-05
1697,16497,0.0015223177753688382,-6.22622817627857e-05
1698,16498,0.001522936184659581,-6.772344441064117e-05
1699,16499,0.0015241348210738204,-7.339599116586585e-05
1700,16500,0.0015259789576120117,-7.922088995638679e-05
1701,16501,0.0015285021135740208,-8.511978121325883e-05
1702,16502,0.0015155796040563527,-3.7205623102373443e-05
1703,16503,0.001514434204457121,-4.124803294900854e-05
1704,16504,0.0015134408443355026,-4.5544305194780346e-05
1705,16505,0.0015126783804866536,-5.01160127890954e-05
1706,16506,0.0015122375136215854,-5.4977496172912665e-05
1707,16507,0.0015122186259380502,-6.013136605752496e-05
1708,16508,0.0015127265883945627,-6.55632004103297e-05
1709,16509,0.0015138614874952233,-7.123628968453526e-05
1710,16510,0.001515704919510051,-7.708839573290108e-05
1711,16511,0.0015183033341908225,-8.303310720881742e-05
1712,16512,0.0015062972845382439,-3.5520744803165566e-05
1713,16513,0.0015049897133164866,-3.9421940688082524e-05
1714,16514,0.0015038232557607765,-4.35864538870367e-05
1715,16515,0.0015028818776693122,-4.80407750277837e-05
1716,16516,0.0015022642339928543,-5.280529577714661e-05
1717,16517,0.0015020824040037353,-5.7888877557943704e-05
1718,16518,0.0015024570168968366,-6.32823021815509e-05
1719,16519,0.0015035073066323825,-6.895117250154768e-05
1720,16520,0.001505335023377036,-7.483064505046984e-05
1721,16521,0.0015080034161919589,-8.082553071046868e-05
1722,16522,0.0014970635971997266,-3.3792601594736976e-05
1723,16523,0.0014955839121823778,-3.7540393052944165e-05
1724,16524,0.0014942313833317708,-4.1559057009203795e-05
1725,16525,0.0014930942256843609,-4.588064590091057e-05
1726,16526,0.0014922788575512929,-5.0532486085569457e-05
1727,16527,0.001491909539986592,-5.553115525720634e-05
1728,16528,0.0014921243524019803,-6.087453427397762e-05
1729,16529,0.001493064947972756,-6.653243289007188e-05
1730,16530,0.0014948579885323517,-7.243849365680173e-05
1731,16531,0.0014975886903455641,-7.84881407453592e-05
1732,16532,0.001487884694297963,-3.202717267280929e-05
1733,16533,0.0014862239896494352,-3.56089651312481e-05
1734,16534,0.0014846726276163224,-3.946672374748754e-05
1735,16535,0.001483322532623395,-4.363851595096102e-05
1736,16536,0.0014822872510934137,-4.8159509447104684e-05
1737,16537,0.0014817033833610764,-5.305560749593355e-05
1738,16538,0.0014817279901016363,-5.833410023394879e-05
1739,16539,0.0014825287482639596,-6.39715908306303e-05
1740,16540,0.0014842630920082517,-6.990203587509419e-05
1741,16541,0.0014870451515045305,-7.601115610716664e-05
1742,16542,0.0014787670892362228,-3.0231811029739192e-05
1743,16543,0.0014769171263102946,-3.363475074764611e-05
1744,16544,0.001475154871913587,-3.731572091655095e-05
1745,16545,0.0014735747374632244,-4.131896682818359e-05
1746,16546,0.0014722964180012615,-4.568831990209009e-05
1747,16547,0.001471468488314491,-5.046066996895468e-05
1748,16548,0.0014712681449116007,-5.5655436318664495e-05
1749,16549,0.001471892866462176,-6.125946609536641e-05
1750,16550,0.0014735379758916468,-6.720994472237215e-05
1751,16551,0.0014763558964736227,-7.338317526339074e-05
1752,16552,0.0014697178171708012,-2.8415588268049566e-05
1753,16553,0.0014676715918322282,-3.1626835498888565e-05
1754,16554,0.0014656874358757869,-3.511450042670024e-05
1755,16555,0.0014638607298130709,-3.892894162857994e-05
1756,16556,0.0014623157971543565,-4.312318318314874e-05
1757,16557,0.0014612121364474965,-4.7746650511701593e-05
1758,16558,0.001460747523813638,-5.283393360338266e-05
1759,16559,0.0014611528662433187,-5.838659315417656e-05
1760,16560,0.0014626697925727093,-6.434952563852044e-05
1761,16561,0.00146550168040949,-7.059104417964404e-05
1762,16562,0.0014607426493809424,-2.6588922740351898e-05
1763,16563,0.0014584946620565722,-2.9596018500436923e-05
1764,16564,0.0014562790757122223,-3.287354517481544e-05
1765,16565,0.001454190357543025,-3.6477727248297705e-05
1766,16566,0.001452355419749113,-4.047082484490697e-05
1767,16567,0.001450942717918046,-4.4915969170622106e-05
1768,16568,0.001450169909625314,-4.986607078444453e-05
1769,16569,0.001450304232465563,-5.534296087774481e-05
1770,16570,0.001451643140077166,-6.130591621549689e-05
1771,16571,0.001454457958019789,-6.761874842072046e-05
1772,16572,0.0014518487600166702,-2.47646104553338e-05
1773,16573,0.001449395414408606,-2.7555461209539025e-05
1774,16574,0.0014469407725344352,-3.0606293203687774e-05
1775,16575,0.001444576388042108,-3.397821086060147e-05
1776,16576,0.0014424291679604245,-3.774203863724911e-05
1777,16577,0.001440673455231285,-4.1975085428490695e-05
1778,16578,0.0014395444178434964,-4.6751414562113194e-05
1779,16579,0.001439346870491011,-5.211960711790604e-05
1780,16580,0.0014404439751396663,-5.8062872578350254e-05
1781,16581,0.0014431974029815967,-6.444759355864854e-05
1782,16582,0.0014430428602612484,-2.2956572216182856e-05
1783,16583,0.0014403825656501281,-2.5520178450727153e-05
1784,16584,0.0014376834760996729,-2.832887529005858e-05
1785,16585,0.001435032267878718,-3.144687249631927e-05
1786,16586,0.001432552684410493,-3.495205053433052e-05
1787,16587,0.001430420708030476,-3.893532386016794e-05
1788,16588,0.0014288844541618007,-4.349372590899712e-05
1789,16589,0.0014282845690126822,-4.870936494703817e-05
1790,16590,0.0014290584840845133,-5.460236411712194e-05
1791,16591,0.001431686647575414,-6.105474320821469e-05
1792,16592,0.0014343317386448563,-2.117923143521195e-05
1793,16593,0.0014314649942341248,-2.35070929431698e-05
1794,16594,0.0014285186631948566,-2.6060496201064945e-05
1795,16595,0.0014255727350055807,-2.8904405880559983e-05
1796,16596,0.0014227441324839816,-3.2121684047364365e-05
1797,16597,0.0014202052315818849,-3.581481184416702e-05
1798,16598,0.0014182099878739592,-4.0103692329361916e-05
1799,16599,0.0014171285016395783,-4.510960620466351e-05
1800,16600,0.0014174764647453641,-5.0905795324876135e-05
1801,16601,0.001419886470383922,-5.741247627010653e-05
1802,16602,0.0014257208226493038,-1.944757722024896e-05
1803,16603,0.0014226491425144998,-2.1534890922608278e-05
1804,16604,0.0014194560537044364,-2.3822788472228727e-05
1805,16605,0.0014162112384656382,-2.637541517928324e-05
1806,16606,0.0014130215808900127,-2.9277469230618968e-05
1807,16607,0.0014100497830460215,-3.263953212024444e-05
1808,16608,0.0014075462035527545,-3.6601411113724976e-05
1809,16609,0.0014058979119480931,-4.132562172979874e-05
1810,16610,0.001405692999413008,-4.69557182475313e-05
1811,16611,0.0014077489458290738,-5.348637913202295e-05
1812,16612,0.0014172124552420948,-1.7778310446395724e-05
1813,16613,0.0014139424826433125,-1.9623846231589957e-05
1814,16614,0.001410505632303786,-2.164044361953828e-05
1815,16615,0.0014069622010800678,-2.3889079294163647e-05
1816,16616,0.0014034051115212273,-2.6452858887458398e-05
1817,16617,0.0013999813612538645,-2.9445645669097374e-05
1818,16618,0.0013969267899282612,-3.30210997826271e-05
1819,16619,0.001394626720618414,-3.737832455865912e-05
1820,16620,0.0013937191096594142,-4.274297614264015e-05
1821,16621,0.0013952230824318555,-4.9236320867506584e-05
1822,16622,0.0014088124209216,-1.618927810613347e-05
1823,16623,0.0014053493808246537,-1.779531938761479e-05
1824,16624,0.0014016755514808812,-1.9540250276177474e-05
1825,16625,0.0013978381051813402,-2.1478120020737442e-05
1826,16626,0.0013939135243072834,-2.3687374051023982e-05
1827,16627,0.0013900274337902685,-2.627939054193601e-05
1828,16628,0.001386389960180691,-2.941315770142462e-05
1829,16629,0.0013833627295962336,-3.3312738943769566e-05
1830,16630,0.0013815900528654898,-3.827894337656586e-05
1831,16631,0.0013822613925708173,-4.4619402225853625e-05
1832,16632,0.0014005210586241152,-1.4695890392969296e-05
1833,16633,0.0013968735213474414,-1.6072417053099193e-05
1834,16634,0.0013929722337047876,-1.7550304178109112e-05
1835,16635,0.0013888495981479883,-1.917818056286037e-05
1836,16636,0.0013845638811239012,-2.1025832081162567e-05
1837,16637,0.001380214692278257,-2.319665916474097e-05
1838,16638,0.001375976402758408,-2.5845220737139736e-05
1839,16639,0.0013721646046147293,-2.920469793701653e-05
1840,16640,0.001369378306301367,-3.362424712400414e-05
1841,16641,0.0013688494782632087,-3.960378426340663e-05
1842,16642,0.0013782693213310712,-1.1276239421043414e-05
1843,16643,0.001374989311668467,-1.2220733244737346e-05
1844,16644,0.0013713818383968908,-1.3214110892405746e-05
1845,16645,0.0013674589808253816,-1.4292527721281733e-05
1846,16646,0.0013632495619538025,-1.551291638262011e-05
1847,16647,0.0013588081276175682,-1.6964181522210697e-05
1848,16648,0.0013542425014485442,-1.8788754162644037e-05
1849,16649,0.0013497679783828057,-2.1220296664033627e-05
1850,16650,0.0013458335503385103,-2.4657091832110168e-05
1851,16651,0.001343471639748147,-2.9791797621034223e-05
1852,16652,0.0013644075961877632,-9.740119786015762e-06
1853,16653,0.0013616482500647068,-1.0476952831718263e-05
1854,16654,0.001358533477564728,-1.1241122941994582e-05
1855,16655,0.0013550692251431337,-1.2066538040082452e-05
1856,16656,0.001351271668048629,-1.3006331800825725e-05
1857,16657,0.001347178172941408,-1.4146274226081021e-05
1858,16658,0.0013428710731111081,-1.5627569420851194e-05
1859,16659,0.0013385224775227162,-1.7688774722642593e-05
1860,16660,0.0013345082083494062,-2.0750169147111857e-05
1861,16661,0.0013317236569673303,-2.5608326904397198e-05
1862,16662,0.0013506783733886116,-8.730044147206693e-06
1863,16663,0.0013484209686610551,-9.265773557134527e-06
1864,16664,0.0013457842517850772,-9.80578080763471e-06
1865,16665,0.0013427653912169934,-1.0379014663742351e-05
1866,16666,0.0013393689239258554,-1.1034835399257862e-05
1867,16667,0.0013356131266909954,-1.1854660902838323e-05
1868,16668,0.0013315505900434261,-1.2976409891751873e-05
1869,16669,0.001327303215098183,-1.4640454024411263e-05
1870,16670,0.001323154706800348,-1.7287817225506517e-05
1871,16671,0.0013197812499266637,-2.1816361001217274e-05
1872,16672,0.0013370026872109658,-8.258894962138086e-06
1873,16673,0.0013352292360110998,-8.605271143535731e-06
1874,16674,0.0013330572103630316,-8.9286860034526e-06
1875,16675,0.0013304735466770595,-9.255253206087416e-06
1876,16676,0.001327468251980526,-9.629623315194434e-06
1877,16677,0.0013240408625223691,-1.0128017295080109e-05
1878,16678,0.0013202106848222575,-1.0883319587527055e-05
1879,16679,0.0013160415010608256,-1.2134789623844119e-05
1880,16680,0.0013117053945865464,-1.4339779119397507e-05
1881,16681,0.0013076068305402058,-1.8460535014348477e-05
1882,16682,0.001323291292634684,-8.342348468419846e-06
1883,16683,0.0013219908570942808,-8.508991309766213e-06
1884,16684,0.0013202713073907583,-8.62503882649848e-06
1885,16685,0.0013181118188731634,-8.713327134562809e-06
1886,16686,0.0013154891504614692,-8.812874158619173e-06
1887,16687,0.001312381449549946,-8.993489829405478e-06
1888,16688,0.001308771797662615,-9.381109994273234e-06
1889,16689,0.0013046612232364,-1.021023166254461e-05
1890,16690,0.0013000913287771307,-1.1941385375635764e-05
1891,16691,0.0012951795485405925,-1.5554213053191677e-05
1892,16692,0.0013094623619237112,-8.988358121704622e-06
1893,16693,0.0013086200873817907,-8.983445343919513e-06
1894,16694,0.0013073403454428732,-8.903578427874191e-06
1895,16695,0.0013055944341709054,-8.763699780862421e-06
1896,16696,0.0013033456940845162,-8.596923134903954e-06
1897,16697,0.0013005490127799108,-8.465576417623923e-06
1898,16698,0.0012971504630674001,-8.486274708439974e-06
1899,16699,0.0012930812293886365,-8.882383741843691e-06
1900,16700,0.0012882488765050746,-1.010098184785567e-05
1901,16701,0.001282485139473497,-1.3091090151137778e-05
1902,16702,0.0012954270252035242,-1.0185003871869285e-05
1903,16703,0.0012950247581993925,-1.0030062805188832e-05
1904,16704,0.0012941736317655086,-9.766356470645285e-06
1905,16705,0.0012928318450821763,-9.408353642809405e-06
1906,16706,0.00129094881957719,-8.983603478643031e-06
1907,16707,0.0012884568476666505,-8.545724480939792e-06
1908,16708,0.0012852620113248294,-8.198803036514914e-06
1909,16709,0.0012812258182848565,-8.147482493212896e-06
1910,16710,0.0012761217991085873,-8.806626661142047e-06
1911,16711,0.0012695150462450398,-1.1052202842628147e-05
1912,16712,0.0012812307747859318,-1.1925971323167254e-05
1913,16713,0.0012812546829593903,-1.1628119879347396e-05
1914,16714,0.0012808111210121352,-1.1191070235025082e-05
1915,16715,0.0012798536444405381,-1.0625747981387525e-05
1916,16716,0.001278317838632229,-9.952504249384573e-06
1917,16717,0.001276113134816803,-9.214428016413516e-06
1918,16718,0.001273106848305484,-8.499160759031388e-06
1919,16719,0.0012690916564678592,-7.98413998770185e-06
1920,16720,0.0012637142282836255,-8.033657105557801e-06
1921,16721,0.0012562985520637952,-9.41451268088071e-06
1922,16722,0.0012669473264678166,-1.4164192688775346e-05
1923,16723,0.0012673587501439887,-1.3726331125859114e-05
1924,16724,0.0012672912277680395,-1.312654029538827e-05
1925,16725,0.00126668862652281,-1.2364728829397096e-05
1926,16726,0.0012654720290180808,-1.14532265763308e-05
1927,16727,0.0012635293947234813,-1.0422194627176534e-05
1928,16728,0.00126068978275421,-9.338899951204625e-06
1929,16729,0.0012566816816180755,-8.34516338479479e-06
1930,16730,0.0012510363733025456,-7.738216474511583e-06
1931,16731,0.001242865108996746,-8.145497485757399e-06
1932,16732,0.001252492700526539,-1.6835520918910977e-05
1933,16733,0.0012532604131412013,-1.627495767561868e-05
1934,16734,0.0012535394022008834,-1.5519947734172457e-05
1935,16735,0.001253263818020884,-1.456982245609927e-05
1936,16736,0.0012523414864851162,-1.3427451551453701e-05
1937,16737,0.0012506391349445289,-1.2108365889256684e-05
1938,16738,0.0012479513273023623,-1.0655585927678918e-05
1939,16739,0.0012439487413421972,-9.168029900681695e-06
1940,16740,0.0012380599414342289,-7.862435860922028e-06
1941,16741,0.0012292198240060363,-7.203183082539439e-06
1942,16742,0.0012377854322724077,-1.9908010084683844e-05
1943,16743,0.0012388871976861606,-1.9220591379533294e-05
1944,16744,0.0012394858323093682,-1.8314212062332935e-05
1945,16745,0.001239513072166397,-1.7179962758388724e-05
1946,16746,0.0012388641299654354,-1.581037393442603e-05
1947,16747,0.0012373852764064651,-1.4205059832829262e-05
1948,16748,0.0012348422223623543,-1.2379172962492439e-05
1949,16749,0.00123085432510068,-1.0383190722485318e-05
1950,16750,0.0012247669038051325,-8.342656630756298e-06
1951,16751,0.0012153712958592484,-6.542278447183228e-06
1952,16752,0.0012227718813154949,-2.3324286097114446e-05
1953,16753,0.0012241707892979943,-2.2506711076234045e-05
1954,16754,0.0012250676430184946,-2.144844676534148e-05
1955,16755,0.0012253779559957408,-2.0129507741508048e-05
1956,16756,0.0012249858051823941,-1.85323340471881e-05
1957,16757,0.0012237208383934718,-1.6638888036462452e-05
1958,16758,0.0012213233021507977,-1.443433863647107e-05
1959,16759,0.0012173719526878714,-1.1916127399933341e-05
1960,16760,0.0012111462251603179,-9.11177900863628e-06
1961,16761,0.0012013330261997914,-6.115651216667039e-06
1962,16762,0.0012073635096267546,-2.7023789551225264e-05
1963,16763,0.0012090520631789945,-2.6075361889092983e-05
1964,16764,0.0012102304455632077,-2.4857250828893066e-05
1965,16765,0.0012108090694417718,-2.3348556544267974e-05
1966,16766,0.0012106631977522775,-2.1519121035708723e-05
1967,16767,0.0012096090307646278,-1.933244429405502e-05
1968,16768,0.0012073665768403804,-1.674209367875441e-05
1969,16769,0.0012034854359354481,-1.368955442058468e-05
1970,16770,0.0011971987018923958,-1.0100668235893525e-05
1971,16771,0.0011871244688958457,-5.875656969456241e-06
1972,16772,0.0011915158257263551,-3.096328226946383e-05
1973,16773,0.0011934808279255322,-2.9859200624107415e-05
1974,16774,0.0011949293626001831,-2.8471013246895957e-05
1975,16775,0.0011957672658954492,-2.676279383216886e-05
1976,16776,0.0011958627026187887,-2.4693116124774227e-05
1977,16777,0.0011950239732677137,-2.220537719972641e-05
1978,16778,0.0011929566539741617,-1.9220942747354753e-05
1979,16779,0.0011891905859039516,-1.5624854888468418e-05
1980,16780,0.0011829335493851057,-1.1240306448419223e-05
1981,16781,0.001172770767863664,-5.775161450446658e-06
1982,16782,0.0011753709682007782,-3.500489072437555e-05
1983,16783,0.0011775886609918752,-3.374472232022525e-05
1984,16784,0.0011792873389343626,-3.2176430436954293e-05
1985,16785,0.0011803687937184293,-3.026079787403686e-05
1986,16786,0.001180695893391724,-2.7944187646725885e-05
1987,16787,0.0011800703952583543,-2.5150982769558948e-05
1988,16788,0.0011781905710431318,-2.1770266740749917e-05
1989,16789,0.0011745772615787266,-1.7631396497930274e-05
1990,16790,0.0011684302823684615,-1.245734386029847e-05
1991,16791,0.0011583356172986542,-5.7688914658888025e-06
1992,16792,0.001159068898563109,-3.903849060780181e-05
1993,16793,0.0011615152887780897,-3.7613283922779216e-05
1994,16794,0.0011634390447938779,-3.5857932425563226e-05
1995,16795,0.0011647416660459633,-3.3728641616741785e-05
1996,16796,0.0011652832923398253,-3.116121253822491e-05
1997,16797,0.001164862385112177,-2.8061696094228768e-05
1998,16798,0.0011631748555324445,-2.428859233427294e-05
1999,16799,0.0011597423165103453,-1.9618048359890647e-05
2000,16800,0.0011537727806115142,-1.3677996311894324e-05
2001,16801,0.0011438826297208563,-5.811461526741681e-06
2002,16802,0.0011426034145953787,-4.299864560581494e-05
2003,16803,0.0011452567140342012,-4.139089689307846e-05
2004,16804,0.0011473860525384098,-3.943776826614358e-05
2005,16805,0.0011488936914913898,-3.7086575482421174e-05
2006,16806,0.001149639425940599,-3.4262476033523986e-05
2007,16807,0.0011494205706028004,-3.0855011049763916e-05
2008,16808,0.0011479363623500348,-2.6694337417083347e-05
2009,16809,0.0011447172294592725,-2.1508297004374587e-05
2010,16810,0.0011389965308294962,-1.4836744737389421e-05
2011,16811,0.0011294491653069637,-5.859009174271255e-06
2012,16812,0.001125974324776082,-4.681051175680073e-05
2013,16813,0.0011288132619066706,-4.500818746616523e-05
2014,16814,0.0011311346961546155,-4.284463084261325e-05
2015,16815,0.0011328387351979133,-4.02612173131988e-05
2016,16816,0.0011337848934606066,-3.717316997896394e-05
2017,16817,0.0011337732354828071,-3.3455089135272064e-05
2018,16818,0.0011325095879091344,-2.8912819214332428e-05
2019,16819,0.0011295424560456846,-2.323139749766789e-05
2020,16820,0.0011241447508325213,-1.5873348082615488e-05
2021,16821,0.001115076710963411,-5.8717578390066605e-06
2022,16822,0.0011091722674306426,-5.0413613977357725e-05
2023,16823,0.0011121878008163303,-4.840074086493677e-05
2024,16824,0.0011146970628853978,-4.601341623055225e-05
2025,16825,0.0011165971899011193,-4.318553826480119e-05
2026,16826,0.0011177483978194254,-3.982487449497918e-05
2027,16827,0.0011179562039492353,-3.579335358342012e-05
2028,16828,0.0011169378025741832,-3.0876366259168977e-05
2029,16829,0.0011142670555882499,-2.4723444214553945e-05
2030,16830,0.0011092684485434947,-1.673312099291416e-05
2031,16831,0.0011008111342394034,-5.8145082125991095e-06
2032,16832,0.001092189003084854,-5.375120618372389e-05
2033,16833,0.001095389135957211,-5.15120989499526e-05
2034,16834,0.0010980916400244389,-4.8884675527127503e-05
2035,16835,0.0011001954377539759,-4.5799303094441045e-05
2036,16836,0.0011015651769107617,-4.215668776962454e-05
2037,16837,0.001102013310739763,-3.780890234079805e-05
2038,16838,0.001101272835384586,-3.2525171169931464e-05
2039,16839,0.0010989472372625272,-2.592893902160125e-05
2040,16840,0.0010944251508314931,-1.73690173254402e-05
2041,16841,0.0010867031925125257,-5.657126507472907e-06
2042,16842,0.001075039918656413,-5.6774788300372064e-05
2043,16843,0.0010784375957861362,-5.4288055950276834e-05
2044,16844,0.0010813452511138197,-5.140404402309564e-05
2045,16845,0.0010836684973119114,-4.8048299235027075e-05
2046,16846,0.0010852783885650123,-4.411527358773441e-05
2047,16847,0.001085996807067175,-3.9449305613448524e-05
2048,16848,0.0010855743713286542,-3.380884365956958e-05
2049,16849,0.0010836495703735783,-2.6800040546114295e-05
2050,16850,0.0010796804931192114,-1.774088824758247e-05
2051,16851,0.0010728076785185192,-5.375562168573845e-06
2052,16852,0.0010579499681577817,-5.939712971513067e-05
2053,16853,0.0010615392977290413,-5.6652001377186504e-05
2054,16854,0.0010646558251969634,-5.350258446042696e-05
2055,16855,0.0010672095812279605,-4.9869836711730344e-05
2056,16856,0.001069076407879302,-4.5643352866591635e-05
2057,16857,0.001070088211021512,-4.0662716775492914e-05
2058,16858,0.0010700145063471309,-3.468075662253306e-05
2059,16859,0.0010685299249079217,-2.729630702479269e-05
2060,16860,0.0010651652851581556,-1.7815903517979046e-05
2061,16861,0.0010592145619974095,-4.9505470593616195e-06
2062,16862,0.0010411153825414417,-6.15503703108189e-05
2063,16863,0.0010448865469878594,-5.85469474531764e-05
2064,16864,0.0010482138502172665,-5.5131374791125406e-05
2065,16865,0.0010510045111583673,-5.1221107031548944e-05
2066,16866,0.0010531392332644228,-4.6703311916510466e-05
2067,16867,0.0010544601879590564,-4.1416304998476844e-05
2068,16868,0.0010547563464721277,-3.511235419288315e-05
2069,16869,0.0010537383161393474,-2.7391501038748325e-05
2070,16870,0.0010510071066828588,-1.756894015674907e-05
2071,16871,0.0010460122893584953,-4.364707114856595e-06
2072,16872,0.0010245316808001324,-6.321560609986857e-05
2073,16873,0.001028498765818952,-5.9956224746706976e-05
2074,16874,0.0010320488662667253,-5.627608222293561e-05
2075,16875,0.0010350916039153146,-5.208928817838982e-05
2076,16876,0.001037512139053631,-4.728422275737862e-05
2077,16877,0.0010391655535127537,-4.170111579636336e-05
2078,16878,0.001039861741654648,-3.509560076490991e-05
2079,16879,0.0010393453936672135,-2.707649731645759e-05
2080,16880,0.0010372809199328216,-1.698532967135696e-05
2081,16881,0.0010332653818875795,-3.6034162062074013e-06
2082,16882,0.0010082095613767462,-6.438532529132017e-05
2083,16883,0.0010123943208192399,-6.0872692049481614e-05
2084,16884,0.0010161882686679964,-5.69309346890765e-05
2085,16885,0.0010195041748283118,-5.247024773243681e-05
2086,16886,0.0010222354727862618,-4.738415160766532e-05
2087,16887,0.0010242518622970126,-4.1518399266027254e-05
2088,16888,0.0010253865131975833,-3.463632588268094e-05
2089,16889,0.0010254190399165777,-2.635750863316071e-05
2090,16890,0.001024066256799327,-1.6063080541656503e-05
2091,16891,0.001021048915288322,-2.65391422121884e-06
2092,16892,0.000992173301808921,-6.504644891094817e-05
2093,16893,0.000996594820334225,-6.129566466979998e-05
2094,16894,0.0010006567468721923,-5.7097242564344274e-05
2095,16895,0.0010042711313789352,-5.236598501934103e-05
2096,16896,0.0010073427051223713,-4.7009302107122484e-05
2097,16897,0.0010097592473222886,-4.087943136355351e-05
2098,16898,0.001011378139109749,-3.3752659785706794e-05
2099,16899,0.0010120181353702323,-2.52592616134641e-05
2100,16900,0.0010114434327309558,-1.4817883445999609e-05
2101,16901,0.0010094546737867212,-1.5065200833044514e-06
2102,16902,0.0009764392483727703,-6.519559922930447e-05
2103,16903,0.0009811199037201247,-6.12312604319921e-05
2104,16904,0.0009854782448421608,-5.678213195678017e-05
2105,16905,0.0009894138446940016,-5.178010357455974e-05
2106,16906,0.0009928572831162297,-4.617413132863546e-05
2107,16907,0.0009957210641468302,-3.980351489882308e-05
2108,16908,0.0009978754709265188,-3.247143047049832e-05
2109,16909,0.0009991815051833032,-2.3822307438814722e-05
2110,16910,0.0009994761498835878,-1.3293238243643422e-05
2111,16911,0.0009985980244691412,-1.6033221693054227e-07
