,NID,U1,U2
0,1,0.0,0.0
1,2,0.0036027285438789284,0.0008227684563875765
2,3,0.0036027285438789266,-0.0008227684563875734
3,4,0.0,0.0
