,NID,U1,U2
0,1,0.0,0.0
1,2,0.003602728543878927,0.0008227684563875754
2,3,0.0036027285438789275,-0.000822768456387575
3,4,0.0,0.0
