,Element,NID,S1,S2,S12,S_max,S_min
0,1,89,896.5206696067083,7.787193422562893,-87.55348850590035,898.6717937105134,5.636069318757734
1,1,11,923.446384402844,89.38026856236826,-216.0407036631667,937.2090644003849,75.61758856482743
2,1,12,537.2211914848343,-38.07404510057495,-188.51594004102228,552.2709752653109,-53.12382888105145
3,1,13,510.2954766886986,-119.66712024038031,-60.02872488375591,511.72226967442487,-121.09391322610657
4,2,90,1015.6451170928333,-9.09312978194157,-82.36831728325072,1017.2976406461298,-10.745653335238103
5,2,89,1036.4544078444048,53.96532704100281,-152.32512243273948,1042.323470360101,48.096264525306594
6,2,13,826.1672321951909,-15.429440923237848,-131.05275758646403,831.2385310512711,-20.50073977931811
7,2,14,805.3579414436192,-78.48789774618223,-61.095952436977015,806.4124995090691,-79.54245581163207
8,3,91,1145.5877167052663,-14.64863457658015,-72.8746213643734,1146.7309068187715,-15.791824690085264
9,3,90,1163.5251711772949,39.7072880659307,-114.52626896759686,1166.4354265077814,36.79703273544419
10,3,14,1038.3227095065458,-1.6095242854164553,-96.18973832899849,1040.5422675958475,-3.829082374718155
11,3,15,1020.3852550345173,-55.9654469279273,-54.53809072577502,1021.075665851876,-56.655857745286085
15,4,16,1186.8393199663692,-41.97965635949754,-47.77680903572536,1187.303538360357,-42.443874753485375
14,4,15,1202.0020814785416,3.9681057986007318,-73.83992860557673,1203.1387701956596,2.831417081482755
12,4,92,1265.1839469292713,-16.125929461739872,-63.27699108492153,1265.964698600238,-16.90668113270658
13,4,91,1280.3467084414438,29.8218326963584,-89.3401106547729,1281.940338623815,28.228202513986957
16,5,93,1368.1915210392342,-16.019859661464466,-54.28418855088418,1368.723528115895,-16.55186673812534
17,5,92,1380.7406421103644,22.007779948020925,-70.27229681345754,1381.6486384515588,21.099783606826463
18,5,16,1332.6813064749163,6.1481991883229625,-57.443980322558325,1333.3029014686326,5.526604194606534
19,5,17,1320.132185403786,-31.87944042116243,-41.455872059981466,1320.4498945009477,-32.19714951832407
20,6,94,1454.7349549673645,-15.189739561047077,-46.09035720510836,1455.0961638013805,-15.550948395063074
21,6,93,1465.0038813747663,15.92821924926102,-55.113120069636004,1465.527725372881,15.404375251146462
22,6,17,1437.8819741582322,6.9779898678048085,-44.61572848107619,1438.229670383675,6.630293642361835
23,6,18,1427.6130477508304,-24.139968942503288,-35.592965616550295,1427.8311752264467,-24.358096418119658
24,7,95,1526.4208821380093,-13.987497895007664,-38.74157599781553,1526.6644332089056,-14.231048965903938
25,7,94,1534.736287501145,11.210700175100442,-42.86529602286346,1535.0377379869176,10.909249689327908
26,7,18,1522.3405608040557,7.120110365061009,-34.36484596711511,1522.5353824249205,6.925288744196223
27,7,19,1514.02515544092,-18.078087705047096,-30.24112594206544,1514.1743680747118,-18.227300338838972
31,8,20,1582.992593207396,-13.311496139594283,-25.428797434648818,1583.093855668437,-13.412758600635243
30,8,19,1589.6557945946363,6.88002321567933,-26.13973116835463,1589.7637124331686,6.772105377147
28,8,96,1585.12961919956,-12.606277562180253,-32.24024309316451,1585.2922442443487,-12.768902606968823
29,8,95,1591.7928205868002,7.58524179309336,-32.951176826868576,1591.9641464058823,7.413915974011275
32,9,97,1632.6866032583807,-11.165964209960293,-26.56028354912757,1632.793882135018,-11.273243086597518
33,9,96,1637.9650817207005,4.829425069796116,-24.956045909060173,1638.060414871875,4.734091918621516
34,9,20,1642.7873517154483,6.420774168062849,-19.560104210508634,1642.8458019454056,6.362323938105419
35,9,21,1637.5088732531285,-9.57461511169356,-21.164341850579518,1637.5768587075763,-9.642600566141596
36,10,98,1670.7829718625337,-9.745622173463175,-21.657299498878327,1670.8527444255246,-9.815394736453982
37,10,97,1674.9126785946044,2.768640650993575,-18.55558126833217,1674.9641542733452,2.71716497225259
38,10,21,1684.2362655406348,5.845424343183595,-14.333995973766422,1684.266869213092,5.8148206707263626
39,10,22,1680.1065588085642,-6.668838481273156,-17.435714204314326,1680.151614601144,-6.7138942738529295
43,11,23,1712.9462617675135,-4.435262855358133,-14.21585905414999,1712.9756796901029,-4.464680777947478
40,11,99,1700.9441199605783,-8.395969651646851,-17.47287845934917,1700.9887707455127,-8.440620436581526
41,11,98,1704.1302536107607,1.2589808034516636,-13.480073730467224,1704.1569305451899,1.2323038690224166
42,11,22,1716.132395417696,5.219687599740382,-10.22305432527153,1716.1476664929585,5.204416524477892
47,12,24,1737.866868025648,-2.7433120615538655,-11.467438135208473,1737.8857551825758,-2.7621992184817827
46,12,23,1740.2857999744253,4.586784752922654,-7.027152333319617,1740.2929124788302,4.579672248518023
44,12,100,1724.5195580911966,-7.147924339922838,-13.940199151766382,1724.5476128427708,-7.17597909149697
45,12,99,1726.9384900399739,0.18217247455368124,-9.499913349875783,1726.9515561092635,0.16910640526407406
48,13,101,1742.6859769806338,-6.018115764214599,-10.988809465145764,1742.7032401559609,-6.0353789395416015
49,13,100,1744.4876672365826,-0.5584483219454341,-6.418596980773237,1744.4935694083779,-0.564350493740676
50,13,24,1758.225463610284,3.9750244813760673,-4.576822350433729,1758.2284488264645,3.9720392651955763
51,13,25,1756.423773354335,-1.4846429608930976,-9.147034834804513,1756.4356721084414,-1.4965417149993527
54,14,25,1771.232389227105,3.402200277120869,-2.7288606344191626,1771.2334423084433,3.4011471957826416
52,14,102,1756.456148239446,-5.013043769074329,-8.548294246234272,1756.466519255956,-5.023414785584237
53,14,101,1757.7667731880358,-1.0414530157719355,-4.068651231602261,1757.769126187705,-1.0438060154413051
55,14,26,1769.9217642785152,-0.5693904761815247,-7.208503649047685,1769.9291015517595,-0.5767277494257996
59,15,27,1779.4455459440103,0.07653137202021298,-5.605776301672109,1779.4499610835503,0.07211623248008436
58,15,26,1780.370229608544,2.8786030827279774,-1.3629478661483208,1780.3704908793407,2.8783418119313637
56,15,103,1766.6918472275909,-4.132189204398173,-6.551032518051894,1766.697905971901,-4.138247948708226
57,15,102,1767.6165308921245,-1.330117493690409,-2.308204082528105,1767.6172838548869,-1.3308704564528853
60,16,104,1774.1185255510816,-3.370382084154244,-4.93382863801279,1774.121949288079,-3.3738058211515636
61,16,103,1774.7440096939922,-1.4749755904856556,-1.0181423637300169,1774.7441555957357,-1.4751214922292775
62,16,27,1786.514337853415,2.409232702123859,-0.3787423213019557,1786.5143579539326,2.4092126016061
63,16,28,1785.8888567898107,0.5138355396862835,-4.294409318358307,1785.8914391498893,0.5112531796077064
64,17,105,1779.340734556759,-2.7193242373804196,-3.6389606023996697,1779.3425922411277,-2.7211819217493485
65,17,104,1779.7378507263597,-1.5159419052565681,-0.09924787465506855,1779.7378521088326,-1.515943287729442
66,17,28,1790.3780783254463,1.995338481649469,0.3067228418514826,1790.37809147684,1.9953253302559233
67,17,29,1789.9809602008029,0.7919502251540962,-3.2330073122582514,1789.9824206848114,0.7904897411456204
68,18,106,1782.8571658776261,-2.1692847554387527,-2.6147411989434253,1782.8581234079568,-2.1702422857695183
69,18,105,1783.083208231797,-1.4843079246178377,0.5303612211902058,1783.0832476367252,-1.4843473295461536
70,18,29,1792.537205561231,1.635511194095443,0.7614326120248451,1792.5372864952653,1.6354302600611845
71,18,30,1792.3111632070602,0.950534363274528,-2.383669808108786,1792.3119561628655,0.9497414074693324
75,19,31,1793.3508645480804,1.0213262197556787,-1.7124619808654933,1793.3512735863326,1.0209171815033642
74,19,30,1793.4517086322442,1.3269143535852663,1.0406366140469523,1793.4518596993566,1.3267632864726693
72,19,107,1785.07516747228,-1.7096538152584344,-1.815550172409198,1785.0756286668147,-1.710115009793185
73,19,106,1785.1760115564439,-1.4040656814288468,0.9375484225023752,1785.176134556386,-1.4041886813710107
76,20,108,1786.3241893761808,-1.329760417150851,-1.2017149711095594,1786.3243913334318,-1.3299623744018163
77,20,107,1786.3361450084997,-1.2935312283059375,1.176486183109943,1786.3363385776163,-1.2937247974225556
78,20,31,1793.4848811567758,1.0655517006251785,1.1887078067896455,1793.4850782404146,1.0653546169864967
79,20,32,1793.472925524457,1.029322511780265,-1.1894933474298568,1793.4731228659891,1.0291251702481077
80,21,109,1786.8678996378596,-1.019318754076835,-0.7391455251737589,1786.867976031952,-1.0193951481692238
81,21,108,1786.8193801660634,-1.1663474564896887,1.2905052668273969,1786.8196130263711,-1.1665803167973081
82,21,32,1792.9204239700612,0.8469969988295816,1.2409060796900364,1792.920638783764,0.8467821851268127
83,21,33,1792.9689434418574,0.9940257012424354,-0.7887447123119917,1792.9690302341146,0.9939389089853421
87,22,34,1792.0639726129173,0.9304176837912337,-0.48794222822784244,1792.0640058443328,0.9303844523756197
86,22,33,1791.976933360855,0.6666623745115885,1.2249570997157242,1791.9771427773564,0.6664529580100407
85,22,109,1786.8280563105186,-1.0324670520993777,1.3139328189123518,1786.828297719062,-1.0327084606429935
84,22,110,1786.915095562581,-0.7687117428197325,-0.3989665090320871,1786.915117822428,-0.7687340026668608
88,23,111,1786.6292584083553,-0.5691792745088833,-0.15695985522734107,1786.6292618545865,-0.5691827207399456
89,23,110,1786.520434055715,-0.898950040085424,1.2735705330524496,1786.5206609165334,-0.8991769009038535
90,23,34,1790.8205262828874,0.5200803948813473,1.162325033892159,1790.820714938281,0.5198917394877753
91,23,35,1790.9293506355275,0.849851160457888,-0.2682053543885041,1790.929360681745,0.8498411142405757
92,24,112,1786.1368756410818,-0.4129052439118368,0.006896552580541777,1786.1368756477375,-0.41290525056751903
93,24,111,1786.0188295032149,-0.7706208132052552,1.1900758974070238,1786.019027663172,-0.7708189731625907
94,24,35,1789.5754162023677,0.4030527975152154,1.0694028507682325,1789.5755760000454,0.4028929998373769
95,24,36,1789.6934623402346,0.7607683668086338,-0.11377649405868574,1789.693464149287,0.7607665577563694
98,25,36,1788.3328353836973,0.3117614711513852,0.9584913381638338,1788.332963836543,0.31163301830576984
99,25,37,1788.4508285894824,0.669316640197053,-0.011676518862551154,1788.450828608548,0.6693166211315429
96,25,113,1785.5345597040202,-0.293052092005496,0.10894182396874665,1785.5345613654797,-0.2930537534650739
97,25,112,1785.4165664982352,-0.6506072610511637,1.0791096809951317,1785.4167294928884,-0.6507702557042876
100,26,114,1784.895079240439,-0.20375403743526022,0.16231966852488355,1784.8950829303851,-0.20375772738157139
101,26,113,1784.783859646126,-0.5407831111106134,0.9523003852815095,1784.7839866364698,-0.5409101014541875
102,26,37,1787.1585080222076,0.24285085299629827,0.8386057948934099,1787.1586064123635,0.24275246284037166
103,26,38,1787.2697276165204,0.5798799266716514,0.04862507813678396,1787.2697279473555,0.5798795958367009
104,27,115,1784.2724032453634,-0.1401194952032938,0.17736973149166896,1784.2724076529794,-0.1401239028192549
105,27,114,1784.1727412379566,-0.4421255782543767,0.8181073207940527,1784.1728349976197,-0.4422193379172086
106,27,38,1786.0987616496825,0.19346115761516103,0.7162280126024301,1786.0988334595575,0.1933893477400943
107,27,39,1786.1984236570893,0.4954672406662439,0.0754904232996102,1786.198424454927,0.4954664428285014
110,28,39,1785.1854830617135,0.16119684419220448,0.5958869250819866,1785.1855327923,0.16114711360569345
108,28,116,1783.705941921988,-0.09817763753608233,0.16213009600127629,1783.7059456059922,-0.09818132154032355
109,28,115,1783.6211832516415,-0.3550220931316517,0.6825314943347921,1783.6212485340739,-0.3550873755639259
111,28,40,1785.27024173206,0.4180412997877738,0.07548552674759844,1785.2702425301745,0.4180405016733175
115,29,41,1784.5074783585692,0.34883374971548164,0.05372906887384792,1784.5074787630754,0.3488333452094139
114,29,40,1784.4398917354638,0.14402580091098116,0.4807460138714322,1784.439924117527,0.14399341884802652
112,29,117,1783.2238874072468,-0.07475126422082212,0.12281950908942968,1783.223889521956,-0.07475337892992684
113,29,116,1783.1563007841414,-0.2795592130253226,0.5498364540861417,1783.1563431630302,-0.2796015919140018
116,30,118,1782.8457850801205,-0.06723206819276584,0.06430112029671518,1782.8457856598789,-0.06723264795107298
117,30,117,1782.7967931845833,-0.21569235769982242,0.4230902728670269,1782.7968182833106,-0.21571745642722817
118,30,41,1783.8752949046348,0.14021320991707853,0.3730082969650572,1783.8753144051748,0.14019370937705844
119,30,42,1783.924286800172,0.2886734994241351,0.014219144394309402,1783.9242868285107,0.2886734710853034
120,31,119,1782.5843448051867,-0.07352374325944311,-0.009759858248648189,1782.584344818545,-0.07352375661787391
121,31,118,1782.554724568212,-0.1632820371228263,0.30446666055207505,1782.5547375680171,-0.16329503692793423
122,31,42,1783.4992733055005,0.1484190461825392,0.27418736684182643,1783.4992838444687,0.1484085072141852
123,31,43,1783.5288935424755,0.2381773400459224,-0.040039151958896776,1783.5288937672194,0.23817711530216457
126,32,43,1783.3155355156355,0.16776919118876776,0.1852695528684657,1783.315540328025,0.1677643787991201
127,32,44,1783.3254336274201,0.1977634693238315,-0.1069626883429373,1783.325435231486,0.19776186525791672
124,32,45,1782.446998556172,-0.09212010418809768,-0.09684434141214374,1782.4469998715467,-0.09212141956265896
125,32,119,1782.4371004443874,-0.12211438232316141,0.19538789979925925,1782.4371057985477,-0.1221197364834552
128,33,120,1121.5097924207655,-24.55771802354775,-241.6645779861281,1134.1108437865626,-37.1587693893448
129,33,10,1143.4551364185145,41.94332439387364,-329.64462138150077,1167.5891869273444,17.809273885043694
130,33,11,878.992176491151,-45.32945238215632,-307.2110328688812,903.8501225554069,-70.18739844641215
131,33,89,857.0468324934019,-111.8304947995777,-219.23098947350854,869.2935577219829,-124.07722002815865
132,34,121,1215.946130175636,-22.00734543923943,-218.46586049721475,1225.5105883111805,-31.571803574784212
133,34,120,1226.5425775201359,10.103101059244466,-294.83487600700977,1244.1528090104036,-7.50713043102337
134,34,89,996.9805707310985,-65.65236118113779,-284.00262340034766,1015.629157774413,-84.30094822445221
135,34,90,986.3841233865988,-97.76280767962169,-207.63360789055267,996.2359886877312,-107.614672980754
139,35,91,1123.6803353213966,-81.0346387701245,-181.66643740174652,1130.490490078485,-87.84479352721303
136,35,122,1298.4011158849053,-23.376781184166646,-192.48575104259805,1305.3721028036744,-30.347768102935788
137,35,121,1308.984958034569,8.695467754208437,-250.61087321575033,1320.950205325314,-3.269779536536703
138,35,90,1134.2641774710605,-48.96238983174942,-239.79155957489706,1146.2909151930216,-60.98912755371077
143,36,92,1248.649344827434,-66.23078431579205,-155.26998322825784,1253.2173092304345,-70.79874871879247
142,36,91,1258.439327057574,-36.56417149718595,-198.13192669214428,1265.973897697611,-44.09874213722276
140,36,123,1377.4905206729693,-23.713196286765424,-165.2778242606253,1382.3474872874694,-28.57016290126569
141,36,122,1387.2805029031092,5.9534165318406735,-208.13976772451,1395.0771737689538,-1.8432543340039729
144,37,124,1449.6468357241238,-22.893617661674853,-139.71277460679005,1452.9533539073022,-26.200135844853435
145,37,123,1458.16143763501,2.9082063107080103,-170.96932547757578,1463.1657791289977,-2.096135183279671
146,37,92,1364.2060400085272,-28.097074906031253,-162.26528895679562,1368.9178764806597,-32.80891137816377
147,37,93,1355.691438097641,-53.898898878414116,-131.0087380860064,1358.7289135924896,-56.93637437326265
148,38,125,1512.8099854165478,-21.358463529116193,-116.70618889039227,1515.0262815898518,-23.574759702420238
149,38,124,1519.9605477976056,0.3099073225741904,-139.14731916445453,1523.1391668564129,-2.868711736233081
150,38,93,1452.503798433173,-21.95081996768863,-131.83766960475995,1455.4449823561736,-24.892003890689125
151,38,94,1445.353236052115,-43.619190819379014,-109.39653933069944,1447.359904498225,-45.62585926548877
155,39,95,1519.4692513794046,-35.053045648355805,-90.43724004550128,1520.7834791688583,-36.36727343780967
154,39,94,1525.3545685858955,-17.218751083231496,-106.17147814845453,1527.1792896867148,-19.04347218405087
153,39,125,1572.6510179390862,-1.610922796678551,-112.1877627180328,1574.6472160543346,-3.6071209119270407
152,39,126,1566.7657007325952,-19.44521736180286,-96.45352461507954,1568.230622314536,-20.910138943743732
156,40,127,1612.0435748283687,-17.365897378261025,-78.88195865333402,1612.9977122006133,-18.320034750505556
157,40,126,1616.806884102817,-2.9316268496296516,-89.5161252308298,1618.0427359552912,-4.167478702103608
158,40,95,1584.8411898281954,-13.480305960254782,-84.64684087455431,1585.9611257520714,-14.600241884130924
159,40,96,1580.077880553747,-27.914576488886155,-74.01267429705854,1580.9290937663604,-28.765789701499557
160,41,128,1649.505752276632,-15.263580462323375,-63.8287987601576,1650.1173414178365,-15.875169603527866
161,41,127,1653.305400511237,-3.749494902914421,-70.61267982312629,1654.0573202322626,-4.501414623940036
162,41,96,1632.9133430748875,-10.478873856909786,-66.72847711295246,1633.5904267075975,-11.155957489619936
163,41,97,1629.1136948402825,-21.99295941631874,-59.94459604998727,1629.6575984188194,-22.53686299485571
166,42,97,1671.3397701765061,-8.058354555364872,-51.93989376918838,1671.7412693384272,-8.459853717286023
167,42,98,1668.3508762538108,-17.115608866562525,-48.02465221864631,1668.6929031216787,-17.457635734430482
164,42,129,1680.1198675992005,-13.231841722584022,-51.08004366644183,1680.5049880640627,-13.61696218744612
165,42,128,1683.1087615218958,-4.174587411386369,-54.995285216982154,1683.556771416995,-4.6225973064854315
171,43,99,1699.3811613064472,-13.132207997498199,-38.0300265338111,1699.5922698263653,-13.343316517416156
170,43,98,1701.6981580020379,-6.111005889647686,-39.84742645023695,1701.9305612153562,-6.34340910296612
169,43,129,1707.1611578224417,-4.3082159489143805,-42.215972163593,1707.4214483845049,-4.568506510977386
168,43,130,1704.844161126851,-11.329418056764894,-40.3985722471689,1705.081872893287,-11.56712982320073
172,44,131,1724.5753014943323,-9.590228527361432,-31.541931194016275,1724.718715017504,-9.733642050533149
173,44,130,1726.3425427033048,-4.234952136535185,-31.86362947211631,1726.4891996506421,-4.38160908387249
174,44,99,1725.3755313858428,-4.5540658712976665,-30.057061424342947,1725.506079873375,-4.684614358829776
175,44,100,1723.6082901768702,-9.909342262123914,-29.735363146242914,1723.7357949070024,-10.03684699225596
176,45,132,1740.1257438700322,-8.030411946016898,-24.273840264078682,1740.2100027791907,-8.114670855175518
177,45,131,1741.448495191848,-4.022074607181253,-23.565941139806842,1741.528033667881,-4.101613083214261
178,45,100,1743.5763993222563,-3.3198662441465103,-22.21376097524977,1743.6470147389018,-3.3904816607918065
179,45,101,1742.2536480004405,-7.328203582982155,-22.921660099521606,1742.3287202181095,-7.403275800650931
182,46,101,1757.3344442078426,-2.3515408345394917,-16.001501865978103,1757.37082040951,-2.3879170362071136
183,46,102,1756.3668341691564,-5.283692466921366,-17.382548749261286,1756.4097123737563,-5.326570671521267
181,46,132,1753.1830761185731,-3.7214923039983887,-16.99064436091415,1753.2241533705233,-3.7625695559485166
180,46,133,1752.215466079887,-6.653643936380263,-18.37169124419559,1752.2634386424534,-6.7016164989466915
184,47,134,1761.4719320027286,-5.455218541877457,-13.630914718847126,1761.498220448136,-5.481506987284774
185,47,133,1762.1593394304155,-3.3721657307058877,-11.845159594700768,1762.1792068508717,-3.3920331511621953
186,47,102,1767.5272168218348,-1.6007661915374456,-11.142458585555119,1767.5447612212931,-1.618310590995634
187,47,103,1766.8398093941482,-3.683819002709015,-12.928213709703222,1766.8634092602033,-3.707418868763966
188,48,135,1768.434531127467,-4.424912177537863,-9.867183337184876,1768.4482604382424,-4.438641488313351
189,48,134,1768.9038678399031,-3.002679715609929,-7.87510452926902,1768.9126178731908,-3.0114297488975126
190,48,103,1774.8919718605496,-1.0266053887964972,-7.395323555381346,1774.8996707739593,-1.0343043022062375
191,48,104,1774.4226351481134,-2.4488378507244306,-9.387402363297202,1774.4350337247088,-2.4612364273197045
195,49,105,1779.7396895211818,-1.510369799735372,-6.6082172908083985,1779.7458184171896,-1.5164986957430528
194,49,104,1780.0419370404284,-0.5944682262605738,-4.552830803128417,1780.044847268814,-0.5973784546463321
193,49,135,1773.863563248506,-2.6333315775949586,-4.861802787184209,1773.866889609806,-2.6366579388949276
192,49,136,1773.5613157292594,-3.549233151069757,-6.9171892748641906,1773.5680467857862,-3.5559642075966167
196,50,137,1777.2369984996214,-2.8129906935789677,-4.638244398656357,1777.2400199420972,-2.8160121360547237
197,50,136,1777.4135464097556,-2.277997026506,-2.6193712514712963,1777.4145102147002,-2.278960831450604
198,50,105,1783.48216319622,-0.27535348697279005,-2.438895467218523,1783.4829968589047,-0.2761871496574031
199,50,106,1783.3056152860859,-0.8103471540457576,-4.4577686144027115,1783.3083998122074,-0.8131316801673165
200,51,138,1779.7812912035106,-2.2004408291136315,-2.9073285061376235,1779.7824770396594,-2.201626665262438
201,51,137,1779.8653805539539,-1.945624615649308,-0.9914396037076336,1779.865518468751,-1.9457625304461317
202,51,106,1785.6244609649036,-0.04512808003585178,-0.905478992956911,1785.6245757526783,-0.04524286781065712
203,51,107,1785.5403716144604,-0.29994429350017526,-2.821367895386029,1785.5414859514708,-0.30105863051051074
207,52,108,1786.7833118615335,0.06151984149391865,-1.6011800279765895,1786.7836705879145,0.06116111511312283
206,52,107,1786.80134915068,0.11617829345232167,0.1706684601331123,1786.8013532263453,0.11617421778703374
205,52,138,1781.475274308883,-1.6414264043407911,0.15222987367854227,1781.47527755796,-1.6414296534178447
204,52,139,1781.4572370197366,-1.6960848562991941,-1.6196186144311597,1781.4576047901187,-1.6964526266814346
208,53,140,1782.4790816515774,-1.2851994935981566,-0.686781277953381,1782.4791477573558,-1.2852655993766575
209,53,139,1782.4517970715258,-1.367880039208785,0.9189319602612454,1782.451915418114,-1.3679983857970228
210,53,108,1787.2785026514161,0.22493280215508094,0.8910402099612389,1787.2786137214787,0.22482173209255052
211,53,109,1787.3057872314678,0.3076133477657095,-0.7146730282533874,1787.3058586861457,0.30754189308765945
212,54,141,1783.0195769366485,-0.9541759466238773,-0.035267389139732624,1783.0195771109488,-0.9541761209243305
213,54,140,1782.9630425028506,-1.1254924126779997,1.3961975393117763,1782.9633156629588,-1.125765572786463
214,54,109,1787.2659439041267,0.2944650497431667,1.3384053158344678,1787.266194513686,0.29421444018396414
215,54,110,1787.3224783379246,0.4657815157972891,-0.09305961261965803,1787.3224795495623,0.4657803041595798
218,55,110,1786.9278168310586,0.33554321853159763,1.5794774294666232,1786.9281659242038,0.3351941253864652
219,55,111,1787.001308641793,0.5582456753029419,0.3204023551717503,1787.0013230080035,0.5582313090924345
216,55,142,1783.2166012460207,-0.6907077653020224,0.395529226784751,1783.2166231702774,-0.6907296895587933
217,55,141,1783.1431094352863,-0.9134102220733666,1.6546043010813685,1783.1434930715072,-0.9137938582944116
222,56,111,1786.3908797366528,0.35680413660656995,1.6674381078056792,1786.391268915851,0.35641495740844675
223,56,112,1786.4720659714146,0.6028230298240942,0.5719363666846776,1786.4721117630088,0.602777238229919
220,56,143,1783.1790344133467,-0.4838773843382569,0.6549292580316026,1783.1790945329349,-0.4839375039263132
221,56,142,1783.0978481785849,-0.7298962775557811,1.7504309991534763,1783.098277593358,-0.7303256923289609
227,57,113,1785.8337774352062,0.6136683055275398,0.6987306753746864,1785.8338458055623,0.6135999351713508
226,57,112,1785.751756828568,0.36512101268476727,1.6441494950997035,1785.7521353497991,0.3647424914537396
225,57,143,1782.9098821285083,-0.5726976383349438,1.7279949130177308,1782.9103006868045,-0.5731161966308491
224,57,144,1782.9919027351466,-0.32415034549217125,0.7825760932935857,1782.9919885899944,-0.32423620033989664
228,58,145,1782.7207975185174,-0.2033405523466172,0.8099213133386108,1782.7208894983844,-0.20343253221358282
229,58,144,1782.6429268083514,-0.43931240133463234,1.6216928222818625,1782.6432955360253,-0.4396811290087044
230,58,113,1785.083077377312,0.3659372864224224,1.5420892366878853,1785.08341048875,0.36560417498469633
231,58,114,1785.1609480874781,0.6019091354104376,0.7303177277455059,1785.1610228067716,0.6018344161171854
232,59,146,1782.415607697918,-0.11455010529266474,0.7614976010457342,1782.4156890259346,-0.11463143330934145
233,59,145,1782.3454292454535,-0.3272120824576632,1.4578451770858083,1782.3457272968394,-0.32751013384347516
234,59,114,1784.4386100849958,0.36353759459132107,1.3861053800142389,1784.4388793124326,0.36326836715454647
235,59,115,1784.5087885374603,0.5761995717563195,0.689757803975037,1784.5088552111974,0.5761328980192957
238,60,115,1783.8575685437381,0.36129697382796166,1.1949195668181603,1783.8577686889016,0.3610968286643583
239,60,116,1783.9174871107996,0.5428683891660739,0.5948112463414841,1783.9175367078396,0.5428187921262406
236,60,147,1782.11359239655,-0.05241686653630495,0.6560630145937181,1782.1136527751373,-0.05247724512366858
237,60,146,1782.0536738294886,-0.23398828187441723,1.2561713350699582,1782.0538951694919,-0.23420962187765326
240,61,148,1781.8426420207843,-0.012817100659844982,0.5080685255795511,1781.8426782377542,-0.01285331762971964
241,61,147,1781.7948646460115,-0.15759702421394195,1.0313580362113415,1781.7950138782908,-0.157746256493283
242,61,116,1783.367845972953,0.36148681367683366,0.9825176044272217,1783.3679813259155,0.3613514607146726
243,61,117,1783.415623347726,0.5062667372309306,0.4592280937945589,1783.4156529188367,0.506237166120286
244,62,149,1781.622847736197,0.007810779149394875,0.328962855731976,1781.6228629213742,0.0077955939722187395
245,62,148,1781.588347906853,-0.09673415825727716,0.7947663156473419,1781.5884365383222,-0.09682278972638869
246,62,117,1782.9885291250625,0.36532564375193033,0.7594988575730284,1782.9886100224849,0.36524474632960846
247,62,118,1783.0230289544065,0.46987058115860236,0.29369539765744446,1783.0230410517997,0.4698584837653925
248,63,150,1781.4676240695223,0.012659383272534797,0.12756603851693077,1781.4676263532026,0.012657099592388477
249,63,149,1781.4468588392883,-0.05026555683048173,0.5550881990501852,1781.446902078609,-0.05030879615105732
250,63,118,1782.7319684424979,0.3738206122285419,0.5338609379125863,1782.73200841868,0.37378063604649014
251,63,119,1782.7527336727317,0.43674555233155843,0.10633877737954979,1782.752735258861,0.43674396620212974
255,64,45,1782.6123374274578,0.4089067784962026,-0.09684434141214374,1782.61233874308,0.4089054628739177
254,64,119,1782.6054893119324,0.38815491326784013,0.31148653542745725,1782.6055029219253,0.3881413032747787
253,64,150,1781.3780677194245,-0.016894212259671804,0.3184870230172942,1781.3780819546146,-0.016908447449623054
252,64,46,1781.3849158349499,0.0038576529686906724,-0.08984385382230677,1781.3849169677674,0.003856520151316545
256,65,151,1322.3606073164106,-50.84790890002682,-340.4708082527728,1343.1498041329683,-71.63710571658441
257,65,9,1345.3221585270967,18.73254931417381,-418.6933626089201,1377.5746426013654,-13.519934760094884
258,65,10,1110.18965052027,-58.861178328079006,-395.2209580968368,1142.6892449389288,-91.36077274673767
259,65,120,1087.228099309584,-128.44163654227964,-316.9984037406895,1107.5534208736192,-148.76695810631486
260,66,152,1396.1209363387336,-55.847485756090464,-309.84275004623726,1412.4666432719907,-72.1931926893476
261,66,151,1406.9865633088066,-22.92134342253621,-381.27612411201585,1431.966408426265,-47.901188539994564
262,66,120,1192.2608844089543,-93.78081745948742,-370.1687017615712,1218.3678476306923,-119.88778068122531
263,66,121,1181.3952574388813,-126.70695979304168,-298.73532769579606,1198.2342677583138,-143.54597011247415
264,67,153,1455.0164994638953,-53.37388966674666,-275.13675774927555,1467.460366238145,-65.8177564409965
265,67,152,1461.2979943745077,-34.33905660428502,-337.30158731222247,1480.0795192803425,-53.12058151011979
266,67,121,1274.4340852978144,-96.00414659959381,-330.8803404143282,1294.1232518793263,-115.69331318110574
267,67,122,1268.152590387202,-115.03897966205545,-268.7155108513813,1281.082700065431,-127.96908934028443
271,68,123,1352.192338293166,-100.37435501344191,-233.43524943874482,1361.5111283592,-109.69314507947581
270,68,122,1357.031977405406,-85.70878194604813,-284.36952753329496,1370.9110327657625,-99.58783730640448
268,68,154,1505.2986081027743,-49.84928597627106,-238.38258619082126,1514.3807533071104,-58.93143118060709
269,68,153,1510.1382472150144,-35.18371290887728,-289.3168642853714,1523.5631734637382,-48.60863915760092
272,69,155,1550.0875766908157,-45.658923681066426,-202.83358337039255,1556.5072389428717,-52.07858593312244
273,69,154,1554.0093577724228,-33.774738585287196,-243.135784327276,1563.26320951881,-43.028590331674536
274,69,123,1432.8632552552067,-73.75295241596848,-239.12675065569877,1442.292655430112,-83.18235259087385
275,69,124,1428.9414741735998,-85.63713751174771,-198.82454969881357,1435.4387177898784,-92.13438112802623
276,70,156,1590.1152487286768,-41.112562398335854,-170.24448557744378,1594.5451463646937,-45.542460034352644
277,70,155,1593.3233221902658,-31.391127666247826,-201.53854159450424,1599.5494508859074,-37.617256361889304
278,70,124,1499.2551862470816,-62.43361252749867,-198.25909425647458,1505.5223692725694,-68.70079555298662
279,70,125,1496.0471127854926,-72.1550472595867,-166.96503823941237,1500.478742731972,-76.58667720606627
283,71,126,1553.340914049568,-60.12638912855152,-138.5563086139371,1556.3100766277794,-63.095551706762876
281,71,156,1627.7013796005945,-28.709139210603098,-165.05052746834073,1631.8027769396654,-32.81053654967411
280,71,157,1625.1541483421315,-36.42802181200557,-141.16022401522318,1628.1468357471977,-39.4207092170717
282,71,125,1555.8881453080307,-52.40750652714905,-162.44661206705464,1559.9797340263533,-56.49909524547161
284,72,158,1655.2313956209393,-31.821432268558056,-115.72826066761267,1657.2137448488588,-33.803781496477654
285,72,157,1657.2011382753267,-25.852515134051146,-133.63247512269876,1659.849536074128,-28.50091293285243
286,72,126,1603.38209741979,-43.61279861637831,-131.61890922968735,1606.0074799838176,-46.23818118040583
287,72,127,1601.4123547654026,-49.58171575088522,-113.71469477459951,1603.3681055753855,-51.5374665608681
288,73,159,1680.6541224196878,-27.442887643182644,-93.83480940810546,1681.9418622712772,-28.73062749477208
289,73,158,1682.139494680949,-22.941759578754954,-106.96384254774145,1683.8153721973756,-24.617637095181635
290,73,127,1642.6741804482708,-35.96531327553862,-105.44541594438829,1644.328464938258,-37.61959776552601
291,73,128,1641.1888081870097,-40.46644133996631,-92.31638280475578,1642.4548083839222,-41.73244153687892
292,74,160,1701.8568295878554,-23.389440666527435,-75.2306990708821,1702.676563316119,-24.20917439479092
293,74,159,1702.946872577775,-20.086280091013805,-84.59716375153268,1703.9846315334175,-21.12403904665632
294,74,128,1674.7918174322735,-29.377448289029303,-83.48286926157682,1675.8136075472714,-30.3992384040273
295,74,129,1673.701774442354,-32.68060886454293,-74.11640458092451,1674.5062033116528,-33.48503773384164
299,75,130,1699.968845269648,-26.1031024725321,-58.81284278310672,1700.4696857931026,-26.603942995986813
298,75,129,1700.7430646655953,-23.75698309087329,-65.25233307807393,1701.3601049525478,-24.374023377825893
296,75,161,1719.3255834355737,-19.71537887777663,-59.60428717098656,1719.8361562725051,-20.225951714708117
297,75,160,1720.099802831521,-17.36925949611782,-66.04377746595901,1720.7271817902433,-17.996638454840195
300,76,162,1733.5504790754694,-16.442890018159005,-46.62120023947887,1733.8609303649052,-16.753341307594837
301,76,161,1734.076985428865,-14.847416219990464,-50.81612283251292,1734.446031334705,-15.216462125830162
302,76,130,1721.4672268461018,-19.00863655230239,-50.27790000805238,1721.8302511396037,-19.371660845804286
303,76,131,1720.940720492706,-20.604110350470933,-46.08297741501833,1721.245517298028,-20.90890715579269
304,77,163,1744.999298907689,-13.571231194282973,-35.94807389425104,1745.182989158685,-13.754921445278796
305,77,162,1745.3349840921237,-12.554003362663138,-38.45014093808393,1745.5452130320455,-12.764232302584674
306,77,131,1737.8139141902218,-15.035956430290753,-38.1069873608089,1738.0210013700273,-15.243043610096265
307,77,132,1737.4782290057874,-16.053184261910587,-35.604920316976006,1737.6589471419165,-16.23390239803996
310,78,132,1750.535561254328,-11.744264619892078,-28.32172441381147,1750.6493440196878,-11.858047385251552
311,78,133,1750.3440388471993,-12.324635550585526,-27.071184979955966,1750.4479729922882,-12.428569695674355
309,78,163,1754.294629511116,-10.503772095152158,-28.517508814605232,1754.4098261289291,-10.618968712965398
308,78,164,1754.103107103987,-11.084143025845606,-27.26696938074449,1754.2083995132186,-11.189435435077257
312,79,165,1761.2495218033464,-8.955540292741944,-20.28341235858119,1761.3076228847938,-9.01364137418932
313,79,164,1761.3345915585207,-8.697753155849455,-20.631615734996238,1761.3947103908138,-8.75787198814237
314,79,133,1760.2879121977276,-9.043157344911151,-20.544653330457656,1760.3475489386365,-9.102794085820051
315,79,134,1760.202842442553,-9.30094448180364,-20.19644995404261,1760.2604692346474,-9.358571273897951
319,80,135,1767.6261000140441,-6.874703430334307,-14.721890100652333,1767.6566339983651,-6.905237414655289
316,80,166,1766.780673486611,-7.153694184387177,-14.730761485844225,1766.8112540420739,-7.184274739849911
317,80,165,1766.7893517522944,-7.127396409588982,-14.449511149656397,1766.8187760346805,-7.156820691975213
318,80,134,1767.6347782797275,-6.848405655536112,-14.440639764464503,1767.6641570625534,-6.877784438362028
323,81,136,1773.0992184727588,-4.949527867738084,-10.416896943948833,1773.1144754800625,-4.964784875041801
322,81,135,1773.055132135083,-5.083122830391403,-9.71650955064992,1773.0684058291872,-5.09639652449539
321,81,166,1770.9498078367646,-5.7778798488365055,-9.671442371091821,1770.9629691255354,-5.791041137607522
320,81,167,1770.9938941744404,-5.644284886183186,-10.371829764390734,1771.0090314625754,-5.659422174318138
327,82,137,1777.0300018636399,-3.440253226856157,-7.079114306116795,1777.0370384402356,-3.447289803451895
324,82,168,1774.14419060576,-4.392570941956478,-6.998813938919126,1774.1510759296932,-4.399456265889739
325,82,167,1774.0656378953752,-4.630609458274648,-6.038778553360015,1774.0707633828479,-4.635734945747345
326,82,136,1776.951449153255,-3.678291743174327,-6.119078920557684,1776.9567061440027,-3.6835487339219526
330,83,137,1779.6583839179723,-2.5728871489264975,-3.4323095111698154,1779.6600364444776,-2.5745396754319927
331,83,138,1779.75747025346,-2.272625526236311,-4.533398235037441,1779.7603534351688,-2.2755087079449368
328,83,169,1776.4476444632965,-3.3648680369902877,-4.432106907766827,1776.450403678249,-3.367627251942622
329,83,168,1776.3485581278087,-3.665129659680474,-3.331018183899202,1776.350116496784,-3.6666880286559262
333,84,169,1777.9761601831028,-2.8604578494541784,-1.3621927241209346,1777.9764206742573,-2.860718340608628
334,84,138,1781.4514533588324,-1.7136111014634707,-1.4738398552204028,1781.451757902084,-1.7139156447152573
332,84,170,1778.085377426567,-2.529496505623797,-2.5183336237609004,1778.0862678494711,-2.5303869285278324
335,84,139,1781.5606706022963,-1.3826497576330894,-2.629980754861241,1781.5616404585628,-1.3836196138995547
339,85,140,1782.6669847050814,-0.7157963011617312,-1.242270983267241,1782.6672010407196,-0.71601263679986
338,85,139,1782.5552306540858,-1.0544449405426803,-0.0914301801697081,1782.5552318257937,-1.0544461122505027
337,85,170,1779.0958522335259,-2.196039819327325,0.022810760292968607,1779.095852306553,-2.19603989235452
336,85,171,1779.2076062845217,-1.8573911799463758,-1.128030042803692,1779.2077848927775,-1.8575697882019995
340,86,172,1779.9376610565273,-1.3223843536455888,-0.15316833066429147,1779.9376643492158,-1.322387646334164
341,86,171,1779.8287515199906,-1.6524132522416721,0.9520404122439744,1779.8288787148356,-1.6525404470864942
342,86,140,1783.1509455563546,-0.5560892202415744,0.8407078339987886,1783.1510446182533,-0.5561882821402833
343,86,141,1783.2598550928913,-0.22606032164549106,-0.26450090890947736,1783.2598648996313,-0.2260701283854587
344,87,173,1780.3757909765236,-0.901322537940132,0.49542469958098184,1780.3758254245085,-0.9013569859249628
345,87,172,1780.273402859707,-1.2115895585963017,1.5300368499529802,1780.273731379501,-1.211918078390113
346,87,141,1783.383387591529,-0.18529459709498042,1.4253707813107515,1783.3836723691156,-0.18557937468153796
347,87,142,1783.4857757083457,0.12497242356118932,0.39075863093875307,1783.4857971134795,0.12495101842728218
350,88,142,1783.36702264091,0.08578391130743057,1.745660403305734,1783.3674498491157,0.08535670310152454
351,88,143,1783.4605072326417,0.36907055291896995,0.7949322805618262,1783.4605958311968,0.36898195436378955
348,88,174,1780.6026590030842,-0.574019362835088,0.8904972071400631,1780.6027703038378,-0.5741306635886758
349,88,173,1780.5091744113524,-0.8573060044466274,1.841225329883971,1780.509650185126,-0.8577817782202146
352,89,175,1780.6824962571773,-0.32311176544419595,1.0907110101085036,1780.6826632485654,-0.3232787568323374
353,89,174,1780.5993347375181,-0.5751163704718465,1.9530096497556944,1780.5998700929326,-0.5756517258863596
354,89,143,1783.1913549478033,0.28025029892228304,1.8679979355483904,1783.191844234022,0.279761012703716
355,89,144,1783.2745164674625,0.5322549039499336,1.0056992959007636,1783.2746583038647,0.5321130675478116
356,90,176,1780.6658617133548,-0.13388312263032276,1.1428079848008525,1780.666045059343,-0.13406646861847094
357,90,175,1780.5937520130396,-0.35239736600965443,1.918530399509955,1780.5942686987669,-0.3529140517370024
358,90,144,1782.925540540667,0.4170928481074725,1.844816024888604,1782.9260178659301,0.4166155228446087
359,90,145,1782.9976502409822,0.6356070914868042,1.069093610179938,1782.9978105564817,0.6354467759872477
363,91,146,1782.6830926041052,0.6960102164871387,1.0213804761691843,1782.6832389601032,0.6958638604891121
360,91,177,1780.5920477220818,0.005965405419374292,1.0835440398627874,1780.5922125649374,0.005800562563763378
361,91,176,1780.531237085895,-0.17830924969200623,1.7791810376198662,1780.5316814992443,-0.1787536630414479
362,91,145,1782.6222819679183,0.5117355613757582,1.7170174739262631,1782.6226955433174,0.511321985976565
367,92,147,1782.3707473935458,0.7268407001171227,0.8906944374573281,1782.3708587144065,0.7267293792566534
366,92,146,1782.321158735676,0.5765720399053862,1.5160542101929722,1782.3214812313872,0.5762495441939564
364,92,178,1780.4909481138966,0.10650693783293264,0.941386453783843,1780.491072554491,0.1063824972383145
365,92,177,1780.4413594560267,-0.043761722378803825,1.566746226519269,1780.441704122381,-0.04410638873321204
368,93,179,1780.3841021886203,0.1737548624005285,0.7372944343476435,1780.3841785283435,0.1736785226775055
369,93,178,1780.3461408639994,0.05872054536689575,1.3047954314521126,1780.3463799392844,0.05848147008191518
370,93,147,1782.0520196430073,0.6216605424394857,1.2659894590753877,1782.0522445646693,0.6214356207775609
371,93,148,1782.0899809676282,0.7366948594731184,0.6984884619709185,1782.0900494389016,0.7366263881996247
372,94,180,1780.2903114123023,0.21315280446071938,0.48904549510477413,1780.2903450015053,0.21311921525762045
373,94,179,1780.264259188735,0.13420667243838125,1.011818143265125,1780.2644029669761,0.13406289419731365
374,94,148,1781.8356868536966,0.6527778018756862,0.9851862520395817,1781.8358230822491,0.6526415733234217
375,94,149,1781.861739077264,0.7317239338980244,0.46241360387966707,1781.8617690899996,0.7316939211622184
379,95,150,1781.701275124907,0.7206928844375398,0.19606098450260956,1781.701280520798,0.7206874885464458
378,95,149,1781.6857501803554,0.6736475979181478,0.6885389471974402,1781.68581672761,0.6735810506633015
376,95,181,1780.2209117247044,0.23217296237078244,0.2119313624574843,1780.220918033017,0.23216665405823278
377,95,180,1780.2053867801528,0.18512767585139045,0.7044093251520969,1780.2054564693144,0.18505798668979878
380,96,47,1780.1826990505328,0.23115828437437358,-0.08545415872071517,1780.1827000761805,0.2311572587267392
381,96,181,1780.178404901191,0.21814571061133847,0.3913716641045646,1780.1784264145615,0.218124197240968
382,96,150,1781.611718774809,0.6911392889053332,0.386981969002973,1781.6117397969485,0.6911182667658977
383,96,46,1781.6160129241507,0.7041518626683683,-0.08984385382230677,1781.6160140572665,0.7041507295525662
384,97,182,1530.630610152696,-80.10303224009533,-412.9778639160836,1556.6802884949852,-106.15271058238466
385,97,8,1551.922564877973,-15.581957315013142,-494.3355000053281,1589.9728977267928,-53.63229016383298
386,97,9,1307.3661811516706,-96.28556394469285,-472.5698375037411,1346.0739798214793,-134.9933626145014
387,97,151,1286.0742264263936,-160.80663886977504,-391.21220141449663,1312.0521056869134,-186.7845181302947
390,98,151,1370.7001824187896,-132.88007339228443,-432.0175172737397,1401.1173034083681,-163.29719438186294
388,98,183,1578.5894326577197,-91.68779363150782,-369.85846970651966,1598.8193512399407,-111.9177122137288
389,98,182,1588.740579588438,-60.92674232630043,-442.3945600906429,1617.8851413907505,-90.07130412861295
391,98,152,1360.5490354880712,-163.64112469749182,-359.48142688961644,1381.4581924025179,-184.55028161193843
395,99,153,1421.191139573033,-155.87498024511683,-323.44152914457715,1437.6040357774195,-172.2878764495032
394,99,152,1425.7260935238453,-142.13269554568637,-386.9402641556016,1449.2469993926684,-165.65360141450958
393,99,183,1616.5996458042405,-79.14442329315591,-391.5761126921585,1638.9114711251243,-101.45624861403962
392,99,184,1612.0646918534283,-92.88670799258637,-328.0773776811306,1627.7039096664043,-108.52592580556245
396,100,185,1637.7512898663351,-86.54980636298785,-284.4618966561409,1649.404615785609,-98.20313228226155
397,100,184,1638.54367342131,-84.14864407518542,-338.43165233529163,1655.0079731525454,-100.61294380642107
398,100,153,1476.3128873241521,-137.68480348724745,-337.6216356806695,1493.78006832952,-155.15198449261516
399,100,154,1475.5205037691774,-140.08596577504989,-283.6518800015205,1487.8761946726854,-152.44165667855793
400,101,186,1658.8764081845775,-78.74280833749992,-243.39867453081376,1667.3585781236648,-87.22497827658697
401,101,185,1658.5669210747642,-79.68064806420637,-288.08870549546026,1670.422664339438,-91.53639132887997
402,101,154,1524.2312534388257,-124.01141838406602,-288.40507813797706,1536.7522237601029,-136.53238870534312
403,101,155,1524.540740548639,-123.07357865735958,-243.71504717332877,1533.5045532230338,-132.0373913317543
404,102,187,1677.5248722522472,-70.23685154390068,-205.30891355700254,1683.5336047284957,-76.24558402014918
405,102,186,1676.6538723589483,-72.87624515995742,-241.52962731985406,1684.9505601635428,-81.17293296455182
406,102,155,1567.7764860480888,-108.80578264254098,-242.42000539744396,1576.4941419028396,-117.52343849729198
407,102,156,1568.6474859413877,-106.16638902648424,-206.1992916345942,1574.9703132008065,-112.48921628590301
411,103,157,1607.3904728773978,-90.25734140210761,-172.19314972503975,1611.7457060915644,-94.6125746162744
410,103,156,1606.2336168133054,-93.76296583875148,-201.00533352549112,1612.1546448647468,-99.68399389019316
408,103,188,1693.998669788845,-61.67663642132993,-171.0105498679003,1698.153135271321,-65.83110190380569
409,103,187,1692.8418137247527,-65.1822608579738,-199.8227336683517,1698.5017172825305,-70.84216441575154
412,104,189,1708.5101157322474,-53.42699008368288,-140.80290197344817,1711.3186588806298,-56.23553323206522
413,104,188,1707.2284561786764,-57.31080691268562,-163.35522665429542,1711.0011121489867,-61.083462882995946
414,104,157,1639.437462810593,-79.68183472415319,-164.66540083251707,1643.3715681300246,-83.61594004358494
415,104,158,1640.719122364164,-75.79801789515045,-142.11307615167155,1643.6555387528483,-78.73443428383473
416,105,190,1721.1487539460752,-45.71629139043921,-114.63950265532155,1723.0063396605253,-47.573877104889334
417,105,189,1719.8378091954473,-49.68885124082692,-132.00854051594735,1722.296387065121,-52.14742911050064
418,105,158,1667.6272214241735,-66.91834520534735,-133.3486580318021,1670.1863453353162,-69.47746911648994
419,105,159,1668.9381661748014,-62.94578535495964,-115.97962017117979,1670.8777050565618,-64.88532423672007
423,106,160,1692.5096106552871,-51.714346522795154,-93.59895121127153,1693.7643901441193,-52.96912601162751
422,106,159,1691.2309163328885,-55.5891778027908,-106.74197451460353,1692.8600527304893,-57.21831420039166
421,106,190,1730.7380899037514,-42.55181052440605,-105.4348315386234,1732.3039219173602,-44.117642538014934
420,106,191,1732.01678422615,-38.676979244410404,-92.29180823529315,1733.2185731600098,-39.87876817827021
424,107,192,1741.245849772653,-32.370975958442955,-73.43509392104217,1742.0056536566178,-33.13077984240795
425,107,191,1740.0384254135965,-36.029837652553056,-83.17774222247527,1741.011747712046,-37.00315995100232
426,107,160,1710.7525838989527,-45.69416535238554,-84.41202960634844,1711.7661758667407,-46.707757320173414
427,107,161,1711.960008258009,-42.03530365827544,-74.66938130491359,1712.7543365889642,-42.829631989230506
428,108,193,1748.9896696404658,-26.8107663453776,-57.702520609595354,1749.4582896495606,-27.279386354472308
429,108,192,1747.876924506691,-30.18272129621039,-64.74370965063848,1748.4661003867504,-30.77189717626959
430,108,161,1726.7114102513005,-37.16734100048927,-65.88121696643995,1727.3263649454366,-37.78229569462519
431,108,162,1727.8241553850753,-33.795386049656486,-58.84002792539683,1728.3153488182907,-34.28657948287173
434,109,162,1739.6086604017296,-29.90649939416062,-50.6689686240019,1739.9713047006016,-30.26914369303256
435,109,163,1740.6145545155568,-26.8583354128657,-45.7460088829729,1740.9105062937742,-27.15428719108297
432,109,194,1755.4126888931944,-21.97495106824522,-44.71773543056507,1755.693910540435,-22.256172715485604
433,109,193,1754.4067947793671,-25.023115049540138,-49.64069517159407,1754.7529336403397,-25.369253910512725
436,110,195,1760.6800224775964,-17.820513980709848,-34.11547995188858,1760.843609570423,-17.98410107353652
437,110,194,1759.785227716576,-20.532013256529353,-37.40073696174215,1759.9816338389837,-20.728419378937247
438,110,163,1749.9098851189835,-23.790876313734884,-38.315443803325344,1750.1167833227696,-23.99777451752118
439,110,164,1750.804679880004,-21.07937703791538,-35.03018679347178,1750.9777998564339,-21.25249701434518
440,111,196,1764.9508641757961,-14.291389979736891,-25.553172258596554,1765.042607015193,-14.383132819133493
441,111,195,1764.1658610791883,-16.67018724218451,-27.592365141193394,1764.2727340458882,-16.777060208884336
442,111,164,1758.0361643345377,-18.692987167919227,-28.39483314772178,1758.1496052427153,-18.806428076096836
443,111,165,1758.8211674311456,-16.314189905471608,-26.355640265123196,1758.9189883515594,-16.412010825885545
447,112,166,1765.0412208373655,-12.424762818464728,-19.41313758075133,1765.0942258844457,-12.477767865545161
444,112,197,1768.3736296386867,-11.32506791402875,-18.717776949155382,1768.4228437958734,-11.374282071215475
445,112,196,1767.693406181415,-13.386351117882668,-19.826378424602453,1767.7485796096958,-13.441524546163464
446,112,165,1764.3609973800937,-14.486046022318646,-20.5217390561984,1764.4201828738328,-14.545231516057811
450,113,166,1769.210355187519,-11.048948482914057,-14.353818465998927,1769.2392875958194,-11.077880891214477
451,113,167,1769.7931768821084,-9.282822135673655,-13.924546925428006,1769.820422772367,-9.310068025932424
448,113,198,1771.0835424906138,-8.857001484866828,-13.328758494223123,1771.1084946320157,-8.881953626268455
449,113,197,1770.5007207960246,-10.62312783210723,-13.758030034794043,1770.527288371216,-10.649695407298509
455,114,168,1773.3590602748768,-6.771753762814683,-9.643979445510956,1773.372121907256,-6.784815395193846
454,114,167,1772.8649206030432,-8.269146707765117,-9.591495714395544,1772.877833180034,-8.282059284756087
453,114,198,1772.707157520152,-8.321208525119232,-9.086362321782614,1772.7187465330778,-8.332797538045043
452,114,199,1773.2012971919855,-6.823815580168798,-9.138846052896282,1773.2130270766115,-6.835545464795018
456,115,200,1774.8328347492268,-5.165387939101947,-5.933210773662746,1774.8377789806104,-5.170332170485722
457,115,199,1774.4180589871703,-6.422284187757896,-5.5521778247856926,1774.4223865232975,-6.426611723885117
458,115,168,1775.5634277969255,-6.044312480538679,-5.9761836904919035,1775.5684393758256,-6.049324059438845
459,115,169,1775.978203558982,-4.78741623188273,-6.35721663936983,1775.9838772526712,-4.793089925571849
460,116,201,1776.0699054612678,-3.8260708163963955,-3.5275235646189746,1776.0716532333913,-3.8278185885199036
461,116,200,1775.725098312854,-4.870940963104886,-2.934823967140647,1775.7263076250279,-4.872150275278841
462,116,169,1777.5067192787883,-4.283006044346621,-3.2873024557221924,1777.5082354998224,-4.284522265380701
463,116,170,1777.851526427202,-3.2381358976381307,-3.880002053201393,1777.8536395153849,-3.2402489858209265
466,117,170,1778.8620012341612,-2.9046792113416586,-1.3388576691457794,1778.8622527457123,-2.9049307228928
467,117,171,1779.1459211229933,-2.0443159118509584,-2.0557862938220564,1779.1465143016148,-2.0449090904727427
464,117,202,1776.9908642231971,-2.7554846887836675,-1.7655482681986199,1776.9913020889528,-2.7559225545394384
465,117,201,1776.706944334365,-3.6158479882743677,-1.0486196435240875,1776.7070987449958,-3.616002398905266
468,118,203,1777.661919634715,-1.9087400697851535,-0.5163628188407594,1777.6619570918615,-1.9087775269315443
469,118,202,1777.430354389563,-2.610452933882925,0.26100131745416727,1777.4303639569964,-2.610462501316306
470,118,171,1779.7670663584622,-1.8393379841462547,0.024284161227354793,1779.7670664412135,-1.8393380668976533
471,118,172,1779.9986316036143,-1.137625120048483,-0.7530799750693163,1779.9987112058093,-1.1377047222437113
472,119,204,1778.1383531756348,-1.2464812037103457,0.3285361201310876,1778.1383683404238,-1.2464963684992654
473,119,203,1777.9513238711813,-1.8132366717512696,1.1213155763329086,1777.9515004884324,-1.8134132890022556
474,119,172,1780.334373406794,-1.026830324999196,0.9301252055488276,1780.334494821367,-1.0269517395720413
475,119,173,1780.5214027112474,-0.460074856958272,0.13734574934700652,1780.5214053592053,-0.4600775049160575
476,120,205,1778.4658526709752,-0.7346693733670691,0.8580508787066983,1778.4659561235173,-0.7347728259092037
477,120,204,1778.3163372305412,-1.1877464655913172,1.6359890227281326,1778.3167132425356,-1.1881224775855799
478,120,173,1780.6547861460763,-0.41605832346476745,1.4831463796499955,1780.655094910156,-0.41636708754469964
479,120,174,1780.8043015865103,0.037018768759480736,0.7052082356285613,1780.8043714045377,0.03694895073203952
483,121,175,1780.9191752741485,0.3940973768931144,1.0233940432223234,1780.919322328421,0.3939503226205261
482,121,174,1780.8009773209442,0.03592176112272227,1.7677206782446286,1780.8014160137993,0.03548306826746739
481,121,205,1778.5635741843423,-0.7024212739557925,1.8885483237572174,1778.5640753198913,-0.7029224095050495
480,121,206,1778.6817721375467,-0.3442456581854003,1.1442216887349121,1778.681956120682,-0.34442964132063025
484,122,207,1778.8162916302235,-0.0507501168442559,1.2447783131260752,1778.8165093914197,-0.05096787804041014
485,122,206,1778.7240412027854,-0.33029686665668123,1.9455167307564845,1778.7245730912919,-0.33082875516299737
486,122,175,1780.830431030011,0.36481177632765593,1.8512134326233387,1780.8309122229934,0.36433058334523594
487,122,176,1780.922681457449,0.6443585261400813,1.1504750149929295,1780.9228673262264,0.6441726573624464
488,123,208,1778.8934824837545,0.16606430075023582,1.2054344611298624,1778.8936867129212,0.16586007158343818
489,123,207,1778.8226232380396,-0.048660686264952346,1.8592838045612528,1778.823109070735,-0.04914651896012856
490,123,176,1780.7880568299893,0.5999323990783978,1.7868480678123793,1780.788505213108,0.5994840159596606
491,123,177,1780.8589160757042,0.814657386093586,1.132998724380989,1780.859096364196,0.8144770976017526
492,124,209,1778.932536145901,0.32283266393903887,1.0622178137312228,1778.932694739799,0.3226740700412165
493,124,208,1778.8792529946895,0.16136856935884225,1.670669623988172,1778.8796452907923,0.16097627325586927
494,124,177,1780.708227809649,0.7649302582954078,1.6162009110376885,1780.7085946899942,0.7645633779501395
495,124,178,1780.7615109608605,0.9263943528756045,1.0077491007807393,1780.7616536086484,0.9262517050876795
499,125,179,1780.6559212224035,0.9974489041674133,0.8028577941623384,1780.6560117707609,0.9973583558100927
498,125,178,1780.6167037109633,0.8786079604095676,1.3711580784483548,1780.616967805186,0.878343866186583
496,125,210,1778.9476398272764,0.4337160437754619,0.8429479037884179,1778.9477397085761,0.4336161624756869
497,125,209,1778.908422315836,0.3148751000176162,1.4112481880739982,1778.9087022591007,0.31459515675317107
500,126,211,1778.945621323506,0.4944632915901366,0.5639614606756401,1778.9456660327069,0.4944185823891303
501,126,210,1778.9228781893578,0.42554470326228966,1.100630676924796,1778.9230484718414,0.4253744207786667
502,126,179,1780.5360782225182,0.957900714205266,1.0773815030796017,1780.5362412879585,0.9577376487650326
503,126,180,1780.5588213566664,1.026819302533113,0.540712286830664,1780.5588624306356,1.0267782285638987
504,127,212,1778.934121127516,0.5397234016220409,0.25636050160275126,1778.934130366286,0.5397141628521922
505,127,211,1778.9159545831844,0.4846732672840517,0.7746468707848766,1778.916038938109,0.48458891235952706
506,127,180,1780.4738967245169,0.998794173923784,0.7560761168782048,1780.4739770362712,0.9987138621695522
507,127,181,1780.4920632688484,1.0538443082617732,0.23778974769673356,1780.4920712129235,1.053836364186509
511,128,47,1780.4450398830472,1.0261305041149171,-0.08545415872071517,1780.4450409090018,1.0261294781602146
510,128,181,1780.449556445335,1.0398170565023293,0.4172300493438138,1780.4495809030116,1.0397925988256702
509,128,212,1778.9385135970304,0.5411729165617771,0.4126129925595101,1778.9385375300226,0.5411489835696557
508,128,48,1778.9339970347426,0.527486364174365,-0.0900712155048008,1778.933998175205,0.5274852237117784
512,129,213,1750.9113729648525,-122.26864889988337,-456.20165682506166,1778.2875629445166,-149.64483887954736
513,129,7,1789.86348525661,-67.2310848056037,-545.0514333698807,1829.030169739884,-106.39776928887784
514,129,8,1503.7170006302697,-161.65942473229597,-527.6645571450324,1544.5144093275617,-202.45683342958807
515,129,182,1486.2992246461351,-214.44056407815822,-430.1801337446916,1513.0796561145376,-241.22099554656063
516,130,214,1786.6984575260374,-125.7170891137979,-406.0133754392811,1808.010515726859,-147.02914731461954
517,130,213,1744.457428965681,-118.08553276687746,-476.6519102835461,1774.4693776710922,-148.0974814722888
518,130,182,1547.7176826522652,-185.2385512237937,-461.81943378246336,1577.9578182814857,-215.47868685301398
519,130,183,1539.4935256200797,-210.16023920011412,-387.1590035208622,1560.6549788981133,-231.32169247814784
520,131,215,1748.3247397016053,-137.71994794385728,-353.7395086918581,1764.7678986205342,-154.16310686278632
521,131,214,1749.6553559838753,-133.6877773915238,-418.1890263886209,1772.590369698794,-156.62279110644238
522,131,183,1580.0031552578516,-190.04287949433376,-410.3643004595818,1603.4763987757729,-213.51612301225487
523,131,184,1578.6823257606927,-194.04539312208817,-346.3888139231334,1595.4448107067337,-210.8078780681293
527,132,185,1608.2028024763124,-176.09067724184467,-303.50366963460306,1621.0170699604232,-188.90494472595526
526,132,184,1606.267807161599,-181.95429940764325,-357.70538445078773,1623.9806738977272,-199.66716614377162
524,132,216,1751.648557628337,-129.2180353728362,-306.5780501152178,1764.0595875368822,-141.6290652813815
525,132,215,1749.6992344175908,-135.1250754054007,-361.1811077815644,1766.8461542271402,-152.27199521495015
528,133,217,1754.0290456833775,-117.12627010706024,-262.2976030937677,1763.176512943559,-126.27373736724178
529,133,216,1750.0178765042428,-129.28132822565,-308.3000085645408,1762.5781244584505,-141.84157617985773
530,133,185,1629.3762064510572,-168.13735904513703,-307.82878784875345,1642.4600869730396,-181.22123956711926
531,133,186,1633.3578731723278,-156.07170231401403,-262.1647336088709,1642.9091625841943,-165.62299172588052
532,134,218,1755.2789715035656,-103.96992389696197,-221.543801709728,1761.8553717953446,-110.5463241887411
533,134,217,1750.31334492219,-119.01727717385802,-259.4681341061816,1759.2741101515417,-127.97804240320954
534,134,186,1650.9663308848906,-150.71727992982972,-260.8423605305543,1660.3583650107462,-160.10931405568545
535,134,187,1655.89543490079,-135.78060109377134,-223.1969645161333,1662.81983068224,-142.70499687522135
539,135,188,1675.899784479939,-116.52174341801538,-187.56575678515628,1680.7933217622933,-121.41528070036975
538,135,187,1670.7614068642436,-132.0925846776986,-218.1389631336508,1677.3359422119893,-138.66712002544443
537,135,218,1751.3903301336225,-106.5127875337339,-215.77338102578372,1757.6342250150194,-112.75668241513085
536,135,219,1756.566755459145,-90.82665018366583,-184.97379184390135,1761.1854218525414,-95.44531657706204
540,136,220,1758.099883189443,-78.29714428400518,-152.73600485894028,1761.2702328420764,-81.46749393663879
541,136,219,1753.0919933428966,-93.47256806141945,-177.39578501568954,1757.3427233707673,-97.72329808929021
542,136,188,1688.563202056262,-113.87218304121427,-180.24329563872826,1693.0580691910857,-118.36705017603776
543,136,189,1693.5342584877656,-98.80837567302206,-155.76489006194555,1696.9121089360901,-102.18622612134664
544,137,221,1759.8463184137684,-66.71540350526232,-124.75855691515628,1761.9741669255152,-68.84325201700926
545,137,220,1755.2144900589635,-80.75124700467074,-144.225908748148,1758.0425820974801,-83.57933904318725
546,137,189,1704.283627659833,-96.82273468208268,-147.2238572405331,1707.2871675376023,-99.82627455985187
547,137,190,1708.8814111960355,-82.89005729965027,-127.89959414292579,1711.1609319955464,-85.16957809916119
550,138,190,1717.9410785612033,-81.33063277455221,-118.88257803213445,1719.902660579994,-83.29221479334308
551,138,191,1722.065543525197,-68.83225409578324,-103.84923650615491,1723.5697629776666,-70.33647354825303
548,138,222,1761.7159406643339,-56.24259351693547,-100.80082031990412,1763.1121506955947,-57.63880354819639
549,138,221,1757.5609151681988,-68.83357986885972,-115.94555251616164,1759.3992165014547,-70.67188120211551
552,139,223,1763.6139413973822,-46.93512570731798,-80.52954582138842,1764.5089466378427,-47.83013094777823
553,139,222,1759.972202536167,-57.970698014030745,-92.12378514110455,1761.1385414789413,-59.137036956805105
554,139,191,1729.6376734725432,-67.54726777695726,-94.86971540937793,1730.888797029002,-68.79839133341613
555,139,192,1733.2526270643002,-56.592862953450776,-83.36075261172408,1734.2227178919543,-57.562953781104966
556,140,224,1765.4632021340042,-38.78131083101505,-63.566809878320406,1766.022922025578,-39.34103072258881
557,140,223,1762.33114426059,-48.272395295906335,-72.28084261766972,1763.052235350658,-48.99348638597439
558,140,192,1739.526505448928,-55.48702147124982,-74.76204655549644,1740.3046251733974,-56.26514119571925
559,140,193,1742.6355421017824,-46.065698280781476,-66.11206361272427,1743.2462244679427,-46.676380646941766
563,141,194,1750.418175936316,-37.109838816361844,-51.75208210991687,1750.7926759412944,-37.48433882134043
560,141,225,1767.208391056923,-31.726896357385954,-49.52295757487243,1767.5491563501741,-32.06766165063698
561,141,224,1764.5583147801162,-39.757430529527255,-55.92880248238051,1764.9916203061207,-40.1907360555316
562,141,193,1747.787591174377,-45.08130779193448,-58.110811535372676,1748.258342269573,-45.55205888713044
566,142,194,1754.6102955040203,-36.213626021849336,-44.471749281184465,1754.8863460476764,-36.489676565505306
567,142,195,1756.8034737128105,-29.56763144975821,-39.9265709158666,1757.0265421478052,-29.790699884752826
564,142,226,1768.814298503517,-25.69179254443668,-38.01764119102297,1769.015632300564,-25.893126341483708
565,142,225,1766.6048806536712,-32.38699815003008,-42.59647485388531,1766.8569948301056,-32.639112326464215
568,143,227,1770.2622075203078,-20.582029375853494,-28.69234809882721,1770.377125110327,-20.696946965872712
569,143,226,1768.4453939963078,-26.087524903126678,-31.84421282340266,1768.586652769482,-26.228783676300964
570,143,195,1760.182070993725,-28.742278410255608,-33.42294512872025,1760.338169796073,-28.898377212603805
571,143,196,1761.985521714501,-23.277276226085974,-30.294262611646634,1762.114028886088,-23.405783397673076
572,144,228,1771.5454890822446,-16.298001979628793,-21.21809906623549,1771.6084408840265,-16.360953781411013
573,144,227,1770.0712773103337,-20.765310379358425,-23.271584922064203,1770.1468765871612,-20.840909656185886
574,144,196,1764.6810046582648,-22.514840581974113,-24.575132869112153,1764.7654817752536,-22.599317698962977
575,144,197,1766.144380693505,-18.080367747912874,-22.536740524549348,1766.2155438719556,-18.151530926363762
578,145,197,1768.2714718508428,-17.378427665991353,-17.57699361018801,1768.3147254613289,-17.42168127647733
579,145,198,1769.4433899011285,-13.82716084694357,-16.36387838558254,1769.4809291964013,-13.864700142216407
576,145,229,1772.6664311417205,-12.740125197710881,-15.298891015900695,1772.699204037232,-12.772898093222466
577,145,228,1771.4858355320741,-16.317687651184997,-16.520988847585066,1771.5240020926353,-16.35585421174619
580,146,230,1773.6330503227025,-9.812773979036933,-10.672983245359198,1773.6490182245457,-9.828741880879988
581,146,229,1772.7001376651197,-12.639782032318521,-11.278037409186037,1772.7179483992986,-12.657592766497487
582,146,198,1771.1018661793303,-13.185727739730623,-12.116944986708962,1771.1224372273552,-13.206298787755486
583,146,199,1772.027917192554,-10.379512548143339,-11.516341042800867,1772.0465191020667,-10.398114457655879
584,147,231,1774.4570347631109,-7.426424774720431,-7.112168078122851,1774.4641315702902,-7.433521581899527
585,147,230,1773.7299378490288,-9.62974875678674,-7.270178432091811,1773.7373473575017,-9.637158265259473
586,147,199,1773.303644535453,-9.799297677810728,-7.922870004237963,1773.3124454237523,-9.808098566109948
587,147,200,1774.0253971490447,-7.6121685457144395,-7.766021056394649,1774.0338599808983,-7.620631377568088
588,148,232,1775.1520597730314,-5.499258077057107,-4.420032178200808,1775.1548026815062,-5.5020009855320495
589,148,231,1774.5935274342935,-7.191780315656615,-4.264004292191173,1774.5960784861084,-7.194331367471477
590,148,200,1774.991593585307,-7.093682561732294,-4.760152231759449,1774.994772306488,-7.0968612829129825
591,148,201,1775.5460178757294,-5.413608954391975,-4.915032520662503,1775.5494089546619,-5.417000033324598
595,149,202,1776.6838925085285,-3.6857020059613887,-2.793929599939323,1776.6849886345558,-3.686798131988894
594,149,201,1776.2645641078248,-4.956394129306091,-2.4290053405660177,1776.2653922005122,-4.957222221993561
593,149,232,1775.3100518650926,-5.2378345466793235,-2.0619625496856586,1775.310648828556,-5.238431510142618
592,149,233,1775.7324852313136,-3.9577334369188293,-2.4295889328347804,1775.7333144345607,-3.9585626401657237
596,150,234,1776.2126096466463,-2.7368174000339422,-1.0004522835727907,1776.2127503061665,-2.73695805955424
597,150,233,1775.8984508687718,-3.6888136966235834,-0.4986781597351551,1775.8984858038248,-3.688848631676592
598,150,202,1777.2066693058125,-3.2882865210056025,-0.7612375463740525,1777.2067506711899,-3.2883678863829573
599,150,203,1777.51851742171,-2.343292230407428,-1.2593210829328325,1777.5187401762776,-2.343514984974945
600,151,235,1776.6060465343096,-1.77973445044222,-0.015890642402334777,1776.606046569807,-1.7797344859395707
601,151,234,1776.376721279584,-2.4746594647617712,0.5628058743284683,1776.376765795732,-2.4747039809096805
602,151,203,1777.8886929456853,-2.0030273550727316,0.38321141476063975,1777.8887135720786,-2.003047981466125
603,151,204,1778.1163314955218,-1.3132135676895587,-0.1912287445767815,1778.116336633184,-1.3132187053516873
606,152,204,1778.3695509097267,-1.0264928923020307,1.1197071519451849,1778.3697270571317,-1.0266690397070306
607,152,205,1778.53229425773,-0.5333312316857928,0.5096124306990444,1778.5323307522838,-0.5333677262394758
604,152,236,1776.9253758467066,-1.037573547030206,0.6201074807600159,1776.9254299160666,-1.0376276163902958
605,152,235,1776.7614274468087,-1.534386880054626,1.2347197187515746,1776.7616417717522,-1.5346012049981255
608,153,237,1777.181920407765,-0.4687709693184843,0.9856488396029145,1777.1820570352202,-0.46890759677364713
609,153,236,1777.0674824025127,-0.8155528034153576,1.6080463983733595,1777.067846010894,-0.8159164117967066
610,153,205,1778.697782112895,-0.2957305813720268,1.5422952860264447,1778.6981163853764,-0.29606485385329506
611,153,206,1778.8113784178154,0.04850064565903267,0.9244755091789812,1778.8114985371017,0.04838052637273904
612,154,238,1777.3856410464643,-0.03845143589398958,1.1436180880951248,1777.385825001183,-0.03863539061285337
613,154,237,1777.3080238327743,-0.2736551137428478,1.7557517282227435,1777.3084573801348,-0.2740886611031783
614,154,206,1778.9129302212948,0.24209409852312547,1.7268340429298568,1778.9133493481856,0.24167497163239204
615,154,207,1778.9899769337146,0.4755689846442692,1.119199701382764,1778.9901530087357,0.4753929096232241
619,155,208,1779.0971966582194,0.7833799809467337,1.14656281062469,1779.0973814689837,0.7831951701823527
616,155,239,1777.5450867985192,0.2822673734322052,1.1441005330111083,1777.5452709251829,0.2820832467684795
617,155,238,1777.4943383933428,0.12848432744317506,1.7357716995183488,1777.494762180976,0.12806053981000787
618,155,207,1779.0468215114672,0.6307280210916133,1.733882190189159,1779.0472441272354,0.6303054053231563
622,156,208,1779.1250355280074,0.9061641248674732,1.6113604029991586,1779.1254005676908,0.9057990851840714
623,156,209,1779.1560586023454,1.000173441042989,1.048399282346262,1779.1562131361757,1.0000189072126204
620,156,240,1777.667142850756,0.5162775971097062,1.0263131885264285,1777.6672910259465,0.516129421919004
621,156,239,1777.6358899546685,0.4215718513904676,1.5934447762345905,1777.6362471239922,0.42121468206676127
624,157,241,1777.7606527644793,0.6829910601870779,0.8226184270848703,1777.7607479630537,0.6828958616125647
625,157,240,1777.7435254271506,0.6310900379786517,1.364157862456693,1777.743787217902,0.6308282472273277
626,157,209,1779.1663748947165,1.0965495814731412,1.3966207150064112,1779.1666491456335,1.0962753305561819
627,157,210,1779.1833762926412,1.1480689691239832,0.8590632852642018,1779.1834800574093,1.1479652043558417
628,158,242,1777.827702049988,0.808454210303239,0.5549423995451708,1777.8277453754977,0.8084108847933749
629,158,241,1777.816412823192,0.7742444321332869,1.0761251473702163,1777.8165757407141,0.7740815146113391
630,158,210,1779.1861521076592,1.2233444556910626,1.1158461601127112,1779.186327183387,1.2231693799633376
631,158,211,1779.1973583233912,1.257302685182367,0.5984957327064783,1779.1974086902653,1.2572523183082467
634,159,211,1779.191938600597,1.3209884715652151,0.8080200435002213,1779.1920304093355,1.3208966628267262
635,159,212,1779.1968387558898,1.3358374269973865,0.31421369289046014,1779.1968526391804,1.3358235437067378
632,159,243,1777.9015489807668,0.9097198498154739,0.26902456365149774,1777.9015591628922,0.909709667689981
633,159,242,1777.5645700650052,0.7856641941017415,0.7497971485573361,1777.5646491682264,0.7855850908804314
636,160,49,1777.5951798118288,0.9147364072706523,-0.0678939943660991,1777.5951804604533,0.9147357586462022
637,160,243,1777.7094444424688,0.8986383179104678,0.43318455398619354,1777.70947084495,0.8986119154292282
638,160,212,1779.2188051097887,1.3905411370419642,0.47063419002292917,1779.2188362568547,1.3905099899759534
639,160,48,1779.241021734324,1.4578642416940966,-0.0900712155048008,1779.2410228751864,1.4578631008316734
640,161,244,1971.0570038031863,-184.23875514583676,-455.8722573193358,1994.8989476517356,-208.080698994386
641,161,6,1986.1089874620368,-138.62668345235056,-557.9999735651103,2022.1338005775967,-174.6514965679105
642,161,7,1740.836533078493,-219.56659339892008,-545.70650121118,1778.1043801621022,-256.8344404825293
643,161,213,1705.5331748968604,-265.1357385549097,-459.3389012561885,1731.9457459220362,-291.5483095800854
647,162,214,1767.2833422909953,-213.1538901411824,-397.788243889909,1787.060656584114,-232.9312044343011
644,162,278,1838.853876357279,-190.4218513385274,-411.43421274007255,1859.498352070472,-211.06632705172046
645,162,277,1837.3207342452847,-195.06773652638924,-477.8176027692059,1865.0269440219324,-222.77394630303684
646,162,213,1745.0790327560796,-222.4160773093073,-428.98065111771194,1768.190629636476,-245.5276741897036
650,163,213,1835.2710645253792,-234.47857845294675,-475.1536582655415,1862.191254275678,-261.3987682032455
651,163,277,1702.0174942294673,-300.59033601626913,-403.52074055950646,1722.1423712677597,-320.71521305456133
648,163,245,1935.4362789492295,-220.68094196108507,-421.919010359114,1955.8831443120619,-241.12780732391752
649,163,244,1962.7925818104586,-195.09923346561686,-472.4476308819096,1988.349260222065,-220.65591187722305
652,164,246,1937.0750554493302,-219.27228934809625,-381.1768896494455,1953.7906117648438,-235.98784566360996
653,164,245,1937.2865497530702,-218.63139751858148,-426.8419714025805,1958.2106754411502,-239.5555232066614
654,164,277,1816.356937900571,-258.59439211643075,-422.15596700324653,1837.6114890491149,-279.84894326497476
655,164,278,1816.0928447907777,-259.39467426731915,-365.13394212664855,1832.029686470995,-275.3315159475367
656,165,279,1836.1308742638018,-181.3551837983306,-357.24695221777876,1851.8237118617762,-197.0480213963051
657,165,278,1836.9051317726398,-179.00894892306417,-417.8485797141359,1858.329825320956,-200.43364247138015
658,165,214,1721.9193258859511,-217.73635344583977,-394.68072086715875,1741.7930859192138,-237.61011347910255
659,165,215,1721.211023745941,-219.88272356708296,-339.2414620238204,1735.9216932493098,-234.5933930704516
660,166,247,1913.2762282070926,-210.83142899546021,-334.5978268633458,1926.372278126038,-223.92747891440558
661,166,246,1908.9591471410931,-223.91349283182262,-381.7195724391573,1925.9035924361876,-240.85793812691713
662,166,278,1812.6410938429012,-252.5363365889384,-371.97503976063666,1829.2572262818594,-269.1524690278966
663,166,279,1817.15044305537,-238.87164200569998,-322.7546514811537,1829.7398737266772,-251.461072677007
667,167,216,1729.2044042905977,-197.23062124477337,-296.9535180878263,1740.580819719959,-208.60703667413475
666,167,215,1725.1231337869185,-209.59810761955896,-346.7506896795847,1740.536943299318,-225.0119171319584
665,167,279,1820.306828166501,-181.4436022881847,-358.77696677604126,1836.2557985428612,-197.3925726645448
664,167,280,1824.4808614047847,-168.7950167176275,-307.8479609164589,1836.297072682737,-180.61122799557972
668,168,248,1889.7771721604913,-193.41799275331903,-288.6361301698307,1899.727604627262,-203.36842522008988
669,168,247,1881.1813863422208,-219.46582856626014,-331.20292027749025,1894.156196067172,-232.44063829121126
670,168,279,1801.326383574402,-238.96010105212065,-324.28468508651264,1814.1315301377717,-251.76524761549035
671,168,280,1809.7268403515075,-213.50417142452852,-282.68517481493666,1819.5532852213914,-223.3306162944126
672,169,281,1813.577155324303,-152.13613500129304,-262.60606116187677,1822.3089685354462,-160.8679482124361
673,169,280,1805.872372191147,-175.4839626775232,-304.76472559207673,1817.523300374791,-187.13489086116738
674,169,216,1728.1364141584227,-195.58878987965034,-298.4815466072535,1739.6455158472224,-207.09789156845022
675,169,217,1735.6700062126436,-172.7597230486781,-257.2595973480634,1744.3007330394253,-181.3904498754597
676,170,249,1868.2854021665696,-174.0410989020395,-246.5526776035012,1875.6995380987141,-181.455234834184
677,170,248,1857.7515499988967,-205.96186304650269,-282.4611464716014,1867.3718415958797,-215.58215464348575
678,170,280,1791.11834879161,-220.19312449430197,-279.60190951667295,1800.7890461560764,-229.86382185876857
679,170,281,1801.4127260115745,-188.99804200956146,-244.50977816380404,1808.8937407658696,-196.47905676385665
683,171,218,1740.1217198014272,-149.9009896610179,-219.89903066817106,1746.4963837256928,-156.27565358528364
681,171,281,1795.1065745716921,-161.98355964557595,-256.74125556365516,1803.4908192375851,-170.36780431146894
680,171,282,1804.265412834652,-134.22950430327376,-221.77448532686637,1810.5878474706262,-140.5519389392482
682,171,217,1731.16642540948,-177.03824539419065,-254.088707613587,1739.5876140076673,-185.45943399237785
684,172,250,1849.6395075719113,-153.79307710871467,-208.61887317542087,1855.0557729921293,-159.20934252893255
685,172,249,1838.2619798081312,-188.27043396865417,-238.6676745011992,1845.2648407322167,-195.27329489273973
686,172,281,1782.942183232918,-198.84535158125493,-238.6450328568002,1790.1006795941248,-206.00384794246168
687,172,282,1794.0611701679813,-165.15145177803322,-209.27905491393327,1799.6340079819151,-170.72428959196702
688,173,283,1796.5283020515012,-116.59863072986002,-185.3484054753489,1801.007068388612,-121.07739706697066
689,173,282,1787.0156377902006,-145.4248860671346,-214.0858915072938,1792.9269445275863,-151.33619280452024
690,173,218,1734.7402740991229,-156.96750278979368,-213.82246080934837,1740.7632629198615,-162.99049161053256
691,173,219,1744.041531143502,-128.78187538258362,-185.72362991927406,1748.6347134605453,-133.37505769962684
694,174,282,1776.811409470369,-176.3467900666243,-201.5904736685209,1781.9992972672121,-181.53467786346755
695,174,283,1787.8544770543883,-142.8829489029289,-177.21563003994038,1791.912448709841,-146.94092055838166
692,174,251,1833.8214831776609,-133.95526612954325,-174.87908767448397,1837.6992790345557,-137.8330619864381
693,174,250,1822.5216400563163,-168.197214982103,-199.82069986825655,1827.5233813033324,-173.19895622911906
696,175,284,1790.30868374327,-100.03764660486615,-153.33787036738175,1793.4131349808554,-103.14209784245179
697,175,283,1781.1555842310572,-127.77431179338953,-176.68962587535594,1785.2354410959817,-131.85416865831417
698,175,219,1738.7900708038383,-136.81172727068645,-177.9105622661641,1742.9995582680003,-141.0212147348485
699,175,220,1747.7397993769853,-109.69133765508946,-155.07765487517312,1750.9710517495982,-112.92259002770254
700,176,252,1820.6715153951154,-115.28077838038735,-145.22419829124553,1823.3911694079302,-118.000432393202
701,176,251,1810.0217137413756,-147.55290460384128,-165.7436477129148,1813.5237386178808,-151.05492948034657
702,176,283,1772.4817191014965,-154.0587515799367,-168.5568258338159,1776.1615327173704,-157.73856519581057
703,176,284,1782.889409830047,-122.52029482675312,-148.50386236610976,1785.7785533673032,-125.40943836400925
707,177,221,1751.2791383874983,-92.67655510002021,-128.0658048704401,1753.5000594856665,-94.89747619818866
704,177,285,1785.463944577624,-84.92029576029427,-125.58187722337533,1787.5695378369276,-87.0258890195978
705,177,284,1777.0727274843587,-110.34822634594696,-144.3336677869946,1779.8280535191257,-113.10355238071418
706,177,220,1743.0744057326124,-117.5393813269468,-146.4008600435862,1745.9498197421497,-120.41479533648408
711,178,285,1779.105291451492,-104.18894159705815,-123.16691457431139,1781.1169131742172,-106.20056331978344
710,178,284,1769.6535304588494,-132.83064157476247,-139.4996960002978,1772.2073070382535,-135.3844181541665
708,178,253,1809.9163871385247,-98.17614035268934,-119.45927017730865,1811.78429457921,-100.0440477933746
709,178,252,1800.2448519763327,-127.48382266236206,-136.1718245870958,1802.6466023413816,-129.88557302741106
712,179,286,1781.791402389334,-71.39938462043449,-101.80440134410183,1783.1884966222165,-72.79647885331678
713,179,285,1774.363751423492,-93.9074178502591,-116.673614845176,1776.1835469117254,-95.72721333849279
714,179,221,1747.3773200596913,-99.69295898554958,-119.14131650242327,1749.2965647492529,-101.61220367511112
715,179,222,1754.6399006545196,-77.68513900122116,-104.60255291082996,1756.1315565683708,-79.17679491507249
716,180,254,1801.247811965683,-82.81676261864925,-97.31553602139554,1802.5036082877928,-84.07255894075888
717,180,253,1792.7089848732257,-108.6919962321565,-110.7798753101224,1794.3211887285001,-110.3042000874309
718,180,285,1768.0051121777924,-113.17602162510627,-114.25865747810566,1769.7384676863414,-114.90937713365543
719,180,286,1776.3499045485953,-87.88877201661285,-101.10027933577864,1777.7196007065909,-89.25846817460831
723,181,223,1757.7832628199553,-64.60384866921765,-84.48326774597216,1758.7618682723232,-65.58245412158556
722,181,222,1751.5301106346797,-83.55279468520428,-95.85483365011804,1752.7809928539746,-84.80367690449918
720,181,287,1779.0838380508962,-59.49349583306912,-81.65930753708165,1779.99010360682,-60.39976138899283
721,181,286,1772.6885911169759,-78.87303199646385,-93.28927748305622,1773.862920529843,-80.04736140933085
724,182,255,1794.356990228355,-69.23672431113687,-78.47878717696283,1795.18283975218,-70.06257383496188
725,182,254,1786.990329282991,-91.55993929708859,-89.19761437784781,1788.0485568908725,-92.61816690497028
726,182,286,1767.2470433590713,-95.36257065678114,-92.58513965251943,1768.396870945874,-96.51239824358402
727,182,287,1774.4462317866335,-73.54684814901657,-82.10999259281833,1775.3578594729872,-74.45847583537034
728,183,288,1777.1508073745235,-49.143036437429146,-64.76865091516464,1777.7248743495634,-49.71710341246887
729,183,287,1771.7727970068108,-65.44003755171002,-73.7261424631234,1772.5121448710365,-66.1793854159356
730,183,223,1755.4171930295088,-69.22376266281947,-76.19232200833662,1756.2122455412007,-70.01881517451125
731,183,224,1760.675683757593,-53.288942274685155,-67.43389964927172,1761.3021790005976,-53.915437517689725
734,184,287,1767.135258369284,-79.4931849381552,-74.17684572848562,1767.8798568231218,-80.23778339199305
732,184,256,1788.9561029905885,-57.38210125701562,-62.61247725464014,1789.486774436672,-57.912772703098994
733,184,255,1782.726531670353,-76.25959010621409,-71.03296324069173,1783.4048370937608,-76.93789552962187
735,184,288,1773.2232700673303,-61.04466464104519,-65.94770530275844,1773.8158355286143,-61.63723010232911
739,185,225,1763.2964580777134,-43.58123871862654,-53.14617638221495,1763.6871742607336,-43.97195490164677
738,185,224,1758.9678507202084,-56.698230711066344,-59.77248950233737,1759.4596513693368,-57.19003136019478
737,185,288,1771.4005089861323,-53.65806524942775,-57.52551950075494,1771.853694972925,-54.11125123622048
736,185,289,1775.8275007695518,-40.242938633005565,-50.748597660917305,1776.1819635609172,-40.59740142437113
740,186,257,1784.7874791295283,-47.14670609302766,-49.37612858146039,1785.1201274683285,-47.47935443182803
741,186,256,1779.6143112584055,-62.822972369157014,-55.89155609776987,1780.0380906340924,-63.24675174484412
742,186,288,1767.4729785028812,-65.55967277443096,-58.704575469153546,1767.9428752020726,-66.02956947362247
743,186,289,1772.5285922676758,-50.23963106293229,-52.337203318164946,1772.9042048218325,-50.61524361708905
744,187,290,1774.9758038558075,-32.66410542140363,-39.22669121053641,1775.1885885185852,-32.876890084181355
745,187,289,1771.4050907121298,-43.484448281032996,-44.24434674896521,1771.6747037398723,-43.75406130877525
746,187,225,1762.1465950458273,-45.89695453743548,-46.20807755274154,1762.4417812281629,-46.19214071977103
747,187,226,1765.6379712081696,-35.31702677276189,-41.30190832748837,1765.8747377292461,-35.55379329383845
748,188,258,1781.6260318113057,-38.395822079006166,-38.43913367470016,1781.8289692458334,-38.59875951353388
749,188,257,1777.4038016185793,-51.1904590266613,-43.39125823953713,1777.6611764180327,-51.447833826114675
750,188,289,1768.1061377593003,-53.48127541081931,-45.832943479950245,1768.3943927078674,-53.76953035938641
751,188,290,1772.232380431173,-40.977509738478034,-40.993399740471006,1772.464047508555,-41.20917681586002
755,189,227,1767.7035509068942,-28.335534264985768,-31.58924432336805,1767.842440311375,-28.474423669466432
754,189,226,1764.9443197265887,-36.696840871972086,-35.12369453444969,1765.1154909823208,-36.868012127704446
752,189,291,1774.4822690809776,-26.26790475413452,-29.85327277947692,1774.605989278516,-26.391624951672725
753,189,290,1771.660323647976,-34.819254551109225,-33.4680571087247,1771.8153232893494,-34.974254192482704
756,190,259,1779.278754665792,-30.981037784605746,-29.489611845504463,1779.3988450975048,-31.101128216318443
757,190,258,1775.891031523367,-41.24686548892316,-33.17211792548648,1776.0424093781312,-41.39824334368734
758,190,290,1768.9169468337327,-43.132517624573666,-35.2347737802153,1769.0882131235226,-43.303783914363635
759,190,291,1772.227687984385,-33.0999686832032,-31.63594828475989,1772.366271747607,-33.23855244642505
760,191,292,1774.255423184537,-20.91475109234318,-22.307651671290284,1774.3247219230293,-20.984049830835488
761,191,291,1772.072314509732,-27.530231925086127,-24.817829564274156,1772.1578744273238,-27.615791842677822
762,191,227,1767.3700051115452,-28.950983709020875,-26.16717128850376,1767.4652949479514,-29.04627354542697
763,191,228,1769.5045968917661,-22.482523768957662,-23.71277899960481,1769.5830393186875,-22.560966195879132
767,192,292,1772.4281177789073,-26.452040200312013,-23.998296588708648,1772.5081526570339,-26.532075078438538
766,192,291,1769.817734630773,-34.362292164355836,-26.600505254485206,1769.915777567123,-34.46033510070606
765,192,259,1774.9111526800195,-32.84540229455422,-24.90272562920545,1774.9969104006195,-32.93116001515409
764,192,260,1777.5822468241458,-24.751177615383313,-22.239996085493306,1777.6508521377382,-24.819782928975656
768,193,293,1774.2222346049837,-16.47016777289764,-16.301308716527185,1774.2593329866431,-16.5072661545571
769,193,292,1772.572221439536,-21.470207668193552,-17.953666179320653,1772.6171376096054,-21.515123838262866
770,193,228,1769.4449433415957,-22.502209440513866,-19.015668780952645,1769.4953892321837,-22.552655331102073
771,193,229,1771.0582871837496,-17.61328870671366,-17.400032740303914,1771.1006026626007,-17.655604185564926
772,194,261,1776.3996095995435,-19.558951064712915,-16.43013748179252,1776.4371861583227,-19.59652762349208
773,194,260,1774.3322502061192,-25.823676499332123,-18.283437826162167,1774.3786733344377,-25.87009962765069
774,194,292,1770.7449160339063,-27.007496776162384,-19.644311096740765,1770.7985785178316,-27.061159260087607
775,194,293,1772.7652868883833,-20.885160853504885,-17.83313399213845,1772.8096116911381,-20.929485656259658
778,195,229,1771.1977868188317,-17.192360354402922,-13.379173176316689,1771.2228092909513,-17.217382826522567
779,195,230,1772.3851041215755,-13.59442913396731,-12.40478207397069,1772.40664366887,-13.615968681261734
776,195,294,1774.3251498575314,-12.808471123692584,-11.578918849631886,1774.343904744291,-12.827226010452023
777,195,293,1773.110846154415,-16.488179314954436,-12.575456776883923,1773.132937717769,-16.51027087830846
780,196,262,1775.6173187865088,-15.265217129659845,-11.828305616685892,1775.636849281278,-15.284747624429201
781,196,261,1774.0494208837251,-20.016422895670757,-13.047471880785244,1774.0731427376588,-20.04014474960445
782,196,293,1771.6538975285919,-20.90317515078209,-14.107281949949652,1771.681652896274,-20.93093051846415
783,196,294,1773.1861668105055,-16.259934902559053,-12.915819793698578,1773.2094723781033,-16.283240470156898
784,197,295,1774.519407359033,-9.814515425325226,-7.9174805434276,1774.528190214753,-9.823298281045254
785,197,294,1773.6538689472068,-12.437359097526041,-8.421739785065904,1773.6637963945955,-12.447286544914618
786,197,230,1772.661024082771,-12.868881381810297,-9.001244541609063,1772.672368318491,-12.8802256175303
787,197,231,1773.50733126485,-10.304314163389108,-8.508189338052258,1773.5174765167735,-10.314459415312626
790,198,294,1772.5148598663654,-15.888901766742151,-9.758638247700514,1772.5281720604062,-15.90221396078266
788,198,263,1775.1419954886414,-11.741760020220227,-8.23093762581676,1775.151473997613,-11.751238529191824
789,198,262,1773.9800605658922,-15.262774937641893,-8.960610087678754,1773.9912792820037,-15.273993653753337
791,198,295,1773.6503795423048,-12.447933051774044,-9.045554045466726,1773.6618320926443,-12.45938560211357
795,199,232,1774.4477087016153,-7.6336552631668155,-5.518693077417233,1774.451981219818,-7.637927781369626
794,199,231,1773.868557587262,-9.388658639994219,-5.658246737987694,1773.8730459576545,-9.393147010386656
793,199,295,1774.1781710413038,-9.179858139651287,-5.2674967662800505,1774.1820606783272,-9.18374777667475
792,199,296,1774.7704856156788,-7.384965490030027,-5.124771206378723,1774.774169809671,-7.388649684022198
796,200,264,1774.8975602991363,-8.872303038098494,-5.461378788284953,1774.9017405733107,-8.876483312272626
797,200,263,1774.0597009262217,-11.411270834810011,-5.819607805321608,1774.0644430566724,-11.416012965260734
798,200,295,1773.309161863477,-11.813219284581123,-6.395571734431466,1773.3148902111502,-11.818947632254549
799,200,296,1774.1279818755465,-9.33194652073405,-6.045483047072339,1774.1331050296617,-9.337069674849317
800,201,297,1775.0522891352955,-5.428182301584684,-3.036931647188046,1775.0535841434785,-5.429477309767776
801,201,296,1774.6690313270897,-6.589569599178162,-2.921339688147433,1774.6702291065462,-6.590767378634496
802,201,232,1774.8537357727125,-6.620610584194765,-3.1577432286754306,1774.8551350820103,-6.622009893492532
803,201,233,1775.2284761493793,-5.485033685204257,-3.27076629915916,1775.2299780618291,-5.486535597653983
806,202,296,1774.0265254259825,-8.536557178290082,-3.8420513938058365,1774.0285956671305,-8.53862741943783
807,202,297,1774.597370436608,-6.8067238127588325,-3.761860877125253,1774.5993564516743,-6.808709827825055
804,202,265,1774.8225768251186,-6.553170715020428,-3.3680291164169813,1774.824168798346,-6.5547626882475925
805,202,264,1774.2384584162087,-8.32322649959599,-3.450084238457527,1774.2401277932358,-8.324895876623032
808,203,298,1775.3453570122683,-3.863973973293014,-1.5157847299353464,1775.3456798527136,-3.8642968137382923
809,203,297,1775.1177401194288,-4.553722133412748,-1.2221081517041468,1775.117949926153,-4.553931940136863
810,203,233,1775.6482684606672,-4.4469422060310535,-1.335979037362265,1775.6485191269976,-4.44719287236137
811,203,234,1775.8708279780042,-3.772519426222175,-1.6231304727798959,1775.8711980735052,-3.7728895217231866
812,204,266,1774.86782607192,-4.6931995327589675,-1.8222412540682298,1774.8682925580745,-4.693666018913291
813,204,265,1774.4782687710608,-5.873676202029628,-1.7040362095030075,1774.4786765189147,-5.87408394988347
814,204,297,1774.66280509989,-5.932313101712339,-1.9470366220242368,1774.663337358801,-5.932845360623446
815,204,298,1775.0435062659974,-4.778673204416691,-2.062554411593784,1775.0441038157585,-4.779270754177787
819,205,235,1776.3943685344987,-2.4211829347175353,-0.4565633073735364,1776.3943978306854,-2.4212122309043025
816,205,299,1775.6354340307782,-2.623119994978424,-0.4460841041431234,1775.6354620063255,-2.623147970525679
817,205,298,1775.5199444901791,-2.9730882998240986,-0.035596287020322345,1775.5199446682927,-2.9730884779378357
818,205,234,1776.2814456063327,-2.7633736261298054,-0.05519807511563686,1776.2814460344875,-2.7633740542847818
823,206,299,1775.4565371975682,-3.1652316107664547,-0.835317530808466,1775.456635272852,-3.1653296860503133
822,206,298,1775.218103049764,-3.887759331385155,-0.5823662533541865,1775.2181507071928,-3.88780698881385
820,206,267,1774.9943405903387,-3.2129442150743444,-0.7158922845343586,1774.9944126434884,-3.2130162682241235
821,206,266,1774.7503623257435,-3.952272289605162,-0.4570593351914192,1774.7503916874857,-3.952301651347284
824,207,300,1775.912362023449,-1.6464161396643249,0.2673396839761993,1775.9123720752273,-1.6464261914425151
825,207,299,1775.8743142270325,-1.7617124924418022,0.7488617043788126,1775.8743930949531,-1.761791360362281
826,207,235,1776.7797364258395,-1.4789051254160768,0.7992766229575784,1776.7798262388555,-1.4789949384321517
827,207,236,1776.8169386569625,-1.36617109170993,0.32845583487119634,1776.8169538245843,-1.3661862593315846
828,208,268,1775.171526154593,-2.044152575766134,0.040969083197010904,1775.171526390702,-2.044152811875165
829,208,267,1775.033323279929,-2.462949165657733,0.3943784548085416,1775.0333451554127,-2.4629710411416
830,208,299,1775.6954153535544,-2.3038302908603328,0.35962830718515004,1775.6954335386743,-2.303848475980203
831,208,300,1775.8304777317514,-1.8945503569301536,0.014249744522407815,1775.830477760307,-1.8945503854855588
835,209,237,1777.1544626959064,-0.551976156767978,0.8141282630254603,1777.154555906571,-0.552069367432523
834,209,236,1777.1665948843047,-0.5152119495004399,1.3219236731057415,1777.1668406372214,-0.5154577024172795
832,209,301,1776.1690756862292,-0.8838548420811776,0.7022757421008848,1776.1691450695312,-0.8839242253828843
833,209,300,1776.1814835628254,-0.8462552160320911,1.221610142281247,1776.1816935104716,-0.84646516367809
836,210,269,1775.3755839041376,-1.1288660972955995,0.5224205081411039,1775.3756223114692,-1.1289045046272577
837,210,268,1775.3115109813664,-1.3230264693291929,0.935578869328467,1775.311634150727,-1.323149638689756
838,210,300,1776.0995900675653,-1.0944173228805312,0.968520184161244,1776.0997220215436,-1.0945492768586291
839,210,301,1776.162206366531,-0.9046709623781908,0.5647545005422228,1776.1622512364852,-0.9047158323324993
840,211,302,1776.4007894849578,-0.2938190887454084,0.9216428307725796,1776.4009090082354,-0.29393861202277094
841,211,301,1776.443328455989,-0.16491311592369584,1.4556306091345677,1776.443626616842,-0.16521127677674485
842,211,237,1777.462475009555,0.19437875528967652,1.5898072481644494,1777.4628305392844,0.1940232255602723
843,211,238,1777.4208814146277,0.06833755854040646,1.0676866888070446,1777.4210417591198,0.06817721404843269
846,212,301,1776.4364632690247,-0.18571671278562008,1.3181094454942548,1776.4367077515449,-0.185961195305822
844,212,270,1775.5882158123943,-0.41839872580055726,0.7889227931739251,1775.5883034245599,-0.418486337966101
845,212,269,1775.5736923764518,-0.4624091377476134,1.236182819535235,1775.5739074829714,-0.46262424426709003
847,212,302,1776.4506566771047,-0.14270638527034407,0.8810128729394973,1776.4507659006968,-0.14281560886229272
851,213,239,1777.6281397693135,0.5339430425060527,1.1436444151379412,1777.6283237666526,0.5337590451671304
850,213,238,1777.684908621735,0.7059698680260453,1.6652222419757412,1777.6852987451693,0.7055797445917733
849,213,302,1776.6624182921073,0.3337085760089167,1.509312389945715,1776.662738900487,0.33338796762916445
848,213,303,1776.604359146874,0.15777177227187167,0.9758796798131483,1776.604493170194,0.15763774895185634
852,214,271,1775.7954480852522,0.127504079032974,0.8893568577221869,1775.7955594455398,0.12739271874534097
853,214,270,1775.8119709793687,0.17757345514303324,1.352537178154501,1775.8122285431662,0.17731589134541537
854,214,302,1776.712284073309,0.484817003893113,1.46868238151586,1776.7125876700625,0.4845134071397297
855,214,303,1776.6961366423714,0.4358853949910326,1.0160272846975373,1776.6962819351793,0.4357401021828764
856,215,304,1776.777812162898,0.49929987784469176,0.9050060419957964,1776.7779274370341,0.49918460370884077
857,215,303,1776.8412789062281,0.6916233424808524,1.4290012620582688,1776.8415663319342,0.6913359167746194
858,215,239,1777.848520263979,1.0659061220285366,1.5979396441830838,1777.8488795384578,1.06554684754974
859,215,240,1777.7864637710138,0.8778561433456389,1.0855877574796593,1777.786629578735,0.877690335624493
860,216,272,1775.9866360052224,0.541383641515722,0.8630958355305078,1775.986740899245,0.541278747493152
861,216,271,1776.0210091684432,0.6455447421848248,1.3298379031706578,1776.0212581958513,0.6452957147766938
862,216,303,1776.933051790077,0.9697229905079894,1.469148626313385,1776.9333556248016,0.9694191557831573
863,216,304,1776.8994599405128,0.8679295069805448,1.0130157641626547,1776.8996043918974,0.8677850555958457
867,217,241,1777.9067005841898,1.125560210824574,0.925558275491344,1777.906821119303,1.125439675711391
866,217,240,1777.969035656371,1.3144543689496686,1.4280698704403108,1777.969322625944,1.314167399376629
864,217,305,1776.915602014264,0.7487656739098156,0.736055877231418,1776.9156782709283,0.7486894172458278
865,217,304,1776.9793537962246,0.9419528919714821,1.249988219210504,1776.9795737339289,0.9417329542673087
868,218,273,1776.155712425972,0.8558773083315145,0.7438712454253372,1776.155790348641,0.855799385662408
869,218,272,1776.197250842744,0.9817512985501935,1.2049151152995339,1776.1974552996494,0.9815468416451267
870,218,304,1777.1010005931876,1.310579549435488,1.357997879635815,1777.101260218134,1.3103199244891357
871,218,305,1777.060406212667,1.1875662751305072,0.9074320722527425,1777.0605221321312,1.1874503556665559
872,219,306,1777.0090875862113,0.9053260284435964,0.48983584937278846,1777.009121359457,0.9052922551978781
873,219,305,1777.075173505204,1.105586389027394,0.9941778965911522,1777.0753126390073,1.105447255224135
874,219,241,1778.0487955469964,1.4784345042678524,1.1824120977548076,1778.0489922881789,1.478237763085417
875,219,242,1777.9883391449732,1.2952332860161277,0.7210323359437002,1777.9884122988014,1.2951601321880162
879,220,306,1777.1820571339047,1.4294761729689753,0.7261465826688909,1777.1821313684636,1.4294019384102512
878,220,305,1777.219976717246,1.5443840012757164,1.165554028883539,1777.220167984735,1.5441927337867583
877,220,273,1776.3381921355192,1.2224386790875315,1.007168255223634,1776.3383349977257,1.222295816881001
876,220,274,1776.3018892598338,1.112429964888861,0.5864950175554922,1776.301937702043,1.1123815226796978
880,221,307,1777.1300550716471,1.0988383597913298,0.1912899451858046,1777.1300602224355,1.098833209002919
881,221,306,1777.1767611389907,1.2403718971968374,0.6807339298079339,1777.1768263719953,1.2403066641923033
882,221,242,1777.7168676345807,1.4456055689354343,0.8027120846653163,1777.71695832268,1.4455148808361855
883,221,243,1777.8534688892032,1.4317429090360747,0.5791170951668962,1777.8535160875397,1.4316957106996142
884,222,276,1776.5688303721545,1.3552736243777872,0.31764161176659694,1776.5688445811763,1.3552594153559312
885,222,275,1776.6853696129774,1.401259258984851,0.5840573210955827,1776.6854176507736,1.4012112211885324
886,222,307,1777.931047046698,1.813642959152503,0.6347925173968325,1777.9311037661364,1.8135862397140272
887,222,243,1777.2571393425555,1.5811865680111623,0.2766658075131506,1777.2571501192922,1.581175791274518
890,223,306,1777.314859750391,1.6588525378028862,0.9127805472605414,1777.3149770546815,1.6587352335124024
891,223,307,1777.2851944244035,1.5689576105686456,0.5043335021394243,1777.285230234218,1.5689218007541967
888,223,275,1776.4167915732455,1.2760693322329644,0.4507410098246904,1776.4168201861116,1.2760407193669607
889,223,274,1776.4405484399786,1.3480598374848114,0.7778374328539699,1776.4406336511784,1.3479746262851222
892,224,50,1776.5760072803637,1.2188747190047025,-0.06677764560277809,1776.576007908301,1.2188740910672777
893,224,276,1776.600993357596,1.294590104557642,0.4563493316628834,1776.6010226841827,1.2945607779710144
894,224,243,1777.9697059888063,1.735100498462998,0.3920826820684282,1777.9697276257043,1.7350788615650572
895,224,49,1777.832362542778,1.633471955601408,-0.046370648698181964,1777.8323628454236,1.6334716529555635
896,225,308,2177.7197382057952,-230.54531488486282,-448.70778679060635,2198.442227964873,-251.2678046439405
897,225,5,2178.1596694212703,-229.21218998948302,-527.9104172023799,2206.7611126603683,-257.8136332285809
898,225,6,1929.0923379023752,-311.40440939071834,-527.4399410493126,1959.715217485858,-342.0272889742009
899,225,244,1928.6591745805802,-312.7170255173704,-449.45576243855254,1950.9690789868564,-335.02692992364655
903,226,245,1892.3479042008998,-318.71797427370075,-389.2300399592775,1909.346962610143,-335.7170326829439
900,226,309,2119.7791213977284,-244.03725687615417,-390.78979190893,2135.8217379761218,-260.0798734545476
901,226,308,2117.5826385069777,-250.6932656360044,-456.7942637400808,2139.408176505781,-272.5188036348079
902,226,244,1920.3872884921977,-315.8544042804922,-459.9900882624539,1943.796970584457,-339.26408637275154
905,227,309,2059.0284978872455,-263.29272822916175,-395.1714105099928,2075.7193526461083,-279.9835829880244
906,227,245,1906.2151090221053,-312.7872785215051,-398.86084761848593,1923.9962192548448,-330.5683887542448
904,227,310,2065.4398998703246,-243.8642373713459,-343.5772250187246,2078.1492692618413,-256.5736067628625
907,227,246,1913.0255715640117,-292.1495132430008,-344.0553201229651,1926.3649104971066,-305.48885217609563
911,228,247,1893.450088168901,-270.9106412324048,-301.49326283227106,1903.8990698739497,-281.35962293745365
910,228,246,1883.7050455740798,-300.4410733379235,-347.3418473715318,1897.4281503922446,-314.16417815608816
909,228,310,2010.7673785185798,-261.38867655234503,-343.0951326309594,2023.6462048978456,-274.2675029316109
908,228,311,2020.5885765598834,-231.62747036657663,-296.88825110201384,2030.3304282645233,-241.3693220712164
912,229,312,1979.8154903463314,-213.73024999134657,-255.75205168148938,1987.245050315742,-221.15980996075723
913,229,311,1968.1961558942323,-248.9403543916469,-294.90348639103314,1977.9595120732915,-258.703710570706
914,229,247,1860.803094513606,-281.2182280469109,-301.91514975663614,1871.3894126989524,-291.8045462322573
915,229,248,1872.3323304258624,-246.28114952492172,-263.06730275382785,1880.4673316250585,-254.41615072411764
916,230,313,1943.6695378500735,-193.1536553618887,-218.6936877738196,1949.2505259625204,-198.7346434743357
917,230,312,1931.3971686427649,-230.34265295979355,-251.75415009069195,1938.7022447335466,-237.64772905057544
918,230,248,1840.864091402045,-257.1359800066597,-260.25183704738237,1848.9041824570163,-265.17607106163086
919,230,249,1853.041425212599,-220.23496845952604,-227.44739001981807,1859.2607593682965,-226.45430261522358
922,231,249,1824.237342763768,-230.76933410308766,-222.3592393469524,1830.2348598319593,-236.76685117127886
923,231,250,1836.2907189015175,-194.2439518674836,-194.82933968101767,1840.9534694537342,-198.90670241970008
920,231,314,1912.2839321383656,-171.70904972678602,-185.52495360391572,1916.4048171336706,-175.82993472209114
921,231,313,1900.1363614157844,-208.51987009824347,-213.26999361225685,1905.5151854395663,-213.89869412202518
924,232,315,1885.4732829027214,-150.5482405597196,-156.0597008847962,1888.4593715881135,-153.53432924511185
925,232,314,1873.9258392434926,-185.54049407253387,-179.1793136610745,1877.8157669126879,-189.4304217417291
926,232,250,1810.7120649111853,-203.98380633098486,-188.27634567391974,1815.101179607594,-208.37292102739366
927,232,251,1822.1699674855188,-169.2628894390649,-165.3360067933647,1825.59577349002,-172.68869544356608
928,233,316,1862.8748404536252,-130.42738818581597,-130.12571599167615,1864.9962824075176,-132.54883013970834
929,233,315,1852.217447552167,-162.72251819023472,-149.22824744075382,1854.9766633507816,-165.48173398884933
930,233,251,1799.99082898817,-177.9495250681009,-157.9455362994301,1803.1389458949313,-181.0976419748622
931,233,252,1810.5656373139989,-145.90465135346756,-138.99103115169459,1813.0310712888504,-148.37008532831908
935,234,253,1801.2239900618752,-124.51673755465742,-115.74021069345031,1802.9614670848475,-126.25421457762991
932,234,317,1844.0616017015052,-111.78970031275469,-107.51850144330292,1845.538133628369,-113.26623223961872
933,234,316,1834.4431759579613,-140.93644499016034,-123.15525622773673,1836.3608462551485,-142.85411528734744
934,234,252,1791.6801474296665,-153.43747280377488,-131.255715093041,1793.8919025342177,-155.6492279083261
939,235,254,1793.841750277289,-105.25937379560082,-95.45407019695375,1795.0404400117932,-106.45806353010505
938,235,253,1785.38148860306,-130.8965303841735,-108.02618075708807,1786.90271869721,-132.41776047832354
936,235,318,1828.579143450373,-94.86686127881376,-88.00295175651976,1829.5852115706348,-95.87292939907536
937,235,317,1820.0527666207834,-120.70436682302477,-100.67331070126325,1821.357451594176,-122.00905179641722
940,236,319,1815.9795135524162,-79.74485042483411,-71.31810101068965,1816.6500320687237,-80.41536894114165
941,236,318,1808.5338393756801,-102.30749944524644,-81.47210743520564,1809.4018719842365,-103.17553205380261
942,236,254,1780.7236949104579,-110.54974042597712,-88.02118692323614,1781.7472828108027,-111.57332832632187
943,236,255,1788.1116722519696,-88.16193030018428,-77.9458643118533,1788.9208477761235,-88.97110582433845
944,237,320,1805.8407125670396,-66.41257602177075,-57.188241712207834,1806.277316486783,-66.84917994151431
945,237,319,1799.4233703848013,-85.85906748309901,-65.22751425242708,1799.9873914634218,-86.4230885617194
946,237,255,1777.3798128182075,-92.46176844604929,-70.96748978818562,1778.052940992691,-93.1348966205328
947,237,256,1783.7473937027848,-73.16606879581468,-62.99055530357422,1784.2814343756272,-73.70010946865705
951,238,257,1780.494437425699,-60.15592337735848,-50.34276808792259,1780.8385984577792,-60.500084409438614
950,238,256,1775.07095783458,-76.59071001711334,-56.57267525645232,1775.5029645453674,-77.02271672790096
948,238,321,1797.7774085933431,-54.79573331300264,-45.334425952185086,1798.0547124336413,-55.0730371533009
949,238,320,1792.3115456564637,-71.35895433384917,-51.613018527414035,1792.6688235512886,-71.71623222867402
952,239,322,1791.4459147232212,-44.780217660065546,-35.483560542580534,1791.6173213824563,-44.95162431930066
953,239,321,1786.8414718972879,-58.73307470834868,-40.31030980166189,1787.061556115918,-58.95315892697863
954,239,257,1773.564254111056,-62.82545147370206,-44.54010941673186,1773.834285258794,-63.09548262143983
955,239,258,1778.1330169202813,-48.98071568817079,-39.750762836041346,1778.349196157512,-49.19689492540169
956,240,323,1786.5447087843559,-36.229476449169965,-27.37554113836965,1786.6474886574579,-36.332256322271974
957,240,322,1782.7065197807956,-47.860352217534114,-31.0170260761618,1782.8378980549687,-47.99173049170702
958,240,258,1772.66846041352,-51.012232488459745,-34.58000082266847,1772.8323691774306,-51.17614125237037
959,240,259,1776.476887366053,-39.47154475351135,-30.966752654981825,1776.6088941524063,-39.6035515398645
962,241,259,1772.228669398188,-40.97413951222552,-26.417544553686668,1772.3248872103031,-41.070357324340534
960,241,324,1782.8127190826776,-28.99666678499443,-20.76836969639257,1782.8722329332538,-29.056180635570627
961,241,323,1779.6460380571737,-38.59266989258242,-23.452131271607758,1779.721657884392,-38.668289719800896
963,241,260,1775.3708116822697,-31.452496227129018,-23.754579557223984,1775.4488845721264,-31.530569116985816
967,242,261,1774.686844403602,-24.749148628172293,-17.894400999204915,1774.7313307971447,-24.793635021714863
966,242,260,1772.120815064243,-32.52499511107783,-19.7980212978911,1772.1751124022994,-32.5792924491343
965,242,324,1777.4406341025526,-30.76945482843564,-17.359346870740517,1777.4822968471758,-30.811117573058823
964,242,325,1780.026702891237,-22.932882741513595,-15.440860217283674,1780.059761839781,-22.965941690057548
968,243,326,1777.9974790344033,-17.893457192763208,-11.194287735279826,1778.0149231422533,-17.91090130061309
969,243,325,1775.907437147151,-24.22691745716395,-12.508549560309755,1775.9291663479562,-24.24864665796906
970,243,261,1772.2468923267602,-25.478630644049417,-14.489652618272334,1772.276088472203,-25.50782678949213
971,243,262,1774.320727629804,-19.194281240886426,-13.185581830593847,1774.3449617759047,-19.218515386987406
972,244,327,1776.5663707029107,-13.741433806351552,-7.852511504639576,1776.5749811832166,-13.750044286657499
973,244,326,1774.895224307496,-18.805513792457077,-8.696014627928742,1774.9057640012784,-18.81605348623964
974,244,262,1772.530333280156,-19.655887924721924,-10.284998386669855,1772.5450890459954,-19.670643690561292
975,244,263,1774.1885298934658,-14.631049702570749,-9.448031603754504,1774.201005254266,-14.643525063370703
976,245,328,1775.601445934161,-10.35014778449272,-5.26135224355175,1775.6053208666433,-10.354022716975123
977,245,327,1774.2801175719658,-14.354173124478166,-5.743584929683762,1774.2847284478412,-14.35878400035358
978,245,263,1772.9121988609295,-14.88854982054363,-7.00081644884037,1772.9190524271198,-14.89540338673396
979,245,264,1774.2232813904936,-10.915572458228326,-6.522323087113149,1774.2292389881882,-10.921530055922972
983,246,265,1774.3722521090306,-7.917791066802465,-4.26915052671069,1774.3748085981028,-7.920347555874855
982,246,264,1773.347881231395,-11.021945241455683,-4.477284260740432,1773.3506897919442,-11.024753802004739
980,246,329,1774.993916994781,-7.60458769997831,-3.2874848034384696,1774.9954326960333,-7.606103401230598
981,246,328,1773.961540875425,-10.73300018287523,-3.4972450585761874,1773.9632541533806,-10.73471346083079
984,247,330,1774.6549440026083,-5.401785407308353,-1.8168021237450698,1774.6554075789993,-5.402248983699337
985,247,329,1773.8585460944082,-7.815112401854321,-1.8252811028304061,1773.8590135832515,-7.81557989069745
986,247,265,1773.8041654006643,-7.916413688079615,-2.576620439788408,1773.8050969397475,-7.917345227162741
987,247,266,1774.5943919887407,-5.521787663605437,-2.5682071646634137,1774.5953182884796,-5.522713963344245
988,248,331,1774.5125671845149,-3.650865768600056,-0.7526626939505833,1774.512646831455,-3.6509454155400363
989,248,330,1773.9066358959328,-5.487021188546237,-0.6161731430840894,1773.9066892384476,-5.487074531061012
990,248,266,1774.2569295362675,-5.44752316680524,-1.1812209855244993,1774.257125535505,-5.447719166042816
991,248,267,1774.8581623178418,-3.625605646882832,-1.3166521703279286,1774.8584060047299,-3.6258493337709297
995,249,268,1775.1397187309813,-2.1405387079230422,-0.4274921358539289,1775.139744437327,-2.1405644142688516
994,249,267,1774.689159800484,-3.5058688003393854,-0.19172821461067222,1774.689164968605,-3.5058739684602642
993,249,331,1774.0549353257104,-3.648627170533473,0.22357779444995213,1774.0549423554298,-3.6486342002530137
992,249,332,1774.5090152789414,-2.272627312257441,-0.01402857196449041,1774.5090153066321,-2.2726273399480306
996,250,333,1774.5983600414515,-1.1988412736336613,0.46641993557652434,1774.5983906681965,-1.1988719003786628
997,250,332,1774.263731311355,-2.2128677284717924,0.7716171925976449,1774.2638150998305,-2.2129515169472143
998,250,268,1775.0892716195149,-1.996479081000416,0.4749869755074908,1775.0893033586449,-1.9965108201304247
999,250,269,1775.4213072978282,-0.9903103588387694,0.17215470457502718,1775.4213114687705,-0.9903145297811307
1000,251,334,1774.7444025079635,-0.37149765085166564,0.744082313424769,1774.7444804829374,-0.3715756258258125
1001,251,333,1774.5023970362072,-1.1048475652647767,1.0918390647230423,1774.5025648819446,-1.1050154110022277
1002,251,269,1775.4498163375022,-0.8377910739587833,0.8878887541461146,1775.4499272917174,-0.8379020281741987
1003,251,270,1775.6899452525824,-0.11012769492765528,0.5428285751562747,1775.6899867356947,-0.11016917803999604
1006,252,270,1775.7663789628136,0.0394158292189104,1.1037239541081174,1775.7665504709444,0.039244321087949174
1007,252,271,1775.9362986985523,0.5543241193361155,0.7344274156268307,1775.9363746517292,0.5542481661590273
1004,252,335,1774.918867813317,0.258004990937593,0.8641766983402485,1774.9189730167022,0.25789978755244647
1005,252,334,1774.7476201907868,-0.2609271985476198,1.2363592111512536,1774.7478354832592,-0.26114249101999576
1008,253,336,1775.0998990569121,0.7298630339705596,0.8634071661029836,1775.1000040902304,0.7297580006523958
1009,253,335,1774.9818594171377,0.37216715586589544,1.2474418367255522,1774.9820786358976,0.3719479371059151
1010,253,271,1776.0366966048525,0.6930824282733283,1.1688783309521549,1776.036889000904,0.6928900322219533
1011,253,272,1776.153821674562,1.0480068819385906,0.7878191574971383,1776.153909086111,1.0479194703897292
1012,254,337,1775.2706176624126,1.074601496871196,0.7717298035805074,1775.270701583081,1.0745175762027657
1013,254,336,1775.1927755857375,0.8387164160380962,1.15913991451092,1775.1929648947978,0.8385271069778355
1014,254,272,1776.2597951877005,1.1712796165998043,1.1217725986367961,1776.2599724145862,1.1711023897141786
1015,254,273,1776.3370338227044,1.4053360863086937,0.7373657401204957,1776.3371104042726,1.405259504740684
1019,255,274,1776.4801385099804,1.6525792077572987,0.6115887293544587,1776.4801911968966,1.6525265208412065
1016,255,338,1775.4204175557945,1.3167705926655344,0.6146374185844469,1775.420470791008,1.3167173574521485
1017,255,337,1775.3729888080377,1.173047114614974,0.9986601266195029,1775.3731293392634,1.1729065833893628
1018,255,273,1776.4330774114778,1.5099698183557848,0.9926346423247303,1776.4332161954414,1.509831034392164
1022,256,274,1776.569472146949,1.738737737395013,0.7966452567504418,1776.569561541901,1.738648342442957
1023,256,275,1776.5989401373492,1.8280346780021546,0.4193511556781178,1776.598964908911,1.828009906440343
1020,256,339,1775.5460530869043,1.484622758659384,0.4281972061359739,1775.546078924911,1.484596920652507
1021,256,338,1775.518311732773,1.4005580491707406,0.7833842795426376,1775.5183982110943,1.4004715708495041
1024,257,340,1775.6215237178671,1.5651886879365975,0.2069375618626827,1775.6215297525055,1.5651826532981659
1025,257,339,1775.60823611331,1.524923219582547,0.5662835754190152,1775.6082813024336,1.5248780304591492
1026,257,275,1776.84635083838,1.931253133719565,0.573217068350417,1776.846397119157,1.9312068529425233
1027,257,276,1776.6951285492912,1.9200026288298204,0.1881880121081772,1776.695133537913,1.9199976402078391
1028,258,51,1775.6521900744483,1.5981758776423476,-0.05600580870251699,1775.6521905164657,1.5981754356250804
1029,258,340,1775.642117572047,1.5676531430929117,0.31833465737122596,1775.6421318523035,1.5676388628364748
1030,258,276,1776.8194542046544,1.9565926714006991,0.3018037868013795,1776.819467034593,1.9565798414623714
1031,258,50,1776.8293717468373,1.9866458295307439,-0.06677764560277809,1776.8293723749568,1.9866452014111928
1034,259,5,2125.824436362211,-387.8038053199655,-464.85794983778175,2147.1358816246275,-409.1152505823819
1035,259,308,2133.7443778753914,-363.80398255275327,-395.7635068903361,2149.325425244083,-379.3850299214447
1032,259,341,2354.419828645914,-290.98108379848065,-387.16132638887836,2368.510294764682,-305.07154991724815
1033,259,4,2346.499887132734,-314.98090656569286,-456.255769336324,2365.9121985241745,-334.3932179571332
1036,260,342,2266.9812743082693,-291.79022995860885,-335.01636474706345,2277.9004837727193,-302.70943942305894
1037,260,341,2256.5951893183387,-323.26321477658064,-392.27557575572524,2271.421664832168,-338.08969029040986
1038,260,308,2073.719379613759,-383.6122319790919,-403.5563380742576,2090.1777008959775,-400.0705532613106
1039,260,309,2084.1054646036896,-352.1392471611201,-346.2971270655958,2096.349923518389,-364.38370607581965
1040,261,343,2191.6228985521416,-281.52172646880877,-288.95176569370045,2200.034266574018,-289.9330944906852
1041,261,342,2178.610741362739,-320.95250583063375,-337.6549238048279,2189.9622663956416,-332.30403086353624
1042,261,309,2023.0614538708983,-372.2837707029413,-351.78797323080323,2035.9087219451535,-385.1310387771964
1043,261,310,2036.0736110603004,-332.8529913411163,-303.0848151196758,2045.7285674791262,-342.5079477599422
1044,262,344,2124.6856432764876,-265.9380421413256,-249.04204354684003,2131.154099201095,-272.4064980659332
1045,262,343,2110.734254063618,-308.2149791500216,-289.59682364286556,2119.371056121866,-316.8517812082689
1046,262,310,1981.209447193153,-350.9581654172748,-304.750012344511,1991.1229137730638,-360.87163199718555
1047,262,311,1995.1608364060228,-308.6812284085788,-264.1952322484855,2002.7103060331676,-316.23069803572366
1051,263,312,1957.6357601759785,-280.94155353787096,-229.92277069724108,1963.5240749505624,-286.8298683124549
1050,263,311,1942.777075955593,-325.9678693572207,-264.1141927451897,1950.437870512962,-333.62866391458965
1049,263,344,2051.9784407984357,-289.93141895908263,-247.97555289977993,2058.5244308838,-296.4774090444473
1048,263,345,2066.837125018821,-244.9051031397329,-213.78413085183132,2071.7691579088687,-249.83713602978037
1052,264,346,2016.3567656110731,-221.44642350162417,-182.58423011598805,2020.0748878655872,-225.1645457561384
1053,264,345,2001.5002114419792,-266.46628462009073,-211.404963593917,2006.4160026032039,-271.3820757813153
1054,264,312,1909.4523590717488,-296.84207590226686,-227.54120549615666,1915.3035786886842,-302.69329551920214
1055,264,313,1924.3089132408427,-251.8222147838003,-198.72047201822772,1928.8361956673207,-256.3494972102782
1056,265,347,1972.7428524821325,-197.19324081119498,-154.88139609829923,1975.5030457734679,-199.9534341025302
1057,265,346,1958.4312090890417,-240.5618571538945,-179.07967958861897,1962.071117780878,-244.20176584573073
1058,265,313,1881.146164311102,-266.06592193061465,-194.6241554581701,1885.5473457938538,-270.4671034133663
1059,265,314,1895.4578077041929,-222.69730558791514,-170.42587196785385,1898.8803759759558,-226.11987385967814
1062,266,314,1857.5342118554936,-235.21209221798586,-165.14044139976633,1860.7870001659467,-238.46488052843904
1063,266,315,1870.9409203194787,-194.5857029331827,-144.9457915632061,1873.4806457138825,-197.12542832758663
1060,266,348,1935.4390661287493,-173.3013148161234,-130.38420345731896,1937.4525695311672,-175.3148182185414
1061,266,347,1922.0323576647643,-213.92770410092658,-150.5788532938792,1924.6829092562607,-216.57825569242289
1064,267,349,1903.8531990904432,-150.53327797530608,-108.85951530442878,1905.294272548829,-151.9743514336917
1065,267,348,1891.5614775351282,-187.78091905201836,-125.58932331978784,1893.4561053390587,-189.67554685594882
1066,267,315,1838.129424715748,-205.41349648241385,-138.93987740109552,1840.4883220681522,-207.7723938348181
1067,267,316,1850.421146271063,-168.16585540570156,-122.2100693857382,1852.2691766237472,-170.01388575838553
1068,268,350,1877.371569935142,-129.36915631143108,-90.09583675474093,1878.3823100512036,-130.37989642749278
1069,268,349,1866.2976056616696,-162.92662380680133,-103.83827105912874,1867.6251249606844,-164.2541431058163
1070,268,316,1822.406696994629,-177.41062366692472,-115.86616790516216,1824.0835653236595,-179.08749199595513
1071,268,317,1833.4806612681014,-143.85315617155447,-102.12373360077086,1834.7983840647232,-145.17087896817634
1075,269,318,1819.6707325056154,-121.86204595989761,-84.55828634314877,1820.59097403986,-122.78228749414211
1072,269,351,1855.3869458614454,-110.07569555247369,-73.87973825043314,1856.0809668197458,-110.76971651077406
1073,269,350,1845.555313483394,-139.8685209405079,-85.06263991618798,1846.465992508065,-140.77919996517903
1074,269,317,1809.839100127564,-151.65487134793182,-95.7411880089071,1811.0066950963142,-152.82246631668193
1078,270,318,1799.9312044169947,-128.3760902291424,-78.35852821369744,1800.7269186576978,-129.17180446984537
1079,270,319,1808.5496806243532,-102.25949566138877,-69.35177417038584,1809.17874470801,-102.88855974504588
1076,270,352,1837.3156627164076,-92.76672157101086,-59.99088585323707,1837.7817098674204,-93.23276872202348
1077,270,351,1828.697186509049,-118.88331613876449,-68.99763989654866,1829.3080959763747,-119.49422560609003
1080,271,353,1822.611270687317,-77.4482311685232,-48.20364979276009,1822.9169477065516,-77.7539081877577
1081,271,352,1815.141390623588,-100.08423136164129,-55.3758947482086,1815.5415848699254,-100.48442560797866
1082,271,319,1792.2345066389557,-107.64350307657003,-63.48924464170448,1792.7647721926305,-108.17376863024481
1083,271,320,1799.7043867026848,-85.00750288345193,-56.31699968625597,1800.1249943334938,-85.428110514261
1084,272,354,1810.7729832540886,-64.05276790111566,-38.29204436667898,1810.9684851263223,-64.24826977334942
1085,272,353,1804.365517896976,-83.46932958933587,-43.931645740985935,1804.6210657116244,-83.72487740398446
1086,272,320,1786.3536268916762,-89.41325362108478,-50.89106248251091,1786.6987422481022,-89.75836897751083
1087,272,321,1792.7610922487888,-69.99669193286456,-45.251461108203955,1793.0358720314982,-70.27147171557385
1090,273,321,1781.9468020057284,-73.56540771307448,-40.31802753625293,1782.1657916073755,-73.78439731472156
1091,273,322,1787.3896230539535,-57.07201059724059,-35.94699102481135,1787.5647505087163,-57.24713805200338
1088,273,355,1801.3499418777278,-52.46510538539508,-30.03531490749946,1801.4715911421395,-52.586754649806494
1089,273,354,1795.9071208295027,-68.95850250122896,-34.406351418941036,1796.065804688662,-69.11718636038825
1092,274,356,1793.9423145354785,-42.54118514121569,-23.222822519826003,1794.0157262934304,-42.614596899167395
1093,274,355,1789.3619259167488,-56.42115065251812,-26.553959598684692,1789.4574241770329,-56.51664891280245
1094,274,322,1778.7228622656457,-59.93204165738223,-31.528911698973214,1778.8580153067933,-60.06719469852976
1095,274,323,1783.3032508843755,-46.0520761460798,-28.197774620114522,1783.4119049084177,-46.16073017012195
1096,275,357,1788.2000735814374,-34.12215407840324,-17.657714723125107,1788.242846967815,-34.16492746478093
1097,275,356,1784.380513161032,-45.69657959478309,-20.14496889178705,1784.4359490058832,-45.75201543963442
1098,275,323,1776.4366625207172,-48.318050306087,-24.29355359002938,1776.5175159352589,-48.39890372062894
1099,275,324,1780.2562229411226,-36.743624789707155,-21.806299421367434,1780.3216463882045,-36.80904823678918
1103,276,325,1778.0404663955037,-28.95178121343281,-16.587587099846573,1778.07853272506,-28.989847542989082
1100,276,358,1783.8202648756246,-27.044447714992998,-13.159384398033751,1783.8441715637405,-27.068354403109083
1101,276,357,1780.6639364411185,-36.609079334708554,-14.969073893902557,1780.6947613874236,-36.639904281013514
1102,276,324,1774.8841379609976,-38.516412833148365,-18.39727659571538,1774.9307976851098,-38.56307255726074
1106,277,325,1773.8970096701964,-30.319121932784242,-13.64369745922896,1773.9228031180946,-30.344915380682437
1107,277,326,1776.4814430163294,-22.487505732381123,-12.371875436955309,1776.5027137408963,-22.508776456948
1104,277,359,1780.5434179898964,-21.14705399110403,-9.564814033733336,1780.556112321184,-21.15974832239158
1105,277,358,1777.9589846437634,-28.97867019150715,-10.836636056005242,1777.9752319703928,-28.994917518136617
1108,278,360,1778.1494845169877,-16.27614857188587,-6.728883220346081,1778.1557926232404,-16.282456678138487
1109,278,359,1776.0530888896265,-22.62886259419315,-7.579043457311038,1776.0610727420126,-22.63684644657917
1110,278,326,1773.3378272055243,-23.524898949946873,-9.856026634400315,1773.3513425020674,-23.538414246489992
1111,278,327,1775.4342228328856,-17.17218492763959,-9.005866397435359,1775.4455338933417,-17.183495988095615
1112,279,361,1776.4534907832654,-12.288417290389248,-4.524098721842754,1776.456351374335,-12.291277881458882
1113,279,360,1774.769454153823,-17.391558591730245,-5.048225696319642,1774.7730091541757,-17.395113592082794
1114,279,327,1773.0954851424322,-17.94396836548924,-6.877328478635914,1773.102087100944,-17.950570324000864
1115,279,328,1774.7795217718744,-12.840827064148243,-6.353201504159026,1774.7851665725061,-12.846471864780028
1116,280,362,1775.3013952728452,-9.052808013626759,-2.83975778856456,1775.3025251240788,-9.053937864860472
1117,280,361,1773.9623600776745,-13.110490423234296,-3.115719331092993,1773.9637181224193,-13.111848467979144
1118,280,328,1773.080987637356,-13.401343328539383,-4.570101592311367,1773.083910391479,-13.404266082662502
1119,280,329,1774.4200228325262,-9.343660918931846,-4.294140049783807,1774.4226072012152,-9.346245287620832
1123,281,330,1774.277100134165,-6.54676682683305,-2.72475693835249,1774.2781423899667,-6.547809082634785
1122,281,329,1773.2238633119855,-9.738393560710279,-2.8152161581024218,1773.2249745858005,-9.739504834525405
1121,281,362,1773.5127740874786,-9.643053004797594,-1.671251491179744,1773.513165679858,-9.643444597177108
1120,281,363,1774.566010909658,-6.451426270920365,-1.5807922714298128,1774.566361678783,-6.451777040045499
1124,282,364,1774.1432500076285,-4.37968871748069,-0.6664008062995099,1774.1433124316222,-4.379751141474571
1125,282,363,1773.3243609324784,-6.861170763389737,-0.621142592320675,1773.3244151147674,-6.861224945678828
1126,282,330,1773.4689076766776,-6.813470337803892,-1.5105723467443375,1773.4692281073621,-6.8137907684883885
1127,282,331,1774.2877967518277,-4.331988291894845,-1.5558305607223002,1774.2881369887198,-4.332328528786775
1128,283,365,1773.9486728304023,-2.746027517556854,-0.02858475273858509,1773.9486729453754,-2.746027632529831
1129,283,364,1773.3199020408447,-4.65139354651933,0.11341036341078327,1773.319903849354,-4.651395355028626
1130,283,331,1773.7734093697532,-4.501736127979484,-0.5695239507904835,1773.7734549697723,-4.501781727998605
1131,283,332,1774.4021801593108,-2.596370099017008,-0.7115190669398518,1774.4022513832522,-2.5964413229582988
1135,284,333,1774.5810568826716,-1.2512750881181773,-0.1279584106727882,1774.581059187697,-1.2512773931434822
1132,284,366,1773.9143896575963,-1.4712752723929725,0.38933533293351175,1773.9144110025359,-1.4712966173325412
1133,284,365,1773.4381224839653,-2.9145091318810046,0.5980717392124065,1773.438172824448,-2.914559472363635
1134,284,332,1774.1047897090407,-2.6945089476062094,0.08077799560610657,1774.104790627136,-2.694509865701548
1139,285,334,1774.7939526418131,-0.2213457300955497,0.24817526395495695,1774.7939613165217,-0.22135440480394664
1138,285,333,1774.438557803998,-1.2982997840804273,0.5010460042069524,1774.438593148071,-1.2983351281535533
1137,285,366,1773.6309333090103,-1.5648158674263186,0.8870552366085342,1773.6310441231196,-1.5649266815355531
1136,285,367,1773.9863281468254,-0.487861813441441,0.6341844963565388,1773.9863848100845,-0.48791847670054267
1140,286,368,1774.1218574446857,0.2610682144728571,0.7443488152672277,1774.1219355307364,0.26099012842200864
1141,286,367,1773.8610699139094,-0.5291970303037488,1.024748228339874,1773.861217867387,-0.5293449837814705
1142,286,334,1774.7566161291468,-0.2336667792753815,0.7414959582901507,1774.7566935684767,-0.23374421860535222
1143,286,335,1775.017403659923,0.5565984655012244,0.4610965452183767,1775.0174336140956,0.5565685113285781
1144,287,369,1774.2877871952733,0.8222986877794938,0.7511368659108243,1774.2878667297455,0.8222191533072873
1145,287,368,1774.1002254105665,0.2539296432134961,1.0472061128320966,1774.1003799674395,0.25377508634039714
1146,287,335,1775.0458158352055,0.5659744833443483,0.8434879281996603,1775.0459160718817,0.5658742466682725
1147,287,336,1775.2333776199123,1.134343527910346,0.5474186812788241,1775.2334198479953,1.1343012998271433
1150,288,336,1775.2972929074706,1.155435572804663,0.8410072635578268,1775.2973925744132,1.1553359058622164
1151,288,337,1775.4284748790042,1.5529566986638201,0.5373789608045045,1775.428515577483,1.5529160001849505
1148,288,370,1774.4587401988963,1.2329442542281868,0.6798611250376511,1774.458805364192,1.2328790889325774
1149,288,369,1774.3275582273627,0.8354231283690297,0.9834894277911914,1774.3276945757796,0.8352867799521846
1152,289,371,1774.6151948426323,1.51998237015016,0.5496545206068986,1774.6152374404696,1.5199397723127959
1153,289,370,1774.5280164478938,1.2558054163973793,0.8561471889810811,1774.5281197862255,1.2557020780658377
1154,289,337,1775.506899401246,1.5788367910037095,0.7614591292458284,1775.5069811153796,1.5787550768702658
1155,289,338,1775.5940777959845,1.8430137447564903,0.45496646087186376,1775.5941069706641,1.8429845700767373
1156,290,372,1774.7436086988287,1.7202058349937488,0.3748488222456248,1774.7436285112628,1.7201860225595738
1157,290,371,1774.6851534475004,1.5430687097566533,0.6841187791188867,1774.6852194346666,1.5430027225903586
1158,290,338,1775.6729065652942,1.8690272386286324,0.6206281132694237,1775.6729608524743,1.868972951448427
1159,290,339,1775.7313618166224,2.046164363865728,0.3113581563961618,1775.7313754808144,2.046150699673717
1160,291,373,1774.8297001646547,1.8326091090037835,0.17300245681866078,1774.8297043848886,1.8326048887699926
1161,291,372,1774.7985951037247,1.7383513486093989,0.4822321780926862,1774.7986278927783,1.7383185595558643
1162,291,339,1775.7862197161862,2.064267470721802,0.44844768508538707,1775.786248061289,2.0642391256193378
1163,291,340,1775.8173247771163,2.1585252311161867,0.1392179638114707,1775.8173275089891,2.1585224992434178
1167,292,51,1775.8516472782212,2.2025916466511717,-0.05600580870251699,1775.8516477203395,2.202591204532837
1166,292,340,1775.839522716717,2.1658505511843487,0.25072365656094386,1775.8395315771902,2.165841690711204
1165,292,373,1774.8598834763054,1.842569601848595,0.26389264421428343,1774.8598932956297,1.8425597825245177
1164,292,52,1774.8720080378096,1.879310697315418,-0.04283682104906838,1774.872008296552,1.8793104385731567
1168,293,374,2485.2599748847606,-348.2358873243651,-295.8751026674047,2492.9628921367394,-355.93880457634395
1169,293,3,2471.2080595175726,-390.81744904311756,-348.48699997511255,2481.777179499294,-401.386569024839
1170,293,4,2303.1750313474586,-446.2683483392551,-363.7493668856557,2315.153786806981,-458.2471037987775
1171,293,341,2317.2269467146466,-403.68678662050263,-311.1374695779478,2326.09272913559,-412.5525690414461
1172,294,375,2376.79113149715,-340.7862022235936,-254.59265586833268,2382.74089975675,-346.73597048319357
1173,294,374,2360.7764831656887,-389.3154395916588,-298.8575465212373,2368.8720019624793,-397.41095838844956
1174,294,341,2219.4023073870712,-435.9689175986026,-316.2517189447946,2228.785456422363,-445.35206663389454
1175,294,342,2235.416955718533,-387.4396802305374,-271.98682829189005,2242.449271163361,-394.47199567536563
1176,295,376,2282.539341045637,-325.20889027864416,-218.8383804832398,2287.122434728479,-329.7919839614865
1177,295,375,2265.252243164363,-377.5940353734135,-255.84915480141885,2271.4298761528553,-383.7716683619062
1178,295,342,2147.0464227730026,-416.6019561025623,-274.6253873496545,2154.3801090323996,-423.9356423619595
1179,295,343,2164.3335206542765,-364.216811007793,-237.61461303147544,2169.903570201327,-369.78686055484343
1183,296,344,2101.3807816986186,-336.55883480153454,-207.10385174712104,2105.771261661852,-340.94931476476745
1182,296,343,2083.444876165753,-390.9100636890058,-238.25967098064052,2089.1672452438597,-396.63243276711205
1180,296,377,2200.8869185009016,-303.72180965678115,-187.62292235334675,2204.395761288039,-307.23065244391864
1181,296,376,2182.951012968036,-358.0730385442524,-218.77874158686623,2187.651456580649,-362.77348215686584
1184,297,378,2130.058840171291,-278.61653630146964,-160.41484864435108,2132.7267435636104,-281.2844396937887
1185,297,377,2112.105840578263,-333.0195653712518,-186.53786513999606,2115.6584080767557,-336.57213286974456
1186,297,344,2028.673579220567,-360.5522116192916,-206.03736110006093,2033.107312771278,-364.98594517000265
1187,297,345,2046.6265788135952,-306.1491825495094,-179.914344604416,2050.061031648002,-309.5836353839163
1188,298,379,2068.9669002154433,-251.42863592860544,-136.52827369563448,2070.973440093998,-253.4351758071599
1189,298,378,2051.432482771568,-304.56323424337825,-158.4904204033607,2054.0949301895976,-307.22568166140763
1190,298,345,1981.289665236753,-327.71036402986726,-177.53517734650165,1984.697232661345,-331.11793145445927
1191,298,346,1998.824082680628,-274.57576571509446,-155.57303063877546,2001.4825128370746,-277.23419587154126
1195,299,347,1957.5744710887886,-243.158032912237,-133.6382038341373,1959.601379862897,-245.18494168634516
1194,299,346,1940.8985261585965,-293.6911993673648,-152.0684801114064,1943.4826818692172,-296.2753550779854
1193,299,379,1999.7615455773605,-274.26640295917264,-133.9560460798936,2001.7325726377585,-276.23743001957064
1192,299,380,2016.4374905075526,-223.73323650404484,-115.52576980262454,2017.925919675263,-225.22166567175532
1196,300,381,1971.573969028371,-196.62193920100458,-97.07497531602844,1972.659990939778,-197.70796111241157
1197,300,380,1956.051170690265,-243.66072204374984,-112.4757072423664,1957.4880096164252,-245.09756096990986
1198,300,347,1906.8639762714204,-259.8924962019686,-129.33566102971727,1908.7923008989037,-261.8208208294518
1199,300,348,1922.3867746095264,-212.85371335922332,-113.93492910337932,1923.9055661966268,-214.37250494632372
1200,301,382,1933.5501005542328,-170.85418760413438,-80.93757604070572,1934.3280487886063,-171.63213583850802
1201,301,381,1919.3607196724004,-213.85231148847492,-93.72837506993778,1920.3897744772673,-214.8813662933419
1202,301,348,1878.5091860159052,-227.33331759511827,-109.14004896584643,1879.9223451425953,-228.74647672180822
1203,301,349,1892.6985668977377,-184.33519371077773,-96.34924993661437,1893.8153264723196,-185.45195328535965
1204,302,383,1901.5893460142556,-146.9173170209342,-66.91345576744497,1902.1356240621492,-147.46359506882777
1205,302,382,1888.81895721181,-185.61546490713386,-77.45755782708089,1889.541754647108,-186.3382623424319
1206,302,349,1855.142973468964,-196.72853954227298,-91.32800569131608,1856.1587141785958,-197.74428025190457
1207,302,350,1867.9133622714098,-158.03039165607333,-80.78390363168015,1868.7183509398146,-158.83538032447802
1211,303,351,1847.434881693107,-134.17285969895306,-67.13312328425914,1848.0033044603906,-134.7412824662366
1210,303,350,1836.097105819662,-168.52975628515014,-75.75070679312894,1836.8124662099349,-169.245116675423
1208,303,384,1874.957908358264,-125.09026089945132,-54.81869562024711,1875.333464965428,-125.4658175066154
1209,303,383,1863.620132484819,-159.4471574856484,-63.43627912911691,1864.1172949923955,-159.944319993225
1212,304,385,1852.9682521293744,-105.49458269223635,-44.47460990070274,1853.2207123683393,-105.74704293120101
1213,304,384,1843.0240849520574,-135.62842262349943,-51.45025335482186,1843.358489458994,-135.96282713043593
1214,304,351,1820.7451223407106,-142.98048028524386,-62.25102493037292,1821.2383451495318,-143.47370309406506
1215,304,352,1830.6892895180276,-112.84664035398077,-55.27538147625554,1831.0822267094436,-113.23957754539674
1216,305,386,1834.9835431393071,-88.13737234967755,-35.70494560601634,1835.1492546774125,-88.30308388778303
1217,305,385,1826.357783716052,-114.27603726863276,-41.29159602827042,1826.5774030684365,-114.49565662101747
1218,305,352,1808.515017425208,-120.1641501446112,-50.660390371227074,1808.8476327020285,-120.49676542143152
1219,305,353,1817.1407768484632,-94.02548522565598,-45.07373994897299,1817.406499360351,-94.2912077375438
1223,306,354,1806.3006135309454,-77.60540342579156,-36.38036394372913,1806.4762336917977,-77.78102358664387
1222,306,353,1798.895024058122,-100.04658364646866,-40.80173589719884,1799.1141710745196,-100.26573066286608
1221,306,386,1813.0160984923486,-95.38662908317394,-32.75821864210445,1813.1566639294197,-95.52719452024473
1220,306,387,1820.421687965172,-72.94544886249685,-28.336846688634747,1820.5277070124666,-73.05146790979131
1224,307,388,1808.7576582915317,-59.7921534936811,-22.20337342288599,1808.8236148407204,-59.85811004286984
1225,307,387,1802.461170463938,-78.87241963790393,-25.655794945192856,1802.5486335829914,-78.95988275695731
1226,307,354,1791.4347511063595,-82.51113802590487,-32.494670995991186,1791.5756068653068,-82.65199378485192
1227,307,355,1797.7312389339531,-63.43087188168204,-29.042249473684322,1797.8445284899108,-63.54416143763956
1228,308,389,1799.5238760647826,-48.517915263492114,-17.146214257499054,1799.5636460443006,-48.557685243010155
1229,308,388,1794.2202541363174,-64.58949686490189,-19.800410863351416,1794.2729821184557,-64.64222484704032
1230,308,355,1785.743222972974,-67.38691714880508,-25.560894164869556,1785.8313614451195,-67.47505562095046
1231,308,356,1791.0468449014393,-51.31533554739531,-22.906697559017193,1791.1180437842518,-51.38653443020792
1234,309,356,1781.4850435269927,-54.4707300009627,-19.828843930978245,1781.5385812527043,-54.524267726674225
1235,309,357,1785.9116383954497,-41.05680615715414,-17.82584790219293,1785.9551193449986,-41.100287106703036
1232,309,390,1792.308850914912,-38.945726025731574,-13.017939992038382,1792.3319859588933,-38.96886106971294
1233,309,389,1787.8822560464553,-52.359649869540135,-15.020936020823696,1787.9129075548462,-52.390301377930996
1236,310,391,1786.7544434419938,-30.892494434756145,-9.683539751197527,1786.7673406492027,-30.90539164196491
1237,310,390,1783.0933039527977,-41.986856523229335,-11.16071273377454,1783.1103662642147,-42.003918834646356
1238,310,357,1778.3755012551305,-43.543731413459454,-15.13720707297038,1778.4069421499494,-43.575172308278184
1239,310,358,1782.0366407443269,-32.449369324986264,-13.660034090393367,1782.062349662241,-32.475078242900395
1240,311,392,1782.5521535749344,-24.177405532532134,-7.021304665980783,1782.5589750902009,-24.1842270477988
1241,311,391,1779.5518071443917,-33.26936441296482,-8.078485301230907,1779.560807149713,-33.27836441828617
1242,311,358,1776.1753605124657,-34.383591801500415,-11.337285748364858,1776.1931081792923,-34.40133946832691
1243,311,359,1779.1757069430084,-25.29163292106773,-10.280105113114733,1779.1903483417914,-25.306274319850672
1247,312,360,1777.1212379810713,-19.39204716557242,-7.568667613202841,1777.1292095997237,-19.400018784224812
1244,312,393,1779.4388888706308,-18.62722237201774,-4.922979092986561,1779.4422585573152,-18.630592058702177
1245,312,392,1777.003028732298,-26.00861673060217,-5.648646016476156,1777.0074528750383,-26.013040873342447
1246,312,359,1774.6853778427385,-26.77344152415685,-8.294334536692435,1774.6949250524874,-26.782988733905768
1251,313,361,1775.699653331873,-14.572773203700308,-5.420662420502684,1775.7037565500893,-14.576876421916722
1250,313,360,1773.7412076179064,-20.507457185416797,-5.888010089176402,1773.7460381313904,-20.51228769890065
1249,313,393,1775.2338328223573,-20.014890867947997,-3.7608611361775597,1775.235802474359,-20.016860519949546
1248,313,394,1777.1922785363238,-14.080206886231508,-3.2935134675047144,1777.1937924352255,-14.081720785133143
1252,314,395,1775.6261249499998,-10.388215546429365,-2.050428427617537,1775.6267134468635,-10.388804043293021
1253,314,394,1774.0674769108514,-15.111391422637439,-2.3193708796090964,1774.0682285795515,-15.112143091337657
1254,314,361,1773.208522626282,-15.394846336545356,-4.0122830297520515,1773.2107727610992,-15.397096471362602
1255,314,362,1774.7671706654305,-10.671670460337282,-3.74334057775962,1774.7691327297364,-10.673632524643153
1256,315,396,1774.5858781171107,-7.417778553240851,-1.1229283249177524,1774.5860550202126,-7.417955456342725
1257,315,395,1773.3587127172073,-11.136461583250934,-1.241959145289567,1773.3589288094604,-11.136677675503961
1258,315,362,1772.978549480064,-11.261915451508116,-2.5748342803756765,1772.9794784142869,-11.262844385731228
1259,315,363,1774.2057148799674,-7.543232421498033,-2.45580346000299,1774.2065610945504,-7.54407863608094
1262,316,363,1772.9640649027879,-7.9529769139674045,-1.496153780893852,1772.9643791335589,-7.9532911447385
1263,316,364,1773.9191808710523,-5.0586861010446,-1.488265773456977,1773.9194921361145,-5.05899736610661
1260,316,397,1773.9443737617034,-5.050372447129689,-0.45087478661649333,1773.9444023295323,-5.050401014958425
1261,316,396,1772.989257793439,-7.944663260052494,-0.45876279405336823,1772.9892873373901,-7.944692804003466
1264,317,398,1773.5978968511054,-3.1821287036066224,0.01631289898230825,1773.5978968885481,-3.1821287410493824
1265,317,397,1772.863689948483,-5.406998105492448,0.08899790313597727,1772.8636910620123,-5.406999219021827
1266,317,364,1773.0958329042685,-5.33039093008324,-0.708454603746684,1773.0959034593327,-5.3304614851474525
1267,317,365,1773.830039806891,-3.1055215281974142,-0.781139607900353,1773.8301256539908,-3.1056073752971542
1268,318,399,1773.46261045195,-1.723180058013213,0.32077409653045097,1773.4626249428304,-1.7231945488936162
1269,318,398,1772.9057865916495,-3.410525089227008,0.4503063265124779,1772.9058151304553,-3.4105536280326305
1270,318,365,1773.319489460454,-3.2740031425215648,-0.15448311595023365,1773.3194928187113,-3.274006500778796
1271,318,366,1773.8763133207544,-1.58665811130777,-0.2840153459322606,1773.8763246790195,-1.5866694695728256
1272,319,400,1773.4713738743876,-0.596792066912144,0.49729966744815546,1773.4714087246487,-0.5968269171733027
1273,319,399,1773.0553109180864,-1.8575889041882192,0.6656077560627129,1773.0553733202569,-1.857651306358548
1274,319,366,1773.5928569721684,-1.6801987063411161,0.21370455774276198,1773.5928634035224,-1.6802051376951113
1275,319,367,1774.0089199284696,-0.41940186906504096,0.04539646912820451,1774.0089202188221,-0.4194021594175865
1279,320,368,1774.189365760334,0.4656388679528618,0.24233312021240924,1774.1893740374603,0.46563059082643576
1278,320,367,1773.8836616955537,-0.46073708592734874,0.43596020111153966,1773.883688474641,-0.4607638650146555
1277,320,400,1773.2652512902273,-0.6648125196850287,0.7679980394283877,1773.2653344137073,-0.6648956431649822
1276,320,401,1773.5709553550078,0.2615634341951818,0.5743709585292572,1773.571001864375,0.26151692482801536
1280,321,402,1773.7196218493036,0.9051249673294706,0.575076024857489,1773.719668485941,0.905078330692163
1281,321,401,1773.4994607846584,0.23797022597989326,0.784315837485263,1773.49954751063,0.23788350000836544
1282,321,368,1774.167733726215,0.4585002966935008,0.5451904177772782,1774.1677756204244,0.4584584024839842
1283,321,369,1774.3878947908602,1.125655038043078,0.3359506051499402,1774.3879107026082,1.1256391262950274
1284,322,403,1773.8849825138261,1.3766774991026978,0.517759513852031,1773.8850203239322,1.3766396889965336
1285,322,402,1773.7305615070718,0.9087350543929915,0.736026126455632,1773.730637901443,0.9086586600217288
1286,322,369,1774.4276658229496,1.138779478632614,0.5683031670303074,1774.4277113553617,1.1387339462205546
1287,322,370,1774.582086829704,1.6067219233423202,0.3500365544271425,1774.5821041065356,1.6067046465105932
1288,323,404,1774.0422685652813,1.7119280732342759,0.4167279372694828,1774.0422930615853,1.7119035769303537
1289,323,403,1773.9373373135027,1.3939545829958888,0.6402927345763376,1773.937395136456,1.393896760042594
1290,323,370,1774.6513630787015,1.6295830855115128,0.5263226183701365,1774.6514021384999,1.6295440257131304
1291,323,371,1774.7562943304802,1.9475565757498998,0.30275782106349974,1774.7563072566204,1.947543649609429
1295,324,372,1774.8939125285428,2.1756719856432483,0.21158256826528715,1774.8939188418958,2.1756656722903926
1294,324,371,1774.8262529353483,1.9706429153563931,0.4372220795752699,1774.8262798923015,1.970615958403073
1292,324,405,1774.1732604998567,1.9378568161768044,0.28507041452782855,1774.173271963506,1.9378453525273471
1293,324,404,1774.1056009066622,1.7328277458899493,0.5107099258381383,1774.1056376969789,1.7327909555731367
1296,325,406,1774.2636794308457,2.0688106524712566,0.13336762596851304,1774.2636819400118,2.0688081433053185
1297,325,405,1774.2262334153677,1.9553378782953814,0.3596375701962419,1774.2262516602054,1.9553196334576342
1298,325,372,1774.9488989334388,2.1938174992588984,0.3189659241120214,1774.9489132810581,2.193803151639713
1299,325,373,1774.986344948917,2.3072902734347736,0.09269597988418357,1774.986346160719,2.307289061632673
1300,326,53,1774.3053961624764,2.1150407983764126,-0.02977900219966633,1774.3053962875742,2.1150406732785996
1301,326,406,1774.2933739471537,2.078609842852984,0.19664398612948084,1774.293379402031,2.078604387975588
1302,326,373,1775.0165282605676,2.317250766279585,0.18358616728013333,1775.016533013754,2.317246013093154
1303,326,52,1775.0285504758904,2.3536817218030137,-0.04283682104906838,1775.0285507346791,2.3536814630142544
1307,327,374,2458.8265505684876,-428.33717313125373,-201.79360334857313,2462.348263605377,-431.8588861681426
1306,327,3,2440.407368775031,-484.15287553566725,-234.77119682412618,2445.111409576195,-488.8569163368311
1305,327,2,2545.7319794833115,-449.39575400193473,-214.76535129952856,2549.57697577661,-453.2407502952335
1304,327,407,2564.151161276768,-393.5800515975212,-181.7877578239755,2566.9417832294516,-396.37067355020463
1308,328,408,2442.7316423370103,-380.07153421759915,-155.50120151377575,2444.871563641138,-382.211455521727
1309,328,407,2422.8905511599105,-440.19605293608413,-183.22580628619357,2425.8189810260665,-443.12448280223975
1310,328,374,2334.3430588494157,-469.41672539854744,-204.77604720240575,2338.077103522628,-473.15077007176
1311,328,375,2354.1841500265155,-409.29220668006246,-177.0514424299879,2357.0170954641644,-412.1251521177112
1312,329,409,2337.573925312474,-359.26973785562245,-132.69583033966646,2339.2052340676723,-360.901046610821
1313,329,408,2317.0192533526215,-421.5566225824475,-155.98265044360213,2319.2385533802917,-423.77592261011785
1314,329,375,2242.645261693728,-446.10003982988235,-178.3079413630741,2245.598204322254,-449.052982458408
1315,329,376,2263.1999336535805,-383.8131551030573,-155.02112125913843,2265.4676762567783,-386.0808977062552
1316,330,410,2246.606937179938,-333.5124262614353,-113.00771730726248,2247.843762247692,-334.7492513291893
1317,330,409,2225.951322957387,-396.10519663280104,-132.5265538200198,2227.6248266440844,-397.7787003194983
1318,330,376,2163.61160557598,-416.67730336866555,-154.96148236276485,2165.9360979877606,-419.0017957804462
1319,330,377,2184.2672197985307,-354.0845329972998,-135.44264585000755,2186.072689766143,-355.8900029649121
1323,331,378,2115.758462777646,-321.95101325190956,-117.96492396172516,2117.1847592800796,-323.3773097543433
1322,331,377,2095.486141875892,-383.38228871177046,-134.35758863665683,2097.3053916113026,-385.20153844718106
1320,331,411,2168.11373929708,-304.67377200049634,-95.94630636332234,2169.0440893027103,-305.60412200612654
1321,331,410,2147.841418395326,-366.10504746035724,-112.33897103825399,2149.0957957989986,-367.35942486402996
1324,332,412,2100.5381279695725,-274.3819415423437,-81.13195851989839,2101.2308328964973,-275.07464646926815
1325,332,411,2081.0618760059815,-333.40088688655885,-94.88663262055034,2081.9937602697673,-334.33277115034457
1326,332,378,2037.132105377923,-347.89771119381817,-116.04049572073477,2038.5427205841324,-349.30832640002757
1327,332,379,2056.608357341514,-288.87876584960304,-102.2858216200828,2057.722989306813,-289.993397814902
1328,333,413,2042.6060417655679,-243.9095619658375,-68.23276150951135,2043.1149682857724,-244.41848848604218
1329,333,412,2024.2414480635557,-299.55984591132926,-79.76703889433287,2024.9257694088926,-300.2441672566663
1330,333,379,1987.4030027034314,-311.71653288017023,-99.71359400434194,1988.4836478699337,-312.79717804667257
1331,333,380,2005.7675964054436,-256.06624893467847,-88.1793166195204,2006.6267045610014,-256.9253570902363
1335,334,381,1962.3958959792728,-224.4342817740295,-75.48762160191283,1963.0471450533482,-225.085530848105
1334,334,380,1945.381276588156,-275.9937344743835,-85.12925405926228,1946.196574659939,-276.80903254616635
1333,334,413,1976.17494823419,-265.8318228311922,-66.64896264265796,1976.6701634278177,-266.3270380248198
1332,334,414,1993.1895676253068,-214.27237013083823,-57.007330185308525,1993.5575574390004,-214.64035994453195
1336,335,415,1951.308791031307,-186.1896883705267,-47.26823947021374,1951.5700793313736,-186.45097667059326
1337,335,414,1935.7907778431247,-233.21397075895834,-55.28625667774704,1936.1430216402669,-233.56621455610048
1338,335,381,1910.1826466233022,-241.66465406149985,-72.14102135582216,1910.7871116158803,-242.26911905407815
1339,335,382,1925.7006598114845,-194.64037167306822,-64.12300414828712,1926.1853483483812,-195.1250602099651
1340,336,416,1916.0756384122396,-160.13636886752863,-38.86407397590251,1916.257494113238,-160.31822456852706
1341,336,415,1902.1215527246559,-202.42147701172166,-45.48686847878404,1902.367308405504,-202.66723269256966
1342,336,382,1880.9695164690615,-209.4016489760677,-60.642985934664054,1881.4092467850037,-209.84137929200972
1343,336,383,1894.9236021566453,-167.11654083187466,-54.020191431779025,1895.2773392762217,-167.47027795145118
1346,337,383,1856.9543886272086,-179.64638129658886,-50.54301479345271,1857.267926159821,-179.95991882920134
1347,337,384,1869.3423188799952,-142.10719871238746,-45.11649642430458,1869.5952760487544,-142.3601558811464
1344,337,417,1886.6736603908757,-136.38785601379686,-31.66144604336196,1886.7975303007142,-136.51172592363525
1345,337,416,1874.285730138089,-173.92703859799826,-37.0879644125101,1874.4536087384422,-174.09491719835148
1348,338,418,1862.3491912113868,-115.06447841027352,-25.536622640967465,1862.431633737051,-115.14692093593783
1349,338,417,1851.479873174344,-148.00180579525238,-29.942432169522423,1851.5919645972997,-148.1138972182082
1350,338,384,1837.4084954737887,-152.64536043643557,-41.74805415887933,1837.6274227536035,-152.86428771625037
1351,338,385,1848.2778135108315,-119.70803305145671,-37.34224463032437,1848.4549384814513,-119.88515802207667
1352,339,419,1842.4095451003125,-96.17018889991164,-20.37200317426889,1842.4630645724187,-96.22370837201777
1353,339,418,1832.9756510368902,-124.75774666785742,-23.912682922890944,1833.0486685221908,-124.83076415315804
1354,339,385,1821.667345097509,-128.48948762785312,-34.159230757892054,1821.8169181392784,-128.6390606696225
1355,339,386,1831.1012391609313,-99.90192985990734,-30.61855100927,1831.2226057078112,-100.02329640678727
1359,340,387,1817.2388722371863,-82.59034500790813,-24.858715868319933,1817.320186033879,-82.67165880460084
1356,340,420,1826.2234430442252,-79.62543664158522,-16.05545116776325,1826.2572564464267,-79.65925004378676
1357,340,419,1818.1183653210117,-104.18627822708083,-18.868559344801433,1818.1646657289662,-104.23257863503534
1358,340,386,1809.1337945139728,-107.15118659340374,-27.671824045358118,1809.2336870064134,-107.25107908584437
1361,341,420,1806.3252837396678,-86.19182921208915,-14.687309185881563,1806.3537793608757,-86.22032483329713
1362,341,387,1799.2783547359525,-88.51731578331521,-22.17766412487804,1799.3434878200624,-88.58244886742523
1360,341,421,1813.2215785825565,-65.29396605182069,-12.48088508070122,1813.2423091500805,-65.31469661934466
1363,341,388,1806.1746495788411,-67.61945262304675,-19.971240019697696,1806.227862349265,-67.67266539347065
1367,342,389,1797.4504077007387,-54.80115273029196,-15.863166924942574,1797.4843711558383,-54.8351161853916
1366,342,388,1791.6372454236266,-72.41679599426755,-17.568277460163124,1791.6786387406164,-72.45818931125734
1364,342,422,1802.8962296789184,-53.00403147749262,-9.549247673293857,1802.9085131417614,-53.01631494033552
1365,342,421,1797.0830674018066,-70.6196747414682,-11.254358208514407,1797.1000213080797,-70.63662864774153
1368,343,423,1794.799592323365,-42.56472905139469,-7.169381541792012,1794.8065860147422,-42.57172274277184
1369,343,422,1789.9441399514292,-57.27822108756402,-8.46417831425448,1789.9538358521509,-57.287916988285815
1370,343,389,1785.8087876824113,-58.64288733633998,-13.737888688267216,1785.8343680446874,-58.668467698616155
1371,343,390,1790.6642400543471,-43.929395300170654,-12.443091915804747,1790.6853385626016,-43.95049380842511
1372,344,424,1788.540942423847,-33.7781868000078,-5.258608168233084,1788.5447360654018,-33.78198044156284
1373,344,423,1784.522172457496,-45.95627760713148,-6.22093295208387,1784.527457946523,-45.96156309615844
1374,344,390,1781.4486930922326,-46.970525797668415,-10.585864657540904,1781.4640150149003,-46.98584772033598
1375,344,391,1785.4674630585835,-34.792434990544734,-9.623539873688374,1785.4801826532753,-34.805154585236664
1378,345,391,1778.2648267609814,-37.16930496875341,-8.018485423721755,1778.2736808132697,-37.17815902104189
1376,345,425,1783.7828107036867,-26.44861043750484,-3.742974479257725,1783.784745517492,-26.450545251310245
1377,345,424,1780.4869732623765,-36.43599662329302,-4.438738208867632,1780.4896842148792,-36.438707575795775
1379,345,392,1781.5606642022915,-27.181918782965226,-7.3227216941118485,1781.5680757092955,-27.189330289969234
1383,346,393,1778.6892795196547,-20.898765859823698,-5.4655788505361835,1778.6934294254293,-20.902915765598095
1382,346,392,1776.011539359655,-29.013129981035263,-5.950063044607221,1776.0164427765808,-29.018033397961062
1380,346,426,1780.2366364901602,-20.388138059556923,-2.5571730051144956,1780.2375443875985,-20.389045956995233
1381,346,425,1777.5588963301605,-28.502502180768488,-3.0416571991855332,1777.5601769721093,-28.503782822717426
1384,347,427,1777.657892352074,-15.421144909970735,-1.6442115765040108,1777.6582692778932,-15.421521835789918
1385,347,426,1775.503327234802,-21.950130113825026,-1.9632973950360104,1775.503863345417,-21.950666224439715
1386,347,393,1774.4842234713813,-22.286434355753954,-4.303460893727182,1774.4868002817582,-22.289011166130877
1387,347,394,1776.6387885886531,-15.757449151899664,-3.9843750751951825,1776.641002834699,-15.759663397945587
1391,348,395,1775.2300965399056,-11.588301637624,-2.818861533542097,1775.231208289064,-11.589413386782326
1390,348,394,1773.5139869631807,-16.788633688305595,-3.0102324873004367,1773.5152523209363,-16.789899046061237
1388,348,428,1775.84130157585,-11.386603975762341,-0.954922978603205,1775.8414291306271,-11.386731530539805
1389,348,427,1774.125191999125,-16.586936026443936,-1.1462939323624173,1774.1253754442505,-16.58711947156951
1392,349,429,1774.616048497876,-8.139317701560572,-0.4473380218850056,1774.616076559957,-8.139345763641813
1393,349,428,1773.2637484971149,-12.23719649174484,-0.541602528548906,1773.2637895686826,-12.23723756331276
1394,349,395,1772.962684307113,-12.336547674445569,-2.0103922512141263,1772.9632502732618,-12.337113640594225
1395,349,396,1774.314984307874,-8.238668884261301,-1.916127744550226,1774.3154992354985,-8.23918381188571
1399,350,397,1773.7718555146675,-5.573155013905648,-1.230239044708961,1773.7720681614446,-5.57336766068272
1398,350,396,1772.7183639842024,-8.765553591072944,-1.251962213685842,1772.718583942572,-8.765773549442542
1396,350,430,1773.841235480721,-5.550259625107969,-0.08599772843909673,1773.8412365197855,-5.55026066417247
1397,350,429,1772.7877439502558,-8.742658202275265,-0.10772089741597748,1772.787745578602,-8.742659830621392
1400,351,431,1773.40165957401,-3.506297568896116,0.15875953880751592,1773.4016631201407,-3.5063011150267585
1401,351,430,1772.5910016290086,-5.962836796173178,0.190123223942341,1772.5910067099398,-5.962841877104552
1402,351,397,1772.691171701447,-5.929780672268407,-0.6903663549556183,1772.6912386923489,-5.9298476631702215
1403,351,398,1773.5018296464484,-3.473241444991345,-0.7217300400913155,1773.5019029302887,-3.4733147288316104
1404,352,432,1773.2039646241376,-1.9095075089753664,0.31150587386902207,1773.2039782902934,-1.9095211751310899
1405,352,431,1772.5884672615352,-3.7746510320126845,0.38078087616875816,1772.588487667565,-3.774671438042219
1406,352,398,1772.8097193869926,-3.7016378306117304,-0.28773661256114585,1772.8097310379676,-3.7016494815865144
1407,352,399,1773.425216749595,-1.8364943075744122,-0.3570116148600097,1773.4252346986796,-1.836512256659148
1411,353,400,1773.4783894625928,-0.575532708714718,-0.10773575367841777,1773.4783910982524,-0.5755343443742049
1410,353,399,1773.0179172157314,-1.9709031537494184,-0.012177955329492235,1773.0179172366193,-1.9709031746373284
1409,353,432,1772.7127224804387,-2.071617416395952,0.4879602561500215,1772.7127560204585,-2.0716509564157377
1408,353,433,1773.1731947273001,-0.6762469713612518,0.39240245780022365,1773.1732164286468,-0.6762686727079199
1412,354,434,1773.2497496016379,0.2638919684824259,0.41782126033628364,1773.2497742175424,0.26386735257790406
1413,354,433,1772.9109447263904,-0.7627894716614492,0.530952796865061,1772.9109844618363,-0.7628292071074156
1414,354,400,1773.2722668784324,-0.6435531614876027,0.16296261830137834,1773.272270621115,-0.643556904170282
1415,354,401,1773.6110717536799,0.3831282786562724,0.04983108177216485,1773.611072103767,0.3831279285693654
1416,355,435,1773.3867237489003,0.9691762719854751,0.400883114866765,1773.3867464167065,0.9691536041791551
1417,355,434,1773.1422760600672,0.22842569976398863,0.5252801490387534,1773.1423149676584,0.2283867921729552
1418,355,401,1773.5395771833305,0.3595350704409839,0.2597759607281706,1773.5395866978113,0.35952555596009006
1419,355,402,1773.7840248721636,1.1002856426624703,0.13537892655661826,1773.784027456868,1.1002830579582223
1420,356,436,1773.547631006238,1.4871359934111297,0.35196698337343896,1773.5476484831747,1.4871185164744247
1421,356,435,1773.3754798360592,0.9654657807479907,0.48330953329318466,1773.3755127838674,0.9654328329397686
1422,356,402,1773.7949645299318,1.1038957297259913,0.29632902815476136,1773.7949769137722,1.1038833458857198
1423,356,403,1773.9671157001105,1.6255659423891302,0.16498647823501567,1773.9671195397398,1.6255621027598863
1427,357,404,1774.1366686443005,1.997988918746728,0.15223344196300279,1774.1366719136581,1.997985649389193
1426,357,403,1774.019470499787,1.6428430262823213,0.2875196989593222,1774.0194821603413,1.6428313657278295
1424,357,437,1773.704588452956,1.8554024556029844,0.27952719337731896,1773.704599477519,1.8553914310401751
1425,357,436,1773.5873903084425,1.5002565631385778,0.4148134503734203,1773.5874145835182,1.5002322880628753
1428,358,438,1773.8366029819206,2.1017916695589065,0.19049800730933097,1773.836608102536,2.101786548943437
1429,358,437,1773.761491256636,1.8741803808173927,0.32779738156349497,1773.7615064171828,1.8741652202706973
1430,358,404,1774.2000009856813,2.0188885914024013,0.24621543053165834,1774.200009537578,2.018880039505916
1431,358,405,1774.275112710966,2.246499880143915,0.10891605627749432,1774.2751143845715,2.246498206538263
1432,359,439,1773.9286451494888,2.2447851753955774,0.09065708672664193,1773.9286463092199,2.2447840156646635
1433,359,438,1773.8869388708692,2.1184025129119846,0.22878212589254748,1773.8869462563234,2.1183951274580295
1434,359,405,1774.3280856264769,2.263980942262492,0.1834832119459076,1774.3280903760356,2.2639761927040354
1435,359,406,1774.3697919050965,2.390363604746085,0.04535817278022013,1774.3697921953599,2.3903633144827836
1439,360,53,1774.4128318721146,2.4406035548555565,-0.02977900219966633,1774.4128319972278,2.4406034297421684
1438,360,406,1774.3994864214044,2.4001627951278124,0.1086345329410244,1774.3994880863968,2.4001611301353023
1437,360,439,1773.9574182610745,2.2542803022189446,0.12312957885035745,1773.9574204003852,2.2542781629082356
1436,360,54,1773.9707637117847,2.2947210619466887,-0.015283956290306027,1773.9707637447477,2.294721028983531
1440,361,88,2586.0571012198316,-423.38871527620176,-54.43232830390573,2586.3032126521257,-423.63482670849567
1441,361,1,2565.575271045148,-485.45486732069617,-65.58574902370724,2565.9276924795877,-485.80728875513637
1442,361,2,2529.953232040516,-497.2101401922249,-87.83191255066797,2530.590199805563,-497.8471079572719
1443,361,407,2550.4350622151987,-435.1439881477305,-76.67849183086646,2550.9273136147203,-435.636239547252
1444,362,87,2461.161104019639,-405.7220518657399,-44.98257640442055,2461.3375419444337,-405.89848979053477
1445,362,88,2439.355276367801,-471.800317477372,-54.43232830390573,2439.609695906011,-472.0547370155823
1446,362,407,2409.174452098341,-481.7599894862934,-78.11654029308453,2409.702056625916,-482.28759401386833
1447,362,408,2430.9802797501798,-415.6817238746613,-68.66678839359935,2431.3943122319697,-416.0957563564509
1450,363,408,2305.267890765791,-457.1668122395097,-69.1482373234257,2305.7005462378556,-457.5994677115742
1451,363,409,2327.5169838465895,-389.7453180552718,-61.2176510643266,2327.861735748505,-390.09006995718744
1448,363,86,2352.845863671737,-381.38678771297316,-37.05199014532145,2352.971382156189,-381.5123061974257
1449,363,87,2330.5967705909384,-448.80828189721103,-44.98257640442055,2330.7787609503685,-448.9902722566412
1455,364,410,2237.9876232982742,-359.6315592361731,-54.39207262214064,2238.2723237430746,-359.9162596809733
1454,364,409,2215.894381491503,-426.5807768324504,-61.04837454468343,2216.2469303943653,-426.93332573531256
1452,364,85,2259.2466659425236,-352.6160751635708,-30.39568822277865,2259.335095798411,-352.70450501945857
1453,364,86,2237.153424135752,-419.56529275984815,-37.05199014532145,2237.2826044677504,-419.694473091846
1456,365,84,2178.5260263763157,-321.2580374068401,-24.81416580587485,2178.5876044608112,-321.3196154913355
1457,365,85,2157.048492868874,-386.34147227787514,-30.39568822277865,2157.1393032527603,-386.43228266176175
1458,365,410,2139.222104513662,-392.22418043509504,-53.723326353128655,2139.50710669864,-392.5091826200735
1459,365,411,2160.699750365402,-327.1404051267933,-48.141774740497596,2160.9326244056383,-327.37327916702975
1460,366,83,2109.1119058054105,-288.8030594639605,-20.129286364702622,2109.1541488621406,-288.84530252069067
1461,366,84,2088.609896545707,-350.9303602509409,-24.81401854290898,2088.6729944582285,-350.99345816346204
1462,366,411,2073.647881970988,-355.867535477449,-47.08195842580198,2073.875962713961,-356.09561622042247
1463,366,412,2094.1496767487265,-293.74088463581586,-42.397275256965635,2094.33785406048,-293.9290619475694
1467,367,413,2037.098337646345,-260.5995744483313,-37.10647219850458,2037.2481398145296,-260.74937661651575
1466,367,412,2017.8530034160688,-318.91876908553184,-41.03248058868632,2018.03311671595,-319.09888238541294
1464,367,82,2049.6372435109442,-256.46173551301354,-16.203427436492074,2049.6657058430756,-256.4901978451446
1465,367,83,2030.3920099482914,-314.7806250968099,-20.129415290687064,2030.4352035591944,-314.8238187077129
1468,368,81,1998.9363350641966,-225.1626235687778,-12.921451703428836,1998.9551024963528,-225.1813910009339
1469,368,82,1981.1492899834552,-279.0627601770849,-16.203427436492074,1981.17833014446,-279.09180033808957
1470,368,413,1970.6672441149672,-282.521835313686,-35.52267333165119,1970.807243675217,-282.66183487393596
1471,368,414,1988.4542891957085,-228.6216987053789,-32.24069759858796,1988.571493977984,-228.7389034876544
1472,369,80,1955.979331641714,-195.58685815695537,-10.190753675156945,1955.9913985349522,-195.59892505019343
1473,369,81,1939.7768624927862,-244.6852495173432,-12.921451703428836,1939.7959704522182,-244.70435747677504
1474,369,414,1931.0554994135264,-247.563299333499,-30.519624091026476,1931.1623792589114,-247.67017917888393
1475,369,415,1947.2579685624542,-198.46490797311117,-27.78892606275458,1947.347937314088,-198.5548767247451
1478,370,415,1898.070730255803,-214.69669661430612,-26.00755507132837,1898.1507635915655,-214.77672995006844
1476,370,79,1919.8432716012503,-168.1889247987299,-7.933219052950652,1919.850806894232,-168.19646009171163
1477,370,80,1905.2808937013278,-212.3173426772828,-10.190753675156945,1905.29315415487,-212.32960313082503
1479,370,416,1912.6331081557255,-170.5682787357532,-23.750020449122076,1912.700797860055,-170.6359684400827
1483,371,417,1883.7703306790054,-145.185824837646,-20.12198763561232,1883.8202189466683,-145.23571310530906
1482,371,416,1870.843199881575,-184.35894846622284,-21.973910885729666,1870.9019336369608,-184.41768222160886
1480,371,78,1889.6850436542045,-143.2339695558303,-6.081295802833307,1889.6895915574496,-143.2385174590753
1481,371,79,1876.757912856774,-182.40709318440713,-7.933219052950652,1876.765553785357,-182.41473411299012
1484,372,77,1864.729932636391,-120.83570037234495,-4.575595666425827,1864.7325686670968,-120.83833640305079
1485,372,78,1853.3854814856895,-155.2128250714403,-6.081295802833307,1853.3900844560508,-155.21742804180178
1486,372,417,1848.5765434624736,-156.79977461910153,-18.40297376177278,1848.6187627594638,-156.84199391609172
1487,372,418,1859.920994613175,-122.42264992000617,-16.8972736253653,1859.9570015727595,-122.45865687959088
1488,373,76,1844.2676753769072,-100.99213612921164,-3.3635945822025106,1844.269129393485,-100.99359014578943
1489,373,77,1834.4183700062508,-130.8385160402911,-4.575595666425827,1834.4210332773325,-130.8411793113728
1490,373,418,1830.5474544386784,-132.11591817759006,-15.273333907290526,1830.5771680411617,-132.1456317800736
1491,373,419,1840.3967598093348,-102.26953826651061,-14.061332823065465,1840.4222040263014,-102.29498248347727
1495,374,420,1824.570679033825,-84.63381243067658,-11.593167512991622,1824.588278025275,-84.65141142212667
1492,374,75,1827.6518275956937,-83.6170334052598,-2.398873101596128,1827.652580314216,-83.61778612378225
1493,374,76,1819.1867285919027,-109.26884856826302,-3.3635945822025106,1819.1881952785147,-109.2703152548753
1494,374,419,1816.105580030034,-110.2856275936798,-12.557888993598004,1816.1260456161503,-110.30609317979645
1499,375,421,1811.87798348432,-69.36546634950628,-9.466770151211291,1811.8898930500054,-69.37737591519169
1498,375,420,1804.6725197292676,-91.2002050011805,-10.225025531109939,1804.6863063070095,-91.21399157892245
1496,375,74,1814.2997160986276,-68.5662945867848,-1.6406177216974804,1814.3000734827938,-68.56665197095106
1497,375,75,1807.0942523435751,-90.40103323845904,-2.398873101596128,1807.0950105259408,-90.4017914208248
1500,376,73,1803.691735334477,-55.659314064290356,-1.0532177590345255,1803.6918844816162,-55.65946321142951
1501,376,74,1797.615523149942,-74.07207825985108,-1.6406177216974804,1797.6158826685376,-74.07243777844656
1502,376,421,1795.7394723035702,-74.69117503915379,-8.24024327902448,1795.7485479247282,-74.7002506603119
1503,376,422,1801.8156844881053,-56.278410843593065,-7.652843316361524,1801.823564304661,-56.28629066014889
1507,377,423,1793.9408205129405,-45.167067870862866,-6.120436065708108,1793.945912605981,-45.17215996390337
1504,377,72,1795.3695040228356,-44.69567402649659,-0.6058822073347736,1795.3695538978677,-44.69572390152871
1505,377,73,1790.2923048282337,-60.08112613135063,-1.0532177590345255,1790.292454699003,-60.08127600211992
1506,377,422,1788.863594760616,-60.55260045366447,-6.567773957322147,1788.8694257248503,-60.558431417898646
1510,378,423,1783.6633960794084,-48.55863026800296,-5.171970643832682,1783.6670459136903,-48.562280102284944
1511,378,424,1787.8673677208524,-35.819322263627896,-4.838313447528156,1787.8705767747915,-35.822531317567154
1508,378,71,1788.933009371033,-35.46766051906832,-0.2722058389486767,1788.933019524507,-35.46767067254211
1509,378,72,1784.7290157395296,-48.20703515998764,-0.6058647805404922,1784.7290658056681,-48.20708522612642
1515,379,425,1783.2625237639245,-28.025237527693093,-3.7760848687338986,1783.2644918114302,-28.02720557519899
1514,379,424,1779.813398559382,-38.477132086913116,-4.018443488164449,1779.8156187585305,-38.4793522860615
1512,379,70,1784.0365740227037,-27.769800942295888,-0.02984721951812643,1784.0365741456276,-27.769801065219667
1513,379,71,1780.5874488181612,-38.22169550151591,-0.2722058389486767,1780.5874590028498,-38.22170568620459
1516,380,69,1780.3845020967879,-21.4048766201214,0.14000058105560953,1780.3845048163291,-21.404879339662557
1517,380,70,1777.5810730102096,-29.900116276419,-0.02984721951812643,1777.5810731334277,-29.900116399637113
1518,380,425,1777.0386093903983,-30.07912927095674,-3.074767588661707,1777.0399173003202,-30.08043718087856
1519,380,426,1779.8420384769765,-21.583889614659142,-2.904919788087971,1779.8432095705748,-21.58506070825763
1520,381,68,1777.7261501791963,-16.188484502395795,0.2529584994865374,1777.7261590965663,-16.18849341976579
1521,381,69,1775.4694966917368,-23.026828403788272,0.14000058105560953,1775.4694994162576,-23.02683112830914
1522,381,426,1775.1087292216184,-23.145881668927245,-2.3110441780094857,1775.1094717364654,-23.14662418377418
1523,381,427,1777.365382709078,-16.307537767534768,-2.1980862595785577,1777.3660561291501,-16.308211187606958
1527,382,428,1775.6309078267345,-12.024160791264194,-1.6312489801523724,1775.6312799584628,-12.024532922992421
1526,382,427,1773.832682356129,-17.47332888400797,-1.7001686154369644,1773.8330857730566,-17.47373230093558
1525,382,68,1774.052799394473,-17.400690261354498,0.2529584994865374,1774.0528083240938,-17.4006991909755
1524,382,67,1775.8510248650782,-11.951522168610722,0.32187813477112936,1775.8510393529104,-11.951536656442727
1528,383,66,1774.583903616128,-8.541492317939742,0.357216231520168,1774.5839215065462,-8.541510208357863
1529,383,67,1773.1662183341932,-12.837508323802808,0.32187813477112936,1773.1662328366172,-12.83752282622686
1530,383,428,1773.0533547479995,-12.874753307246692,-1.2179285300980733,1773.0535623920987,-12.87496095134577
1531,383,429,1774.471040029934,-8.578737301383626,-1.1825904333490347,1774.4712361153152,-8.578933386764561
1532,384,65,1773.7802013475875,-5.822871006933042,0.36738048794677647,1773.7802203080546,-5.822889967399988
1533,384,66,1772.6751983067657,-9.17136507002931,0.357216231520168,1772.6752162100238,-9.17138297328745
1534,384,429,1772.642735482314,-9.18207780209832,-0.8429733088800067,1772.642835184029,-9.182177503813477
1535,384,430,1773.747738523136,-5.8335837390020515,-0.8328090524533982,1773.7478359576942,-5.833681173560308
1537,385,65,1772.4708769039905,-6.254948073320065,0.36738048794677647,1772.4708958738088,-6.254967043138208
1538,385,430,1772.4975046714235,-6.24616091006726,-0.5566881000719606,1772.497548227676,-6.246204466319909
1536,385,64,1773.3216580225692,-3.6768234715663084,0.3590432141320455,1773.3216761587732,-3.676841607770257
1539,385,431,1773.3482857900021,-3.6680363083135035,-0.5650253738866915,1773.3483307042866,-3.6680812225978343
1543,386,432,1773.1814616724366,-1.9776982717056626,-0.3646256557762464,1773.181480396373,-1.9777169956417993
1542,386,431,1772.5350934775274,-3.936389771430072,-0.34300403652544925,1772.5351100344733,-3.936406328375938
1541,386,64,1772.4660378771298,-3.9591781195613294,0.3590432141320455,1772.4660560191865,-3.9591962616181036
1540,386,63,1773.112406072039,-2.00048661983692,0.33742159488124834,1773.1124221066998,-2.000502654497609
1544,387,62,1773.0754450395273,-0.7059846270508388,0.306523559670976,1773.0754582819554,-0.7059978694788924
1545,387,63,1772.5915367081843,-2.17237350990888,0.33742159488124834,1772.591552745998,-2.1723895477226733
1546,387,432,1772.6902195287378,-2.1398081791262484,-0.188171273495247,1772.6902245163178,-2.1398131667064035
1547,387,433,1773.1741278600807,-0.6734192962682073,-0.21906930870551938,1773.174134623819,-0.6734260600063635
1548,388,61,1773.1495250347664,0.28070492213896614,0.26935831143754185,1773.1495352659097,0.2806946909956878
1549,388,62,1772.7931786766121,-0.7991325268128548,0.306523559670976,1772.793191920452,-0.799145770652899
1550,388,433,1772.911877859171,-0.7599617965684047,-0.08051896964068206,1772.9118787729963,-0.7599627103936655
1551,388,434,1773.2682242173253,0.3198756523834163,-0.11768421787324393,1773.268226170227,0.3198736994817182
1552,389,60,1773.2864134213492,1.020964873409298,0.22810733883114104,1773.2864207612424,1.0209575335160253
1553,389,61,1773.0290027619167,0.24093257209847252,0.26935831143754185,1773.029012993526,0.2409223404891918
1554,389,434,1773.1607506757546,0.28440938366497903,-0.010225329172082492,1773.1607506904984,0.28440936892104673
1555,389,435,1773.418161335187,1.0644416849758045,-0.05147630177848333,1773.4181617089569,1.0644413112061102
1559,390,436,1773.588438287723,1.6107944221531625,-0.012840017071453966,1773.588438310983,1.6107943988929492
1558,390,435,1773.406917422346,1.0607311937383201,0.030950116647936385,1773.4069175574648,1.0607310586194671
1556,390,59,1773.4485804741767,1.5646413436828652,0.18431720511175068,1773.4485852674975,1.564636550362252
1557,390,60,1773.2670596087996,1.0145781152680229,0.22810733883114104,1773.2670669487468,1.0145707753208626
1560,391,58,1773.6072366053065,1.9509138117512066,0.13903610938276117,1773.6072393331267,1.9509110839310324
1561,391,59,1773.4835779118014,1.5761904980990948,0.18431720511175068,1773.4835827050588,1.576185704841805
1562,391,436,1773.6281975899276,1.6239149918806106,0.050006449928527374,1773.6281979427265,1.623914639081704
1563,391,437,1773.7518562834327,1.9986383055327224,0.004725354199319807,1773.7518562865835,1.9986383023820053
1564,392,57,1773.7408653777154,2.2089205887467642,0.09297513238821883,1773.7408665976166,2.2089193688454998
1565,392,58,1773.661648608449,1.968869772788139,0.13903610938276117,1773.6616513362133,1.9688670450240124
1566,392,437,1773.8087590871128,2.0174162307471306,0.052995542385495864,1773.8087594833964,2.0174158344634634
1567,392,438,1773.8879758563792,2.257467046705756,0.006934565390953526,1773.8879758631651,2.257467039920016
1571,393,439,1773.9822806740206,2.407317067915983,-0.0012043560644001174,1773.9822806742254,2.407317067711233
1570,393,438,1773.9383117453278,2.274077890058834,0.04521868397417004,1773.9383120338603,2.2740776015265283
1568,393,56,1773.8340138310934,2.358389009749999,0.04655209234964869,1773.8340141369258,2.35838870391774
1569,393,57,1773.7900449024007,2.2251498318928498,0.09297513238821883,1773.7900461222791,2.2251486120144364
1572,394,55,1773.876446572665,2.41038993828181,0.0,1773.876446572665,2.4103899382816962
1573,394,56,1773.8623747728013,2.3677481205136246,0.04655209234964869,1773.8623750786303,2.3677478146846624
1574,394,439,1774.0110537856062,2.41681219473935,0.0312681360593154,1774.0110539235748,2.4168120567709366
1575,394,54,1774.0251255854698,2.4594540125075355,-0.015283956290306027,1774.025125618435,2.4594539795423316
1576,459,586,3357.0307611465055,-69.31713044171056,-714.1791685710872,3393.8505124133258,-106.13688170853084
1577,459,581,3358.6839334782985,-49.47855338588988,-826.0260462306497,3408.020107970394,-98.8147278779852
1578,459,582,3017.975712910636,-160.87573164688934,-824.6395211363368,3070.585834210313,-213.48585294656664
1579,459,584,3038.608316158065,-173.33506194377128,-713.4208065617461,3077.7467686605514,-212.47351444625724
1582,460,581,3347.6466319071737,-118.7045727651232,-556.2770013832859,3369.8224741826925,-140.880415040642
1583,460,586,3323.791543108815,-181.00017257354716,-632.0618787132375,3352.060391833571,-209.26902129830364
1581,460,580,3249.141391988348,-144.79136351334841,-556.5414725110033,3271.8056402362963,-167.45561176129672
1580,460,583,3198.9562659466133,-187.61141751084142,-596.6206222540357,3225.032540768312,-213.68769233254056
1584,461,583,3158.686485564323,-158.1314514119033,-592.5395382174686,3184.94249351798,-184.38745936556052
1585,461,586,3583.9291936796153,0.17584793969103885,-744.8455451308445,3622.222111940716,-38.1170703214093
1586,461,584,2871.8100853049586,-233.1254559478043,-747.5500114392273,2916.1716523769874,-277.48702301983326
1587,461,585,2756.6188280487127,-285.6365508343795,-628.2570875764602,2788.715587812204,-317.7333105978703
1588,462,576,3129.0415763173964,-233.57272870113206,-512.6222641218776,3148.4663655018167,-252.99751788555204
1589,462,583,3185.7454751022265,-188.83071316079327,-636.2177256726701,3215.4705903587424,-218.55582841730893
1590,462,585,2746.92637462344,-323.8559263473003,-670.3495046791564,2783.084809609265,-360.0143613331254
1591,462,575,2723.8020909778365,-365.2241696949702,-511.50671750018915,2744.833782833858,-386.2558615509913
1595,463,568,2604.4688454419975,-136.75115314333618,-850.5003741827154,2668.923127560543,-201.20543526188158
1594,463,567,2671.71293487461,-35.71409248898692,-988.8575892322822,2759.179531404679,-123.18068901905599
1592,463,584,3061.772843527683,8.683156304351542,-874.7287238476421,3123.191080292383,-52.7350804603484
1593,463,582,3057.076543915595,90.035348659796,-1014.6796913068604,3141.429373122236,5.682519453154555
1596,464,585,2933.2656663479975,-84.04089542837232,-777.4286494198941,2982.5384261207273,-133.31365520110194
1597,464,584,3086.9679390816527,7.820444055727194,-930.525538188558,3155.7339468245204,-60.94556368714029
1598,464,568,2467.8575931617356,-192.957012091445,-921.5616327179038,2545.3929568417607,-270.4923757714703
1599,464,569,2520.2601545809403,-219.23388785997076,-766.9412078635503,2572.9253824015677,-271.899115680598
1600,465,575,2804.039959925377,-152.49342505256254,-681.0770017936527,2842.7567494543678,-191.21021458155337
1601,465,585,2821.167577899394,-123.09180545575236,-805.5607841057268,2875.2743925801788,-177.19862013653687
1602,465,569,2409.6921449699576,-258.12502366595606,-799.5955171756116,2468.317351656359,-316.75023035235745
1603,465,570,2378.690669289381,-292.4343763040663,-673.0572111986677,2420.4366648304263,-334.1803718451115
1607,466,583,3442.784801124516,-223.8854603242196,-354.68581719578873,3451.3422320817726,-232.44289128147625
1604,466,578,3396.764532310265,-234.92069625763065,-372.20026133556433,3406.2760366794973,-244.43220062686305
1605,466,579,3420.2704094424803,-172.55069090261713,-353.53387113137313,3428.9463985473485,-181.22668000748558
1606,466,580,3481.465784371833,-157.67696436895653,-330.2098629819148,3488.9411047607155,-165.1522847578392
1611,467,576,3021.109810940659,-364.42414319787554,-319.1328604742148,3028.6138370690696,-371.9281693262865
1610,467,583,3050.3585977057096,-344.1778171235919,-385.47455067283863,3061.2669107960824,-355.0861302139647
1608,467,577,3257.8159770825264,-286.4767721533981,-322.90238651232477,3265.1552755947037,-293.81607066557535
1609,467,578,3256.101430202059,-275.3650482349883,-395.33955886746264,3267.13131919802,-286.3949372309487
1612,468,582,3395.820152918979,203.93260404393618,-970.520838123942,3467.9633682616914,131.78938870122397
1613,468,558,3370.807015281258,129.77618158820883,-1186.7514841563882,3476.0276696588685,24.55552721059803
1614,468,559,2654.5008303954028,-119.94846546690633,-1257.8359708069302,2790.407843284044,-255.85547835554735
1615,468,567,2728.7661100515543,-17.481274483456446,-1000.3283891783528,2817.022893846113,-105.73805827801539
1619,469,582,3310.0211480481366,-57.58574893728132,-770.1535652263476,3353.4924841984657,-101.05708508760995
1616,469,581,3586.443117622761,35.29810876233705,-753.4023515150866,3625.963308981304,-4.222082596206064
1617,469,557,3539.428377225325,-15.74781772589563,-858.6854453141386,3590.5432676035507,-66.86270810412111
1618,469,558,3295.7032061867217,-100.13460116018359,-880.6907417061027,3351.8745650377978,-156.3059600112599
1622,470,557,3639.3816184582793,-12.235848022550954,-519.9108058213637,3657.7947650033266,-30.648994567598493
1623,470,581,3620.4351755084554,-73.61618993985076,-517.6698720212332,3638.483056143733,-91.66407057512833
1620,470,580,3635.566684233367,-56.95265300718711,-535.2829278153166,3654.865033251912,-76.25100202573162
1621,470,556,3653.2716847190545,-0.08930491195678769,-537.6191487670986,3672.944411099235,-19.76203129213718
1627,471,580,3688.4483544185728,-103.59741500454652,-269.0165390932945,3693.2135309927467,-108.36259157872018
1626,471,556,3766.1635232446383,105.2538757022362,-227.84058970576666,3769.7050722742742,101.71232667260028
1624,471,579,3599.256109580638,-119.67649693975432,-329.2817136833761,3606.5306947947115,-126.95108215382743
1625,471,555,3676.9760848812252,95.82008726447384,-288.4890404178276,3682.776679640171,90.0194925055282
1628,472,541,3264.9248584206002,-350.1058640662243,-116.9705876036916,3265.8708074412452,-351.0518130868695
1629,472,542,3276.8269311862387,-314.03897689762266,-121.23015370831737,3277.8498435662386,-315.06188927762287
1630,472,578,3262.9506459637146,-319.2550063831652,-108.18406886474324,3263.7672605340586,-320.07162095350964
1631,472,577,3251.6195813692257,-354.53092995434986,-104.33492226256251,3252.374090840696,-355.28543942581996
1632,473,542,3460.277005834032,-253.500452263851,-122.3653229152439,3461.2846867423386,-254.5081331721576
1633,473,543,3500.1279214063925,-132.74010204457682,-130.33493398330464,3501.2965388898465,-133.90871952803082
1634,473,579,3473.687682365502,-146.07167111839044,-87.93292709046666,3474.2216307932867,-146.60561954617492
1635,473,578,3436.2911423472124,-263.35970390485863,-82.65754535003266,3436.7527681663505,-263.82132972399677
1639,474,579,3658.9974249718675,-88.11793202033891,-61.29925060404984,3659.248107590332,-88.36861463880314
1638,474,555,3737.397357238457,140.7711296644611,-40.45642981712766,3737.511121558177,140.65736534474127
1637,474,544,3694.0703590230078,135.2438705910988,-116.3386039009855,3695.0208870122046,134.29334260190217
1636,474,543,3618.529589734125,-93.66755149642518,-131.96796377437732,3619.702078955231,-94.84004071753179
1640,475,574,3047.90034575586,-356.6608427048277,-287.2384723070975,3053.948088376059,-362.70858532502666
1641,475,577,3052.123846507072,-355.0221764374646,-343.1170590307498,3060.7404666078287,-363.6387965382214
1642,475,576,2871.6539231938114,-414.57381208518336,-343.8020540924849,2880.6215139360675,-423.54140282743924
1643,475,573,2870.9046196948198,-415.06700915891474,-287.6936084565026,2877.1896409691717,-421.3520304332667
1644,476,573,2913.882463645765,-289.9954846586804,-450.8817998319814,2929.6678406309065,-305.7808616438226
1645,476,576,2908.1169638697597,-310.20974688930573,-537.4450585486753,2930.400359700917,-332.49314272046263
1646,476,575,2624.4640000484446,-405.25512025729654,-551.7942419083848,2649.3832254155463,-430.17434562439803
1647,476,572,2613.4569503926796,-389.589530599093,-461.0236448472703,2631.0478405750428,-407.18042078145595
1649,477,575,2728.5270055556566,-179.1196782188788,-722.6633975475382,2772.7567021002733,-223.34937476349592
1650,477,570,2311.7190938260874,-316.3467680256182,-717.1278850186487,2359.762021443149,-364.3896956426795
1648,477,572,2697.0378047907193,-207.76648914520206,-597.9005056853648,2727.4853636904318,-238.21404804491453
1651,477,571,2303.7660245957723,-337.3621804981102,-591.8784072109839,2336.5199043302537,-370.11606023259174
1655,478,574,3014.9662160420226,-419.1578268149781,-99.9824523906616,3015.6937941071974,-419.8854048801529
1654,478,577,3011.654516508314,-433.67042912475904,-122.27416604906594,3012.73904895999,-434.7549615764358
1653,478,541,3083.1438650914274,-410.0935918648513,-116.90837567833549,3084.121736159799,-411.0714629332233
1652,478,540,3088.1537178378194,-394.9122199060878,-94.31061837932592,3088.7920105968037,-395.5505126650719
1656,479,566,2867.1675852269414,-384.01389283862204,-246.4789969902896,2871.832416593623,-388.6787242053035
1657,479,574,2855.442432778453,-420.35571599090144,-295.24882366514026,2862.081696298701,-426.9949795111495
1658,479,573,2699.0187182294653,-472.30043683857707,-308.8370589343992,2706.5199543197887,-479.80167292889996
1659,479,565,2707.0403647786757,-436.9322450536854,-260.011894313374,2712.407060664831,-442.2989409398406
1660,480,565,2753.0997693286395,-328.14549630303736,-397.85951886984816,2765.8898781668804,-340.9356051412781
1661,480,573,2753.450595496299,-344.16324053551284,-473.62389545670857,2771.4502283605025,-362.1628733997168
1662,480,572,2505.8882598888695,-426.2343734581607,-482.0121256908505,2525.565717891015,-445.91183146030653
1663,480,564,2509.7748941544687,-408.5366380842379,-404.8116432982557,2523.7463005619193,-422.50804449168845
1666,481,571,2248.6392964884967,-356.1642981485693,-616.1836701191276,2284.583874548518,-392.1088762085908
1667,481,563,2243.715048096898,-357.9297015831236,-517.543178698623,2269.203943788347,-383.418597274572
1664,481,564,2564.2256753220863,-252.1607886157633,-517.8858584456633,2587.8353694423586,-275.7704827360358
1665,481,572,2567.0391887324877,-251.09377726592822,-615.2265691527854,2600.225903462317,-284.28049199575753
1668,482,539,2895.392828806797,-425.30441359201836,-79.78249845504867,2895.8719698042123,-425.78355458943383
1669,482,540,2883.0909133100836,-462.58294540024053,-94.74952141742932,2883.7616057381674,-463.2536378283244
1670,482,574,2835.1904470851987,-478.61724672601486,-108.21749282119941,2836.073713873243,-479.50051351405887
1671,482,566,2847.446514760268,-441.2279266317976,-93.21958624545151,2848.1069743608664,-441.888386232396
1672,483,593,1677.7123153975651,127.13616381150194,-870.3294655834145,1791.4911353624059,13.357343846661252
1673,483,591,1827.2840495431647,275.68463191700056,-976.0167141824861,1968.008942028573,134.95973943159197
1674,483,550,1470.7082854966839,187.03556790124475,-951.3909555473527,1627.7712313982745,29.972621999654166
1675,483,551,1382.1850713393962,46.35861827809208,-843.6639734686352,1504.2403905159817,-75.6967008984933
1679,484,591,1812.5441476060716,263.1252935080967,-1069.1862873525201,1979.0916066536677,96.57783446050075
1676,484,588,1397.3560578878828,100.12861463985308,-1181.7443746179522,1626.141733126123,-128.65706059838703
1677,484,631,914.7595300241896,-17.074729276058292,-1037.6765345849083,1146.174401151634,-248.4896004035026
1678,484,589,1589.0526853357665,225.75684780993686,-938.1393454254512,1734.8527969727293,79.95673617297405
1682,485,590,1997.0103312431452,-102.69135514323,-1004.7585406057593,2111.020185978838,-216.70120987892278
1683,485,593,2213.91930196536,-78.40651950479628,-902.6639148827312,2299.5802235019914,-164.06744104142808
1680,485,569,2531.7889468462818,34.748744162309436,-939.0276149321909,2617.1525206635324,-50.61482965494156
1681,485,568,2501.969693828155,68.46088303552358,-1041.8974106881712,2608.800886967507,-38.37031010382793
1684,486,570,2486.4353795557786,-16.332779142619188,-784.8558988919144,2546.5244450155005,-76.42184460234103
1685,486,569,2545.2624753891523,65.12403470055665,-990.7773326534067,2640.5514848731896,-30.164974783480375
1686,486,593,1933.6771637677805,-148.377332441646,-929.0784302461306,2032.6211493718945,-247.32131804575988
1687,486,592,1920.370177018108,-204.89590938087565,-757.4495253580657,1985.8423728657997,-270.3681052285672
1688,487,592,2005.4245274186374,56.573270259406854,-795.9937354632875,2083.5704224691162,-21.57262479107203
1689,487,593,2051.0587634626745,209.66018425630898,-952.462061688353,2166.932277194941,93.78667052404239
1690,487,551,1519.29580451724,58.110719470137894,-919.8669461018443,1652.013323804456,-74.60679981707801
1691,487,552,1444.503242007789,-127.67569222565282,-734.8556840114583,1526.1348529990262,-209.3073032168902
1692,488,571,2379.3606044943836,-110.63626230617922,-687.4510415363402,2425.938081676405,-157.21373948820042
1693,488,570,2403.6003529343006,-40.51212067024926,-822.6902943765647,2470.9727787662514,-107.88454650220001
1694,488,592,1960.3623085230752,-188.869592259118,-792.5338772486875,2031.0964912710415,-259.60377500708444
1695,488,587,1932.9112496595042,-259.5164944288374,-658.2655424261155,1981.25547327866,-307.86071804799326
1699,489,553,1563.7178729095308,-169.29957118845527,-662.3763484941704,1624.852925241683,-230.43462352060726
1698,489,552,1595.1635756448939,-78.86325189368642,-800.3666092433542,1685.9099002387463,-169.6095764875388
1697,489,592,2046.9174858381798,69.76051668794719,-832.6355571470206,2131.002934152212,-14.324931626085117
1696,489,587,2012.9197437984099,-20.523885995179853,-696.1435042034924,2070.850055637617,-78.45419783438695
1700,490,568,2729.8261615488263,135.65912702158494,-1000.4751015469499,2822.945240298035,42.540048272376225
1701,490,567,2842.383812323037,319.5826486925207,-1213.0578237555249,2980.6291674316476,181.3372935839102
1702,490,588,2211.197878060177,122.72169918586792,-1172.5729939522344,2364.5260890706786,-30.606511824633344
1703,490,590,1935.4424622592926,-138.61040369448085,-912.9415394516666,2031.4603295226302,-234.6282709578186
1704,491,590,2047.8227725941122,154.55230524031685,-961.2977058358682,2162.856783762256,39.51829407217315
1705,491,588,2142.109263369597,182.56499044253428,-1068.951863028397,2278.4096876109165,46.264566201215075
1706,491,591,1964.6238216639413,122.75148434502125,-1112.881327239185,2119.6754033411557,-32.30009733219322
1707,491,593,1878.6196418728875,96.3578136247121,-1043.987737957198,2020.2480924407298,-45.27063694313006
1711,492,550,1196.1738207235144,155.89439260661345,-868.2411663796958,1353.5339242959622,-1.4657109658340914
1708,492,591,1502.2538455387817,233.2512920694246,-887.1973124592698,1641.943525859709,93.56161174849728
1709,492,589,1721.8940561047154,415.5855652257216,-1015.6785252430429,1896.0917218829354,241.38789944750158
1710,492,549,1314.5511307174688,299.66608880599836,-978.7026009740445,1512.0643582752496,102.1528612482175
1714,493,560,2593.791989649592,157.69835411243287,-1297.5405640155163,2755.796232201821,-4.305888439796718
1715,493,588,2643.0334242497643,249.24375680357525,-1240.6425996392209,2794.231969340958,98.04521171238116
1712,493,567,2801.9476788588913,307.339449854072,-1208.6420750219454,2940.634715278081,168.65241343488265
1713,493,559,2763.1668027280443,216.26837687981595,-1265.5735826034231,2911.7204101748894,67.71476943297125
3630,494,631,2670.174851663565,839.1303392038692,-1678.4579573015235,2996.6213068992647,512.6838839681698
3629,494,560,2670.174851663565,839.1303392038692,-1678.4579573015235,2996.6213068992647,512.6838839681698
3628,494,588,2670.174851663565,839.1303392038692,-1678.4579573015235,2996.6213068992647,512.6838839681698
1716,495,589,1232.384684625403,282.32096376553847,-953.5112903552279,1430.3693274346153,84.33632095632606
1717,495,548,1419.532514929611,669.2766985780627,-1086.9438216586225,1704.7701610893087,384.03905241836503
1718,495,609,1094.623536489696,584.2611567249613,-968.2023595071639,1386.6821403984882,292.2025528161694
1719,495,549,929.1479105704358,223.07003194088804,-846.5567456883348,1127.2904963361989,24.927446175124942
1722,496,587,1952.8070208763643,-250.74722897859078,-695.0569508515549,2006.317251651018,-304.2574597532447
1720,496,563,2309.9974079805625,-167.3210464618304,-595.4182517406058,2345.2720113827118,-202.59564986397982
1721,496,571,2328.8321442244805,-125.79730631043674,-712.2311427562676,2379.453150923349,-176.41831300930517
1723,496,562,1938.2567776688538,-290.24721736115623,-580.4127307582967,1975.428789141309,-327.41922883361144
1726,497,553,1654.5517183538957,-138.64598021193422,-703.8916889527632,1721.153457723023,-205.24771958106135
1725,497,587,2031.4853909175558,-13.804400259199724,-732.2949416998506,2095.057118697998,-77.3761280396418
1724,497,562,2004.5499772102005,-90.7427086634957,-615.2801679540155,2048.7851668300364,-134.97789828333146
1727,497,554,1629.763892403069,-215.0820768390248,-586.6852945485381,1675.2841247462593,-260.6023091822152
1730,498,565,2562.2309016889235,-484.7706575512657,-269.12729155034015,2568.162042837891,-490.701798700233
1731,498,3,2575.9008479403597,-439.44002741110876,-228.56224812263176,2580.2258877572194,-443.765067227969
1728,498,2,2705.334081414146,-396.7270603647594,-212.2326492786578,2708.9599054199193,-400.3528843705326
1729,498,566,2691.2971148511624,-442.0861553263576,-252.7558371928925,2696.386017167629,-447.17505764282396
1732,499,3,2610.738923325633,-344.7722639864576,-342.64994207306285,2620.637133577741,-354.6704742385657
1733,499,565,2601.7281541533134,-378.22002416114344,-406.5824254628353,2615.532673546467,-392.0245435542972
1734,499,564,2397.148580055768,-445.9080534947784,-419.20509599854665,2412.5183054260497,-461.2777788650601
1735,499,4,2405.5567470898122,-412.4823821442785,-354.94099209772605,2416.689255471091,-423.6148905255576
1738,500,563,2185.574368541606,-376.9880268172733,-535.6199672764363,2213.26364221099,-404.6773004866575
1737,500,564,2453.6457438467633,-288.5497629928384,-532.2794906126428,2479.236722200989,-314.14074134706425
1739,500,5,2186.7012482686587,-367.71445739083765,-451.67690310740517,2206.514176124459,-387.527385246638
1736,500,4,2453.1060545162163,-279.80087132914366,-448.120233849783,2471.3540042922377,-298.0488211051654
1740,501,1,2732.163849434437,-430.4806364522308,-65.58574902370724,2732.5038361236143,-430.8206231414083
1741,501,539,2714.132784110927,-485.12022834165555,-79.95505976087996,2714.6322611487885,-485.6197053795174
1742,501,566,2668.5766300290243,-500.3005395117848,-99.41571516939862,2669.3561690557526,-501.08007853851336
1743,501,2,2686.2914560461786,-445.6185262703559,-85.1612337323627,2686.870263842212,-446.1973340663892
1746,502,562,1941.3481618602864,-288.79439164282087,-604.7783955830291,1981.622365550551,-329.06859533308534
1745,502,563,2250.113386178644,-186.7696529190281,-612.9126211344926,2288.061617800584,-224.71788454096827
1744,502,5,2240.665635904447,-208.58522105003465,-515.1892351400443,2267.4643669646953,-235.3839521102832
1747,502,6,1933.296408418771,-310.01706612030773,-507.77807351553554,1961.6716182045889,-338.39227590612563
1748,503,6,1990.6837854079206,-137.1170001302089,-538.573328214045,2024.2346914216573,-170.66790614394574
1749,503,562,2007.6038401972407,-89.15097720884137,-639.5874839496528,2055.2935957159752,-136.84073272757587
1751,503,7,1676.8255959428295,-240.69020265368897,-521.9782818241708,1711.713529494907,-275.57813620576644
1750,503,554,1691.3696629246338,-193.90990460743546,-621.9179976982934,1741.335168739377,-243.8754104221788
1752,504,558,3877.2735588033397,353.15230599058805,-1041.7662628259634,3952.6505198328537,277.7753449610741
1753,504,476,3768.960149962556,214.6854871320022,-1310.3060615056622,3885.8773553583055,97.76828173625245
1754,504,475,2904.0141776364208,-116.34367336587002,-1469.3676623797771,3073.2401225699323,-285.56961829938155
1755,504,559,3005.938315331052,45.016691936624056,-1137.0657828419667,3111.3507216429816,-60.39571437530594
1759,505,558,3875.988485692041,132.22216994368046,-745.902849594068,3912.7800832414114,95.43057239431005
1757,505,477,4126.859665376596,30.62251163813562,-806.9218554595028,4166.2205315489955,-8.73835453426409
1756,505,557,4200.464911193298,262.1273958410884,-670.5890144515116,4228.8066047497805,233.78570228460558
1758,505,476,3695.3778787657407,-258.47879176227957,-975.7495940733658,3754.6881003396356,-317.7890133361743
1760,506,556,3793.88328628485,14.251484839933028,-473.66633158306547,3808.6655287522553,-0.5307576274724397
1762,506,477,4250.080532058967,438.3668311958602,-251.95534477508656,4254.239573780425,434.20778947440203
1763,506,557,4134.913766273567,80.80994194228788,-389.71293036503,4144.257811832701,71.46589638315322
1761,506,599,3977.0149556941833,456.1760451427864,-295.9617156238835,3983.223642612519,449.96735822445044
1764,507,599,3864.6793586746926,384.82197726351285,-252.19612321981901,3869.2427344120097,380.25860152619566
1765,507,598,4245.007087933314,1123.4523382626082,17.700140869995035,4245.032178993195,1123.4272472027283
1766,507,478,4874.459849243678,1056.288062808414,184.27232634660118,4876.6818904643615,1054.0660215877303
1767,507,477,4249.0781489940755,316.66561117337824,-156.36759664218667,4250.631976798331,315.1117833691228
1770,508,598,4238.005169892122,968.7387696286114,73.28700494216056,4238.415836219713,968.3281033010196
1768,508,594,3830.5721882688076,473.20274750412,-166.352894513068,3832.6315625729117,471.1433732000164
1769,508,595,4002.924953661516,956.9892172509079,-67.84043012141703,4003.302649855693,956.6115210567314
1771,508,599,4016.9605614926454,471.32258305914206,-54.340186390431036,4017.168752691282,471.1143918605055
1772,509,555,3746.1838561262116,109.00800554467855,-260.24435221682944,3750.8331130826055,104.3587485882847
1774,509,599,4036.395848763933,493.6849147400453,-86.74645624386508,4036.9267853994743,493.15397810450395
1773,509,594,3884.198808660374,498.75909669896566,-185.12756136439486,3886.727773450685,496.23013190865436
1775,509,556,3901.069026647362,127.27508308646975,-160.96320720985253,3902.7846330928046,125.55947664102723
1776,510,595,3891.916362916025,935.7257123556005,-97.78937922833589,3892.7248483306403,934.9172269409855
1778,510,600,4122.763683057603,1364.9223426138158,67.70259211840222,4123.179130324875,1364.5068953465445
1777,510,596,4030.540494324159,1349.9888704513971,-59.67702274096525,4030.8726000216147,1349.6567647539412
1779,510,598,3955.4370388314283,911.946952596563,3.2788686730737955,3955.4379219439365,911.946069484055
1780,511,598,4005.757124001784,1134.3355042909789,-32.321330799317415,4005.84807505971,1134.2445532330528
1781,511,600,4099.663670218637,1402.015972162784,-4.755168868508103,4099.665765712187,1402.0138766692344
1782,511,479,4082.5758218532296,1290.989449840022,44.951458924444005,4082.7567675973987,1290.8085040958529
1783,511,478,4006.260618983599,1089.3320110836135,8.605511087107818,4006.266965955868,1089.3256641113448
1784,512,596,4008.79026252193,1353.4719880160076,-147.91738435914917,4010.8486414656195,1351.4136090723182
1786,512,601,3943.6893431315607,1378.6366952044734,-171.91254777392567,3946.566556069939,1375.7594822660947
1787,512,600,3932.928993443175,1327.001233400637,-134.83335275418165,3934.671931405859,1325.2582954379523
1785,512,597,4059.764946124987,1419.4068753285837,-192.12902379644555,4063.2554601050165,1415.916361348554
1788,513,600,4074.6058666524227,1775.3954323930961,-163.78223082594906,4077.518896682136,1772.482402363383
1789,513,601,3791.4725147959225,959.6324229269029,-265.3087008958193,3797.6729817476944,953.4319559751311
1790,513,440,3876.6781392592106,1488.539058683544,-314.1726989490209,3886.9665973399797,1478.2506006027754
1791,513,479,4051.60785131506,1966.330940431761,-244.1001482626015,4058.7270676058943,1959.2117241409271
1795,514,601,3783.024930710603,1337.8286088004536,-259.5430045702974,3789.8928758259945,1330.9606636850622
1793,514,527,4181.824961541718,1540.1573860174644,-395.134639141033,4196.519062165426,1525.4632853937567
1792,514,597,4082.6170236348858,1440.1590183981234,-290.278494410371,4090.5650139106974,1432.211028122311
1794,514,440,3985.883749822227,1475.4967861500322,-378.2782155460955,4000.0539979441783,1461.326538028081
1796,515,559,3097.108151629439,335.27518984206154,-1162.8928300775067,3214.5275011707126,217.85584030078803
1797,515,475,3180.3980058747547,781.2515953430486,-1586.7807095463195,3419.0334537044364,542.6161475133665
1798,515,474,1729.2035111238615,365.26301550904077,-1472.1787504517201,2050.6828072472345,43.78371938566738
1799,515,560,1350.7499259378376,-222.01745853901355,-968.9303943279184,1488.0035211026723,-359.2710537038481
1801,516,526,4192.505972024523,1288.1504396576433,-244.9315221983302,4197.66074415865,1282.9956675235164
1802,516,527,4012.07174082957,1228.6071433633088,-271.29621547327,4018.666728703382,1222.0121554894972
1803,516,597,3990.5267125692108,1298.4295032325497,-212.29900519352915,3994.7057046530354,1294.2505111487255
1800,516,602,4205.392270930362,1381.4335372320463,-171.13026881521137,4207.98249396851,1378.8433141938986
1807,517,602,4208.959334409908,1406.1733827823043,-152.19643450095242,4211.02395016379,1404.1087670284226
1805,517,525,4055.76636345854,1135.6351432961342,-62.9399918296282,4056.1054734411537,1135.2960333135209
1804,517,547,4095.1104892987555,1254.859767054362,-83.46720595167992,4095.7235752243587,1254.2466811287584
1806,517,526,4116.368027585314,1155.6336924579696,-102.4411757352257,4117.253876701099,1154.747843342184
1808,518,547,4035.37201399875,1238.7604044698705,-66.23898030782408,4035.76418387572,1238.3682345929
1810,518,597,3981.6425269076426,1332.3915344546726,-119.67231580162913,3982.9933016021696,1331.0407597601459
1811,518,596,3896.00860177753,1210.3661694218822,-49.169730349074186,3896.2336373025064,1210.1411338969065
1809,518,602,4257.441784145631,1401.6276704555294,-160.9378716500692,4259.707378633526,1399.3620759676342
1812,519,546,3886.4644984128986,910.7652262777447,-69.96573282666961,3886.875706582284,910.3540181083599
1813,519,547,3990.0732159279332,1224.7310369293646,-68.30986157138864,3990.495001485893,1224.3092513714048
1814,519,596,4018.7941686225054,1298.5653259154926,36.07997751937505,4018.913800793698,1298.4456937443003
1815,519,595,3895.1558469348,924.2288171727287,31.544309928857427,3895.239576309208,924.1450877983207
1816,520,545,3808.5222086323984,499.74239202778324,-93.96030306247276,3809.1891281551707,499.07547250501125
1819,520,594,3868.8187148546176,503.31523223356453,34.55372459054459,3868.907403547595,503.2265435405868
1817,520,546,3951.2105937130746,932.1314377268027,-69.11409418767352,3951.606089500113,931.7359419397642
1818,520,595,4027.134699617149,971.5855262623987,69.68061899741032,4027.531907884043,971.1883179955046
1820,521,544,3742.6309882191335,151.26887822582034,-117.0392687193287,3743.5842863615608,150.31558008339266
1822,521,594,3919.7755842033953,522.1052575671971,18.08763617117378,3919.7996565995436,522.0811851710484
1821,521,545,3863.62830126104,517.9274025952351,-94.83472814578,3864.300194847083,517.2555090091928
1823,521,555,3796.127377087489,156.59560055041243,-10.280655156760249,3796.1346370639167,156.58834057398485
1824,522,560,1709.202143888421,417.3806950089792,-1379.0847849827596,2008.1032393308292,118.47959956657076
1826,522,473,1661.5017656954426,810.4393956497977,-1314.3521917457947,2018.8864193255822,453.05474201965797
1825,522,474,1892.6388488778114,886.7146330999793,-1475.3273059981907,2282.4916977005487,496.861784277242
1827,522,561,1474.1019973559714,318.12536110085966,-1217.0201765201161,1735.3722945587465,56.85506389808461
1828,523,561,1509.4489040609265,700.4014550326399,-950.336506845089,1728.963890489803,480.8864686037631
1831,523,548,993.8609720974071,527.5633093364402,-896.4061456735715,1265.9292941019035,255.4949873319439
1829,523,473,1616.1592700132878,863.8843359773905,-1120.8472885722408,1914.9692492232766,565.0743567674017
1830,523,472,1180.970719856024,720.2721144254936,-1078.1640399933033,1536.8553512874264,364.38748299409133
1832,524,618,961.466546841531,104.44423400905322,-318.1809094736544,990.0457359386849,75.86504491189925
1834,524,622,681.5528794673953,66.04208786363358,-345.394026598333,726.6963956043653,20.898571726663533
1833,524,619,933.435630515394,153.38588269856925,-378.14931915670104,976.8489057839341,109.97260743002914
1835,524,621,762.5984746864671,6.066873567569246,-260.4194054195863,784.3821492580993,-15.716801004062972
1836,525,621,757.3712830310069,127.47287514548194,-286.2980291449936,788.3767602782186,96.46739789827018
1837,525,622,732.843545596528,133.58443494919914,-309.92547948947157,770.543682314124,95.88429823160317
1838,525,535,646.253496660772,101.77830816702652,-298.13491168525434,684.393759408754,63.638045419044545
1839,525,536,677.153561192629,96.39763315531454,-272.5042121824673,707.5309531727726,66.02024117517107
1840,526,622,786.4992656194563,142.3526900835145,-297.3835443659819,819.1659471368603,109.68600856611062
1842,526,534,649.0884376488103,104.51936824053773,-319.55323653368487,692.505400539849,61.10240534949895
1843,526,535,689.4347886969744,108.49010642404372,-287.41590489348596,723.0398404186571,74.88505470236095
1841,526,623,764.2962068646442,145.5923825142011,-334.54661480404803,806.6244973390429,103.26409203980234
1844,527,623,836.5689241596348,170.01235592838168,-342.24327100364707,877.933174735246,128.64810535277053
1845,527,620,742.7021037164138,175.79848268831142,-345.4241966020459,791.1755826625599,127.32500374216528
1846,527,533,662.7968443843818,130.89395952736203,-319.22910144116844,707.017893533605,86.6729103781388
1847,527,534,681.8675652260899,97.24530437392133,-299.74747890479415,718.0498666193043,61.06300298070681
1851,528,622,752.426563005807,86.41901626940324,-326.79114446509845,790.3535461173867,48.49203315782353
1849,528,620,824.4195272692032,139.0932659138406,-357.93614335652376,868.3409175000357,95.17187568300801
1848,528,619,808.103290696599,106.30811440743301,-337.88973984049585,846.655938702997,67.75546640103494
1850,528,623,746.4878451215411,141.94267845217604,-361.52016623721477,796.4125392960245,92.01798427769268
1852,529,11,810.1663301849111,51.99785067045036,-145.88917059849913,817.1206550255675,45.04352582979391
1854,529,538,305.46233228605297,-42.897105696872316,-212.7589671069394,335.3785932379685,-72.81336664878782
1853,529,624,828.6833279075144,114.90028601055121,-233.12120000239398,847.2354527936101,96.34816112445549
1855,529,12,422.4682493141017,-75.94251601691673,-114.17569806967474,428.9234722507995,-82.39773895361455
1856,530,624,782.3063774777647,113.21443853550613,-195.72554299950158,796.3262235063631,99.19459250690772
1857,530,625,815.735116901901,140.91434240933515,-275.10838986745074,842.6966906591398,113.95276865209644
1858,530,537,468.10760098129305,25.01816740165239,-260.27833811753936,503.5030812428269,-10.377312859881442
1859,530,538,544.8606597334553,37.04295253223131,-199.68027750445577,563.7846473430634,18.118964922623263
1860,531,625,822.4309542360276,140.67623519891345,-255.9943142576338,845.6698487702149,117.43734066472615
1862,531,536,595.076036627931,80.69435228397572,-276.8639945762868,629.9648876397071,45.805501272199706
1863,531,537,636.9702840740724,78.1583019668119,-242.6886965727234,662.1823468151954,52.94623922568894
1861,531,621,720.2365000632976,127.79007895502582,-296.7905961319247,755.3278756038367,92.69870341448683
1864,532,10,986.3471694714374,-9.902304698661794,-265.68602814161534,1003.7566408376472,-27.311776064871538
1865,532,618,1017.1537655710097,49.93006686043702,-316.7880079090126,1042.4319645813603,24.651867850086433
1866,532,624,791.2640213524745,8.185490496579632,-319.4420500415079,822.588566394916,-23.13905454586188
1867,532,11,763.0901235856693,-83.57712984096531,-237.49427774123893,779.4293781104475,-99.91638436574357
1871,533,624,789.4774775674649,54.12992854606827,-279.41069345377724,815.1249310206588,28.482475092874495
1869,533,621,777.0592971811196,50.47512118450834,-285.65726897902573,804.1275043362882,23.40691402933976
1868,533,618,780.9411684910406,47.404715256388954,-283.96650896400075,807.4644070866259,20.88147666080357
1870,533,625,794.9193120317047,75.09040610859782,-275.46990675469476,820.3739429786485,49.63577516165407
1872,534,620,786.2757377482686,157.50753520345123,-329.7481106436514,826.885745231378,116.89752772034188
1873,534,617,766.5516546329085,190.40009571812166,-364.47374282050964,819.3540528451666,137.5976975058635
1875,534,533,646.0196750272097,89.20069121050204,-291.13153501058423,681.7777146272415,53.44265161047019
1874,534,532,596.4129715307334,126.73732232721635,-335.7689397849775,650.2514346541157,72.89885920383409
1876,535,610,1158.0617290182174,46.59298049759019,-393.4836434140848,1191.8594057467435,12.795303769063935
1877,535,611,1182.5072988819045,165.54353601018653,-481.7461155441274,1236.6742010660005,111.37663382609048
1879,535,618,898.7379734894652,-41.425140750537935,-351.74805047119605,930.561131526571,-73.2482987876437
1878,535,619,871.0233480684027,60.50416494960896,-432.13609993833575,925.0248356005918,6.502677417419818
1881,536,612,1058.9542533427948,210.30474415763916,-489.3883606786395,1124.4526701620878,144.8063273383462
1882,536,620,854.2237395823438,143.59382268678343,-455.19209337133503,920.8669309121124,76.95063135701474
1883,536,619,798.600210060768,34.36112095596371,-384.0769049880779,844.1418790468869,-11.180548030155137
1880,536,611,1033.7576804363357,113.83860739180471,-425.29073926339595,1080.533605929093,67.06268189904733
1884,537,612,882.8918364996606,153.76061446136993,-426.17010502665784,940.5978493701284,96.05460159090217
1886,537,617,689.6200708746153,180.8294123895897,-457.01447913279844,777.1787474203988,93.27073584380611
1887,537,620,716.0608488011832,99.38606486962789,-398.84056786102013,774.9296617491881,40.517251921622915
1885,537,613,917.025520470451,239.08342409268175,-483.2573988602132,994.3305824519148,161.7783621112181
1888,538,9,1230.4869290181239,-19.16307642378723,-366.3309809082012,1256.78087158945,-45.45701899511346
1889,538,610,1265.2420914035,85.19560146934163,-446.9280041658138,1306.1416545741447,44.296038298696885
1890,538,618,1022.8338441160572,3.0449412269069285,-409.9669322137418,1062.4942789122933,-36.61549356932903
1891,538,10,969.51570221576,-105.28358126856733,-328.4272793043373,994.045321495318,-129.81320054812534
1895,539,532,608.0638157523078,118.11139537541222,-301.24231951094896,650.6638168964018,75.51139423131826
1893,539,628,683.2282004948262,183.15740200640815,-339.3976774793588,735.377176665374,131.0084258358603
1892,539,617,673.1361975509358,143.84425800555695,-316.1102454267926,716.7416043086262,100.23885124786659
1894,539,531,591.6845320874658,145.87059061597458,-317.83649621169053,642.5338894678343,95.02123323560608
1896,540,628,634.6373242252713,147.3516906299323,-290.1169097370681,674.5501060426693,107.4389088125343
1897,540,627,612.333086952025,218.47813904659876,-325.71998676160575,670.9517095091034,159.8595164895204
1898,540,530,486.04966333041466,149.0774705581623,-284.63451180605324,538.1123506707071,97.01478321786988
1899,540,531,510.6858023845985,95.74526645031335,-258.2776847281419,547.5938327532335,58.837236081678384
1901,541,626,655.4009383808152,225.19857556028347,-417.91582069392734,740.1862797431838,140.41323419791485
1902,541,627,535.0499081601116,174.00928788618506,-391.98175974362226,620.9878637325687,88.07133231372785
1903,541,628,557.0413519694927,154.393456272584,-366.7926540898772,628.0509216154173,83.38388662665932
1900,541,629,672.3452220571993,194.0204900710855,-381.91207896819515,739.2267194609587,127.13899266732614
1907,542,629,641.744834747341,74.7565546730431,-379.8011880728099,699.4708040982264,17.03058532215772
1905,542,614,804.1100793452102,266.31845157587225,-528.3079567629343,912.1523015081855,158.276229412897
1904,542,613,858.2606398421577,234.66498729130274,-489.5771901356673,942.8708618520362,150.05476528142424
1906,542,626,594.8093270611662,182.77393410342202,-487.811069563819,708.0614242673685,69.52183689721977
1908,543,613,695.3904861774516,200.7489576901803,-415.28999358248603,771.0000629030277,125.13938096460424
1910,543,628,679.2970230015778,200.76629427926753,-419.8858378395159,758.3458804204499,121.71743686039542
1911,543,617,678.3587427364663,195.9031456616193,-414.43435274776846,755.1400776709877,119.12181072709797
1909,543,629,712.3840703764661,212.0863506041695,-423.789488526829,790.0672326431235,134.40318833751212
1912,544,615,476.28764445699886,146.9638464087033,-249.72448081315423,518.2754975972041,104.97599326849814
1913,544,616,461.4451631043598,219.60824468566824,-306.9555964536133,535.9153123810529,145.13809540897512
1914,544,528,169.21783328440617,119.57386735683588,-259.5258049759546,276.51148792782766,12.280212713414414
1915,544,529,227.9996312661263,55.19805632232881,-204.22949457861802,275.3617597676903,7.835927820764795
1918,545,468,-35.12280613250321,80.91967742995595,-215.7125272234433,145.37062881157084,-99.5737575141181
1917,545,469,315.1493554135153,196.50949074014207,-234.71875085655356,387.3287667000738,124.33007945358355
1916,545,616,355.6778846491883,172.07720124357297,-149.92867001137623,382.39739048086443,145.35769541189683
1919,545,528,68.38351758669091,76.01018874981293,-131.44087329736698,138.0278285639668,6.365877772537033
1920,546,604,1296.6460248327394,87.26460278894774,-543.9307000909868,1354.9907635580903,28.919864063596833
1923,546,611,982.7739459072644,-20.13235982231896,-493.67460360790386,1040.23395094797,-77.59236486302461
1922,546,612,1015.3473003134658,109.04507307902585,-590.9971567127894,1103.1817147680945,21.210658624397183
1921,546,605,1345.7231664999422,222.43575163846359,-644.1662918166935,1431.5215081938818,136.63740994452394
1924,547,603,1403.8091558456151,19.7461119457937,-502.1041059660112,1447.9398175748795,-24.384549783470675
1926,547,611,1127.5424131069826,32.23045212777248,-551.68855009167,1193.0887948450463,-33.315929610291164
1925,547,604,1436.108746294056,137.53837287930776,-597.724816626946,1501.5892504116953,72.05786876166826
1927,547,610,1106.1869159858877,-78.86111484533808,-460.22279801368023,1149.30113478619,-121.97533364564038
1928,548,8,1474.849299946289,-41.01613474246881,-453.33478078093873,1508.0171513587904,-74.1839861549704
1930,548,610,1224.3805808456707,-39.384744130835884,-510.429101850069,1273.9743788144979,-88.97854209966329
1929,548,603,1502.599035254747,52.73608369880981,-543.4761254072827,1551.8556627795556,3.479456174001257
1931,548,9,1192.7687535944303,-134.10271503858218,-420.15048240852104,1225.2342913956795,-166.5682528398312
1932,549,606,1050.0717294076549,218.94170464403686,-601.3395818850302,1147.436149502974,121.57728454871767
1933,549,607,1115.0441498119487,367.40011144073407,-698.4757046890268,1252.798106937009,229.64615431567375
1934,549,614,665.7090391114023,215.94154410366133,-619.9262697875721,823.7741718573218,57.8764113577418
1935,549,613,766.5252113164894,113.96622154303915,-545.4011686913638,865.4796726068466,15.011760252681881
1936,550,605,1190.5850571716944,165.30599344906136,-575.173745255036,1265.7426832948872,90.14836732586866
1938,550,613,911.3376000739959,178.08450353807538,-617.5959566898857,1024.055622365464,65.36648124660724
1939,550,612,859.7342810103842,51.834695755564326,-522.8620152439031,936.9514102613972,-25.38243349544871
1937,550,606,1226.0989122608573,292.9811229167011,-672.9014932580685,1334.758503996219,184.32153118133942
1940,551,630,465.807913435226,282.5422356971476,-377.56531773071504,584.0213741463158,164.32877498605782
1941,551,470,481.46605737223524,357.2478923001464,-442.3279512454512,649.0764608331752,189.63748883920638
1942,551,469,240.06374922196306,277.5851306105566,-410.3442809804028,464.85252234353,52.79635748898971
1943,551,616,257.0309695505763,206.18981990973947,-343.18270611723136,405.0745064901614,58.146282970154374
1947,552,615,380.3016697670644,179.89377887611684,-420.055631317058,512.8046516639723,47.39079697920894
1945,552,630,682.8475640944623,401.931982220808,-559.289169699645,855.3266435815003,229.45290273376986
1944,552,608,653.9472157022259,292.55375227200886,-479.3275073451523,773.4004859477222,173.10048202651245
1946,552,616,360.26264044498754,282.0460949124324,-499.1872743999293,573.7933209885057,68.51541436891421
1948,553,548,920.8409963987806,559.267066903222,-788.540196456884,1173.7968551994493,306.3112081025533
1949,553,472,1019.0347636376221,704.8493026714614,-868.5688465334878,1323.765685929882,400.1183803792014
1950,553,471,797.4860506838693,631.7382273967229,-822.3198046318081,1134.0409774664713,295.183300614121
1951,553,609,728.3594710632142,502.9195578218649,-752.1310920207661,1008.2348321892675,223.04419669581148
1953,554,561,2494.5265187574,1051.6609004631473,-1447.413392434626,2794.96291859139,751.2245006291574
1954,554,548,1504.6268653364634,713.0330847129989,-1216.7160977916244,1834.6086561919012,383.05129385756095
1955,554,589,1178.1449290148,146.72010828173126,-927.0991036203109,1355.8569753769398,-30.99193808040843
1952,554,631,1918.9035493693812,222.54024957340232,-1016.3277217987368,2059.480019917352,81.96377902543134
1959,555,608,624.6847144538878,247.71688242130568,-643.0650825867865,808.9062608438028,63.49533603139071
1957,555,609,1003.3332986575842,532.2738525395911,-803.4490297963741,1233.4824738905668,302.1246773066087
1956,555,549,896.8791402431683,329.538412210502,-705.5492069213735,1065.8883497311008,160.52920272256966
1958,555,630,676.7099370451493,428.1599680252165,-725.9184083530955,936.0801736333028,168.78973143706304
1960,556,550,1137.0535017025297,239.98904684551854,-756.2095800212435,1275.1594858413862,101.88306270666203
1962,556,608,946.4605707637552,335.49069350787437,-791.4313018700266,1140.8875485005258,141.06371577110372
1963,556,607,840.0866809635148,157.9814318781733,-698.4058094424857,987.1524451066191,10.915667735069064
1961,556,549,1260.6743609164923,430.76254602905226,-856.7426285464846,1442.1162972101774,249.32060973536738
1964,557,551,1387.804886699549,199.17519476306865,-744.8584247878294,1494.855604743832,92.12447671878567
1965,557,550,1470.0077222275063,325.44660278290416,-848.0962319333632,1609.9924527524295,185.4618722579811
1966,557,607,1082.4379333391878,209.5568872132873,-809.6429501629948,1241.2794920312836,50.715328521191736
1967,557,606,1020.6467286446418,78.34966479060199,-698.1085844917048,1135.8597217789438,-36.86332834369989
1970,558,604,1373.1143344571133,-42.566000945810515,-651.6112003609948,1444.4962096424065,-113.94787613110373
1968,558,554,1692.6406708611826,-24.618905661921872,-580.1619373237363,1740.3177189800506,-72.29595378078989
1969,558,553,1725.3155956743094,75.63523540559811,-690.0594262610867,1794.5709505400014,6.379880539906026
1971,558,603,1348.519909465254,-139.61122686686542,-543.1877351361306,1396.5381743818175,-187.629491783429
1972,559,553,1633.660175375674,43.14575338149598,-648.5155747991705,1697.226080236643,-20.420151479472906
1974,559,605,1291.4559289136023,48.128583630239746,-715.5828668213151,1387.0651692586002,-47.48065671475831
1973,559,552,1679.5968200572227,178.18376860567116,-766.9803096082195,1771.8760513872496,85.90453727564432
1975,559,604,1240.7716992160406,-89.24996388627346,-595.7852296947912,1304.4442118281627,-152.92247649839567
1976,560,552,1525.2292856246277,124.70265034225588,-702.4083632904803,1608.3643923110271,41.56754365585641
1978,560,606,1164.4218672702498,125.28809144318336,-768.9320867923037,1291.201550122622,-1.4915914091890272
1977,560,551,1579.1222994393995,261.7609891468392,-821.4542444580316,1696.6870786748373,144.19620991140152
1979,560,605,1128.3985724375639,-8.261942059702903,-649.9182311922231,1214.742056920875,-94.60542654301412
1980,561,7,1727.30076036128,-87.87678402106258,-516.5756277480982,1763.337959730511,-123.91398339029365
1981,561,554,1754.4969698976001,-2.7857592368742417,-615.3975013299645,1806.8170270280439,-55.10581636731797
1982,561,603,1449.2233249287005,-104.7277506359876,-584.2951044169071,1502.3328301230108,-157.83725583029775
1983,561,8,1425.3268890525185,-187.52816155295386,-487.31155450782506,1461.3324420148178,-223.53371451525322
1984,562,609,630.2844789636645,419.6188826033625,-579.5329199453558,833.2690492491222,216.63431231790463
1986,562,470,491.8111407663181,456.51652780451894,-605.1962346710654,777.2761039827035,171.0515645881335
1987,562,630,470.24216948037554,368.16661810999517,-551.0071819935014,699.3955485431479,139.01323904722284
1985,562,471,687.3462500875644,521.0431138805302,-641.0769282050125,935.3428214130157,273.0465425550789
1988,563,607,800.3927235131572,258.8565326916897,-583.938333674185,927.8222622941678,131.4269939106792
1989,563,608,805.7831488176466,260.9313774490105,-591.9550422482216,935.6240355638372,131.09049070281998
1990,563,632,764.0728211855137,247.5231275785889,-601.3760922323379,902.1806147291171,109.41533403498545
1991,563,614,759.7097539655035,245.4232385645977,-583.5349014857801,891.4763833774848,113.6566091526164
1994,564,615,431.0119865233937,238.65563970974802,-499.7002442366972,602.5562898764174,67.11133635672428
1993,564,608,680.704171579055,346.08584996495864,-562.1784351018396,840.5089106805051,186.28111086350856
1992,564,632,880.9875946829285,331.86185997508557,-553.3266099226546,996.2033214587148,216.6461331992993
1995,564,634,426.01636205680546,80.42163024341582,-406.7750213232119,520.0998856072185,-13.661893306997285
1996,565,614,732.53567462486,222.76660731754276,-487.48619452572404,830.3221249763163,124.98015696608638
1997,565,632,784.5506153829116,334.809635304974,-563.2852254156873,920.081704951006,199.27854573687955
1999,565,626,566.3851058992275,153.5279143906384,-450.08487505308517,665.3363782321692,54.5766420576968
1998,565,634,534.0922649255426,203.90134959159383,-488.08550201826694,663.6379015790544,74.35571293808198
2000,566,626,647.8030973439871,192.40355839586798,-382.4418378503159,717.4459330463834,122.76072269347173
2001,566,634,632.1117343988669,226.70519897027282,-402.5748698528001,715.0747863676991,143.74214700144074
2002,566,633,512.9087489141036,186.01148194931582,-378.93350361506396,599.6862248363018,99.23400602711769
2003,566,627,533.1911937693658,137.07751578225148,-350.2158766508981,599.5002026773655,70.76850687425173
2006,567,529,487.77446763654365,171.45859831592213,-328.6072778559742,557.6727060147925,101.56035993767316
2005,567,615,490.59988786002134,172.00239997695425,-327.2274401165903,559.6551217963965,102.94716604057908
2004,567,634,492.35422674510676,176.08714956513245,-326.113486998681,561.363193265019,107.07818304522019
2007,567,633,487.2453601344741,174.55457964934683,-328.6461827647485,557.716987356561,104.08295242725984
2009,568,633,549.5257104450815,319.62876287639943,-369.316476030273,652.0900328181256,217.06444050335543
2010,568,529,315.94468038623,105.7608127342218,-246.11199369866026,372.67701209500774,49.02848102544411
2011,568,530,354.26006985096484,34.55164294815796,-206.536293134878,384.7152877308565,4.0964250682663135
2008,568,627,606.9944313699399,169.9677829349794,-285.85257240351694,649.5864425020089,127.37577180291032
3631,569,631,2655.512988097744,772.0129698941776,-1704.1777268643013,2983.782077603656,443.7438803882653
3632,569,560,2655.512988097744,772.0129698941776,-1704.1777268643013,2983.782077603656,443.7438803882653
3633,569,561,2655.512988097744,772.0129698941776,-1704.1777268643013,2983.782077603656,443.7438803882653
2014,570,871,5461.547575274675,-11.140285030382756,-12.885798474104448,5461.5551603762015,-11.147870131909713
2013,570,898,5551.243437819381,18.502330347943143,-20.694137274816136,5551.262788346157,18.482979821166737
2012,570,900,5544.510822840359,-3.418919308817749,7.981905407485203,5544.513693766268,-3.4217902347272684
2015,570,872,5454.559510333873,-33.13727537584123,15.800102691536951,5454.570883171033,-33.1486482130008
2018,571,898,5552.434482081448,23.571028606696473,-48.27456516837123,5552.539855873334,23.465654814810932
2016,571,899,5548.339511112036,14.589024097005222,-51.73361283091945,5548.460419536957,14.468115672084423
2017,571,897,5551.192951276915,23.208470459718228,-51.30823292433708,5551.312003622354,23.089418114278942
2019,571,900,5549.584089489776,14.95467833429484,-48.694353370768894,5549.691192151496,14.847575672574749
2021,572,899,5579.440463087836,25.505736320304777,-95.89976038179644,5579.854407394627,25.09179201351435
2020,572,886,5581.865215791009,34.9505841378234,-112.65336281053446,5582.437131560611,34.37866836822059
2023,572,885,5634.602388853118,52.39970056563311,-116.15817705609051,5635.206597557894,51.7954918608566
2022,572,900,5632.002014325386,42.901476041103706,-99.40198629244632,5632.4439447219365,42.459545644553145
2025,573,900,5627.651114918581,24.241563007896275,-42.655046956266986,5627.73228990037,24.16038802610683
2024,573,885,5616.055816747554,-14.864799541212506,-1.6216256754765763,5616.055933498879,-14.864916292537146
2027,573,873,5487.513673264681,-57.336502139858794,12.30302957099752,5487.520497811131,-57.343326686308956
2026,573,872,5499.817609268612,-18.004585880105424,-28.79747281316153,5499.855182461627,-18.042159073121184
2029,574,893,5510.972485619141,46.34301771450146,-67.90267388679081,5511.183414611852,46.13208872179075
2028,574,892,5521.839898994912,80.41449831447039,-84.63426287737472,5522.168972940006,80.08542436937614
2030,574,897,5564.026288957705,64.06927991517409,-80.109116255844,5564.31797897294,63.7775898999389
2031,574,899,5574.893747356591,98.14878695713446,-96.84446102057642,5575.321835420789,97.72069889293698
2032,575,887,5506.720840099698,124.57197707668752,-157.47113907719955,5507.8724180171075,123.42039915927762
2035,575,886,5621.35197981448,162.70912983438666,-176.90345257003807,5622.784873468368,161.27623618049893
2034,575,899,5605.10624754805,108.94194307278372,-140.82517516907035,5606.008170916781,108.04001970405398
2033,575,892,5491.027839836652,70.93798116766038,-121.4516258858756,5491.708116672858,70.25770433145499
2039,576,871,5446.130288116733,-16.384393772696967,15.31088919155547,5446.141016823248,-16.39512247921175
2037,576,896,5511.020687645656,13.624688806636186,-7.856328179216944,5511.0234945137145,13.62188193857719
2036,576,898,5508.149666914864,4.100821200912151,11.875958310628018,5508.156073027236,4.094415088539336
2038,576,870,5449.100379978459,-6.833242799368463,-4.414467425750721,5449.1012729291815,-6.834135750089899
2043,577,898,5509.335550042259,8.843125812957624,-15.653686811335929,5509.346687109441,8.831988745775561
2041,577,895,5528.136008761054,17.99606922175144,-22.494787780463167,5528.158967042264,17.973110940541574
2040,577,897,5527.143983021304,14.737969622624178,-16.851572052430182,5527.156861917401,14.725090726527014
2042,577,896,5510.333831437697,12.103926449560504,-21.298523100777714,5510.354457411528,12.083300475729175
2045,578,894,5516.631625555297,31.20602739114929,-33.58221935219443,5516.683023339731,31.15462960671539
2044,578,893,5522.637836319381,49.67141057011122,-39.1031296795015,5522.707681222426,49.60156566706655
2046,578,895,5534.183574149884,37.11152926468162,-40.160949239742266,5534.256925941017,37.038177473549695
2047,578,897,5540.197834315411,55.58450183845662,-45.68584711941392,5540.292971396926,55.489364756941086
2049,579,879,5492.0690060884945,9.315345501659976,0.21356279149034138,5492.069008168155,9.315343421999387
2048,579,896,5491.481301682934,7.016202464711341,14.588985044984941,5491.491003545571,7.006500602074084
2051,579,870,5446.238512378638,-7.919887212791991,15.463931234259473,5446.249473404663,-7.930848238816452
2050,579,869,5446.891953316019,-5.601401480140112,1.103334288297363,5446.892009132067,-5.601457296188983
2053,580,878,5513.124554967948,12.46594791370103,-5.936110580955743,5513.126156476108,12.464346405541164
2052,580,895,5513.304477821924,12.74681075899639,1.2114368652578853,5513.304544523309,12.746744057611522
2055,580,896,5490.757901655049,5.307759381952565,1.1659941639221083,5490.757963616344,5.30769742065786
2054,580,879,5490.580436218309,5.02764419262212,-5.983585948866131,5490.5820679267035,5.0260124842279765
2058,581,878,5515.3459071136995,19.594264448900276,-16.65689777114739,5515.358528299309,19.58164326329097
2057,581,877,5515.8929275715145,19.707246135146534,-12.334018609658685,5515.899847271483,19.70032643517834
2056,581,894,5519.925766319114,31.92122445045834,-12.133814616249754,5519.9324731866145,31.914517582958524
2059,581,895,5519.381477216108,31.816553489664557,-16.45666520856788,5519.393815166759,31.804215539013512
2060,582,888,5468.540186580395,228.5123683950087,-129.4074358455734,5469.339024509551,227.71353046585364
2062,582,892,5518.443644447238,157.1755909264291,-139.76535692790657,5519.354391539211,156.26484383445631
2063,582,887,5549.667234552403,256.08240593333267,-164.75812758255893,5550.948911841822,254.80072864391377
2061,582,889,5436.734178582924,129.5177500517184,-104.17508200416046,5437.245341200269,129.0065874343736
2065,583,890,5473.213541027663,82.73490765279712,-62.62857839554364,5473.39544539747,82.55300328299018
2067,583,892,5549.94195291321,166.85389080284176,-103.31060831529261,5550.437583816298,166.3582598997541
2066,583,893,5528.773232649973,101.51434742230163,-85.89970284078831,5529.113104814347,101.17447525792659
2064,583,889,5494.387568644762,148.06747007821173,-80.0404182572361,5494.687125606335,147.76791311663828
2071,584,893,5540.5618239892065,104.85136644516729,-57.148483630501666,5540.71202785685,104.70116257752397
2068,584,890,5511.3189298250845,94.90593700615614,-41.71674275035398,5511.399253316875,94.82561351436561
2070,584,894,5526.383106027686,61.444902941578675,-47.98434416103029,5526.488434433182,61.33957453608264
2069,584,891,5497.1501972254455,51.52479325132231,-32.55882830958392,5497.198863253161,51.476127223606
2072,585,891,5518.836296658359,58.39939432473852,-16.76610332290835,5518.849166578986,58.38652440411124
2073,585,876,5509.777655634295,30.82813513799192,-13.37117525988079,5509.785813587793,30.819977184493837
2074,585,877,5520.665927808492,34.574242577675705,-23.153979563152543,5520.690357968113,34.549812418053534
2075,585,894,5529.729591938118,62.16778983242807,-26.54943229343028,5529.761821486938,62.13556028360699
2076,586,884,5516.689286221177,82.86352342956002,-11.212672648562583,5516.69507053869,82.8577391120466
2077,586,875,5503.337516968602,42.309554728694366,-7.655521295101384,5503.340199933143,42.306871764153584
2078,586,876,5514.791075869343,46.326288718157684,-22.047234790241554,5514.813297763676,46.30406682382454
2079,586,891,5528.1458542416285,86.92212567644287,-25.593126407680117,5528.175948781445,86.89203113662688
2083,587,890,5526.516725100691,141.30635694702164,-48.812640666317044,5526.62733475138,141.19574729633223
2080,587,883,5502.481564045282,132.8993750405309,-27.06646460756004,5502.515672325361,132.86526676045105
2081,587,884,5482.367417143781,71.70110394763879,-19.587439718069785,5482.385144467712,71.68337662370777
2082,587,891,5506.426186571083,80.06109923949703,-41.36590941458301,5506.505019895758,79.98226591482262
2084,588,882,5475.25744819774,203.35065931994131,-51.05671382508173,5475.381062243345,203.22704527433643
2085,588,883,5446.109057060758,114.53825991864414,-37.93871836290912,5446.1765478709585,114.47076910844271
2086,588,890,5488.3838493367275,129.1822917743034,-69.67593069661696,5488.610307053139,128.95583405789193
2087,588,889,5517.41230548769,218.0286393221079,-82.69548060100615,5517.734896126702,217.70604868309556
2088,589,881,5427.611154471377,286.16672093301645,-88.0947935402148,5427.988486329762,285.7893890746309
2089,589,882,5391.789069909191,176.20400798352193,-67.15041021714977,5392.0052005392645,175.98787735344922
2090,589,889,5459.764502025816,199.59319023715443,-106.69201751251344,5460.305454753723,199.05223750924824
2091,589,888,5495.320204047673,309.50268459451763,-127.48148687844362,5496.103546063514,308.7193425786768
2094,590,904,5454.949817498833,277.46849611464927,-314.3032358952339,5459.715439687907,272.70287392557566
2095,590,444,5495.703474455722,408.68993933190154,-322.47294238649147,5500.808853980161,403.5845598074634
2092,590,711,5457.259520403799,393.9634525083636,-274.79042976453616,5460.985070933109,390.2379019790542
2093,590,902,5415.008789526642,263.0347620002474,-264.44636342103746,5418.400007984979,259.6435435419103
2096,591,444,5154.5300876308875,-496.89646286601396,-542.2308933483772,5167.5064923828195,-509.87286761794576
2097,591,904,5429.719840250825,237.1878768743693,-370.4109459016532,5436.317303863268,230.5904132619262
2098,591,903,5889.20908820566,385.3044999428305,-125.86463639267237,5889.928569976472,384.58501817201795
2099,591,445,5630.626846219039,-339.784532531924,-288.7027367289245,5634.114905863092,-343.27259217597657
2100,592,904,5464.958987406723,247.12317971265247,-252.24078186387482,5468.005666401965,244.07650071741
2101,592,887,5422.805286577319,97.25052861974586,-180.34321338702946,5424.331623141268,95.72419205579672
2102,592,886,5653.8605580196845,174.3600008848705,-234.34638627375244,5656.365035323817,171.85552358073846
2103,592,903,5696.571845842332,324.3242440802469,-306.3311065511749,5700.935131042514,319.9609588800654
2107,593,904,5482.442081852981,283.5753494725493,-196.70780765291508,5484.30210850812,281.71532281740974
2106,593,887,5465.40652016165,228.7834532996767,-186.82963166884136,5467.072393868959,227.1175795923682
2105,593,888,5431.372581361431,217.10117951252255,-166.88407292955188,5432.707531313508,215.76622956044548
2104,593,902,5448.713792202735,271.94960139108616,-176.94147862204048,5450.225313054475,270.4380805393457
2111,594,446,5933.344816273392,713.9104376660848,-228.21773918714192,5935.838308034128,711.4169459053478
2109,594,903,5804.486973330479,95.0281725707739,-43.83096432700923,5804.571093612102,94.94405228915002
2108,594,445,6022.052594355369,743.1840044331375,-4.639143837997691,6022.053613591359,743.1829851971484
2110,594,901,5718.123873024242,68.20997581748725,-262.9856061624348,5721.182504067599,65.15134477412948
2112,595,903,5607.909421425465,31.534464068334728,-223.14902593578634,5610.140959347087,29.302926146713162
2113,595,886,5618.015871658259,47.661552072849645,-170.91579426284224,5619.326620257242,46.35080347386702
2114,595,885,5778.373699868485,100.51302403764794,-166.2244990430786,5779.590032383501,99.29669152263159
2115,595,901,5770.633049165379,85.19463893661373,-218.2709269604105,5772.72719970637,83.10048839562296
2118,596,888,5458.254049159016,298.2127123748678,-164.55497174020627,5459.565640281666,296.9011212522182
2116,596,880,5341.91646102826,378.15089400060015,-163.90559286201562,5343.269150027099,376.7982050017604
2117,596,881,5299.085817228159,244.45302851640417,-115.31310113797316,5299.743401180505,243.79544456405756
2119,596,902,5498.648811960442,431.3209380778469,-212.46296580128964,5500.874871315542,429.09487872274667
2123,597,711,5575.036961093573,785.2208446383349,-409.45569924595236,5583.771575930075,776.4862298018329
2120,597,712,5207.007510700249,659.4476288007197,-275.3588700587607,5211.172004256192,655.2831352447774
2121,597,880,5090.566889530416,295.22185811619306,-163.49020722444396,5091.959974123105,293.8287735235044
2122,597,902,5464.697431184289,422.75655711201875,-299.7408037410924,5469.148361319779,418.3056269765284
2127,598,447,5736.301042831204,681.0604610496837,-166.0867587151083,5737.66484397776,679.696659903127
2125,598,901,5749.110605544206,108.4927596870682,-25.226157569465393,5749.1388097171,108.46455551417421
2124,598,446,5969.059878579358,757.8708768465747,56.73079057651067,5969.214271715426,757.7164837105074
2126,598,874,5520.269796501353,33.45155769829489,-244.39920642136516,5522.990014811419,30.731339388229117
2129,599,885,5762.223283154176,33.560878649515416,-51.6908086327071,5762.33988477619,33.4442770275009
2128,599,901,5795.631489224925,123.74760993369296,19.431473340613255,5795.648131889704,123.73096726891345
2130,599,873,5545.805987059274,-37.74032634173773,-82.17835333691737,5546.10834490217,-38.04268418463289
2131,599,874,5576.968081537191,51.655825680927364,-11.414909097865653,5576.973977132076,51.64993008604324
2133,600,639,5120.580860552174,445.8811687378743,-40.31320145633696,5120.667771161678,445.79425812837144
2132,600,638,5191.816060346929,661.7454105401594,-47.55770438018187,5191.940874787264,661.6205960998245
2135,600,712,5216.194566714472,672.3133044243646,-126.04921526722353,5217.068563429586,671.4393077092495
2134,600,880,5145.241286265732,456.57673770298584,-119.70584633188153,5146.005211428805,455.81281253991347
2137,601,640,5244.755166332976,291.6125667938902,-16.72010397732264,5244.769276621293,291.5984565055737
2136,601,639,5317.060430098035,510.7194266880085,-41.111315578067625,5317.148340493615,510.63151629242884
2139,601,880,5396.2609444269865,539.4002360078362,-120.32282025301748,5397.0060430233325,538.6551374114906
2138,601,881,5324.645289424056,320.438400417597,-96.64732244365891,5325.111888541745,319.97180129990784
2142,602,882,5405.217520538942,216.34917071116047,-58.80047800177164,5405.384097574073,216.18259367602923
2141,602,641,5368.874472841535,202.89266707310844,-6.239627996628033,5368.876356943377,202.89078297126707
2140,602,640,5416.898442526913,348.41984793788924,-17.390509335882147,5416.9133596721285,348.40493079267344
2143,602,881,5453.0209404301395,361.94929722612346,-69.5618278426649,5453.258543748781,361.71169390748173
2144,603,641,5471.726846227582,236.83395029050394,-6.6011117375998865,5471.728927199425,236.83186931866157
2146,603,883,5455.111647218699,141.8134453661312,-37.74969806092614,5455.1786969901805,141.74639559464913
2147,603,882,5488.573105121078,243.4016286031108,-42.793927365931104,5488.66038967189,243.31434405229948
2145,603,642,5438.229016655958,135.3253758310343,-1.4079356461425663,5438.229110108662,135.32528237833048
2149,604,643,5478.191203922365,85.05429980068266,1.4084440817436485,5478.191295877879,85.05420784516946
2151,604,883,5511.470066126388,160.13322437009947,-26.90569750210398,5511.503885338509,160.0994051579787
2150,604,884,5487.971475921948,88.82691715011947,-23.97951053060244,5487.998101162457,88.80029190961113
2148,604,642,5501.691750755861,156.26807808400235,-1.6098562893837796,5501.6918719640835,156.26795687577896
2155,605,884,5522.297173452171,99.97268835639534,-15.618611308159906,5522.308420497321,99.96144131124493
2152,605,643,5517.386512209394,97.98875153540212,1.3023450391165265,5517.3865904516015,97.98867329319455
2154,605,875,5506.513341949701,52.10325550997868,-14.152935655258883,5506.522522834862,52.09407462481704
2153,605,644,5501.614255274322,50.19403355033546,2.817467968688772,5501.614619313641,50.19366951101574
2156,606,644,5523.797957747317,57.51465536642377,2.769280737273081,5523.798308484504,57.514304629236904
2157,606,645,5513.675938953417,26.84187114248607,3.321414122348229,5513.676441601694,26.841368494209746
2158,606,863,5515.472449435667,27.588232576202927,-7.52752796974308,5515.475030742435,27.585651269435402
2159,606,875,5525.604460498586,58.297616935028145,-8.065741245794438,5525.607435278872,58.29464215474309
2160,607,875,5522.394910959972,48.49727750358147,-1.5604565086261404,5522.395022170695,48.497166292857855
2161,607,863,5513.891669964503,22.71798726597217,-0.5324972269717538,5513.891682874007,22.717974356469313
2162,607,864,5517.215943506391,23.940618917819393,-9.654939803215482,5517.22018586569,23.93637655852035
2163,607,876,5525.725217543244,49.746554089485244,-10.675401234711142,5525.7304204526345,49.74135118009508
2167,608,877,5520.955204452219,34.43489291115861,-8.171551454860925,5520.958247100945,34.43185026243236
2164,608,876,5520.664592781789,34.242091500078686,-1.9879359142729556,5520.664772857652,34.24191142421523
2165,608,864,5514.893576975572,16.75259187402594,-1.9212142691334697,5514.893744807943,16.75242404165465
2166,608,865,5515.179870852429,16.932278251347952,-8.105046119949314,5515.182857792168,16.929291311609177
2168,609,877,5516.11264249966,19.545567019677264,2.659324978803151,5516.112964155378,19.545245363958657
2169,609,865,5513.331936311022,11.174605891045758,-0.14399814987678164,5513.331937253174,11.17460494889383
2170,609,866,5504.529654758008,8.31049153978779,-3.0884393919294664,5504.53008862249,8.31005767530587
2171,609,878,5507.31481375972,16.688497323229967,-0.2822228570208986,5507.314817386344,16.6884936966062
2172,610,878,5505.042469880212,9.565374525871903,10.44178215983064,5505.047429900715,9.560414505369408
2173,610,866,5504.34470241261,7.607405306283908,3.3621460539705756,5504.345216536918,7.606891181976152
2174,610,867,5482.034273206337,0.25440098491480967,2.714834242570488,5482.034609334597,0.2540648566546224
2175,610,879,5482.732730315921,2.2129481351382765,9.795922826891653,5482.737107639205,2.2085708118552247
2178,611,868,5449.302027085186,-5.4307549922957605,4.833973784654817,5449.303098049562,-5.431825956672128
2179,611,869,5449.552323777118,-4.870712758721993,15.84080009484081,5449.5638250127595,-4.882213994364065
2176,611,879,5484.214804554205,6.566014463062402,15.986565880786827,5484.226468762437,6.554350254829387
2177,611,867,5483.946907357098,5.9999479479029105,4.974661802988124,5483.94803676083,5.998818544171172
2180,612,873,5519.150157502618,35.54547093935366,72.56315294390544,5519.390199454288,35.30542898768317
2181,612,872,5515.82757220788,29.572844629861493,-9.838675232095936,5515.831983206699,29.568433631042808
2182,612,708,5261.774924799783,-54.27841910362963,-11.96693376122535,5261.781659463309,-54.28515376715586
2183,612,709,5263.581055245645,-48.805296540409245,70.43924102513829,5263.81454111645,-49.038782411214015
2184,613,872,5470.615385360737,14.979479571685488,34.65084826000166,5470.6704050320095,14.92445990041233
2185,613,871,5470.905930806319,17.056635095709908,-7.196403695570956,5470.9083047353,17.054261166728338
2186,613,707,5341.092743600267,-25.77685816334383,-6.525033111274029,5341.094726881235,-25.778841444312093
2187,613,708,5340.359330699252,-27.999321499755297,35.307150917326005,5340.417382960026,-28.05737376053048
2191,614,707,5376.743319751992,-13.843074384446481,20.440887464370178,5376.76269743875,-13.862452071204643
2190,614,706,5376.297914550536,-15.192787116133331,-4.771937834107819,5376.298970445255,-15.193843010852106
2189,614,870,5454.903226902211,10.747938642095733,-4.279311201157596,5454.904067827045,10.747097717261568
2188,614,871,5455.610416189891,12.186041602051546,20.977039418581498,5455.6306256444,12.165832147542915
2195,615,710,5148.74778425644,-29.821366123822372,103.07987199997797,5149.260686924456,-30.33426879183844
2193,615,873,5577.556161718874,54.17718696871043,-21.759978900694637,5577.577593112896,54.15575557468992
2192,615,874,5602.779334125927,120.09669389843157,125.66997812387292,5603.499368032799,119.37665999155934
2194,615,709,5127.394951203307,-94.52692083028751,-44.31997789358272,5127.488988662908,-94.62095828988777
2196,616,870,5452.108975641098,9.866768632048206,15.592847479248533,5452.1201445850875,9.855599688059101
2197,616,869,5451.105703641835,7.2348449168910065,-1.7411217875570049,5451.105842858262,7.234705700464474
2198,616,705,5396.98397020466,-10.622190633192304,-2.6223876104844663,5396.984288132601,-10.622508561133145
2199,616,706,5397.834185310126,-8.045781222690493,14.671348779296888,5397.844139659833,-8.05573557239768
2201,617,874,5546.6351096799,100.65622403949169,-107.30396224107362,5547.163619946924,100.12771377246736
2200,617,447,5621.853754349985,316.62453191735744,22.566044955498647,5621.877750677961,316.6005355893817
2202,617,710,5156.478920298917,-28.38046623646005,-180.26008745225238,5158.045206079398,-29.946752016941446
2203,617,448,5227.371446348292,186.4453702767987,-51.024309456986146,5227.500560197352,186.31625642773952
2207,618,705,5414.040421775147,-5.043797128716733,11.863363220948552,5414.046914533545,-5.050289887114559
2205,618,868,5452.645665880462,4.7829874321523675,0.32088582730549153,5452.645670605605,4.782982707009523
2206,618,704,5412.965505545505,-8.301119036721047,-0.7812931941430775,5412.965533694787,-8.301147186002709
2204,618,869,5453.807546046588,8.075368865573637,12.99570065342968,5453.815299273772,8.067615638388816
2211,619,865,5514.221679784518,16.47472744699121,2.1537072459712303,5514.221890709773,16.474516521735495
2209,619,858,5515.793554603639,7.396196372591476,4.293534497102705,5515.79439125514,7.395359721090244
2208,619,864,5519.331204412996,18.10876282615709,5.92610876917668,5519.3328003653205,18.10716687383365
2210,619,859,5510.681474552218,5.7563034052752755,0.5197614623442228,5510.681486820867,5.756291136626714
2213,620,859,5510.485877713599,5.129922688571696,6.318239022223029,5510.487690499707,5.128109902463166
2212,620,865,5512.332578485221,10.70393344976219,10.118185610534054,5512.3372306346155,10.699281300367602
2214,620,860,5498.539866766442,1.2122480757238918,4.369212853254936,5498.540734916354,1.2113799258117979
2215,620,866,5500.3903198627195,6.790000678810202,8.17154003877342,5500.393358581674,6.786961959856399
2219,621,867,5479.816735646202,-0.6311851880288941,13.897801951963615,5479.825546449231,-0.6399959910586404
2217,621,860,5499.4422586023575,3.917219529803333,8.153736206836474,5499.445283034831,3.9141950973298663
2216,621,866,5500.171093694896,6.075295882512137,14.62262652985038,5500.180823268052,6.065566309355745
2218,621,861,5479.080472547037,-2.7926780517889256,7.425391659866894,5479.082987034992,-2.7951925397433115
2221,622,861,5481.176122310992,3.557129872514679,7.488280418358507,5481.178681557879,3.5545706256270932
2220,622,867,5481.730583337604,5.144111163942625,16.15418650041119,5481.742495738476,5.132198763070392
2222,622,862,5453.938012433886,-5.424520209006914,6.975158305236239,5453.940240386932,-5.426748162052718
2223,622,868,5454.4791439448645,-3.8426712826897074,15.63627017712574,5454.490342095676,-3.8538694335011314
2224,623,863,5522.97368860085,25.656349979095694,3.7120049567121116,5522.974315223728,25.65572335621846
2226,623,858,5516.524712757389,9.642177217768676,-2.230654430881714,5516.5249386483065,9.641951326851995
2225,623,857,5517.805091622195,9.99575387908476,3.2938656494832497,5517.805584084319,9.995261416960602
2227,623,864,5521.696018532659,25.310868017652638,-1.812122523401123,5521.696167893915,25.310718656397057
2228,624,645,5524.606320287036,30.448896982580436,3.301930022972156,5524.606816393174,30.44840087644252
2229,624,646,5518.444158265398,11.775678735191377,3.2800780767020394,5518.444646714597,11.775190285992721
2230,624,857,5518.405819407103,11.84506869745951,-3.3101872017627314,5518.406316874525,11.844571230037218
2231,624,863,5524.572161166296,30.530857039123248,-3.2849190800779313,5524.572652184283,30.53036602113707
2232,625,868,5457.850257152493,6.403059815431789,11.119742008784788,5457.855927597847,6.39738937007769
2233,625,862,5456.70482770173,2.9950301064936866,1.7070340765284289,5456.704961278936,2.994896529287871
2234,625,703,5427.173797850549,-6.736843006251775,0.5510086848001928,5427.173811818877,-6.736856974579041
2235,625,704,5428.2949608284325,-3.339379436906029,9.954824965487775,5428.29952199965,-3.3439406081238303
2239,626,862,5460.152104083308,-3.4701435337256044,14.691902871945361,5460.161980846837,-3.480020297254214
2238,626,856,5459.559453182654,-5.24662458022317,7.852559803805598,5459.562274081638,-5.249445479207225
2237,626,855,5481.048555048345,1.8373985960292885,8.446296167366985,5481.051810073317,1.8341435710567566
2236,626,861,5481.638713315193,3.6126425188901976,15.283777742278756,5481.649373788714,3.601982045369823
2243,627,861,5479.543182339682,-2.7373361623710935,15.223219514726244,5479.553750294244,-2.7479041169335687
2240,627,860,5497.320110727788,3.121292161782094,15.816741365096066,5497.331494043052,3.1099088465180103
2241,627,854,5496.736191432799,1.3584408875526606,10.15934217016603,5496.740886840005,1.353745480346788
2242,627,855,5478.9575236601,-4.501205272255902,9.564166105880586,5478.961694075538,-4.505375687693231
2244,628,859,5508.89664377501,4.519678668217466,13.209138451683057,5508.904568426997,4.511754016229588
2245,628,853,5507.776890498319,1.1288832146242385,9.239420382637864,5507.780766124144,1.125007588797871
2246,628,854,5495.306227824863,-2.9723352849964613,8.06210209154837,5495.309183179636,-2.9752906397707193
2247,628,860,5496.427103226708,0.4196237308340187,12.032941820306643,5496.43368944024,0.4130375173022003
2248,629,862,5462.930153998853,4.963160678488521,9.423443670039797,5462.934221503499,4.9590931738421204
2249,629,856,5461.849076400316,1.7068810487853625,2.4845567138464326,5461.849359040471,1.7065984086302706
2250,629,702,5440.062539853478,-5.469145476972471,1.3700703129010634,5440.0626260292975,-5.469231652792587
2251,629,703,5441.13604856862,-2.216088764422011,8.306837706469338,5441.139217733078,-2.2192579288803245
2255,630,858,5517.223382888635,9.8071081036137,3.028817965081842,5517.223799315191,9.806691677057643
2252,630,857,5520.765535289032,10.937044121420968,6.147221753394988,5520.767249876137,10.93532953431668
2253,630,851,5517.842185768634,2.0784276670303825,5.015392055488795,5517.8433258715,2.0772875641641804
2254,630,852,5514.299153368527,0.9460465846161696,1.8966072492279318,5514.299316477931,0.9458834752122129
2257,631,852,5514.46531688425,1.448447356938459,7.202378000598123,5514.467669236326,1.4460950048614905
2256,631,858,5516.481540845055,7.557718428050293,9.553440918853976,5516.485682677821,7.553576595284085
2258,631,853,5507.086323232648,-0.9612211928254055,5.058726609714788,5507.0874847472005,-0.9623827073778557
2259,631,859,5509.103417870493,5.1497672265713845,7.410506569838904,5509.1059122402785,5.147272856786458
2260,632,646,5522.359841051121,13.067854054479994,3.2739391028923985,5522.3603274419465,13.067367663655205
2261,632,647,5518.866444409292,2.4818036246936117,2.9556375183710357,5518.866840311368,2.4814077226178597
2262,632,851,5517.882648892362,2.2011376224513697,-0.7755661886881253,5517.882676155671,2.201110359142149
2263,632,857,5521.376966102886,12.78997246273525,-0.4571737255631699,5521.376975588431,12.789962977189589
2266,633,848,5493.6431814036705,-5.155681498119293,9.44106093061753,5493.6472338143885,-5.159733908838007
2267,633,854,5494.226263773572,-3.388765225687848,13.155851903835769,5494.234134286086,-3.396635738202349
2264,633,853,5505.892062205046,0.4536041840051439,13.761379616035823,5505.900661668767,0.4450047202853966
2265,633,847,5505.309097827409,-1.3129545361105102,10.047340366088202,5505.313680898638,-1.3175376073409097
2268,634,854,5495.655365342554,0.9418455894092403,15.252880273129199,5495.665950512628,0.931260419336013
2269,634,848,5495.2559348857085,-0.2685497343661609,10.471847417242678,5495.260923467285,-0.27353831594246003
2270,634,849,5480.237667641772,-5.219752488546646,10.066493900144092,5480.242285953717,-5.224370800492579
2271,634,855,5480.637170872295,-4.009136638474274,14.848397829662202,5480.647220495452,-4.019186261629784
2272,635,856,5468.239313205066,3.752733099162924,7.808720277659801,5468.24210285787,3.749943446359339
2273,635,850,5467.271537699666,0.8200800524978149,2.7850929279399153,5467.271892442692,0.819725309471778
2274,635,701,5451.492883000036,-4.3752062302203285,1.773523216216228,5451.493027128545,-4.375350358728156
2275,635,702,5452.460854498692,-1.4419592645961075,6.798167947636485,5452.462972938967,-1.4440777048707787
2278,636,850,5465.403481321864,-4.8406968499330105,7.832818856088761,5465.406285265243,-4.84350079331216
2279,636,856,5465.944040946316,-3.202637381894874,13.17755439610708,5465.951978550574,-3.2105749861520962
2277,636,849,5482.188493697679,0.6918416202638582,8.386361820860897,5482.191701353722,0.688633964221026
2276,636,855,5482.728943892676,2.3295694838911913,13.730015386815822,5482.737543312803,2.3209700637644346
2283,637,851,5517.325104442583,1.9952250669825844,1.0856214070469874,5517.325157865219,1.9951716443474652
2280,637,647,5518.705184508079,2.4285878572932234,2.9558768430259237,5518.705580482027,2.4281918833457894
2282,637,845,5515.572353009234,-3.3161429128660984,0.6436594665831786,5515.572371776487,-3.3161616801189666
2281,637,648,5516.952769832141,-2.8817596455492094,2.5139998170354896,5516.9530560814255,-2.882045894834391
2284,638,851,5517.284605201682,1.8725000945532884,6.876579901511637,5517.286748619611,1.8703566766243966
2285,638,845,5515.830342996812,-2.5343550717204835,5.4810314667566296,5515.831703984178,-2.5357160590865533
2286,638,846,5511.452209324037,-3.961580674654442,3.9334287326547264,5511.452910624983,-3.9622819756000354
2287,638,852,5512.906751044773,0.4461215093961073,5.3292453982039305,5512.908039074375,0.44483347979439714
2288,639,852,5513.07249475223,0.9483751683571882,10.635012778323736,5513.077624507525,0.9432454130633232
2289,639,846,5512.074820346666,-2.0748806060801144,8.128583981265653,5512.077815996277,-2.07787625569199
2290,639,847,5504.204567556249,-4.660015963866499,7.07382562200887,5504.2068383957085,-4.662286803326424
2291,639,853,5505.202433756273,-1.636178994096099,9.580736258812584,5505.206600867581,-1.6403461054028412
2295,640,849,5482.372115893029,-4.5543040480044965,13.505324585536515,5482.380426261256,-4.56261441623019
2292,640,848,5494.699850291462,-0.48898485820609494,13.738321493717333,5494.708436947362,-0.49757151410631195
2293,640,842,5494.465334791233,-1.1996378892058601,9.81398660867729,5494.4697161653185,-1.2040192632916842
2294,640,843,5482.137552917624,-5.265100943171774,9.580195260518359,5482.141734316233,-5.269282341781036
2296,641,847,5503.33252349966,-1.9975553821805079,12.916523823492083,5503.340099628416,-2.005131510936735
2297,641,841,5503.1232923472835,-2.6315891772603663,9.655129090588721,5503.12752525667,-2.635822086647295
2298,641,842,5492.877861579391,-6.010162773575075,9.445544260644855,5492.881917774033,-6.014218968216937
2299,641,848,5493.087130845016,-5.376013483800534,12.707533084604979,5493.094472950312,-5.383355589095572
2302,642,841,5501.888955043567,-6.372005249130552,7.580304785919203,5501.891562989789,-6.374613195352595
2301,642,840,5509.30925887534,-3.9272129653293177,7.932368841901721,5509.312112119673,-3.9300662096620727
2300,642,846,5509.648204031663,-2.9001064310173206,10.29460080684851,5509.653010280398,-2.90491267975176
2303,642,847,5502.227968789361,-5.344690867937516,9.943014775810184,5502.23245640434,-5.349178482917523
2306,643,700,5461.31305820167,-3.4271153246420454,1.8845251395730724,5461.3132206721075,-3.4272777950786804
2304,643,850,5473.292665209221,2.767186892431937,6.30878402705564,5473.294484081231,2.7653680204225566
2305,643,844,5472.4591849806275,0.24148923002712763,2.7598687151857524,5472.459532959969,0.2411412506862689
2307,643,701,5462.146698784713,-0.900931739661246,5.434123232292885,5462.148050122373,-0.9022830773210444
2308,644,849,5484.322971514199,1.357379652509053,11.825198783501385,5484.329347405189,1.3510037615187684
2309,644,843,5483.867116993427,-0.023997683162860994,7.7188367424640285,5483.869833149251,-0.026713838985870098
2311,644,850,5471.424610947469,-2.8935835977256374,11.356511184885656,5471.4305007315,-2.8994733817567067
2310,644,844,5470.968668741066,-4.275226647431964,7.249359266980856,5470.971068323064,-4.277626229430098
2313,645,649,5513.972086381138,-5.641158976078259,2.0531170550054196,5513.972277304365,-5.641349899305624
2314,645,839,5512.516546681223,-6.113907817602467,1.3524833988801037,5512.516629546498,-6.113990682876647
2315,645,845,5513.174299895724,-4.120716258510129,1.8167656056494281,5513.174449454393,-4.120865817177673
2312,645,648,5514.629706571083,-3.648370521698098,2.5173053649668606,5514.6299936545665,-3.6486576051811426
2316,646,845,5513.432289191828,-3.3389305127391253,6.6541380869296525,5513.434295688736,-3.340937009647405
2317,646,839,5512.907271801808,-4.929892300679057,5.250821782866074,5512.908520983432,-4.931141482302792
2318,646,840,5508.500476639616,-6.378068225099241,4.695858796092559,5508.501476257543,-6.37906784302595
2319,646,846,5509.025594940386,-4.786800647006203,6.099444823996049,5509.027281759465,-4.788487466084916
2323,647,844,5476.328642046956,-2.53038449913106,9.459928160995025,5476.33272547809,-2.5344679302652366
2322,647,838,5475.963838012354,-3.635851270650619,6.36497404797645,5475.965686362748,-3.6376996210437937
2321,647,837,5485.683091473712,-0.4324858527363631,6.742098507706827,5485.685162878994,-0.43455725801732115
2320,647,843,5486.047814275823,0.6727347597213793,9.83636345392377,5486.0522239090205,0.6683251265235413
2325,648,836,5494.06828436745,-1.6445940566600257,8.661785964389026,5494.071697322746,-1.6480070119564516
2324,648,842,5494.17660271213,-1.3163566485384308,11.800039742425714,5494.182937029109,-1.3226909655163581
2326,648,837,5484.209920493319,-4.896640338775342,8.559087655551348,5484.21325700793,-4.899976853386761
2327,648,843,5484.318251994206,-4.568363063360948,11.697722601884237,5484.324484431141,-4.574595500296709
2328,649,841,5501.205097377518,-3.283290148866172,11.385853190840276,5501.210985186934,-3.2891779582819254
2329,649,835,5501.236924030669,-3.186845745376104,8.643548805722709,5501.240317250969,-3.190238965676599
2330,649,836,5492.620946555095,-6.030466215313481,8.688655507505196,5492.624378882485,-6.03389854270381
2331,649,842,5492.589112493729,-6.126933067936761,11.431598212245486,5492.595053939668,-6.1328745138762315
2332,650,839,5509.715872764566,-5.990628563540213,5.95558667039877,5509.717480400969,-5.992236199944273
2333,650,833,5509.7498330942435,-5.88771847360681,4.674737997973551,5509.7508236040085,-5.888708983371998
2334,650,834,5505.725550374659,-7.216112105134243,4.716334907589447,5505.72655908345,-7.217120813925703
2335,650,840,5505.691585579048,-7.31903572819806,5.9973520172645065,5505.69321663978,-7.3206667889312484
2338,651,835,5500.034711596478,-6.829913727773828,7.232351396482248,5500.037086218324,-6.832288349619375
2336,651,840,5506.5003789943175,-4.8681465910176485,9.233853848865976,5506.504246636114,-4.872014232814308
2337,651,834,5506.564298359785,-4.674451544143494,7.155645702330598,5506.566621033787,-4.676774218144601
2339,651,841,5499.970778002848,-7.023651890287283,9.311022142762843,5499.97471368285,-7.027587570289143
2343,652,700,5470.177447526137,-0.5274513051128906,4.241438444583572,5470.178269623002,-0.5282734019770032
2340,652,844,5477.819157015118,1.9863275256027464,4.970436562552296,5477.820284936446,1.9851996042752944
2342,652,699,5469.485262581023,-2.624981441825412,1.8076691630894175,5469.485411868389,-2.6251307291918238
2341,652,838,5477.127126236142,-0.1107354409891741,2.537209339676918,5477.127420062659,-0.11102926750572806
2344,653,649,5510.686365195016,-6.725446967498556,2.057580840455582,5510.686557025847,-6.725638798328873
2345,653,650,5510.6843129715735,-6.731665826415792,1.624321050059696,5510.684432521142,-6.73178537598551
2346,653,833,5509.323101990614,-7.180843030060714,1.623881210029697,5509.323221495202,-7.1809625346490975
2347,653,839,5509.325154670711,-7.174622787343651,2.0572374079261437,5509.325346469213,-7.174814585846889
2350,654,829,5498.566194692524,-6.544005443668084,6.447217285061435,5498.568082329417,-6.545893080562109
2351,654,835,5498.277216814543,-7.419695983002612,8.193597682786994,5498.280265248142,-7.42274441660129
2348,654,834,5503.764287532682,-5.605805021982633,7.877821802679937,5503.7671036461215,-5.608621135421799
2349,654,828,5504.0532069427045,-4.730291658276428,6.131794744406374,5504.054913258407,-4.731997973979105
2352,655,835,5499.479428427917,-3.7766304879298787,9.604795602539618,5499.483619220937,-3.780821280949567
2353,655,829,5499.651511409686,-3.2551669068120646,7.374567331734352,5499.653982113901,-3.257637611028258
2354,655,830,5492.644476856902,-5.569322186147019,7.567216039016762,5492.647080553919,-5.5719258831645675
2355,655,836,5492.472376461352,-6.090838536298406,9.797669995749525,5492.4767409770175,-6.095203051963381
2356,656,837,5487.699523702683,0.2206409898003585,7.940808555111684,5487.702396443009,0.21776824947392015
2357,656,831,5487.418231799,-0.6317587183298201,5.659764570752616,5487.419691011586,-0.6332179309156345
2358,656,832,5480.253588772881,-2.993091993907001,5.368258999700011,5480.254902693239,-2.994405914265826
2359,656,838,5480.534909153169,-2.1406059930359334,7.649533905722841,5480.537577345931,-2.143274185797509
2363,657,837,5486.226239872675,-4.243855464768558,9.757733140207915,5486.230575261048,-4.24819085314175
2362,657,831,5486.204486811037,-4.309773833369718,7.308233730323177,5486.206918744279,-4.312205766612806
2361,657,830,5493.897861811524,-1.7711859600181015,7.322049360967307,5493.900300658486,-1.773624806980024
2360,657,836,5493.91960826932,-1.7052876030616062,9.770805146247012,5493.923951203908,-1.7096305376485361
2367,658,834,5502.9254720958,-8.1476699822324,5.438600304666431,5502.926813865602,-8.149011752034312
2365,658,827,5506.734400189925,-5.959170870003163,3.9644588183220404,5506.735112950913,-5.959883630992863
2364,658,833,5506.390844303756,-7.000249312937058,5.066935589765304,5506.39200846164,-7.001413470821262
2366,658,828,5503.26913224779,-7.106275582259514,4.335788942379206,5503.269985141716,-7.107128476184698
2368,659,838,5481.698196675765,1.3845077117994151,3.8217683518683496,5481.698862965706,1.3838414218575963
2369,659,832,5481.141114393463,-0.3036204163868206,2.2138345169915334,5481.141337923175,-0.3038439460988229
2370,659,698,5476.091737926205,-1.9641265727086648,1.6248405732090034,5476.091858411779,-1.9642470582830356
2371,659,699,5476.648933023873,-0.275656579776296,3.233100032588901,5476.649410159112,-0.2761337150163854
2373,660,651,5507.514957193938,-6.80298623218232,1.2505597350579567,5507.51502809571,-6.803057133952734
2372,660,650,5507.154046959081,-7.896653610538351,1.6288670306197564,5507.154167230312,-7.89677388176915
2374,660,827,5506.32509685483,-7.199484006651801,1.637624533785385,5506.325218456448,-7.1996056082703035
2375,660,833,5505.964150120151,-8.293261990527753,2.01597008857732,5505.964334375934,-8.293446246310396
2379,661,830,5492.572381097709,-5.598367658420557,8.094007086331574,5492.5753599482305,-5.6013465089422425
2376,661,829,5498.112201259928,-3.767660877260596,7.829793459745539,5498.11498692756,-3.7704465448923656
2378,661,824,5492.813224014722,-4.868540637168962,6.3305447028224355,5492.815046409354,-4.8703630318009346
2377,661,823,5498.352971076097,-3.0380553737202263,6.066866323802308,5498.35464369197,-3.0397279895928477
2382,662,825,5487.993621319167,-3.63929152269975,6.0231586994014155,5487.99527285116,-3.6409430546932526
2381,662,824,5493.8575657220945,-1.7038687966476118,5.982248540781633,5493.859193730781,-1.7054968053339508
2380,662,830,5493.825815510758,-1.8000815582720406,7.8488381681273935,5493.828617931735,-1.8028839792482358
2383,662,831,5487.961867894246,-3.7355140224597108,7.889937252826296,5487.964701766608,-3.7383478948222546
2386,663,697,5481.292541429329,-1.4342718534887808,1.394191115998349,5481.292630060812,-1.4343604849723306
2384,663,832,5484.906912971761,0.9326788110909092,2.868794227006934,5484.907288154949,0.9323036279029111
2385,663,826,5484.470434656434,-0.38998275050698794,1.8567282640220892,5484.470591790777,-0.3901398848493045
2387,663,698,5481.729063940517,-0.11147636503869762,2.406359556331021,5481.729328019981,-0.11174044450172005
2391,664,832,5484.01932519005,-1.7569811334867609,6.0230979390615955,5484.020978451859,-1.7586343952966672
2389,664,825,5488.965161024344,-0.6952318100425146,4.599951214777135,5488.966124633473,-0.6961954191715449
2388,664,831,5489.175557110752,-0.05766791183418718,6.241410936729851,5489.177331274661,-0.05944207574248139
2390,664,826,5483.8088651987855,-2.394738682773095,4.3811396467855115,5483.809739864717,-2.395613348704501
2393,665,652,5504.678853261288,-6.297895883897127,0.9390935833354256,5504.678893267661,-6.297935890269855
2392,665,651,5504.145207729699,-7.91500355538119,1.25479053383801,5504.1452791412585,-7.915074966940665
2395,665,827,5503.151253401,-8.248692632855409,1.8262051722125683,5503.151404679498,-8.24884391135447
2394,665,821,5503.685006881519,-6.631257843404001,1.5104443606856413,5503.685110389286,-6.631361351170199
2397,666,821,5504.050252158853,-5.524453972695255,3.242063309823602,5504.050729100094,-5.524930913936714
2396,666,827,5503.56057411692,-7.0083268270386725,4.152937851877569,5503.561356562919,-7.009109273038121
2398,666,822,5501.186529728862,-6.474297958569423,3.7686051713507553,5501.187174393799,-6.474942623506649
2399,666,828,5500.696752611959,-7.958471040096356,4.679664007709424,5500.697746468462,-7.959464896599002
2400,667,828,5501.4808270452595,-5.582487908882285,6.475670481106142,5501.4827307047635,-5.5843915683867635
2401,667,822,5501.875135616734,-4.387613449867331,5.058443355683655,5501.876297377667,-4.388775210800304
2402,667,823,5497.421276312001,-5.86137284067695,5.48502294675729,5497.422643017619,-5.862739546294961
2403,667,829,5497.026927846902,-7.056368189460272,6.902393458173513,5497.0290918319915,-7.058532174548873
2407,668,824,5492.7842234766385,-4.879549817110046,6.4868600442732856,5492.786136986646,-4.881463327117672
2405,668,817,5497.316225295174,-2.6744697907940918,4.843244962744496,5497.317291525034,-2.675536020653908
2404,668,823,5497.05442355287,-3.467808403838035,6.202210260493935,5497.056171905038,-3.4695567560061136
2406,668,818,5493.046051711732,-4.0861309228889695,5.127757227275039,5493.047247511996,-4.087326723153637
2408,669,822,5499.635247566793,-5.127751566556071,5.164169171953768,5499.636458728716,-5.128962728479564
2409,669,816,5500.058324378703,-3.8457006213732257,4.046721223659407,5500.059068212097,-3.846444454767152
2410,669,817,5496.545921455221,-5.008723851256036,4.502621196143271,5496.546842721824,-5.009645117859236
2411,669,823,5496.122716217688,-6.2911639649928475,5.620408347503591,5496.124151450589,-6.292599197894106
2412,670,652,5501.6758976202755,-7.28887124543121,0.9426705162111279,5501.675937946713,-7.288911571868994
2413,670,653,5502.26309771462,-5.509477020145596,0.6881124158681443,5502.263119206915,-5.509498512441041
2414,670,815,5501.46125431568,-5.779698433410658,1.31640284964113,5501.461332981044,-5.779777098774048
2415,670,821,5500.873935439077,-7.559452604934222,1.5710124434954271,5500.8740474527785,-7.559564618635704
2418,671,816,5499.479335787052,-5.60021150516377,3.1450789795744534,5499.479784986782,-5.600660704893926
2419,671,822,5498.946651513152,-7.214406274559451,3.8742583111902826,5498.947333016809,-7.215087778216912
2417,671,815,5501.771816502186,-4.838600898544655,2.573435782462196,5501.772117166791,-4.838901563148738
2416,671,821,5501.239186105526,-6.45263240357599,3.302541362808601,5501.239681175822,-6.453127473871973
2423,672,697,5485.618770484788,-0.01001140298876635,1.747583879559249,5485.618909668894,-0.01015058709481309
2420,672,826,5487.483822044938,0.60208288233639,2.1015451721993053,5487.484023274533,0.6018816527421222
2421,672,820,5487.150469027291,-0.40807777719828664,1.5075489067840677,5487.150572566217,-0.40818131612422803
2422,672,696,5485.285316195339,-1.0204789467734372,1.1534071595662483,5485.285376816644,-1.0205395680782203
2424,673,825,5490.434180141967,-0.2121799253518475,4.785444566249021,5490.435222845951,-0.21322262933608727
2425,673,819,5490.281060927117,-0.6761775461070556,3.6355048680265414,5490.281662684408,-0.6767793033977796
2426,673,820,5486.669141535844,-1.866645933100017,3.475998094399465,5486.669691890347,-1.8671962876028374
2427,673,826,5486.822276251726,-1.4026013395161954,4.626054206882042,5486.823251083033,-1.4035761708228165
2428,674,824,5493.828550256804,-1.7149232105464307,6.138564806932179,5493.830264462429,-1.7166374161715794
2429,674,818,5493.889232796339,-1.5310367271099494,4.749003365985547,5493.890258788331,-1.5320627191026688
2430,674,819,5489.523323803936,-2.972350646656878,4.818621645610406,5489.52438066003,-2.973407502750888
2431,674,825,5489.462622836665,-3.1562929717210864,6.208605060880343,5489.464377316863,-3.158047451918719
2433,675,811,5496.508093601668,-2.2566218181377735,3.7656893285451924,5496.508738310762,-2.257266527230513
2432,675,817,5496.2547786765745,-3.024242803270681,4.788099693633031,5496.255820899302,-3.025285025998528
2434,675,812,5493.294977597295,-3.319234574125403,4.039763401123994,5493.295719858144,-3.319976834975023
2435,675,818,5493.041611399065,-4.087010932396197,5.062380710928,5493.0427769026755,-4.088176436006506
2439,676,819,5490.711995521193,-2.579631995338559,4.764781534868583,5490.7130287422715,-2.580665216417401
2437,676,812,5493.957497074314,-1.3115997952784255,3.6737345454391317,5493.958111071726,-1.3122137926898176
2438,676,813,5490.784713616319,-2.359274131321399,3.7547871636989125,5490.785355253651,-2.359915768652627
2436,676,818,5493.884786338575,-1.5319353581237465,4.683626700783321,5493.88578427723,-1.5329332967785376
2440,677,819,5491.469737658732,-0.28344369976730377,3.581626181363987,5491.47032162729,-0.2840276683250522
2441,677,813,5491.361418766773,-0.6116827663099684,2.8011248390363352,5491.361775938034,-0.612039937571808
2442,677,814,5488.909626472107,-1.419826587362195,2.687921918325714,5488.909955456182,-1.4201555714362257
2443,677,820,5489.017978264408,-1.0914878228131784,3.4686603269688008,5489.0185261407005,-1.092035699105054
2446,678,810,5498.119928620443,-4.659817272536202,2.5412179572973534,5498.120222007997,-4.66011066009014
2447,678,816,5497.605668543888,-6.218181140883871,3.1091313233504203,5497.606107633923,-6.218620230918077
2444,678,815,5499.39149395673,-5.623942902364888,2.5577414152811615,5499.391791051301,-5.624239996936012
2445,678,809,5499.905650005759,-4.0658942689449304,1.9899429300397256,5499.905829870094,-4.066074133280381
2448,679,816,5498.184653558337,-4.463681097096696,4.0107136738637035,5498.185384380164,-4.464411918923815
2449,679,810,5498.590619482328,-3.2334813274280805,3.1517562032443993,5498.591070858371,-3.2339327034706002
2450,679,811,5495.890517537346,-4.128064437296871,3.5883101715809724,5495.891102806665,-4.128649706615306
2451,679,817,5495.484469458965,-5.3585131596653355,4.447441467446844,5495.485368399928,-5.35941210062947
2452,680,653,5499.709873537369,-6.352040998638586,0.6909892653555515,5499.709895216483,-6.352062677752201
2453,680,654,5500.279873965781,-4.624766973148553,0.4914448571642314,5500.2798849340925,-4.624777941460252
2454,680,809,5499.651047493044,-4.837417034748569,1.1011233303042085,5499.651102560494,-4.837472102198717
2455,680,815,5499.080931761622,-6.565040463298146,1.3007081034976222,5499.081008584649,-6.565117286324494
2459,681,696,5488.526419227589,0.048337389437620004,1.235781420979526,5488.526488789482,0.048267827544805186
2458,681,695,5488.2778216768365,-0.7049885219339558,0.9258012552913784,5488.277860714486,-0.7050275595838684
2457,681,814,5489.250732932319,-0.38617064732693507,1.1903376812581015,5489.250797458617,-0.3862351736247547
2456,681,820,5489.499305313733,0.3670789933237302,1.5002864629109713,5489.499407828089,0.3669764789678993
2463,682,811,5495.0468041935155,-4.405188574890644,3.430155276476347,5495.047339063358,-4.405723444732303
2461,682,804,5497.437016031864,-2.6302297709808045,2.3945654039227118,5497.437276662459,-2.6304904015760258
2460,682,810,5497.072980459399,-3.7333678693598813,3.039137419957099,5497.073400232201,-3.733787642160223
2462,682,805,5495.410876596776,-3.3019388680413613,2.785518046741814,5495.411229366167,-3.3022916374329725
2464,683,811,5495.664395429389,-2.5336999813362127,3.607561822878664,5495.664987191484,-2.5342917434318224
2465,683,805,5495.893041256737,-1.8408338378558255,2.8564335799620757,5495.893412282892,-1.8412048640111607
2466,683,806,5493.532623192039,-2.6217086342228413,3.1030664454966277,5493.5330611810405,-2.622146623225035
2467,683,812,5493.303931089477,-3.314715005620428,3.854346707910092,5493.304606777008,-3.3153906931506754
2471,684,813,5491.720215593812,-2.049003622199507,3.569618970137622,5491.720795440623,-2.0495834690109405
2468,684,812,5493.966450698037,-1.3070798281682983,3.4883178501876464,5493.967004281045,-1.3076334111756296
2469,684,806,5494.040308682543,-1.083267753908558,2.7734407957029443,5494.040658627964,-1.0836176993302615
2470,684,807,5491.794096007102,-1.825123581929347,2.8545248257565787,5491.794466815084,-1.8254943899110003
2473,685,807,5492.222612394523,-0.5265890745922661,2.1063713505559822,5492.222814333476,-0.5267910135457896
2472,685,813,5492.2969034137,-0.3014647740546934,2.61598656377659,5492.297214895847,-0.30177625620081017
2474,685,808,5490.621921981142,-1.0541873446802583,2.0286036259912366,5490.622109320692,-1.0543746842304245
2475,685,814,5490.696220521177,-0.8290402536667898,2.5382704301363592,5490.696513828415,-0.82933356090507
2479,686,695,5490.647057224835,0.07749554332895059,0.847933947611539,5490.647089962422,0.07746280574292541
2477,686,808,5490.856592199088,-0.3430654721173596,0.9162060667292938,5490.856630416309,-0.34310368933756763
2476,686,814,5491.037341054147,0.20465833109255982,1.04062836091672,5491.037390359391,0.2046090258490949
2478,686,694,5490.4662717661195,-0.47033918005331543,0.7234864565087566,5490.466295597785,-0.4703630117182911
2481,687,655,5498.699897521561,-3.7566152115746263,0.34120739772710984,5498.6999028111295,-3.756620501143061
2480,687,654,5498.185309354021,-5.315973295029153,0.4936700510221182,5498.185320424706,-5.31598436571403
2482,687,803,5498.219332500894,-3.919417944276802,0.8914776718033675,5498.219368611053,-3.919454054436301
2483,687,809,5497.704588192512,-5.479249181797286,1.0439865866555131,5497.704637705123,-5.4792986944071345
2485,688,803,5498.421893380922,-3.3055970957072986,1.5014381397344017,5498.421995817676,-3.305699532462313
2484,688,809,5497.959190731358,-4.707726336810083,1.9328064785887655,5497.959360455458,-4.707896060910571
2487,688,810,5496.602300334235,-5.159671278948053,2.428647715482691,5496.602568354256,-5.159939298968766
2486,688,804,5497.065096600925,-3.7572583495823437,1.9971920992707588,5497.065277881828,-3.7574396304839865
2489,689,800,5494.124848192476,-0.8679602910917765,2.0434384583297427,5494.1250381672735,-0.8681502658891986
2488,689,806,5494.056123060725,-1.0762182660928374,2.5348876917750576,5494.056415394689,-1.076510600056281
2491,689,807,5492.512043942163,-1.5863278732390427,2.609801478995548,5492.512353868511,-1.5866377995876064
2490,689,801,5492.580776029898,-1.3780488194959162,2.118302503732034,5492.580980218056,-1.3782530076541661
2494,690,800,5493.744989377464,-2.0190476093096095,2.3264373636884663,5493.7452355812,-2.019293813045806
2493,690,799,5495.4357816938555,-1.4595289278101973,2.1149151660022536,5495.435985120778,-1.4597323547332053
2492,690,805,5495.239292098062,-2.054951945366156,2.6528817705453345,5495.239612154664,-2.0552720019686603
2495,690,806,5493.548460010473,-2.6145911456444537,2.8645128573358125,5493.548833245095,-2.614964380265974
2496,691,804,5496.241343050048,-3.0236291999262903,2.2478290692777194,5496.241572750533,-3.023858900411142
2498,691,799,5495.068521754058,-2.572437836290419,2.109792114188264,5495.068724169178,-2.5726402514096662
2499,691,805,5494.757127302644,-3.516057386028251,2.5819660896980183,5494.757430422746,-3.5163605061306953
2497,691,798,5496.552674498032,-2.080200569671888,1.7757506272013641,5496.552817865041,-2.0803439366818566
2501,692,797,5497.27259321393,-2.6130476383714267,1.1056417761576893,5497.2726487807095,-2.6131032051507646
2503,692,804,5495.86942352645,-4.150658059313855,1.8504555098721023,5495.869579170678,-4.150813703541189
2502,692,798,5496.266242010824,-2.948177803637236,1.5304228245491875,5496.266348489395,-2.9482842822080784
2500,692,803,5496.875895123514,-3.8151630638728875,1.4255773641745577,5496.875987487854,-3.815255428212822
2507,693,808,5491.948481908992,-0.6147001297470069,1.8101377022273994,5491.94863104694,-0.6148492676948081
2504,693,807,5492.940583600766,-0.2877228471666058,1.8616247430437267,5492.940741324348,-0.287880570748257
2506,693,802,5491.899349980411,-0.763584761813263,1.4942131494228605,5491.899451601106,-0.7636863825077853
2505,693,801,5492.891461617919,-0.43657734064368015,1.5457641425779394,5492.891570358319,-0.4366860810428079
2508,694,808,5492.183152218378,0.09642201990709509,0.6977399530655386,5492.183174379401,0.09639985888452429
2509,694,802,5492.055210584374,-0.29127990131769366,0.6881814119219238,5492.055232141356,-0.29130145829958565
2510,694,693,5492.025540993529,-0.30009127408561653,0.5515031858894444,5492.025554838108,-0.30010511866521483
2511,694,694,5492.153521495878,0.08772843000201647,0.5610646308954645,5492.153535825346,0.08771410053441286
2512,695,655,5497.032007146231,-4.307019035433541,0.34281822477986446,5497.032012486947,-4.307024376149002
2513,695,656,5497.474194276858,-2.9670580335341583,0.22906895134258135,5497.474196661784,-2.967060418460278
2514,695,797,5497.115558734218,-3.088909698104544,0.7018061235635641,5497.115581121197,-3.088932085082888
2515,695,803,5496.673326884019,-4.4290062138593385,0.8155669007602323,5496.673357112022,-4.429036441863445
2519,696,797,5495.919278345056,-3.4830783085151324,0.6214559324844012,5495.919295901849,-3.4830958653083144
2516,696,656,5496.180558167694,-3.3939579495583985,0.23027668254107359,5496.180560578214,-3.393960360078836
2517,696,657,5496.546451953865,-2.2851889005560224,0.14745520033121629,5496.546452942394,-2.2851898890858138
2518,696,791,5496.285246146355,-2.3740849712453382,0.5386176966693312,5496.285259336344,-2.3740981612340875
2520,697,797,5496.076305143269,-3.007239526054491,1.025253218512441,5496.076352930511,-3.0072873132971836
2521,697,791,5496.404081098979,-2.0139790542048104,0.793680878389387,5496.404109740369,-2.0140076955949553
2522,697,792,5495.6756665084795,-2.2567731813269347,1.1445089093695784,5495.675726071808,-2.2568327446556395
2523,697,798,5495.3478573972,-3.2501341245977073,1.3761046737808047,5495.347943494786,-3.2502202221835432
2524,698,798,5495.634304664166,-2.382112103487998,1.6214622423763725,5495.634424213634,-2.382231652955852
2525,698,792,5495.891076150245,-1.604016691127299,1.2842783748072772,5495.891151155811,-1.6040916966931036
2526,698,793,5494.8310725383635,-1.9557119281914765,1.559530876163336,5494.831183154647,-1.955822544475268
2527,698,799,5494.574249095285,-2.7339647860021614,1.8967829719803835,5494.574412711067,-2.734128401784801
2530,699,794,5493.926034650457,-1.5179129086761805,1.7018945626370716,5493.9261664162,-1.518044674419798
2531,699,800,5493.763260778334,-2.0111670666228747,2.076872593655988,5493.763456992701,-2.011363280990281
2528,699,799,5494.941509167553,-1.6210554761028106,1.9019061282135097,5494.941673690688,-1.6212199992378373
2529,699,793,5495.104233634413,-1.1279510310735077,1.5270419108432094,5495.104339700572,-1.1280570972326132
2532,700,800,5494.143119748931,-0.8600792769352665,1.793873684571,5494.143266153882,-0.8602256818871865
2533,700,794,5494.203425484716,-0.6773346230438619,1.467840937026138,5494.203523510363,-0.6774326486911377
2534,700,795,5493.178936607605,-1.0158610159119235,1.5331653176325377,5493.179043565764,-1.0159679740713727
2535,700,801,5493.118618662946,-1.1986426663934253,1.8592640703667829,5493.1187759555905,-1.1987999590387517
2536,701,802,5493.015927153507,0.027470033588770093,0.4481949939892722,5493.015936296015,0.027460891080863803
2537,701,796,5492.928030455825,-0.23888359574971219,0.504380588582617,5492.9280420338355,-0.2388951737602838
2538,701,692,5493.104784644429,-0.1799058284923376,0.41031908199511374,5493.104792306591,-0.17991349065459872
2539,701,693,5493.192690242138,0.08647477062913822,0.35412779830334934,5493.192695949587,0.086469063180175
2543,702,802,5492.860089117708,-0.444766438525221,1.2541959163312788,5492.860160705187,-0.44483802600370836
2542,702,796,5492.829138761841,-0.5385553957005413,1.0729527591520802,5492.829191153547,-0.5386077874059083
2541,702,795,5493.398360311315,-0.3509407016390469,1.1055191384500822,5493.398415927821,-0.3509963181445528
2540,702,801,5493.429304401293,-0.2571707320078076,1.28672560303509,5493.429379745179,-0.25724607589381776
2547,703,795,5493.572112306471,-0.8844126913779746,1.286659401065458,5493.572187632046,-0.884488016953128
2545,703,788,5494.272598527655,-0.5157554453637658,1.0250718852201526,5494.272646335336,-0.5158032530448509
2544,703,794,5494.221818276257,-0.6696349950532294,1.231843964916705,5494.221887314907,-0.6697040337030558
2546,703,789,5493.622902837272,-0.7305019919813276,1.079845464660878,5493.622955894753,-0.7305550494629642
2548,704,793,5494.739526003827,-1.2469632778654614,1.325653225602254,5494.739605941999,-1.2470432160375822
2549,704,787,5494.870173935406,-0.8510604549016989,1.0726636581656916,5494.870226276457,-0.851112795953668
2550,704,788,5494.075066105489,-1.1143385428363217,1.2128829985608003,5494.0751330315325,-1.114405468879795
2551,704,794,5493.944404953112,-1.5102814288263744,1.4658981670518991,5493.944502709236,-1.5103791849505797
2554,705,787,5494.671848153197,-1.4520476737166064,1.123947934171412,5494.671905614554,-1.4521051350729977
2552,705,792,5495.202655795997,-1.8301814791852848,1.1380209531296819,5495.202714695575,-1.8302403787643016
2553,705,786,5495.408078482742,-1.207688489049815,0.9038623904736361,5495.408115640479,-1.2077256467873667
2555,705,793,5494.466383895535,-2.074666636329084,1.3581538829767386,5494.466467792931,-2.074750533725819
2559,706,692,5493.884716265249,0.0788592055182562,0.20882477258312082,5493.884718249656,0.0788572211108658
2556,706,796,5493.605302520451,-0.013777072389302703,0.27126090112406176,5493.605305868994,-0.013780420932562265
2558,706,691,5493.826492447112,-0.09757660701711757,0.29773144897932063,5493.826496480842,-0.0975806407464006
2557,706,790,5493.547090490899,-0.19017716194116474,0.3601495765655247,5493.547096393426,-0.19018306446787392
2563,707,796,5493.50641074118,-0.3134491307848748,0.8398331560857352,5493.5064428372325,-0.3134812268372116
2561,707,789,5493.773350571862,-0.27459976595127955,0.7682345652950685,5493.773377427486,-0.2746266215754076
2560,707,795,5493.791536143443,-0.2194919732805829,0.8590131496185961,5493.791569721078,-0.2195255509150229
2562,707,790,5493.488221487565,-0.36856808113452644,0.7490361918170854,5493.488247018591,-0.3685936121605664
2565,708,658,5495.861160618658,-1.7185562174597635,0.08952606016261963,5495.861160983132,-1.7185565819345356
2564,708,657,5495.567571782583,-2.608219357078724,0.14830605120554366,5495.567572782673,-2.608220357168193
2566,708,785,5495.675744651479,-1.7817480856567727,0.40335736005670936,5495.675752050225,-1.7817554844023107
2567,708,791,5495.382096426543,-2.6715911915223387,0.46214924142753694,5495.38210613825,-2.671600903228409
2571,709,792,5494.9872460741135,-2.482938212165436,0.9982513599104259,5494.987291390675,-2.482983528725981
2569,709,785,5495.76353409188,-1.5157194783826071,0.5539492601615928,5495.763548046954,-1.5157334334576262
2568,709,791,5495.500931407064,-2.3114851899456426,0.7172125340981584,5495.500954797904,-2.311508580786267
2570,709,786,5495.249901890479,-1.6870114959058355,0.8349550534783402,5495.2499335967705,-1.6870432021969464
2573,710,781,5494.70990560875,-0.6272074350365529,0.7297995016240131,5494.709929838715,-0.6272316650015455
2572,710,787,5494.607844037065,-0.9364849249927829,0.8939023293924744,5494.607880387484,-0.9365212754128152
2574,710,782,5494.194079966906,-0.7980714042760155,0.8392312461681505,5494.194112010131,-0.7981034475010347
2575,710,788,5494.091997737074,-1.107411494675489,1.0033672897587522,5494.092043538229,-1.1074572958295903
2576,711,786,5494.904700099545,-1.3729693948303066,0.7738147681068795,5494.904727335674,-1.3729966309583688
2578,711,781,5494.569563792732,-1.0524856653955794,0.7876793227309566,5494.569592016958,-1.052513889621423
2577,711,780,5495.064713351649,-0.8880807520938561,0.616339401186316,5495.064730631376,-0.8880980318208458
2579,711,787,5494.409518159115,-1.5374724339319528,0.9451865575847811,5494.409558797135,-1.5375130719521621
2580,712,785,5495.098204397398,-1.7348390670235858,0.4857663224805878,5495.098215129437,-1.7348497990628857
2581,712,779,5495.303030660676,-1.1141534207283712,0.37400105886833745,5495.303037022857,-1.1141597829087004
2582,712,780,5494.951391146497,-1.231481373763927,0.593119467864894,5494.95140714809,-1.231497375355957
2583,712,786,5494.746523441386,-1.8522926013729375,0.7049073445840983,5494.74654604147,-1.8523152014563493
2584,713,658,5495.138373399361,-1.9570759998277936,0.09010777565371615,5495.13837376862,-1.95707636908719
2585,713,659,5495.3676455849645,-1.2623118010269536,0.049564240604147984,5495.367645696697,-1.262311912759742
2586,713,779,5495.23973349814,-1.3059630041716446,0.29462261027436865,5495.239737446187,-1.3059669522185686
2587,713,785,5495.01041493402,-2.0008677439248004,0.3351743467060228,5495.010420043244,-2.000872853148394
2591,714,691,5494.324972533225,0.0681206592523722,0.109952156554015,5494.324973083321,0.06812010915655264
2590,714,690,5494.288221441773,-0.043246284540600755,0.21019498431189643,5494.288223452115,-0.04324829488177784
2589,714,784,5493.973242695151,-0.147420363252877,0.24968891546756017,5493.973245532027,-0.14742320012828714
2588,714,790,5494.009986344851,-0.03607597022232767,0.14946638595519318,5494.009987361415,-0.03607698678661109
2595,715,790,5493.951117270094,-0.21446710584905304,0.5383530546165418,5493.951130457903,-0.21448029365774346
2592,715,789,5494.053344308828,-0.18079715485305314,0.548427202940646,5494.053357994648,-0.18081084067353004
2593,715,783,5494.043838319102,-0.209603184326852,0.5158813387651134,5494.043850428734,-0.20961529395890466
2594,715,784,5493.941609355495,-0.24327896827185214,0.505800600200699,5493.941620996632,-0.24329060940908676
2596,716,788,5494.2895302718425,-0.508828055985532,0.8155561733896427,5494.289560533729,-0.5088583178726367
2597,716,782,5494.330871354651,-0.38355204747358584,0.6925275550636759,5494.330893175367,-0.38357386819006933
2598,716,783,5493.944245916468,-0.51139834382343,0.7369846245083689,5493.9442706298505,-0.511423057205775
2599,716,789,5493.902896464172,-0.6366997144182278,0.8600381499663525,5493.902930118749,-0.6367333689954648
2600,717,781,5494.5265074742665,-0.6868353216864307,0.5780500610490121,5494.526522675764,-0.686850523182784
2601,717,775,5494.604289644228,-0.4511317763499392,0.477006247034251,5494.604299996032,-0.4511421281545154
2602,717,776,5494.286690982314,-0.5563856760095405,0.5603205045566224,5494.286705266574,-0.5563999602700278
2603,717,782,5494.208893070161,-0.7921369249586405,0.6613847686307665,5494.208912971422,-0.7921568262204346
2607,718,781,5494.386165583497,-1.112113778563753,0.6359298514107863,5494.386183980681,-1.1121321757482292
2604,718,780,5494.706208172442,-1.0057358769283837,0.5058173677759136,5494.706219811116,-1.0057475156027067
2605,718,774,5494.827770480089,-0.6373652476920597,0.4040354419478108,5494.827777906423,-0.63737267402621
2606,718,775,5494.5077401900435,-0.7437058799396254,0.5341376279606187,5494.507753169568,-0.7437188594640247
2609,719,773,5494.981182702964,-0.7992910633026895,0.24206427379347228,5494.981185368424,-0.7992937287622226
2608,719,779,5494.825374738807,-1.2714364092341839,0.3159435309197491,5494.825379279317,-1.2714409497439192
2610,719,774,5494.7487254040825,-0.8768957810459597,0.4087031728342486,5494.748733002775,-0.8769033797389056
2611,719,780,5494.592885915805,-1.34913665461454,0.48259737773712064,5494.592896509996,-1.349147248805366
2612,720,783,5494.237415856246,-0.14462172522712535,0.32868315851103536,5494.23742077184,-0.14462664082157062
2613,720,777,5494.233603931166,-0.15617301334873446,0.3314513533836623,5494.233608929901,-0.15617801208418314
2614,720,778,5494.242308142038,-0.15327874074682768,0.3273730888692418,5494.242313018514,-0.1532836172223142
2615,720,784,5494.2461208389195,-0.14172511383276287,0.3246043335218071,5494.2461256332645,-0.14172990817814934
2618,721,777,5494.170545749286,-0.34725841298381965,0.48363036673495374,5494.170556391637,-0.34726905533398167
2619,721,783,5494.137823367351,-0.44641714611839234,0.5497864745249545,5494.137837120219,-0.4464308989863639
2616,721,782,5494.345684545841,-0.3776173016840403,0.5146810750839839,5494.345696598159,-0.3776293540017832
2617,721,776,5494.378400305152,-0.27847863710417187,0.448538356487272,5494.378409458893,-0.2784877908443377
2620,722,784,5494.277754235118,-0.045866337474762986,0.06849261648042183,5494.277754448576,-0.04586655093316949
2621,722,778,5494.256125642525,-0.11140752715004965,0.16704297449782024,5494.25612691216,-0.11140879678441706
2622,722,689,5494.565779584253,-0.009097538567175434,0.14372566106503534,5494.565780524137,-0.009098478451960545
2623,722,690,5494.587412556876,0.05645692392749879,0.04515534548316165,5494.587412649651,0.05645683115335487
2624,723,659,5494.847480464248,-1.4339662908632818,0.049949390002033224,5494.847480577731,-1.4339664043463927
2625,723,660,5495.022083008389,-0.9048676722561595,0.022895675394365343,5495.022083032234,-0.904867696101519
2626,723,773,5494.936715422063,-0.9340403993667223,0.2095058451571898,5494.936717418685,-0.9340423959883992
2627,723,779,5494.762077558302,-1.4632460471268587,0.23656503233522347,5494.762080103822,-1.463248592646778
2630,724,771,5494.324926076194,-0.2273194431970751,0.300838985320015,5494.324930194096,-0.22732356109872853
2631,724,777,5494.299681602481,-0.3038178483891443,0.32984362328916556,5494.2996865526475,-0.30382279855621164
2629,724,770,5494.416082444328,-0.19710676319368758,0.2738163621591202,5494.416085855642,-0.19711017450799773
2628,724,776,5494.390843080316,-0.27358968444423226,0.3028151293221321,5494.390847252409,-0.27359385653699064
2635,725,776,5494.29913369169,-0.5514969227021993,0.41459727924763656,5494.299141512235,-0.5515047432472784
2632,725,775,5494.480242537411,-0.49139906503978636,0.3526747353630411,5494.480248196196,-0.4914047238257808
2634,725,770,5494.356985204772,-0.37618930730423017,0.3569809101474831,5494.356991002842,-0.3761951053734265
2633,725,769,5494.538082343215,-0.31612692623980365,0.2950700259392189,5494.538086304481,-0.3161308875060058
2636,726,774,5494.579965435484,-0.7186299667982894,0.3133870694734445,5494.579969903461,-0.7186344347746854
2637,726,768,5494.670077300938,-0.44556370784630417,0.2509859979339261,5494.670080166845,-0.4455665737536947
2638,726,769,5494.473844028216,-0.5107884868441488,0.347390086603953,5494.473849518672,-0.5107939772992722
2639,726,775,5494.383704809165,-0.7839376354838805,0.40981010009856644,5494.38371244971,-0.7839452760299537
2640,727,777,5494.362739849076,-0.11273225264540088,0.17766459147402525,5494.362741285278,-0.11273368884758384
2641,727,771,5494.362477909759,-0.11352600815189362,0.19991376563929902,5494.362479728199,-0.11352782659241711
2642,727,772,5494.432372795953,-0.09045926360431622,0.19958888107182046,5494.432374608472,-0.0904610761240292
2643,727,778,5494.432634761786,-0.0896654277437392,0.1773374545402812,5494.432636192692,-0.08966685864970714
2647,728,774,5494.500911720126,-0.958186680002882,0.31804677808969084,5494.500916321824,-0.9581912816997828
2644,728,773,5494.647974778045,-0.9089924134618741,0.1943711388952153,5494.6479764967125,-0.9089941321299193
2645,728,767,5494.763639753026,-0.5584924892784784,0.14763858414347675,5494.763640744649,-0.5584934809012339
2646,728,768,5494.616600094859,-0.6076158474802469,0.27130476903787976,5494.616603443506,-0.6076191961274162
2648,729,660,5494.658223710583,-1.0249412405321436,0.023141662819134913,5494.658223734945,-1.0249412648936413
2649,729,661,5494.787990437103,-0.631708735925713,0.005811934637999294,5494.787990438639,-0.6317087374623043
2650,729,767,5494.733287333863,-0.6504695170431205,0.14448119764379835,5494.733288283515,-0.6504704666958787
2651,729,773,5494.6035074836855,-1.0437417903094683,0.1618126784391479,5494.60350867478,-1.0437429814041934
2654,730,688,5494.716572801685,0.010913796305203505,0.09433974166163363,5494.7165732066205,0.01091339137065006
2653,730,772,5494.43516077883,-0.08201083064000159,0.10657580549815893,5494.435161295636,-0.08201134744604133
2652,730,778,5494.446452305037,-0.04779408455874545,0.0170073217189668,5494.446452318198,-0.04779409771936116
2655,730,689,5494.727866614554,0.04513747166242865,0.004753119251310779,5494.727866615582,0.04513747063401752
2658,731,687,5494.7829503038565,0.02130082787334686,0.05843304902846338,5494.7829504592055,0.02130067252437584
2656,731,772,5494.5452513379705,-0.04509627457628085,-0.013733567153702766,5494.545251346552,-0.04509628315781811
2657,731,766,5494.54078357079,-0.05863496300185034,0.06333953033432009,5494.5407837533285,-0.05863514554039284
2659,731,688,5494.787418975901,0.03484225831039112,-0.018655658199329045,5494.787418991737,0.03484224247540624
2660,732,771,5494.444679460774,-0.08577276293544855,0.07739558317866486,5494.444679733321,-0.08577303548281634
2661,732,765,5494.446498409143,-0.08026079818137077,0.10852435387555583,5494.446498945019,-0.0802613340570133
2663,732,772,5494.5424747182515,-0.05351027372557837,0.07927597730306554,5494.5424750042,-0.053510559674123215
2662,732,766,5494.544294219101,-0.04799663478479488,0.11041420292805113,5494.5442947737965,-0.04799718948015652
2665,733,764,5494.445239050507,-0.13552554152147422,0.15191254094911183,5494.445240100515,-0.13552659153037894
2666,733,765,5494.42615343687,-0.14191222931299308,0.17225726553963186,5494.426154786956,-0.14191357939944282
2667,733,771,5494.407115975684,-0.19960150563133539,0.1783234549826283,5494.407117422523,-0.19960295247028625
2664,733,770,5494.426205442278,-0.19320314221431545,0.15797750270665287,5494.426206577793,-0.1932042777298193
2668,734,769,5494.45767178735,-0.34218192491607624,0.1962465362108587,5494.457673539584,-0.34218367715038767
2669,734,763,5494.499642700983,-0.2149973381503969,0.16744445756349366,5494.499643976647,-0.2149986138147142
2670,734,764,5494.409083316248,-0.24508837260736982,0.21233705880678255,5494.409085367653,-0.2450904240113232
2671,734,770,5494.367108155407,-0.37228582970237767,0.24114205204875228,5494.367110801096,-0.3722884753915423
2675,735,767,5494.508645040536,-0.7244065222919289,0.10649299235871985,5494.508645556472,-0.724407038228037
2674,735,761,5494.602727492118,-0.4393081841640196,0.09598131670286902,5494.602727911242,-0.43930860328828203
2673,735,662,5494.635917399895,-0.4278930896482507,-0.004539138147954375,5494.635917400832,-0.4278930905852576
2672,735,661,5494.54185397601,-0.7129337680864865,0.005970411583407794,5494.541853977632,-0.7129337697078881
2677,736,761,5494.622737837401,-0.37867077421788053,0.08182095595196608,5494.62273814198,-0.37867107879810646
2676,736,767,5494.53899385958,-0.6324404039769433,0.10964316404316075,5494.538994406497,-0.6324409508943063
2678,736,762,5494.535177316091,-0.4079546466030024,0.17134985591873986,5494.5351786519,-0.4079559824117496
2679,736,768,5494.451416394623,-0.6617756207494949,0.1991776931950486,5494.451418199488,-0.6617774256146731
2680,737,768,5494.504893628431,-0.4997233970891557,0.17885894366714214,5494.504895083868,-0.49972485252556
2681,737,762,5494.570068931468,-0.3022224787960113,0.14342379268303165,5494.570069867358,-0.30222341468561353
2682,737,763,5494.458621924565,-0.33930272123348004,0.21312426381712876,5494.458623991153,-0.3393047878221296
2683,737,769,5494.393433432152,-0.5368436073331395,0.24856658573866808,5494.393436243168,-0.5368464183493415
2684,738,763,5494.450461992881,-0.23087526588960827,0.09107925823546535,5494.450462370311,-0.23087564331990507
2685,738,757,5494.48017098832,-0.14084800698060462,0.08046958456431455,5494.480171282943,-0.14084830160300044
2686,738,758,5494.4467917811735,-0.15198492950662512,0.11222887126310963,5494.446792354251,-0.1519855025835568
2687,738,764,5494.417073765697,-0.2420395218618978,0.12284176618506412,5494.417074452277,-0.24204020844172192
2690,739,757,5494.455375690455,-0.21598527323862982,0.11908092193065015,5494.455376335638,-0.2159859184207562
2688,739,762,5494.465040268415,-0.33663922632285903,0.08764846202038865,5494.465040617939,-0.3366395758471299
2689,739,756,5494.510977358511,-0.1974359230018763,0.06997370218419437,5494.510977581285,-0.19743614577600965
2691,739,763,5494.409433952738,-0.35520266026105674,0.1367574699968878,5494.409434803667,-0.35520351118930193
2695,740,761,5494.457730956255,-0.48702131980439844,0.06656834429615772,5494.457731157865,-0.4870215214145901
2692,740,662,5494.476337026875,-0.48055461274498157,-0.0044466657499510455,5494.476337027774,-0.4805546136449266
2694,740,755,5494.5242070373515,-0.28557864981212333,0.06068291911558573,5494.524207204892,-0.28557881735287083
2693,740,663,5494.542792943337,-0.27917304770812734,-0.01033030565916143,5494.542792948192,-0.2791730525636922
2696,741,761,5494.47773851594,-0.4263923510618497,0.052403325282261604,5494.477738640879,-0.4263924760007285
2697,741,755,5494.536835158936,-0.24731161470958796,0.037289154155726485,5494.536835222199,-0.24731167797290254
2698,741,756,5494.489257233689,-0.26325448306761245,0.10045728382735168,5494.48925769284,-0.2632549422178272
2699,741,762,5494.430148633861,-0.44237145224428787,0.1155745129608203,5494.430149241585,-0.44237205996887496
2702,742,759,5494.489072586592,-0.08277370776795578,0.0843690395559389,5494.489072910463,-0.08277403163901909
2703,742,765,5494.475013838804,-0.12537597379127874,0.07742349654068453,5494.475014111545,-0.12537624653123203
2700,742,764,5494.453221056197,-0.13250227791968427,0.06241749981534249,5494.45322123346,-0.13250245518293013
2701,742,758,5494.467276958373,-0.08990863496228485,0.06936163695434602,5494.467277177273,-0.0899088538626529
2704,743,766,5494.596176975215,-0.03994776581930637,-0.030326606256651092,5494.59617701706,-0.03994780766470285
2705,743,760,5494.59602127261,-0.04041959189316913,0.0331379401746371,5494.5960213225735,-0.04041964185717006
2706,743,686,5494.795403110486,0.02537705319264205,0.0328751970791601,5494.79540315966,0.02537700401944676
2707,743,687,5494.795558844622,0.025848974815971815,-0.030602201642371013,5494.79555888723,0.025848932207281905
2708,744,765,5494.495358843393,-0.06372444473549876,0.01369057925232196,5494.49535885192,-0.06372445326314846
2709,744,759,5494.498274291238,-0.054889754294208615,0.04690270807886526,5494.4982743913315,-0.0548898543870564
2710,744,760,5494.602603344894,-0.020473918306151973,0.04996356171082195,5494.602603458476,-0.02047403188817043
2711,744,766,5494.599687601903,-0.02930950312929781,0.016748070635542123,5494.5996876146655,-0.029309515891782212
2715,745,686,5494.772915329347,0.018217004381313018,-0.03508314472527821,5494.772915385347,0.018216948381450493
2714,745,685,5494.775319747384,0.02550311964660068,0.015054863597148405,5494.775319757697,0.025503109334295004
2713,745,754,5494.617824444127,-0.026461127513812244,0.012557336244351418,5494.617824451301,-0.026461134688815946
2712,745,760,5494.615420269526,-0.033746505092722145,-0.037575595817547984,5494.615420333766,-0.03374656933328879
2719,746,760,5494.6220090273655,-0.013780572246787415,-0.020750594850904996,5494.622009046957,-0.01378059183844016
2717,746,753,5494.527499905543,-0.035806215030788735,0.006842096196735008,5494.527499907673,-0.03580621716082533
2716,746,759,5494.524112304607,-0.04607167241283605,-0.02431954464499294,5494.524112331517,-0.04607169932296529
2718,746,754,5494.625397657237,-0.0035119968770231935,0.01042051085562234,5494.625397662177,-0.003512001817853161
2720,747,758,5494.473384652877,-0.08763557806219069,0.002251680283982135,5494.473384653107,-0.08763557829252022
2721,747,752,5494.483602422754,-0.05667263904115316,0.015473121271883697,5494.483602433647,-0.0566726499350807
2722,747,753,5494.525122634814,-0.043010065727003166,0.026370397873488414,5494.525122666454,-0.04301009736718697
2723,747,759,5494.51490383075,-0.07397613864691266,0.013147618626378931,5494.514903838615,-0.07397614651154072
2726,748,752,5494.473439331135,-0.08746988637449249,0.045196337628094926,5494.473439424077,-0.08746997931666556
2727,748,758,5494.452899454038,-0.14971193818314532,0.04511891522076781,5494.452899546661,-0.14971203080631312
2725,748,751,5494.4732231480275,-0.08746827014715564,0.023254631136088375,5494.473223172632,-0.08746829475194318
2724,748,757,5494.452687427538,-0.14969772617655508,0.023177224443269064,5494.45268745198,-0.14969775061808832
2731,749,755,5494.436112330337,-0.31456492172719663,0.038562112549861166,5494.436112397994,-0.31456498938496225
2729,749,664,5494.4909329549355,-0.1728498048221354,-0.013160217139881211,5494.490932962815,-0.17284981270222488
2728,749,663,5494.445220663511,-0.31137190005074444,-0.010283188638271908,5494.445220668322,-0.31137190486151667
2730,749,749,5494.481833868711,-0.17601480544135484,0.03568450206717721,5494.4818339266485,-0.17601486337935057
2735,750,756,5494.426851728949,-0.2836875274697377,0.05856359241745364,5494.426851884995,-0.2836876835149269
2733,750,749,5494.489347652926,-0.153245762365259,0.008220695578942701,5494.489347656001,-0.15324576544026058
2732,750,755,5494.448740456367,-0.2762978731511794,0.015168353563189619,5494.448740466835,-0.27629788361900864
2734,750,750,5494.467463033054,-0.16062296957602484,0.051615231620685716,5494.467463154269,-0.16062309079143233
2737,751,750,5494.480112505623,-0.12229123451834312,0.02151688641927261,5494.480112526688,-0.1222912555831499
2736,751,756,5494.448575836562,-0.21785689834041477,0.028082028832505383,5494.448575872442,-0.21785693422089025
2738,751,751,5494.45944378005,-0.12922393068652127,0.05522231125840661,5494.4594439188,-0.1292240694369866
2739,751,757,5494.427897537984,-0.22481860361290273,0.06178944648336121,5494.427897711696,-0.2248187773243444
2741,752,744,5494.468086294704,-0.06902839489362123,-0.009028109920834236,5494.468086298413,-0.0690283986018585
2740,752,750,5494.446929267705,-0.13314059792219268,-0.008883569622531522,5494.446929271296,-0.1331406015133325
2743,752,751,5494.446447301975,-0.1333747953526654,0.013722808689042687,5494.446447310544,-0.13337480392146972
2742,752,745,5494.467608610475,-0.06924961808340413,0.013578239180735674,5494.467608618863,-0.06924962647235589
2745,753,745,5494.474160064556,-0.04939672692808017,-0.01262037659736435,5494.4741600718025,-0.0493967341753887
2744,753,751,5494.460226681498,-0.09161909982958605,-0.018244870121407224,5494.460226696644,-0.09161911497540132
2747,753,752,5494.477877933525,-0.08584368237120543,-0.0033663692591124786,5494.47787793404,-0.08584368288666155
2746,753,746,5494.491812726557,-0.0436170368184321,0.0022586935041350406,5494.491812726789,-0.04361703705035325
2750,754,748,5494.625755807496,0.006239381836167013,-0.014182999802146472,5494.625755816649,0.0062393726834670815
2749,754,747,5494.541452342652,-0.02156926801967529,-0.017893511576626327,5494.54145235722,-0.021569282587279304
2748,754,753,5494.537948624144,-0.03218659683216174,-0.04473083125717601,5494.537948715181,-0.03218668787030765
2751,754,754,5494.6222517342885,-0.004379021822160212,-0.04102303633408496,5494.622251810858,-0.004379098391837033
2752,755,752,5494.488045639393,-0.05503245246768529,-0.03308972704589397,5494.4880456892115,-0.05503250228639445
2753,755,746,5494.49544734396,-0.03260304468631148,-0.017957848306753104,5494.495447358633,-0.032603059358734754
2754,755,747,5494.542980177876,-0.016939464307597518,-0.010066389348676619,5494.542980182487,-0.016939468918735656
2755,755,753,5494.5355762256,-0.039375683326852595,-0.025202863255526654,5494.5355762545005,-0.03937571222786573
2756,756,749,5494.440672646833,-0.1692508957703467,-0.007855518720370137,5494.440672649641,-0.16925089857795683
2757,756,743,5494.467877419162,-0.08681219174695798,-0.009877006320698174,5494.4678774236,-0.08681219618529212
2758,756,744,5494.461492943277,-0.08900824770080362,0.019193945601397575,5494.461492960039,-0.08900826446324572
2759,756,750,5494.434282666696,-0.17146363127994846,0.021215842225522065,5494.434282687176,-0.1714636517594954
2761,757,748,5494.6184646610445,-0.01585500135138318,-0.001071747659031118,5494.618464661096,-0.01585500140345175
2760,757,754,5494.6146834059045,-0.027313350259873914,-0.03888610734962635,5494.614683474705,-0.027313419059737498
2762,757,684,5494.737270895263,0.02333968217999427,0.002926392097005244,5494.737270895652,0.023339681790730538
2763,757,685,5494.733488491386,0.01187785225101834,-0.03489945552681895,5494.733488546802,0.01187779683550616
2767,758,749,5494.4331573356885,-0.19202456590642214,0.019606716986973884,5494.43315735318,-0.19202458339759687
2764,758,664,5494.436454088656,-0.19082783069438847,-0.013137417287075561,5494.436454096509,-0.19082783854764784
2766,758,743,5494.463808875044,-0.09914111331499953,0.01857000506035118,5494.463808890735,-0.09914112900605687
2765,758,665,5494.467099428894,-0.0979631633090321,-0.014173919593887202,5494.467099438034,-0.0979631724499086
2771,759,747,5494.543561677828,-0.01664785783100342,-0.04549933015564866,5494.54356177202,-0.01664795202395908
2770,759,741,5494.54906058292,1.549093462926976e-05,-0.031098918337662887,5494.549060626925,1.5446930319740204e-05
2769,759,740,5494.503832340388,-0.014894801562377324,-0.03695842822936639,5494.503832402537,-0.014894863711560902
2768,759,746,5494.498333991808,-0.031556463926108336,-0.0513573826593355,5494.498334111817,-0.0315565839350711
2774,760,740,5494.504175699645,-0.013854318964604317,-0.023343319073095243,5494.504175724438,-0.013854343757429888
2775,760,746,5494.494702529977,-0.042560893715062775,-0.031140932511757546,5494.4947025741,-0.04256093783851611
2772,760,745,5494.470222459153,-0.05060826031422039,-0.041250194233666104,5494.4702225365745,-0.05060833773586637
2773,760,739,5494.479692753516,-0.021910398607133175,-0.03345494751711032,5494.479692804442,-0.021910449532697385
2777,761,738,5494.468056210445,-0.031034510321205744,-0.026980125074860837,5494.468056243566,-0.0310345434422743
2778,761,739,5494.477721699749,-0.027883288810244267,-0.011970271540379817,5494.477721706268,-0.02788329532904754
2779,761,745,5494.463668286402,-0.07046938986241003,-0.015051706683716819,5494.46366829671,-0.07046940017062298
2776,761,744,5494.454004218788,-0.07361630322066048,-0.030061248495954162,5494.454004259906,-0.07361634433755171
2783,762,748,5494.609546427955,0.0009992608136144554,-0.049666466603586604,5494.60954654019,0.0009991485785576515
2780,762,747,5494.542037208041,-0.021267463247113483,-0.053326469982172386,5494.542037337428,-0.02126759263501299
2781,762,741,5494.545487569346,-0.010811822928417314,-0.03183521177590185,5494.545487615458,-0.010811869040935562
2782,762,742,5494.612997487856,0.011457018087412507,-0.028170857041730692,5494.612997523964,0.011456981979335978
2784,763,743,5494.445400752229,-0.09419525420594255,-0.021028314584080384,5494.445400772349,-0.09419527432555697
2785,763,737,5494.463360723555,-0.039771098674464156,-0.020380979969701337,5494.463360742455,-0.039771117574218806
2786,763,738,5494.465378276519,-0.03914946161171429,-0.0011912087891378274,5494.465378276584,-0.03914946167606104
2787,763,744,5494.44741285452,-0.09359013433731889,-0.0018387399046446923,5494.4474128546735,-0.09359013449102349
2791,764,743,5494.441331149871,-0.10652738256248995,0.007417971557082026,5494.441331152375,-0.10652738506632886
2789,764,666,5494.461588181075,-0.04522962094392824,-0.014175091203949719,5494.461588190217,-0.0452296300868511
2788,764,665,5494.441385909873,-0.10644862458593707,-0.014164813832107688,5494.441385919003,-0.10644863371499014
2790,764,737,5494.461535464183,-0.04530218767763472,0.0074076931804046816,5494.461535466679,-0.0453021901739703
2793,765,742,5494.606630652787,-0.007836421513047753,-0.009716168584502713,5494.606630657083,-0.007836425808363856
2792,765,748,5494.602251923781,-0.021105297289750524,-0.03655573725395477,5494.602251984583,-0.021105358091062953
2794,765,683,5494.690946436043,0.019977011842911452,-0.005062439812982522,5494.690946437209,0.01997701067739399
2795,765,684,5494.686566820296,0.006705448972752492,-0.031907443776201444,5494.686566866618,0.006705402651277836
2799,766,683,5494.638362177258,0.0026753436313811108,-0.027249200181928963,5494.6383622110425,0.002675309847745666
2798,766,682,5494.642817421515,0.016176083805021335,-0.009937991645936173,5494.642817426009,0.016176079310753266
2797,766,736,5494.5884412665755,-0.0017583030614787276,-0.01468342407457734,5494.588441276385,-0.0017583128710612073
2796,766,742,5494.583986473389,-0.015257676352348426,-0.03199287989866386,5494.58398651996,-0.015257722922797257
2801,767,735,5494.543413981369,-0.00232633211362554,-0.03801994937238713,5494.543414047139,-0.002326397884189646
2802,767,736,5494.593730892869,0.014270867524146524,-0.0344271780731454,5494.593730946795,0.014270813596795051
2800,767,741,5494.540039189172,-0.012552975135804445,-0.054036367122461085,5494.540039322028,-0.012553107991607249
2803,767,742,5494.590355417308,0.004042153704631346,-0.05044683898501528,5494.590355533099,0.004042037913677632
2804,768,740,5494.505106381074,-0.014420541028584921,-0.057999200901214104,5494.505106534132,-0.014420694086311414
2805,768,734,5494.5095160963365,-0.001057767508427787,-0.045741739361869704,5494.509516191536,-0.0010578627084214531
2806,768,735,5494.548023252675,0.011641156693940502,-0.04103889023487947,5494.548023329306,0.011641080063782283
2807,768,741,5494.543612198296,-0.0017256747601095412,-0.053300074074991405,5494.543612327556,-0.0017258040206797887
2811,769,740,5494.505447742888,-0.013386111291538327,-0.04438405121658535,5494.50544783252,-0.01338620092428755
2810,769,734,5494.512228610865,0.00716197348924652,-0.03650638416746148,5494.512228671503,0.007161912850733643
2809,769,733,5494.487488583192,-0.0009874139086605283,-0.04374369758389292,5494.487488670257,-0.0009875009736788343
2808,769,739,5494.480708401329,-0.021533419556135414,-0.05162056757531708,5494.480708522572,-0.02153354079928249
2815,770,739,5494.478739064275,-0.027501107597572627,-0.030135923753316585,5494.478739105597,-0.027501148919327534
2813,770,732,5494.475121016759,-0.0027106535317216185,-0.03618893151547218,5494.475121076348,-0.0027107131204502366
2812,770,738,5494.465507968146,-0.03184110387110195,-0.04040315881671338,5494.465508042421,-0.03184117814544152
2814,770,733,5494.488354058258,0.0016352378029296233,-0.025920843626015825,5494.488354088829,0.0016352072316294652
2816,771,737,5494.457172242211,-0.041796858120051184,-0.02752390219927566,5494.45717227668,-0.041796892588990886
2817,771,731,5494.469255659238,-0.005180442886739911,-0.025720090342188372,5494.469255689337,-0.005180472986012319
2818,771,732,5494.474914622399,-0.003336090982429596,-0.012810148371004396,5494.474914629865,-0.0033360984493810975
2819,771,738,5494.462828760574,-0.03995991469673754,-0.014614325178694843,5494.462828770292,-0.03995992441468843
2820,772,666,5494.4539042589295,-0.04776531525158134,-0.014172617522706585,5494.453904268068,-0.0477653243910936
2821,772,667,5494.467417444901,-0.006816266851956243,-0.013708845860394588,5494.467417453452,-0.006816275403252803
2822,772,731,5494.468863577825,-0.006368568381731166,0.0007288356063722815,5494.468863577849,-0.006368568405832775
2823,772,737,5494.455347658327,-0.04732590019352756,0.00026497013151900636,5494.45534765833,-0.047325900196938164
2825,773,668,5494.479612246613,0.024091934250918712,-0.013122852338778418,5494.4796122544485,0.024091926415621856
2827,773,731,5494.47149117451,-0.00549368902261449,-0.003072606492807057,5494.47149117494,-0.00549368945257811
2826,773,725,5494.481449077187,0.024681773634256388,-0.002485917708890775,5494.481449077468,0.024681773353222525
2824,773,667,5494.469656357872,-0.006077425571902495,-0.013709422468391526,5494.469656366424,-0.006077434123199055
2831,774,732,5494.478204591873,-0.0022376873716893897,-0.01991508701630795,5494.478204609919,-0.0022377054169737676
2828,774,731,5494.471882896484,-0.004306652738023331,-0.02952144803520144,5494.471882936139,-0.004306692392219702
2829,774,725,5494.480875590449,0.022943935033254093,-0.027507200245389326,5494.480875624877,0.0229439006056964
2830,774,726,5494.487198195477,0.025015656882033,-0.01790063546822409,5494.487198210056,0.02501564230215081
2834,775,727,5494.498544717002,0.0248737014735525,-0.031372095238301645,5494.498544761784,0.024873656691852375
2833,775,726,5494.485762702885,0.020665679333887965,-0.0392245927259195,5494.485762772891,0.020665609329171275
2832,775,732,5494.478411659986,-0.0016102082402085216,-0.04329397611507704,5494.47841174527,-0.0016102935242088279
2835,775,733,5494.491191442682,0.002591052018033224,-0.03544271387709151,5494.491191499839,0.0025909948612934386
2838,776,728,5494.5171546109805,0.02372928494628468,-0.040585483644202634,5494.517154685927,0.023729209999146406
2836,776,733,5494.490325969247,-3.1594754318575724e-05,-0.05326556800244116,5494.490326098341,-3.17238486786664e-05
2837,776,727,5494.495849973568,0.016707812278809797,-0.04648360020180706,5494.49585007188,0.016707713965388393
2839,776,734,5494.511629488553,0.006986489713426636,-0.04736882418943434,5494.511629590646,0.006986387620145251
2843,777,735,5494.539041342601,0.00869729838495914,-0.05230114582623643,5494.539041467062,0.008697173923792434
2841,777,728,5494.512950115733,0.010988390256216007,-0.04701368731036119,5494.5129502163,0.010988289688157238
2840,777,734,5494.508915946766,-0.0012363641881165677,-0.05660419892230698,5494.508916092549,-0.0012365099714770622
2842,777,729,5494.543075919885,0.02092329015499672,-0.04270966354337856,5494.543076002882,0.02092320715837559
2845,778,729,5494.537802200623,0.004942322696479096,-0.03817779797473614,5494.537802266941,0.004942256378399179
2844,778,735,5494.534433140283,-0.005266951062822045,-0.049281914845459636,5494.534433250788,-0.0052670615677925525
2847,778,736,5494.569313283875,0.006236128449927492,-0.04569165236878489,5494.569313378866,0.006236033459117607
2846,778,730,5494.57268302635,0.01644746928081986,-0.0345852872627855,5494.572683080774,0.01644741485688428
2850,779,681,5494.597584575886,0.012511712370269379,-0.012148870103584467,5494.5975845826015,0.012511705654105754
2849,779,730,5494.568184849075,0.0028166290535409644,-0.01658895582905075,5494.568184861597,0.002816616532527405
2848,779,736,5494.564023658807,-0.00979303842518675,-0.025947897449117793,5494.5640236894415,-0.009793069059924164
2851,779,682,5494.59342254293,-0.00010050870832856162,-0.02150970703843591,5494.593422563981,-0.00010052975994767621
2852,780,727,5494.498156160158,0.017471894288291878,-0.04846527798550767,5494.498156267033,0.0174717874133421
2854,780,722,5494.519725356213,0.038926115468257194,-0.03761710121002931,5494.519725420598,0.038926051083763014
2855,780,728,5494.514411578351,0.022827474221685407,-0.042793999482821934,5494.5144116616775,0.022827390896509314
2853,780,721,5494.503468862403,0.03356727789036995,-0.04328942730935272,5494.503468947669,0.033567192623650044
2859,781,729,5494.5320483972855,0.017287484105281692,-0.04484204535497023,5494.532048488777,0.017287392613980046
2856,781,728,5494.510205374801,0.010086017145795267,-0.049222582781344046,5494.510205485041,0.010085906905715092
2857,781,722,5494.5143114537905,0.022523689381841905,-0.04226838548239858,5494.514311535082,0.022523608090978087
2858,781,723,5494.536154992785,0.029727570404247672,-0.037886503418903816,5494.536155058095,0.029727505093887885
2861,782,723,5494.530180237092,0.01161933607568244,-0.03299425405613041,5494.530180286624,0.011619286543464113
2860,782,729,5494.526775678092,0.0013068479709090752,-0.04031057510528708,5494.526775752027,0.0013067740364931524
2862,782,724,5494.553164483188,0.01920134633814996,-0.02936065227879238,5494.553164522411,0.019201307115508826
2863,782,730,5494.5497595089055,0.008885929938060144,-0.03667909780100893,5494.549759570118,0.008885868724519241
2867,783,681,5494.5560425125395,-0.0011929125446386024,-0.014912543887194438,5494.556042522658,-0.0011929226634492807
2866,783,680,5494.559573747436,0.009507799263246852,-0.011480716585482484,5494.559573753433,0.009507793265584041
2865,783,724,5494.5487947657275,0.005954596791525546,-0.01525167876391283,5494.548794776311,0.0059545862077357015
2864,783,730,5494.545263779437,-0.004744101729102113,-0.01868297428444763,5494.5452637953185,-0.004744117610243848
2870,784,721,5494.507748950313,0.046527730772140785,-0.030036848498737223,5494.507748991364,0.046527689721187926
2871,784,727,5494.50085473178,0.025638539161946028,-0.033353455717340184,5494.500854782397,0.02563848854515527
2868,784,726,5494.490441864104,0.022211708027953136,-0.04071568900380249,5494.4904419395325,0.022211632599464792
2869,784,720,5494.497335244973,0.04309874037198824,-0.037399516432296456,5494.497335308615,0.04309867672918699
2873,785,719,5494.494747963887,0.05007290503272088,-0.026565524247037293,5494.494747995997,0.050072872921646194
2874,785,720,5494.500235202368,0.051874568591983916,-0.01764327688046252,5494.500235216531,0.0518745544286503
2875,785,726,5494.491882262635,0.026563684979237223,-0.019391774032926492,5494.4918822797445,0.026563667869140772
2872,785,725,5494.4863968719865,0.024767192985336806,-0.02831341043171905,5494.486396908462,0.024767156510279165
2878,786,719,5494.4961783476465,0.05439886521639892,-0.002769168837165845,5494.496178347996,0.054398864867380325
2876,786,668,5494.4853380341865,0.02598144415014758,-0.013123958327512598,5494.485338042024,0.025981436313486483
2877,786,669,5494.494540768637,0.0538685182430072,-0.012601546178988975,5494.494540775862,0.05386851101729917
2879,786,725,5494.486973682602,0.02650612825209464,-0.0032921024952167607,5494.486973683095,0.026506127758693765
2883,787,723,5494.52444862271,0.025858837890382347,-0.03238278614505129,5494.524448670423,0.025858790176698676
2880,787,722,5494.509813491922,0.02103336630875674,-0.03640864754890327,5494.509813552237,0.021033305994478724
2882,787,717,5494.528223567758,0.03728517774652573,-0.027722217250216848,5494.528223602725,0.037285142778728186
2881,787,716,5494.513588713104,0.03245773620756154,-0.031748735816363345,5494.513588758968,0.03245769034447221
2887,788,724,5494.533902528605,0.012841107972008103,-0.02441711366539461,5494.533902555731,0.012841080845191755
2885,788,717,5494.521362997978,0.016481348363413417,-0.022582174243287196,5494.521363021181,0.016481325160384586
2884,788,723,5494.518478320635,0.00775348126649078,-0.02749254737400232,5494.518478355026,0.007753446875540249
2886,788,718,5494.536785302704,0.0215691347543725,-0.019506681054011394,5494.536785320017,0.021569117441686103
2889,789,718,5494.5318805998,0.006691080125619919,-0.009679323394904956,5494.531880604063,0.006691075863272999
2888,789,724,5494.529538568038,-0.000405006222308657,-0.010308176017553307,5494.529538572873,-0.0004050110574098653
2890,789,679,5494.53385438427,0.007341148716022872,-0.007177527752908442,5494.533854386615,0.0073411463713455305
2891,789,680,5494.531512240805,0.00024374427471229865,-0.007806048054189209,5494.531512243577,0.00024374150189032662
2895,790,721,5494.5078381404,0.04655153776889165,-0.02453686739796196,5494.507838167794,0.046551510375138605
2894,790,715,5494.515910063349,0.07100293442954353,-0.021868825019193808,5494.51591008511,0.07100291266851855
2893,790,714,5494.50754144355,0.0682456984370674,-0.03048768795848685,5494.507541485842,0.06824565614397216
2892,790,720,5494.499471749565,0.043799444619253336,-0.03315457692587648,5494.49947179958,0.04379939460386595
2897,791,715,5494.509199651469,0.050709435852695606,-0.03406800214688447,5494.509199704278,0.05070938304379524
2898,791,716,5494.520887713899,0.054563408381682166,-0.028031932530737883,5494.520887749653,0.05456337262830857
2896,791,721,5494.503545043386,0.03358679214920812,-0.037790872209446644,5494.503545108368,0.03358672716831279
2899,791,722,5494.5152319602985,0.037437298585246026,-0.03175555661055387,5494.515232006182,0.037437252702147816
2900,792,669,5494.498030814886,0.05502023350527452,-0.012601995619494672,5494.498030822112,0.05502022627933911
2901,792,670,5494.509346552341,0.0893103470045844,-0.012234250262302383,5494.509346559153,0.08931034019360595
2902,792,713,5494.510499587805,0.08968466653732321,-0.00014462605820544488,5494.5104995878055,0.08968466653641372
2903,792,719,5494.499181349472,0.055387550140949315,-0.0005146769821106343,5494.4991813494835,0.055387550129125884
2907,793,720,5494.502387516554,0.05258049006033616,-0.013397551369531272,5494.502387524722,0.05258048189261899
2906,793,714,5494.512607363687,0.08354563013108418,-0.01191305920426846,5494.512607370144,0.0835456236736718
2905,793,713,5494.507957455688,0.08201674287056449,-0.022828598687681518,5494.5079574794,0.08201671915776387
2904,793,719,5494.497740332427,0.051058080901839276,-0.02431124798498084,5494.49774035932,0.05105805400899044
2911,794,717,5494.520283552831,0.03465838380043351,-0.014842761424178385,5494.520283562855,0.03465837377598291
2909,794,675,5494.510428293746,0.035216279523410776,-0.012760106037266818,5494.510428301155,0.03521627211512168
2908,794,716,5494.509008961002,0.030938539732687786,-0.016349495284142736,5494.509008973164,0.03093852757001514
2910,794,676,5494.521701580696,0.0389364642169312,-0.011252858427336757,5494.521701586457,0.03893645845528226
2912,795,715,5494.505170615426,0.04937242426581179,-0.019543559431086564,5494.505170632805,0.04937240688695965
2913,795,674,5494.511651139034,0.06898737830488244,-0.01599130875780762,5494.511651150669,0.06898736666926197
2914,795,675,5494.52279408343,0.0726645499555616,-0.009076859478117842,5494.522794087179,0.07266454620639706
2915,795,716,5494.516312246465,0.05304562549417824,-0.012629830143810427,5494.516312253722,0.05304561823595577
2916,796,714,5494.502940011739,0.0667215540890993,-0.01939801936351585,5494.50294002886,0.06672153696763417
2917,796,673,5494.514233225612,0.1009283468367812,-0.01653866605461742,5494.514233238057,0.10092833439102833
2918,796,674,5494.523191862588,0.10388469703889314,-0.0044801188388298606,5494.523191863501,0.10388469612553308
2919,796,715,5494.511895096226,0.06967056529242655,-0.007341756724547992,5494.511895098678,0.06967056284020146
2920,797,717,5494.513427783533,0.01385613885145176,-0.009704898323723366,5494.513427787819,0.013856134565685352
2923,797,718,5494.524594694047,0.017542104097401534,-0.011434788214987656,5494.524594699997,0.017542098148169316
2922,797,677,5494.522980449099,0.012639780867402806,-0.007881627970366074,5494.522980451926,0.012639778040920646
2921,797,676,5494.511816870335,0.00895579987536621,-0.006152922835759643,5494.511816872057,0.008955798152783245
2927,798,714,5494.508023258919,0.08202720361464344,-0.0008217905765345355,5494.50802325895,0.08202720358349325
2926,798,673,5494.522907206491,0.12712010378641025,0.0010753544595618748,5494.522907206544,0.1271201037334322
2924,798,713,5494.502101011072,0.08008098690220322,-0.016709263421260043,5494.502101023776,0.0800809741986086
2925,798,672,5494.516980353205,0.12516424220211775,-0.014816780709366196,5494.516980363194,0.1251642322126827
2930,799,678,5494.523372391963,0.0014484812850241724,-0.0011144784202641947,5494.523372392019,0.0014484812290902482
2929,799,677,5494.518796686814,-6.15014141658321e-05,-0.00015251647167424665,5494.518796686815,-6.15014150753268e-05
2928,799,718,5494.51969524807,0.0026657843577595486,-0.0016083240219467612,5494.519695248187,0.002665784240434732
2931,799,679,5494.524272754981,0.0041768540693283285,-0.0025709213893115325,5494.524272755281,0.004176853768967703
2934,800,672,5494.521713027762,0.13944306441248955,0.006057627185472727,5494.521713029431,0.13944306274288465
2932,800,670,5494.504420023608,0.0876845925224643,-0.012233932985552398,5494.504420030418,0.08768458571239535
2933,800,671,5494.5214743245515,0.13936429235286596,-0.01215793092689583,5494.521474331277,0.13936428562738
2935,800,713,5494.504655194058,0.0877528873859319,0.00597516526388754,5494.504655195682,0.08775288576180174
2939,801,908,4852.908398061131,903.2941597876965,-152.2929787992201,4854.37591713666,901.8266407121671
2938,801,910,4783.911750757712,694.1957113650707,-150.29998228828126,4785.2921926990675,692.8152694237153
2937,801,637,4776.350692350651,689.6561283961868,-73.04792662433115,4776.677091434016,689.3297293128217
2936,801,636,4845.597247004391,899.4941728014568,-75.12261169269766,4845.954744987983,899.1366748178646
2941,802,910,4756.059281022894,610.7522069513993,-262.22261742964105,4760.202041138051,606.609446836243
2942,802,909,5107.37426029693,728.1479855201258,-319.34505562591164,5113.188417892823,722.3338279242325
2940,802,908,4805.937514493356,762.8146733098763,-369.2005155948331,4814.3484662268565,754.4037215763756
2943,802,907,5156.6187158066705,879.5445300075589,-425.8882844248208,5167.19448765151,868.968758162719
2944,803,910,5066.513090032325,712.960197192938,-253.9877111633709,5070.214374992397,709.2589122328654
2945,803,712,5029.254499220389,600.4546810984912,-264.37246185031495,5033.196348522055,596.5128317968251
2946,803,711,4996.301774813395,590.9296891285117,-305.61840574435007,5001.595907564775,585.6355563771322
2947,803,909,5033.5910652500215,703.1725577084223,-295.0984803264819,5038.612649636179,698.1509733222642
2950,804,712,5035.061859244077,612.2103201580562,-115.0866606633677,5035.810397721245,611.4617816808873
2948,804,637,5005.953069807874,765.4249129570704,-73.81339997941969,5006.274256531047,765.1037262338982
2949,804,638,4944.843524900139,580.2444738427189,-46.55671335381774,4944.967675244748,580.1203234981103
2951,804,910,5095.630177415879,796.8149513032787,-141.97723281239823,5096.802130598329,795.6429981208289
2955,805,442,4165.388483052733,765.9469061942852,-962.3341439799119,4232.18192037598,699.153468871039
2952,805,907,5231.916099777302,1111.8674423189354,-629.5597686968462,5255.827137259492,1087.9564048367465
2954,805,443,3866.2250241164884,-140.60902997615403,-1286.7222152311585,3966.9927083185557,-241.37671417822162
2953,805,909,4929.02469820833,200.64456928338154,-956.0979026906888,4976.872249701598,152.7970177901134
2959,806,443,7375.452395646097,1007.1403381238506,-935.6772615468567,7409.63795844106,972.9547753288871
2958,806,444,7381.035324479672,1024.0583042862,-174.63118740060614,7382.2344125158415,1022.8592162500313
2957,806,711,4869.201351665706,195.42234818310226,-167.3053099096022,4870.698111864398,193.9255879844104
2956,806,909,4842.545515578513,171.4600125930051,-932.9629012887597,4888.6754720466215,125.33005612489569
2962,807,908,4571.148476724407,810.7223323949868,-174.3981260248433,4573.169415868945,808.7013932504487
2963,807,906,4660.287099111454,1080.920841600726,-183.58897901755898,4662.639664659015,1078.568276053165
2960,807,635,4629.382473690129,1069.8247454717034,-83.75433296408507,4629.875078262713,1069.3321408991185
2961,807,636,4539.880871406317,798.6077688540923,-74.43031770236352,4540.251021085203,798.2376191752066
2965,808,908,4524.160788707091,670.2373361316514,-391.30682394673704,4534.068121544064,660.330003294679
2966,808,907,4405.04546126728,634.2914605109681,-578.015483995021,4427.067713402723,612.269208375526
2967,808,905,4572.393996863485,1141.0327233232083,-541.1959733258108,4593.602336906201,1119.824383280492
2964,808,906,4692.11319880885,1178.8618074215894,-354.3814564145848,4701.027190840693,1169.9478153897464
2968,809,905,4637.370558160399,1338.9081544708183,-636.3225132612645,4667.779241040664,1308.4994715905543
2970,809,442,4007.34736263762,713.6467900589008,-953.834570559815,4075.0133237049604,645.98082899156
2971,809,441,4162.48383004798,1183.7572973630222,-809.1107306135287,4216.450723693579,1129.790403717423
2969,809,907,4481.106532825819,866.8710232036365,-781.7845817128082,4522.899636548596,825.0779194808592
2974,810,906,4267.389691227466,951.3171806316922,-188.9795472040131,4270.079945984018,948.6269258751397
2972,810,525,4428.848799152787,1258.7523470752355,-62.9399918296282,4429.16117547284,1258.439970755183
2973,810,635,4334.376544987956,972.4727889999862,-83.42019063350091,4334.893949550996,971.9553844369457
2975,810,526,4361.630810972228,1236.570410975651,-168.38627937722418,4363.897438257698,1234.3037836901804
2979,811,527,4229.300673416327,1300.2926911169388,-420.349003077897,4244.30513482462,1285.2882297086462
2978,811,905,4127.8696287430275,993.7287085957059,-472.6337102368329,4145.587950447094,976.0103868916392
2977,811,906,4298.759976478167,1049.1073665556646,-359.74296187635946,4308.685723342796,1039.181619691035
2976,811,526,4400.578925691992,1356.814514367908,-307.25672906450467,4408.3133786407325,1349.080061419167
2982,812,441,4037.3298293624443,1141.5854432394685,-712.29989955004,4080.4897198475956,1098.4255527543173
2983,812,440,4167.273967194804,1535.3555578829826,-664.7340810659949,4208.597517881817,1494.0320071959693
2980,812,527,4323.363183275554,1586.8649991896302,-519.7199610855223,4347.821091058497,1562.4070914066867
2981,812,905,4192.6634995568875,1191.5411913936537,-567.7157642997819,4219.275902867284,1164.9287880832574
3624,813,443,7519.772621352427,1444.4743554157596,-770.3219880313742,7544.093646033319,1420.1533307348682
3623,813,911,6216.229070708609,937.4614365511216,114.45530127136585,6216.849408523269,936.8410987364609
3622,813,445,5535.244802041968,-371.2606071103578,-319.796553717039,5539.570329064885,-375.5861341332752
3627,813,958,7527.997385006998,1408.7431425573534,-331.54314329329253,7532.48487242538,1404.2556551389725
3625,813,444,7089.879839273301,141.76895517598223,-359.90578906858735,7094.537414804444,137.11137964483896
2989,813,956,3087.3395622489747,-1179.0693362420454,219.68329164103,3090.1656393390317,-1181.8954133321026
2990,813,957,6043.546108877169,791.6206072567361,2846.6429713377547,6404.475458597104,430.691257536801
2988,813,959,7465.871363713258,1281.13721105464,-3357.2227311804336,7892.0935290338075,854.9150457340893
2987,813,911,6216.229070708609,937.4614365511216,114.45530127136585,6216.849408523269,936.8410987364609
2986,813,445,5542.015990804834,-350.7418532834936,5421.618780940735,6599.339892863434,-1408.0657553420947
2985,813,444,7881.794197947261,384.81643200327335,-4971.5690207745365,8631.115175101182,-364.5045451506476
2984,813,443,6721.053687078578,1180.8069525271828,-1900.0821178049734,6879.438725720031,1022.4219138857306
2991,813,958,2844.027858994976,-136.9818725003281,-898.1533248703485,2910.2100535010354,-203.16406700638754
3626,813,957,5761.936868784672,-61.740726356890264,-90.95487814962249,5762.291983113175,-62.09584068539334
3498,814,911,6006.596968367688,302.2126415788614,915.3833783968564,6043.086479940215,265.7231300063336
3501,814,962,3997.2344042860605,-80.54755137952452,32.06431192590155,3997.2974351334005,-80.61058222686438
3500,814,961,3725.480082905435,246.7683171302897,-615.7838323636776,3752.5206219418124,219.72777809391278
3499,814,445,5888.4636924317665,699.0996667983486,-52.9305540319728,5888.598659388796,698.9646998413195
3502,814,957,6021.256213870377,724.0754708725199,414.3162563557909,6029.345244570179,715.9864401727182
3497,814,912,3612.6137319126515,72.83776271264355,-903.9317137302917,3669.410343460354,16.041151164940857
3496,814,446,3690.9045003088977,-26.094866602198408,-293.80471613329564,3696.7012997685306,-31.89166606183153
2996,814,957,5974.940251874432,583.7240708848065,-1398.8020295309034,6064.19566916524,494.46865359399817
2994,814,446,3783.5368087886,254.60909848780761,3332.444502034277,4445.92879730029,-407.7828900238828
2995,814,912,3612.613731912652,72.83776271264423,-903.9317137302637,3669.410343460351,16.041151164945177
2993,814,445,5795.8317544817555,418.39682452536135,-3679.1652671881816,6364.915061849797,-150.68648284268102
2997,814,960,1271.2885933500668,-824.5681158986124,-170.5337331136374,1274.7518284572095,-828.0313510057551
2998,814,961,3771.79633396946,387.12059308188066,1197.3406174565448,3874.5667071396947,284.3502199116465
2999,814,962,1291.1174318883536,-973.5667776007477,8.546671198976298,1291.1254954108745,-973.5748411232685
2992,814,911,6006.59696836777,302.21264157888595,915.3833783968564,6043.086479940298,265.7231300063586
3000,815,912,3577.3993599582054,-33.87245533113264,-27.202226283891928,3577.4505850290816,-33.92368040200904
3007,815,965,1247.989063092663,-751.8440025163875,-212.19460179897848,1253.6020971502862,-757.4570365740108
3006,815,964,3540.9173248102907,6.6065730014242945,1114.0434497312397,3626.6276549299637,-79.1037571182485
3503,815,447,3540.7276918518482,-43.47874477350342,-166.93379106378242,3542.670366970102,-45.42141989175707
3504,815,913,3540.705981892036,55.47879276955837,-441.4030903293504,3554.6262788306785,41.558495830915945
3505,815,912,3577.3993599581636,-33.872455331146284,-27.202226283891928,3577.4505850290398,-33.92368040202268
3506,815,446,3702.8196328916783,10.011595769640508,-9.195030957380597,3702.825356751571,10.005871909748294
3507,815,964,3575.097786228636,110.18372881459186,-300.4902652602426,3581.600491441697,103.68102360153102
3508,815,965,3359.1825740762333,-55.150605370598214,-229.5362864986829,3363.035999365143,-59.00403065950786
3001,815,446,3771.180555728271,217.16590739590265,-2838.2624609403315,4268.307897635323,-279.96143451114926
3509,815,961,3674.4926865724497,92.26105551518185,-14.520373970479175,3674.5074008913375,92.246341196294
3005,815,963,1310.7530553726474,-779.3703748116396,-65.95061435807591,1311.2731683718707,-779.8904878108629
3004,815,961,3708.6731479907808,195.838211328306,-1429.0540889618778,3848.4495569710853,56.06180234800149
3003,815,913,3540.705981892036,55.478792769557,-441.4030903293504,3554.6262788306785,41.55849583091458
3002,815,447,3472.3667690151724,-250.63305639979285,2662.1336389191265,3899.298809168898,-677.5650965535183
3511,816,449,3997.3957519487867,178.84779639307044,50.04027218052321,3997.5596834598537,178.68386488200395
3512,816,913,3476.000299711895,-140.59903201874886,224.78509432459603,3479.4897402897773,-144.08847259663116
3514,816,967,4033.7809909965586,458.27647493774464,-368.42591058218676,4043.2467355996428,448.8107303346601
3515,816,968,3455.2694675867383,-73.73144207908285,144.34274007225304,3456.74482282554,-75.2067973178846
3516,816,964,3620.6572654598854,248.24275678807498,130.74176520029346,3621.9239388831484,246.97608336481198
3008,816,913,3476.0002997119363,-140.599032018735,224.78509432462394,3479.4897402898196,-144.08847259661798
3510,816,448,3724.5985311179666,-309.46969174920855,-800.4564402765329,3763.922665438685,-348.7938260699266
3513,816,447,3419.753001134728,-410.0687166436776,23.131897712000352,3419.787929641274,-410.10364515022343
3011,816,449,3997.3957519487867,178.84779639307044,50.04027218052321,3997.5596834598537,178.68386488200395
3010,816,448,3633.5879854349687,-585.2592241219295,2244.715384649746,3913.589988185936,-865.2612268728965
3015,816,968,1182.8306710836916,-823.6356305533868,167.43171542014366,1186.3174911276692,-827.1224505973645
3014,816,967,3988.275718155061,320.3817087513887,1154.1600018810084,4076.9266806685055,231.730746237944
3009,816,447,3510.763546817644,-134.27918427097916,-3022.039927214292,4055.680767231761,-679.1964046850962
3012,816,964,3666.162538301401,386.13752297448684,-1391.84414726286,3807.70793254853,244.59212872735748
3013,816,966,1018.349440209459,-1202.5318917490163,-358.6358588303528,1032.7347129737047,-1216.9171645132622
3016,817,442,3511.1836104862664,512.692513582625,-171.3688679506868,3513.6301199405516,510.24600412833956
3017,817,443,4647.0821927277,496.44019913473267,-1350.7349402693264,4754.209009616678,389.3133822457553
3018,817,911,3814.0308457140177,144.7302159309263,332.7471369646222,3821.5591166879103,137.20194495703345
3518,817,911,3814.0308457140177,144.7302159309263,332.7471369646222,3821.5591166879103,137.20194495703345
3020,817,971,4063.210979483098,456.31810749842134,-688.137050324143,4095.7389979700893,423.7900890114306
3021,817,958,3657.5192818869905,131.48066851128192,-508.24775127177173,3675.739998307287,113.25995209098573
3523,817,970,3715.3888060117088,549.6634751862277,-269.8102004116225,3721.1272874004762,543.9249937974603
3522,817,969,4157.137355601136,562.669786340985,109.18285718852016,4157.96627863498,561.8408633071408
3521,817,958,3337.3401136665875,25.824426559103813,-399.8447252785935,3349.366125285037,13.798414940654538
3520,817,442,4151.546214758084,724.0006386347418,-388.17494276000735,4162.501554734961,713.0452986578639
3519,817,914,4425.317408351683,753.5346153067143,-152.9432157166536,4426.909379545412,751.9426441129856
3019,817,914,4425.317408351682,753.5346153067139,-152.9432157166536,4426.909379545411,751.9426441129851
3517,817,443,4006.7217242083016,285.13854605964343,-1133.9310106976106,4091.179533598137,200.68073666980854
3023,817,970,3395.2043020307583,444.0083561089725,-161.4060789657572,3397.4095495251704,441.8031086145602
3022,817,969,4103.743544605113,400.87035908030975,162.81379755847055,4105.532394196799,399.08150948862385
3030,818,972,5406.555114829632,357.1930077243471,-696.8160710066176,5430.482030614556,333.2660919394225
3029,818,962,5536.699617456452,427.47372304314604,-52.363493849784405,5536.8337798299035,427.3395606696936
3028,818,969,4017.7428366117647,140.26215303986146,423.22210483345276,4029.2571834173377,128.7478062342891
3031,818,973,5634.584304330853,715.722516179696,-295.3319286567315,5639.0133007024615,711.2935198080872
3026,818,912,5747.6829959736015,777.4155064752833,-1087.6455619201022,5806.48968810226,718.6088143466245
3025,818,911,3604.407344421095,-490.4925152597491,1133.6430246063,3681.4191915993083,-567.5043624379628
3024,818,914,4456.728194712438,848.7188163999137,-210.56727468672347,4459.79781581296,845.649195299392
3027,818,915,5091.071500245031,14.68040763692943,-229.35737925468965,5093.6608391944255,12.091068687534971
3032,819,915,5206.913818535412,365.71773578959915,-483.05885901818175,5218.933984612524,353.6975697124876
3033,819,912,5712.461385396251,670.6833532104702,-210.88746444829323,5714.665671605742,668.4790670009788
3034,819,913,5489.850890352967,698.6959868377128,-417.88625718020626,5498.945673714835,689.6012034758451
3035,819,916,6020.758118297165,169.06008714830023,-329.05217581394317,6025.3802756810765,164.43792976438954
3036,819,972,5417.759584977201,391.1459475654631,-294.78290500079896,5422.077719520643,386.827813022021
3037,819,965,5862.899161145909,771.0729028282044,-341.01370092177694,5868.602430914903,765.3696330592106
3038,819,974,5713.369892465262,306.824839414925,-321.27855782951326,5718.138600965147,302.0561309150394
3039,819,975,5875.5810560800455,353.76337369417774,-432.68342763125275,5884.044231520846,345.3001982533783
3040,820,916,6022.625499831153,174.7188190695888,-385.5249380314731,6028.972571726385,168.3717471743571
3046,820,976,5425.915333310484,-25.498481657835327,-19.38059722660419,5425.932558491639,-25.515706838989445
3044,820,974,5639.462599789632,82.86334645847114,-92.49411242348414,5639.847483056468,82.47846319163455
3043,820,450,5455.110190379494,-235.7544284284204,-94.79298326746542,5455.504905729347,-236.14914377827336
3042,820,449,5565.540810214996,696.3342347299281,103.82769783824156,5566.094235375423,695.7808095695009
3041,820,913,5425.146135067286,502.6209708203887,248.32804612306327,5428.276014136618,499.49109175105696
3045,820,968,5913.523236048787,737.4926822801508,158.66545772532697,5914.738878811346,736.2770395175921
3047,820,977,6157.048904271164,107.48101831518443,-257.57206847272613,6159.789320288788,104.7406022975606
3524,821,442,3993.5595250948095,671.8654641715972,-380.03457264794764,4004.3941113578303,661.0308779085763
3525,821,914,4196.434389431443,678.0044568206048,-129.67872251251706,4197.6288756231115,676.8099706289363
3526,821,917,4517.196887178736,793.6444330699051,-445.33940640645307,4530.465330618756,780.3759896298848
3527,821,441,4061.372392792904,877.3590026506715,-428.65136418370713,4075.734526837753,862.996868605823
3528,821,970,4035.2891816572974,655.2309612503242,-263.001673543213,4040.3974887173263,650.1226541902954
3529,821,978,4343.634068544118,695.8888577445929,-274.22740621504187,4348.780721738309,690.7422045504022
3055,821,979,3945.51317342267,722.0786912017228,-136.93249779292807,3946.9667517019807,720.6251129224117
3054,821,978,4191.829052519063,235.87365766866856,-226.64602673440666,4195.072664506348,232.63004568138444
3053,821,970,4319.344229281813,748.9527305125501,-571.202557480497,4342.045588152798,726.2513716415651
3530,821,979,4229.570866047839,815.7931345953305,-445.13859412028705,4244.020634040734,801.3433666024359
3051,821,917,4517.196887178736,793.6444330699054,-445.33940640645307,4530.465330618756,780.375989629885
3050,821,914,4196.434389431443,678.0044568206048,-129.67872251251706,4197.6288756231115,676.8099706289363
3049,821,442,4561.6809825459095,859.3127515668443,-996.4486685578261,4627.554538778442,793.4391953343106
3048,821,441,3493.2691519437244,689.9669170794261,187.7570219605781,3496.4094887220103,686.8265803011404
3052,821,980,3862.482986641937,274.6638324962257,-343.4819096128695,3870.685094862625,266.46172427553756
3063,822,982,5012.677440097188,941.5084504444231,-720.1129856393902,5044.275790013669,909.9101005279417
3060,822,978,4450.370960034263,1019.3339834723029,-513.3737393528914,4469.46823113579,1000.2367123707756
3059,822,918,5396.632237610245,754.0003737674601,-709.433227003851,5423.577690562001,727.0549208157036
3058,822,915,5674.662747079848,207.26115012919786,-311.4764272807013,5679.095335927448,202.82856128159756
3057,822,914,4227.8451757907815,773.1886579096221,-187.30278147800934,4230.382084174535,770.6517495258681
3061,822,973,4951.720736413313,490.381020496118,-229.8906624239845,4954.680311546173,487.4214453632585
3062,822,981,5558.216717432015,549.0223531214674,-545.282418802403,5573.012373625674,534.2266969278085
3056,822,917,4627.765207645922,1128.6999496371338,-769.795949297587,4669.60380505993,1086.8613522231256
3069,823,975,5890.360683248638,358.6383103296773,-476.6743205369395,5900.6105725078305,348.38842107048595
3070,823,983,6133.174888301891,185.99765462099003,-549.449806075629,6145.838610858136,173.33393206474466
3071,823,984,5880.771169405396,604.9216185774969,-789.1718551798564,5910.119378707248,575.5734092756447
3068,823,981,5570.278945705821,585.5745600117871,-624.7259375268205,5589.776684173177,566.07682154443
3064,823,918,5412.882974990336,803.2450324948938,-753.3728635279975,5443.461862373666,772.6661451115647
3065,823,915,5790.505065371894,558.2984782868007,-565.177907048115,5805.723295159018,543.0802484996761
3066,823,916,5985.364408721423,157.37821881239006,-365.5969267266019,5991.092368191556,151.65025934225696
3067,823,919,6343.822405690492,405.01558503810975,-802.4057048453864,6370.8035404534185,378.0344502751832
3075,824,451,6478.143005888688,3.3297851219085715,-43.113895903712056,6478.21477581289,3.2580151977062997
3076,824,983,6132.908692394881,185.1910003573239,-608.4938151338906,6148.431490932078,169.6682018201268
3079,824,986,6551.8976201999885,185.39112038237636,-444.61165108659304,6559.650658772211,177.63808181015474
3077,824,977,6006.881596977823,57.92800799426095,-216.199445343823,6008.84525225349,55.964352718594455
3078,824,985,6078.808201867068,-101.9771721030902,-1.1253914065169022,6078.808253094612,-101.97722333063348
3073,824,916,5987.231790255458,163.03695073370523,-422.0696889441039,5994.868448755698,155.40029223346437
3074,824,450,5696.367317602836,-156.1346219394727,-1.6619416038001236,5696.367435588693,-156.13473992533
3072,824,919,6295.470036013729,258.4932526841699,-837.4433263764239,6324.37397252695,229.58931617095004
3536,825,987,4459.435421636442,838.7857466788741,-465.67665685561053,4474.347474092124,823.8736942231928
3537,825,988,4243.392099247833,1026.827101632183,-547.3777754957806,4266.513352810408,1003.7058480696089
3533,825,920,4568.143757380492,972.6873502420016,-632.4002939307569,4595.73997068876,945.0911369337339
3080,825,440,3354.137427503345,894.7646102861124,324.7745912698007,3364.813182659963,884.088855129495
3532,825,917,4363.2577711210715,742.8480960669748,-311.08120792578563,4369.927842135464,736.1780250525824
3531,825,441,3936.5457223881403,836.1790584688505,-331.9842797911059,3945.4075319149797,827.3172489420112
3534,825,440,4029.3861996155865,1117.51383794596,-454.03972259465024,4046.979176988143,1099.920860573404
3535,825,979,4094.534636028052,771.2407109093158,-325.6890442324169,4102.49510234711,763.2802445902569
3081,825,441,4611.786822478366,1058.9050375770244,-1110.796331460327,4696.584594698985,974.1072653564056
3082,825,917,4363.2577711210715,742.8480960669748,-311.08120792578563,4369.927842135464,736.1780250525824
3083,825,920,4568.143757380492,972.6873502420017,-632.4002939307289,4595.739970688758,945.0911369337366
3084,825,989,3784.9015223541937,376.651179578104,-330.39415224832385,3792.8898617236296,368.6628402086685
3085,825,979,4432.159481846844,882.625835163782,-715.0934382183735,4467.817176009296,846.9681410013291
3086,825,987,4267.634871096144,257.57195716281853,-409.1217758441969,4278.04289481188,247.16393344708308
3087,825,988,3905.7643369139373,915.4513740449515,-157.96672445298944,3907.849077021309,913.36663393758
3093,826,982,4921.92614764389,911.5638134038944,-678.8926045742955,4950.4547201645155,883.0352408832684
3094,826,990,5374.9306999794235,1117.9135987783925,-903.0635350625656,5422.296591314709,1070.5477074431078
3095,826,991,4913.711997769166,1328.130396590558,-942.8819048765843,4974.662124686605,1267.1802696731188
3092,826,987,4611.580017793006,1299.8299774563413,-806.9364026114268,4660.0255871507,1251.384408098647
3091,826,921,5228.958132582392,1312.5599068145877,-995.6504876008702,5291.2475099068015,1250.2705294901775
3090,826,918,5473.405342217232,779.3341841983079,-758.8345818637104,5503.8754918642435,748.8640345512968
3089,826,917,4473.831381783635,1077.919643529402,-635.5398136193426,4503.310561269649,1048.4404640433877
3088,826,920,4701.833519818021,1377.80784247705,-926.6931821506085,4765.2124451729205,1314.4289171221506
3096,827,921,5263.544770585176,1417.3679007623043,-1019.7412928170729,5329.988241564966,1350.924429782514
3097,827,918,5489.654133019043,828.5729442036811,-802.7731896178694,5523.966739271906,794.2603379508178
3098,827,919,6448.637192551494,439.6039722927246,-820.916915643577,6476.544729229547,411.6964356146723
3099,827,922,6293.03621573646,1146.4503505706691,-1302.9272722535866,6374.219010312625,1065.2675559945042
3100,827,990,5357.695126399601,1065.6845879304456,-909.7741015094532,5405.376444744686,1018.0032695853606
3102,827,992,6351.933134870503,735.7436181785761,-1060.4390135480442,6401.5523050369375,686.1244480121418
3103,827,993,5736.675366149216,1268.1675766562666,-1156.8767635254762,5810.338590297197,1194.5043525082851
3101,827,984,5927.531783271837,620.3511675729999,-807.3866058769759,5958.063269371001,589.8196814738358
3105,828,919,6400.2842758143615,293.0799821803121,-855.9534837799514,6430.129900996127,263.2343569985469
3104,828,922,6351.468902220781,1323.5190974927427,-1513.4219806692065,6462.885653040979,1212.102346672545
3107,828,452,8637.531631298025,154.73865673232058,-727.7959326308003,8653.113637292277,139.1566507380694
3108,828,992,6335.11153776769,684.7690815033836,-1065.8769095072714,6384.938720908303,634.9418983627706
3109,828,986,6509.53593348357,171.40694498033236,-489.9013761434856,6518.988484697193,161.95439376670902
3111,828,995,7581.597678415497,767.8629847313432,-1196.154739189829,7633.69573455165,715.7649285951911
3106,828,451,6444.592767841451,-7.734307457023988,27.24229657247768,6444.621522560738,-7.763062176311905
3110,828,994,7500.2971483197325,-50.02828369536746,-231.4659953119865,7502.0707117693755,-51.80184714501047
3538,829,440,3774.0867984124047,1033.2921732627867,-198.99046193028482,3777.693887321472,1029.6850843537193
3539,829,920,4600.254381350321,983.2966605359261,-512.0583914330086,4618.287699276177,965.2633426100701
3540,829,923,4313.702475153999,1205.4104488283156,-798.8733692369407,4364.212031030493,1154.9008929518227
3541,829,479,3797.4242618700114,1493.0160034524881,-543.1881976479702,3829.001239911122,1461.4390254113778
3542,829,988,4121.142967011262,986.5058841494535,-350.04791599291053,4130.885234866367,976.7636162943488
3544,829,997,4000.629866614273,1334.1327543776422,-670.2739324368022,4042.10619152403,1292.6564294678858
3112,829,479,3660.7563124226785,814.592188112784,336.8321767938845,3670.6873466691923,804.6611538662698
3113,829,440,3672.7284847505857,999.7460250408216,-1119.1452220900344,3785.14384764444,887.3306621469671
3114,829,920,4600.254381350321,983.2966605359261,-512.0583914330086,4618.287699276177,965.2633426100701
3115,829,923,4313.702475153999,1205.4104488283156,-798.8733692369198,4364.21203103049,1154.9008929518252
3116,829,998,3436.099664031547,230.8547715937275,-442.16213195283785,3451.2768169156757,215.67761870959885
3117,829,988,4066.240519915127,968.3350448615884,-848.4653246383069,4123.285271449306,911.2902933274097
3118,829,996,4120.8404854955415,107.43302340803803,-728.6651872054499,4153.64603438807,74.62747451551013
3119,829,997,3926.5926558914193,966.6287997074597,-193.6035604089604,3929.755053928765,963.4664016701145
3543,829,996,4507.6737392583445,1264.5056598260844,-663.4402249057173,4541.25525949923,1230.924139585199
3126,830,999,5169.635351157497,1662.7252560650466,-994.9013708501501,5238.8327082664255,1593.5278989561189
3125,830,991,4861.3862561800015,1310.868157722988,-893.4856033797628,4916.734707954762,1255.5197059482277
3124,830,996,4557.7526067352,1542.0393978145125,-769.0484491652879,4606.009885930407,1493.7821186193053
3120,830,923,4435.09476318949,1536.1245134964047,-749.4880912306581,4482.753661767394,1488.4656149185003
3122,830,921,5224.605154339948,1311.1189940468964,-1037.2851844320028,5292.172727270624,1243.5514211162208
3121,830,920,4618.288106245883,1350.2525614529316,-788.4852792496262,4665.175250674235,1303.3654170245793
3123,830,924,5030.931367264123,1748.9289160222997,-953.276180565087,5098.751048466838,1681.109234819584
3127,830,1000,4674.63429227573,1615.9620379378389,-836.142119619369,4730.748385364268,1559.8479448493015
3130,831,922,6596.936506379672,1246.7359672970047,-1321.4603083132777,6677.326354532825,1166.3461191438528
3128,831,924,5075.278388666383,1852.8527856736746,-920.1524645732284,5139.677962160371,1788.4532121796863
3129,831,921,5249.723392022134,1412.799954097894,-1056.7540284885563,5321.155548698811,1341.3677974212171
3131,831,925,6061.550606140707,1974.1823021240605,-1480.6458894709576,6191.509243477447,1844.22366478732
3135,831,1002,5423.146815849191,1846.1067934825726,-1160.6848299048509,5514.94623204942,1754.3073772823432
3134,831,1001,6328.742113262925,1636.6891140135872,-1425.8956061824072,6434.681132742012,1530.750094534501
3133,831,993,5755.707956469717,1274.4476457727594,-1162.0319825353617,5829.813871425089,1200.3417308173875
3132,831,999,5166.60940734947,1663.9326513238925,-1004.5707663807814,5237.214146030279,1593.3279126430825
3139,832,453,10736.40340677574,1373.9635528514582,-2740.030892924756,10932.760985925925,1177.605973701272
3142,832,1003,10104.092527889301,762.6666783679689,-1660.5981748411014,10177.318451817322,689.4407544399483
3138,832,452,9486.672592026192,434.94833357241214,-792.0718928333584,9503.967127897295,417.6537977013104
3137,832,922,6572.645554502854,1396.506251428506,-1524.1456405402007,6682.51205947535,1286.63974645601
3136,832,925,6197.674046933218,2441.4975869412497,-1511.397928241229,6344.010753560575,2295.1608803138934
3143,832,1004,7554.330115803368,1614.2835330037447,-2054.4120913631523,7726.94753115674,1441.666117650373
3140,832,1001,6385.404910502974,1856.7548381992187,-1461.5000338451446,6500.399831098516,1741.7599176036774
3141,832,995,7285.511777237698,670.1535203805122,-1206.656429394992,7340.085784920692,615.5795126975181
3144,833,478,4970.736792412141,724.5829610352173,-144.42145603593985,4971.964463916889,723.3552895304688
3145,833,479,1913.7239030459366,1153.772482650767,-761.0492353521223,2071.5032718552093,995.9931138414943
3146,833,923,4619.203348101966,1257.7861808281518,-759.9337685423989,4661.618722935123,1215.3708059949956
3147,833,926,3664.0428986712695,1297.409062466014,-885.7356703757666,3744.201682001757,1217.2502791355262
3148,833,1007,3002.7773350083426,348.76419488294505,-744.1048754534529,3053.946897886556,297.59463200473124
3149,833,997,3095.859572518732,1155.8909950173745,-753.9357394980411,3166.5357928901562,1085.21477464595
3150,833,1005,3505.1329960069725,413.23855519780545,-1243.5100189395046,3625.478697053293,292.8928541514847
3545,833,479,3817.3730767505012,1228.1777857788013,-173.08710555147348,3820.2625603817587,1225.2883021475438
3546,833,923,4619.203348101966,1257.7861808281518,-759.9337685423989,4661.618722935123,1215.3708059949956
3547,833,926,3664.0428986712695,1297.409062466014,-885.7356703757719,3744.201682001758,1217.2502791355253
3548,833,478,3476.381862189569,1301.4907130960248,-475.59004186815383,3502.0779451071094,1275.7946301784839
3549,833,997,4126.998993750474,1196.1680745932563,-435.46278145370627,4143.085956606548,1180.0811117371818
3550,833,1005,4170.171511030461,1471.5102523208711,-826.2638982516712,4232.000388855318,1409.681374496014
3551,833,1006,3503.5886905745274,1262.2358769594289,-658.9515344608644,3551.0175401403762,1214.8070273935805
3151,833,1006,4313.029805904953,949.7431560481101,-479.56928483197646,4330.039166788107,932.7337951649558
3159,834,1009,4423.091588619641,1403.1622930102717,-693.1085281357047,4462.3503254704865,1363.9035561594267
3158,834,1008,5021.66430952691,1817.520455815719,-843.0069962341666,5076.185168404652,1762.9995969379775
3156,834,1005,4485.834670289777,1507.796263736224,-561.2078810743909,4512.043753170571,1481.5871808554305
3155,834,927,4930.35977732792,1638.3069002666662,-880.5821917012693,4988.228665813354,1580.4380117812311
3154,834,924,4889.990940803243,1713.341713956504,-955.59146068697,4960.2994506295445,1643.0332041302015
3153,834,923,4759.836317668914,1575.0456823638763,-685.14020866828,4796.267916562524,1538.6140834702658
3152,834,926,4055.134026397997,1228.4519452426127,-540.9588903005928,4080.7829188045653,1202.8030528360443
3157,834,1000,4793.243235234009,1624.6983439253004,-805.1330110103945,4843.589697280864,1574.351881878445
3165,835,1002,5404.507522330591,1834.2354725945663,-1151.1750892945267,5495.007829173669,1743.7351657514885
3160,835,927,5024.860648347863,1698.5023085343482,-808.3262669940732,5073.263433735644,1650.0995231465677
3161,835,924,4953.877385726377,1817.6295858519818,-915.886320590624,5019.376607447141,1752.1303641312172
3162,835,925,6227.804865291396,2017.332111253434,-1479.5188132260214,6353.994978837685,1891.1419977071441
3163,835,928,5807.5527943169855,2139.8794568741846,-1550.934524127697,5964.772730034546,1982.6595211566244
3164,835,1008,5005.956640454414,1818.502056478551,-856.5971639539296,5062.503979111535,1761.95471782143
3166,835,1010,6032.112891413069,2148.6202625536666,-1512.94943027682,6174.265025623576,2006.4681283431596
3167,835,1011,5255.71559808691,1829.527721369109,-1127.3207311932074,5346.063882086826,1739.1794373691932
3175,836,1013,6514.447747135811,2295.899579772916,-2644.401256742668,6894.601642279169,1915.7456846295568
3174,836,1012,9851.331950127322,2243.8604793990826,-3753.077258101929,10289.034976646544,1806.15745287986
3173,836,1004,7502.8317894737465,1538.160486975788,-1968.7841947902061,7661.093810344614,1379.8984661049208
3172,836,1010,6153.704864391339,2409.1073315139356,-1446.2959531447395,6288.504916354112,2274.3072795511616
3171,836,454,8966.517485200298,3208.1444071197093,-4527.96917783193,9750.026858386382,2424.6350339336254
3170,836,453,10855.989233963415,1530.9085607588,-2911.713113213982,11077.996031319293,1308.9017634029224
3169,836,925,6314.052121813925,2439.4077353878474,-1466.3653815108928,6448.148316647872,2305.3115405538992
3168,836,928,6042.776288269022,2475.3802704575037,-1397.7768469472753,6174.808848999775,2343.34770972675
3558,837,1015,3069.0266244889585,1019.9050848960826,-643.1519300094229,3118.307496776949,970.6242126080926
3557,837,1014,3610.6652214114083,1462.8870257490905,-872.3353938184327,3695.861993681214,1377.690253479285
3552,837,478,3791.559693562883,927.5160256716467,-259.5166489897045,3797.426504705153,921.6492145293769
3553,837,926,4206.205230986179,1462.837109182774,-982.7730940585365,4291.5654046680165,1377.4769355009369
3554,837,929,3018.1994998606524,1100.8908480928685,-806.5714426892272,3099.5728128288943,1019.5175351246266
3556,837,1006,3952.304364205272,1149.805643407819,-594.7492047264572,3983.511433911325,1118.5985737017663
3555,837,477,3161.6041408026513,982.4678223888656,-501.2165458724964,3190.053548551478,954.0184146400393
3182,837,1014,2503.366491787907,685.345169928762,-1408.0155037372215,2744.1068023189864,444.6048593976823
3176,837,477,5455.000552198544,873.4190852539662,-1051.3397292592292,5514.539793674927,813.8798437775831
3177,837,478,816.7914855516086,558.0803757785451,-39.04292356339279,818.2562159808365,556.6156453493172
3178,837,926,4206.205230986179,1462.837109182774,-982.7730940585365,4291.5654046680165,1377.4769355009369
3179,837,929,3018.1994998606524,1100.8908480928692,-806.5714426892412,3099.5728128288974,1019.5175351246246
3180,837,1016,2368.1474791207856,310.19551650579945,-899.6625805412973,2462.1762884594746,216.16670716711064
3181,837,1006,2340.9772378422667,949.6951656824754,-475.3249649972222,2380.455176259502,910.2172272652402
3183,837,1015,4311.284515045025,960.8373143829043,-941.1339331588972,4376.120505975696,896.001323452233
3191,838,1018,4130.794028103423,925.2595786299348,-821.7908188187095,4182.625792295418,873.4278144379396
3190,838,1017,4856.615929570367,1458.1019584159658,-904.0834825557588,4915.715005458094,1399.002882528239
3187,838,930,4644.76311667275,1297.992888433914,-1132.692376633766,4738.0035274389875,1204.7524776676762
3188,838,1014,4446.3776709410495,1110.360119962452,-587.1424914887975,4472.015066125315,1084.7227247781864
3185,838,926,4882.028287031571,1515.8155573759884,-709.2754650615418,4918.984408469436,1478.8594359381243
3186,838,927,4715.4662451574195,1542.2510044466858,-824.4511611694995,4768.143124288995,1489.574125315111
3184,838,929,3766.448640552975,637.4610399158497,-569.9750789241225,3792.1934226124968,611.7162578563284
3189,838,1009,4777.7512976982935,1516.1385084649442,-759.3449341316157,4821.364408155086,1472.5253980081516
3195,839,931,5046.44731192104,1955.110322210983,-1818.0071381363791,5293.926492124068,1707.6311420079544
3192,839,930,4788.217660832841,1273.1778706437244,-1079.2111676159248,4869.189094988959,1192.2064364876062
3193,839,927,4857.929836942297,1614.1758529561923,-759.0958621538803,4901.748378094848,1570.3573118036406
3194,839,928,5836.201607797267,2148.293890279884,-1555.8725662436673,5993.584975452075,1990.9105226250754
3197,839,1011,5180.437482044061,1776.966186612411,-1096.6964236866881,5266.602831626071,1690.8008370304017
3196,839,1017,4829.705184268334,1483.4728075364114,-911.489454600509,4890.665417584596,1422.5125742201485
3199,839,1020,4791.728213799042,1512.8723542865994,-1391.4636632673228,4933.245740370189,1371.354827715452
3198,839,1019,5436.33153971973,2099.2307632173975,-1682.884837346453,5636.493473383247,1899.0688295538803
3200,840,931,5320.9414033724515,2036.871092708658,-1699.2856186583783,5527.736244224801,1830.0762518563074
3201,840,928,6140.476305602432,2470.1540809754765,-1394.9541213016169,6268.549911370756,2342.080475207152
3202,840,454,8646.899292262175,3232.8067789067823,-4541.576726512254,9473.205441797616,2406.5006293713413
3204,840,1019,5631.931838915364,2226.1225298192344,-1589.584361704994,5808.276734912871,2049.7776338217272
3205,840,1013,6652.546854767588,2294.792745073792,-2644.05382795673,7022.249871533401,1925.0897283079785
3207,840,1022,4798.056633156252,2758.5927768627666,-2778.847490664429,5501.7954907714475,2054.853919247572
3203,840,455,5366.8706763800365,4756.003511995596,-4454.738659107887,7309.650563449211,2813.2236249264224
3206,840,1021,6812.168210325106,3920.9697554982577,-4584.330057697141,8076.509507309709,2656.6284585136546
3560,841,929,3577.257083358109,1483.2496568746215,-1043.6894982103638,3700.098965787285,1360.407774445445
3215,841,1025,1679.1017187259677,335.4242704526896,-996.9680339635572,1843.8355177072212,170.6904714714359
3214,841,1024,3697.9835306469095,1068.9447914971302,-1424.305436847478,3878.496825379354,888.4314967646858
3213,841,1023,1503.2653029405699,782.0775807578889,-1251.5747912662475,1864.9164121951976,420.4264715032609
3212,841,1015,1894.848698736952,580.9562980505634,-236.86041391612918,1905.4382832513863,570.366713536129
3559,841,477,3534.763569804035,844.9469820040753,-560.5543169291808,3563.6578834710735,816.0526683370365
3210,841,932,2378.0570886315895,831.7491798091751,-789.2116400183155,2472.9358469719164,736.8704214688483
3209,841,929,3577.257083358109,1483.2496568746215,-1043.6894982103638,3700.098965787285,1360.407774445445
3208,841,477,533.5510557112493,-128.30725011935382,440.47437797190594,600.1373410642915,-194.89353547239602
3211,841,476,4869.353690668028,1310.3960142424594,-1973.3496260142915,5124.591570396542,1055.158134513946
3564,841,1023,2937.0535412458794,1261.489974882824,-880.5419624858475,3045.6949473171444,1152.848568811559
3561,841,932,2378.0570886315895,831.7491798091745,-789.2116400183155,2472.9358469719164,736.870421468848
3562,841,476,2750.51594600922,632.1793974569079,-743.979226972829,2813.9400758472657,568.7552676188623
3565,841,1024,2550.26217287954,701.5715667640848,-758.401763436312,2625.020241841299,626.8134978023255
3563,841,1015,3520.5233492968428,1108.1414957963036,-779.0887046175355,3581.865993774701,1046.798851318445
3218,842,933,3823.8836254878775,1125.7136481543223,-1537.6303236403564,4027.572625426855,922.0246482153448
3217,842,930,4404.979089364375,1101.4365221964993,-1022.7874563262762,4482.332416234271,1024.083195326603
3221,842,1026,4293.977205124527,1072.9300394622546,-1273.4874365506596,4415.281781672471,951.6254629143111
3222,842,1027,3467.2091702425514,602.1632975706667,-1199.7591342938,3587.7404693436406,481.6319984695774
3216,842,929,4693.387967349642,1306.4985240726587,-971.959755812845,4761.741039720217,1238.145451702085
3223,842,1023,4084.3438573065896,728.2829848228628,-945.5565216205209,4149.6738051645925,662.9530369648603
3219,842,932,3230.0494938640622,197.82413700727784,-931.4084405431815,3299.9626898999186,127.91094097142172
3220,842,1018,4533.069012877138,1197.722656789365,-991.7407019611472,4605.229514743086,1125.5621549234177
3224,843,930,4606.249316855792,1112.490912785277,-992.9039302618612,4675.423941166467,1043.3162884746025
3225,843,931,5041.131812725577,1964.148612710355,-1818.9452498435628,5289.8438549412285,1715.436570494704
3226,843,934,3706.173647391423,1814.2499904909678,-2026.2963054585985,4146.326157754444,1374.0974801279467
3227,843,933,3970.1839872791425,1054.5957932404335,-1547.1528801470583,4162.718384209193,862.0613963103835
3228,843,1020,4705.658662262261,1426.8557851118712,-1348.1186644686036,4838.824023605921,1293.6904237682108
3230,843,1029,3767.467049662154,1340.3464281550014,-1745.5409220113459,4048.7167286532176,1059.0967491639374
3229,843,1028,4319.263289409344,1905.6086651865287,-1923.0265330386194,4655.465440059642,1569.406514536231
3231,843,1026,4261.987398545014,1095.985601265192,-1268.4427515186271,4384.310105138081,973.6628946721246
3233,844,455,5089.253527711526,4638.158136470537,-4355.135439206796,7052.923257669965,2674.4884065120964
3234,844,456,2258.8667914676735,4898.955409065748,-2899.968352303252,5539.770883189201,1618.0513173442203
3239,844,1028,4509.738404663803,1912.3980058986554,-1896.1967627710978,4818.996943612089,1603.1394669503688
3238,844,1031,2904.5073854574557,2804.673677382232,-2356.063176514288,4033.679211396317,1675.501851443371
3237,844,1030,3399.51645610663,4764.545235669929,-3663.946204011936,6037.012006598628,2127.0496851779294
3235,844,934,3915.9267714819475,1746.62531147828,-2026.3916775056211,4315.537815480752,1347.0142674794752
3236,844,1022,4908.80566013599,2818.3032122934715,-2821.7815778417294,5619.448208448869,2107.660663980593
3232,844,931,5400.621268758763,2076.0109250274563,-1729.2134583902507,5612.029863875888,1864.6023299103315
3566,845,476,2953.9048796875027,601.6553067887671,-861.7795162111952,3030.351646859273,525.2085396169969
3247,845,1034,938.8027650669262,209.62525220512708,-907.6898782446797,1156.3653550080762,-7.937337736023096
3246,845,1033,2670.762059084463,1261.0619901928267,-1591.9957851770316,3029.127062184498,902.6969870927919
3245,845,1032,680.5717426960898,635.8790533117156,-949.1719677848375,1133.3371903520165,183.1136056557889
3244,845,1024,1606.1114944576293,85.65255361205061,-209.92369059158105,1613.3231205805046,78.44092748917535
3243,845,475,3467.2088703417544,1843.7967752485924,-2264.13540815514,4048.501026038506,1262.5046195518407
3241,845,932,2801.1010013545542,1344.8297590037346,-1035.4832953808077,2966.4069823992754,1179.5237779590138
3242,845,935,1746.199207504477,543.2570751405344,-793.2762667015458,1865.2066297467354,424.24965289827617
3572,845,1033,1916.8954322755826,508.96801715726315,-831.832954242297,2030.5816605088162,395.28178892402946
3571,845,1032,2209.1808983125316,984.1465519433696,-870.7788591788798,2348.1564016353454,845.1710486205558
3570,845,1024,2869.5049047299603,953.8304498189947,-943.9530746946925,2979.475715315959,843.8596392329962
3569,845,475,2075.4469481742985,455.31912637308795,-860.7612163405138,2182.6785227267637,348.0875518206228
3568,845,935,1746.199207504477,543.2570751405344,-793.2762667015458,1865.2066297467354,424.24965289827617
3567,845,932,2801.1010013545542,1344.8297590037346,-1035.4832953808077,2966.4069823992754,1179.5237779590138
3240,845,476,621.5054614701303,-1001.1365940496753,493.36348485251045,658.1783559359934,-1037.8094885155383
3250,846,936,2610.746401984511,1168.4753402004108,-1692.9024320951262,3001.5983328308375,777.6234093540843
3248,846,932,3974.8732388925246,1156.9190072589884,-1365.125207676451,4131.497675532114,1000.2945706193987
3249,846,933,3632.541960480428,841.205144027072,-1426.1269260270942,3804.148195705516,669.5989088019837
3251,846,935,2409.349119235934,111.66174862898015,-1258.1964621398342,2570.3170225195227,-49.30615465460892
3252,846,1027,3795.0872390027394,1008.8284177354087,-1390.6513419312964,3958.97014157547,844.9455151626778
3255,846,1032,3252.8801344034882,592.2575543725127,-1356.3939887228912,3415.779911686783,429.3577770892175
3254,846,1036,2476.9088355780486,582.7974083476937,-1450.9040648699263,2722.830563516219,336.8756804095233
3253,846,1035,3213.2322350672234,941.7408247176043,-1626.706402203953,3474.43382187084,680.5392379139876
3262,847,1038,2389.010212727967,1366.8903409012466,-1787.8902173847778,2907.6687409837286,848.231812645485
3260,847,1029,3695.2071844620755,1230.9775963033899,-1703.4276101574696,3960.931925029511,965.2528557359537
3259,847,936,2677.6183473921483,1116.7238513334644,-1746.824820484703,3068.4725743562967,725.8696243693155
3258,847,937,2155.8745446370604,1744.1809409882758,-1858.8723099145402,2901.9859729693726,998.0695126559635
3257,847,934,3693.1038327508586,1820.172515195464,-2018.735603305918,4133.515542907546,1379.7608050387767
3256,847,933,3826.6139556008156,830.1949331572416,-1463.464073641348,3995.7566906740813,661.0521980839758
3263,847,1035,3188.4274501376267,964.4382055852851,-1603.7058704960734,3447.381466482544,705.4841892403672
3261,847,1037,2820.484313662552,1770.969543520738,-1933.4591505474214,3395.6980122549135,1195.7558449283765
3266,848,457,573.8592282152442,3523.5085007751404,-1133.7312417690869,3628.6978960528554,468.669832937529
3264,848,934,3964.5245806525063,1823.715654541344,-2054.7223593789604,4377.776650647033,1410.4635845468172
3265,848,456,2100.925805639778,4672.260237960382,-2807.946954210854,5290.295129569277,1482.890914030883
3267,848,937,2195.0181766741143,1644.1078796787147,-1950.191645126097,2932.818870505388,906.3071858474408
3268,848,1031,2965.002871259953,2908.8973081626245,-2391.34784013988,4132.953050279545,1740.9471291430318
3269,848,1039,1074.161967832627,4105.866596763128,-1926.112075047032,4385.922178232452,794.1063863633024
3270,848,1040,1375.9820492574595,2366.2773731120465,-1609.1785804913145,2815.870486789403,926.3889355801028
3271,848,1037,2927.6102165919974,1735.5896270260168,-1979.1556176367765,3486.80228987839,1176.3975537396248
3577,849,1033,2080.0679961848155,891.708535564972,-916.6899746737591,2236.3079346789673,735.46859707082
3272,849,475,840.4186557346507,-1116.9039423455615,261.36823248555834,849.1054596840748,-1125.5907462949858
3279,849,1043,318.7903452550653,207.0905787360204,-661.9858957531757,598.6122376993334,-72.73131370824774
3273,849,935,1969.3470394317778,1042.5158689359291,-918.0759554277654,2158.211968712938,853.6509396547689
3274,849,938,1153.1731520143521,527.0347742987221,-780.2285993997818,1340.3054064195755,339.9025198934988
3275,849,474,1717.9500150469785,2042.7634647008597,-1847.5305091820962,2818.2896745012717,942.4238052465666
3579,849,1042,1180.9352536307538,513.2905220144258,-788.3396935155073,1363.6467589354052,330.57901670977435
3578,849,1041,1486.8499431008274,768.7858680120335,-828.1189905758522,1675.8592083989931,579.776602713868
3277,849,1041,178.47781791640443,416.1928861828275,-661.0461074581481,648.5797149461896,-53.9090108469577
3276,849,1033,1357.1489475772096,-94.91492970159356,-283.8769369084472,1370.8932621060335,-108.65924423041747
3573,849,475,2175.050518646732,704.5601947588995,-906.905019349717,2303.6367214334346,575.9739919721968
3574,849,935,1969.3470394317778,1042.5158689359291,-918.0759554277654,2158.211968712938,853.6509396547689
3575,849,938,1153.1731520143521,527.0347742987221,-780.2285993997818,1340.3054064195755,339.9025198934988
3278,849,1042,1467.728002178445,1382.3827177626436,-1365.4617091903508,2109.118496098535,740.9922238425535
3576,849,474,1188.4800738688482,438.2833317326488,-782.0733162616327,1355.2381930083116,271.52521259318553
3280,850,935,2857.3094141752135,1113.6578683830955,-1508.814339536518,3138.397495859611,832.5697866986984
3281,850,936,2505.5221137474837,907.0751274384014,-1643.4643174735295,2852.5978540884253,559.9993870974602
3282,850,939,1411.5848762798257,1173.9898407592223,-1415.07612806346,2010.229315948679,575.3454010903688
3283,850,938,1524.8386173905144,433.8619306731723,-1376.6635221716367,1857.620247365608,101.08030069807876
3284,850,1036,2667.5437030992593,991.3143045112612,-1564.0398090432102,2975.7236344481203,683.1343731624002
3285,850,1044,1923.9939410567983,1006.9555949349962,-1593.7322847596572,2384.841659359602,546.1078766321928
3286,850,1045,1447.0698276282583,739.8564464670369,-1386.125930035462,1871.5209530886798,315.4053210066156
3287,850,1041,2164.0956525222537,749.8628017200999,-1486.5073316091991,2482.864040735245,431.09441350710836
3295,851,1044,1934.9894794928148,1014.4700116777765,-1582.2142152784024,2389.983523733129,559.4759674374625
3294,851,1047,1166.2118085353527,1316.3830333878332,-1378.3170051756913,1934.5342426052107,548.0605993179751
3293,851,1046,1393.4744443051716,1595.739083580264,-1546.234043405417,2274.3103456465196,714.9031822389161
3292,851,1038,2340.0979398867207,1259.945150510147,-1759.6337501201388,2832.378191779432,767.6648986174357
3289,851,937,2143.1657920485277,1734.398287332376,-1845.008084683308,2883.655801822018,993.9082775588855
3290,851,940,903.758458512934,1526.0049222420841,-1283.8817783800778,1928.2439900681752,501.51939068684294
3288,851,936,2597.2996952113876,912.1880749919445,-1710.9019119244153,2955.4506066645563,554.037163538776
3291,851,939,1448.112637836,1165.6980814772846,-1471.2250525101745,2055.9482717746423,557.8624475386423
3297,852,457,501.7320262446618,3260.124660279878,-1130.3462538839337,3371.432668748209,390.42401777633063
3300,852,1040,1405.3072916482338,2484.3943732372895,-1606.5587619361424,2912.5103780999852,977.1912867855383
3296,852,937,2215.8021883095075,1719.826817343815,-1951.2312300385454,2974.4543194545217,961.1746861988007
3298,852,458,31.025732285530125,1504.4474713932323,-155.9536406450884,1508.5626879259914,26.910515752770834
3301,852,1048,66.78511708568419,2350.080743746365,-556.3765859174688,2383.485463718788,33.3803971132611
3302,852,1049,463.1815291044424,1630.114849313652,-856.0513986975063,1770.2774746560995,323.0189037619947
3303,852,1046,1382.2733930695913,1572.409502636245,-1602.4707135486458,2284.197092925543,670.4858027802928
3299,852,940,801.4976788557391,1471.4118500153827,-1347.5808176166627,1888.9105865156525,383.99894235546935
3584,853,1042,1261.7689930872593,758.241448244619,-793.3164856695419,1479.8166282675238,540.1938130643545
3581,853,938,1253.5953755946034,831.349509517664,-868.2502522258349,1525.2120390026264,559.7328461096411
3582,853,941,756.7422578340037,401.0572038090083,-553.8592210934936,908.0166912045343,249.78277043847766
3583,853,473,926.7846432606966,567.9827452463314,-714.7465854964466,1147.2591384538114,347.5082500532167
3307,853,473,1175.3314952770593,1778.9925059660752,-1465.477693847219,2269.631477476961,684.6925237661732
3585,853,1050,856.767185400662,567.2320130829332,-695.2880354036945,1088.5816182577703,335.4175802258248
3586,853,1051,844.4133014102383,491.5506867726586,-632.4352887045148,1030.0891671796214,305.8748210032755
3310,853,1051,972.6351778332709,1116.1844283656192,-1019.6586029159957,1559.2665923692864,529.5530138296037
3580,853,474,1268.4933613851379,680.7466222273971,-731.7426325401902,1443.8996285015446,505.3403551109904
3311,853,1052,273.83579855864537,352.5096264946545,-583.3126100569443,607.4698295077501,18.875595545549743
3306,853,941,756.7422578340037,401.0572038090083,-553.8592210934936,908.0166912045343,249.78277043847766
3305,853,938,1253.5953755946034,831.349509517664,-868.2502522258349,1525.2120390026264,559.7328461096411
3304,853,474,850.3890138471811,-586.2551504170931,49.85824774963926,850.8214620630723,-586.6875986329843
3309,853,1050,164.25915704732608,338.7043637263323,-569.3062951195049,549.198399070317,-46.23487829665868
3308,853,1042,1046.1234870191568,104.75396970530636,-390.18709971785034,1084.9538264981798,65.92363022628348
3318,854,1054,826.0452750468578,684.8797344644928,-1008.2490555963311,1264.5042191462558,246.42079036509494
3312,854,938,1705.1869830921123,980.3747399918414,-1484.6002127542283,2168.8242289655564,516.7374941183973
3314,854,942,690.1756436929973,938.9170871834973,-967.9691887651676,1314.255444830556,314.83728604593864
3315,854,941,973.5645466729594,472.6085591258631,-1058.5329795899513,1308.6309513737854,137.5421544250371
3316,854,1045,1519.1889203513558,958.4011319327541,-1435.257478624318,2009.2570585593671,468.3329937247428
3317,854,1053,1027.1380239896453,954.017921780088,-1206.3806361861998,1594.8752483859557,386.2806973837777
3319,854,1050,1348.2421019475664,729.4187355434117,-1293.1116414321405,1755.6079428098071,322.0528946811712
3313,854,939,1341.5172622776101,961.662630331208,-1395.4512563665946,1874.7036562951416,428.4762363136766
3327,855,1053,980.5910644219433,938.6574251227464,-1203.4582156424735,1561.7185286893741,357.5299608553155
3320,855,939,1385.5794525895499,976.2031531341477,-1453.543395125905,1935.9372213446159,425.84538437908157
3321,855,940,889.5900689761058,1483.0688531295505,-1256.3174425977563,1881.050733185692,491.6081889199646
3322,855,943,281.60111458832245,956.3807227671892,-658.1358466445727,1090.2844345074864,147.69740284802543
3323,855,942,736.0130663752,954.0434366686243,-999.2803965745627,1356.423048461738,333.63345458208624
3324,855,1047,1140.6542712924854,1238.9352122129872,-1359.9911848311988,1871.5636113424944,508.025872162978
3325,855,1055,494.4861418834255,1189.6603513660864,-930.7409336711096,1422.9230265035148,261.2234667459969
3326,855,1056,513.4506464819038,974.3835224256151,-836.9188199440567,1221.644053365473,266.19011554204593
3335,856,1055,419.6681564829716,1164.9704161839365,-940.1116928568688,1392.1704039788187,192.46816868808946
3334,856,1058,127.49392714540718,791.883659869511,-330.65809540983645,830.7509490182531,88.62663799666507
3333,856,1057,-121.93400367256686,757.0212965985108,-43.1576763566435,757.5507500712902,-122.46345714534624
3332,856,1049,468.07250153045425,1644.9338043613486,-802.1241853105055,1768.613701730441,344.392604161362
3331,856,943,186.8454620409937,925.1113574265709,-639.3116408093936,1044.280546316213,67.67627315135167
3328,856,940,795.049247693463,1451.8703821062782,-1315.8468122161532,1858.794234710128,388.12539508961356
3329,856,458,-6.940453944742558,1389.4018785366115,-217.20750991806335,1397.7982978537977,-15.336873261928758
3330,856,459,-75.41345850817079,177.966882729146,44.15978188059652,179.87656014819035,-77.32313592721513
3341,857,1059,52.86862640247314,292.6580769949963,-398.59422402656963,405.34470093100185,-59.81799753353246
3592,857,1059,519.3002741773925,446.58052076071965,-498.5147811078412,734.835787224397,231.0450077137151
3339,857,472,716.3982045834628,1462.4031459342932,-1015.4519574457271,1719.4137803607114,459.3875701570447
3590,857,472,613.1418843500679,532.888598708528,-537.9471016168868,844.9654548010805,301.06502825751556
3589,857,944,535.8233314023412,323.24729435783655,-361.1083541948327,639.0513116694698,220.01931409070804
3588,857,941,824.4101885456041,676.0480060531225,-666.4146932388852,1091.5939609564955,408.86423364223106
3587,857,473,994.7677491209729,658.8251340829268,-516.2756452593302,1134.7728946330778,518.8199885708218
3336,857,473,777.3522297110851,-308.3921184269842,-14.299982215612824,777.3993127616352,-308.43920147753437
3337,857,941,824.4101885456041,676.0480060531225,-666.4146932388852,1091.5939609564955,408.86423364223106
3338,857,944,535.8233314023412,323.24729435783655,-361.1083541948327,639.0513116694698,220.01931409070804
3593,857,1060,573.8390648107285,431.63884198700305,-454.04077118259283,740.6327980371838,264.84510876054776
3591,857,1051,909.6236685422366,667.1666706348548,-590.6748664863061,1107.6451475575645,469.14519161952705
3342,857,1060,627.1137634629156,911.0770052692816,-700.3355096237656,1146.9528140724497,391.2379546597476
3343,857,1061,195.24813790410846,394.9836623813614,-413.6998053985628,524.8123349893667,65.41946529610306
3340,857,1051,797.4708902652767,168.2998247311345,-331.7685031717709,838.5279341823693,127.24278081404191
3344,858,941,1041.228911435438,747.5981846067677,-1171.0875018463023,1498.082526170251,290.7445698719548
3345,858,942,653.9428428434753,815.2231803305267,-947.2863233895077,1215.0418354576705,254.12418771633145
3346,858,945,350.92539389813766,620.9359576481352,-587.8269408368883,809.3677704724944,162.49358107377833
3350,858,1063,483.57052783493276,504.54430795419665,-639.9620924619546,814.2102639075179,173.90457188161162
3349,858,1062,517.0538096441203,722.9040671095255,-775.7862942070839,1021.2951175853535,218.66275916829238
3348,858,1054,855.071182898727,805.8152462200258,-1061.5284344336444,1361.7785052208476,299.10792389790527
3347,858,944,603.7596246259798,345.66627112163724,-690.1216625655513,843.1149322147448,106.31096353287211
3351,858,1059,834.2002042463278,550.4974976834683,-937.7235094323178,1182.1989826003692,202.49871932942676
3356,859,1056,503.1693877071772,934.0939217182517,-822.3291504850714,1182.8302075298686,254.43310189556024
3353,859,943,283.2830726889645,957.0232208064106,-650.5252449252953,1088.4236031803011,151.88269031507377
3354,859,946,110.52134452761878,477.4169024379863,-317.4627196735838,536.556699832514,51.38154713309112
3357,859,1064,153.48607332162382,702.8883772273855,-466.4716295914831,788.5476950650648,67.82675548394457
3352,859,942,699.7823910733326,830.3502312463794,-978.5987914419784,1258.70169165318,271.430930666532
3359,859,1062,497.48952811473663,716.4478542048289,-771.7183946869193,1008.0584657933214,205.87891652624427
3358,859,1065,252.88795344637578,598.9871319514109,-464.4204465493331,715.5368316029505,136.33825379483625
3355,859,945,372.7261198159422,628.1301972010112,-595.390767824952,824.3577068504364,176.49861016651693
3367,860,1064,120.31297155062342,691.9412536429553,-465.68895908881535,774.7817950250256,37.472430168553046
3366,860,1067,50.1875171825643,314.45260929658144,-141.7351388158274,332.2574572455144,32.38266923363133
3365,860,1066,-54.57777550302436,111.08123461931444,7.905828691386165,111.17550443907213,-54.67204532278204
3363,860,946,71.36354105609932,464.49482729238525,-301.98472801523707,515.7935544315633,20.064813916921253
3362,860,460,-53.79840851546823,-96.4782731975532,14.254289230748677,-52.63969861550581,-97.63698309751561
3361,860,459,-36.27886421448821,324.9365742673007,-0.6468710306907196,324.9368638741048,-36.27915382129231
3360,860,943,188.52764726170352,925.7539304154144,-631.7010387613326,1042.5655499871798,71.71602768993813
3364,860,1058,118.49376900938083,756.2425108222922,-317.2594812725802,793.5201566661626,81.2161231655104
3375,861,1070,133.7359630901818,412.7006984908061,-278.75316749535216,470.40140054157075,76.03526103941712
3372,861,1060,588.5846806598664,204.94844134763304,-234.97746512320148,621.7060935615899,171.82702844590958
3373,861,1068,28.999136530943403,229.88368339104113,-242.74290537026937,286.98403853718617,-28.101218615201617
3374,861,1069,390.0880630598348,690.9274225927004,-449.92785421967807,811.1271223276572,269.88836332487784
3371,861,471,414.79009677698434,1147.2177690613473,-679.0435931685048,1280.3911815927488,281.6166842455829
3370,861,947,374.1997453301931,229.66779306212823,-203.424490084334,426.70456745489736,177.16297093742395
3369,861,944,561.4457534469561,519.7272542104129,-452.32115143729516,767.7069879423537,313.46601971501525
3368,861,472,625.0308501012452,-66.94119524943707,-28.081367245920994,625.3156299537836,-67.22597510197551
3600,861,1069,377.99828631622586,355.93249733850155,-307.1997009325001,520.960972361536,212.9698112931914
3598,861,1060,637.5005774286175,552.1017383224031,-386.7465552126815,792.8326324506172,396.7696833004034
3597,861,471,391.34984838206117,497.7132806371263,-402.31529313768493,652.6005283254036,236.46260069378388
3599,861,1068,320.7720935828698,326.16875921817683,-314.35490869307415,480.6710407595409,166.2698120415057
3595,861,944,561.4457534469561,519.7272542104129,-452.32115143729516,767.7069879423537,313.46601971501525
3594,861,472,719.850065870661,606.1183524083642,-322.32873724277323,833.8867526398878,492.08166563913727
3596,861,947,374.1997453302347,229.66779306214198,-203.424490084334,426.7045674549331,177.16297093744356
3376,862,944,629.3820466706674,542.1462309742369,-781.3344598080068,978.8587920625121,192.66948558239238
3377,862,945,337.39473122759114,564.1515274019251,-577.2112523853228,760.8503271588922,140.69593147062398
3378,862,948,211.45638549661558,356.6215451554823,-321.9076030586873,460.60158062567405,107.4763500264238
3380,862,1063,486.95892741369585,569.7712702058302,-683.3868688153257,872.5581756532467,184.17202196627932
3381,862,1071,301.63224955788894,469.3663372552005,-452.25901710756534,626.6802123920392,144.31837442105032
3382,862,1072,307.1024970602464,312.24552467331046,-362.015877284645,490.7002148671937,128.64780686636314
3383,862,1068,535.9033314585625,397.1620677171554,-591.5796097153451,770.3482574908089,162.7171416849091
3379,862,947,396.7773720493584,237.1184098794528,-397.28990165668466,531.0333004156042,102.86248151320692
3389,863,1073,70.04316551719782,355.37112340816446,-227.80902613545072,395.2646668652185,30.14962206014377
3391,863,1071,276.02682515196466,460.9165472012455,-449.2846391205779,611.3918872042102,125.55148514900003
3390,863,1074,155.89739704743354,329.40417685800037,-235.74156543229762,389.00539766989147,96.29617623554242
3385,863,946,117.78998996624011,507.53465417311503,-322.8581484841212,565.7128542368341,59.61178990252097
3387,863,948,228.40812136281573,362.2156179913289,-324.65703837428794,470.8870948086049,119.73664454553972
3386,863,949,61.30211518695644,216.0794981024187,-145.08702151514342,244.7642270598596,32.617386229515546
3384,863,945,359.19425047996356,571.3453687552075,-584.7744892823838,776.30409241488,154.23552682029106
3388,863,1065,249.90689174231227,577.888439788671,-455.21659931165703,694.430216527322,133.3651150036613
3396,864,1067,44.05891107568225,300.5412319179948,-146.36359480116147,319.9529437917736,24.647199201903533
3392,864,946,78.63156771680158,494.61237483080004,-307.3798441918381,545.2348095584712,28.00913298913042
3393,864,460,-35.195845693821816,-30.763202321111038,9.528896784068351,-27.72480705050611,-38.23424096442673
3394,864,461,-27.451691201433043,-198.7194390495009,8.0712092142238,-27.356652454290042,-198.8144777966439
3399,864,1073,60.774792174209644,352.31256020497835,-225.3731212964816,390.7903274422565,22.297024936931535
3398,864,1076,29.206167026964145,71.98109024451111,-59.76752624220159,87.34227231608077,13.844984955394494
3397,864,1075,-29.89546473371926,-114.27188207132141,4.7248934022840325,-29.829370602710235,-114.33797620233042
3395,864,949,42.44110847020579,209.85536588589113,-136.60763164519034,234.18663152208867,18.109842834008248
3400,865,471,443.8339184355985,-10.597045628554639,-65.47553862155057,446.1802729846803,-12.943400177636448
3402,865,950,251.65412910892542,115.78874289537801,-114.1642531229376,272.45260282372936,94.99026918057405
3403,865,470,233.71746395592052,822.6419092814297,-450.81848844599216,899.012975249391,157.34639798795905
3404,865,1069,409.8247956495753,175.53000254069482,-165.23998269679626,436.0286303067736,149.32616788349648
3405,865,1077,17.10068241952316,148.5348315930527,-130.96482756008496,175.58995330832175,-9.9544392957459
3406,865,1078,242.14384181753928,479.05255462430307,-286.2866491753249,546.3976759514796,174.79872049036265
3407,865,1079,78.21108639654763,320.02850986249473,-202.40911617925113,356.79439707000904,41.4451991890333
3607,865,1078,246.7814541386121,247.8169064843279,-206.9912501319789,350.79610030520666,143.80226031773336
3606,865,1077,196.99846281191952,207.9010991225435,-181.32214708157676,293.2745965475489,111.62496538691407
3605,865,1069,427.8982788609236,414.2571941757343,-250.89242399479903,546.7092289967024,295.4462440399554
3604,865,470,242.69647535271338,374.3086882180294,-297.0744810692982,470.964132527307,146.04103104343577
3603,865,950,251.65412910888898,115.78874289536598,-114.1642531229376,272.45260282369577,94.9902691805592
3602,865,947,374.47778211972735,376.61800059929755,-274.5672843408988,512.8357041520873,238.26007856693764
3601,865,471,478.87593799308195,452.24791088935103,-231.5368686756181,582.0934366852737,349.03041219715925
3401,865,947,374.47778211972735,376.61800059929755,-274.5672843408988,512.8357041520873,238.26007856693764
3408,866,947,397.0479600668953,384.066159321863,-468.4310395486304,624.8625045538586,156.25161483489973
3409,866,948,210.12216751251322,332.05157626523396,-312.1985474013125,438.66872779687276,103.50501598087439
3410,866,951,137.63992996535436,171.8024941485803,-143.4677094411964,228.46072731825137,80.98169679568325
3411,866,950,256.62456680776506,117.42898733599507,-210.7887588217626,313.32732159772627,60.72623254603387
3412,866,1072,303.7250771253014,365.08725064275774,-393.50091797307226,533.5344446381938,135.2778831298654
3413,866,1080,200.4919570643973,260.70732654273803,-231.76415990294504,350.3290414271887,110.87024217994664
3414,866,1081,197.0317067195301,150.15196123336602,-179.01362805715914,266.116951602737,81.06671635015911
3415,866,1077,349.37874671305286,258.1865928099175,-342.9700251126197,481.22593327072923,126.3394062522411
3418,867,952,47.300394974833374,71.25196451259865,-33.33961983559406,79.80182184149423,38.7505376459378
3417,867,949,65.79214682674981,237.20274034108704,-147.75626470304383,264.6494490101738,38.345438157663054
3421,867,1082,46.12279624123979,150.78595669346674,-88.84940102023788,167.0994659084481,29.809287026258417
3423,867,1080,181.04345052946712,254.28931938621105,-228.42329168481464,337.6061172077333,97.7266527079449
3422,867,1083,107.66984069528985,149.50359136189405,-88.57531079381494,177.56540623427355,79.60802582291036
3416,867,948,227.07390337862984,337.6456491010524,-314.94798271689916,449.25670758486945,115.46284489481289
3420,867,1074,153.69043534477214,312.3572757507799,-231.18170890254467,373.22027916079696,92.82743193475508
3419,867,951,154.37560149215017,177.32526575242264,-144.9763033567276,239.24119534445606,92.45967190011673
3428,868,1076,29.137442801672233,73.78962936573583,-60.76559735333011,89.1672347970232,13.759837370384872
3426,868,462,-17.47210119538881,-218.87398714679108,8.55620273437539,-17.38126837810499,-218.96481996407488
3430,868,1085,23.89458410395048,-29.150006647867777,-4.404573154363637,23.98586079522177,-29.24128333913907
3431,868,1082,38.06626773953914,148.12730228790554,-88.7156843574294,163.77900338734116,22.41456664010353
3425,868,461,-22.651031400840672,-182.75933564177967,8.444819941074696,-22.53975445312291,-182.87061258949745
3424,868,949,46.93152328876071,230.97873457355095,-139.27709636299147,254.3582111614566,23.55204670085506
3427,868,952,32.21816322755801,66.27482803599807,-28.96612468439556,71.6009850975788,26.892006165977275
3429,868,1084,-20.993889465472506,-201.124328039514,3.0717091821369373,-20.98079518843923,-201.1374223165473
3613,869,1086,95.43335583308141,89.0774588335837,-92.16035082299727,138.4450373667236,46.065777299941516
3432,869,470,332.31693944019344,14.617444777602714,-70.06482574152965,336.13406697518457,10.800317242611584
3433,869,950,239.58167141571357,224.40745139739852,-163.85041452023617,314.270340484632,149.71878232848007
3434,869,953,143.65116797943762,17.22513882727521,-41.250254291723735,146.93086790335877,13.94543890335406
3435,869,469,104.26114722373342,526.1716251490374,-268.976468275642,565.3947185161437,65.03805385662719
3436,869,1078,287.01878045625335,114.68468481510244,-114.08917239772342,304.1902295509742,97.51323572038162
3437,869,1086,2.5635006406751337,58.430406620089634,-59.41998367288564,71.27637749646568,-10.282470235700913
3438,869,1087,123.13701851582897,278.28050413590734,-157.27938591200035,311.16950815840073,90.2480144933356
3439,869,1088,51.691816324442,215.42239275437464,-131.59662815518985,238.58730757631258,28.52690150250409
3608,869,470,350.0611305172941,313.88426643801586,-142.83329387258252,405.6444626297066,258.3009343256033
3610,869,953,143.65116797941263,17.225138827266967,-41.250254291723735,146.9308679033342,13.945438903345405
3611,869,469,109.25869693987653,234.41946335746803,-204.22746811023745,291.6035116182837,52.0746486790609
3612,869,1078,296.16827361391137,269.03832019438187,-151.6194101857622,359.6170617738507,205.58953203444258
3614,869,1087,125.71127143544402,127.79496647451145,-123.88123153259146,188.70249609278147,64.803741817174
3609,869,950,239.58167141571357,224.40745139739852,-163.85041452023617,314.270340484632,149.71878232848007
3442,870,954,34.1365330469824,37.58039398658092,-26.32375953319812,49.13250297480772,22.5844240587556
3440,870,950,244.55766048783707,226.04952779119984,-260.47619022420247,365.87004910559233,104.73713917344455
3441,870,951,137.36805001574788,151.6541978493474,-137.4082574109818,213.5855823535988,75.43666551149651
3443,870,953,107.14983945046673,5.179700412715405,-71.77895649803172,118.51484581631767,-6.18530595313554
3444,870,1081,188.86518478462168,190.19997793633604,-202.0088757545762,290.5392241573584,88.52593856359931
3445,870,1089,117.90503602407148,105.22770160055697,-86.5958567465493,155.32581697426696,67.80692065036149
3446,870,1090,68.7926198792468,21.20148988675094,-50.85007354836315,79.8203431892336,10.17376657676413
3447,870,1086,203.3970177984681,124.70546728216132,-170.20733791214923,257.8101061237128,70.29237895691662
3452,871,1083,104.41710358920695,133.22767554882472,-87.49548242680372,164.88079950069778,72.76397963733388
3455,871,1089,103.70207972760764,100.5407260227239,-83.10493990509327,143.70392683017764,60.53887892015389
3454,871,1092,38.85301638382127,27.96727412393799,1.7883497812582427,38.92597654863329,27.89431395912598
3453,871,1091,38.69819836093893,38.245350377351826,2.187634677142594,39.588781170476025,37.35476756781473
3451,871,954,52.56886963427444,43.66306506038758,-28.52230272900491,63.056140606644846,33.17579408801717
3449,871,952,52.14856952941571,86.44091118085694,-32.06765746470831,92.76972358842659,45.819757121846074
3450,871,955,23.451238893804838,-10.543084564709035,35.10966822767533,30.889209814379683,-17.981055485283882
3448,871,951,154.10446043190203,157.1772132866783,-138.91707756010365,225.11636537103738,86.16530834754299
3461,872,1093,-18.481131706461127,-183.11220198144903,6.168383220332235,-18.423372853364782,-183.16996083454538
3460,872,1085,26.345671005918852,-25.514420917941578,-2.476852809339362,26.37522795981916,-25.543977871841886
3462,872,1094,19.25201917697896,-43.908530859866794,36.88941730579673,24.24387900914318,-48.90039069203102
3459,872,955,23.177448542457366,-10.633435380653994,44.35416626337467,34.15779120578357,-21.613778043980194
3463,872,1091,25.82953334400946,33.9986909217651,2.3621761872922087,34.166023816765865,25.6622004490087
3457,872,462,-14.451290335285975,-212.38048598353765,10.292553022135852,-14.317574427949467,-212.51420189087418
3456,872,952,37.06631241748487,81.46376633391976,-27.69395795876364,85.42841655489943,33.10166219650521
3458,872,463,-13.483157911784907,-150.86473897462943,16.010461064513,-13.018265960085785,-151.32963092632855
3464,873,469,228.59417568088438,81.8483095481597,-54.8256703184543,233.54780795622364,76.89467727282047
3615,873,469,269.4736644655071,181.43651272729937,-34.77277774992512,272.78289796526667,178.12727922753982
3618,873,468,-68.20526505560483,70.0024659853324,-75.31410509165391,79.59674425688841,-77.79954332716083
3465,873,953,116.62344189053383,66.14792967657624,-78.03836797110313,137.8554722282297,44.91589933888037
3471,873,1097,28.039637424713334,101.76328380383741,-42.607926865298545,107.47672182073413,22.32619940781663
3467,873,468,-25.528376828790783,170.18091022750102,-52.91068657688919,173.69399553121735,-29.041462132507135
3621,873,1096,-42.25985124993243,19.831028291027692,-4.591349388346063,19.915790139618,-42.34461309852274
3620,873,1095,-39.66747384901895,-12.425364938531459,-2.254615649628318,-12.378795335271008,-39.7140434522794
3619,873,1087,195.6073529725192,124.47286078159144,-54.006911696746315,204.69674829320226,115.38346546090841
3466,873,467,-15.229258145587071,-31.357077325842877,67.1322561422725,11.228008251868033,-57.81434372329798
3617,873,467,-15.229258145571448,-31.35707732583772,67.1322561422725,11.228008251879643,-57.814343723288815
3616,873,953,116.62344189053383,66.14792967657624,-78.03836797110313,137.8554722282297,44.91589933888037
3470,873,1096,-20.24807237694425,71.50141609000447,6.963619873031714,71.63335788063654,-20.380014167576313
3469,873,1095,-32.31606250035547,-9.999399193472511,7.352743278366691,-9.40936612166028,-32.9060955721677
3468,873,1087,174.52182268606214,73.10681881435355,-64.35030487021918,183.8683896115032,63.76025188891247
3473,874,954,31.679899513198556,20.834901275164313,-25.3231327326927,40.031243704787755,12.48355708357511
3474,874,466,-171.22610234146592,-38.95374347400701,62.46523365969201,-31.949847818012643,-178.2299979974603
3476,874,1090,53.28612401552969,43.20473689931113,-70.7113551832567,83.95862871114637,12.532232203694448
3477,874,1098,-30.297928790215856,3.9674546829772925,15.343728626099256,5.606726833494097,-31.937200940732662
3478,874,1099,-161.8178085233417,-52.22176387315693,74.66838877205431,-40.712431242746945,-173.3271411537517
3479,874,1095,-0.33991568418446394,0.552729255863921,-11.601788187181457,5.924445633450175,-5.711632061770719
3472,874,953,80.12211336164648,54.102491262044566,-108.56707017739018,122.93306337148277,11.291541252208276
3475,874,467,-148.80212183610644,-75.43612234371369,90.98108190927118,-53.68084878615115,-170.55739539366897
3487,875,1098,-36.81270264126154,1.817579312132219,18.33793292772496,3.88337884246425,-38.87850217159357
3480,875,954,50.11185678340848,26.9174471743333,-27.521436297774553,56.51055493625275,20.518749021489022
3481,875,955,25.838548633931413,-2.403785238314871,35.8044761869382,34.518642285616,-11.08387888999945
3482,875,465,-127.5133245762498,-41.44831924332769,55.787508991838415,-33.198682469067364,-135.76296135051012
3483,875,466,-161.4168866908951,-35.71670230931893,64.64466903770942,-27.892418682988506,-169.24117031722554
3484,875,1092,34.29946466116379,15.851672774757038,-0.23569796932235657,34.30021747844064,15.85091995748019
3485,875,1100,-28.797481932580467,-14.653002524525728,45.541231261396405,2.1183630070696893,-45.56884746417589
3486,875,1101,-147.8788138654611,-34.980025228791554,57.023856797899526,-28.188102515191552,-154.6707365790611
3488,876,955,25.56479519111837,-2.4941238744428844,45.04886366952601,38.07164595688555,-15.00097464021006
3489,876,463,6.231663518888723,-125.06652913084174,30.237882522700218,7.950113038707407,-126.78497865066043
3490,876,464,-8.707388572160951,-14.340468887662672,14.065884795078192,-3.947968247746781,-19.099889212076846
3491,876,465,-102.50210111420432,-33.19461550085239,69.01167266478393,-18.945039079595908,-116.7516775354608
3492,876,1094,14.42174074464672,-53.86239494127724,34.14826557506779,18.453051151975323,-57.89370534860584
3493,876,1102,9.999499834562503,-65.9964592685408,17.015461577568463,10.94029187604604,-66.93725131002435
3495,876,1100,-28.921769643010684,-14.6940174689677,52.603910846682396,5.439126319089322,-49.0549134310677
3494,876,1103,-58.11047536797184,-16.214321927712064,38.60212795533302,-8.678140031152921,-65.64665726453099
