INIT MASTER(S)
NASTRAN SYSTEM(442)=-1,SYSTEM(319)=1
ID FFinalM,FEMAP
SOL SESTATIC
CEND
  TITLE = Simcenter Nastran Static Analysis Set
  ECHO = NONE
  DISPLACEMENT(PLOT) = ALL
  SPCFORCE(PLOT) = ALL
  OLOAD(PLOT) = ALL
  FORCE(PLOT,CORNER) = ALL
  STRESS(PLOT,CORNER) = ALL
  SPC = 1
  LOAD = 1
BEGIN BULK
$ ***************************************************************************
$   Written by : Femap
$   Version    : 2412.0
$   Translator : Simcenter Nastran
$   From Model : C:\Documents\Grad_School\!AE_Masters_Project\AE_Masters_Project\Nastran\!FinalModels\TensionPlate\PyDFEM\TensionPlate_PyDFEM_Refined.modfem
$   Date       : Sun Nov 23 14:09:06 2025
$   Output To  : C:\Documents\Grad_School\!AE_Masters_Project\AE_Masters_Project\Nastran\!FinalModels\TensionPlate\PyDFEM\
$ ***************************************************************************
$
PARAM,PRGPST,NO
PARAM,POST,-1
PARAM,OGEOM,NO
PARAM,AUTOSPC,YES
PARAM,K6ROT,100.
PARAM,GRDPNT,0
CORD2C         1       0      0.      0.      0.      0.      0.      1.+FEMAPC1
+FEMAPC1      1.      0.      1.        
CORD2S         2       0      0.      0.      0.      0.      0.      1.+FEMAPC2
+FEMAPC2      1.      0.      1.        
$ Femap Load Set 1 : Untitled
FORCE          1     475       0      1.166.6667      0.      0.
FORCE          1   26270       0      1.166.6667      0.      0.
FORCE          1   26271       0      1.166.6667      0.      0.
FORCE          1   26272       0      1.166.6667      0.      0.
FORCE          1   26273       0      1.166.6667      0.      0.
FORCE          1   26274       0      1.166.6667      0.      0.
FORCE          1   26275       0      1.166.6667      0.      0.
FORCE          1   26276       0      1.166.6667      0.      0.
FORCE          1   26277       0      1.166.6667      0.      0.
FORCE          1   26278       0      1.166.6667      0.      0.
FORCE          1   26279       0      1.166.6667      0.      0.
FORCE          1   26280       0      1.166.6667      0.      0.
FORCE          1   26281       0      1.166.6667      0.      0.
FORCE          1   26282       0      1.166.6667      0.      0.
FORCE          1   26283       0      1.166.6667      0.      0.
FORCE          1   26284       0      1.166.6667      0.      0.
FORCE          1   26285       0      1.166.6667      0.      0.
FORCE          1   26286       0      1.166.6667      0.      0.
FORCE          1   26287       0      1.166.6667      0.      0.
FORCE          1   26288       0      1.166.6667      0.      0.
FORCE          1   26289       0      1.166.6667      0.      0.
FORCE          1   26290       0      1.166.6667      0.      0.
FORCE          1   26291       0      1.166.6667      0.      0.
FORCE          1   26292       0      1.166.6667      0.      0.
FORCE          1   26293       0      1.166.6667      0.      0.
FORCE          1   26294       0      1.166.6667      0.      0.
FORCE          1   26295       0      1.166.6667      0.      0.
FORCE          1   26296       0      1.166.6667      0.      0.
FORCE          1   26297       0      1.166.6667      0.      0.
FORCE          1   26298       0      1.166.6667      0.      0.
FORCE          1   26299       0      1.83.33333      0.      0.
FORCE          1   28225       0      1.83.33333      0.      0.
FORCE          1   28226       0      1.166.6667      0.      0.
FORCE          1   28227       0      1.166.6667      0.      0.
FORCE          1   28228       0      1.166.6667      0.      0.
FORCE          1   28229       0      1.166.6667      0.      0.
FORCE          1   28230       0      1.166.6667      0.      0.
FORCE          1   28231       0      1.166.6667      0.      0.
FORCE          1   28232       0      1.166.6667      0.      0.
FORCE          1   28233       0      1.166.6667      0.      0.
FORCE          1   28234       0      1.166.6667      0.      0.
FORCE          1   28235       0      1.166.6667      0.      0.
FORCE          1   28236       0      1.166.6667      0.      0.
FORCE          1   28237       0      1.166.6667      0.      0.
FORCE          1   28238       0      1.166.6667      0.      0.
FORCE          1   28239       0      1.166.6667      0.      0.
FORCE          1   28240       0      1.166.6667      0.      0.
FORCE          1   28241       0      1.166.6667      0.      0.
FORCE          1   28242       0      1.166.6667      0.      0.
FORCE          1   28243       0      1.166.6667      0.      0.
FORCE          1   28244       0      1.166.6667      0.      0.
FORCE          1   28245       0      1.166.6667      0.      0.
FORCE          1   28246       0      1.166.6667      0.      0.
FORCE          1   28247       0      1.166.6667      0.      0.
FORCE          1   28248       0      1.166.6667      0.      0.
FORCE          1   28249       0      1.166.6667      0.      0.
FORCE          1   28250       0      1.166.6667      0.      0.
FORCE          1   28251       0      1.166.6667      0.      0.
FORCE          1   28252       0      1.166.6667      0.      0.
FORCE          1   28253       0      1.166.6667      0.      0.
FORCE          1   28254       0      1.166.6667      0.      0.
$ Femap Constraint Set 1 : Untitled
SPC1           1  123456    3129
SPC1           1   13456   27317
SPC1           1   13456   27318
SPC1           1   13456   27319
SPC1           1   13456   27320
SPC1           1   13456   27321
SPC1           1   13456   27322
SPC1           1   13456   27323
SPC1           1   13456   27324
SPC1           1   13456   27325
SPC1           1   13456   27326
SPC1           1   13456   27327
SPC1           1   13456   27328
SPC1           1   13456   27329
SPC1           1   13456   27330
SPC1           1   13456   27331
SPC1           1   13456   27332
SPC1           1   13456   27333
SPC1           1   13456   27334
SPC1           1   13456   27335
SPC1           1   13456   27336
SPC1           1   13456   27337
SPC1           1   13456   27338
SPC1           1   13456   27339
SPC1           1   13456   27340
SPC1           1   13456   27341
SPC1           1   13456   27342
SPC1           1   13456   27343
SPC1           1   13456   27344
SPC1           1   13456   27345
SPC1           1   13456   27346
SPC1           1   13456   29104
SPC1           1   13456   29105
SPC1           1   13456   29106
SPC1           1   13456   29107
SPC1           1   13456   29108
SPC1           1   13456   29109
SPC1           1   13456   29110
SPC1           1   13456   29111
SPC1           1   13456   29112
SPC1           1   13456   29113
SPC1           1   13456   29114
SPC1           1   13456   29115
SPC1           1   13456   29116
SPC1           1   13456   29117
SPC1           1   13456   29118
SPC1           1   13456   29119
SPC1           1   13456   29120
SPC1           1   13456   29121
SPC1           1   13456   29122
SPC1           1   13456   29123
SPC1           1   13456   29124
SPC1           1   13456   29125
SPC1           1   13456   29126
SPC1           1   13456   29127
SPC1           1   13456   29128
SPC1           1   13456   29129
SPC1           1   13456   29130
SPC1           1   13456   29131
SPC1           1   13456   29132
SPC1           1   13456   29133
$ Femap Property 1 : PLATE Property
PSHELL         1       1     .25       1               1              0.
$ Femap Material 1 : 2024-T351 Al Plate: t = 0.25 to 0.5 inches
MAT1           1  1.07+7             .332.5906-4 1.255-5     70.        +       
+         42000.  40000.  38000.
MAT4           1.0016435  83.0762.5906-4                        
GRID           1       0     3.5      3.      0.       0
GRID           9       0      3.     3.5      0.       0
GRID          17       0     2.5      3.      0.       0
GRID          18       0    2.75      3.      0.       0
GRID          34       0    3.25      3.      0.       0
GRID          38       0   3.375      3.      0.       0
GRID          82       0   2.625      3.      0.       0
GRID          91       0      3.     2.5      0.       0
GRID         161       02.583333      3.      0.       0
GRID         162       02.666667      3.      0.       0
GRID         163       03.333333      3.      0.       0
GRID         164       03.416667      3.      0.       0
GRID         197       03.458333      3.      0.       0
GRID         226       02.541667      3.      0.       0
GRID         260       03.291667      3.      0.       0
GRID         275       02.708333      3.      0.       0
GRID         412       0      3.      2.      0.       0
GRID         475       0      6.      3.      0.       0
GRID         476       0     5.5      3.      0.       0
GRID         477       0      5.      3.      0.       0
GRID         478       0     4.5      3.      0.       0
GRID         479       0      4.      3.      0.       0
GRID        1689       0      3.      0.      0.       0
GRID        2113       0      3.      .1      0.       0
GRID        2114       0      3.      .2      0.       0
GRID        2115       0      3.      .3      0.       0
GRID        2116       0      3.      .4      0.       0
GRID        2117       0      3.      .5      0.       0
GRID        2118       0      3.      .6      0.       0
GRID        2119       0      3.      .7      0.       0
GRID        2120       0      3.      .8      0.       0
GRID        2121       0      3.      .9      0.       0
GRID        2122       0      3.      1.      0.       0
GRID        2123       0      3.     1.1      0.       0
GRID        2124       0      3.     1.2      0.       0
GRID        2125       0      3.     1.3      0.       0
GRID        2126       0      3.     1.4      0.       0
GRID        2127       0      3.     1.5      0.       0
GRID        2128       0      3.     1.6      0.       0
GRID        2129       0      3.     1.7      0.       0
GRID        2130       0      3.     1.8      0.       0
GRID        2131       0      3.     1.9      0.       0
GRID        2132       0      3.     2.1      0.       0
GRID        2133       0      3.     2.2      0.       0
GRID        2134       0      3.     2.3      0.       0
GRID        2135       0      3.     2.4      0.       0
GRID        3114       0      3.     4.5      0.       0
GRID        3115       0      3.      5.      0.       0
GRID        3116       0      3.     5.5      0.       0
GRID        3117       0      3.      6.      0.       0
GRID        3129       0      0.      3.      0.       0
GRID        3130       0      .1      3.      0.       0
GRID        3131       0      .2      3.      0.       0
GRID        3132       0      .3      3.      0.       0
GRID        3133       0      .4      3.      0.       0
GRID        3134       0      .5      3.      0.       0
GRID        3135       0      .6      3.      0.       0
GRID        3136       0      .7      3.      0.       0
GRID        3137       0      .8      3.      0.       0
GRID        3138       0      .9      3.      0.       0
GRID        3139       0      1.      3.      0.       0
GRID        3140       0     1.1      3.      0.       0
GRID        3141       0     1.2      3.      0.       0
GRID        3142       0     1.3      3.      0.       0
GRID        3143       0     1.4      3.      0.       0
GRID        3144       0     1.5      3.      0.       0
GRID        3145       0     1.6      3.      0.       0
GRID        3146       0     1.7      3.      0.       0
GRID        3147       0     1.8      3.      0.       0
GRID        3148       0     1.9      3.      0.       0
GRID        3150       0     2.1      3.      0.       0
GRID        3151       0     2.2      3.      0.       0
GRID        3152       0     2.3      3.      0.       0
GRID        3153       0     2.4      3.      0.       0
GRID        3458       0     5.9      3.      0.       0
GRID        3459       0     5.8      3.      0.       0
GRID        3460       0     5.7      3.      0.       0
GRID        3461       0     5.6      3.      0.       0
GRID        3462       0     5.4      3.      0.       0
GRID        3463       0     5.3      3.      0.       0
GRID        3464       0     5.2      3.      0.       0
GRID        3465       0     5.1      3.      0.       0
GRID        3466       0     4.9      3.      0.       0
GRID        3467       0     4.8      3.      0.       0
GRID        3468       0     4.7      3.      0.       0
GRID        3469       0     4.6      3.      0.       0
GRID        3470       0     4.4      3.      0.       0
GRID        3471       0     4.3      3.      0.       0
GRID        3472       0     4.2      3.      0.       0
GRID        3473       0     4.1      3.      0.       0
GRID        3474       0     3.9      3.      0.       0
GRID        3475       0     3.8      3.      0.       0
GRID        3476       0     3.7      3.      0.       0
GRID        3477       0     3.6      3.      0.       0
GRID        5557       0      3.     5.9      0.       0
GRID        5558       0      3.     5.8      0.       0
GRID        5559       0      3.     5.7      0.       0
GRID        5560       0      3.     5.6      0.       0
GRID        5561       0      3.     5.4      0.       0
GRID        5562       0      3.     5.3      0.       0
GRID        5563       0      3.     5.2      0.       0
GRID        5564       0      3.     5.1      0.       0
GRID        5565       0      3.     4.9      0.       0
GRID        5566       0      3.     4.8      0.       0
GRID        5567       0      3.     4.7      0.       0
GRID        5568       0      3.     4.6      0.       0
GRID        5569       0      3.     4.4      0.       0
GRID        5570       0      3.     4.3      0.       0
GRID        5571       0      3.     4.2      0.       0
GRID        5572       0      3.     4.1      0.       0
GRID        5574       0      3.     3.9      0.       0
GRID        5575       0      3.     3.8      0.       0
GRID        5576       0      3.     3.7      0.       0
GRID        5577       0      3.     3.6      0.       0
GRID       10274       0      3.      4.      0.       0
GRID       10334       0      2.      3.      0.       0
GRID       19604       02.9024553.490394      0.       0
GRID       19605       02.8086593.461939      0.       0
GRID       19606       02.7222143.415736      0.       0
GRID       19607       02.6464473.353553      0.       0
GRID       19608       02.5842643.277786      0.       0
GRID       19609       02.5380613.191341      0.       0
GRID       19610       02.5096063.097545      0.       0
GRID       22415       03.4903943.097545      0.       0
GRID       22416       03.4619393.191341      0.       0
GRID       22417       03.4157363.277786      0.       0
GRID       22418       03.3535533.353553      0.       0
GRID       22419       03.2777863.415736      0.       0
GRID       22420       03.1913413.461939      0.       0
GRID       22421       03.0975453.490394      0.       0
GRID       22422       02.754848   3.049      0.       0
GRID       22423       02.7690313.095671      0.       0
GRID       22424       02.792003  3.1387      0.       0
GRID       22425       02.8232233.176777      0.       0
GRID       22426       0  2.86133.207997      0.       0
GRID       22427       02.9043293.230969      0.       0
GRID       22428       0   2.9513.245152      0.       0
GRID       22429       0      3.    3.25      0.       0
GRID       22430       0   3.0493.245152      0.       0
GRID       22431       03.0956713.230969      0.       0
GRID       22432       0  3.13873.207997      0.       0
GRID       22433       03.1767773.176777      0.       0
GRID       22434       03.207997  3.1387      0.       0
GRID       22435       03.2309693.095671      0.       0
GRID       22436       03.245152   3.049      0.       0
GRID       22437       03.4086473.081363      0.       0
GRID       22438       03.3849493.159451      0.       0
GRID       22439       03.3464893.231424      0.       0
GRID       22440       03.2946283.294628      0.       0
GRID       22441       03.2314243.346489      0.       0
GRID       22442       03.1594513.384949      0.       0
GRID       22443       03.0813633.408647      0.       0
GRID       22444       0      3.3.416667      0.       0
GRID       22445       02.9186373.408647      0.       0
GRID       22446       02.8405493.384949      0.       0
GRID       22447       02.7685763.346489      0.       0
GRID       22448       02.7053723.294628      0.       0
GRID       22449       02.6535113.231424      0.       0
GRID       22450       02.6150513.159451      0.       0
GRID       22451       02.5913533.081363      0.       0
GRID       22452       03.3268993.065182      0.       0
GRID       22453       03.3079593.127561      0.       0
GRID       22454       03.2772433.185062      0.       0
GRID       22455       03.2357023.235702      0.       0
GRID       22456       03.1850623.277243      0.       0
GRID       22457       03.1275613.307959      0.       0
GRID       22458       03.0651823.326899      0.       0
GRID       22459       0      3.3.333333      0.       0
GRID       22460       02.9348183.326899      0.       0
GRID       22461       02.8724393.307959      0.       0
GRID       22462       02.8149383.277243      0.       0
GRID       22463       02.7642983.235702      0.       0
GRID       22464       02.7227573.185062      0.       0
GRID       22465       02.6920413.127561      0.       0
GRID       22466       02.6731013.065182      0.       0
GRID       22467       03.4951973.048773      0.       0
GRID       22468       0 3.449523.089454      0.       0
GRID       22469       03.4126573.040682      0.       0
GRID       22470       03.4761663.144443      0.       0
GRID       22471       03.4234443.175396      0.       0
GRID       22472       03.3967983.120407      0.       0
GRID       22473       03.4388373.234564      0.       0
GRID       22474       03.3811133.254605      0.       0
GRID       22475       03.3657193.195438      0.       0
GRID       22476       03.384645 3.31567      0.       0
GRID       22477       03.3240913.324091      0.       0
GRID       22478       03.3205593.263026      0.       0
GRID       22479       0 3.315673.384645      0.       0
GRID       22480       03.2546053.381113      0.       0
GRID       22481       03.2630263.320559      0.       0
GRID       22482       03.2345643.438837      0.       0
GRID       22483       03.1753963.423444      0.       0
GRID       22484       03.1954383.365719      0.       0
GRID       22485       03.1444433.476166      0.       0
GRID       22486       03.089454 3.44952      0.       0
GRID       22487       03.1204073.396798      0.       0
GRID       22488       03.0487733.495197      0.       0
GRID       22489       0      3.3.458333      0.       0
GRID       22490       03.0406823.412657      0.       0
GRID       22491       02.9512273.495197      0.       0
GRID       22492       02.910546 3.44952      0.       0
GRID       22493       02.9593183.412657      0.       0
GRID       22494       02.8555573.476166      0.       0
GRID       22495       02.8246043.423444      0.       0
GRID       22496       02.8795933.396798      0.       0
GRID       22497       02.7654363.438837      0.       0
GRID       22498       02.7453953.381113      0.       0
GRID       22499       02.8045623.365719      0.       0
GRID       22500       0 2.684333.384645      0.       0
GRID       22501       02.6759093.324091      0.       0
GRID       22502       02.7369743.320559      0.       0
GRID       22503       02.615355 3.31567      0.       0
GRID       22504       02.6188873.254605      0.       0
GRID       22505       02.6794413.263026      0.       0
GRID       22506       02.5611633.234564      0.       0
GRID       22507       02.5765563.175396      0.       0
GRID       22508       02.6342813.195438      0.       0
GRID       22509       02.5238343.144443      0.       0
GRID       22510       0 2.550483.089454      0.       0
GRID       22511       02.6032023.120407      0.       0
GRID       22512       02.5048033.048773      0.       0
GRID       22513       02.5873433.040682      0.       0
GRID       22514       03.3677733.073273      0.       0
GRID       22515       03.3301163.032591      0.       0
GRID       22516       03.3464543.143506      0.       0
GRID       22517       03.3174293.096371      0.       0
GRID       22518       03.3118663.208243      0.       0
GRID       22519       03.2926013.156312      0.       0
GRID       22520       03.2651653.265165      0.       0
GRID       22521       03.2564733.210382      0.       0
GRID       22522       03.2082433.311866      0.       0
GRID       22523       03.2103823.256473      0.       0
GRID       22524       03.1435063.346454      0.       0
GRID       22525       03.1563123.292601      0.       0
GRID       22526       03.0732733.367773      0.       0
GRID       22527       03.0963713.317429      0.       0
GRID       22528       0      3.   3.375      0.       0
GRID       22529       03.0325913.330116      0.       0
GRID       22530       02.9267273.367773      0.       0
GRID       22531       02.9674093.330116      0.       0
GRID       22532       02.8564943.346454      0.       0
GRID       22533       02.9036293.317429      0.       0
GRID       22534       02.7917573.311866      0.       0
GRID       22535       02.8436883.292601      0.       0
GRID       22536       02.7348353.265165      0.       0
GRID       22537       02.7896183.256473      0.       0
GRID       22538       02.6881343.208243      0.       0
GRID       22539       02.7435273.210382      0.       0
GRID       22540       02.6535463.143506      0.       0
GRID       22541       02.7073993.156312      0.       0
GRID       22542       02.6322273.073273      0.       0
GRID       22543       02.6825713.096371      0.       0
GRID       22544       02.6698843.032591      0.       0
GRID       22545       03.2860253.057091      0.       0
GRID       22546       03.247576  3.0245      0.       0
GRID       22547       03.2694643.111616      0.       0
GRID       22548       03.2380613.072335      0.       0
GRID       22549       0 3.242623.161881      0.       0
GRID       22550       03.2194833.117186      0.       0
GRID       22551       03.2062393.206239      0.       0
GRID       22552       03.1923873.157739      0.       0
GRID       22553       03.161881 3.24262      0.       0
GRID       22554       03.1577393.192387      0.       0
GRID       22555       03.1116163.269464      0.       0
GRID       22556       03.1171863.219483      0.       0
GRID       22557       03.0570913.286025      0.       0
GRID       22558       03.0723353.238061      0.       0
GRID       22559       0      3.3.291667      0.       0
GRID       22560       0  3.02453.247576      0.       0
GRID       22561       02.9429093.286025      0.       0
GRID       22562       0  2.97553.247576      0.       0
GRID       22563       02.8883843.269464      0.       0
GRID       22564       02.9276653.238061      0.       0
GRID       22565       02.838119 3.24262      0.       0
GRID       22566       02.8828143.219483      0.       0
GRID       22567       02.7937613.206239      0.       0
GRID       22568       02.8422613.192387      0.       0
GRID       22569       0 2.757383.161881      0.       0
GRID       22570       02.8076133.157739      0.       0
GRID       22571       02.7305363.111616      0.       0
GRID       22572       02.7805173.117186      0.       0
GRID       22573       02.7139753.057091      0.       0
GRID       22574       02.7619393.072335      0.       0
GRID       22575       02.752424  3.0245      0.       0
GRID       25223       03.0975452.509606      0.       0
GRID       25224       03.1913412.538061      0.       0
GRID       25225       03.2777862.584264      0.       0
GRID       25226       03.3535532.646447      0.       0
GRID       25227       03.4157362.722214      0.       0
GRID       25228       03.4619392.808659      0.       0
GRID       25229       03.4903942.902455      0.       0
GRID       26270       0      6.     3.1      0.       0
GRID       26271       0      6.     3.2      0.       0
GRID       26272       0      6.     3.3      0.       0
GRID       26273       0      6.     3.4      0.       0
GRID       26274       0      6.     3.5      0.       0
GRID       26275       0      6.     3.6      0.       0
GRID       26276       0      6.     3.7      0.       0
GRID       26277       0      6.     3.8      0.       0
GRID       26278       0      6.     3.9      0.       0
GRID       26279       0      6.      4.      0.       0
GRID       26280       0      6.     4.1      0.       0
GRID       26281       0      6.     4.2      0.       0
GRID       26282       0      6.     4.3      0.       0
GRID       26283       0      6.     4.4      0.       0
GRID       26284       0      6.     4.5      0.       0
GRID       26285       0      6.     4.6      0.       0
GRID       26286       0      6.     4.7      0.       0
GRID       26287       0      6.     4.8      0.       0
GRID       26288       0      6.     4.9      0.       0
GRID       26289       0      6.      5.      0.       0
GRID       26290       0      6.     5.1      0.       0
GRID       26291       0      6.     5.2      0.       0
GRID       26292       0      6.     5.3      0.       0
GRID       26293       0      6.     5.4      0.       0
GRID       26294       0      6.     5.5      0.       0
GRID       26295       0      6.     5.6      0.       0
GRID       26296       0      6.     5.7      0.       0
GRID       26297       0      6.     5.8      0.       0
GRID       26298       0      6.     5.9      0.       0
GRID       26299       0      6.      6.      0.       0
GRID       26300       0     5.9      6.      0.       0
GRID       26301       0     5.8      6.      0.       0
GRID       26302       0     5.7      6.      0.       0
GRID       26303       0     5.6      6.      0.       0
GRID       26304       0     5.5      6.      0.       0
GRID       26305       0     5.4      6.      0.       0
GRID       26306       0     5.3      6.      0.       0
GRID       26307       0     5.2      6.      0.       0
GRID       26308       0     5.1      6.      0.       0
GRID       26309       0      5.      6.      0.       0
GRID       26310       0     4.9      6.      0.       0
GRID       26311       0     4.8      6.      0.       0
GRID       26312       0     4.7      6.      0.       0
GRID       26313       0     4.6      6.      0.       0
GRID       26314       0     4.5      6.      0.       0
GRID       26315       0     4.4      6.      0.       0
GRID       26316       0     4.3      6.      0.       0
GRID       26317       0     4.2      6.      0.       0
GRID       26318       0     4.1      6.      0.       0
GRID       26319       0      4.      6.      0.       0
GRID       26320       0     3.9      6.      0.       0
GRID       26321       0     3.8      6.      0.       0
GRID       26322       0     3.7      6.      0.       0
GRID       26323       0     3.6      6.      0.       0
GRID       26324       0     3.5      6.      0.       0
GRID       26325       0     3.4      6.      0.       0
GRID       26326       0     3.3      6.      0.       0
GRID       26327       0     3.2      6.      0.       0
GRID       26328       0     3.1      6.      0.       0
GRID       26329       03.099962 3.79985      0.       0
GRID       26330       03.1998653.799405      0.       0
GRID       26331       0 3.300253.798428      0.       0
GRID       26332       03.3997563.800266      0.       0
GRID       26333       03.4995573.799867      0.       0
GRID       26334       0     3.6     3.8      0.       0
GRID       26335       0     3.7     3.8      0.       0
GRID       26336       0     3.8     3.8      0.       0
GRID       26337       0     3.9     3.8      0.       0
GRID       26338       0      4.     3.8      0.       0
GRID       26339       0     4.1     3.8      0.       0
GRID       26340       0     4.2     3.8      0.       0
GRID       26341       0     4.3     3.8      0.       0
GRID       26342       0     4.4     3.8      0.       0
GRID       26343       0     4.5     3.8      0.       0
GRID       26344       0     4.6     3.8      0.       0
GRID       26345       0     4.7     3.8      0.       0
GRID       26346       0     4.8     3.8      0.       0
GRID       26347       0     4.9     3.8      0.       0
GRID       26348       0      5.     3.8      0.       0
GRID       26349       0     5.1     3.8      0.       0
GRID       26350       0     5.2     3.8      0.       0
GRID       26351       0     5.3     3.8      0.       0
GRID       26352       0     5.4     3.8      0.       0
GRID       26353       0     5.5     3.8      0.       0
GRID       26354       0     5.6     3.8      0.       0
GRID       26355       0     5.7     3.8      0.       0
GRID       26356       0     5.8     3.8      0.       0
GRID       26357       0     5.9     3.8      0.       0
GRID       26358       0     5.2     3.9      0.       0
GRID       26359       0     5.2      4.      0.       0
GRID       26360       0     5.2     4.1      0.       0
GRID       26361       0     5.2     4.2      0.       0
GRID       26362       0     5.2     4.3      0.       0
GRID       26363       0     5.2     4.4      0.       0
GRID       26364       0     5.2     4.5      0.       0
GRID       26365       0     5.2     4.6      0.       0
GRID       26366       0     5.2     4.7      0.       0
GRID       26367       0     5.2     4.8      0.       0
GRID       26368       0     5.2     4.9      0.       0
GRID       26369       0     5.2      5.      0.       0
GRID       26370       0     5.2     5.1      0.       0
GRID       26371       0     5.2     5.2      0.       0
GRID       26372       0     5.2     5.3      0.       0
GRID       26373       0     5.2     5.4      0.       0
GRID       26374       0     5.2     5.5      0.       0
GRID       26375       0     5.2     5.6      0.       0
GRID       26376       0     5.2     5.7      0.       0
GRID       26377       0     5.2     5.8      0.       0
GRID       26378       0     5.2     5.9      0.       0
GRID       26379       0     5.1     5.5      0.       0
GRID       26380       0      5.     5.5      0.       0
GRID       26381       0     4.9     5.5      0.       0
GRID       26382       0     4.8     5.5      0.       0
GRID       26383       0     4.7     5.5      0.       0
GRID       26384       0     4.6     5.5      0.       0
GRID       26385       0     4.5     5.5      0.       0
GRID       26386       0     4.4     5.5      0.       0
GRID       26387       0     4.3     5.5      0.       0
GRID       26388       0     4.2     5.5      0.       0
GRID       26389       0     4.1     5.5      0.       0
GRID       26390       0      4.     5.5      0.       0
GRID       26391       0     3.9     5.5      0.       0
GRID       26392       0     3.8     5.5      0.       0
GRID       26393       0     3.7     5.5      0.       0
GRID       26394       0     3.6     5.5      0.       0
GRID       26395       0     3.5     5.5      0.       0
GRID       26396       0     3.4     5.5      0.       0
GRID       26397       0     3.3     5.5      0.       0
GRID       26398       0     3.2     5.5      0.       0
GRID       26399       0     3.1     5.5      0.       0
GRID       26400       0     4.4     3.9      0.       0
GRID       26401       0     4.4      4.      0.       0
GRID       26402       0     4.4     4.1      0.       0
GRID       26403       0     4.4     4.2      0.       0
GRID       26404       0     4.4     4.3      0.       0
GRID       26405       0     4.4     4.4      0.       0
GRID       26406       0     4.4     4.5      0.       0
GRID       26407       0     4.4     4.6      0.       0
GRID       26408       0     4.4     4.7      0.       0
GRID       26409       0     4.4     4.8      0.       0
GRID       26410       0     4.4     4.9      0.       0
GRID       26411       0     4.4      5.      0.       0
GRID       26412       0     4.4     5.1      0.       0
GRID       26413       0     4.4     5.2      0.       0
GRID       26414       0     4.4     5.3      0.       0
GRID       26415       0     4.4     5.4      0.       0
GRID       26416       0     3.1     4.6      0.       0
GRID       26417       0     3.2     4.6      0.       0
GRID       26418       0     3.3     4.6      0.       0
GRID       26419       0     3.4     4.6      0.       0
GRID       26420       0     3.5     4.6      0.       0
GRID       26421       0     3.6     4.6      0.       0
GRID       26422       0     3.7     4.6      0.       0
GRID       26423       0     3.8     4.6      0.       0
GRID       26424       0     3.9     4.6      0.       0
GRID       26425       0      4.     4.6      0.       0
GRID       26426       0     4.1     4.6      0.       0
GRID       26427       0     4.2     4.6      0.       0
GRID       26428       0     4.3     4.6      0.       0
GRID       26429       0     4.1     4.7      0.       0
GRID       26430       0     4.1     4.8      0.       0
GRID       26431       0     4.1     4.9      0.       0
GRID       26432       0     4.1      5.      0.       0
GRID       26433       0     4.1     5.1      0.       0
GRID       26434       0     4.1     5.2      0.       0
GRID       26435       0     4.1     5.3      0.       0
GRID       26436       0     4.1     5.4      0.       0
GRID       26437       0     3.8     4.7      0.       0
GRID       26438       0     3.8     4.8      0.       0
GRID       26439       0     3.8     4.9      0.       0
GRID       26440       0     3.8      5.      0.       0
GRID       26441       0     3.8     5.1      0.       0
GRID       26442       0     3.8     5.2      0.       0
GRID       26443       0     3.8     5.3      0.       0
GRID       26444       0     3.8     5.4      0.       0
GRID       26445       0     3.1      5.      0.       0
GRID       26446       0     3.2      5.      0.       0
GRID       26447       0     3.3      5.      0.       0
GRID       26448       0     3.4      5.      0.       0
GRID       26449       0     3.5      5.      0.       0
GRID       26450       0     3.6      5.      0.       0
GRID       26451       0     3.7      5.      0.       0
GRID       26452       0     3.2     5.4      0.       0
GRID       26453       0     3.2     5.3      0.       0
GRID       26454       0     3.2     5.2      0.       0
GRID       26455       0     3.2     5.1      0.       0
GRID       26456       0     3.6     5.1      0.       0
GRID       26457       0     3.6     5.2      0.       0
GRID       26458       0     3.6     5.3      0.       0
GRID       26459       0     3.6     5.4      0.       0
GRID       26460       0     3.3     5.2      0.       0
GRID       26461       0     3.4     5.2      0.       0
GRID       26462       0     3.5     5.2      0.       0
GRID       26463       0     3.5     5.3      0.       0
GRID       26464       0     3.5     5.4      0.       0
GRID       26465       0     3.3     5.3      0.       0
GRID       26466       0     3.4     5.3      0.       0
GRID       26467       0     3.3     5.4      0.       0
GRID       26468       0     3.4     5.4      0.       0
GRID       26469       0     3.4     5.1      0.       0
GRID       26470       0     3.3     5.1      0.       0
GRID       26471       0     3.5     5.1      0.       0
GRID       26472       0     3.7     5.3      0.       0
GRID       26473       0     3.7     5.1      0.       0
GRID       26474       0     3.7     5.2      0.       0
GRID       26475       0     3.7     5.4      0.       0
GRID       26476       0     3.1     5.2      0.       0
GRID       26477       0     3.1     5.3      0.       0
GRID       26478       0     3.1     5.4      0.       0
GRID       26479       0     3.1     5.1      0.       0
GRID       26480       0     3.3     4.9      0.       0
GRID       26481       0     3.3     4.8      0.       0
GRID       26482       0     3.3     4.7      0.       0
GRID       26483       0     3.6     4.7      0.       0
GRID       26484       0     3.6     4.8      0.       0
GRID       26485       0     3.6     4.9      0.       0
GRID       26486       0     3.4     4.8      0.       0
GRID       26487       0     3.5     4.8      0.       0
GRID       26488       0     3.5     4.9      0.       0
GRID       26489       0     3.4     4.9      0.       0
GRID       26490       0     3.4     4.7      0.       0
GRID       26491       0     3.5     4.7      0.       0
GRID       26492       0     3.7     4.8      0.       0
GRID       26493       0     3.7     4.7      0.       0
GRID       26494       0     3.7     4.9      0.       0
GRID       26495       0     3.1     4.8      0.       0
GRID       26496       0     3.2     4.8      0.       0
GRID       26497       0     3.1     4.9      0.       0
GRID       26498       0     3.2     4.9      0.       0
GRID       26499       0     3.2     4.7      0.       0
GRID       26500       0     3.1     4.7      0.       0
GRID       26501       0     3.9     4.8      0.       0
GRID       26502       0      4.     4.8      0.       0
GRID       26503       0      4.     5.2      0.       0
GRID       26504       0     3.9     5.2      0.       0
GRID       26505       0     3.9      5.      0.       0
GRID       26506       0      4.      5.      0.       0
GRID       26507       0      4.     5.1      0.       0
GRID       26508       0     3.9     5.1      0.       0
GRID       26509       0     3.9     4.9      0.       0
GRID       26510       0      4.     4.9      0.       0
GRID       26511       0     3.9     5.4      0.       0
GRID       26512       0     3.9     5.3      0.       0
GRID       26513       0      4.     5.4      0.       0
GRID       26514       0      4.     5.3      0.       0
GRID       26515       0      4.     4.7      0.       0
GRID       26516       0     3.9     4.7      0.       0
GRID       26517       0     4.3     5.1      0.       0
GRID       26518       0     4.2     5.1      0.       0
GRID       26519       0     4.3     4.9      0.       0
GRID       26520       0     4.2     4.9      0.       0
GRID       26521       0     4.3     4.7      0.       0
GRID       26522       0     4.3     4.8      0.       0
GRID       26523       0     4.2     4.7      0.       0
GRID       26524       0     4.2     4.8      0.       0
GRID       26525       0     4.2      5.      0.       0
GRID       26526       0     4.3      5.      0.       0
GRID       26527       0     4.3     5.3      0.       0
GRID       26528       0     4.2     5.3      0.       0
GRID       26529       0     4.2     5.2      0.       0
GRID       26530       0     4.3     5.2      0.       0
GRID       26531       0     4.2     5.4      0.       0
GRID       26532       0     4.3     5.4      0.       0
GRID       26533       0     3.5     4.5      0.       0
GRID       26534       0     3.5     4.4      0.       0
GRID       26535       0     3.5     4.3      0.       0
GRID       26536       0     3.5     4.2      0.       0
GRID       26537       0     3.5     4.1      0.       0
GRID       26538       0     3.5      4.      0.       0
GRID       26539       0     3.5     3.9      0.       0
GRID       26540       0      4.     3.9      0.       0
GRID       26541       0      4.      4.      0.       0
GRID       26542       0      4.     4.1      0.       0
GRID       26543       0      4.     4.2      0.       0
GRID       26544       0      4.     4.3      0.       0
GRID       26545       0      4.     4.4      0.       0
GRID       26546       0      4.     4.5      0.       0
GRID       26547       0     3.6     4.2      0.       0
GRID       26548       0     3.7     4.2      0.       0
GRID       26549       0     3.8     4.2      0.       0
GRID       26550       0     3.9     4.2      0.       0
GRID       26551       0     3.7     4.5      0.       0
GRID       26552       0     3.7     4.4      0.       0
GRID       26553       0     3.7     4.3      0.       0
GRID       26554       0     3.9     4.4      0.       0
GRID       26555       0     3.8     4.4      0.       0
GRID       26556       0     3.9     4.3      0.       0
GRID       26557       0     3.8     4.3      0.       0
GRID       26558       0     3.9     4.5      0.       0
GRID       26559       0     3.8     4.5      0.       0
GRID       26560       0     3.6     4.4      0.       0
GRID       26561       0     3.6     4.5      0.       0
GRID       26562       0     3.6     4.3      0.       0
GRID       26563       0     3.8     3.9      0.       0
GRID       26564       0     3.8      4.      0.       0
GRID       26565       0     3.8     4.1      0.       0
GRID       26566       0     3.7     4.1      0.       0
GRID       26567       0     3.6     4.1      0.       0
GRID       26568       0     3.6      4.      0.       0
GRID       26569       0     3.6     3.9      0.       0
GRID       26570       0     3.7     3.9      0.       0
GRID       26571       0     3.7      4.      0.       0
GRID       26572       0     3.9     4.1      0.       0
GRID       26573       0     3.9     3.9      0.       0
GRID       26574       0     3.9      4.      0.       0
GRID       26575       0     4.3     4.2      0.       0
GRID       26576       0     4.2     4.2      0.       0
GRID       26577       0     4.1     4.2      0.       0
GRID       26578       0     4.1      4.      0.       0
GRID       26579       0     4.2      4.      0.       0
GRID       26580       0     4.3      4.      0.       0
GRID       26581       0     4.2     4.1      0.       0
GRID       26582       0     4.3     4.1      0.       0
GRID       26583       0     4.1     4.1      0.       0
GRID       26584       0     4.3     3.9      0.       0
GRID       26585       0     4.1     3.9      0.       0
GRID       26586       0     4.2     3.9      0.       0
GRID       26587       0     4.3     4.4      0.       0
GRID       26588       0     4.2     4.4      0.       0
GRID       26589       0     4.1     4.4      0.       0
GRID       26590       0     4.2     4.3      0.       0
GRID       26591       0     4.1     4.3      0.       0
GRID       26592       0     4.3     4.3      0.       0
GRID       26593       0     4.2     4.5      0.       0
GRID       26594       0     4.3     4.5      0.       0
GRID       26595       0     4.1     4.5      0.       0
GRID       26596       0     3.1     4.2      0.       0
GRID       26597       0     3.2     4.2      0.       0
GRID       26598       0     3.3     4.2      0.       0
GRID       26599       0     3.4     4.2      0.       0
GRID       26600       0     3.3     4.3      0.       0
GRID       26601       0     3.3     4.4      0.       0
GRID       26602       0     3.3     4.5      0.       0
GRID       26603       0     3.1     4.4      0.       0
GRID       26604       0     3.2     4.4      0.       0
GRID       26605       0     3.1     4.5      0.       0
GRID       26606       0     3.2     4.5      0.       0
GRID       26607       0     3.2     4.3      0.       0
GRID       26608       0     3.1     4.3      0.       0
GRID       26609       0     3.4     4.4      0.       0
GRID       26610       0     3.4     4.3      0.       0
GRID       26611       0     3.4     4.5      0.       0
GRID       26612       0     3.3     3.9      0.       0
GRID       26613       0     3.3      4.      0.       0
GRID       26614       0     3.3     4.1      0.       0
GRID       26615       0     3.1      4.      0.       0
GRID       26616       0     3.2      4.      0.       0
GRID       26617       0     3.1     4.1      0.       0
GRID       26618       0     3.2     4.1      0.       0
GRID       26619       0     3.2     3.9      0.       0
GRID       26620       0     3.1     3.9      0.       0
GRID       26621       0     3.4      4.      0.       0
GRID       26622       0     3.4     3.9      0.       0
GRID       26623       0     3.4     4.1      0.       0
GRID       26624       0     5.1     4.7      0.       0
GRID       26625       0      5.     4.7      0.       0
GRID       26626       0     4.9     4.7      0.       0
GRID       26627       0     4.8     4.7      0.       0
GRID       26628       0     4.7     4.7      0.       0
GRID       26629       0     4.6     4.7      0.       0
GRID       26630       0     4.5     4.7      0.       0
GRID       26631       0     4.5     4.2      0.       0
GRID       26632       0     4.6     4.2      0.       0
GRID       26633       0     4.7     4.2      0.       0
GRID       26634       0     4.8     4.2      0.       0
GRID       26635       0     4.9     4.2      0.       0
GRID       26636       0      5.     4.2      0.       0
GRID       26637       0     5.1     4.2      0.       0
GRID       26638       0     4.7     4.6      0.       0
GRID       26639       0     4.7     4.5      0.       0
GRID       26640       0     4.7     4.4      0.       0
GRID       26641       0     4.7     4.3      0.       0
GRID       26642       0      5.     4.3      0.       0
GRID       26643       0      5.     4.4      0.       0
GRID       26644       0      5.     4.5      0.       0
GRID       26645       0      5.     4.6      0.       0
GRID       26646       0     4.8     4.4      0.       0
GRID       26647       0     4.9     4.4      0.       0
GRID       26648       0     4.9     4.6      0.       0
GRID       26649       0     4.8     4.6      0.       0
GRID       26650       0     4.9     4.5      0.       0
GRID       26651       0     4.8     4.5      0.       0
GRID       26652       0     4.8     4.3      0.       0
GRID       26653       0     4.9     4.3      0.       0
GRID       26654       0     5.1     4.5      0.       0
GRID       26655       0     5.1     4.3      0.       0
GRID       26656       0     5.1     4.4      0.       0
GRID       26657       0     5.1     4.6      0.       0
GRID       26658       0     4.5     4.4      0.       0
GRID       26659       0     4.6     4.4      0.       0
GRID       26660       0     4.5     4.5      0.       0
GRID       26661       0     4.6     4.5      0.       0
GRID       26662       0     4.6     4.6      0.       0
GRID       26663       0     4.5     4.6      0.       0
GRID       26664       0     4.5     4.3      0.       0
GRID       26665       0     4.6     4.3      0.       0
GRID       26666       0     4.8     3.9      0.       0
GRID       26667       0     4.8      4.      0.       0
GRID       26668       0     4.8     4.1      0.       0
GRID       26669       0     4.6     4.1      0.       0
GRID       26670       0     4.6      4.      0.       0
GRID       26671       0     4.6     3.9      0.       0
GRID       26672       0     4.7      4.      0.       0
GRID       26673       0     4.7     3.9      0.       0
GRID       26674       0     4.7     4.1      0.       0
GRID       26675       0     4.5     4.1      0.       0
GRID       26676       0     4.5     3.9      0.       0
GRID       26677       0     4.5      4.      0.       0
GRID       26678       0      5.     3.9      0.       0
GRID       26679       0      5.      4.      0.       0
GRID       26680       0      5.     4.1      0.       0
GRID       26681       0     4.9      4.      0.       0
GRID       26682       0     4.9     4.1      0.       0
GRID       26683       0     4.9     3.9      0.       0
GRID       26684       0     5.1      4.      0.       0
GRID       26685       0     5.1     3.9      0.       0
GRID       26686       0     5.1     4.1      0.       0
GRID       26687       0     5.1     5.1      0.       0
GRID       26688       0      5.     5.1      0.       0
GRID       26689       0     4.9     5.1      0.       0
GRID       26690       0     4.8     5.1      0.       0
GRID       26691       0     4.7     5.1      0.       0
GRID       26692       0     4.6     5.1      0.       0
GRID       26693       0     4.5     5.1      0.       0
GRID       26694       0     4.8     4.8      0.       0
GRID       26695       0     4.8     4.9      0.       0
GRID       26696       0     4.8      5.      0.       0
GRID       26697       0     4.6      5.      0.       0
GRID       26698       0     4.6     4.9      0.       0
GRID       26699       0     4.6     4.8      0.       0
GRID       26700       0     4.7     4.9      0.       0
GRID       26701       0     4.7     4.8      0.       0
GRID       26702       0     4.7      5.      0.       0
GRID       26703       0     4.5     4.9      0.       0
GRID       26704       0     4.5      5.      0.       0
GRID       26705       0     4.5     4.8      0.       0
GRID       26706       0      5.     4.8      0.       0
GRID       26707       0      5.     4.9      0.       0
GRID       26708       0      5.      5.      0.       0
GRID       26709       0     4.9     4.9      0.       0
GRID       26710       0     4.9      5.      0.       0
GRID       26711       0     4.9     4.8      0.       0
GRID       26712       0     5.1     4.9      0.       0
GRID       26713       0     5.1     4.8      0.       0
GRID       26714       0     5.1      5.      0.       0
GRID       26715       0     4.8     5.4      0.       0
GRID       26716       0     4.8     5.3      0.       0
GRID       26717       0     4.8     5.2      0.       0
GRID       26718       0      5.     5.2      0.       0
GRID       26719       0      5.     5.3      0.       0
GRID       26720       0      5.     5.4      0.       0
GRID       26721       0     4.9     5.3      0.       0
GRID       26722       0     4.9     5.4      0.       0
GRID       26723       0     4.9     5.2      0.       0
GRID       26724       0     5.1     5.3      0.       0
GRID       26725       0     5.1     5.2      0.       0
GRID       26726       0     5.1     5.4      0.       0
GRID       26727       0     4.6     5.4      0.       0
GRID       26728       0     4.6     5.3      0.       0
GRID       26729       0     4.6     5.2      0.       0
GRID       26730       0     4.7     5.3      0.       0
GRID       26731       0     4.7     5.2      0.       0
GRID       26732       0     4.7     5.4      0.       0
GRID       26733       0     4.5     5.3      0.       0
GRID       26734       0     4.5     5.4      0.       0
GRID       26735       0     4.5     5.2      0.       0
GRID       26736       0     4.5     5.6      0.       0
GRID       26737       0     4.5     5.7      0.       0
GRID       26738       0     4.5     5.8      0.       0
GRID       26739       0     4.5     5.9      0.       0
GRID       26740       0     3.8     5.6      0.       0
GRID       26741       0     3.8     5.7      0.       0
GRID       26742       0     3.8     5.8      0.       0
GRID       26743       0     3.8     5.9      0.       0
GRID       26744       0     3.3     5.9      0.       0
GRID       26745       0     3.3     5.8      0.       0
GRID       26746       0     3.3     5.7      0.       0
GRID       26747       0     3.3     5.6      0.       0
GRID       26748       0     3.4     5.7      0.       0
GRID       26749       0     3.5     5.7      0.       0
GRID       26750       0     3.6     5.7      0.       0
GRID       26751       0     3.7     5.7      0.       0
GRID       26752       0     3.5     5.9      0.       0
GRID       26753       0     3.5     5.8      0.       0
GRID       26754       0     3.7     5.9      0.       0
GRID       26755       0     3.6     5.9      0.       0
GRID       26756       0     3.7     5.8      0.       0
GRID       26757       0     3.6     5.8      0.       0
GRID       26758       0     3.4     5.9      0.       0
GRID       26759       0     3.4     5.8      0.       0
GRID       26760       0     3.6     5.6      0.       0
GRID       26761       0     3.4     5.6      0.       0
GRID       26762       0     3.5     5.6      0.       0
GRID       26763       0     3.7     5.6      0.       0
GRID       26764       0     3.2     5.8      0.       0
GRID       26765       0     3.1     5.8      0.       0
GRID       26766       0     3.1     5.7      0.       0
GRID       26767       0     3.1     5.6      0.       0
GRID       26768       0     3.2     5.6      0.       0
GRID       26769       0     3.2     5.7      0.       0
GRID       26770       0     3.2     5.9      0.       0
GRID       26771       0     3.1     5.9      0.       0
GRID       26772       0     4.2     5.6      0.       0
GRID       26773       0     4.2     5.7      0.       0
GRID       26774       0     4.2     5.8      0.       0
GRID       26775       0     4.2     5.9      0.       0
GRID       26776       0     3.9     5.7      0.       0
GRID       26777       0      4.     5.7      0.       0
GRID       26778       0     4.1     5.7      0.       0
GRID       26779       0      4.     5.9      0.       0
GRID       26780       0      4.     5.8      0.       0
GRID       26781       0     4.1     5.9      0.       0
GRID       26782       0     4.1     5.8      0.       0
GRID       26783       0     3.9     5.8      0.       0
GRID       26784       0     3.9     5.9      0.       0
GRID       26785       0      4.     5.6      0.       0
GRID       26786       0     3.9     5.6      0.       0
GRID       26787       0     4.1     5.6      0.       0
GRID       26788       0     4.3     5.7      0.       0
GRID       26789       0     4.4     5.7      0.       0
GRID       26790       0     4.4     5.9      0.       0
GRID       26791       0     4.3     5.9      0.       0
GRID       26792       0     4.4     5.8      0.       0
GRID       26793       0     4.3     5.8      0.       0
GRID       26794       0     4.3     5.6      0.       0
GRID       26795       0     4.4     5.6      0.       0
GRID       26796       0     4.9     5.6      0.       0
GRID       26797       0     4.9     5.7      0.       0
GRID       26798       0     4.9     5.8      0.       0
GRID       26799       0     4.9     5.9      0.       0
GRID       26800       0     4.6     5.7      0.       0
GRID       26801       0     4.7     5.7      0.       0
GRID       26802       0     4.8     5.7      0.       0
GRID       26803       0     4.7     5.9      0.       0
GRID       26804       0     4.7     5.8      0.       0
GRID       26805       0     4.8     5.9      0.       0
GRID       26806       0     4.8     5.8      0.       0
GRID       26807       0     4.6     5.8      0.       0
GRID       26808       0     4.6     5.9      0.       0
GRID       26809       0     4.8     5.6      0.       0
GRID       26810       0     4.6     5.6      0.       0
GRID       26811       0     4.7     5.6      0.       0
GRID       26812       0     5.1     5.8      0.       0
GRID       26813       0      5.     5.8      0.       0
GRID       26814       0      5.     5.6      0.       0
GRID       26815       0     5.1     5.6      0.       0
GRID       26816       0      5.     5.7      0.       0
GRID       26817       0     5.1     5.7      0.       0
GRID       26818       0      5.     5.9      0.       0
GRID       26819       0     5.1     5.9      0.       0
GRID       26820       0     5.9      5.      0.       0
GRID       26821       0     5.8      5.      0.       0
GRID       26822       0     5.7      5.      0.       0
GRID       26823       0     5.6      5.      0.       0
GRID       26824       0     5.5      5.      0.       0
GRID       26825       0     5.4      5.      0.       0
GRID       26826       0     5.3      5.      0.       0
GRID       26827       0     5.3     4.4      0.       0
GRID       26828       0     5.4     4.4      0.       0
GRID       26829       0     5.5     4.4      0.       0
GRID       26830       0     5.6     4.4      0.       0
GRID       26831       0     5.7     4.4      0.       0
GRID       26832       0     5.8     4.4      0.       0
GRID       26833       0     5.9     4.4      0.       0
GRID       26834       0     5.6     4.9      0.       0
GRID       26835       0     5.6     4.8      0.       0
GRID       26836       0     5.6     4.7      0.       0
GRID       26837       0     5.6     4.6      0.       0
GRID       26838       0     5.6     4.5      0.       0
GRID       26839       0     5.9     4.8      0.       0
GRID       26840       0     5.8     4.8      0.       0
GRID       26841       0     5.7     4.8      0.       0
GRID       26842       0     5.7     4.6      0.       0
GRID       26843       0     5.8     4.6      0.       0
GRID       26844       0     5.9     4.6      0.       0
GRID       26845       0     5.8     4.7      0.       0
GRID       26846       0     5.9     4.7      0.       0
GRID       26847       0     5.7     4.7      0.       0
GRID       26848       0     5.9     4.5      0.       0
GRID       26849       0     5.7     4.5      0.       0
GRID       26850       0     5.8     4.5      0.       0
GRID       26851       0     5.8     4.9      0.       0
GRID       26852       0     5.9     4.9      0.       0
GRID       26853       0     5.7     4.9      0.       0
GRID       26854       0     5.3     4.7      0.       0
GRID       26855       0     5.4     4.7      0.       0
GRID       26856       0     5.5     4.7      0.       0
GRID       26857       0     5.4     4.9      0.       0
GRID       26858       0     5.4     4.8      0.       0
GRID       26859       0     5.5     4.8      0.       0
GRID       26860       0     5.5     4.9      0.       0
GRID       26861       0     5.3     4.9      0.       0
GRID       26862       0     5.3     4.8      0.       0
GRID       26863       0     5.5     4.5      0.       0
GRID       26864       0     5.5     4.6      0.       0
GRID       26865       0     5.3     4.6      0.       0
GRID       26866       0     5.3     4.5      0.       0
GRID       26867       0     5.4     4.6      0.       0
GRID       26868       0     5.4     4.5      0.       0
GRID       26869       0     5.7     3.9      0.       0
GRID       26870       0     5.7      4.      0.       0
GRID       26871       0     5.7     4.1      0.       0
GRID       26872       0     5.7     4.2      0.       0
GRID       26873       0     5.7     4.3      0.       0
GRID       26874       0     5.3     4.1      0.       0
GRID       26875       0     5.4     4.1      0.       0
GRID       26876       0     5.5     4.1      0.       0
GRID       26877       0     5.6     4.1      0.       0
GRID       26878       0     5.4     4.3      0.       0
GRID       26879       0     5.4     4.2      0.       0
GRID       26880       0     5.6     4.2      0.       0
GRID       26881       0     5.6     4.3      0.       0
GRID       26882       0     5.5     4.2      0.       0
GRID       26883       0     5.5     4.3      0.       0
GRID       26884       0     5.3     4.3      0.       0
GRID       26885       0     5.3     4.2      0.       0
GRID       26886       0     5.5     3.9      0.       0
GRID       26887       0     5.5      4.      0.       0
GRID       26888       0     5.3     3.9      0.       0
GRID       26889       0     5.4     3.9      0.       0
GRID       26890       0     5.3      4.      0.       0
GRID       26891       0     5.4      4.      0.       0
GRID       26892       0     5.6     3.9      0.       0
GRID       26893       0     5.6      4.      0.       0
GRID       26894       0     5.8      4.      0.       0
GRID       26895       0     5.9      4.      0.       0
GRID       26896       0     5.9     4.3      0.       0
GRID       26897       0     5.8     4.3      0.       0
GRID       26898       0     5.9     4.1      0.       0
GRID       26899       0     5.9     4.2      0.       0
GRID       26900       0     5.8     4.1      0.       0
GRID       26901       0     5.8     4.2      0.       0
GRID       26902       0     5.9     3.9      0.       0
GRID       26903       0     5.8     3.9      0.       0
GRID       26904       0     5.3     5.4      0.       0
GRID       26905       0     5.4     5.4      0.       0
GRID       26906       0     5.5     5.4      0.       0
GRID       26907       0     5.6     5.4      0.       0
GRID       26908       0     5.7     5.4      0.       0
GRID       26909       0     5.8     5.4      0.       0
GRID       26910       0     5.9     5.4      0.       0
GRID       26911       0     5.6     5.9      0.       0
GRID       26912       0     5.6     5.8      0.       0
GRID       26913       0     5.6     5.7      0.       0
GRID       26914       0     5.6     5.6      0.       0
GRID       26915       0     5.6     5.5      0.       0
GRID       26916       0     5.9     5.7      0.       0
GRID       26917       0     5.8     5.7      0.       0
GRID       26918       0     5.7     5.7      0.       0
GRID       26919       0     5.8     5.5      0.       0
GRID       26920       0     5.8     5.6      0.       0
GRID       26921       0     5.7     5.6      0.       0
GRID       26922       0     5.7     5.5      0.       0
GRID       26923       0     5.9     5.6      0.       0
GRID       26924       0     5.9     5.5      0.       0
GRID       26925       0     5.7     5.9      0.       0
GRID       26926       0     5.7     5.8      0.       0
GRID       26927       0     5.9     5.8      0.       0
GRID       26928       0     5.9     5.9      0.       0
GRID       26929       0     5.8     5.9      0.       0
GRID       26930       0     5.8     5.8      0.       0
GRID       26931       0     5.3     5.7      0.       0
GRID       26932       0     5.4     5.7      0.       0
GRID       26933       0     5.5     5.7      0.       0
GRID       26934       0     5.3     5.9      0.       0
GRID       26935       0     5.3     5.8      0.       0
GRID       26936       0     5.5     5.8      0.       0
GRID       26937       0     5.5     5.9      0.       0
GRID       26938       0     5.4     5.9      0.       0
GRID       26939       0     5.4     5.8      0.       0
GRID       26940       0     5.5     5.5      0.       0
GRID       26941       0     5.5     5.6      0.       0
GRID       26942       0     5.3     5.6      0.       0
GRID       26943       0     5.3     5.5      0.       0
GRID       26944       0     5.4     5.6      0.       0
GRID       26945       0     5.4     5.5      0.       0
GRID       26946       0     5.6     5.1      0.       0
GRID       26947       0     5.6     5.2      0.       0
GRID       26948       0     5.6     5.3      0.       0
GRID       26949       0     5.3     5.2      0.       0
GRID       26950       0     5.4     5.2      0.       0
GRID       26951       0     5.5     5.2      0.       0
GRID       26952       0     5.3     5.3      0.       0
GRID       26953       0     5.5     5.3      0.       0
GRID       26954       0     5.4     5.3      0.       0
GRID       26955       0     5.4     5.1      0.       0
GRID       26956       0     5.3     5.1      0.       0
GRID       26957       0     5.5     5.1      0.       0
GRID       26958       0     5.9     5.1      0.       0
GRID       26959       0     5.9     5.2      0.       0
GRID       26960       0     5.9     5.3      0.       0
GRID       26961       0     5.7     5.2      0.       0
GRID       26962       0     5.8     5.2      0.       0
GRID       26963       0     5.7     5.3      0.       0
GRID       26964       0     5.8     5.3      0.       0
GRID       26965       0     5.8     5.1      0.       0
GRID       26966       0     5.7     5.1      0.       0
GRID       26967       0     4.5     3.7      0.       0
GRID       26968       0     4.5     3.6      0.       0
GRID       26969       0     4.5     3.5      0.       0
GRID       26970       0     4.5     3.4      0.       0
GRID       26971       0     4.5     3.3      0.       0
GRID       26972       0     4.5     3.2      0.       0
GRID       26973       0     4.5     3.1      0.       0
GRID       26974       0     5.2     3.7      0.       0
GRID       26975       0     5.2     3.6      0.       0
GRID       26976       0     5.2     3.5      0.       0
GRID       26977       0     5.2     3.4      0.       0
GRID       26978       0     5.2     3.3      0.       0
GRID       26979       0     5.2     3.2      0.       0
GRID       26980       0     5.2     3.1      0.       0
GRID       26981       0     5.9     3.4      0.       0
GRID       26982       0     5.8     3.4      0.       0
GRID       26983       0     5.7     3.4      0.       0
GRID       26984       0     5.6     3.4      0.       0
GRID       26985       0     5.5     3.4      0.       0
GRID       26986       0     5.4     3.4      0.       0
GRID       26987       0     5.3     3.4      0.       0
GRID       26988       0     5.6     3.1      0.       0
GRID       26989       0     5.6     3.2      0.       0
GRID       26990       0     5.6     3.3      0.       0
GRID       26991       0     5.4     3.3      0.       0
GRID       26992       0     5.4     3.2      0.       0
GRID       26993       0     5.4     3.1      0.       0
GRID       26994       0     5.5     3.2      0.       0
GRID       26995       0     5.5     3.1      0.       0
GRID       26996       0     5.5     3.3      0.       0
GRID       26997       0     5.3     3.2      0.       0
GRID       26998       0     5.3     3.3      0.       0
GRID       26999       0     5.3     3.1      0.       0
GRID       27000       0     5.9     3.2      0.       0
GRID       27001       0     5.8     3.2      0.       0
GRID       27002       0     5.7     3.2      0.       0
GRID       27003       0     5.9     3.1      0.       0
GRID       27004       0     5.7     3.1      0.       0
GRID       27005       0     5.8     3.1      0.       0
GRID       27006       0     5.8     3.3      0.       0
GRID       27007       0     5.9     3.3      0.       0
GRID       27008       0     5.7     3.3      0.       0
GRID       27009       0     5.5     3.7      0.       0
GRID       27010       0     5.5     3.6      0.       0
GRID       27011       0     5.5     3.5      0.       0
GRID       27012       0     5.7     3.7      0.       0
GRID       27013       0     5.7     3.6      0.       0
GRID       27014       0     5.7     3.5      0.       0
GRID       27015       0     5.9     3.6      0.       0
GRID       27016       0     5.8     3.6      0.       0
GRID       27017       0     5.9     3.5      0.       0
GRID       27018       0     5.8     3.5      0.       0
GRID       27019       0     5.9     3.7      0.       0
GRID       27020       0     5.8     3.7      0.       0
GRID       27021       0     5.6     3.6      0.       0
GRID       27022       0     5.6     3.7      0.       0
GRID       27023       0     5.6     3.5      0.       0
GRID       27024       0     5.3     3.6      0.       0
GRID       27025       0     5.4     3.6      0.       0
GRID       27026       0     5.4     3.7      0.       0
GRID       27027       0     5.3     3.7      0.       0
GRID       27028       0     5.3     3.5      0.       0
GRID       27029       0     5.4     3.5      0.       0
GRID       27030       0     4.6     3.4      0.       0
GRID       27031       0     4.7     3.4      0.       0
GRID       27032       0     4.8     3.4      0.       0
GRID       27033       0     4.9     3.4      0.       0
GRID       27034       0      5.     3.4      0.       0
GRID       27035       0     5.1     3.4      0.       0
GRID       27036       0     4.7     3.7      0.       0
GRID       27037       0     4.7     3.6      0.       0
GRID       27038       0     4.7     3.5      0.       0
GRID       27039       0      5.     3.5      0.       0
GRID       27040       0      5.     3.6      0.       0
GRID       27041       0      5.     3.7      0.       0
GRID       27042       0     4.8     3.6      0.       0
GRID       27043       0     4.9     3.6      0.       0
GRID       27044       0     4.8     3.7      0.       0
GRID       27045       0     4.9     3.7      0.       0
GRID       27046       0     4.9     3.5      0.       0
GRID       27047       0     4.8     3.5      0.       0
GRID       27048       0     5.1     3.6      0.       0
GRID       27049       0     5.1     3.5      0.       0
GRID       27050       0     5.1     3.7      0.       0
GRID       27051       0     4.6     3.5      0.       0
GRID       27052       0     4.6     3.7      0.       0
GRID       27053       0     4.6     3.6      0.       0
GRID       27054       0     4.8     3.3      0.       0
GRID       27055       0     4.8     3.2      0.       0
GRID       27056       0     4.8     3.1      0.       0
GRID       27057       0     5.1     3.2      0.       0
GRID       27058       0      5.     3.2      0.       0
GRID       27059       0     4.9     3.2      0.       0
GRID       27060       0     5.1     3.1      0.       0
GRID       27061       0     4.9     3.1      0.       0
GRID       27062       0      5.     3.1      0.       0
GRID       27063       0      5.     3.3      0.       0
GRID       27064       0     5.1     3.3      0.       0
GRID       27065       0     4.9     3.3      0.       0
GRID       27066       0     4.6     3.1      0.       0
GRID       27067       0     4.7     3.1      0.       0
GRID       27068       0     4.7     3.3      0.       0
GRID       27069       0     4.6     3.3      0.       0
GRID       27070       0     4.7     3.2      0.       0
GRID       27071       0     4.6     3.2      0.       0
GRID       27072       0     3.7     3.7      0.       0
GRID       27073       0 3.698673.599602      0.       0
GRID       27074       03.6971093.499521      0.       0
GRID       27075       03.6942343.399106      0.       0
GRID       27076       0 3.691783.297845      0.       0
GRID       27077       03.6946883.198688      0.       0
GRID       27078       0 3.698213.099576      0.       0
GRID       27079       03.7986833.299653      0.       0
GRID       27080       0     3.9     3.3      0.       0
GRID       27081       0      4.     3.3      0.       0
GRID       27082       0     4.1     3.3      0.       0
GRID       27083       0     4.2     3.3      0.       0
GRID       27084       0     4.3     3.3      0.       0
GRID       27085       0     4.4     3.3      0.       0
GRID       27086       0      4.     3.7      0.       0
GRID       27087       0      4.     3.6      0.       0
GRID       27088       0      4.     3.5      0.       0
GRID       27089       0      4.     3.4      0.       0
GRID       27090       0     4.4     3.6      0.       0
GRID       27091       0     4.3     3.6      0.       0
GRID       27092       0     4.2     3.6      0.       0
GRID       27093       0     4.1     3.6      0.       0
GRID       27094       0     4.3     3.4      0.       0
GRID       27095       0     4.3     3.5      0.       0
GRID       27096       0     4.2     3.5      0.       0
GRID       27097       0     4.1     3.5      0.       0
GRID       27098       0     4.2     3.4      0.       0
GRID       27099       0     4.1     3.4      0.       0
GRID       27100       0     4.4     3.4      0.       0
GRID       27101       0     4.4     3.5      0.       0
GRID       27102       0     4.2     3.7      0.       0
GRID       27103       0     4.4     3.7      0.       0
GRID       27104       0     4.3     3.7      0.       0
GRID       27105       0     4.1     3.7      0.       0
GRID       27106       03.7991183.399752      0.       0
GRID       27107       0     3.9     3.4      0.       0
GRID       27108       0     3.9     3.6      0.       0
GRID       27109       0     3.8     3.6      0.       0
GRID       27110       0     3.9     3.5      0.       0
GRID       27111       03.7995573.499867      0.       0
GRID       27112       0     3.8     3.7      0.       0
GRID       27113       0     3.9     3.7      0.       0
GRID       27114       0     4.1     3.1      0.       0
GRID       27115       0     4.1     3.2      0.       0
GRID       27116       0     3.9     3.2      0.       0
GRID       27117       0     3.9     3.1      0.       0
GRID       27118       0      4.     3.2      0.       0
GRID       27119       0      4.     3.1      0.       0
GRID       27120       0 3.799853.099962      0.       0
GRID       27121       03.7994053.199865      0.       0
GRID       27122       0     4.4     3.1      0.       0
GRID       27123       0     4.4     3.2      0.       0
GRID       27124       0     4.3     3.2      0.       0
GRID       27125       0     4.2     3.2      0.       0
GRID       27126       0     4.2     3.1      0.       0
GRID       27127       0     4.3     3.1      0.       0
GRID       27128       03.5966213.600054      0.       0
GRID       27129       03.4948053.599279      0.       0
GRID       27130       03.3936133.590966      0.       0
GRID       27131       03.293904 3.57181      0.       0
GRID       27132       03.1958873.581916      0.       0
GRID       27133       03.0990183.593348      0.       0
GRID       27134       03.5936033.098421      0.       0
GRID       27135       03.5819523.195639      0.       0
GRID       27136       03.5697663.292759      0.       0
GRID       27137       03.5816033.397381      0.       0
GRID       27138       03.5912613.500315      0.       0
GRID       27139       03.484611 3.49688      0.       0
GRID       27140       03.4728623.400305      0.       0
GRID       27141       03.3919183.483755      0.       0
GRID       27142       03.401838 3.41362      0.       0
GRID       27143       03.2980963.692892      0.       0
GRID       27144       0 3.598673.699602      0.       0
GRID       27145       03.3993443.696845      0.       0
GRID       27146       03.498385 3.70055      0.       0
GRID       27147       03.099576 3.69821      0.       0
GRID       27148       03.1998813.694177      0.       0
GRID       27149       02.5096062.902455      0.       0
GRID       27150       02.5380612.808659      0.       0
GRID       27151       02.5842642.722214      0.       0
GRID       27152       02.6464472.646447      0.       0
GRID       27153       02.7222142.584264      0.       0
GRID       27154       02.8086592.538061      0.       0
GRID       27155       02.9024552.509606      0.       0
GRID       27156       03.245152   2.951      0.       0
GRID       27157       03.2309692.904329      0.       0
GRID       27158       03.207997  2.8613      0.       0
GRID       27159       03.1767772.823223      0.       0
GRID       27160       0  3.13872.792003      0.       0
GRID       27161       03.0956712.769031      0.       0
GRID       27162       0   3.0492.754848      0.       0
GRID       27163       0      3.    2.75      0.       0
GRID       27164       0   2.9512.754848      0.       0
GRID       27165       02.9043292.769031      0.       0
GRID       27166       0  2.86132.792003      0.       0
GRID       27167       02.8232232.823223      0.       0
GRID       27168       02.792003  2.8613      0.       0
GRID       27169       02.7690312.904329      0.       0
GRID       27170       02.754848   2.951      0.       0
GRID       27171       02.5913532.918637      0.       0
GRID       27172       02.6150512.840549      0.       0
GRID       27173       02.6535112.768576      0.       0
GRID       27174       02.7053722.705372      0.       0
GRID       27175       02.7685762.653511      0.       0
GRID       27176       02.8405492.615051      0.       0
GRID       27177       02.9186372.591353      0.       0
GRID       27178       0      3.2.583333      0.       0
GRID       27179       03.0813632.591353      0.       0
GRID       27180       03.1594512.615051      0.       0
GRID       27181       03.2314242.653511      0.       0
GRID       27182       03.2946282.705372      0.       0
GRID       27183       03.3464892.768576      0.       0
GRID       27184       03.3849492.840549      0.       0
GRID       27185       03.4086472.918637      0.       0
GRID       27186       02.6731012.934818      0.       0
GRID       27187       02.6920412.872439      0.       0
GRID       27188       02.7227572.814938      0.       0
GRID       27189       02.7642982.764298      0.       0
GRID       27190       02.8149382.722757      0.       0
GRID       27191       02.8724392.692041      0.       0
GRID       27192       02.9348182.673101      0.       0
GRID       27193       0      3.2.666667      0.       0
GRID       27194       03.0651822.673101      0.       0
GRID       27195       03.1275612.692041      0.       0
GRID       27196       03.1850622.722757      0.       0
GRID       27197       03.2357022.764298      0.       0
GRID       27198       03.2772432.814938      0.       0
GRID       27199       03.3079592.872439      0.       0
GRID       27200       03.3268992.934818      0.       0
GRID       27201       02.5048032.951227      0.       0
GRID       27202       0 2.550482.910546      0.       0
GRID       27203       02.5873432.959318      0.       0
GRID       27204       02.5238342.855557      0.       0
GRID       27205       02.5765562.824604      0.       0
GRID       27206       02.6032022.879593      0.       0
GRID       27207       02.5611632.765436      0.       0
GRID       27208       02.6188872.745395      0.       0
GRID       27209       02.6342812.804562      0.       0
GRID       27210       02.615355 2.68433      0.       0
GRID       27211       02.6759092.675909      0.       0
GRID       27212       02.6794412.736974      0.       0
GRID       27213       0 2.684332.615355      0.       0
GRID       27214       02.7453952.618887      0.       0
GRID       27215       02.7369742.679441      0.       0
GRID       27216       02.7654362.561163      0.       0
GRID       27217       02.8246042.576556      0.       0
GRID       27218       02.8045622.634281      0.       0
GRID       27219       02.8555572.523834      0.       0
GRID       27220       02.910546 2.55048      0.       0
GRID       27221       02.8795932.603202      0.       0
GRID       27222       02.9512272.504803      0.       0
GRID       27223       0      3.2.541667      0.       0
GRID       27224       02.9593182.587343      0.       0
GRID       27225       03.0487732.504803      0.       0
GRID       27226       03.089454 2.55048      0.       0
GRID       27227       03.0406822.587343      0.       0
GRID       27228       03.1444432.523834      0.       0
GRID       27229       03.1753962.576556      0.       0
GRID       27230       03.1204072.603202      0.       0
GRID       27231       03.2345642.561163      0.       0
GRID       27232       03.2546052.618887      0.       0
GRID       27233       03.1954382.634281      0.       0
GRID       27234       0 3.315672.615355      0.       0
GRID       27235       03.3240912.675909      0.       0
GRID       27236       03.2630262.679441      0.       0
GRID       27237       03.384645 2.68433      0.       0
GRID       27238       03.3811132.745395      0.       0
GRID       27239       03.3205592.736974      0.       0
GRID       27240       03.4388372.765436      0.       0
GRID       27241       03.4234442.824604      0.       0
GRID       27242       03.3657192.804562      0.       0
GRID       27243       03.4761662.855557      0.       0
GRID       27244       0 3.449522.910546      0.       0
GRID       27245       03.3967982.879593      0.       0
GRID       27246       03.4951972.951227      0.       0
GRID       27247       03.4126572.959318      0.       0
GRID       27248       02.6322272.926727      0.       0
GRID       27249       02.6698842.967409      0.       0
GRID       27250       02.6535462.856494      0.       0
GRID       27251       02.6825712.903629      0.       0
GRID       27252       02.6881342.791757      0.       0
GRID       27253       02.7073992.843688      0.       0
GRID       27254       02.7348352.734835      0.       0
GRID       27255       02.7435272.789618      0.       0
GRID       27256       02.7917572.688134      0.       0
GRID       27257       02.7896182.743527      0.       0
GRID       27258       02.8564942.653546      0.       0
GRID       27259       02.8436882.707399      0.       0
GRID       27260       02.9267272.632227      0.       0
GRID       27261       02.9036292.682571      0.       0
GRID       27262       0      3.   2.625      0.       0
GRID       27263       02.9674092.669884      0.       0
GRID       27264       03.0732732.632227      0.       0
GRID       27265       03.0325912.669884      0.       0
GRID       27266       03.1435062.653546      0.       0
GRID       27267       03.0963712.682571      0.       0
GRID       27268       03.2082432.688134      0.       0
GRID       27269       03.1563122.707399      0.       0
GRID       27270       03.2651652.734835      0.       0
GRID       27271       03.2103822.743527      0.       0
GRID       27272       03.3118662.791757      0.       0
GRID       27273       03.2564732.789618      0.       0
GRID       27274       03.3464542.856494      0.       0
GRID       27275       03.2926012.843688      0.       0
GRID       27276       03.3677732.926727      0.       0
GRID       27277       03.3174292.903629      0.       0
GRID       27278       03.3301162.967409      0.       0
GRID       27279       02.7139752.942909      0.       0
GRID       27280       02.752424  2.9755      0.       0
GRID       27281       02.7305362.888384      0.       0
GRID       27282       02.7619392.927665      0.       0
GRID       27283       0 2.757382.838119      0.       0
GRID       27284       02.7805172.882814      0.       0
GRID       27285       02.7937612.793761      0.       0
GRID       27286       02.8076132.842261      0.       0
GRID       27287       02.838119 2.75738      0.       0
GRID       27288       02.8422612.807613      0.       0
GRID       27289       02.8883842.730536      0.       0
GRID       27290       02.8828142.780517      0.       0
GRID       27291       02.9429092.713975      0.       0
GRID       27292       02.9276652.761939      0.       0
GRID       27293       0      3.2.708333      0.       0
GRID       27294       0  2.97552.752424      0.       0
GRID       27295       03.0570912.713975      0.       0
GRID       27296       0  3.02452.752424      0.       0
GRID       27297       03.1116162.730536      0.       0
GRID       27298       03.0723352.761939      0.       0
GRID       27299       03.161881 2.75738      0.       0
GRID       27300       03.1171862.780517      0.       0
GRID       27301       03.2062392.793761      0.       0
GRID       27302       03.1577392.807613      0.       0
GRID       27303       0 3.242622.838119      0.       0
GRID       27304       03.1923872.842261      0.       0
GRID       27305       03.2694642.888384      0.       0
GRID       27306       03.2194832.882814      0.       0
GRID       27307       03.2860252.942909      0.       0
GRID       27308       03.2380612.927665      0.       0
GRID       27309       03.247576  2.9755      0.       0
GRID       27317       0      0.     2.9      0.       0
GRID       27318       0      0.     2.8      0.       0
GRID       27319       0      0.     2.7      0.       0
GRID       27320       0      0.     2.6      0.       0
GRID       27321       0      0.     2.5      0.       0
GRID       27322       0      0.     2.4      0.       0
GRID       27323       0      0.     2.3      0.       0
GRID       27324       0      0.     2.2      0.       0
GRID       27325       0      0.     2.1      0.       0
GRID       27326       0      0.      2.      0.       0
GRID       27327       0      0.     1.9      0.       0
GRID       27328       0      0.     1.8      0.       0
GRID       27329       0      0.     1.7      0.       0
GRID       27330       0      0.     1.6      0.       0
GRID       27331       0      0.     1.5      0.       0
GRID       27332       0      0.     1.4      0.       0
GRID       27333       0      0.     1.3      0.       0
GRID       27334       0      0.     1.2      0.       0
GRID       27335       0      0.     1.1      0.       0
GRID       27336       0      0.      1.      0.       0
GRID       27337       0      0.      .9      0.       0
GRID       27338       0      0.      .8      0.       0
GRID       27339       0      0.      .7      0.       0
GRID       27340       0      0.      .6      0.       0
GRID       27341       0      0.      .5      0.       0
GRID       27342       0      0.      .4      0.       0
GRID       27343       0      0.      .3      0.       0
GRID       27344       0      0.      .2      0.       0
GRID       27345       0      0.      .1      0.       0
GRID       27346       0      0.      0.      0.       0
GRID       27347       0      .1      0.      0.       0
GRID       27348       0      .2      0.      0.       0
GRID       27349       0      .3      0.      0.       0
GRID       27350       0      .4      0.      0.       0
GRID       27351       0      .5      0.      0.       0
GRID       27352       0      .6      0.      0.       0
GRID       27353       0      .7      0.      0.       0
GRID       27354       0      .8      0.      0.       0
GRID       27355       0      .9      0.      0.       0
GRID       27356       0      1.      0.      0.       0
GRID       27357       0     1.1      0.      0.       0
GRID       27358       0     1.2      0.      0.       0
GRID       27359       0     1.3      0.      0.       0
GRID       27360       0     1.4      0.      0.       0
GRID       27361       0     1.5      0.      0.       0
GRID       27362       0     1.6      0.      0.       0
GRID       27363       0     1.7      0.      0.       0
GRID       27364       0     1.8      0.      0.       0
GRID       27365       0     1.9      0.      0.       0
GRID       27366       0      2.      0.      0.       0
GRID       27367       0     2.1      0.      0.       0
GRID       27368       0     2.2      0.      0.       0
GRID       27369       0     2.3      0.      0.       0
GRID       27370       0     2.4      0.      0.       0
GRID       27371       0     2.5      0.      0.       0
GRID       27372       0     2.6      0.      0.       0
GRID       27373       0     2.7      0.      0.       0
GRID       27374       0     2.8      0.      0.       0
GRID       27375       0     2.9      0.      0.       0
GRID       27376       0      .1      .8      0.       0
GRID       27377       0      .2      .8      0.       0
GRID       27378       0      .3      .8      0.       0
GRID       27379       0      .4      .8      0.       0
GRID       27380       0      .5      .8      0.       0
GRID       27381       0      .6      .8      0.       0
GRID       27382       0      .7      .8      0.       0
GRID       27383       0      .8      .8      0.       0
GRID       27384       0      .9      .8      0.       0
GRID       27385       0      1.      .8      0.       0
GRID       27386       0     1.1      .8      0.       0
GRID       27387       0     1.2      .8      0.       0
GRID       27388       0     1.3      .8      0.       0
GRID       27389       0     1.4      .8      0.       0
GRID       27390       0     1.5      .8      0.       0
GRID       27391       0     1.6      .8      0.       0
GRID       27392       0     1.7      .8      0.       0
GRID       27393       0     1.8      .8      0.       0
GRID       27394       0     1.9      .8      0.       0
GRID       27395       0      2.      .8      0.       0
GRID       27396       0     2.1      .8      0.       0
GRID       27397       0     2.2      .8      0.       0
GRID       27398       0     2.3      .8      0.       0
GRID       27399       0     2.4      .8      0.       0
GRID       27400       0     2.5      .8      0.       0
GRID       27401       0     2.6      .8      0.       0
GRID       27402       0     2.7      .8      0.       0
GRID       27403       0     2.8      .8      0.       0
GRID       27404       0     2.9      .8      0.       0
GRID       27405       0     2.2      .9      0.       0
GRID       27406       0     2.2      1.      0.       0
GRID       27407       0     2.2     1.1      0.       0
GRID       27408       0     2.2     1.2      0.       0
GRID       27409       0     2.2     1.3      0.       0
GRID       27410       0     2.2     1.4      0.       0
GRID       27411       0     2.2     1.5      0.       0
GRID       27412       0     2.2     1.6      0.       0
GRID       27413       0     2.2     1.7      0.       0
GRID       27414       0     2.2     1.8      0.       0
GRID       27415       0     2.2     1.9      0.       0
GRID       27416       0     2.2      2.      0.       0
GRID       27417       0     2.2     2.1      0.       0
GRID       27418       0     2.2     2.2      0.       0
GRID       27419       0     2.2     2.3      0.       0
GRID       27420       0     2.2     2.4      0.       0
GRID       27421       02.2004432.500133      0.       0
GRID       27422       02.2008822.600248      0.       0
GRID       27423       02.2013172.700347      0.       0
GRID       27424       02.2005952.800135      0.       0
GRID       27425       0 2.200152.900038      0.       0
GRID       27426       0      .1     1.9      0.       0
GRID       27427       0      .2     1.9      0.       0
GRID       27428       0      .3     1.9      0.       0
GRID       27429       0      .4     1.9      0.       0
GRID       27430       0      .5     1.9      0.       0
GRID       27431       0      .6     1.9      0.       0
GRID       27432       0      .7     1.9      0.       0
GRID       27433       0      .8     1.9      0.       0
GRID       27434       0      .9     1.9      0.       0
GRID       27435       0      1.     1.9      0.       0
GRID       27436       0     1.1     1.9      0.       0
GRID       27437       0     1.2     1.9      0.       0
GRID       27438       0     1.3     1.9      0.       0
GRID       27439       0     1.4     1.9      0.       0
GRID       27440       0     1.5     1.9      0.       0
GRID       27441       0     1.6     1.9      0.       0
GRID       27442       0     1.7     1.9      0.       0
GRID       27443       0     1.8     1.9      0.       0
GRID       27444       0     1.9     1.9      0.       0
GRID       27445       0      2.     1.9      0.       0
GRID       27446       0     2.1     1.9      0.       0
GRID       27447       0     1.6      2.      0.       0
GRID       27448       0     1.6     2.1      0.       0
GRID       27449       0     1.6     2.2      0.       0
GRID       27450       0     1.6     2.3      0.       0
GRID       27451       0     1.6     2.4      0.       0
GRID       27452       0     1.6     2.5      0.       0
GRID       27453       0     1.6     2.6      0.       0
GRID       27454       0     1.6     2.7      0.       0
GRID       27455       0     1.6     2.8      0.       0
GRID       27456       0     1.6     2.9      0.       0
GRID       27457       0      .5     2.9      0.       0
GRID       27458       0      .5     2.8      0.       0
GRID       27459       0      .5     2.7      0.       0
GRID       27460       0      .5     2.6      0.       0
GRID       27461       0      .5     2.5      0.       0
GRID       27462       0      .5     2.4      0.       0
GRID       27463       0      .5     2.3      0.       0
GRID       27464       0      .5     2.2      0.       0
GRID       27465       0      .5     2.1      0.       0
GRID       27466       0      .5      2.      0.       0
GRID       27467       0      .6     2.4      0.       0
GRID       27468       0      .7     2.4      0.       0
GRID       27469       0      .8     2.4      0.       0
GRID       27470       0      .9     2.4      0.       0
GRID       27471       0      1.     2.4      0.       0
GRID       27472       0     1.1     2.4      0.       0
GRID       27473       0     1.2     2.4      0.       0
GRID       27474       0     1.3     2.4      0.       0
GRID       27475       0     1.4     2.4      0.       0
GRID       27476       0     1.5     2.4      0.       0
GRID       27477       0     1.3     2.5      0.       0
GRID       27478       0     1.3     2.6      0.       0
GRID       27479       0     1.3     2.7      0.       0
GRID       27480       0     1.3     2.8      0.       0
GRID       27481       0     1.3     2.9      0.       0
GRID       27482       0      .7     2.9      0.       0
GRID       27483       0      .7     2.8      0.       0
GRID       27484       0      .7     2.7      0.       0
GRID       27485       0      .7     2.6      0.       0
GRID       27486       0      .7     2.5      0.       0
GRID       27487       0      .8     2.5      0.       0
GRID       27488       0      .9     2.5      0.       0
GRID       27489       0      1.     2.5      0.       0
GRID       27490       0     1.1     2.5      0.       0
GRID       27491       0     1.2     2.5      0.       0
GRID       27492       0      1.     2.9      0.       0
GRID       27493       0      1.     2.8      0.       0
GRID       27494       0      1.     2.7      0.       0
GRID       27495       0      1.     2.6      0.       0
GRID       27496       0     1.1     2.7      0.       0
GRID       27497       0     1.2     2.7      0.       0
GRID       27498       0     1.2     2.9      0.       0
GRID       27499       0     1.1     2.9      0.       0
GRID       27500       0     1.2     2.8      0.       0
GRID       27501       0     1.1     2.8      0.       0
GRID       27502       0     1.2     2.6      0.       0
GRID       27503       0     1.1     2.6      0.       0
GRID       27504       0      .8     2.7      0.       0
GRID       27505       0      .9     2.7      0.       0
GRID       27506       0      .9     2.9      0.       0
GRID       27507       0      .8     2.9      0.       0
GRID       27508       0      .9     2.8      0.       0
GRID       27509       0      .8     2.8      0.       0
GRID       27510       0      .8     2.6      0.       0
GRID       27511       0      .9     2.6      0.       0
GRID       27512       0      .6     2.7      0.       0
GRID       27513       0      .6     2.9      0.       0
GRID       27514       0      .6     2.8      0.       0
GRID       27515       0      .6     2.5      0.       0
GRID       27516       0      .6     2.6      0.       0
GRID       27517       0     1.5     2.8      0.       0
GRID       27518       0     1.4     2.8      0.       0
GRID       27519       0     1.4     2.6      0.       0
GRID       27520       0     1.5     2.6      0.       0
GRID       27521       0     1.5     2.7      0.       0
GRID       27522       0     1.4     2.7      0.       0
GRID       27523       0     1.5     2.5      0.       0
GRID       27524       0     1.4     2.5      0.       0
GRID       27525       0     1.4     2.9      0.       0
GRID       27526       0     1.5     2.9      0.       0
GRID       27527       0      .8     2.3      0.       0
GRID       27528       0      .8     2.2      0.       0
GRID       27529       0      .8     2.1      0.       0
GRID       27530       0      .8      2.      0.       0
GRID       27531       0     1.2      2.      0.       0
GRID       27532       0     1.2     2.1      0.       0
GRID       27533       0     1.2     2.2      0.       0
GRID       27534       0     1.2     2.3      0.       0
GRID       27535       0     1.1     2.2      0.       0
GRID       27536       0      1.     2.2      0.       0
GRID       27537       0      .9     2.2      0.       0
GRID       27538       0      1.      2.      0.       0
GRID       27539       0      1.     2.1      0.       0
GRID       27540       0      .9      2.      0.       0
GRID       27541       0      .9     2.1      0.       0
GRID       27542       0     1.1     2.1      0.       0
GRID       27543       0     1.1      2.      0.       0
GRID       27544       0      1.     2.3      0.       0
GRID       27545       0     1.1     2.3      0.       0
GRID       27546       0      .9     2.3      0.       0
GRID       27547       0     1.3      2.      0.       0
GRID       27548       0     1.4      2.      0.       0
GRID       27549       0     1.5      2.      0.       0
GRID       27550       0     1.4     2.3      0.       0
GRID       27551       0     1.4     2.2      0.       0
GRID       27552       0     1.4     2.1      0.       0
GRID       27553       0     1.5     2.2      0.       0
GRID       27554       0     1.5     2.1      0.       0
GRID       27555       0     1.5     2.3      0.       0
GRID       27556       0     1.3     2.1      0.       0
GRID       27557       0     1.3     2.3      0.       0
GRID       27558       0     1.3     2.2      0.       0
GRID       27559       0      .6     2.1      0.       0
GRID       27560       0      .7     2.1      0.       0
GRID       27561       0      .6     2.3      0.       0
GRID       27562       0      .6     2.2      0.       0
GRID       27563       0      .7     2.3      0.       0
GRID       27564       0      .7     2.2      0.       0
GRID       27565       0      .7      2.      0.       0
GRID       27566       0      .6      2.      0.       0
GRID       27567       0      .4     2.9      0.       0
GRID       27568       0      .3     2.9      0.       0
GRID       27569       0      .2     2.9      0.       0
GRID       27570       0      .1     2.9      0.       0
GRID       27571       0      .1     2.4      0.       0
GRID       27572       0      .2     2.4      0.       0
GRID       27573       0      .3     2.4      0.       0
GRID       27574       0      .4     2.4      0.       0
GRID       27575       0      .2     2.8      0.       0
GRID       27576       0      .2     2.7      0.       0
GRID       27577       0      .2     2.6      0.       0
GRID       27578       0      .2     2.5      0.       0
GRID       27579       0      .3     2.5      0.       0
GRID       27580       0      .4     2.5      0.       0
GRID       27581       0      .4     2.7      0.       0
GRID       27582       0      .3     2.7      0.       0
GRID       27583       0      .4     2.6      0.       0
GRID       27584       0      .3     2.6      0.       0
GRID       27585       0      .3     2.8      0.       0
GRID       27586       0      .4     2.8      0.       0
GRID       27587       0      .1     2.6      0.       0
GRID       27588       0      .1     2.7      0.       0
GRID       27589       0      .1     2.8      0.       0
GRID       27590       0      .1     2.5      0.       0
GRID       27591       0      .2     2.3      0.       0
GRID       27592       0      .2     2.2      0.       0
GRID       27593       0      .2     2.1      0.       0
GRID       27594       0      .2      2.      0.       0
GRID       27595       0      .3      2.      0.       0
GRID       27596       0      .4      2.      0.       0
GRID       27597       0      .4     2.3      0.       0
GRID       27598       0      .3     2.3      0.       0
GRID       27599       0      .4     2.1      0.       0
GRID       27600       0      .4     2.2      0.       0
GRID       27601       0      .3     2.2      0.       0
GRID       27602       0      .3     2.1      0.       0
GRID       27603       0      .1     2.2      0.       0
GRID       27604       0      .1      2.      0.       0
GRID       27605       0      .1     2.1      0.       0
GRID       27606       0      .1     2.3      0.       0
GRID       27607       0     2.1     2.5      0.       0
GRID       27608       0      2.     2.5      0.       0
GRID       27609       0     1.9     2.5      0.       0
GRID       27610       0     1.8     2.5      0.       0
GRID       27611       0     1.7     2.5      0.       0
GRID       27612       0     1.7     2.1      0.       0
GRID       27613       0     1.8     2.1      0.       0
GRID       27614       0     1.9     2.1      0.       0
GRID       27615       0      2.     2.1      0.       0
GRID       27616       0     2.1     2.1      0.       0
GRID       27617       0     1.8     2.4      0.       0
GRID       27618       0     1.8     2.3      0.       0
GRID       27619       0     1.8     2.2      0.       0
GRID       27620       0     2.1     2.2      0.       0
GRID       27621       0     2.1     2.3      0.       0
GRID       27622       0     2.1     2.4      0.       0
GRID       27623       0     1.9     2.3      0.       0
GRID       27624       0      2.     2.3      0.       0
GRID       27625       0     1.9     2.4      0.       0
GRID       27626       0      2.     2.4      0.       0
GRID       27627       0      2.     2.2      0.       0
GRID       27628       0     1.9     2.2      0.       0
GRID       27629       0     1.7     2.3      0.       0
GRID       27630       0     1.7     2.4      0.       0
GRID       27631       0     1.7     2.2      0.       0
GRID       27632       0     1.9      2.      0.       0
GRID       27633       0     1.7      2.      0.       0
GRID       27634       0     1.8      2.      0.       0
GRID       27635       0      2.      2.      0.       0
GRID       27636       0     2.1      2.      0.       0
GRID       27637       0     1.9     2.9      0.       0
GRID       27638       0     1.9     2.8      0.       0
GRID       27639       0     1.9     2.7      0.       0
GRID       27640       0     1.9     2.6      0.       0
GRID       27641       0     2.1     2.8      0.       0
GRID       27642       0      2.     2.8      0.       0
GRID       27643       0      2.     2.6      0.       0
GRID       27644       0     2.1     2.6      0.       0
GRID       27645       0      2.     2.7      0.       0
GRID       27646       0     2.1     2.7      0.       0
GRID       27647       0      2.     2.9      0.       0
GRID       27648       0     2.1     2.9      0.       0
GRID       27649       0     1.7     2.7      0.       0
GRID       27650       0     1.8     2.7      0.       0
GRID       27651       0     1.8     2.9      0.       0
GRID       27652       0     1.7     2.9      0.       0
GRID       27653       0     1.8     2.8      0.       0
GRID       27654       0     1.7     2.8      0.       0
GRID       27655       0     1.8     2.6      0.       0
GRID       27656       0     1.7     2.6      0.       0
GRID       27657       0     1.1      .9      0.       0
GRID       27658       0     1.1      1.      0.       0
GRID       27659       0     1.1     1.1      0.       0
GRID       27660       0     1.1     1.2      0.       0
GRID       27661       0     1.1     1.3      0.       0
GRID       27662       0     1.1     1.4      0.       0
GRID       27663       0     1.1     1.5      0.       0
GRID       27664       0     1.1     1.6      0.       0
GRID       27665       0     1.1     1.7      0.       0
GRID       27666       0     1.1     1.8      0.       0
GRID       27667       0      1.     1.4      0.       0
GRID       27668       0      .9     1.4      0.       0
GRID       27669       0      .8     1.4      0.       0
GRID       27670       0      .7     1.4      0.       0
GRID       27671       0      .6     1.4      0.       0
GRID       27672       0      .5     1.4      0.       0
GRID       27673       0      .4     1.4      0.       0
GRID       27674       0      .3     1.4      0.       0
GRID       27675       0      .2     1.4      0.       0
GRID       27676       0      .1     1.4      0.       0
GRID       27677       0      .2     1.3      0.       0
GRID       27678       0      .2     1.2      0.       0
GRID       27679       0      .2     1.1      0.       0
GRID       27680       0      .2      1.      0.       0
GRID       27681       0      .2      .9      0.       0
GRID       27682       0      .9      .9      0.       0
GRID       27683       0      .9      1.      0.       0
GRID       27684       0      .9     1.1      0.       0
GRID       27685       0      .9     1.2      0.       0
GRID       27686       0      .9     1.3      0.       0
GRID       27687       0      .3     1.3      0.       0
GRID       27688       0      .3     1.2      0.       0
GRID       27689       0      .3     1.1      0.       0
GRID       27690       0      .3      1.      0.       0
GRID       27691       0      .3      .9      0.       0
GRID       27692       0      .8     1.2      0.       0
GRID       27693       0      .7     1.2      0.       0
GRID       27694       0      .6     1.2      0.       0
GRID       27695       0      .5     1.2      0.       0
GRID       27696       0      .4     1.2      0.       0
GRID       27697       0      .4     1.1      0.       0
GRID       27698       0      .4      1.      0.       0
GRID       27699       0      .4      .9      0.       0
GRID       27700       0      .8      .9      0.       0
GRID       27701       0      .8      1.      0.       0
GRID       27702       0      .8     1.1      0.       0
GRID       27703       0      .5      1.      0.       0
GRID       27704       0      .6      1.      0.       0
GRID       27705       0      .7      1.      0.       0
GRID       27706       0      .7     1.1      0.       0
GRID       27707       0      .6     1.1      0.       0
GRID       27708       0      .5     1.1      0.       0
GRID       27709       0      .5      .9      0.       0
GRID       27710       0      .6      .9      0.       0
GRID       27711       0      .7      .9      0.       0
GRID       27712       0      .7     1.3      0.       0
GRID       27713       0      .5     1.3      0.       0
GRID       27714       0      .6     1.3      0.       0
GRID       27715       0      .4     1.3      0.       0
GRID       27716       0      .8     1.3      0.       0
GRID       27717       0      1.     1.3      0.       0
GRID       27718       0      1.      1.      0.       0
GRID       27719       0      1.     1.2      0.       0
GRID       27720       0      1.     1.1      0.       0
GRID       27721       0      1.      .9      0.       0
GRID       27722       0      .1      1.      0.       0
GRID       27723       0      .1     1.2      0.       0
GRID       27724       0      .1     1.1      0.       0
GRID       27725       0      .1     1.3      0.       0
GRID       27726       0      .1      .9      0.       0
GRID       27727       0      .7     1.5      0.       0
GRID       27728       0      .7     1.6      0.       0
GRID       27729       0      .7     1.7      0.       0
GRID       27730       0      .7     1.8      0.       0
GRID       27731       0      .6     1.5      0.       0
GRID       27732       0      .6     1.6      0.       0
GRID       27733       0      .6     1.7      0.       0
GRID       27734       0      .6     1.8      0.       0
GRID       27735       0      .2     1.8      0.       0
GRID       27736       0      .2     1.7      0.       0
GRID       27737       0      .2     1.6      0.       0
GRID       27738       0      .2     1.5      0.       0
GRID       27739       0      .5     1.8      0.       0
GRID       27740       0      .4     1.8      0.       0
GRID       27741       0      .3     1.8      0.       0
GRID       27742       0      .4     1.5      0.       0
GRID       27743       0      .4     1.6      0.       0
GRID       27744       0      .4     1.7      0.       0
GRID       27745       0      .3     1.5      0.       0
GRID       27746       0      .3     1.7      0.       0
GRID       27747       0      .3     1.6      0.       0
GRID       27748       0      .5     1.7      0.       0
GRID       27749       0      .5     1.5      0.       0
GRID       27750       0      .5     1.6      0.       0
GRID       27751       0      .1     1.8      0.       0
GRID       27752       0      .1     1.5      0.       0
GRID       27753       0      .1     1.7      0.       0
GRID       27754       0      .1     1.6      0.       0
GRID       27755       0      1.     1.8      0.       0
GRID       27756       0      .9     1.8      0.       0
GRID       27757       0      .8     1.8      0.       0
GRID       27758       0      .8     1.5      0.       0
GRID       27759       0      .9     1.5      0.       0
GRID       27760       0      1.     1.5      0.       0
GRID       27761       0      .8     1.7      0.       0
GRID       27762       0      .8     1.6      0.       0
GRID       27763       0      1.     1.6      0.       0
GRID       27764       0      1.     1.7      0.       0
GRID       27765       0      .9     1.7      0.       0
GRID       27766       0      .9     1.6      0.       0
GRID       27767       0     2.1     1.7      0.       0
GRID       27768       0      2.     1.7      0.       0
GRID       27769       0     1.9     1.7      0.       0
GRID       27770       0     1.8     1.7      0.       0
GRID       27771       0     1.7     1.7      0.       0
GRID       27772       0     1.6     1.7      0.       0
GRID       27773       0     1.5     1.7      0.       0
GRID       27774       0     1.4     1.7      0.       0
GRID       27775       0     1.3     1.7      0.       0
GRID       27776       0     1.2     1.7      0.       0
GRID       27777       0     1.3     1.6      0.       0
GRID       27778       0     1.3     1.5      0.       0
GRID       27779       0     1.3     1.4      0.       0
GRID       27780       0     1.3     1.3      0.       0
GRID       27781       0     1.3     1.2      0.       0
GRID       27782       0     1.3     1.1      0.       0
GRID       27783       0     1.3      1.      0.       0
GRID       27784       0     1.3      .9      0.       0
GRID       27785       0     2.1     1.5      0.       0
GRID       27786       0      2.     1.5      0.       0
GRID       27787       0     1.9     1.5      0.       0
GRID       27788       0     1.8     1.5      0.       0
GRID       27789       0     1.7     1.5      0.       0
GRID       27790       0     1.6     1.5      0.       0
GRID       27791       0     1.5     1.5      0.       0
GRID       27792       0     1.4     1.5      0.       0
GRID       27793       0     1.9      .9      0.       0
GRID       27794       0     1.9      1.      0.       0
GRID       27795       0     1.9     1.1      0.       0
GRID       27796       0     1.9     1.2      0.       0
GRID       27797       0     1.9     1.3      0.       0
GRID       27798       0     1.9     1.4      0.       0
GRID       27799       0     1.8     1.2      0.       0
GRID       27800       0     1.7     1.2      0.       0
GRID       27801       0     1.6     1.2      0.       0
GRID       27802       0     1.5     1.2      0.       0
GRID       27803       0     1.4     1.2      0.       0
GRID       27804       0     1.7      .9      0.       0
GRID       27805       0     1.7      1.      0.       0
GRID       27806       0     1.7     1.1      0.       0
GRID       27807       0     1.5     1.1      0.       0
GRID       27808       0     1.5      1.      0.       0
GRID       27809       0     1.5      .9      0.       0
GRID       27810       0     1.6      1.      0.       0
GRID       27811       0     1.6      .9      0.       0
GRID       27812       0     1.6     1.1      0.       0
GRID       27813       0     1.4      .9      0.       0
GRID       27814       0     1.4     1.1      0.       0
GRID       27815       0     1.4      1.      0.       0
GRID       27816       0     1.8      1.      0.       0
GRID       27817       0     1.8      .9      0.       0
GRID       27818       0     1.8     1.1      0.       0
GRID       27819       0     1.6     1.4      0.       0
GRID       27820       0     1.6     1.3      0.       0
GRID       27821       0     1.8     1.3      0.       0
GRID       27822       0     1.8     1.4      0.       0
GRID       27823       0     1.7     1.3      0.       0
GRID       27824       0     1.7     1.4      0.       0
GRID       27825       0     1.4     1.4      0.       0
GRID       27826       0     1.4     1.3      0.       0
GRID       27827       0     1.5     1.4      0.       0
GRID       27828       0     1.5     1.3      0.       0
GRID       27829       0      2.      1.      0.       0
GRID       27830       0     2.1      1.      0.       0
GRID       27831       0      2.     1.2      0.       0
GRID       27832       0     2.1     1.2      0.       0
GRID       27833       0     2.1     1.3      0.       0
GRID       27834       0     2.1     1.4      0.       0
GRID       27835       0      2.     1.3      0.       0
GRID       27836       0      2.     1.4      0.       0
GRID       27837       0      2.     1.1      0.       0
GRID       27838       0     2.1     1.1      0.       0
GRID       27839       0     2.1      .9      0.       0
GRID       27840       0      2.      .9      0.       0
GRID       27841       0     1.7     1.6      0.       0
GRID       27842       0      2.     1.6      0.       0
GRID       27843       0     1.8     1.6      0.       0
GRID       27844       0     1.9     1.6      0.       0
GRID       27845       0     2.1     1.6      0.       0
GRID       27846       0     1.5     1.6      0.       0
GRID       27847       0     1.6     1.6      0.       0
GRID       27848       0     1.4     1.6      0.       0
GRID       27849       0     1.2      .9      0.       0
GRID       27850       0     1.2     1.3      0.       0
GRID       27851       0     1.2     1.2      0.       0
GRID       27852       0     1.2     1.1      0.       0
GRID       27853       0     1.2      1.      0.       0
GRID       27854       0     1.2     1.6      0.       0
GRID       27855       0     1.2     1.4      0.       0
GRID       27856       0     1.2     1.5      0.       0
GRID       27857       0     1.5     1.8      0.       0
GRID       27858       0     1.9     1.8      0.       0
GRID       27859       0     1.7     1.8      0.       0
GRID       27860       0     1.8     1.8      0.       0
GRID       27861       0     1.6     1.8      0.       0
GRID       27862       0     2.1     1.8      0.       0
GRID       27863       0      2.     1.8      0.       0
GRID       27864       0     1.4     1.8      0.       0
GRID       27865       0     1.2     1.8      0.       0
GRID       27866       0     1.3     1.8      0.       0
GRID       27867       0     2.9     2.1      0.       0
GRID       27868       0     2.8     2.1      0.       0
GRID       27869       0     2.7     2.1      0.       0
GRID       27870       0     2.6     2.1      0.       0
GRID       27871       0     2.5     2.1      0.       0
GRID       27872       0     2.4     2.1      0.       0
GRID       27873       0     2.3     2.1      0.       0
GRID       27874       0     2.3     1.4      0.       0
GRID       27875       0     2.4     1.4      0.       0
GRID       27876       0     2.5     1.4      0.       0
GRID       27877       0     2.6     1.4      0.       0
GRID       27878       0     2.7     1.4      0.       0
GRID       27879       0     2.8     1.4      0.       0
GRID       27880       0     2.9     1.4      0.       0
GRID       27881       0     2.4      2.      0.       0
GRID       27882       0     2.4     1.9      0.       0
GRID       27883       0     2.4     1.8      0.       0
GRID       27884       0     2.4     1.7      0.       0
GRID       27885       0     2.4     1.6      0.       0
GRID       27886       0     2.4     1.5      0.       0
GRID       27887       0     2.9     1.8      0.       0
GRID       27888       0     2.8     1.8      0.       0
GRID       27889       0     2.7     1.8      0.       0
GRID       27890       0     2.6     1.8      0.       0
GRID       27891       0     2.5     1.8      0.       0
GRID       27892       0     2.8     1.5      0.       0
GRID       27893       0     2.8     1.6      0.       0
GRID       27894       0     2.8     1.7      0.       0
GRID       27895       0     2.7     1.7      0.       0
GRID       27896       0     2.6     1.7      0.       0
GRID       27897       0     2.5     1.7      0.       0
GRID       27898       0     2.7     1.5      0.       0
GRID       27899       0     2.7     1.6      0.       0
GRID       27900       0     2.5     1.5      0.       0
GRID       27901       0     2.6     1.5      0.       0
GRID       27902       0     2.5     1.6      0.       0
GRID       27903       0     2.6     1.6      0.       0
GRID       27904       0     2.9     1.5      0.       0
GRID       27905       0     2.9     1.6      0.       0
GRID       27906       0     2.9     1.7      0.       0
GRID       27907       0     2.7      2.      0.       0
GRID       27908       0     2.7     1.9      0.       0
GRID       27909       0     2.9     1.9      0.       0
GRID       27910       0     2.9      2.      0.       0
GRID       27911       0     2.8     1.9      0.       0
GRID       27912       0     2.8      2.      0.       0
GRID       27913       0     2.5      2.      0.       0
GRID       27914       0     2.5     1.9      0.       0
GRID       27915       0     2.6      2.      0.       0
GRID       27916       0     2.6     1.9      0.       0
GRID       27917       0     2.3     1.7      0.       0
GRID       27918       0     2.3      2.      0.       0
GRID       27919       0     2.3     1.8      0.       0
GRID       27920       0     2.3     1.9      0.       0
GRID       27921       0     2.3     1.5      0.       0
GRID       27922       0     2.3     1.6      0.       0
GRID       27923       0     2.7      .9      0.       0
GRID       27924       0     2.7      1.      0.       0
GRID       27925       0     2.7     1.1      0.       0
GRID       27926       0     2.7     1.2      0.       0
GRID       27927       0     2.7     1.3      0.       0
GRID       27928       0     2.3      1.      0.       0
GRID       27929       0     2.4      1.      0.       0
GRID       27930       0     2.5      1.      0.       0
GRID       27931       0     2.6      1.      0.       0
GRID       27932       0     2.5     1.1      0.       0
GRID       27933       0     2.5     1.2      0.       0
GRID       27934       0     2.5     1.3      0.       0
GRID       27935       0     2.3     1.2      0.       0
GRID       27936       0     2.4     1.2      0.       0
GRID       27937       0     2.4     1.3      0.       0
GRID       27938       0     2.3     1.3      0.       0
GRID       27939       0     2.3     1.1      0.       0
GRID       27940       0     2.4     1.1      0.       0
GRID       27941       0     2.6     1.3      0.       0
GRID       27942       0     2.6     1.1      0.       0
GRID       27943       0     2.6     1.2      0.       0
GRID       27944       0     2.4      .9      0.       0
GRID       27945       0     2.6      .9      0.       0
GRID       27946       0     2.5      .9      0.       0
GRID       27947       0     2.3      .9      0.       0
GRID       27948       0     2.9     1.1      0.       0
GRID       27949       0     2.8     1.1      0.       0
GRID       27950       0     2.9      1.      0.       0
GRID       27951       0     2.8      1.      0.       0
GRID       27952       0     2.9      .9      0.       0
GRID       27953       0     2.8      .9      0.       0
GRID       27954       0     2.8     1.3      0.       0
GRID       27955       0     2.8     1.2      0.       0
GRID       27956       0     2.9     1.2      0.       0
GRID       27957       0     2.9     1.3      0.       0
GRID       27958       0     2.3     2.2      0.       0
GRID       27959       0     2.4     2.2      0.       0
GRID       27960       02.5004432.200133      0.       0
GRID       27961       02.6002442.199734      0.       0
GRID       27962       0 2.699752.201572      0.       0
GRID       27963       02.8001352.200595      0.       0
GRID       27964       02.900038 2.20015      0.       0
GRID       27965       02.4063972.901579      0.       0
GRID       27966       02.4180482.804361      0.       0
GRID       27967       02.4302342.707241      0.       0
GRID       27968       02.4183972.602619      0.       0
GRID       27969       02.4087392.499685      0.       0
GRID       27970       02.4033792.399946      0.       0
GRID       27971       0 2.401332.300398      0.       0
GRID       27972       02.5051952.400721      0.       0
GRID       27973       02.6063872.409034      0.       0
GRID       27974       02.706096 2.42819      0.       0
GRID       27975       02.8041132.418084      0.       0
GRID       27976       02.9009822.406652      0.       0
GRID       27977       02.515389 2.50312      0.       0
GRID       27978       02.5271382.599695      0.       0
GRID       27979       02.6080822.516245      0.       0
GRID       27980       02.598162 2.58638      0.       0
GRID       27981       02.8001192.305823      0.       0
GRID       27982       02.501615 2.29945      0.       0
GRID       27983       02.7019042.307108      0.       0
GRID       27984       02.6006562.303155      0.       0
GRID       27985       02.900424 2.30179      0.       0
GRID       27986       02.3057662.600894      0.       0
GRID       27987       02.3053122.801312      0.       0
GRID       27988       0 2.308222.702155      0.       0
GRID       27989       0 2.301792.900424      0.       0
GRID       27990       02.3028912.500479      0.       0
GRID       27991       0 2.301332.400398      0.       0
GRID       27992       0     2.3     2.3      0.       0
GRID       27993       0      .8      .7      0.       0
GRID       27994       0      .8      .6      0.       0
GRID       27995       0      .8      .5      0.       0
GRID       27996       0      .8      .4      0.       0
GRID       27997       0      .8      .3      0.       0
GRID       27998       0      .8      .2      0.       0
GRID       27999       0      .8      .1      0.       0
GRID       28000       0      2.      .1      0.       0
GRID       28001       0      2.      .2      0.       0
GRID       28002       0      2.      .3      0.       0
GRID       28003       0      2.      .4      0.       0
GRID       28004       0      2.      .5      0.       0
GRID       28005       0      2.      .6      0.       0
GRID       28006       0      2.      .7      0.       0
GRID       28007       0     1.4      .7      0.       0
GRID       28008       0     1.4      .6      0.       0
GRID       28009       0     1.4      .5      0.       0
GRID       28010       0     1.4      .4      0.       0
GRID       28011       0     1.4      .3      0.       0
GRID       28012       0     1.4      .2      0.       0
GRID       28013       0     1.4      .1      0.       0
GRID       28014       0     1.9      .5      0.       0
GRID       28015       0     1.8      .5      0.       0
GRID       28016       0     1.7      .5      0.       0
GRID       28017       0     1.6      .5      0.       0
GRID       28018       0     1.5      .5      0.       0
GRID       28019       0     1.7      .1      0.       0
GRID       28020       0     1.7      .2      0.       0
GRID       28021       0     1.7      .3      0.       0
GRID       28022       0     1.7      .4      0.       0
GRID       28023       0     1.5      .2      0.       0
GRID       28024       0     1.6      .2      0.       0
GRID       28025       0     1.5      .4      0.       0
GRID       28026       0     1.5      .3      0.       0
GRID       28027       0     1.6      .4      0.       0
GRID       28028       0     1.6      .3      0.       0
GRID       28029       0     1.5      .1      0.       0
GRID       28030       0     1.6      .1      0.       0
GRID       28031       0     1.8      .1      0.       0
GRID       28032       0     1.9      .1      0.       0
GRID       28033       0     1.9      .4      0.       0
GRID       28034       0     1.8      .4      0.       0
GRID       28035       0     1.8      .3      0.       0
GRID       28036       0     1.8      .2      0.       0
GRID       28037       0     1.9      .2      0.       0
GRID       28038       0     1.9      .3      0.       0
GRID       28039       0     1.5      .7      0.       0
GRID       28040       0     1.5      .6      0.       0
GRID       28041       0     1.7      .7      0.       0
GRID       28042       0     1.7      .6      0.       0
GRID       28043       0     1.9      .7      0.       0
GRID       28044       0     1.8      .7      0.       0
GRID       28045       0     1.9      .6      0.       0
GRID       28046       0     1.8      .6      0.       0
GRID       28047       0     1.6      .6      0.       0
GRID       28048       0     1.6      .7      0.       0
GRID       28049       0     1.3      .7      0.       0
GRID       28050       0     1.2      .7      0.       0
GRID       28051       0     1.1      .7      0.       0
GRID       28052       0      1.      .7      0.       0
GRID       28053       0      .9      .7      0.       0
GRID       28054       0      .9      .2      0.       0
GRID       28055       0      1.      .2      0.       0
GRID       28056       0     1.1      .2      0.       0
GRID       28057       0     1.2      .2      0.       0
GRID       28058       0     1.3      .2      0.       0
GRID       28059       0     1.1      .6      0.       0
GRID       28060       0     1.1      .5      0.       0
GRID       28061       0     1.1      .4      0.       0
GRID       28062       0     1.1      .3      0.       0
GRID       28063       0     1.2      .4      0.       0
GRID       28064       0     1.3      .4      0.       0
GRID       28065       0     1.3      .5      0.       0
GRID       28066       0     1.3      .6      0.       0
GRID       28067       0     1.2      .6      0.       0
GRID       28068       0     1.2      .5      0.       0
GRID       28069       0     1.2      .3      0.       0
GRID       28070       0     1.3      .3      0.       0
GRID       28071       0      1.      .5      0.       0
GRID       28072       0      .9      .5      0.       0
GRID       28073       0      .9      .4      0.       0
GRID       28074       0      .9      .3      0.       0
GRID       28075       0      1.      .3      0.       0
GRID       28076       0      1.      .4      0.       0
GRID       28077       0      .9      .6      0.       0
GRID       28078       0      1.      .6      0.       0
GRID       28079       0     1.3      .1      0.       0
GRID       28080       0      .9      .1      0.       0
GRID       28081       0     1.1      .1      0.       0
GRID       28082       0      1.      .1      0.       0
GRID       28083       0     1.2      .1      0.       0
GRID       28084       0     2.5      .1      0.       0
GRID       28085       0     2.5      .2      0.       0
GRID       28086       0     2.5      .3      0.       0
GRID       28087       0     2.5      .4      0.       0
GRID       28088       0     2.5      .5      0.       0
GRID       28089       0     2.5      .6      0.       0
GRID       28090       0     2.5      .7      0.       0
GRID       28091       0     2.1      .1      0.       0
GRID       28092       0     2.2      .1      0.       0
GRID       28093       0     2.3      .1      0.       0
GRID       28094       0     2.4      .1      0.       0
GRID       28095       0     2.1      .3      0.       0
GRID       28096       0     2.2      .3      0.       0
GRID       28097       0     2.3      .3      0.       0
GRID       28098       0     2.4      .3      0.       0
GRID       28099       0     2.3      .4      0.       0
GRID       28100       0     2.3      .5      0.       0
GRID       28101       0     2.3      .6      0.       0
GRID       28102       0     2.3      .7      0.       0
GRID       28103       0     2.1      .5      0.       0
GRID       28104       0     2.2      .5      0.       0
GRID       28105       0     2.1      .7      0.       0
GRID       28106       0     2.1      .6      0.       0
GRID       28107       0     2.2      .7      0.       0
GRID       28108       0     2.2      .6      0.       0
GRID       28109       0     2.2      .4      0.       0
GRID       28110       0     2.1      .4      0.       0
GRID       28111       0     2.4      .6      0.       0
GRID       28112       0     2.4      .4      0.       0
GRID       28113       0     2.4      .5      0.       0
GRID       28114       0     2.4      .7      0.       0
GRID       28115       0     2.2      .2      0.       0
GRID       28116       0     2.4      .2      0.       0
GRID       28117       0     2.3      .2      0.       0
GRID       28118       0     2.1      .2      0.       0
GRID       28119       0     2.6      .1      0.       0
GRID       28120       0     2.7      .1      0.       0
GRID       28121       0     2.8      .1      0.       0
GRID       28122       0     2.9      .1      0.       0
GRID       28123       0     2.6      .2      0.       0
GRID       28124       0     2.7      .2      0.       0
GRID       28125       0     2.8      .2      0.       0
GRID       28126       0     2.9      .2      0.       0
GRID       28127       0     2.9      .7      0.       0
GRID       28128       0     2.8      .7      0.       0
GRID       28129       0     2.7      .7      0.       0
GRID       28130       0     2.6      .7      0.       0
GRID       28131       0     2.8      .3      0.       0
GRID       28132       0     2.8      .4      0.       0
GRID       28133       0     2.8      .5      0.       0
GRID       28134       0     2.8      .6      0.       0
GRID       28135       0     2.6      .3      0.       0
GRID       28136       0     2.7      .3      0.       0
GRID       28137       0     2.7      .5      0.       0
GRID       28138       0     2.6      .5      0.       0
GRID       28139       0     2.6      .4      0.       0
GRID       28140       0     2.7      .4      0.       0
GRID       28141       0     2.6      .6      0.       0
GRID       28142       0     2.7      .6      0.       0
GRID       28143       0     2.9      .5      0.       0
GRID       28144       0     2.9      .3      0.       0
GRID       28145       0     2.9      .4      0.       0
GRID       28146       0     2.9      .6      0.       0
GRID       28147       0      .1      .1      0.       0
GRID       28148       0      .2      .1      0.       0
GRID       28149       0      .3      .1      0.       0
GRID       28150       0      .4      .1      0.       0
GRID       28151       0      .5      .1      0.       0
GRID       28152       0      .6      .1      0.       0
GRID       28153       0      .7      .1      0.       0
GRID       28154       0      .2      .7      0.       0
GRID       28155       0      .2      .6      0.       0
GRID       28156       0      .2      .5      0.       0
GRID       28157       0      .2      .4      0.       0
GRID       28158       0      .2      .3      0.       0
GRID       28159       0      .2      .2      0.       0
GRID       28160       0      .3      .4      0.       0
GRID       28161       0      .4      .4      0.       0
GRID       28162       0      .5      .4      0.       0
GRID       28163       0      .6      .4      0.       0
GRID       28164       0      .7      .4      0.       0
GRID       28165       0      .3      .7      0.       0
GRID       28166       0      .3      .6      0.       0
GRID       28167       0      .3      .5      0.       0
GRID       28168       0      .4      .7      0.       0
GRID       28169       0      .4      .6      0.       0
GRID       28170       0      .4      .5      0.       0
GRID       28171       0      .7      .6      0.       0
GRID       28172       0      .6      .6      0.       0
GRID       28173       0      .5      .6      0.       0
GRID       28174       0      .7      .5      0.       0
GRID       28175       0      .5      .5      0.       0
GRID       28176       0      .6      .5      0.       0
GRID       28177       0      .7      .7      0.       0
GRID       28178       0      .5      .7      0.       0
GRID       28179       0      .6      .7      0.       0
GRID       28180       0      .4      .3      0.       0
GRID       28181       0      .4      .2      0.       0
GRID       28182       0      .7      .2      0.       0
GRID       28183       0      .7      .3      0.       0
GRID       28184       0      .6      .3      0.       0
GRID       28185       0      .5      .3      0.       0
GRID       28186       0      .6      .2      0.       0
GRID       28187       0      .5      .2      0.       0
GRID       28188       0      .3      .2      0.       0
GRID       28189       0      .3      .3      0.       0
GRID       28190       0      .1      .5      0.       0
GRID       28191       0      .1      .4      0.       0
GRID       28192       0      .1      .3      0.       0
GRID       28193       0      .1      .2      0.       0
GRID       28194       0      .1      .6      0.       0
GRID       28195       0      .1      .7      0.       0
GRID       28196       0     3.1      0.      0.       0
GRID       28197       0     3.2      0.      0.       0
GRID       28198       0     3.3      0.      0.       0
GRID       28199       0     3.4      0.      0.       0
GRID       28200       0     3.5      0.      0.       0
GRID       28201       0     3.6      0.      0.       0
GRID       28202       0     3.7      0.      0.       0
GRID       28203       0     3.8      0.      0.       0
GRID       28204       0     3.9      0.      0.       0
GRID       28205       0      4.      0.      0.       0
GRID       28206       0     4.1      0.      0.       0
GRID       28207       0     4.2      0.      0.       0
GRID       28208       0     4.3      0.      0.       0
GRID       28209       0     4.4      0.      0.       0
GRID       28210       0     4.5      0.      0.       0
GRID       28211       0     4.6      0.      0.       0
GRID       28212       0     4.7      0.      0.       0
GRID       28213       0     4.8      0.      0.       0
GRID       28214       0     4.9      0.      0.       0
GRID       28215       0      5.      0.      0.       0
GRID       28216       0     5.1      0.      0.       0
GRID       28217       0     5.2      0.      0.       0
GRID       28218       0     5.3      0.      0.       0
GRID       28219       0     5.4      0.      0.       0
GRID       28220       0     5.5      0.      0.       0
GRID       28221       0     5.6      0.      0.       0
GRID       28222       0     5.7      0.      0.       0
GRID       28223       0     5.8      0.      0.       0
GRID       28224       0     5.9      0.      0.       0
GRID       28225       0      6.      0.      0.       0
GRID       28226       0      6.      .1      0.       0
GRID       28227       0      6.      .2      0.       0
GRID       28228       0      6.      .3      0.       0
GRID       28229       0      6.      .4      0.       0
GRID       28230       0      6.      .5      0.       0
GRID       28231       0      6.      .6      0.       0
GRID       28232       0      6.      .7      0.       0
GRID       28233       0      6.      .8      0.       0
GRID       28234       0      6.      .9      0.       0
GRID       28235       0      6.      1.      0.       0
GRID       28236       0      6.     1.1      0.       0
GRID       28237       0      6.     1.2      0.       0
GRID       28238       0      6.     1.3      0.       0
GRID       28239       0      6.     1.4      0.       0
GRID       28240       0      6.     1.5      0.       0
GRID       28241       0      6.     1.6      0.       0
GRID       28242       0      6.     1.7      0.       0
GRID       28243       0      6.     1.8      0.       0
GRID       28244       0      6.     1.9      0.       0
GRID       28245       0      6.      2.      0.       0
GRID       28246       0      6.     2.1      0.       0
GRID       28247       0      6.     2.2      0.       0
GRID       28248       0      6.     2.3      0.       0
GRID       28249       0      6.     2.4      0.       0
GRID       28250       0      6.     2.5      0.       0
GRID       28251       0      6.     2.6      0.       0
GRID       28252       0      6.     2.7      0.       0
GRID       28253       0      6.     2.8      0.       0
GRID       28254       0      6.     2.9      0.       0
GRID       28255       0     5.9     1.7      0.       0
GRID       28256       0     5.8     1.7      0.       0
GRID       28257       0     5.7     1.7      0.       0
GRID       28258       0     5.6     1.7      0.       0
GRID       28259       0     5.5     1.7      0.       0
GRID       28260       0     5.4     1.7      0.       0
GRID       28261       0     5.3     1.7      0.       0
GRID       28262       0     5.2     1.7      0.       0
GRID       28263       0     5.1     1.7      0.       0
GRID       28264       0      5.     1.7      0.       0
GRID       28265       0     4.9     1.7      0.       0
GRID       28266       0     4.8     1.7      0.       0
GRID       28267       0     4.7     1.7      0.       0
GRID       28268       0     4.6     1.7      0.       0
GRID       28269       0     4.5     1.7      0.       0
GRID       28270       0     4.4     1.7      0.       0
GRID       28271       0     4.3     1.7      0.       0
GRID       28272       0     4.2     1.7      0.       0
GRID       28273       0     4.1     1.7      0.       0
GRID       28274       0      4.     1.7      0.       0
GRID       28275       0     3.9     1.7      0.       0
GRID       28276       0     3.8     1.7      0.       0
GRID       28277       0     3.7     1.7      0.       0
GRID       28278       0     3.6     1.7      0.       0
GRID       28279       0     3.5     1.7      0.       0
GRID       28280       0     3.4     1.7      0.       0
GRID       28281       0     3.3     1.7      0.       0
GRID       28282       0     3.2     1.7      0.       0
GRID       28283       0     3.1     1.7      0.       0
GRID       28284       0     4.6      .1      0.       0
GRID       28285       0     4.6      .2      0.       0
GRID       28286       0     4.6      .3      0.       0
GRID       28287       0     4.6      .4      0.       0
GRID       28288       0     4.6      .5      0.       0
GRID       28289       0     4.6      .6      0.       0
GRID       28290       0     4.6      .7      0.       0
GRID       28291       0     4.6      .8      0.       0
GRID       28292       0     4.6      .9      0.       0
GRID       28293       0     4.6      1.      0.       0
GRID       28294       0     4.6     1.1      0.       0
GRID       28295       0     4.6     1.2      0.       0
GRID       28296       0     4.6     1.3      0.       0
GRID       28297       0     4.6     1.4      0.       0
GRID       28298       0     4.6     1.5      0.       0
GRID       28299       0     4.6     1.6      0.       0
GRID       28300       0     4.5      .9      0.       0
GRID       28301       0     4.4      .9      0.       0
GRID       28302       0     4.3      .9      0.       0
GRID       28303       0     4.2      .9      0.       0
GRID       28304       0     4.1      .9      0.       0
GRID       28305       0      4.      .9      0.       0
GRID       28306       0     3.9      .9      0.       0
GRID       28307       0     3.8      .9      0.       0
GRID       28308       0     3.7      .9      0.       0
GRID       28309       0     3.6      .9      0.       0
GRID       28310       0     3.5      .9      0.       0
GRID       28311       0     3.4      .9      0.       0
GRID       28312       0     3.3      .9      0.       0
GRID       28313       0     3.2      .9      0.       0
GRID       28314       0     3.1      .9      0.       0
GRID       28315       0     3.4      .8      0.       0
GRID       28316       0     3.4      .7      0.       0
GRID       28317       0     3.4      .6      0.       0
GRID       28318       0     3.4      .5      0.       0
GRID       28319       0     3.4      .4      0.       0
GRID       28320       0     3.4      .3      0.       0
GRID       28321       0     3.4      .2      0.       0
GRID       28322       0     3.4      .1      0.       0
GRID       28323       0     4.2      .1      0.       0
GRID       28324       0     4.2      .2      0.       0
GRID       28325       0     4.2      .3      0.       0
GRID       28326       0     4.2      .4      0.       0
GRID       28327       0     4.2      .5      0.       0
GRID       28328       0     4.2      .6      0.       0
GRID       28329       0     4.2      .7      0.       0
GRID       28330       0     4.2      .8      0.       0
GRID       28331       0     3.5      .1      0.       0
GRID       28332       0     3.6      .1      0.       0
GRID       28333       0     3.7      .1      0.       0
GRID       28334       0     3.8      .1      0.       0
GRID       28335       0     3.9      .1      0.       0
GRID       28336       0      4.      .1      0.       0
GRID       28337       0     4.1      .1      0.       0
GRID       28338       0     4.1      .8      0.       0
GRID       28339       0      4.      .8      0.       0
GRID       28340       0     3.9      .8      0.       0
GRID       28341       0     3.8      .8      0.       0
GRID       28342       0     3.7      .8      0.       0
GRID       28343       0     3.6      .8      0.       0
GRID       28344       0     3.5      .8      0.       0
GRID       28345       0     3.8      .2      0.       0
GRID       28346       0     3.8      .3      0.       0
GRID       28347       0     3.8      .4      0.       0
GRID       28348       0     3.8      .5      0.       0
GRID       28349       0     3.8      .6      0.       0
GRID       28350       0     3.8      .7      0.       0
GRID       28351       0     3.7      .6      0.       0
GRID       28352       0     3.6      .6      0.       0
GRID       28353       0     3.5      .6      0.       0
GRID       28354       0     3.5      .2      0.       0
GRID       28355       0     3.6      .2      0.       0
GRID       28356       0     3.7      .2      0.       0
GRID       28357       0     3.5      .3      0.       0
GRID       28358       0     3.6      .3      0.       0
GRID       28359       0     3.7      .3      0.       0
GRID       28360       0     3.5      .5      0.       0
GRID       28361       0     3.5      .4      0.       0
GRID       28362       0     3.6      .5      0.       0
GRID       28363       0     3.6      .4      0.       0
GRID       28364       0     3.7      .5      0.       0
GRID       28365       0     3.7      .4      0.       0
GRID       28366       0     3.7      .7      0.       0
GRID       28367       0     3.5      .7      0.       0
GRID       28368       0     3.6      .7      0.       0
GRID       28369       0     4.1      .7      0.       0
GRID       28370       0      4.      .7      0.       0
GRID       28371       0     3.9      .7      0.       0
GRID       28372       0     4.1      .5      0.       0
GRID       28373       0      4.      .5      0.       0
GRID       28374       0     3.9      .5      0.       0
GRID       28375       0     3.9      .4      0.       0
GRID       28376       0     3.9      .3      0.       0
GRID       28377       0     3.9      .2      0.       0
GRID       28378       0     4.1      .3      0.       0
GRID       28379       0      4.      .3      0.       0
GRID       28380       0     4.1      .2      0.       0
GRID       28381       0      4.      .2      0.       0
GRID       28382       0      4.      .4      0.       0
GRID       28383       0     4.1      .4      0.       0
GRID       28384       0     3.9      .6      0.       0
GRID       28385       0     4.1      .6      0.       0
GRID       28386       0      4.      .6      0.       0
GRID       28387       0     4.3      .2      0.       0
GRID       28388       0     4.4      .2      0.       0
GRID       28389       0     4.5      .2      0.       0
GRID       28390       0     4.5      .8      0.       0
GRID       28391       0     4.4      .8      0.       0
GRID       28392       0     4.3      .8      0.       0
GRID       28393       0     4.3      .5      0.       0
GRID       28394       0     4.4      .5      0.       0
GRID       28395       0     4.5      .5      0.       0
GRID       28396       0     4.4      .7      0.       0
GRID       28397       0     4.4      .6      0.       0
GRID       28398       0     4.5      .7      0.       0
GRID       28399       0     4.5      .6      0.       0
GRID       28400       0     4.3      .7      0.       0
GRID       28401       0     4.3      .6      0.       0
GRID       28402       0     4.5      .3      0.       0
GRID       28403       0     4.5      .4      0.       0
GRID       28404       0     4.3      .3      0.       0
GRID       28405       0     4.4      .3      0.       0
GRID       28406       0     4.3      .4      0.       0
GRID       28407       0     4.4      .4      0.       0
GRID       28408       0     4.5      .1      0.       0
GRID       28409       0     4.3      .1      0.       0
GRID       28410       0     4.4      .1      0.       0
GRID       28411       0     3.1      .4      0.       0
GRID       28412       0     3.2      .4      0.       0
GRID       28413       0     3.3      .4      0.       0
GRID       28414       0     3.3      .7      0.       0
GRID       28415       0     3.2      .7      0.       0
GRID       28416       0     3.1      .7      0.       0
GRID       28417       0     3.2      .5      0.       0
GRID       28418       0     3.2      .6      0.       0
GRID       28419       0     3.1      .5      0.       0
GRID       28420       0     3.1      .6      0.       0
GRID       28421       0     3.3      .6      0.       0
GRID       28422       0     3.3      .5      0.       0
GRID       28423       0     3.2      .8      0.       0
GRID       28424       0     3.3      .8      0.       0
GRID       28425       0     3.1      .8      0.       0
GRID       28426       0     3.1      .2      0.       0
GRID       28427       0     3.2      .2      0.       0
GRID       28428       0     3.3      .2      0.       0
GRID       28429       0     3.2      .3      0.       0
GRID       28430       0     3.3      .3      0.       0
GRID       28431       0     3.1      .3      0.       0
GRID       28432       0     3.2      .1      0.       0
GRID       28433       0     3.1      .1      0.       0
GRID       28434       0     3.3      .1      0.       0
GRID       28435       0     3.8     1.6      0.       0
GRID       28436       0     3.8     1.5      0.       0
GRID       28437       0     3.8     1.4      0.       0
GRID       28438       0     3.8     1.3      0.       0
GRID       28439       0     3.8     1.2      0.       0
GRID       28440       0     3.8     1.1      0.       0
GRID       28441       0     3.8      1.      0.       0
GRID       28442       0      4.     1.6      0.       0
GRID       28443       0      4.     1.5      0.       0
GRID       28444       0      4.     1.4      0.       0
GRID       28445       0      4.     1.3      0.       0
GRID       28446       0      4.     1.2      0.       0
GRID       28447       0      4.     1.1      0.       0
GRID       28448       0      4.      1.      0.       0
GRID       28449       0     4.5     1.3      0.       0
GRID       28450       0     4.4     1.3      0.       0
GRID       28451       0     4.3     1.3      0.       0
GRID       28452       0     4.2     1.3      0.       0
GRID       28453       0     4.1     1.3      0.       0
GRID       28454       0     4.3      1.      0.       0
GRID       28455       0     4.3     1.1      0.       0
GRID       28456       0     4.3     1.2      0.       0
GRID       28457       0     4.1      1.      0.       0
GRID       28458       0     4.2      1.      0.       0
GRID       28459       0     4.1     1.2      0.       0
GRID       28460       0     4.1     1.1      0.       0
GRID       28461       0     4.2     1.2      0.       0
GRID       28462       0     4.2     1.1      0.       0
GRID       28463       0     4.5     1.1      0.       0
GRID       28464       0     4.4     1.1      0.       0
GRID       28465       0     4.4      1.      0.       0
GRID       28466       0     4.5      1.      0.       0
GRID       28467       0     4.4     1.2      0.       0
GRID       28468       0     4.5     1.2      0.       0
GRID       28469       0     4.2     1.6      0.       0
GRID       28470       0     4.2     1.5      0.       0
GRID       28471       0     4.2     1.4      0.       0
GRID       28472       0     4.5     1.5      0.       0
GRID       28473       0     4.4     1.5      0.       0
GRID       28474       0     4.3     1.5      0.       0
GRID       28475       0     4.5     1.4      0.       0
GRID       28476       0     4.4     1.4      0.       0
GRID       28477       0     4.3     1.4      0.       0
GRID       28478       0     4.3     1.6      0.       0
GRID       28479       0     4.4     1.6      0.       0
GRID       28480       0     4.5     1.6      0.       0
GRID       28481       0     4.1     1.5      0.       0
GRID       28482       0     4.1     1.6      0.       0
GRID       28483       0     4.1     1.4      0.       0
GRID       28484       0     3.9     1.2      0.       0
GRID       28485       0     3.9     1.5      0.       0
GRID       28486       0     3.9     1.3      0.       0
GRID       28487       0     3.9     1.4      0.       0
GRID       28488       0     3.9     1.6      0.       0
GRID       28489       0     3.9     1.1      0.       0
GRID       28490       0     3.9      1.      0.       0
GRID       28491       0     3.1     1.3      0.       0
GRID       28492       0     3.2     1.3      0.       0
GRID       28493       0     3.3     1.3      0.       0
GRID       28494       0     3.4     1.3      0.       0
GRID       28495       0     3.5     1.3      0.       0
GRID       28496       0     3.6     1.3      0.       0
GRID       28497       0     3.7     1.3      0.       0
GRID       28498       0     3.4     1.6      0.       0
GRID       28499       0     3.4     1.5      0.       0
GRID       28500       0     3.4     1.4      0.       0
GRID       28501       0     3.6     1.4      0.       0
GRID       28502       0     3.6     1.5      0.       0
GRID       28503       0     3.6     1.6      0.       0
GRID       28504       0     3.5     1.5      0.       0
GRID       28505       0     3.5     1.6      0.       0
GRID       28506       0     3.5     1.4      0.       0
GRID       28507       0     3.7     1.5      0.       0
GRID       28508       0     3.7     1.4      0.       0
GRID       28509       0     3.7     1.6      0.       0
GRID       28510       0     3.1     1.5      0.       0
GRID       28511       0     3.2     1.5      0.       0
GRID       28512       0     3.3     1.5      0.       0
GRID       28513       0     3.2     1.6      0.       0
GRID       28514       0     3.3     1.6      0.       0
GRID       28515       0     3.1     1.6      0.       0
GRID       28516       0     3.2     1.4      0.       0
GRID       28517       0     3.1     1.4      0.       0
GRID       28518       0     3.3     1.4      0.       0
GRID       28519       0     3.5      1.      0.       0
GRID       28520       0     3.5     1.1      0.       0
GRID       28521       0     3.5     1.2      0.       0
GRID       28522       0     3.2     1.2      0.       0
GRID       28523       0     3.2     1.1      0.       0
GRID       28524       0     3.2      1.      0.       0
GRID       28525       0     3.4     1.1      0.       0
GRID       28526       0     3.3     1.1      0.       0
GRID       28527       0     3.4      1.      0.       0
GRID       28528       0     3.3      1.      0.       0
GRID       28529       0     3.3     1.2      0.       0
GRID       28530       0     3.4     1.2      0.       0
GRID       28531       0     3.1      1.      0.       0
GRID       28532       0     3.1     1.2      0.       0
GRID       28533       0     3.1     1.1      0.       0
GRID       28534       0     3.7     1.2      0.       0
GRID       28535       0     3.6     1.2      0.       0
GRID       28536       0     3.6      1.      0.       0
GRID       28537       0     3.7      1.      0.       0
GRID       28538       0     3.6     1.1      0.       0
GRID       28539       0     3.7     1.1      0.       0
GRID       28540       0     5.9     1.2      0.       0
GRID       28541       0     5.8     1.2      0.       0
GRID       28542       0     5.7     1.2      0.       0
GRID       28543       0     5.6     1.2      0.       0
GRID       28544       0     5.5     1.2      0.       0
GRID       28545       0     5.4     1.2      0.       0
GRID       28546       0     5.3     1.2      0.       0
GRID       28547       0     5.2     1.2      0.       0
GRID       28548       0     5.1     1.2      0.       0
GRID       28549       0      5.     1.2      0.       0
GRID       28550       0     4.9     1.2      0.       0
GRID       28551       0     4.8     1.2      0.       0
GRID       28552       0     4.7     1.2      0.       0
GRID       28553       0     5.4      .1      0.       0
GRID       28554       0     5.4      .2      0.       0
GRID       28555       0     5.4      .3      0.       0
GRID       28556       0     5.4      .4      0.       0
GRID       28557       0     5.4      .5      0.       0
GRID       28558       0     5.4      .6      0.       0
GRID       28559       0     5.4      .7      0.       0
GRID       28560       0     5.4      .8      0.       0
GRID       28561       0     5.4      .9      0.       0
GRID       28562       0     5.4      1.      0.       0
GRID       28563       0     5.4     1.1      0.       0
GRID       28564       0     4.7      .2      0.       0
GRID       28565       0     4.8      .2      0.       0
GRID       28566       0     4.9      .2      0.       0
GRID       28567       0      5.      .2      0.       0
GRID       28568       0     5.1      .2      0.       0
GRID       28569       0     5.2      .2      0.       0
GRID       28570       0     5.3      .2      0.       0
GRID       28571       0     5.3      .7      0.       0
GRID       28572       0     5.2      .7      0.       0
GRID       28573       0     5.1      .7      0.       0
GRID       28574       0      5.      .7      0.       0
GRID       28575       0     4.9      .7      0.       0
GRID       28576       0     4.8      .7      0.       0
GRID       28577       0     4.7      .7      0.       0
GRID       28578       0     5.1      .3      0.       0
GRID       28579       0     5.1      .4      0.       0
GRID       28580       0     5.1      .5      0.       0
GRID       28581       0     5.1      .6      0.       0
GRID       28582       0     4.7      .6      0.       0
GRID       28583       0     4.7      .5      0.       0
GRID       28584       0     4.7      .4      0.       0
GRID       28585       0     4.7      .3      0.       0
GRID       28586       0      5.      .5      0.       0
GRID       28587       0     4.9      .5      0.       0
GRID       28588       0     4.8      .5      0.       0
GRID       28589       0     4.9      .3      0.       0
GRID       28590       0     4.9      .4      0.       0
GRID       28591       0     4.8      .3      0.       0
GRID       28592       0     4.8      .4      0.       0
GRID       28593       0      5.      .4      0.       0
GRID       28594       0      5.      .3      0.       0
GRID       28595       0      5.      .6      0.       0
GRID       28596       0     4.9      .6      0.       0
GRID       28597       0     4.8      .6      0.       0
GRID       28598       0     5.2      .4      0.       0
GRID       28599       0     5.3      .4      0.       0
GRID       28600       0     5.2      .6      0.       0
GRID       28601       0     5.2      .5      0.       0
GRID       28602       0     5.3      .6      0.       0
GRID       28603       0     5.3      .5      0.       0
GRID       28604       0     5.3      .3      0.       0
GRID       28605       0     5.2      .3      0.       0
GRID       28606       0      5.     1.1      0.       0
GRID       28607       0      5.      1.      0.       0
GRID       28608       0      5.      .9      0.       0
GRID       28609       0      5.      .8      0.       0
GRID       28610       0     5.3      1.      0.       0
GRID       28611       0     5.2      1.      0.       0
GRID       28612       0     5.1      1.      0.       0
GRID       28613       0     5.1      .9      0.       0
GRID       28614       0     5.1      .8      0.       0
GRID       28615       0     5.3      .9      0.       0
GRID       28616       0     5.2      .9      0.       0
GRID       28617       0     5.3      .8      0.       0
GRID       28618       0     5.2      .8      0.       0
GRID       28619       0     5.1     1.1      0.       0
GRID       28620       0     5.3     1.1      0.       0
GRID       28621       0     5.2     1.1      0.       0
GRID       28622       0     4.9     1.1      0.       0
GRID       28623       0     4.8     1.1      0.       0
GRID       28624       0     4.7     1.1      0.       0
GRID       28625       0     4.9      .8      0.       0
GRID       28626       0     4.9      .9      0.       0
GRID       28627       0     4.9      1.      0.       0
GRID       28628       0     4.7      .9      0.       0
GRID       28629       0     4.8      .9      0.       0
GRID       28630       0     4.8      1.      0.       0
GRID       28631       0     4.7      1.      0.       0
GRID       28632       0     4.7      .8      0.       0
GRID       28633       0     4.8      .8      0.       0
GRID       28634       0      5.      .1      0.       0
GRID       28635       0     4.8      .1      0.       0
GRID       28636       0     4.9      .1      0.       0
GRID       28637       0     4.7      .1      0.       0
GRID       28638       0     5.3      .1      0.       0
GRID       28639       0     5.1      .1      0.       0
GRID       28640       0     5.2      .1      0.       0
GRID       28641       0     5.9      .7      0.       0
GRID       28642       0     5.8      .7      0.       0
GRID       28643       0     5.7      .7      0.       0
GRID       28644       0     5.6      .7      0.       0
GRID       28645       0     5.5      .7      0.       0
GRID       28646       0     5.9      .4      0.       0
GRID       28647       0     5.8      .4      0.       0
GRID       28648       0     5.7      .4      0.       0
GRID       28649       0     5.6      .4      0.       0
GRID       28650       0     5.5      .4      0.       0
GRID       28651       0     5.7      .1      0.       0
GRID       28652       0     5.7      .2      0.       0
GRID       28653       0     5.7      .3      0.       0
GRID       28654       0     5.6      .3      0.       0
GRID       28655       0     5.5      .3      0.       0
GRID       28656       0     5.6      .1      0.       0
GRID       28657       0     5.6      .2      0.       0
GRID       28658       0     5.5      .1      0.       0
GRID       28659       0     5.5      .2      0.       0
GRID       28660       0     5.9      .3      0.       0
GRID       28661       0     5.8      .3      0.       0
GRID       28662       0     5.8      .1      0.       0
GRID       28663       0     5.9      .1      0.       0
GRID       28664       0     5.8      .2      0.       0
GRID       28665       0     5.9      .2      0.       0
GRID       28666       0     5.6      .6      0.       0
GRID       28667       0     5.6      .5      0.       0
GRID       28668       0     5.8      .5      0.       0
GRID       28669       0     5.8      .6      0.       0
GRID       28670       0     5.7      .6      0.       0
GRID       28671       0     5.7      .5      0.       0
GRID       28672       0     5.9      .5      0.       0
GRID       28673       0     5.9      .6      0.       0
GRID       28674       0     5.5      .6      0.       0
GRID       28675       0     5.5      .5      0.       0
GRID       28676       0     5.7     1.1      0.       0
GRID       28677       0     5.7      1.      0.       0
GRID       28678       0     5.7      .9      0.       0
GRID       28679       0     5.7      .8      0.       0
GRID       28680       0     5.9      1.      0.       0
GRID       28681       0     5.8      1.      0.       0
GRID       28682       0     5.8      .8      0.       0
GRID       28683       0     5.9      .8      0.       0
GRID       28684       0     5.8      .9      0.       0
GRID       28685       0     5.9      .9      0.       0
GRID       28686       0     5.8     1.1      0.       0
GRID       28687       0     5.9     1.1      0.       0
GRID       28688       0     5.5      .9      0.       0
GRID       28689       0     5.6      .9      0.       0
GRID       28690       0     5.5     1.1      0.       0
GRID       28691       0     5.5      1.      0.       0
GRID       28692       0     5.6     1.1      0.       0
GRID       28693       0     5.6      1.      0.       0
GRID       28694       0     5.6      .8      0.       0
GRID       28695       0     5.5      .8      0.       0
GRID       28696       0     5.4     1.3      0.       0
GRID       28697       0     5.4     1.4      0.       0
GRID       28698       0     5.4     1.5      0.       0
GRID       28699       0     5.4     1.6      0.       0
GRID       28700       0      5.     1.6      0.       0
GRID       28701       0      5.     1.5      0.       0
GRID       28702       0      5.     1.4      0.       0
GRID       28703       0      5.     1.3      0.       0
GRID       28704       0     5.3     1.5      0.       0
GRID       28705       0     5.2     1.5      0.       0
GRID       28706       0     5.1     1.5      0.       0
GRID       28707       0     5.1     1.4      0.       0
GRID       28708       0     5.1     1.3      0.       0
GRID       28709       0     5.3     1.4      0.       0
GRID       28710       0     5.2     1.4      0.       0
GRID       28711       0     5.3     1.3      0.       0
GRID       28712       0     5.2     1.3      0.       0
GRID       28713       0     5.2     1.6      0.       0
GRID       28714       0     5.3     1.6      0.       0
GRID       28715       0     5.1     1.6      0.       0
GRID       28716       0     4.9     1.5      0.       0
GRID       28717       0     4.8     1.5      0.       0
GRID       28718       0     4.7     1.5      0.       0
GRID       28719       0     4.8     1.3      0.       0
GRID       28720       0     4.8     1.4      0.       0
GRID       28721       0     4.7     1.3      0.       0
GRID       28722       0     4.7     1.4      0.       0
GRID       28723       0     4.9     1.3      0.       0
GRID       28724       0     4.9     1.4      0.       0
GRID       28725       0     4.8     1.6      0.       0
GRID       28726       0     4.9     1.6      0.       0
GRID       28727       0     4.7     1.6      0.       0
GRID       28728       0     5.7     1.3      0.       0
GRID       28729       0     5.7     1.4      0.       0
GRID       28730       0     5.7     1.5      0.       0
GRID       28731       0     5.7     1.6      0.       0
GRID       28732       0     5.5     1.4      0.       0
GRID       28733       0     5.6     1.4      0.       0
GRID       28734       0     5.6     1.6      0.       0
GRID       28735       0     5.5     1.6      0.       0
GRID       28736       0     5.6     1.5      0.       0
GRID       28737       0     5.5     1.5      0.       0
GRID       28738       0     5.5     1.3      0.       0
GRID       28739       0     5.6     1.3      0.       0
GRID       28740       0     5.9     1.5      0.       0
GRID       28741       0     5.8     1.5      0.       0
GRID       28742       0     5.9     1.3      0.       0
GRID       28743       0     5.9     1.4      0.       0
GRID       28744       0     5.8     1.3      0.       0
GRID       28745       0     5.8     1.4      0.       0
GRID       28746       0     5.8     1.6      0.       0
GRID       28747       0     5.9     1.6      0.       0
GRID       28748       0     4.5     2.9      0.       0
GRID       28749       0     4.5     2.8      0.       0
GRID       28750       0     4.5     2.7      0.       0
GRID       28751       0     4.5     2.6      0.       0
GRID       28752       0     4.5     2.5      0.       0
GRID       28753       0     4.5     2.4      0.       0
GRID       28754       0     4.5     2.3      0.       0
GRID       28755       0     4.5     2.2      0.       0
GRID       28756       0     4.5     2.1      0.       0
GRID       28757       0     4.5      2.      0.       0
GRID       28758       0     4.5     1.9      0.       0
GRID       28759       0     4.5     1.8      0.       0
GRID       28760       0     5.3     1.8      0.       0
GRID       28761       0     5.3     1.9      0.       0
GRID       28762       0     5.3      2.      0.       0
GRID       28763       0     5.3     2.1      0.       0
GRID       28764       0     5.3     2.2      0.       0
GRID       28765       0     5.3     2.3      0.       0
GRID       28766       0     5.3     2.4      0.       0
GRID       28767       0     5.3     2.5      0.       0
GRID       28768       0     5.3     2.6      0.       0
GRID       28769       0     5.3     2.7      0.       0
GRID       28770       0     5.3     2.8      0.       0
GRID       28771       0     5.3     2.9      0.       0
GRID       28772       0     5.2     2.4      0.       0
GRID       28773       0     5.1     2.4      0.       0
GRID       28774       0      5.     2.4      0.       0
GRID       28775       0     4.9     2.4      0.       0
GRID       28776       0     4.8     2.4      0.       0
GRID       28777       0     4.7     2.4      0.       0
GRID       28778       0     4.6     2.4      0.       0
GRID       28779       0      5.     1.8      0.       0
GRID       28780       0      5.     1.9      0.       0
GRID       28781       0      5.      2.      0.       0
GRID       28782       0      5.     2.1      0.       0
GRID       28783       0      5.     2.2      0.       0
GRID       28784       0      5.     2.3      0.       0
GRID       28785       0     4.9     2.2      0.       0
GRID       28786       0     4.8     2.2      0.       0
GRID       28787       0     4.7     2.2      0.       0
GRID       28788       0     4.6     2.2      0.       0
GRID       28789       0     4.8     1.8      0.       0
GRID       28790       0     4.8     1.9      0.       0
GRID       28791       0     4.8      2.      0.       0
GRID       28792       0     4.8     2.1      0.       0
GRID       28793       0     4.6     1.9      0.       0
GRID       28794       0     4.7     1.9      0.       0
GRID       28795       0     4.6     2.1      0.       0
GRID       28796       0     4.6      2.      0.       0
GRID       28797       0     4.7     2.1      0.       0
GRID       28798       0     4.7      2.      0.       0
GRID       28799       0     4.7     1.8      0.       0
GRID       28800       0     4.6     1.8      0.       0
GRID       28801       0     4.9      2.      0.       0
GRID       28802       0     4.9     1.8      0.       0
GRID       28803       0     4.9     1.9      0.       0
GRID       28804       0     4.9     2.1      0.       0
GRID       28805       0     4.6     2.3      0.       0
GRID       28806       0     4.8     2.3      0.       0
GRID       28807       0     4.7     2.3      0.       0
GRID       28808       0     4.9     2.3      0.       0
GRID       28809       0     5.1      2.      0.       0
GRID       28810       0     5.2      2.      0.       0
GRID       28811       0     5.2     2.2      0.       0
GRID       28812       0     5.1     2.2      0.       0
GRID       28813       0     5.2     2.1      0.       0
GRID       28814       0     5.1     2.1      0.       0
GRID       28815       0     5.1     2.3      0.       0
GRID       28816       0     5.2     2.3      0.       0
GRID       28817       0     5.2     1.9      0.       0
GRID       28818       0     5.1     1.9      0.       0
GRID       28819       0     5.1     1.8      0.       0
GRID       28820       0     5.2     1.8      0.       0
GRID       28821       0     4.9     2.9      0.       0
GRID       28822       0     4.9     2.8      0.       0
GRID       28823       0     4.9     2.7      0.       0
GRID       28824       0     4.9     2.6      0.       0
GRID       28825       0     4.9     2.5      0.       0
GRID       28826       0     5.2     2.7      0.       0
GRID       28827       0     5.1     2.7      0.       0
GRID       28828       0      5.     2.7      0.       0
GRID       28829       0     5.1     2.5      0.       0
GRID       28830       0     5.1     2.6      0.       0
GRID       28831       0      5.     2.6      0.       0
GRID       28832       0      5.     2.5      0.       0
GRID       28833       0     5.2     2.6      0.       0
GRID       28834       0     5.2     2.5      0.       0
GRID       28835       0      5.     2.9      0.       0
GRID       28836       0      5.     2.8      0.       0
GRID       28837       0     5.2     2.8      0.       0
GRID       28838       0     5.2     2.9      0.       0
GRID       28839       0     5.1     2.8      0.       0
GRID       28840       0     5.1     2.9      0.       0
GRID       28841       0     4.6     2.6      0.       0
GRID       28842       0     4.7     2.6      0.       0
GRID       28843       0     4.8     2.6      0.       0
GRID       28844       0     4.8     2.8      0.       0
GRID       28845       0     4.7     2.8      0.       0
GRID       28846       0     4.6     2.8      0.       0
GRID       28847       0     4.7     2.7      0.       0
GRID       28848       0     4.6     2.7      0.       0
GRID       28849       0     4.8     2.7      0.       0
GRID       28850       0     4.7     2.9      0.       0
GRID       28851       0     4.8     2.9      0.       0
GRID       28852       0     4.6     2.9      0.       0
GRID       28853       0     4.7     2.5      0.       0
GRID       28854       0     4.6     2.5      0.       0
GRID       28855       0     4.8     2.5      0.       0
GRID       28856       0     5.9     2.8      0.       0
GRID       28857       0     5.8     2.8      0.       0
GRID       28858       0     5.7     2.8      0.       0
GRID       28859       0     5.6     2.8      0.       0
GRID       28860       0     5.5     2.8      0.       0
GRID       28861       0     5.4     2.8      0.       0
GRID       28862       0     5.4     1.8      0.       0
GRID       28863       0     5.5     1.8      0.       0
GRID       28864       0     5.6     1.8      0.       0
GRID       28865       0     5.7     1.8      0.       0
GRID       28866       0     5.8     1.8      0.       0
GRID       28867       0     5.9     1.8      0.       0
GRID       28868       0     5.9     2.4      0.       0
GRID       28869       0     5.8     2.4      0.       0
GRID       28870       0     5.7     2.4      0.       0
GRID       28871       0     5.6     2.4      0.       0
GRID       28872       0     5.5     2.4      0.       0
GRID       28873       0     5.4     2.4      0.       0
GRID       28874       0     5.7     1.9      0.       0
GRID       28875       0     5.7      2.      0.       0
GRID       28876       0     5.7     2.1      0.       0
GRID       28877       0     5.7     2.2      0.       0
GRID       28878       0     5.7     2.3      0.       0
GRID       28879       0     5.4     2.1      0.       0
GRID       28880       0     5.5     2.1      0.       0
GRID       28881       0     5.6     2.1      0.       0
GRID       28882       0     5.4     2.3      0.       0
GRID       28883       0     5.4     2.2      0.       0
GRID       28884       0     5.5     2.2      0.       0
GRID       28885       0     5.6     2.2      0.       0
GRID       28886       0     5.6     2.3      0.       0
GRID       28887       0     5.5     2.3      0.       0
GRID       28888       0     5.6     1.9      0.       0
GRID       28889       0     5.6      2.      0.       0
GRID       28890       0     5.4      2.      0.       0
GRID       28891       0     5.4     1.9      0.       0
GRID       28892       0     5.5      2.      0.       0
GRID       28893       0     5.5     1.9      0.       0
GRID       28894       0     5.9     2.3      0.       0
GRID       28895       0     5.8     2.3      0.       0
GRID       28896       0     5.8     1.9      0.       0
GRID       28897       0     5.9     1.9      0.       0
GRID       28898       0     5.9     2.1      0.       0
GRID       28899       0     5.8     2.1      0.       0
GRID       28900       0     5.9      2.      0.       0
GRID       28901       0     5.8      2.      0.       0
GRID       28902       0     5.8     2.2      0.       0
GRID       28903       0     5.9     2.2      0.       0
GRID       28904       0     5.6     2.7      0.       0
GRID       28905       0     5.6     2.6      0.       0
GRID       28906       0     5.6     2.5      0.       0
GRID       28907       0     5.8     2.5      0.       0
GRID       28908       0     5.8     2.6      0.       0
GRID       28909       0     5.8     2.7      0.       0
GRID       28910       0     5.7     2.6      0.       0
GRID       28911       0     5.7     2.7      0.       0
GRID       28912       0     5.7     2.5      0.       0
GRID       28913       0     5.9     2.7      0.       0
GRID       28914       0     5.9     2.5      0.       0
GRID       28915       0     5.9     2.6      0.       0
GRID       28916       0     5.4     2.6      0.       0
GRID       28917       0     5.5     2.6      0.       0
GRID       28918       0     5.4     2.7      0.       0
GRID       28919       0     5.5     2.7      0.       0
GRID       28920       0     5.5     2.5      0.       0
GRID       28921       0     5.4     2.5      0.       0
GRID       28922       0     5.6     2.9      0.       0
GRID       28923       0     5.9     2.9      0.       0
GRID       28924       0     5.7     2.9      0.       0
GRID       28925       0     5.8     2.9      0.       0
GRID       28926       0     5.4     2.9      0.       0
GRID       28927       0     5.5     2.9      0.       0
GRID       28928       0 3.799852.900038      0.       0
GRID       28929       03.7994052.800135      0.       0
GRID       28930       03.798428 2.69975      0.       0
GRID       28931       03.8002662.600244      0.       0
GRID       28932       03.7998672.500443      0.       0
GRID       28933       0     3.8     2.4      0.       0
GRID       28934       0     3.8     2.3      0.       0
GRID       28935       0     3.8     2.2      0.       0
GRID       28936       0     3.8     2.1      0.       0
GRID       28937       0     3.8      2.      0.       0
GRID       28938       0     3.8     1.9      0.       0
GRID       28939       0     3.8     1.8      0.       0
GRID       28940       0     4.4     2.7      0.       0
GRID       28941       0     4.3     2.7      0.       0
GRID       28942       0     4.2     2.7      0.       0
GRID       28943       0     4.1     2.7      0.       0
GRID       28944       0      4.     2.7      0.       0
GRID       28945       0     3.9     2.7      0.       0
GRID       28946       0     3.9      2.      0.       0
GRID       28947       0      4.      2.      0.       0
GRID       28948       0     4.1      2.      0.       0
GRID       28949       0     4.2      2.      0.       0
GRID       28950       0     4.3      2.      0.       0
GRID       28951       0     4.4      2.      0.       0
GRID       28952       0     4.2     2.1      0.       0
GRID       28953       0     4.2     2.2      0.       0
GRID       28954       0     4.2     2.3      0.       0
GRID       28955       0     4.2     2.4      0.       0
GRID       28956       0     4.2     2.5      0.       0
GRID       28957       0     4.2     2.6      0.       0
GRID       28958       0     4.1     2.4      0.       0
GRID       28959       0      4.     2.4      0.       0
GRID       28960       0     3.9     2.4      0.       0
GRID       28961       0      4.     2.1      0.       0
GRID       28962       0      4.     2.2      0.       0
GRID       28963       0      4.     2.3      0.       0
GRID       28964       0     3.9     2.3      0.       0
GRID       28965       0     3.9     2.1      0.       0
GRID       28966       0     3.9     2.2      0.       0
GRID       28967       0     4.1     2.1      0.       0
GRID       28968       0     4.1     2.3      0.       0
GRID       28969       0     4.1     2.2      0.       0
GRID       28970       0      4.     2.6      0.       0
GRID       28971       0      4.     2.5      0.       0
GRID       28972       0     4.1     2.6      0.       0
GRID       28973       0     4.1     2.5      0.       0
GRID       28974       0     3.9     2.6      0.       0
GRID       28975       0     3.9     2.5      0.       0
GRID       28976       0     4.4     2.5      0.       0
GRID       28977       0     4.3     2.5      0.       0
GRID       28978       0     4.3     2.2      0.       0
GRID       28979       0     4.4     2.2      0.       0
GRID       28980       0     4.4     2.3      0.       0
GRID       28981       0     4.4     2.4      0.       0
GRID       28982       0     4.3     2.3      0.       0
GRID       28983       0     4.3     2.4      0.       0
GRID       28984       0     4.4     2.1      0.       0
GRID       28985       0     4.3     2.1      0.       0
GRID       28986       0     4.3     2.6      0.       0
GRID       28987       0     4.4     2.6      0.       0
GRID       28988       0     4.1     1.9      0.       0
GRID       28989       0     4.1     1.8      0.       0
GRID       28990       0     4.3     1.8      0.       0
GRID       28991       0     4.3     1.9      0.       0
GRID       28992       0     4.2     1.8      0.       0
GRID       28993       0     4.2     1.9      0.       0
GRID       28994       0     4.4     1.9      0.       0
GRID       28995       0     4.4     1.8      0.       0
GRID       28996       0     3.9     1.9      0.       0
GRID       28997       0     3.9     1.8      0.       0
GRID       28998       0      4.     1.9      0.       0
GRID       28999       0      4.     1.8      0.       0
GRID       29000       0     4.1     2.9      0.       0
GRID       29001       0     4.1     2.8      0.       0
GRID       29002       0     4.2     2.9      0.       0
GRID       29003       0     4.2     2.8      0.       0
GRID       29004       0     4.3     2.8      0.       0
GRID       29005       0     4.4     2.8      0.       0
GRID       29006       0     4.3     2.9      0.       0
GRID       29007       0     4.4     2.9      0.       0
GRID       29008       0     3.9     2.9      0.       0
GRID       29009       0     3.9     2.8      0.       0
GRID       29010       0      4.     2.9      0.       0
GRID       29011       0      4.     2.8      0.       0
GRID       29012       0     3.1     2.1      0.       0
GRID       29013       0     3.2     2.1      0.       0
GRID       29014       0     3.3     2.1      0.       0
GRID       29015       0     3.4     2.1      0.       0
GRID       29016       0     3.5     2.1      0.       0
GRID       29017       0     3.6     2.1      0.       0
GRID       29018       0     3.7     2.1      0.       0
GRID       29019       03.099576 2.30179      0.       0
GRID       29020       03.1986882.305312      0.       0
GRID       29021       03.297845 2.30822      0.       0
GRID       29022       03.3991062.305766      0.       0
GRID       29023       03.4995212.302891      0.       0
GRID       29024       03.599602 2.30133      0.       0
GRID       29025       0     3.7     2.3      0.       0
GRID       29026       03.699602 2.40133      0.       0
GRID       29027       0 3.700552.501615      0.       0
GRID       29028       03.6968452.600656      0.       0
GRID       29029       03.6928922.701904      0.       0
GRID       29030       03.6941772.800119      0.       0
GRID       29031       0 3.698212.900424      0.       0
GRID       29032       03.6000542.403379      0.       0
GRID       29033       03.5992792.505195      0.       0
GRID       29034       03.5909662.606387      0.       0
GRID       29035       0 3.571812.706096      0.       0
GRID       29036       03.5819162.804113      0.       0
GRID       29037       03.5933482.900982      0.       0
GRID       29038       03.0984212.406397      0.       0
GRID       29039       03.1956392.418048      0.       0
GRID       29040       03.2927592.430234      0.       0
GRID       29041       03.3973812.418397      0.       0
GRID       29042       03.5003152.408739      0.       0
GRID       29043       0 3.496882.515389      0.       0
GRID       29044       03.4003052.527138      0.       0
GRID       29045       03.4837552.608082      0.       0
GRID       29046       0 3.413622.598162      0.       0
GRID       29047       03.3997522.200882      0.       0
GRID       29048       03.1998652.200595      0.       0
GRID       29049       03.2996532.201317      0.       0
GRID       29050       03.099962 2.20015      0.       0
GRID       29051       0     3.6     2.2      0.       0
GRID       29052       03.4998672.200443      0.       0
GRID       29053       0     3.7     2.2      0.       0
GRID       29054       0     3.4     1.8      0.       0
GRID       29055       0     3.4     1.9      0.       0
GRID       29056       0     3.4      2.      0.       0
GRID       29057       0     3.2      2.      0.       0
GRID       29058       0     3.2     1.9      0.       0
GRID       29059       0     3.2     1.8      0.       0
GRID       29060       0     3.3     1.9      0.       0
GRID       29061       0     3.3     1.8      0.       0
GRID       29062       0     3.3      2.      0.       0
GRID       29063       0     3.1     1.9      0.       0
GRID       29064       0     3.1      2.      0.       0
GRID       29065       0     3.1     1.8      0.       0
GRID       29066       0     3.6     1.8      0.       0
GRID       29067       0     3.6     1.9      0.       0
GRID       29068       0     3.6      2.      0.       0
GRID       29069       0     3.5     1.9      0.       0
GRID       29070       0     3.5      2.      0.       0
GRID       29071       0     3.5     1.8      0.       0
GRID       29072       0     3.7     1.9      0.       0
GRID       29073       0     3.7     1.8      0.       0
GRID       29074       0     3.7      2.      0.       0
GRID       29075       0     2.9      6.      0.       0
GRID       29076       0     2.8      6.      0.       0
GRID       29077       0     2.7      6.      0.       0
GRID       29078       0     2.6      6.      0.       0
GRID       29079       0     2.5      6.      0.       0
GRID       29080       0     2.4      6.      0.       0
GRID       29081       0     2.3      6.      0.       0
GRID       29082       0     2.2      6.      0.       0
GRID       29083       0     2.1      6.      0.       0
GRID       29084       0      2.      6.      0.       0
GRID       29085       0     1.9      6.      0.       0
GRID       29086       0     1.8      6.      0.       0
GRID       29087       0     1.7      6.      0.       0
GRID       29088       0     1.6      6.      0.       0
GRID       29089       0     1.5      6.      0.       0
GRID       29090       0     1.4      6.      0.       0
GRID       29091       0     1.3      6.      0.       0
GRID       29092       0     1.2      6.      0.       0
GRID       29093       0     1.1      6.      0.       0
GRID       29094       0      1.      6.      0.       0
GRID       29095       0      .9      6.      0.       0
GRID       29096       0      .8      6.      0.       0
GRID       29097       0      .7      6.      0.       0
GRID       29098       0      .6      6.      0.       0
GRID       29099       0      .5      6.      0.       0
GRID       29100       0      .4      6.      0.       0
GRID       29101       0      .3      6.      0.       0
GRID       29102       0      .2      6.      0.       0
GRID       29103       0      .1      6.      0.       0
GRID       29104       0      0.      6.      0.       0
GRID       29105       0      0.     5.9      0.       0
GRID       29106       0      0.     5.8      0.       0
GRID       29107       0      0.     5.7      0.       0
GRID       29108       0      0.     5.6      0.       0
GRID       29109       0      0.     5.5      0.       0
GRID       29110       0      0.     5.4      0.       0
GRID       29111       0      0.     5.3      0.       0
GRID       29112       0      0.     5.2      0.       0
GRID       29113       0      0.     5.1      0.       0
GRID       29114       0      0.      5.      0.       0
GRID       29115       0      0.     4.9      0.       0
GRID       29116       0      0.     4.8      0.       0
GRID       29117       0      0.     4.7      0.       0
GRID       29118       0      0.     4.6      0.       0
GRID       29119       0      0.     4.5      0.       0
GRID       29120       0      0.     4.4      0.       0
GRID       29121       0      0.     4.3      0.       0
GRID       29122       0      0.     4.2      0.       0
GRID       29123       0      0.     4.1      0.       0
GRID       29124       0      0.      4.      0.       0
GRID       29125       0      0.     3.9      0.       0
GRID       29126       0      0.     3.8      0.       0
GRID       29127       0      0.     3.7      0.       0
GRID       29128       0      0.     3.6      0.       0
GRID       29129       0      0.     3.5      0.       0
GRID       29130       0      0.     3.4      0.       0
GRID       29131       0      0.     3.3      0.       0
GRID       29132       0      0.     3.2      0.       0
GRID       29133       0      0.     3.1      0.       0
GRID       29134       0      .1     3.6      0.       0
GRID       29135       0      .2     3.6      0.       0
GRID       29136       0      .3     3.6      0.       0
GRID       29137       0      .4     3.6      0.       0
GRID       29138       0      .5     3.6      0.       0
GRID       29139       0      .6     3.6      0.       0
GRID       29140       0      .7     3.6      0.       0
GRID       29141       0      .8     3.6      0.       0
GRID       29142       0      .9     3.6      0.       0
GRID       29143       0      1.     3.6      0.       0
GRID       29144       0     1.1     3.6      0.       0
GRID       29145       0     1.2     3.6      0.       0
GRID       29146       0     1.3     3.6      0.       0
GRID       29147       0     1.4     3.6      0.       0
GRID       29148       0     1.5     3.6      0.       0
GRID       29149       0     1.6     3.6      0.       0
GRID       29150       0     1.7     3.6      0.       0
GRID       29151       0     1.8     3.6      0.       0
GRID       29152       0     1.9     3.6      0.       0
GRID       29153       0      2.     3.6      0.       0
GRID       29154       0     2.1     3.6      0.       0
GRID       29155       0     2.2     3.6      0.       0
GRID       29156       02.300398 3.59867      0.       0
GRID       29157       02.3999463.596621      0.       0
GRID       29158       02.4996853.591261      0.       0
GRID       29159       02.6026193.581603      0.       0
GRID       29160       02.7072413.569766      0.       0
GRID       29161       02.8043613.581952      0.       0
GRID       29162       02.9015793.593603      0.       0
GRID       29163       0     2.3     3.7      0.       0
GRID       29164       0     2.3     3.8      0.       0
GRID       29165       0     2.3     3.9      0.       0
GRID       29166       0     2.3      4.      0.       0
GRID       29167       0     2.3     4.1      0.       0
GRID       29168       0     2.3     4.2      0.       0
GRID       29169       0     2.3     4.3      0.       0
GRID       29170       0     2.3     4.4      0.       0
GRID       29171       0     2.3     4.5      0.       0
GRID       29172       0     2.3     4.6      0.       0
GRID       29173       0     2.3     4.7      0.       0
GRID       29174       0     2.3     4.8      0.       0
GRID       29175       0     2.3     4.9      0.       0
GRID       29176       0     2.3      5.      0.       0
GRID       29177       0     2.3     5.1      0.       0
GRID       29178       0     2.3     5.2      0.       0
GRID       29179       0     2.3     5.3      0.       0
GRID       29180       0     2.3     5.4      0.       0
GRID       29181       0     2.3     5.5      0.       0
GRID       29182       0     2.3     5.6      0.       0
GRID       29183       0     2.3     5.7      0.       0
GRID       29184       0     2.3     5.8      0.       0
GRID       29185       0     2.3     5.9      0.       0
GRID       29186       0     2.2     5.1      0.       0
GRID       29187       0     2.1     5.1      0.       0
GRID       29188       0      2.     5.1      0.       0
GRID       29189       0     1.9     5.1      0.       0
GRID       29190       0     1.8     5.1      0.       0
GRID       29191       0     1.7     5.1      0.       0
GRID       29192       0     1.6     5.1      0.       0
GRID       29193       0     1.5     5.1      0.       0
GRID       29194       0     1.4     5.1      0.       0
GRID       29195       0     1.3     5.1      0.       0
GRID       29196       0     1.2     5.1      0.       0
GRID       29197       0     1.1     5.1      0.       0
GRID       29198       0      1.     5.1      0.       0
GRID       29199       0      .9     5.1      0.       0
GRID       29200       0      .8     5.1      0.       0
GRID       29201       0      .7     5.1      0.       0
GRID       29202       0      .6     5.1      0.       0
GRID       29203       0      .5     5.1      0.       0
GRID       29204       0      .4     5.1      0.       0
GRID       29205       0      .3     5.1      0.       0
GRID       29206       0      .2     5.1      0.       0
GRID       29207       0      .1     5.1      0.       0
GRID       29208       0     1.5     3.7      0.       0
GRID       29209       0     1.5     3.8      0.       0
GRID       29210       0     1.5     3.9      0.       0
GRID       29211       0     1.5      4.      0.       0
GRID       29212       0     1.5     4.1      0.       0
GRID       29213       0     1.5     4.2      0.       0
GRID       29214       0     1.5     4.3      0.       0
GRID       29215       0     1.5     4.4      0.       0
GRID       29216       0     1.5     4.5      0.       0
GRID       29217       0     1.5     4.6      0.       0
GRID       29218       0     1.5     4.7      0.       0
GRID       29219       0     1.5     4.8      0.       0
GRID       29220       0     1.5     4.9      0.       0
GRID       29221       0     1.5      5.      0.       0
GRID       29222       0     1.4     4.4      0.       0
GRID       29223       0     1.3     4.4      0.       0
GRID       29224       0     1.2     4.4      0.       0
GRID       29225       0     1.1     4.4      0.       0
GRID       29226       0      1.     4.4      0.       0
GRID       29227       0      .9     4.4      0.       0
GRID       29228       0      .8     4.4      0.       0
GRID       29229       0      .7     4.4      0.       0
GRID       29230       0      .6     4.4      0.       0
GRID       29231       0      .5     4.4      0.       0
GRID       29232       0      .4     4.4      0.       0
GRID       29233       0      .3     4.4      0.       0
GRID       29234       0      .2     4.4      0.       0
GRID       29235       0      .1     4.4      0.       0
GRID       29236       0      .4     4.3      0.       0
GRID       29237       0      .4     4.2      0.       0
GRID       29238       0      .4     4.1      0.       0
GRID       29239       0      .4      4.      0.       0
GRID       29240       0      .4     3.9      0.       0
GRID       29241       0      .4     3.8      0.       0
GRID       29242       0      .4     3.7      0.       0
GRID       29243       0      .9     4.3      0.       0
GRID       29244       0      .9     4.2      0.       0
GRID       29245       0      .9     4.1      0.       0
GRID       29246       0      .9      4.      0.       0
GRID       29247       0      .9     3.9      0.       0
GRID       29248       0      .9     3.8      0.       0
GRID       29249       0      .9     3.7      0.       0
GRID       29250       0     1.4     4.1      0.       0
GRID       29251       0     1.3     4.1      0.       0
GRID       29252       0     1.2     4.1      0.       0
GRID       29253       0     1.1     4.1      0.       0
GRID       29254       0      1.     4.1      0.       0
GRID       29255       0     1.3     3.7      0.       0
GRID       29256       0     1.3     3.8      0.       0
GRID       29257       0     1.3     3.9      0.       0
GRID       29258       0     1.3      4.      0.       0
GRID       29259       0      1.     3.8      0.       0
GRID       29260       0     1.1     3.8      0.       0
GRID       29261       0     1.2     3.8      0.       0
GRID       29262       0      1.      4.      0.       0
GRID       29263       0      1.     3.9      0.       0
GRID       29264       0     1.2      4.      0.       0
GRID       29265       0     1.1      4.      0.       0
GRID       29266       0     1.2     3.9      0.       0
GRID       29267       0     1.1     3.9      0.       0
GRID       29268       0     1.2     3.7      0.       0
GRID       29269       0      1.     3.7      0.       0
GRID       29270       0     1.1     3.7      0.       0
GRID       29271       0     1.4      4.      0.       0
GRID       29272       0     1.4     3.7      0.       0
GRID       29273       0     1.4     3.8      0.       0
GRID       29274       0     1.4     3.9      0.       0
GRID       29275       0     1.2     4.3      0.       0
GRID       29276       0     1.2     4.2      0.       0
GRID       29277       0     1.4     4.3      0.       0
GRID       29278       0     1.3     4.3      0.       0
GRID       29279       0     1.3     4.2      0.       0
GRID       29280       0     1.4     4.2      0.       0
GRID       29281       0      1.     4.3      0.       0
GRID       29282       0      1.     4.2      0.       0
GRID       29283       0     1.1     4.3      0.       0
GRID       29284       0     1.1     4.2      0.       0
GRID       29285       0      .8     4.1      0.       0
GRID       29286       0      .7     4.1      0.       0
GRID       29287       0      .6     4.1      0.       0
GRID       29288       0      .5     4.1      0.       0
GRID       29289       0      .6      4.      0.       0
GRID       29290       0      .6     3.9      0.       0
GRID       29291       0      .6     3.8      0.       0
GRID       29292       0      .6     3.7      0.       0
GRID       29293       0      .8     3.9      0.       0
GRID       29294       0      .7     3.9      0.       0
GRID       29295       0      .7     3.7      0.       0
GRID       29296       0      .8     3.7      0.       0
GRID       29297       0      .7     3.8      0.       0
GRID       29298       0      .8     3.8      0.       0
GRID       29299       0      .8      4.      0.       0
GRID       29300       0      .7      4.      0.       0
GRID       29301       0      .5     3.8      0.       0
GRID       29302       0      .5      4.      0.       0
GRID       29303       0      .5     3.9      0.       0
GRID       29304       0      .5     3.7      0.       0
GRID       29305       0      .6     4.3      0.       0
GRID       29306       0      .6     4.2      0.       0
GRID       29307       0      .7     4.2      0.       0
GRID       29308       0      .8     4.2      0.       0
GRID       29309       0      .7     4.3      0.       0
GRID       29310       0      .8     4.3      0.       0
GRID       29311       0      .5     4.3      0.       0
GRID       29312       0      .5     4.2      0.       0
GRID       29313       0      .1     3.7      0.       0
GRID       29314       0      .2     3.7      0.       0
GRID       29315       0      .3     3.7      0.       0
GRID       29316       0      .3     4.3      0.       0
GRID       29317       0      .2     4.3      0.       0
GRID       29318       0      .1     4.3      0.       0
GRID       29319       0      .1      4.      0.       0
GRID       29320       0      .2      4.      0.       0
GRID       29321       0      .3      4.      0.       0
GRID       29322       0      .1     4.2      0.       0
GRID       29323       0      .1     4.1      0.       0
GRID       29324       0      .2     4.1      0.       0
GRID       29325       0      .3     4.1      0.       0
GRID       29326       0      .3     4.2      0.       0
GRID       29327       0      .2     4.2      0.       0
GRID       29328       0      .3     3.8      0.       0
GRID       29329       0      .3     3.9      0.       0
GRID       29330       0      .1     3.9      0.       0
GRID       29331       0      .1     3.8      0.       0
GRID       29332       0      .2     3.9      0.       0
GRID       29333       0      .2     3.8      0.       0
GRID       29334       0      .8     4.5      0.       0
GRID       29335       0      .8     4.6      0.       0
GRID       29336       0      .8     4.7      0.       0
GRID       29337       0      .8     4.8      0.       0
GRID       29338       0      .8     4.9      0.       0
GRID       29339       0      .8      5.      0.       0
GRID       29340       0      .2      5.      0.       0
GRID       29341       0      .2     4.9      0.       0
GRID       29342       0      .2     4.8      0.       0
GRID       29343       0      .2     4.7      0.       0
GRID       29344       0      .2     4.6      0.       0
GRID       29345       0      .2     4.5      0.       0
GRID       29346       0      .7     4.8      0.       0
GRID       29347       0      .6     4.8      0.       0
GRID       29348       0      .5     4.8      0.       0
GRID       29349       0      .4     4.8      0.       0
GRID       29350       0      .3     4.8      0.       0
GRID       29351       0      .3     4.7      0.       0
GRID       29352       0      .3     4.6      0.       0
GRID       29353       0      .3     4.5      0.       0
GRID       29354       0      .6     4.5      0.       0
GRID       29355       0      .6     4.6      0.       0
GRID       29356       0      .6     4.7      0.       0
GRID       29357       0      .5     4.7      0.       0
GRID       29358       0      .4     4.7      0.       0
GRID       29359       0      .4     4.6      0.       0
GRID       29360       0      .4     4.5      0.       0
GRID       29361       0      .5     4.6      0.       0
GRID       29362       0      .5     4.5      0.       0
GRID       29363       0      .7     4.5      0.       0
GRID       29364       0      .7     4.7      0.       0
GRID       29365       0      .7     4.6      0.       0
GRID       29366       0      .5      5.      0.       0
GRID       29367       0      .5     4.9      0.       0
GRID       29368       0      .7      5.      0.       0
GRID       29369       0      .6      5.      0.       0
GRID       29370       0      .7     4.9      0.       0
GRID       29371       0      .6     4.9      0.       0
GRID       29372       0      .3     4.9      0.       0
GRID       29373       0      .4     4.9      0.       0
GRID       29374       0      .4      5.      0.       0
GRID       29375       0      .3      5.      0.       0
GRID       29376       0      .1      5.      0.       0
GRID       29377       0      .1     4.7      0.       0
GRID       29378       0      .1     4.9      0.       0
GRID       29379       0      .1     4.8      0.       0
GRID       29380       0      .1     4.6      0.       0
GRID       29381       0      .1     4.5      0.       0
GRID       29382       0     1.4     4.8      0.       0
GRID       29383       0     1.3     4.8      0.       0
GRID       29384       0     1.2     4.8      0.       0
GRID       29385       0     1.1     4.8      0.       0
GRID       29386       0      1.     4.8      0.       0
GRID       29387       0      .9     4.8      0.       0
GRID       29388       0     1.2     4.5      0.       0
GRID       29389       0     1.2     4.6      0.       0
GRID       29390       0     1.2     4.7      0.       0
GRID       29391       0      1.     4.7      0.       0
GRID       29392       0      1.     4.6      0.       0
GRID       29393       0      1.     4.5      0.       0
GRID       29394       0     1.1     4.6      0.       0
GRID       29395       0     1.1     4.5      0.       0
GRID       29396       0     1.1     4.7      0.       0
GRID       29397       0      .9     4.6      0.       0
GRID       29398       0      .9     4.7      0.       0
GRID       29399       0      .9     4.5      0.       0
GRID       29400       0     1.4     4.6      0.       0
GRID       29401       0     1.3     4.6      0.       0
GRID       29402       0     1.4     4.5      0.       0
GRID       29403       0     1.3     4.5      0.       0
GRID       29404       0     1.3     4.7      0.       0
GRID       29405       0     1.4     4.7      0.       0
GRID       29406       0     1.3     4.9      0.       0
GRID       29407       0     1.3      5.      0.       0
GRID       29408       0      .9      5.      0.       0
GRID       29409       0      .9     4.9      0.       0
GRID       29410       0     1.1     4.9      0.       0
GRID       29411       0     1.1      5.      0.       0
GRID       29412       0      1.     4.9      0.       0
GRID       29413       0      1.      5.      0.       0
GRID       29414       0     1.2      5.      0.       0
GRID       29415       0     1.2     4.9      0.       0
GRID       29416       0     1.4      5.      0.       0
GRID       29417       0     1.4     4.9      0.       0
GRID       29418       0     1.6     4.3      0.       0
GRID       29419       0     1.7     4.3      0.       0
GRID       29420       0     1.8     4.3      0.       0
GRID       29421       0     1.9     4.3      0.       0
GRID       29422       0      2.     4.3      0.       0
GRID       29423       0     2.1     4.3      0.       0
GRID       29424       0     2.2     4.3      0.       0
GRID       29425       0     2.2     4.8      0.       0
GRID       29426       0     2.1     4.8      0.       0
GRID       29427       0      2.     4.8      0.       0
GRID       29428       0     1.9     4.8      0.       0
GRID       29429       0     1.8     4.8      0.       0
GRID       29430       0     1.7     4.8      0.       0
GRID       29431       0     1.6     4.8      0.       0
GRID       29432       0      2.     4.4      0.       0
GRID       29433       0      2.     4.5      0.       0
GRID       29434       0      2.     4.6      0.       0
GRID       29435       0      2.     4.7      0.       0
GRID       29436       0     1.7     4.7      0.       0
GRID       29437       0     1.7     4.6      0.       0
GRID       29438       0     1.7     4.5      0.       0
GRID       29439       0     1.7     4.4      0.       0
GRID       29440       0     1.9     4.6      0.       0
GRID       29441       0     1.8     4.6      0.       0
GRID       29442       0     1.8     4.4      0.       0
GRID       29443       0     1.9     4.4      0.       0
GRID       29444       0     1.8     4.5      0.       0
GRID       29445       0     1.9     4.5      0.       0
GRID       29446       0     1.9     4.7      0.       0
GRID       29447       0     1.8     4.7      0.       0
GRID       29448       0     1.6     4.5      0.       0
GRID       29449       0     1.6     4.6      0.       0
GRID       29450       0     1.6     4.7      0.       0
GRID       29451       0     1.6     4.4      0.       0
GRID       29452       0     2.2     4.6      0.       0
GRID       29453       0     2.1     4.6      0.       0
GRID       29454       0     2.1     4.5      0.       0
GRID       29455       0     2.1     4.4      0.       0
GRID       29456       0     2.2     4.5      0.       0
GRID       29457       0     2.2     4.4      0.       0
GRID       29458       0     2.1     4.7      0.       0
GRID       29459       0     2.2     4.7      0.       0
GRID       29460       0      2.     4.9      0.       0
GRID       29461       0      2.      5.      0.       0
GRID       29462       0     1.7      5.      0.       0
GRID       29463       0     1.7     4.9      0.       0
GRID       29464       0     1.9      5.      0.       0
GRID       29465       0     1.8      5.      0.       0
GRID       29466       0     1.9     4.9      0.       0
GRID       29467       0     1.8     4.9      0.       0
GRID       29468       0     1.6      5.      0.       0
GRID       29469       0     1.6     4.9      0.       0
GRID       29470       0     2.1      5.      0.       0
GRID       29471       0     2.1     4.9      0.       0
GRID       29472       0     2.2     4.9      0.       0
GRID       29473       0     2.2      5.      0.       0
GRID       29474       0     1.9     3.7      0.       0
GRID       29475       0     1.9     3.8      0.       0
GRID       29476       0     1.9     3.9      0.       0
GRID       29477       0     1.9      4.      0.       0
GRID       29478       0     1.9     4.1      0.       0
GRID       29479       0     1.9     4.2      0.       0
GRID       29480       0     1.6     3.9      0.       0
GRID       29481       0     1.7     3.9      0.       0
GRID       29482       0     1.8     3.9      0.       0
GRID       29483       0     1.8     4.1      0.       0
GRID       29484       0     1.7     4.1      0.       0
GRID       29485       0     1.6     4.1      0.       0
GRID       29486       0     1.7      4.      0.       0
GRID       29487       0     1.6      4.      0.       0
GRID       29488       0     1.8      4.      0.       0
GRID       29489       0     1.7     4.2      0.       0
GRID       29490       0     1.8     4.2      0.       0
GRID       29491       0     1.6     4.2      0.       0
GRID       29492       0     1.7     3.7      0.       0
GRID       29493       0     1.7     3.8      0.       0
GRID       29494       0     1.6     3.7      0.       0
GRID       29495       0     1.6     3.8      0.       0
GRID       29496       0     1.8     3.7      0.       0
GRID       29497       0     1.8     3.8      0.       0
GRID       29498       0      2.     3.9      0.       0
GRID       29499       0     2.1     3.9      0.       0
GRID       29500       0     2.2     3.9      0.       0
GRID       29501       0     2.1     4.2      0.       0
GRID       29502       0     2.1     4.1      0.       0
GRID       29503       0     2.1      4.      0.       0
GRID       29504       0     2.2     4.1      0.       0
GRID       29505       0     2.2      4.      0.       0
GRID       29506       0     2.2     4.2      0.       0
GRID       29507       0      2.      4.      0.       0
GRID       29508       0      2.     4.2      0.       0
GRID       29509       0      2.     4.1      0.       0
GRID       29510       0      2.     3.8      0.       0
GRID       29511       0      2.     3.7      0.       0
GRID       29512       0     2.1     3.8      0.       0
GRID       29513       0     2.1     3.7      0.       0
GRID       29514       0     2.2     3.7      0.       0
GRID       29515       0     2.2     3.8      0.       0
GRID       29516       0     1.9     5.2      0.       0
GRID       29517       0     1.9     5.3      0.       0
GRID       29518       0     1.9     5.4      0.       0
GRID       29519       0     1.9     5.5      0.       0
GRID       29520       0     1.9     5.6      0.       0
GRID       29521       0     1.9     5.7      0.       0
GRID       29522       0     1.9     5.8      0.       0
GRID       29523       0     1.9     5.9      0.       0
GRID       29524       0      1.     5.2      0.       0
GRID       29525       0      1.     5.3      0.       0
GRID       29526       0      1.     5.4      0.       0
GRID       29527       0      1.     5.5      0.       0
GRID       29528       0      1.     5.6      0.       0
GRID       29529       0      1.     5.7      0.       0
GRID       29530       0      1.     5.8      0.       0
GRID       29531       0      1.     5.9      0.       0
GRID       29532       0      .5     5.9      0.       0
GRID       29533       0      .5     5.8      0.       0
GRID       29534       0      .5     5.7      0.       0
GRID       29535       0      .5     5.6      0.       0
GRID       29536       0      .5     5.5      0.       0
GRID       29537       0      .5     5.4      0.       0
GRID       29538       0      .5     5.3      0.       0
GRID       29539       0      .5     5.2      0.       0
GRID       29540       0      .9     5.6      0.       0
GRID       29541       0      .8     5.6      0.       0
GRID       29542       0      .7     5.6      0.       0
GRID       29543       0      .6     5.6      0.       0
GRID       29544       0      .9     5.4      0.       0
GRID       29545       0      .8     5.4      0.       0
GRID       29546       0      .7     5.4      0.       0
GRID       29547       0      .6     5.4      0.       0
GRID       29548       0      .6     5.3      0.       0
GRID       29549       0      .6     5.2      0.       0
GRID       29550       0      .9     5.2      0.       0
GRID       29551       0      .9     5.3      0.       0
GRID       29552       0      .7     5.2      0.       0
GRID       29553       0      .8     5.2      0.       0
GRID       29554       0      .7     5.3      0.       0
GRID       29555       0      .8     5.3      0.       0
GRID       29556       0      .7     5.5      0.       0
GRID       29557       0      .9     5.5      0.       0
GRID       29558       0      .8     5.5      0.       0
GRID       29559       0      .6     5.5      0.       0
GRID       29560       0      .8     5.7      0.       0
GRID       29561       0      .8     5.8      0.       0
GRID       29562       0      .8     5.9      0.       0
GRID       29563       0      .6     5.7      0.       0
GRID       29564       0      .7     5.7      0.       0
GRID       29565       0      .7     5.9      0.       0
GRID       29566       0      .6     5.9      0.       0
GRID       29567       0      .6     5.8      0.       0
GRID       29568       0      .7     5.8      0.       0
GRID       29569       0      .9     5.8      0.       0
GRID       29570       0      .9     5.7      0.       0
GRID       29571       0      .9     5.9      0.       0
GRID       29572       0      .1     5.5      0.       0
GRID       29573       0      .2     5.5      0.       0
GRID       29574       0      .3     5.5      0.       0
GRID       29575       0      .4     5.5      0.       0
GRID       29576       0      .1     5.7      0.       0
GRID       29577       0      .2     5.7      0.       0
GRID       29578       0      .3     5.7      0.       0
GRID       29579       0      .4     5.7      0.       0
GRID       29580       0      .1     5.9      0.       0
GRID       29581       0      .1     5.8      0.       0
GRID       29582       0      .4     5.8      0.       0
GRID       29583       0      .4     5.9      0.       0
GRID       29584       0      .3     5.9      0.       0
GRID       29585       0      .2     5.9      0.       0
GRID       29586       0      .2     5.8      0.       0
GRID       29587       0      .3     5.8      0.       0
GRID       29588       0      .2     5.6      0.       0
GRID       29589       0      .4     5.6      0.       0
GRID       29590       0      .3     5.6      0.       0
GRID       29591       0      .1     5.6      0.       0
GRID       29592       0      .4     5.2      0.       0
GRID       29593       0      .4     5.3      0.       0
GRID       29594       0      .4     5.4      0.       0
GRID       29595       0      .1     5.3      0.       0
GRID       29596       0      .2     5.3      0.       0
GRID       29597       0      .3     5.3      0.       0
GRID       29598       0      .1     5.4      0.       0
GRID       29599       0      .3     5.4      0.       0
GRID       29600       0      .2     5.4      0.       0
GRID       29601       0      .1     5.2      0.       0
GRID       29602       0      .3     5.2      0.       0
GRID       29603       0      .2     5.2      0.       0
GRID       29604       0     1.8     5.6      0.       0
GRID       29605       0     1.7     5.6      0.       0
GRID       29606       0     1.6     5.6      0.       0
GRID       29607       0     1.5     5.6      0.       0
GRID       29608       0     1.4     5.6      0.       0
GRID       29609       0     1.3     5.6      0.       0
GRID       29610       0     1.2     5.6      0.       0
GRID       29611       0     1.1     5.6      0.       0
GRID       29612       0     1.6     5.2      0.       0
GRID       29613       0     1.6     5.3      0.       0
GRID       29614       0     1.6     5.4      0.       0
GRID       29615       0     1.6     5.5      0.       0
GRID       29616       0     1.3     5.5      0.       0
GRID       29617       0     1.3     5.4      0.       0
GRID       29618       0     1.3     5.3      0.       0
GRID       29619       0     1.3     5.2      0.       0
GRID       29620       0     1.5     5.4      0.       0
GRID       29621       0     1.4     5.4      0.       0
GRID       29622       0     1.4     5.2      0.       0
GRID       29623       0     1.5     5.2      0.       0
GRID       29624       0     1.4     5.3      0.       0
GRID       29625       0     1.5     5.3      0.       0
GRID       29626       0     1.4     5.5      0.       0
GRID       29627       0     1.5     5.5      0.       0
GRID       29628       0     1.1     5.3      0.       0
GRID       29629       0     1.2     5.3      0.       0
GRID       29630       0     1.2     5.4      0.       0
GRID       29631       0     1.2     5.5      0.       0
GRID       29632       0     1.1     5.4      0.       0
GRID       29633       0     1.1     5.5      0.       0
GRID       29634       0     1.1     5.2      0.       0
GRID       29635       0     1.2     5.2      0.       0
GRID       29636       0     1.8     5.4      0.       0
GRID       29637       0     1.7     5.4      0.       0
GRID       29638       0     1.7     5.2      0.       0
GRID       29639       0     1.8     5.2      0.       0
GRID       29640       0     1.7     5.3      0.       0
GRID       29641       0     1.8     5.3      0.       0
GRID       29642       0     1.7     5.5      0.       0
GRID       29643       0     1.8     5.5      0.       0
GRID       29644       0     1.4     5.9      0.       0
GRID       29645       0     1.4     5.8      0.       0
GRID       29646       0     1.4     5.7      0.       0
GRID       29647       0     1.8     5.7      0.       0
GRID       29648       0     1.8     5.8      0.       0
GRID       29649       0     1.8     5.9      0.       0
GRID       29650       0     1.5     5.7      0.       0
GRID       29651       0     1.6     5.7      0.       0
GRID       29652       0     1.7     5.7      0.       0
GRID       29653       0     1.5     5.9      0.       0
GRID       29654       0     1.5     5.8      0.       0
GRID       29655       0     1.7     5.8      0.       0
GRID       29656       0     1.7     5.9      0.       0
GRID       29657       0     1.6     5.8      0.       0
GRID       29658       0     1.6     5.9      0.       0
GRID       29659       0     1.1     5.7      0.       0
GRID       29660       0     1.2     5.7      0.       0
GRID       29661       0     1.3     5.7      0.       0
GRID       29662       0     1.2     5.9      0.       0
GRID       29663       0     1.2     5.8      0.       0
GRID       29664       0     1.3     5.9      0.       0
GRID       29665       0     1.3     5.8      0.       0
GRID       29666       0     1.1     5.9      0.       0
GRID       29667       0     1.1     5.8      0.       0
GRID       29668       0      2.     5.5      0.       0
GRID       29669       0     2.1     5.5      0.       0
GRID       29670       0     2.2     5.5      0.       0
GRID       29671       0     2.2     5.8      0.       0
GRID       29672       0     2.1     5.8      0.       0
GRID       29673       0      2.     5.8      0.       0
GRID       29674       0     2.1     5.6      0.       0
GRID       29675       0     2.1     5.7      0.       0
GRID       29676       0      2.     5.7      0.       0
GRID       29677       0      2.     5.6      0.       0
GRID       29678       0     2.2     5.7      0.       0
GRID       29679       0     2.2     5.6      0.       0
GRID       29680       0      2.     5.9      0.       0
GRID       29681       0     2.2     5.9      0.       0
GRID       29682       0     2.1     5.9      0.       0
GRID       29683       0      2.     5.2      0.       0
GRID       29684       0     2.1     5.2      0.       0
GRID       29685       0     2.2     5.2      0.       0
GRID       29686       0      2.     5.4      0.       0
GRID       29687       0      2.     5.3      0.       0
GRID       29688       0     2.1     5.3      0.       0
GRID       29689       0     2.2     5.3      0.       0
GRID       29690       0     2.1     5.4      0.       0
GRID       29691       0     2.2     5.4      0.       0
GRID       29692       0     2.9     5.4      0.       0
GRID       29693       0     2.8     5.4      0.       0
GRID       29694       0     2.7     5.4      0.       0
GRID       29695       0     2.6     5.4      0.       0
GRID       29696       0     2.5     5.4      0.       0
GRID       29697       0     2.4     5.4      0.       0
GRID       29698       0     2.4     4.2      0.       0
GRID       29699       0     2.5     4.2      0.       0
GRID       29700       0     2.6     4.2      0.       0
GRID       29701       0     2.7     4.2      0.       0
GRID       29702       0     2.8     4.2      0.       0
GRID       29703       0     2.9     4.2      0.       0
GRID       29704       0     2.4     4.7      0.       0
GRID       29705       0     2.5     4.7      0.       0
GRID       29706       0     2.6     4.7      0.       0
GRID       29707       0     2.7     4.7      0.       0
GRID       29708       0     2.8     4.7      0.       0
GRID       29709       0     2.9     4.7      0.       0
GRID       29710       0     2.7     4.8      0.       0
GRID       29711       0     2.7     4.9      0.       0
GRID       29712       0     2.7      5.      0.       0
GRID       29713       0     2.7     5.1      0.       0
GRID       29714       0     2.7     5.2      0.       0
GRID       29715       0     2.7     5.3      0.       0
GRID       29716       0     2.6     5.1      0.       0
GRID       29717       0     2.5     5.1      0.       0
GRID       29718       0     2.4     5.1      0.       0
GRID       29719       0     2.5     4.8      0.       0
GRID       29720       0     2.5     4.9      0.       0
GRID       29721       0     2.5      5.      0.       0
GRID       29722       0     2.4     4.8      0.       0
GRID       29723       0     2.4     4.9      0.       0
GRID       29724       0     2.4      5.      0.       0
GRID       29725       0     2.6      5.      0.       0
GRID       29726       0     2.6     4.9      0.       0
GRID       29727       0     2.6     4.8      0.       0
GRID       29728       0     2.5     5.3      0.       0
GRID       29729       0     2.5     5.2      0.       0
GRID       29730       0     2.6     5.3      0.       0
GRID       29731       0     2.6     5.2      0.       0
GRID       29732       0     2.4     5.2      0.       0
GRID       29733       0     2.4     5.3      0.       0
GRID       29734       0     2.8      5.      0.       0
GRID       29735       0     2.9      5.      0.       0
GRID       29736       0     2.9     5.2      0.       0
GRID       29737       0     2.8     5.2      0.       0
GRID       29738       0     2.8     5.1      0.       0
GRID       29739       0     2.9     5.1      0.       0
GRID       29740       0     2.8     5.3      0.       0
GRID       29741       0     2.9     5.3      0.       0
GRID       29742       0     2.8     4.8      0.       0
GRID       29743       0     2.9     4.8      0.       0
GRID       29744       0     2.8     4.9      0.       0
GRID       29745       0     2.9     4.9      0.       0
GRID       29746       0     2.6     4.6      0.       0
GRID       29747       0     2.6     4.5      0.       0
GRID       29748       0     2.6     4.4      0.       0
GRID       29749       0     2.6     4.3      0.       0
GRID       29750       0     2.7     4.3      0.       0
GRID       29751       0     2.8     4.3      0.       0
GRID       29752       0     2.9     4.3      0.       0
GRID       29753       0     2.9     4.5      0.       0
GRID       29754       0     2.8     4.5      0.       0
GRID       29755       0     2.7     4.5      0.       0
GRID       29756       0     2.9     4.4      0.       0
GRID       29757       0     2.7     4.4      0.       0
GRID       29758       0     2.8     4.4      0.       0
GRID       29759       0     2.8     4.6      0.       0
GRID       29760       0     2.9     4.6      0.       0
GRID       29761       0     2.7     4.6      0.       0
GRID       29762       0     2.5     4.6      0.       0
GRID       29763       0     2.4     4.6      0.       0
GRID       29764       0     2.4     4.3      0.       0
GRID       29765       0     2.5     4.3      0.       0
GRID       29766       0     2.4     4.5      0.       0
GRID       29767       0     2.4     4.4      0.       0
GRID       29768       0     2.5     4.5      0.       0
GRID       29769       0     2.5     4.4      0.       0
GRID       29770       02.702155 3.69178      0.       0
GRID       29771       02.7003473.798683      0.       0
GRID       29772       0     2.7     3.9      0.       0
GRID       29773       0     2.7      4.      0.       0
GRID       29774       0     2.7     4.1      0.       0
GRID       29775       0     2.4     3.8      0.       0
GRID       29776       02.5001333.799557      0.       0
GRID       29777       02.6002483.799118      0.       0
GRID       29778       0     2.6      4.      0.       0
GRID       29779       0     2.5      4.      0.       0
GRID       29780       0     2.4      4.      0.       0
GRID       29781       0     2.5     3.9      0.       0
GRID       29782       0     2.4     3.9      0.       0
GRID       29783       0     2.6     3.9      0.       0
GRID       29784       0     2.5     4.1      0.       0
GRID       29785       0     2.6     4.1      0.       0
GRID       29786       0     2.4     4.1      0.       0
GRID       29787       02.400398 3.69867      0.       0
GRID       29788       02.6008943.694234      0.       0
GRID       29789       02.5004793.697109      0.       0
GRID       29790       0     2.9     3.9      0.       0
GRID       29791       0     2.8     3.9      0.       0
GRID       29792       02.8013123.694688      0.       0
GRID       29793       02.900424 3.69821      0.       0
GRID       29794       02.8001353.799405      0.       0
GRID       29795       02.900038 3.79985      0.       0
GRID       29796       0     2.9     4.1      0.       0
GRID       29797       0     2.8     4.1      0.       0
GRID       29798       0     2.9      4.      0.       0
GRID       29799       0     2.8      4.      0.       0
GRID       29800       0     2.4     5.9      0.       0
GRID       29801       0     2.4     5.8      0.       0
GRID       29802       0     2.4     5.7      0.       0
GRID       29803       0     2.4     5.6      0.       0
GRID       29804       0     2.4     5.5      0.       0
GRID       29805       0     2.5     5.5      0.       0
GRID       29806       0     2.6     5.5      0.       0
GRID       29807       0     2.7     5.5      0.       0
GRID       29808       0     2.8     5.5      0.       0
GRID       29809       0     2.9     5.5      0.       0
GRID       29810       0     2.8     5.6      0.       0
GRID       29811       0     2.8     5.7      0.       0
GRID       29812       0     2.8     5.8      0.       0
GRID       29813       0     2.8     5.9      0.       0
GRID       29814       0     2.5     5.7      0.       0
GRID       29815       0     2.6     5.7      0.       0
GRID       29816       0     2.7     5.7      0.       0
GRID       29817       0     2.7     5.8      0.       0
GRID       29818       0     2.7     5.9      0.       0
GRID       29819       0     2.5     5.8      0.       0
GRID       29820       0     2.6     5.8      0.       0
GRID       29821       0     2.5     5.9      0.       0
GRID       29822       0     2.6     5.9      0.       0
GRID       29823       0     2.6     5.6      0.       0
GRID       29824       0     2.5     5.6      0.       0
GRID       29825       0     2.7     5.6      0.       0
GRID       29826       0     2.9     5.8      0.       0
GRID       29827       0     2.9     5.6      0.       0
GRID       29828       0     2.9     5.7      0.       0
GRID       29829       0     2.9     5.9      0.       0
GRID       29830       0      .7     3.5      0.       0
GRID       29831       0      .7     3.4      0.       0
GRID       29832       0      .7     3.3      0.       0
GRID       29833       0      .7     3.2      0.       0
GRID       29834       0      .7     3.1      0.       0
GRID       29835       0     1.7     3.5      0.       0
GRID       29836       0     1.7     3.4      0.       0
GRID       29837       0     1.7     3.3      0.       0
GRID       29838       0     1.7     3.2      0.       0
GRID       29839       0     1.7     3.1      0.       0
GRID       29840       0      2.     3.5      0.       0
GRID       29841       0      2.     3.4      0.       0
GRID       29842       0      2.     3.3      0.       0
GRID       29843       0      2.     3.2      0.       0
GRID       29844       0      2.     3.1      0.       0
GRID       29845       0     2.1     3.5      0.       0
GRID       29846       0     2.1     3.4      0.       0
GRID       29847       0     2.1     3.3      0.       0
GRID       29848       0     2.1     3.2      0.       0
GRID       29849       0     2.1     3.1      0.       0
GRID       29850       02.4007213.494805      0.       0
GRID       29851       02.4090343.393613      0.       0
GRID       29852       0 2.428193.293904      0.       0
GRID       29853       02.4180843.195887      0.       0
GRID       29854       02.4066523.099018      0.       0
GRID       29855       0 2.503123.484611      0.       0
GRID       29856       02.5996953.472862      0.       0
GRID       29857       02.5162453.391918      0.       0
GRID       29858       0 2.586383.401838      0.       0
GRID       29859       02.2005953.199865      0.       0
GRID       29860       02.3058233.199881      0.       0
GRID       29861       02.3031553.399344      0.       0
GRID       29862       02.1997343.399756      0.       0
GRID       29863       02.201572 3.30025      0.       0
GRID       29864       02.3071083.298096      0.       0
GRID       29865       0 2.299453.498385      0.       0
GRID       29866       02.2001333.499557      0.       0
GRID       29867       0 2.301793.099576      0.       0
GRID       29868       0 2.200153.099962      0.       0
GRID       29869       0     1.8     3.2      0.       0
GRID       29870       0     1.9     3.2      0.       0
GRID       29871       0     1.9     3.4      0.       0
GRID       29872       0     1.8     3.4      0.       0
GRID       29873       0     1.9     3.3      0.       0
GRID       29874       0     1.8     3.3      0.       0
GRID       29875       0     1.8     3.5      0.       0
GRID       29876       0     1.9     3.5      0.       0
GRID       29877       0     1.8     3.1      0.       0
GRID       29878       0     1.9     3.1      0.       0
GRID       29879       0     1.3     3.1      0.       0
GRID       29880       0     1.3     3.2      0.       0
GRID       29881       0     1.3     3.3      0.       0
GRID       29882       0     1.3     3.4      0.       0
GRID       29883       0     1.3     3.5      0.       0
GRID       29884       0     1.2     3.5      0.       0
GRID       29885       0     1.1     3.5      0.       0
GRID       29886       0      1.     3.5      0.       0
GRID       29887       0      .9     3.5      0.       0
GRID       29888       0      .8     3.5      0.       0
GRID       29889       0      1.     3.1      0.       0
GRID       29890       0      1.     3.2      0.       0
GRID       29891       0      1.     3.3      0.       0
GRID       29892       0      1.     3.4      0.       0
GRID       29893       0      .8     3.2      0.       0
GRID       29894       0      .9     3.2      0.       0
GRID       29895       0      .9     3.3      0.       0
GRID       29896       0      .9     3.4      0.       0
GRID       29897       0      .8     3.4      0.       0
GRID       29898       0      .8     3.3      0.       0
GRID       29899       0      .8     3.1      0.       0
GRID       29900       0      .9     3.1      0.       0
GRID       29901       0     1.1     3.1      0.       0
GRID       29902       0     1.2     3.1      0.       0
GRID       29903       0     1.2     3.4      0.       0
GRID       29904       0     1.1     3.4      0.       0
GRID       29905       0     1.2     3.2      0.       0
GRID       29906       0     1.2     3.3      0.       0
GRID       29907       0     1.1     3.2      0.       0
GRID       29908       0     1.1     3.3      0.       0
GRID       29909       0     1.6     3.3      0.       0
GRID       29910       0     1.5     3.3      0.       0
GRID       29911       0     1.4     3.3      0.       0
GRID       29912       0     1.5     3.1      0.       0
GRID       29913       0     1.5     3.2      0.       0
GRID       29914       0     1.4     3.1      0.       0
GRID       29915       0     1.4     3.2      0.       0
GRID       29916       0     1.6     3.2      0.       0
GRID       29917       0     1.6     3.1      0.       0
GRID       29918       0     1.5     3.5      0.       0
GRID       29919       0     1.5     3.4      0.       0
GRID       29920       0     1.6     3.5      0.       0
GRID       29921       0     1.6     3.4      0.       0
GRID       29922       0     1.4     3.5      0.       0
GRID       29923       0     1.4     3.4      0.       0
GRID       29924       0      .1     3.5      0.       0
GRID       29925       0      .1     3.4      0.       0
GRID       29926       0      .1     3.3      0.       0
GRID       29927       0      .1     3.2      0.       0
GRID       29928       0      .1     3.1      0.       0
GRID       29929       0      .2     3.1      0.       0
GRID       29930       0      .3     3.1      0.       0
GRID       29931       0      .4     3.1      0.       0
GRID       29932       0      .5     3.1      0.       0
GRID       29933       0      .6     3.1      0.       0
GRID       29934       0      .2     3.5      0.       0
GRID       29935       0      .2     3.4      0.       0
GRID       29936       0      .2     3.3      0.       0
GRID       29937       0      .2     3.2      0.       0
GRID       29938       0      .6     3.4      0.       0
GRID       29939       0      .5     3.4      0.       0
GRID       29940       0      .4     3.4      0.       0
GRID       29941       0      .3     3.4      0.       0
GRID       29942       0      .3     3.3      0.       0
GRID       29943       0      .3     3.2      0.       0
GRID       29944       0      .4     3.3      0.       0
GRID       29945       0      .4     3.2      0.       0
GRID       29946       0      .6     3.2      0.       0
GRID       29947       0      .6     3.3      0.       0
GRID       29948       0      .5     3.2      0.       0
GRID       29949       0      .5     3.3      0.       0
GRID       29950       0      .5     3.5      0.       0
GRID       29951       0      .3     3.5      0.       0
GRID       29952       0      .4     3.5      0.       0
GRID       29953       0      .6     3.5      0.       0
CQUAD8     20534       1       1   22415   22437     164   22467   22468+       
+          22469     197                                                
CQUAD8     20535       1   22415   22416   22438   22437   22470   22471+       
+          22472   22468                                                
CQUAD8     20536       1   22416   22417   22439   22438   22473   22474+       
+          22475   22471                                                
CQUAD8     20537       1   22417   22418   22440   22439   22476   22477+       
+          22478   22474                                                
CQUAD8     20538       1   22418   22419   22441   22440   22479   22480+       
+          22481   22477                                                
CQUAD8     20539       1   22419   22420   22442   22441   22482   22483+       
+          22484   22480                                                
CQUAD8     20540       1   22420   22421   22443   22442   22485   22486+       
+          22487   22483                                                
CQUAD8     20541       1   22421       9   22444   22443   22488   22489+       
+          22490   22486                                                
CQUAD8     20542       1       9   19604   22445   22444   22491   22492+       
+          22493   22489                                                
CQUAD8     20543       1   19604   19605   22446   22445   22494   22495+       
+          22496   22492                                                
CQUAD8     20544       1   19605   19606   22447   22446   22497   22498+       
+          22499   22495                                                
CQUAD8     20545       1   19606   19607   22448   22447   22500   22501+       
+          22502   22498                                                
CQUAD8     20546       1   19607   19608   22449   22448   22503   22504+       
+          22505   22501                                                
CQUAD8     20547       1   19608   19609   22450   22449   22506   22507+       
+          22508   22504                                                
CQUAD8     20548       1   19609   19610   22451   22450   22509   22510+       
+          22511   22507                                                
CQUAD8     20549       1   19610      17     161   22451   22512     226+       
+          22513   22510                                                
CQUAD8     20550       1     164   22437   22452     163   22469   22514+       
+          22515      38                                                
CQUAD8     20551       1   22437   22438   22453   22452   22472   22516+       
+          22517   22514                                                
CQUAD8     20552       1   22438   22439   22454   22453   22475   22518+       
+          22519   22516                                                
CQUAD8     20553       1   22439   22440   22455   22454   22478   22520+       
+          22521   22518                                                
CQUAD8     20554       1   22440   22441   22456   22455   22481   22522+       
+          22523   22520                                                
CQUAD8     20555       1   22441   22442   22457   22456   22484   22524+       
+          22525   22522                                                
CQUAD8     20556       1   22442   22443   22458   22457   22487   22526+       
+          22527   22524                                                
CQUAD8     20557       1   22443   22444   22459   22458   22490   22528+       
+          22529   22526                                                
CQUAD8     20558       1   22444   22445   22460   22459   22493   22530+       
+          22531   22528                                                
CQUAD8     20559       1   22445   22446   22461   22460   22496   22532+       
+          22533   22530                                                
CQUAD8     20560       1   22446   22447   22462   22461   22499   22534+       
+          22535   22532                                                
CQUAD8     20561       1   22447   22448   22463   22462   22502   22536+       
+          22537   22534                                                
CQUAD8     20562       1   22448   22449   22464   22463   22505   22538+       
+          22539   22536                                                
CQUAD8     20563       1   22449   22450   22465   22464   22508   22540+       
+          22541   22538                                                
CQUAD8     20564       1   22450   22451   22466   22465   22511   22542+       
+          22543   22540                                                
CQUAD8     20565       1   22451     161     162   22466   22513      82+       
+          22544   22542                                                
CQUAD8     20566       1     163   22452   22436      34   22515   22545+       
+          22546     260                                                
CQUAD8     20567       1   22452   22453   22435   22436   22517   22547+       
+          22548   22545                                                
CQUAD8     20568       1   22453   22454   22434   22435   22519   22549+       
+          22550   22547                                                
CQUAD8     20569       1   22454   22455   22433   22434   22521   22551+       
+          22552   22549                                                
CQUAD8     20570       1   22455   22456   22432   22433   22523   22553+       
+          22554   22551                                                
CQUAD8     20571       1   22456   22457   22431   22432   22525   22555+       
+          22556   22553                                                
CQUAD8     20572       1   22457   22458   22430   22431   22527   22557+       
+          22558   22555                                                
CQUAD8     20573       1   22458   22459   22429   22430   22529   22559+       
+          22560   22557                                                
CQUAD8     20574       1   22459   22460   22428   22429   22531   22561+       
+          22562   22559                                                
CQUAD8     20575       1   22460   22461   22427   22428   22533   22563+       
+          22564   22561                                                
CQUAD8     20576       1   22461   22462   22426   22427   22535   22565+       
+          22566   22563                                                
CQUAD8     20577       1   22462   22463   22425   22426   22537   22567+       
+          22568   22565                                                
CQUAD8     20578       1   22463   22464   22424   22425   22539   22569+       
+          22570   22567                                                
CQUAD8     20579       1   22464   22465   22423   22424   22541   22571+       
+          22572   22569                                                
CQUAD8     20580       1   22465   22466   22422   22423   22543   22573+       
+          22574   22571                                                
CQUAD8     20581       1   22466     162      18   22422   22544     275+       
+          22575   22573                                                
CQUAD4     24146       1   26466   26468   26467   26465                
CQUAD4     24147       1   26397   26467   26468   26396                
CQUAD4     24148       1   26396   26468   26464   26395                
CQUAD4     24149       1   26463   26464   26468   26466                
CQUAD4     24150       1   26465   26467   26452   26453                
CQUAD4     24151       1   26398   26452   26467   26397                
CQUAD4     24152       1   26454   26460   26465   26453                
CQUAD4     24153       1   26466   26465   26460   26461                
CQUAD4     24154       1   26463   26466   26461   26462                
CQUAD4     24155       1   26457   26458   26463   26462                
CQUAD4     24156       1   26464   26463   26458   26459                
CQUAD4     24157       1   26395   26464   26459   26394                
CQUAD4     24158       1   26460   26470   26469   26461                
CQUAD4     24159       1   26448   26469   26470   26447                
CQUAD4     24160       1   26447   26470   26455   26446                
CQUAD4     24161       1   26454   26455   26470   26460                
CQUAD4     24162       1   26456   26471   26449   26450                
CQUAD4     24163       1   26448   26449   26471   26469                
CQUAD4     24164       1   26469   26471   26462   26461                
CQUAD4     24165       1   26457   26462   26471   26456                
CQUAD4     24166       1   26442   26474   26473   26441                
CQUAD4     24167       1   26456   26473   26474   26457                
CQUAD4     24168       1   26457   26474   26472   26458                
CQUAD4     24169       1   26443   26472   26474   26442                
CQUAD4     24170       1   26441   26473   26451   26440                
CQUAD4     24171       1   26450   26451   26473   26456                
CQUAD4     24172       1   26444   26475   26472   26443                
CQUAD4     24173       1   26458   26472   26475   26459                
CQUAD4     24174       1   26459   26475   26393   26394                
CQUAD4     24175       1   26392   26393   26475   26444                
CQUAD4     24176       1   26399   26478   26452   26398                
CQUAD4     24177       1   26453   26452   26478   26477                
CQUAD4     24178       1   26477   26478    5561    5562                
CQUAD4     24179       1    3116    5561   26478   26399                
CQUAD4     24180       1   26453   26477   26476   26454                
CQUAD4     24181       1    5563   26476   26477    5562                
CQUAD4     24182       1   26445   26479    5564    3115                
CQUAD4     24183       1    5563    5564   26479   26476                
CQUAD4     24184       1   26476   26479   26455   26454                
CQUAD4     24185       1   26446   26455   26479   26445                
CQUAD4     24186       1   26480   26489   26448   26447                
CQUAD4     24187       1   26449   26448   26489   26488                
CQUAD4     24188       1   26488   26489   26486   26487                
CQUAD4     24189       1   26481   26486   26489   26480                
CQUAD4     24190       1   26449   26488   26485   26450                
CQUAD4     24191       1   26484   26485   26488   26487                
CQUAD4     24192       1   26483   26491   26420   26421                
CQUAD4     24193       1   26419   26420   26491   26490                
CQUAD4     24194       1   26490   26491   26487   26486                
CQUAD4     24195       1   26484   26487   26491   26483                
CQUAD4     24196       1   26419   26490   26482   26418                
CQUAD4     24197       1   26481   26482   26490   26486                
CQUAD4     24198       1   26483   26493   26492   26484                
CQUAD4     24199       1   26438   26492   26493   26437                
CQUAD4     24200       1   26437   26493   26422   26423                
CQUAD4     24201       1   26421   26422   26493   26483                
CQUAD4     24202       1   26451   26494   26439   26440                
CQUAD4     24203       1   26438   26439   26494   26492                
CQUAD4     24204       1   26492   26494   26485   26484                
CQUAD4     24205       1   26450   26485   26494   26451                
CQUAD4     24206       1   26496   26498   26497   26495                
CQUAD4     24207       1   26445   26497   26498   26446                
CQUAD4     24208       1   26446   26498   26480   26447                
CQUAD4     24209       1   26481   26480   26498   26496                
CQUAD4     24210       1   26495   26497    5565    5566                
CQUAD4     24211       1    3115    5565   26497   26445                
CQUAD4     24212       1    5567   26500   26495    5566                
CQUAD4     24213       1   26496   26495   26500   26499                
CQUAD4     24214       1   26499   26500   26416   26417                
CQUAD4     24215       1    5568   26416   26500    5567                
CQUAD4     24216       1   26496   26499   26482   26481                
CQUAD4     24217       1   26418   26482   26499   26417                
CQUAD4     24218       1   26441   26508   26504   26442                
CQUAD4     24219       1   26503   26504   26508   26507                
CQUAD4     24220       1   26507   26508   26505   26506                
CQUAD4     24221       1   26440   26505   26508   26441                
CQUAD4     24222       1   26503   26507   26433   26434                
CQUAD4     24223       1   26432   26433   26507   26506                
CQUAD4     24224       1   26431   26510   26502   26430                
CQUAD4     24225       1   26501   26502   26510   26509                
CQUAD4     24226       1   26509   26510   26506   26505                
CQUAD4     24227       1   26432   26506   26510   26431                
CQUAD4     24228       1   26501   26509   26439   26438                
CQUAD4     24229       1   26440   26439   26509   26505                
CQUAD4     24230       1   26503   26514   26512   26504                
CQUAD4     24231       1   26511   26512   26514   26513                
CQUAD4     24232       1   26513   26514   26435   26436                
CQUAD4     24233       1   26434   26435   26514   26503                
CQUAD4     24234       1   26511   26513   26390   26391                
CQUAD4     24235       1   26389   26390   26513   26436                
CQUAD4     24236       1   26392   26444   26511   26391                
CQUAD4     24237       1   26512   26511   26444   26443                
CQUAD4     24238       1   26504   26512   26443   26442                
CQUAD4     24239       1   26501   26516   26515   26502                
CQUAD4     24240       1   26425   26515   26516   26424                
CQUAD4     24241       1   26424   26516   26437   26423                
CQUAD4     24242       1   26438   26437   26516   26501                
CQUAD4     24243       1   26502   26515   26429   26430                
CQUAD4     24244       1   26426   26429   26515   26425                
CQUAD4     24245       1   26520   26524   26522   26519                
CQUAD4     24246       1   26521   26522   26524   26523                
CQUAD4     24247       1   26523   26524   26430   26429                
CQUAD4     24248       1   26431   26430   26524   26520                
CQUAD4     24249       1   26521   26523   26427   26428                
CQUAD4     24250       1   26426   26427   26523   26429                
CQUAD4     24251       1   26519   26522   26409   26410                
CQUAD4     24252       1   26408   26409   26522   26521                
CQUAD4     24253       1   26407   26408   26521   26428                
CQUAD4     24254       1   26519   26526   26525   26520                
CQUAD4     24255       1   26518   26525   26526   26517                
CQUAD4     24256       1   26517   26526   26411   26412                
CQUAD4     24257       1   26410   26411   26526   26519                
CQUAD4     24258       1   26520   26525   26432   26431                
CQUAD4     24259       1   26433   26432   26525   26518                
CQUAD4     24260       1   26413   26530   26517   26412                
CQUAD4     24261       1   26518   26517   26530   26529                
CQUAD4     24262       1   26529   26530   26527   26528                
CQUAD4     24263       1   26414   26527   26530   26413                
CQUAD4     24264       1   26518   26529   26434   26433                
CQUAD4     24265       1   26435   26434   26529   26528                
CQUAD4     24266       1   26527   26532   26531   26528                
CQUAD4     24267       1   26388   26531   26532   26387                
CQUAD4     24268       1   26387   26532   26415   26386                
CQUAD4     24269       1   26414   26415   26532   26527                
CQUAD4     24270       1   26528   26531   26436   26435                
CQUAD4     24271       1   26389   26436   26531   26388                
CQUAD4     24272       1   26555   26557   26556   26554                
CQUAD4     24273       1   26550   26556   26557   26549                
CQUAD4     24274       1   26549   26557   26553   26548                
CQUAD4     24275       1   26552   26553   26557   26555                
CQUAD4     24276       1   26554   26556   26544   26545                
CQUAD4     24277       1   26543   26544   26556   26550                
CQUAD4     24278       1   26423   26559   26558   26424                
CQUAD4     24279       1   26554   26558   26559   26555                
CQUAD4     24280       1   26555   26559   26551   26552                
CQUAD4     24281       1   26422   26551   26559   26423                
CQUAD4     24282       1   26424   26558   26546   26425                
CQUAD4     24283       1   26545   26546   26558   26554                
CQUAD4     24284       1   26551   26561   26560   26552                
CQUAD4     24285       1   26534   26560   26561   26533                
CQUAD4     24286       1   26533   26561   26421   26420                
CQUAD4     24287       1   26422   26421   26561   26551                
CQUAD4     24288       1   26547   26562   26535   26536                
CQUAD4     24289       1   26534   26535   26562   26560                
CQUAD4     24290       1   26560   26562   26553   26552                
CQUAD4     24291       1   26548   26553   26562   26547                
CQUAD4     24292       1   26564   26571   26570   26563                
CQUAD4     24293       1   26569   26570   26571   26568                
CQUAD4     24294       1   26568   26571   26566   26567                
CQUAD4     24295       1   26565   26566   26571   26564                
CQUAD4     24296       1   26563   26570   26335   26336                
CQUAD4     24297       1   26334   26335   26570   26569                
CQUAD4     24298       1   26334   26569   26539   26333                
CQUAD4     24299       1   26538   26539   26569   26568                
CQUAD4     24300       1   26537   26538   26568   26567                
CQUAD4     24301       1   26549   26548   26566   26565                
CQUAD4     24302       1   26567   26566   26548   26547                
CQUAD4     24303       1   26537   26567   26547   26536                
CQUAD4     24304       1   26541   26574   26573   26540                
CQUAD4     24305       1   26563   26573   26574   26564                
CQUAD4     24306       1   26564   26574   26572   26565                
CQUAD4     24307       1   26542   26572   26574   26541                
CQUAD4     24308       1   26540   26573   26337   26338                
CQUAD4     24309       1   26336   26337   26573   26563                
CQUAD4     24310       1   26565   26572   26550   26549                
CQUAD4     24311       1   26543   26550   26572   26542                
CQUAD4     24312       1   26580   26582   26581   26579                
CQUAD4     24313       1   26576   26581   26582   26575                
CQUAD4     24314       1   26575   26582   26402   26403                
CQUAD4     24315       1   26401   26402   26582   26580                
CQUAD4     24316       1   26577   26583   26581   26576                
CQUAD4     24317       1   26579   26581   26583   26578                
CQUAD4     24318       1   26578   26583   26542   26541                
CQUAD4     24319       1   26543   26542   26583   26577                
CQUAD4     24320       1   26340   26586   26585   26339                
CQUAD4     24321       1   26578   26585   26586   26579                
CQUAD4     24322       1   26579   26586   26584   26580                
CQUAD4     24323       1   26341   26584   26586   26340                
CQUAD4     24324       1   26339   26585   26540   26338                
CQUAD4     24325       1   26541   26540   26585   26578                
CQUAD4     24326       1   26580   26584   26400   26401                
CQUAD4     24327       1   26342   26400   26584   26341                
CQUAD4     24328       1   26589   26591   26590   26588                
CQUAD4     24329       1   26576   26590   26591   26577                
CQUAD4     24330       1   26577   26591   26544   26543                
CQUAD4     24331       1   26545   26544   26591   26589                
CQUAD4     24332       1   26575   26592   26590   26576                
CQUAD4     24333       1   26588   26590   26592   26587                
CQUAD4     24334       1   26587   26592   26404   26405                
CQUAD4     24335       1   26403   26404   26592   26575                
CQUAD4     24336       1   26587   26594   26593   26588                
CQUAD4     24337       1   26427   26593   26594   26428                
CQUAD4     24338       1   26428   26594   26406   26407                
CQUAD4     24339       1   26405   26406   26594   26587                
CQUAD4     24340       1   26426   26595   26593   26427                
CQUAD4     24341       1   26588   26593   26595   26589                
CQUAD4     24342       1   26589   26595   26546   26545                
CQUAD4     24343       1   26425   26546   26595   26426                
CQUAD4     24344       1   26602   26606   26604   26601                
CQUAD4     24345       1   26603   26604   26606   26605                
CQUAD4     24346       1   26605   26606   26417   26416                
CQUAD4     24347       1   26418   26417   26606   26602                
CQUAD4     24348       1   26603   26605    3114    5569                
CQUAD4     24349       1    5568    3114   26605   26416                
CQUAD4     24350       1    5570   26608   26603    5569                
CQUAD4     24351       1   26604   26603   26608   26607                
CQUAD4     24352       1   26607   26608   26596   26597                
CQUAD4     24353       1    5571   26596   26608    5570                
CQUAD4     24354       1   26604   26607   26600   26601                
CQUAD4     24355       1   26598   26600   26607   26597                
CQUAD4     24356       1   26599   26610   26600   26598                
CQUAD4     24357       1   26601   26600   26610   26609                
CQUAD4     24358       1   26609   26610   26535   26534                
CQUAD4     24359       1   26536   26535   26610   26599                
CQUAD4     24360       1   26533   26611   26609   26534                
CQUAD4     24361       1   26601   26609   26611   26602                
CQUAD4     24362       1   26602   26611   26419   26418                
CQUAD4     24363       1   26420   26419   26611   26533                
CQUAD4     24364       1   26614   26618   26616   26613                
CQUAD4     24365       1   26615   26616   26618   26617                
CQUAD4     24366       1   26617   26618   26597   26596                
CQUAD4     24367       1   26598   26597   26618   26614                
CQUAD4     24368       1   26615   26617    5572   10274                
CQUAD4     24369       1    5571    5572   26617   26596                
CQUAD4     24370       1   26615   26620   26619   26616                
CQUAD4     24371       1   26330   26619   26620   26329                
CQUAD4     24372       1   26329   26620    5574    5575                
CQUAD4     24373       1   10274    5574   26620   26615                
CQUAD4     24374       1   26616   26619   26612   26613                
CQUAD4     24375       1   26331   26612   26619   26330                
CQUAD4     24376       1   26332   26622   26612   26331                
CQUAD4     24377       1   26613   26612   26622   26621                
CQUAD4     24378       1   26621   26622   26539   26538                
CQUAD4     24379       1   26333   26539   26622   26332                
CQUAD4     24380       1   26537   26623   26621   26538                
CQUAD4     24381       1   26613   26621   26623   26614                
CQUAD4     24382       1   26614   26623   26599   26598                
CQUAD4     24383       1   26536   26599   26623   26537                
CQUAD4     24384       1   26649   26651   26650   26648                
CQUAD4     24385       1   26647   26650   26651   26646                
CQUAD4     24386       1   26646   26651   26639   26640                
CQUAD4     24387       1   26638   26639   26651   26649                
CQUAD4     24388       1   26648   26650   26644   26645                
CQUAD4     24389       1   26643   26644   26650   26647                
CQUAD4     24390       1   26638   26649   26627   26628                
CQUAD4     24391       1   26626   26627   26649   26648                
CQUAD4     24392       1   26625   26626   26648   26645                
CQUAD4     24393       1   26642   26653   26635   26636                
CQUAD4     24394       1   26634   26635   26653   26652                
CQUAD4     24395       1   26652   26653   26647   26646                
CQUAD4     24396       1   26643   26647   26653   26642                
CQUAD4     24397       1   26634   26652   26641   26633                
CQUAD4     24398       1   26640   26641   26652   26646                
CQUAD4     24399       1   26654   26656   26363   26364                
CQUAD4     24400       1   26362   26363   26656   26655                
CQUAD4     24401       1   26655   26656   26643   26642                
CQUAD4     24402       1   26644   26643   26656   26654                
CQUAD4     24403       1   26362   26655   26637   26361                
CQUAD4     24404       1   26636   26637   26655   26642                
CQUAD4     24405       1   26365   26657   26654   26364                
CQUAD4     24406       1   26644   26654   26657   26645                
CQUAD4     24407       1   26645   26657   26624   26625                
CQUAD4     24408       1   26366   26624   26657   26365                
CQUAD4     24409       1   26630   26663   26662   26629                
CQUAD4     24410       1   26661   26662   26663   26660                
CQUAD4     24411       1   26660   26663   26407   26406                
CQUAD4     24412       1   26408   26407   26663   26630                
CQUAD4     24413       1   26629   26662   26638   26628                
CQUAD4     24414       1   26639   26638   26662   26661                
CQUAD4     24415       1   26405   26658   26660   26406                
CQUAD4     24416       1   26661   26660   26658   26659                
CQUAD4     24417       1   26639   26661   26659   26640                
CQUAD4     24418       1   26641   26665   26632   26633                
CQUAD4     24419       1   26631   26632   26665   26664                
CQUAD4     24420       1   26664   26665   26659   26658                
CQUAD4     24421       1   26640   26659   26665   26641                
CQUAD4     24422       1   26631   26664   26404   26403                
CQUAD4     24423       1   26405   26404   26664   26658                
CQUAD4     24424       1   26671   26673   26672   26670                
CQUAD4     24425       1   26667   26672   26673   26666                
CQUAD4     24426       1   26666   26673   26345   26346                
CQUAD4     24427       1   26344   26345   26673   26671                
CQUAD4     24428       1   26668   26674   26672   26667                
CQUAD4     24429       1   26670   26672   26674   26669                
CQUAD4     24430       1   26669   26674   26633   26632                
CQUAD4     24431       1   26634   26633   26674   26668                
CQUAD4     24432       1   26675   26677   26670   26669                
CQUAD4     24433       1   26671   26670   26677   26676                
CQUAD4     24434       1   26676   26677   26401   26400                
CQUAD4     24435       1   26402   26401   26677   26675                
CQUAD4     24436       1   26671   26676   26343   26344                
CQUAD4     24437       1   26342   26343   26676   26400                
CQUAD4     24438       1   26402   26675   26631   26403                
CQUAD4     24439       1   26632   26631   26675   26669                
CQUAD4     24440       1   26680   26682   26681   26679                
CQUAD4     24441       1   26667   26681   26682   26668                
CQUAD4     24442       1   26668   26682   26635   26634                
CQUAD4     24443       1   26636   26635   26682   26680                
CQUAD4     24444       1   26666   26683   26681   26667                
CQUAD4     24445       1   26679   26681   26683   26678                
CQUAD4     24446       1   26678   26683   26347   26348                
CQUAD4     24447       1   26346   26347   26683   26666                
CQUAD4     24448       1   26678   26685   26684   26679                
CQUAD4     24449       1   26359   26684   26685   26358                
CQUAD4     24450       1   26358   26685   26349   26350                
CQUAD4     24451       1   26348   26349   26685   26678                
CQUAD4     24452       1   26637   26686   26360   26361                
CQUAD4     24453       1   26359   26360   26686   26684                
CQUAD4     24454       1   26684   26686   26680   26679                
CQUAD4     24455       1   26636   26680   26686   26637                
CQUAD4     24456       1   26699   26701   26700   26698                
CQUAD4     24457       1   26695   26700   26701   26694                
CQUAD4     24458       1   26694   26701   26628   26627                
CQUAD4     24459       1   26629   26628   26701   26699                
CQUAD4     24460       1   26696   26702   26700   26695                
CQUAD4     24461       1   26698   26700   26702   26697                
CQUAD4     24462       1   26697   26702   26691   26692                
CQUAD4     24463       1   26690   26691   26702   26696                
CQUAD4     24464       1   26693   26704   26697   26692                
CQUAD4     24465       1   26698   26697   26704   26703                
CQUAD4     24466       1   26703   26704   26411   26410                
CQUAD4     24467       1   26412   26411   26704   26693                
CQUAD4     24468       1   26409   26705   26703   26410                
CQUAD4     24469       1   26698   26703   26705   26699                
CQUAD4     24470       1   26699   26705   26630   26629                
CQUAD4     24471       1   26408   26630   26705   26409                
CQUAD4     24472       1   26708   26710   26709   26707                
CQUAD4     24473       1   26695   26709   26710   26696                
CQUAD4     24474       1   26696   26710   26689   26690                
CQUAD4     24475       1   26688   26689   26710   26708                
CQUAD4     24476       1   26694   26711   26709   26695                
CQUAD4     24477       1   26707   26709   26711   26706                
CQUAD4     24478       1   26706   26711   26626   26625                
CQUAD4     24479       1   26627   26626   26711   26694                
CQUAD4     24480       1   26706   26713   26712   26707                
CQUAD4     24481       1   26368   26712   26713   26367                
CQUAD4     24482       1   26367   26713   26624   26366                
CQUAD4     24483       1   26625   26624   26713   26706                
CQUAD4     24484       1   26369   26714   26712   26368                
CQUAD4     24485       1   26707   26712   26714   26708                
CQUAD4     24486       1   26708   26714   26687   26688                
CQUAD4     24487       1   26370   26687   26714   26369                
CQUAD4     24488       1   26720   26722   26721   26719                
CQUAD4     24489       1   26716   26721   26722   26715                
CQUAD4     24490       1   26715   26722   26381   26382                
CQUAD4     24491       1   26380   26381   26722   26720                
CQUAD4     24492       1   26717   26723   26721   26716                
CQUAD4     24493       1   26719   26721   26723   26718                
CQUAD4     24494       1   26718   26723   26689   26688                
CQUAD4     24495       1   26690   26689   26723   26717                
CQUAD4     24496       1   26718   26725   26724   26719                
CQUAD4     24497       1   26372   26724   26725   26371                
CQUAD4     24498       1   26371   26725   26687   26370                
CQUAD4     24499       1   26688   26687   26725   26718                
CQUAD4     24500       1   26373   26726   26724   26372                
CQUAD4     24501       1   26719   26724   26726   26720                
CQUAD4     24502       1   26720   26726   26379   26380                
CQUAD4     24503       1   26374   26379   26726   26373                
CQUAD4     24504       1   26729   26731   26730   26728                
CQUAD4     24505       1   26716   26730   26731   26717                
CQUAD4     24506       1   26717   26731   26691   26690                
CQUAD4     24507       1   26692   26691   26731   26729                
CQUAD4     24508       1   26715   26732   26730   26716                
CQUAD4     24509       1   26728   26730   26732   26727                
CQUAD4     24510       1   26727   26732   26383   26384                
CQUAD4     24511       1   26382   26383   26732   26715                
CQUAD4     24512       1   26727   26734   26733   26728                
CQUAD4     24513       1   26414   26733   26734   26415                
CQUAD4     24514       1   26415   26734   26385   26386                
CQUAD4     24515       1   26384   26385   26734   26727                
CQUAD4     24516       1   26413   26735   26733   26414                
CQUAD4     24517       1   26728   26733   26735   26729                
CQUAD4     24518       1   26729   26735   26693   26692                
CQUAD4     24519       1   26412   26693   26735   26413                
CQUAD4     24520       1   26753   26757   26755   26752                
CQUAD4     24521       1   26754   26755   26757   26756                
CQUAD4     24522       1   26756   26757   26750   26751                
CQUAD4     24523       1   26749   26750   26757   26753                
CQUAD4     24524       1   26754   26756   26742   26743                
CQUAD4     24525       1   26741   26742   26756   26751                
CQUAD4     24526       1   26321   26322   26754   26743                
CQUAD4     24527       1   26755   26754   26322   26323                
CQUAD4     24528       1   26752   26755   26323   26324                
CQUAD4     24529       1   26745   26759   26758   26744                
CQUAD4     24530       1   26752   26758   26759   26753                
CQUAD4     24531       1   26753   26759   26748   26749                
CQUAD4     24532       1   26746   26748   26759   26745                
CQUAD4     24533       1   26744   26758   26325   26326                
CQUAD4     24534       1   26324   26325   26758   26752                
CQUAD4     24535       1   26395   26762   26761   26396                
CQUAD4     24536       1   26748   26761   26762   26749                
CQUAD4     24537       1   26749   26762   26760   26750                
CQUAD4     24538       1   26394   26760   26762   26395                
CQUAD4     24539       1   26396   26761   26747   26397                
CQUAD4     24540       1   26746   26747   26761   26748                
CQUAD4     24541       1   26393   26763   26760   26394                
CQUAD4     24542       1   26750   26760   26763   26751                
CQUAD4     24543       1   26751   26763   26740   26741                
CQUAD4     24544       1   26392   26740   26763   26393                
CQUAD4     24545       1   26764   26769   26746   26745                
CQUAD4     24546       1   26747   26746   26769   26768                
CQUAD4     24547       1   26768   26769   26766   26767                
CQUAD4     24548       1   26765   26766   26769   26764                
CQUAD4     24549       1   26747   26768   26398   26397                
CQUAD4     24550       1   26399   26398   26768   26767                
CQUAD4     24551       1    5558    5559   26766   26765                
CQUAD4     24552       1   26767   26766    5559    5560                
CQUAD4     24553       1   26399   26767    5560    3116                
CQUAD4     24554       1    5557   26771   26328    3117                
CQUAD4     24555       1   26327   26328   26771   26770                
CQUAD4     24556       1   26770   26771   26765   26764                
CQUAD4     24557       1    5558   26765   26771    5557                
CQUAD4     24558       1   26327   26770   26744   26326                
CQUAD4     24559       1   26745   26744   26770   26764                
CQUAD4     24560       1   26778   26782   26780   26777                
CQUAD4     24561       1   26779   26780   26782   26781                
CQUAD4     24562       1   26781   26782   26774   26775                
CQUAD4     24563       1   26773   26774   26782   26778                
CQUAD4     24564       1   26779   26781   26318   26319                
CQUAD4     24565       1   26317   26318   26781   26775                
CQUAD4     24566       1   26779   26784   26783   26780                
CQUAD4     24567       1   26742   26783   26784   26743                
CQUAD4     24568       1   26743   26784   26320   26321                
CQUAD4     24569       1   26319   26320   26784   26779                
CQUAD4     24570       1   26780   26783   26776   26777                
CQUAD4     24571       1   26741   26776   26783   26742                
CQUAD4     24572       1   26776   26786   26785   26777                
CQUAD4     24573       1   26390   26785   26786   26391                
CQUAD4     24574       1   26391   26786   26740   26392                
CQUAD4     24575       1   26741   26740   26786   26776                
CQUAD4     24576       1   26772   26787   26389   26388                
CQUAD4     24577       1   26390   26389   26787   26785                
CQUAD4     24578       1   26785   26787   26778   26777                
CQUAD4     24579       1   26773   26778   26787   26772                
CQUAD4     24580       1   26774   26793   26791   26775                
CQUAD4     24581       1   26790   26791   26793   26792                
CQUAD4     24582       1   26792   26793   26788   26789                
CQUAD4     24583       1   26773   26788   26793   26774                
CQUAD4     24584       1   26790   26792   26738   26739                
CQUAD4     24585       1   26737   26738   26792   26789                
CQUAD4     24586       1   26314   26315   26790   26739                
CQUAD4     24587       1   26791   26790   26315   26316                
CQUAD4     24588       1   26775   26791   26316   26317                
CQUAD4     24589       1   26386   26795   26794   26387                
CQUAD4     24590       1   26788   26794   26795   26789                
CQUAD4     24591       1   26789   26795   26736   26737                
CQUAD4     24592       1   26385   26736   26795   26386                
CQUAD4     24593       1   26387   26794   26772   26388                
CQUAD4     24594       1   26773   26772   26794   26788                
CQUAD4     24595       1   26804   26806   26805   26803                
CQUAD4     24596       1   26799   26805   26806   26798                
CQUAD4     24597       1   26798   26806   26802   26797                
CQUAD4     24598       1   26801   26802   26806   26804                
CQUAD4     24599       1   26803   26805   26311   26312                
CQUAD4     24600       1   26310   26311   26805   26799                
CQUAD4     24601       1   26803   26808   26807   26804                
CQUAD4     24602       1   26738   26807   26808   26739                
CQUAD4     24603       1   26739   26808   26313   26314                
CQUAD4     24604       1   26312   26313   26808   26803                
CQUAD4     24605       1   26804   26807   26800   26801                
CQUAD4     24606       1   26737   26800   26807   26738                
CQUAD4     24607       1   26809   26811   26383   26382                
CQUAD4     24608       1   26384   26383   26811   26810                
CQUAD4     24609       1   26810   26811   26801   26800                
CQUAD4     24610       1   26802   26801   26811   26809                
CQUAD4     24611       1   26384   26810   26736   26385                
CQUAD4     24612       1   26737   26736   26810   26800                
CQUAD4     24613       1   26802   26809   26796   26797                
CQUAD4     24614       1   26381   26796   26809   26382                
CQUAD4     24615       1   26815   26817   26816   26814                
CQUAD4     24616       1   26813   26816   26817   26812                
CQUAD4     24617       1   26812   26817   26376   26377                
CQUAD4     24618       1   26375   26376   26817   26815                
CQUAD4     24619       1   26814   26816   26797   26796                
CQUAD4     24620       1   26798   26797   26816   26813                
CQUAD4     24621       1   26381   26380   26814   26796                
CQUAD4     24622       1   26815   26814   26380   26379                
CQUAD4     24623       1   26375   26815   26379   26374                
CQUAD4     24624       1   26812   26819   26818   26813                
CQUAD4     24625       1   26309   26818   26819   26308                
CQUAD4     24626       1   26308   26819   26378   26307                
CQUAD4     24627       1   26377   26378   26819   26812                
CQUAD4     24628       1   26813   26818   26799   26798                
CQUAD4     24629       1   26310   26799   26818   26309                
CQUAD4     24630       1   26844   26846   26845   26843                
CQUAD4     24631       1   26840   26845   26846   26839                
CQUAD4     24632       1   26839   26846   26286   26287                
CQUAD4     24633       1   26285   26286   26846   26844                
CQUAD4     24634       1   26841   26847   26845   26840                
CQUAD4     24635       1   26843   26845   26847   26842                
CQUAD4     24636       1   26842   26847   26836   26837                
CQUAD4     24637       1   26835   26836   26847   26841                
CQUAD4     24638       1   26848   26850   26832   26833                
CQUAD4     24639       1   26831   26832   26850   26849                
CQUAD4     24640       1   26849   26850   26843   26842                
CQUAD4     24641       1   26844   26843   26850   26848                
CQUAD4     24642       1   26831   26849   26838   26830                
CQUAD4     24643       1   26837   26838   26849   26842                
CQUAD4     24644       1   26844   26848   26284   26285                
CQUAD4     24645       1   26283   26284   26848   26833                
CQUAD4     24646       1   26839   26852   26851   26840                
CQUAD4     24647       1   26821   26851   26852   26820                
CQUAD4     24648       1   26820   26852   26288   26289                
CQUAD4     24649       1   26287   26288   26852   26839                
CQUAD4     24650       1   26834   26853   26822   26823                
CQUAD4     24651       1   26821   26822   26853   26851                
CQUAD4     24652       1   26851   26853   26841   26840                
CQUAD4     24653       1   26835   26841   26853   26834                
CQUAD4     24654       1   26824   26860   26834   26823                
CQUAD4     24655       1   26835   26834   26860   26859                
CQUAD4     24656       1   26859   26860   26857   26858                
CQUAD4     24657       1   26825   26857   26860   26824                
CQUAD4     24658       1   26835   26859   26856   26836                
CQUAD4     24659       1   26855   26856   26859   26858                
CQUAD4     24660       1   26367   26862   26861   26368                
CQUAD4     24661       1   26857   26861   26862   26858                
CQUAD4     24662       1   26858   26862   26854   26855                
CQUAD4     24663       1   26366   26854   26862   26367                
CQUAD4     24664       1   26368   26861   26826   26369                
CQUAD4     24665       1   26825   26826   26861   26857                
CQUAD4     24666       1   26866   26868   26867   26865                
CQUAD4     24667       1   26864   26867   26868   26863                
CQUAD4     24668       1   26863   26868   26828   26829                
CQUAD4     24669       1   26827   26828   26868   26866                
CQUAD4     24670       1   26865   26867   26855   26854                
CQUAD4     24671       1   26856   26855   26867   26864                
CQUAD4     24672       1   26366   26365   26865   26854                
CQUAD4     24673       1   26866   26865   26365   26364                
CQUAD4     24674       1   26827   26866   26364   26363                
CQUAD4     24675       1   26856   26864   26837   26836                
CQUAD4     24676       1   26838   26837   26864   26863                
CQUAD4     24677       1   26830   26838   26863   26829                
CQUAD4     24678       1   26881   26883   26882   26880                
CQUAD4     24679       1   26879   26882   26883   26878                
CQUAD4     24680       1   26878   26883   26829   26828                
CQUAD4     24681       1   26830   26829   26883   26881                
CQUAD4     24682       1   26880   26882   26876   26877                
CQUAD4     24683       1   26875   26876   26882   26879                
CQUAD4     24684       1   26871   26872   26880   26877                
CQUAD4     24685       1   26881   26880   26872   26873                
CQUAD4     24686       1   26830   26881   26873   26831                
CQUAD4     24687       1   26874   26885   26361   26360                
CQUAD4     24688       1   26362   26361   26885   26884                
CQUAD4     24689       1   26884   26885   26879   26878                
CQUAD4     24690       1   26875   26879   26885   26874                
CQUAD4     24691       1   26362   26884   26827   26363                
CQUAD4     24692       1   26828   26827   26884   26878                
CQUAD4     24693       1   26887   26891   26889   26886                
CQUAD4     24694       1   26888   26889   26891   26890                
CQUAD4     24695       1   26890   26891   26875   26874                
CQUAD4     24696       1   26876   26875   26891   26887                
CQUAD4     24697       1   26888   26890   26359   26358                
CQUAD4     24698       1   26360   26359   26890   26874                
CQUAD4     24699       1   26350   26351   26888   26358                
CQUAD4     24700       1   26889   26888   26351   26352                
CQUAD4     24701       1   26886   26889   26352   26353                
CQUAD4     24702       1   26877   26893   26870   26871                
CQUAD4     24703       1   26869   26870   26893   26892                
CQUAD4     24704       1   26892   26893   26887   26886                
CQUAD4     24705       1   26876   26887   26893   26877                
CQUAD4     24706       1   26869   26892   26354   26355                
CQUAD4     24707       1   26353   26354   26892   26886                
CQUAD4     24708       1   26899   26901   26900   26898                
CQUAD4     24709       1   26871   26900   26901   26872                
CQUAD4     24710       1   26872   26901   26897   26873                
CQUAD4     24711       1   26896   26897   26901   26899                
CQUAD4     24712       1   26898   26900   26894   26895                
CQUAD4     24713       1   26870   26894   26900   26871                
CQUAD4     24714       1   26279   26280   26898   26895                
CQUAD4     24715       1   26899   26898   26280   26281                
CQUAD4     24716       1   26896   26899   26281   26282                
CQUAD4     24717       1   26873   26897   26832   26831                
CQUAD4     24718       1   26833   26832   26897   26896                
CQUAD4     24719       1   26283   26833   26896   26282                
CQUAD4     24720       1   26894   26903   26902   26895                
CQUAD4     24721       1   26357   26902   26903   26356                
CQUAD4     24722       1   26356   26903   26869   26355                
CQUAD4     24723       1   26870   26869   26903   26894                
CQUAD4     24724       1   26895   26902   26278   26279                
CQUAD4     24725       1   26277   26278   26902   26357                
CQUAD4     24726       1   26908   26922   26915   26907                
CQUAD4     24727       1   26914   26915   26922   26921                
CQUAD4     24728       1   26921   26922   26919   26920                
CQUAD4     24729       1   26909   26919   26922   26908                
CQUAD4     24730       1   26914   26921   26918   26913                
CQUAD4     24731       1   26917   26918   26921   26920                
CQUAD4     24732       1   26910   26924   26919   26909                
CQUAD4     24733       1   26920   26919   26924   26923                
CQUAD4     24734       1   26923   26924   26294   26295                
CQUAD4     24735       1   26293   26294   26924   26910                
CQUAD4     24736       1   26920   26923   26916   26917                
CQUAD4     24737       1   26296   26916   26923   26295                
CQUAD4     24738       1   26917   26930   26926   26918                
CQUAD4     24739       1   26925   26926   26930   26929                
CQUAD4     24740       1   26929   26930   26927   26928                
CQUAD4     24741       1   26916   26927   26930   26917                
CQUAD4     24742       1   26925   26929   26301   26302                
CQUAD4     24743       1   26300   26301   26929   26928                
CQUAD4     24744       1   26300   26928   26298   26299                
CQUAD4     24745       1   26297   26298   26928   26927                
CQUAD4     24746       1   26296   26297   26927   26916                
CQUAD4     24747       1   26918   26926   26912   26913                
CQUAD4     24748       1   26911   26912   26926   26925                
CQUAD4     24749       1   26303   26911   26925   26302                
CQUAD4     24750       1   26935   26939   26938   26934                
CQUAD4     24751       1   26937   26938   26939   26936                
CQUAD4     24752       1   26936   26939   26932   26933                
CQUAD4     24753       1   26931   26932   26939   26935                
CQUAD4     24754       1   26934   26938   26305   26306                
CQUAD4     24755       1   26304   26305   26938   26937                
CQUAD4     24756       1   26913   26912   26936   26933                
CQUAD4     24757       1   26937   26936   26912   26911                
CQUAD4     24758       1   26304   26937   26911   26303                
CQUAD4     24759       1   26307   26378   26934   26306                
CQUAD4     24760       1   26935   26934   26378   26377                
CQUAD4     24761       1   26931   26935   26377   26376                
CQUAD4     24762       1   26943   26945   26944   26942                
CQUAD4     24763       1   26941   26944   26945   26940                
CQUAD4     24764       1   26940   26945   26905   26906                
CQUAD4     24765       1   26904   26905   26945   26943                
CQUAD4     24766       1   26942   26944   26932   26931                
CQUAD4     24767       1   26933   26932   26944   26941                
CQUAD4     24768       1   26376   26375   26942   26931                
CQUAD4     24769       1   26943   26942   26375   26374                
CQUAD4     24770       1   26904   26943   26374   26373                
CQUAD4     24771       1   26907   26915   26940   26906                
CQUAD4     24772       1   26941   26940   26915   26914                
CQUAD4     24773       1   26933   26941   26914   26913                
CQUAD4     24774       1   26952   26954   26905   26904                
CQUAD4     24775       1   26906   26905   26954   26953                
CQUAD4     24776       1   26953   26954   26950   26951                
CQUAD4     24777       1   26949   26950   26954   26952                
CQUAD4     24778       1   26906   26953   26948   26907                
CQUAD4     24779       1   26947   26948   26953   26951                
CQUAD4     24780       1   26949   26952   26372   26371                
CQUAD4     24781       1   26373   26372   26952   26904                
CQUAD4     24782       1   26949   26956   26955   26950                
CQUAD4     24783       1   26825   26955   26956   26826                
CQUAD4     24784       1   26826   26956   26370   26369                
CQUAD4     24785       1   26371   26370   26956   26949                
CQUAD4     24786       1   26824   26957   26955   26825                
CQUAD4     24787       1   26950   26955   26957   26951                
CQUAD4     24788       1   26951   26957   26946   26947                
CQUAD4     24789       1   26823   26946   26957   26824                
CQUAD4     24790       1   26960   26964   26962   26959                
CQUAD4     24791       1   26961   26962   26964   26963                
CQUAD4     24792       1   26963   26964   26909   26908                
CQUAD4     24793       1   26910   26909   26964   26960                
CQUAD4     24794       1   26961   26963   26948   26947                
CQUAD4     24795       1   26907   26948   26963   26908                
CQUAD4     24796       1   26946   26966   26961   26947                
CQUAD4     24797       1   26962   26961   26966   26965                
CQUAD4     24798       1   26965   26966   26822   26821                
CQUAD4     24799       1   26823   26822   26966   26946                
CQUAD4     24800       1   26962   26965   26958   26959                
CQUAD4     24801       1   26820   26958   26965   26821                
CQUAD4     24802       1   26290   26291   26959   26958                
CQUAD4     24803       1   26960   26959   26291   26292                
CQUAD4     24804       1   26910   26960   26292   26293                
CQUAD4     24805       1   26289   26290   26958   26820                
CQUAD4     24806       1     476   26995   26993    3462                
CQUAD4     24807       1   26992   26993   26995   26994                
CQUAD4     24808       1   26994   26995   26988   26989                
CQUAD4     24809       1    3461   26988   26995     476                
CQUAD4     24810       1   26985   26996   26990   26984                
CQUAD4     24811       1   26989   26990   26996   26994                
CQUAD4     24812       1   26994   26996   26991   26992                
CQUAD4     24813       1   26986   26991   26996   26985                
CQUAD4     24814       1   26987   26998   26991   26986                
CQUAD4     24815       1   26992   26991   26998   26997                
CQUAD4     24816       1   26997   26998   26978   26979                
CQUAD4     24817       1   26977   26978   26998   26987                
CQUAD4     24818       1    3463   26999   26980    3464                
CQUAD4     24819       1   26979   26980   26999   26997                
CQUAD4     24820       1   26997   26999   26993   26992                
CQUAD4     24821       1    3462   26993   26999    3463                
CQUAD4     24822       1   27003   27005    3459    3458                
CQUAD4     24823       1    3460    3459   27005   27004                
CQUAD4     24824       1   27004   27005   27001   27002                
CQUAD4     24825       1   27000   27001   27005   27003                
CQUAD4     24826       1    3460   27004   26988    3461                
CQUAD4     24827       1   26989   26988   27004   27002                
CQUAD4     24828       1   27000   27003   26270   26271                
CQUAD4     24829       1     475   26270   27003    3458                
CQUAD4     24830       1   27000   27007   27006   27001                
CQUAD4     24831       1   26982   27006   27007   26981                
CQUAD4     24832       1   26981   27007   26272   26273                
CQUAD4     24833       1   26271   26272   27007   27000                
CQUAD4     24834       1   26983   27008   27006   26982                
CQUAD4     24835       1   27001   27006   27008   27002                
CQUAD4     24836       1   27002   27008   26990   26989                
CQUAD4     24837       1   26984   26990   27008   26983                
CQUAD4     24838       1   27016   27018   27017   27015                
CQUAD4     24839       1   26981   27017   27018   26982                
CQUAD4     24840       1   26982   27018   27014   26983                
CQUAD4     24841       1   27013   27014   27018   27016                
CQUAD4     24842       1   27015   27017   26274   26275                
CQUAD4     24843       1   26273   26274   27017   26981                
CQUAD4     24844       1   27012   27020   26356   26355                
CQUAD4     24845       1   26357   26356   27020   27019                
CQUAD4     24846       1   27019   27020   27016   27015                
CQUAD4     24847       1   27013   27016   27020   27012                
CQUAD4     24848       1   26357   27019   26276   26277                
CQUAD4     24849       1   26275   26276   27019   27015                
CQUAD4     24850       1   27012   27022   27021   27013                
CQUAD4     24851       1   27010   27021   27022   27009                
CQUAD4     24852       1   27009   27022   26354   26353                
CQUAD4     24853       1   26355   26354   27022   27012                
CQUAD4     24854       1   27011   27023   27021   27010                
CQUAD4     24855       1   27013   27021   27023   27014                
CQUAD4     24856       1   27014   27023   26984   26983                
CQUAD4     24857       1   26985   26984   27023   27011                
CQUAD4     24858       1   26974   27027   26351   26350                
CQUAD4     24859       1   26352   26351   27027   27026                
CQUAD4     24860       1   27026   27027   27024   27025                
CQUAD4     24861       1   26975   27024   27027   26974                
CQUAD4     24862       1   26352   27026   27009   26353                
CQUAD4     24863       1   27010   27009   27026   27025                
CQUAD4     24864       1   27011   27029   26986   26985                
CQUAD4     24865       1   26987   26986   27029   27028                
CQUAD4     24866       1   27028   27029   27025   27024                
CQUAD4     24867       1   27010   27025   27029   27011                
CQUAD4     24868       1   26987   27028   26976   26977                
CQUAD4     24869       1   26975   26976   27028   27024                
CQUAD4     24870       1   27041   27045   27043   27040                
CQUAD4     24871       1   27042   27043   27045   27044                
CQUAD4     24872       1   27044   27045   26347   26346                
CQUAD4     24873       1   26348   26347   27045   27041                
CQUAD4     24874       1   27042   27044   27036   27037                
CQUAD4     24875       1   26345   27036   27044   26346                
CQUAD4     24876       1   27042   27047   27046   27043                
CQUAD4     24877       1   27033   27046   27047   27032                
CQUAD4     24878       1   27032   27047   27038   27031                
CQUAD4     24879       1   27037   27038   27047   27042                
CQUAD4     24880       1   27043   27046   27039   27040                
CQUAD4     24881       1   27034   27039   27046   27033                
CQUAD4     24882       1   27039   27049   27048   27040                
CQUAD4     24883       1   26975   27048   27049   26976                
CQUAD4     24884       1   26976   27049   27035   26977                
CQUAD4     24885       1   27034   27035   27049   27039                
CQUAD4     24886       1   26974   27050   27048   26975                
CQUAD4     24887       1   27040   27048   27050   27041                
CQUAD4     24888       1   27041   27050   26349   26348                
CQUAD4     24889       1   26350   26349   27050   26974                
CQUAD4     24890       1   27051   27053   26968   26969                
CQUAD4     24891       1   26967   26968   27053   27052                
CQUAD4     24892       1   27052   27053   27037   27036                
CQUAD4     24893       1   27038   27037   27053   27051                
CQUAD4     24894       1   26967   27052   26344   26343                
CQUAD4     24895       1   26345   26344   27052   27036                
CQUAD4     24896       1   27038   27051   27030   27031                
CQUAD4     24897       1   26970   27030   27051   26969                
CQUAD4     24898       1     477   27062   27061    3466                
CQUAD4     24899       1   27059   27061   27062   27058                
CQUAD4     24900       1   27058   27062   27060   27057                
CQUAD4     24901       1    3465   27060   27062     477                
CQUAD4     24902       1    3466   27061   27056    3467                
CQUAD4     24903       1   27055   27056   27061   27059                
CQUAD4     24904       1   27057   27060   26980   26979                
CQUAD4     24905       1    3464   26980   27060    3465                
CQUAD4     24906       1   27057   27064   27063   27058                
CQUAD4     24907       1   27034   27063   27064   27035                
CQUAD4     24908       1   27035   27064   26978   26977                
CQUAD4     24909       1   26979   26978   27064   27057                
CQUAD4     24910       1   27033   27065   27063   27034                
CQUAD4     24911       1   27058   27063   27065   27059                
CQUAD4     24912       1   27059   27065   27054   27055                
CQUAD4     24913       1   27032   27054   27065   27033                
CQUAD4     24914       1   26972   27071   27069   26971                
CQUAD4     24915       1   27068   27069   27071   27070                
CQUAD4     24916       1   27070   27071   27066   27067                
CQUAD4     24917       1   26973   27066   27071   26972                
CQUAD4     24918       1   27068   27070   27055   27054                
CQUAD4     24919       1   27056   27055   27070   27067                
CQUAD4     24920       1   26971   27069   27030   26970                
CQUAD4     24921       1   27031   27030   27069   27068                
CQUAD4     24922       1   27032   27031   27068   27054                
CQUAD4     24923       1   27056   27067    3468    3467                
CQUAD4     24924       1    3469    3468   27067   27066                
CQUAD4     24925       1     478    3469   27066   26973                
CQUAD4     24926       1   27097   27099   27098   27096                
CQUAD4     24927       1   27083   27098   27099   27082                
CQUAD4     24928       1   27082   27099   27089   27081                
CQUAD4     24929       1   27088   27089   27099   27097                
CQUAD4     24930       1   27096   27098   27094   27095                
CQUAD4     24931       1   27084   27094   27098   27083                
CQUAD4     24932       1   27091   27092   27096   27095                
CQUAD4     24933       1   27097   27096   27092   27093                
CQUAD4     24934       1   27088   27097   27093   27087                
CQUAD4     24935       1   26969   27101   27100   26970                
CQUAD4     24936       1   27094   27100   27101   27095                
CQUAD4     24937       1   27095   27101   27090   27091                
CQUAD4     24938       1   26968   27090   27101   26969                
CQUAD4     24939       1   26970   27100   27085   26971                
CQUAD4     24940       1   27084   27085   27100   27094                
CQUAD4     24941       1   27102   27104   26341   26340                
CQUAD4     24942       1   26342   26341   27104   27103                
CQUAD4     24943       1   27103   27104   27091   27090                
CQUAD4     24944       1   27092   27091   27104   27102                
CQUAD4     24945       1   26342   27103   26967   26343                
CQUAD4     24946       1   26968   26967   27103   27090                
CQUAD4     24947       1   27086   27105   26339   26338                
CQUAD4     24948       1   26340   26339   27105   27102                
CQUAD4     24949       1   27102   27105   27093   27092                
CQUAD4     24950       1   27087   27093   27105   27086                
CQUAD4     24951       1   27074   27111   27109   27073                
CQUAD4     24952       1   27108   27109   27111   27110                
CQUAD4     24953       1   27110   27111   27106   27107                
CQUAD4     24954       1   27075   27106   27111   27074                
CQUAD4     24955       1   27108   27110   27088   27087                
CQUAD4     24956       1   27089   27088   27110   27107                
CQUAD4     24957       1   27108   27113   27112   27109                
CQUAD4     24958       1   26336   27112   27113   26337                
CQUAD4     24959       1   26337   27113   27086   26338                
CQUAD4     24960       1   27087   27086   27113   27108                
CQUAD4     24961       1   27109   27112   27072   27073                
CQUAD4     24962       1   26335   27072   27112   26336                
CQUAD4     24963       1   27076   27079   27106   27075                
CQUAD4     24964       1   27107   27106   27079   27080                
CQUAD4     24965       1   27089   27107   27080   27081                
CQUAD4     24966       1   27117   27119   27118   27116                
CQUAD4     24967       1   27115   27118   27119   27114                
CQUAD4     24968       1   27114   27119     479    3473                
CQUAD4     24969       1    3474     479   27119   27117                
CQUAD4     24970       1   27116   27118   27081   27080                
CQUAD4     24971       1   27082   27081   27118   27115                
CQUAD4     24972       1   27079   27121   27116   27080                
CQUAD4     24973       1   27117   27116   27121   27120                
CQUAD4     24974       1   27120   27121   27077   27078                
CQUAD4     24975       1   27076   27077   27121   27079                
CQUAD4     24976       1   27117   27120    3475    3474                
CQUAD4     24977       1    3476    3475   27120   27078                
CQUAD4     24978       1    3471   27127   27126    3472                
CQUAD4     24979       1   27125   27126   27127   27124                
CQUAD4     24980       1   27124   27127   27122   27123                
CQUAD4     24981       1    3470   27122   27127    3471                
CQUAD4     24982       1    3472   27126   27114    3473                
CQUAD4     24983       1   27115   27114   27126   27125                
CQUAD4     24984       1   27115   27125   27083   27082                
CQUAD4     24985       1   27084   27083   27125   27124                
CQUAD4     24986       1   27085   27084   27124   27123                
CQUAD4     24987       1     478   26973   27122    3470                
CQUAD4     24988       1   27123   27122   26973   26972                
CQUAD4     24989       1   27085   27123   26972   26971                
CQUAD4     24990       1   27136   27137   27140   22417                
CQUAD4     24991       1   27139   27140   27137   27138                
CQUAD4     24992       1   27129   27139   27138   27128                
CQUAD4     24993       1   22417   27140   27142   22418                
CQUAD4     24994       1   27141   27142   27140   27139                
CQUAD4     24995       1   27130   27141   27139   27129                
CQUAD4     24996       1   22419   27141   27130   27131                
CQUAD4     24997       1   22419   22418   27142   27141                
CQUAD4     24998       1   27135   27136   22417   22416                
CQUAD4     24999       1   22420   22419   27131   27132                
CQUAD4     25000       1   27134   27135   22416   22415                
CQUAD4     25001       1   22421   22420   27132   27133                
CQUAD4     25002       1       9   22421   27133    5577                
CQUAD4     25003       1    3477   27134   22415       1                
CQUAD4     25004       1   27078   27077   27135   27134                
CQUAD4     25005       1   27136   27135   27077   27076                
CQUAD4     25006       1   27137   27136   27076   27075                
CQUAD4     25007       1    3476   27078   27134    3477                
CQUAD4     25008       1   27128   27138   27074   27073                
CQUAD4     25009       1   27075   27074   27138   27137                
CQUAD4     25010       1   27144   27146   27129   27128                
CQUAD4     25011       1   27130   27129   27146   27145                
CQUAD4     25012       1   27145   27146   26333   26332                
CQUAD4     25013       1   26334   26333   27146   27144                
CQUAD4     25014       1   27130   27145   27143   27131                
CQUAD4     25015       1   26331   27143   27145   26332                
CQUAD4     25016       1   26334   27144   27072   26335                
CQUAD4     25017       1   27073   27072   27144   27128                
CQUAD4     25018       1   27143   27148   27132   27131                
CQUAD4     25019       1   27133   27132   27148   27147                
CQUAD4     25020       1   27147   27148   26330   26329                
CQUAD4     25021       1   26331   26330   27148   27143                
CQUAD4     25022       1   27133   27147    5576    5577                
CQUAD4     25023       1    5575    5576   27147   26329                
CQUAD8     25024       1      17   27149   27171     161   27201   27202+       
+          27203     226                                                
CQUAD8     25025       1   27149   27150   27172   27171   27204   27205+       
+          27206   27202                                                
CQUAD8     25026       1   27150   27151   27173   27172   27207   27208+       
+          27209   27205                                                
CQUAD8     25027       1   27151   27152   27174   27173   27210   27211+       
+          27212   27208                                                
CQUAD8     25028       1   27152   27153   27175   27174   27213   27214+       
+          27215   27211                                                
CQUAD8     25029       1   27153   27154   27176   27175   27216   27217+       
+          27218   27214                                                
CQUAD8     25030       1   27154   27155   27177   27176   27219   27220+       
+          27221   27217                                                
CQUAD8     25031       1   27155      91   27178   27177   27222   27223+       
+          27224   27220                                                
CQUAD8     25032       1      91   25223   27179   27178   27225   27226+       
+          27227   27223                                                
CQUAD8     25033       1   25223   25224   27180   27179   27228   27229+       
+          27230   27226                                                
CQUAD8     25034       1   25224   25225   27181   27180   27231   27232+       
+          27233   27229                                                
CQUAD8     25035       1   25225   25226   27182   27181   27234   27235+       
+          27236   27232                                                
CQUAD8     25036       1   25226   25227   27183   27182   27237   27238+       
+          27239   27235                                                
CQUAD8     25037       1   25227   25228   27184   27183   27240   27241+       
+          27242   27238                                                
CQUAD8     25038       1   25228   25229   27185   27184   27243   27244+       
+          27245   27241                                                
CQUAD8     25039       1   25229       1     164   27185   27246     197+       
+          27247   27244                                                
CQUAD8     25040       1     161   27171   27186     162   27203   27248+       
+          27249      82                                                
CQUAD8     25041       1   27171   27172   27187   27186   27206   27250+       
+          27251   27248                                                
CQUAD8     25042       1   27172   27173   27188   27187   27209   27252+       
+          27253   27250                                                
CQUAD8     25043       1   27173   27174   27189   27188   27212   27254+       
+          27255   27252                                                
CQUAD8     25044       1   27174   27175   27190   27189   27215   27256+       
+          27257   27254                                                
CQUAD8     25045       1   27175   27176   27191   27190   27218   27258+       
+          27259   27256                                                
CQUAD8     25046       1   27176   27177   27192   27191   27221   27260+       
+          27261   27258                                                
CQUAD8     25047       1   27177   27178   27193   27192   27224   27262+       
+          27263   27260                                                
CQUAD8     25048       1   27178   27179   27194   27193   27227   27264+       
+          27265   27262                                                
CQUAD8     25049       1   27179   27180   27195   27194   27230   27266+       
+          27267   27264                                                
CQUAD8     25050       1   27180   27181   27196   27195   27233   27268+       
+          27269   27266                                                
CQUAD8     25051       1   27181   27182   27197   27196   27236   27270+       
+          27271   27268                                                
CQUAD8     25052       1   27182   27183   27198   27197   27239   27272+       
+          27273   27270                                                
CQUAD8     25053       1   27183   27184   27199   27198   27242   27274+       
+          27275   27272                                                
CQUAD8     25054       1   27184   27185   27200   27199   27245   27276+       
+          27277   27274                                                
CQUAD8     25055       1   27185     164     163   27200   27247      38+       
+          27278   27276                                                
CQUAD8     25056       1     162   27186   27170      18   27249   27279+       
+          27280     275                                                
CQUAD8     25057       1   27186   27187   27169   27170   27251   27281+       
+          27282   27279                                                
CQUAD8     25058       1   27187   27188   27168   27169   27253   27283+       
+          27284   27281                                                
CQUAD8     25059       1   27188   27189   27167   27168   27255   27285+       
+          27286   27283                                                
CQUAD8     25060       1   27189   27190   27166   27167   27257   27287+       
+          27288   27285                                                
CQUAD8     25061       1   27190   27191   27165   27166   27259   27289+       
+          27290   27287                                                
CQUAD8     25062       1   27191   27192   27164   27165   27261   27291+       
+          27292   27289                                                
CQUAD8     25063       1   27192   27193   27163   27164   27263   27293+       
+          27294   27291                                                
CQUAD8     25064       1   27193   27194   27162   27163   27265   27295+       
+          27296   27293                                                
CQUAD8     25065       1   27194   27195   27161   27162   27267   27297+       
+          27298   27295                                                
CQUAD8     25066       1   27195   27196   27160   27161   27269   27299+       
+          27300   27297                                                
CQUAD8     25067       1   27196   27197   27159   27160   27271   27301+       
+          27302   27299                                                
CQUAD8     25068       1   27197   27198   27158   27159   27273   27303+       
+          27304   27301                                                
CQUAD8     25069       1   27198   27199   27157   27158   27275   27305+       
+          27306   27303                                                
CQUAD8     25070       1   27199   27200   27156   27157   27277   27307+       
+          27308   27305                                                
CQUAD8     25071       1   27200     163      34   27156   27278     260+       
+          27309   27307                                                
CQUAD4     25072       1   27499   27501   27500   27498                
CQUAD4     25073       1   27497   27500   27501   27496                
CQUAD4     25074       1   27496   27501   27493   27494                
CQUAD4     25075       1   27492   27493   27501   27499                
CQUAD4     25076       1   27498   27500   27480   27481                
CQUAD4     25077       1   27479   27480   27500   27497                
CQUAD4     25078       1    3142    3141   27498   27481                
CQUAD4     25079       1   27499   27498    3141    3140                
CQUAD4     25080       1   27492   27499    3140    3139                
CQUAD4     25081       1   27495   27503   27496   27494                
CQUAD4     25082       1   27497   27496   27503   27502                
CQUAD4     25083       1   27502   27503   27490   27491                
CQUAD4     25084       1   27489   27490   27503   27495                
CQUAD4     25085       1   27497   27502   27478   27479                
CQUAD4     25086       1   27477   27478   27502   27491                
CQUAD4     25087       1   27507   27509   27508   27506                
CQUAD4     25088       1   27505   27508   27509   27504                
CQUAD4     25089       1   27504   27509   27483   27484                
CQUAD4     25090       1   27482   27483   27509   27507                
CQUAD4     25091       1   27506   27508   27493   27492                
CQUAD4     25092       1   27494   27493   27508   27505                
CQUAD4     25093       1    3139    3138   27506   27492                
CQUAD4     25094       1   27507   27506    3138    3137                
CQUAD4     25095       1   27482   27507    3137    3136                
CQUAD4     25096       1   27488   27511   27510   27487                
CQUAD4     25097       1   27504   27510   27511   27505                
CQUAD4     25098       1   27505   27511   27495   27494                
CQUAD4     25099       1   27489   27495   27511   27488                
CQUAD4     25100       1   27487   27510   27485   27486                
CQUAD4     25101       1   27484   27485   27510   27504                
CQUAD4     25102       1   27470   27471   27489   27488                
CQUAD4     25103       1   27490   27489   27471   27472                
CQUAD4     25104       1   27477   27491   27473   27474                
CQUAD4     25105       1   27472   27473   27491   27490                
CQUAD4     25106       1   27468   27469   27487   27486                
CQUAD4     25107       1   27488   27487   27469   27470                
CQUAD4     25108       1   27512   27514   27458   27459                
CQUAD4     25109       1   27457   27458   27514   27513                
CQUAD4     25110       1   27513   27514   27483   27482                
CQUAD4     25111       1   27484   27483   27514   27512                
CQUAD4     25112       1   27457   27513    3135    3134                
CQUAD4     25113       1    3136    3135   27513   27482                
CQUAD4     25114       1   27512   27516   27485   27484                
CQUAD4     25115       1   27486   27485   27516   27515                
CQUAD4     25116       1   27515   27516   27460   27461                
CQUAD4     25117       1   27459   27460   27516   27512                
CQUAD4     25118       1   27486   27515   27467   27468                
CQUAD4     25119       1   27462   27467   27515   27461                
CQUAD4     25120       1   27518   27522   27521   27517                
CQUAD4     25121       1   27520   27521   27522   27519                
CQUAD4     25122       1   27519   27522   27479   27478                
CQUAD4     25123       1   27480   27479   27522   27518                
CQUAD4     25124       1   27517   27521   27454   27455                
CQUAD4     25125       1   27453   27454   27521   27520                
CQUAD4     25126       1   27519   27524   27523   27520                
CQUAD4     25127       1   27476   27523   27524   27475                
CQUAD4     25128       1   27475   27524   27477   27474                
CQUAD4     25129       1   27478   27477   27524   27519                
CQUAD4     25130       1   27520   27523   27452   27453                
CQUAD4     25131       1   27451   27452   27523   27476                
CQUAD4     25132       1   27517   27526   27525   27518                
CQUAD4     25133       1    3143   27525   27526    3144                
CQUAD4     25134       1    3144   27526   27456    3145                
CQUAD4     25135       1   27455   27456   27526   27517                
CQUAD4     25136       1   27518   27525   27481   27480                
CQUAD4     25137       1    3142   27481   27525    3143                
CQUAD4     25138       1   27539   27541   27540   27538                
CQUAD4     25139       1   27530   27540   27541   27529                
CQUAD4     25140       1   27529   27541   27537   27528                
CQUAD4     25141       1   27536   27537   27541   27539                
CQUAD4     25142       1   27538   27540   27434   27435                
CQUAD4     25143       1   27433   27434   27540   27530                
CQUAD4     25144       1   27538   27543   27542   27539                
CQUAD4     25145       1   27532   27542   27543   27531                
CQUAD4     25146       1   27531   27543   27436   27437                
CQUAD4     25147       1   27435   27436   27543   27538                
CQUAD4     25148       1   27539   27542   27535   27536                
CQUAD4     25149       1   27533   27535   27542   27532                
CQUAD4     25150       1   27535   27545   27544   27536                
CQUAD4     25151       1   27471   27544   27545   27472                
CQUAD4     25152       1   27472   27545   27534   27473                
CQUAD4     25153       1   27533   27534   27545   27535                
CQUAD4     25154       1   27527   27546   27470   27469                
CQUAD4     25155       1   27471   27470   27546   27544                
CQUAD4     25156       1   27544   27546   27537   27536                
CQUAD4     25157       1   27528   27537   27546   27527                
CQUAD4     25158       1   27549   27554   27552   27548                
CQUAD4     25159       1   27551   27552   27554   27553                
CQUAD4     25160       1   27553   27554   27448   27449                
CQUAD4     25161       1   27447   27448   27554   27549                
CQUAD4     25162       1   27450   27555   27553   27449                
CQUAD4     25163       1   27551   27553   27555   27550                
CQUAD4     25164       1   27550   27555   27476   27475                
CQUAD4     25165       1   27451   27476   27555   27450                
CQUAD4     25166       1   27556   27558   27533   27532                
CQUAD4     25167       1   27534   27533   27558   27557                
CQUAD4     25168       1   27557   27558   27551   27550                
CQUAD4     25169       1   27552   27551   27558   27556                
CQUAD4     25170       1   27534   27557   27474   27473                
CQUAD4     25171       1   27475   27474   27557   27550                
CQUAD4     25172       1   27552   27556   27547   27548                
CQUAD4     25173       1   27531   27547   27556   27532                
CQUAD4     25174       1   27549   27548   27439   27440                
CQUAD4     25175       1   27438   27439   27548   27547                
CQUAD4     25176       1   27437   27438   27547   27531                
CQUAD4     25177       1   27447   27549   27440   27441                
CQUAD4     25178       1   27562   27564   27563   27561                
CQUAD4     25179       1   27527   27563   27564   27528                
CQUAD4     25180       1   27528   27564   27560   27529                
CQUAD4     25181       1   27559   27560   27564   27562                
CQUAD4     25182       1   27561   27563   27468   27467                
CQUAD4     25183       1   27469   27468   27563   27527                
CQUAD4     25184       1   27559   27562   27464   27465                
CQUAD4     25185       1   27463   27464   27562   27561                
CQUAD4     25186       1   27462   27463   27561   27467                
CQUAD4     25187       1   27466   27566   27559   27465                
CQUAD4     25188       1   27560   27559   27566   27565                
CQUAD4     25189       1   27565   27566   27431   27432                
CQUAD4     25190       1   27430   27431   27566   27466                
CQUAD4     25191       1   27560   27565   27530   27529                
CQUAD4     25192       1   27433   27530   27565   27432                
CQUAD4     25193       1   27582   27584   27583   27581                
CQUAD4     25194       1   27580   27583   27584   27579                
CQUAD4     25195       1   27579   27584   27577   27578                
CQUAD4     25196       1   27576   27577   27584   27582                
CQUAD4     25197       1   27581   27583   27460   27459                
CQUAD4     25198       1   27461   27460   27583   27580                
CQUAD4     25199       1   27581   27586   27585   27582                
CQUAD4     25200       1   27568   27585   27586   27567                
CQUAD4     25201       1   27567   27586   27458   27457                
CQUAD4     25202       1   27459   27458   27586   27581                
CQUAD4     25203       1   27582   27585   27575   27576                
CQUAD4     25204       1   27569   27575   27585   27568                
CQUAD4     25205       1   27572   27573   27579   27578                
CQUAD4     25206       1   27580   27579   27573   27574                
CQUAD4     25207       1   27461   27580   27574   27462                
CQUAD4     25208       1   27570   27589   27575   27569                
CQUAD4     25209       1   27576   27575   27589   27588                
CQUAD4     25210       1   27588   27589   27318   27319                
CQUAD4     25211       1   27317   27318   27589   27570                
CQUAD4     25212       1   27576   27588   27587   27577                
CQUAD4     25213       1   27320   27587   27588   27319                
CQUAD4     25214       1   27571   27590   27321   27322                
CQUAD4     25215       1   27320   27321   27590   27587                
CQUAD4     25216       1   27587   27590   27578   27577                
CQUAD4     25217       1   27572   27578   27590   27571                
CQUAD4     25218       1   27595   27602   27593   27594                
CQUAD4     25219       1   27592   27593   27602   27601                
CQUAD4     25220       1   27601   27602   27599   27600                
CQUAD4     25221       1   27596   27599   27602   27595                
CQUAD4     25222       1   27592   27601   27598   27591                
CQUAD4     25223       1   27597   27598   27601   27600                
CQUAD4     25224       1   27597   27600   27464   27463                
CQUAD4     25225       1   27465   27464   27600   27599                
CQUAD4     25226       1   27466   27465   27599   27596                
CQUAD4     25227       1   27462   27574   27597   27463                
CQUAD4     25228       1   27598   27597   27574   27573                
CQUAD4     25229       1   27591   27598   27573   27572                
CQUAD4     25230       1   27427   27428   27595   27594                
CQUAD4     25231       1   27596   27595   27428   27429                
CQUAD4     25232       1   27466   27596   27429   27430                
CQUAD4     25233       1   27593   27605   27604   27594                
CQUAD4     25234       1   27326   27604   27605   27325                
CQUAD4     25235       1   27325   27605   27603   27324                
CQUAD4     25236       1   27592   27603   27605   27593                
CQUAD4     25237       1   27594   27604   27426   27427                
CQUAD4     25238       1   27327   27426   27604   27326                
CQUAD4     25239       1   27571   27606   27591   27572                
CQUAD4     25240       1   27592   27591   27606   27603                
CQUAD4     25241       1   27603   27606   27323   27324                
CQUAD4     25242       1   27322   27323   27606   27571                
CQUAD4     25243       1   27569   27568    3132    3131                
CQUAD4     25244       1    3133    3132   27568   27567                
CQUAD4     25245       1    3134    3133   27567   27457                
CQUAD4     25246       1   27317   27570    3130    3129                
CQUAD4     25247       1    3131    3130   27570   27569                
CQUAD4     25248       1   27622   27626   27624   27621                
CQUAD4     25249       1   27623   27624   27626   27625                
CQUAD4     25250       1   27625   27626   27608   27609                
CQUAD4     25251       1   27607   27608   27626   27622                
CQUAD4     25252       1   27623   27625   27617   27618                
CQUAD4     25253       1   27610   27617   27625   27609                
CQUAD4     25254       1   27619   27628   27623   27618                
CQUAD4     25255       1   27624   27623   27628   27627                
CQUAD4     25256       1   27627   27628   27614   27615                
CQUAD4     25257       1   27613   27614   27628   27619                
CQUAD4     25258       1   27624   27627   27620   27621                
CQUAD4     25259       1   27616   27620   27627   27615                
CQUAD4     25260       1   27622   27621   27419   27420                
CQUAD4     25261       1   27418   27419   27621   27620                
CQUAD4     25262       1   27417   27418   27620   27616                
CQUAD4     25263       1   27607   27622   27420   27421                
CQUAD4     25264       1   27617   27630   27629   27618                
CQUAD4     25265       1   27450   27629   27630   27451                
CQUAD4     25266       1   27451   27630   27611   27452                
CQUAD4     25267       1   27610   27611   27630   27617                
CQUAD4     25268       1   27612   27631   27449   27448                
CQUAD4     25269       1   27450   27449   27631   27629                
CQUAD4     25270       1   27629   27631   27619   27618                
CQUAD4     25271       1   27613   27619   27631   27612                
CQUAD4     25272       1   27632   27634   27443   27444                
CQUAD4     25273       1   27442   27443   27634   27633                
CQUAD4     25274       1   27633   27634   27613   27612                
CQUAD4     25275       1   27614   27613   27634   27632                
CQUAD4     25276       1   27442   27633   27447   27441                
CQUAD4     25277       1   27448   27447   27633   27612                
CQUAD4     25278       1   27446   27636   27635   27445                
CQUAD4     25279       1   27615   27635   27636   27616                
CQUAD4     25280       1   27616   27636   27416   27417                
CQUAD4     25281       1   27415   27416   27636   27446                
CQUAD4     25282       1   27445   27635   27632   27444                
CQUAD4     25283       1   27614   27632   27635   27615                
CQUAD4     25284       1   27644   27646   27645   27643                
CQUAD4     25285       1   27642   27645   27646   27641                
CQUAD4     25286       1   27641   27646   27423   27424                
CQUAD4     25287       1   27422   27423   27646   27644                
CQUAD4     25288       1   27643   27645   27639   27640                
CQUAD4     25289       1   27638   27639   27645   27642                
CQUAD4     25290       1   27609   27608   27643   27640                
CQUAD4     25291       1   27644   27643   27608   27607                
CQUAD4     25292       1   27422   27644   27607   27421                
CQUAD4     25293       1   27641   27648   27647   27642                
CQUAD4     25294       1   10334   27647   27648    3150                
CQUAD4     25295       1    3150   27648   27425    3151                
CQUAD4     25296       1   27424   27425   27648   27641                
CQUAD4     25297       1   27642   27647   27637   27638                
CQUAD4     25298       1    3148   27637   27647   10334                
CQUAD4     25299       1   27652   27654   27653   27651                
CQUAD4     25300       1   27650   27653   27654   27649                
CQUAD4     25301       1   27649   27654   27455   27454                
CQUAD4     25302       1   27456   27455   27654   27652                
CQUAD4     25303       1   27651   27653   27638   27637                
CQUAD4     25304       1   27639   27638   27653   27650                
CQUAD4     25305       1    3148    3147   27651   27637                
CQUAD4     25306       1   27652   27651    3147    3146                
CQUAD4     25307       1   27456   27652    3146    3145                
CQUAD4     25308       1   27649   27656   27655   27650                
CQUAD4     25309       1   27610   27655   27656   27611                
CQUAD4     25310       1   27611   27656   27453   27452                
CQUAD4     25311       1   27454   27453   27656   27649                
CQUAD4     25312       1   27650   27655   27640   27639                
CQUAD4     25313       1   27609   27640   27655   27610                
CQUAD4     25314       1   27697   27708   27695   27696                
CQUAD4     25315       1   27694   27695   27708   27707                
CQUAD4     25316       1   27707   27708   27703   27704                
CQUAD4     25317       1   27698   27703   27708   27697                
CQUAD4     25318       1   27694   27707   27706   27693                
CQUAD4     25319       1   27705   27706   27707   27704                
CQUAD4     25320       1   27693   27706   27702   27692                
CQUAD4     25321       1   27701   27702   27706   27705                
CQUAD4     25322       1   27700   27711   27382   27383                
CQUAD4     25323       1   27381   27382   27711   27710                
CQUAD4     25324       1   27710   27711   27705   27704                
CQUAD4     25325       1   27701   27705   27711   27700                
CQUAD4     25326       1   27381   27710   27709   27380                
CQUAD4     25327       1   27703   27709   27710   27704                
CQUAD4     25328       1   27380   27709   27699   27379                
CQUAD4     25329       1   27698   27699   27709   27703                
CQUAD4     25330       1   27682   27683   27701   27700                
CQUAD4     25331       1   27702   27701   27683   27684                
CQUAD4     25332       1   27692   27702   27684   27685                
CQUAD4     25333       1   27384   27682   27700   27383                
CQUAD4     25334       1   27688   27689   27697   27696                
CQUAD4     25335       1   27698   27697   27689   27690                
CQUAD4     25336       1   27379   27699   27691   27378                
CQUAD4     25337       1   27690   27691   27699   27698                
CQUAD4     25338       1   27694   27714   27713   27695                
CQUAD4     25339       1   27672   27713   27714   27671                
CQUAD4     25340       1   27671   27714   27712   27670                
CQUAD4     25341       1   27693   27712   27714   27694                
CQUAD4     25342       1   27687   27715   27673   27674                
CQUAD4     25343       1   27672   27673   27715   27713                
CQUAD4     25344       1   27713   27715   27696   27695                
CQUAD4     25345       1   27688   27696   27715   27687                
CQUAD4     25346       1   27692   27716   27712   27693                
CQUAD4     25347       1   27670   27712   27716   27669                
CQUAD4     25348       1   27669   27716   27686   27668                
CQUAD4     25349       1   27685   27686   27716   27692                
CQUAD4     25350       1   27675   27677   27687   27674                
CQUAD4     25351       1   27688   27687   27677   27678                
CQUAD4     25352       1   27689   27688   27678   27679                
CQUAD4     25353       1   27679   27680   27690   27689                
CQUAD4     25354       1   27691   27690   27680   27681                
CQUAD4     25355       1   27378   27691   27681   27377                
CQUAD4     25356       1   27718   27720   27684   27683                
CQUAD4     25357       1   27685   27684   27720   27719                
CQUAD4     25358       1   27719   27720   27659   27660                
CQUAD4     25359       1   27658   27659   27720   27718                
CQUAD4     25360       1   27685   27719   27717   27686                
CQUAD4     25361       1   27661   27717   27719   27660                
CQUAD4     25362       1   27682   27721   27718   27683                
CQUAD4     25363       1   27658   27718   27721   27657                
CQUAD4     25364       1   27657   27721   27385   27386                
CQUAD4     25365       1   27384   27385   27721   27682                
CQUAD4     25366       1   27686   27717   27667   27668                
CQUAD4     25367       1   27662   27667   27717   27661                
CQUAD4     25368       1   27722   27724   27335   27336                
CQUAD4     25369       1   27334   27335   27724   27723                
CQUAD4     25370       1   27723   27724   27679   27678                
CQUAD4     25371       1   27680   27679   27724   27722                
CQUAD4     25372       1   27676   27725   27677   27675                
CQUAD4     25373       1   27678   27677   27725   27723                
CQUAD4     25374       1   27723   27725   27333   27334                
CQUAD4     25375       1   27332   27333   27725   27676                
CQUAD4     25376       1   27337   27726   27722   27336                
CQUAD4     25377       1   27680   27722   27726   27681                
CQUAD4     25378       1   27681   27726   27376   27377                
CQUAD4     25379       1   27338   27376   27726   27337                
CQUAD4     25380       1   27745   27747   27737   27738                
CQUAD4     25381       1   27736   27737   27747   27746                
CQUAD4     25382       1   27746   27747   27743   27744                
CQUAD4     25383       1   27742   27743   27747   27745                
CQUAD4     25384       1   27736   27746   27741   27735                
CQUAD4     25385       1   27740   27741   27746   27744                
CQUAD4     25386       1   27742   27745   27674   27673                
CQUAD4     25387       1   27675   27674   27745   27738                
CQUAD4     25388       1   27748   27750   27732   27733                
CQUAD4     25389       1   27731   27732   27750   27749                
CQUAD4     25390       1   27749   27750   27743   27742                
CQUAD4     25391       1   27744   27743   27750   27748                
CQUAD4     25392       1   27731   27749   27672   27671                
CQUAD4     25393       1   27673   27672   27749   27742                
CQUAD4     25394       1   27744   27748   27739   27740                
CQUAD4     25395       1   27734   27739   27748   27733                
CQUAD4     25396       1   27741   27740   27429   27428                
CQUAD4     25397       1   27430   27429   27740   27739                
CQUAD4     25398       1   27431   27430   27739   27734                
CQUAD4     25399       1   27735   27741   27428   27427                
CQUAD4     25400       1   27330   27754   27753   27329                
CQUAD4     25401       1   27736   27753   27754   27737                
CQUAD4     25402       1   27737   27754   27752   27738                
CQUAD4     25403       1   27331   27752   27754   27330                
CQUAD4     25404       1   27329   27753   27751   27328                
CQUAD4     25405       1   27735   27751   27753   27736                
CQUAD4     25406       1   27738   27752   27676   27675                
CQUAD4     25407       1   27332   27676   27752   27331                
CQUAD4     25408       1   27328   27751   27426   27327                
CQUAD4     25409       1   27427   27426   27751   27735                
CQUAD4     25410       1   27728   27729   27733   27732                
CQUAD4     25411       1   27734   27733   27729   27730                
CQUAD4     25412       1   27431   27734   27730   27432                
CQUAD4     25413       1   27670   27727   27731   27671                
CQUAD4     25414       1   27732   27731   27727   27728                
CQUAD4     25415       1   27762   27766   27765   27761                
CQUAD4     25416       1   27764   27765   27766   27763                
CQUAD4     25417       1   27763   27766   27759   27760                
CQUAD4     25418       1   27758   27759   27766   27762                
CQUAD4     25419       1   27761   27765   27756   27757                
CQUAD4     25420       1   27755   27756   27765   27764                
CQUAD4     25421       1   27755   27764   27665   27666                
CQUAD4     25422       1   27664   27665   27764   27763                
CQUAD4     25423       1   27663   27664   27763   27760                
CQUAD4     25424       1   27730   27729   27761   27757                
CQUAD4     25425       1   27762   27761   27729   27728                
CQUAD4     25426       1   27758   27762   27728   27727                
CQUAD4     25427       1   27669   27668   27759   27758                
CQUAD4     25428       1   27760   27759   27668   27667                
CQUAD4     25429       1   27663   27760   27667   27662                
CQUAD4     25430       1   27670   27669   27758   27727                
CQUAD4     25431       1   27730   27757   27433   27432                
CQUAD4     25432       1   27434   27433   27757   27756                
CQUAD4     25433       1   27435   27434   27756   27755                
CQUAD4     25434       1   27436   27435   27755   27666                
CQUAD4     25435       1   27809   27811   27810   27808                
CQUAD4     25436       1   27805   27810   27811   27804                
CQUAD4     25437       1   27804   27811   27391   27392                
CQUAD4     25438       1   27390   27391   27811   27809                
CQUAD4     25439       1   27806   27812   27810   27805                
CQUAD4     25440       1   27808   27810   27812   27807                
CQUAD4     25441       1   27807   27812   27801   27802                
CQUAD4     25442       1   27800   27801   27812   27806                
CQUAD4     25443       1   27813   27815   27783   27784                
CQUAD4     25444       1   27782   27783   27815   27814                
CQUAD4     25445       1   27814   27815   27808   27807                
CQUAD4     25446       1   27809   27808   27815   27813                
CQUAD4     25447       1   27782   27814   27803   27781                
CQUAD4     25448       1   27802   27803   27814   27807                
CQUAD4     25449       1   27809   27813   27389   27390                
CQUAD4     25450       1   27388   27389   27813   27784                
CQUAD4     25451       1   27804   27817   27816   27805                
CQUAD4     25452       1   27794   27816   27817   27793                
CQUAD4     25453       1   27793   27817   27393   27394                
CQUAD4     25454       1   27392   27393   27817   27804                
CQUAD4     25455       1   27795   27818   27816   27794                
CQUAD4     25456       1   27805   27816   27818   27806                
CQUAD4     25457       1   27806   27818   27799   27800                
CQUAD4     25458       1   27796   27799   27818   27795                
CQUAD4     25459       1   27822   27824   27823   27821                
CQUAD4     25460       1   27820   27823   27824   27819                
CQUAD4     25461       1   27819   27824   27789   27790                
CQUAD4     25462       1   27788   27789   27824   27822                
CQUAD4     25463       1   27821   27823   27800   27799                
CQUAD4     25464       1   27801   27800   27823   27820                
CQUAD4     25465       1   27796   27797   27821   27799                
CQUAD4     25466       1   27822   27821   27797   27798                
CQUAD4     25467       1   27788   27822   27798   27787                
CQUAD4     25468       1   27826   27828   27827   27825                
CQUAD4     25469       1   27819   27827   27828   27820                
CQUAD4     25470       1   27820   27828   27802   27801                
CQUAD4     25471       1   27803   27802   27828   27826                
CQUAD4     25472       1   27825   27827   27791   27792                
CQUAD4     25473       1   27790   27791   27827   27819                
CQUAD4     25474       1   27778   27779   27825   27792                
CQUAD4     25475       1   27826   27825   27779   27780                
CQUAD4     25476       1   27803   27826   27780   27781                
CQUAD4     25477       1   27834   27836   27835   27833                
CQUAD4     25478       1   27797   27835   27836   27798                
CQUAD4     25479       1   27798   27836   27786   27787                
CQUAD4     25480       1   27785   27786   27836   27834                
CQUAD4     25481       1   27833   27835   27831   27832                
CQUAD4     25482       1   27796   27831   27835   27797                
CQUAD4     25483       1   27408   27409   27833   27832                
CQUAD4     25484       1   27834   27833   27409   27410                
CQUAD4     25485       1   27785   27834   27410   27411                
CQUAD4     25486       1   27830   27838   27837   27829                
CQUAD4     25487       1   27831   27837   27838   27832                
CQUAD4     25488       1   27832   27838   27407   27408                
CQUAD4     25489       1   27406   27407   27838   27830                
CQUAD4     25490       1   27829   27837   27795   27794                
CQUAD4     25491       1   27796   27795   27837   27831                
CQUAD4     25492       1   27793   27840   27829   27794                
CQUAD4     25493       1   27830   27829   27840   27839                
CQUAD4     25494       1   27839   27840   27395   27396                
CQUAD4     25495       1   27394   27395   27840   27793                
CQUAD4     25496       1   27830   27839   27405   27406                
CQUAD4     25497       1   27397   27405   27839   27396                
CQUAD4     25498       1   27842   27844   27787   27786                
CQUAD4     25499       1   27788   27787   27844   27843                
CQUAD4     25500       1   27843   27844   27769   27770                
CQUAD4     25501       1   27768   27769   27844   27842                
CQUAD4     25502       1   27788   27843   27841   27789                
CQUAD4     25503       1   27771   27841   27843   27770                
CQUAD4     25504       1   27785   27845   27842   27786                
CQUAD4     25505       1   27768   27842   27845   27767                
CQUAD4     25506       1   27767   27845   27412   27413                
CQUAD4     25507       1   27411   27412   27845   27785                
CQUAD4     25508       1   27790   27847   27846   27791                
CQUAD4     25509       1   27773   27846   27847   27772                
CQUAD4     25510       1   27772   27847   27841   27771                
CQUAD4     25511       1   27789   27841   27847   27790                
CQUAD4     25512       1   27777   27848   27774   27775                
CQUAD4     25513       1   27773   27774   27848   27846                
CQUAD4     25514       1   27846   27848   27792   27791                
CQUAD4     25515       1   27778   27792   27848   27777                
CQUAD4     25516       1   27849   27853   27658   27657                
CQUAD4     25517       1   27659   27658   27853   27852                
CQUAD4     25518       1   27852   27853   27783   27782                
CQUAD4     25519       1   27784   27783   27853   27849                
CQUAD4     25520       1   27659   27852   27851   27660                
CQUAD4     25521       1   27781   27851   27852   27782                
CQUAD4     25522       1   27660   27851   27850   27661                
CQUAD4     25523       1   27780   27850   27851   27781                
CQUAD4     25524       1   27854   27856   27778   27777                
CQUAD4     25525       1   27779   27778   27856   27855                
CQUAD4     25526       1   27855   27856   27663   27662                
CQUAD4     25527       1   27664   27663   27856   27854                
CQUAD4     25528       1   27779   27855   27850   27780                
CQUAD4     25529       1   27661   27850   27855   27662                
CQUAD4     25530       1   27664   27854   27776   27665                
CQUAD4     25531       1   27775   27776   27854   27777                
CQUAD4     25532       1   27784   27849   27387   27388                
CQUAD4     25533       1   27386   27387   27849   27657                
CQUAD4     25534       1   27858   27860   27770   27769                
CQUAD4     25535       1   27771   27770   27860   27859                
CQUAD4     25536       1   27859   27860   27443   27442                
CQUAD4     25537       1   27444   27443   27860   27858                
CQUAD4     25538       1   27441   27861   27859   27442                
CQUAD4     25539       1   27771   27859   27861   27772                
CQUAD4     25540       1   27772   27861   27857   27773                
CQUAD4     25541       1   27440   27857   27861   27441                
CQUAD4     25542       1   27445   27863   27862   27446                
CQUAD4     25543       1   27767   27862   27863   27768                
CQUAD4     25544       1   27768   27863   27858   27769                
CQUAD4     25545       1   27444   27858   27863   27445                
CQUAD4     25546       1   27446   27862   27414   27415                
CQUAD4     25547       1   27413   27414   27862   27767                
CQUAD4     25548       1   27864   27866   27775   27774                
CQUAD4     25549       1   27776   27775   27866   27865                
CQUAD4     25550       1   27865   27866   27438   27437                
CQUAD4     25551       1   27439   27438   27866   27864                
CQUAD4     25552       1   27776   27865   27666   27665                
CQUAD4     25553       1   27436   27666   27865   27437                
CQUAD4     25554       1   27439   27864   27857   27440                
CQUAD4     25555       1   27773   27857   27864   27774                
CQUAD4     25556       1   27899   27903   27901   27898                
CQUAD4     25557       1   27900   27901   27903   27902                
CQUAD4     25558       1   27902   27903   27896   27897                
CQUAD4     25559       1   27895   27896   27903   27899                
CQUAD4     25560       1   27900   27902   27885   27886                
CQUAD4     25561       1   27884   27885   27902   27897                
CQUAD4     25562       1   27875   27876   27900   27886                
CQUAD4     25563       1   27901   27900   27876   27877                
CQUAD4     25564       1   27898   27901   27877   27878                
CQUAD4     25565       1   27879   27892   27898   27878                
CQUAD4     25566       1   27899   27898   27892   27893                
CQUAD4     25567       1   27895   27899   27893   27894                
CQUAD4     25568       1   27888   27889   27895   27894                
CQUAD4     25569       1   27896   27895   27889   27890                
CQUAD4     25570       1   27884   27897   27891   27883                
CQUAD4     25571       1   27890   27891   27897   27896                
CQUAD4     25572       1   27887   27906    2129    2130                
CQUAD4     25573       1    2128    2129   27906   27905                
CQUAD4     25574       1   27905   27906   27894   27893                
CQUAD4     25575       1   27888   27894   27906   27887                
CQUAD4     25576       1    2128   27905   27904    2127                
CQUAD4     25577       1   27892   27904   27905   27893                
CQUAD4     25578       1    2127   27904   27880    2126                
CQUAD4     25579       1   27879   27880   27904   27892                
CQUAD4     25580       1   27910   27912   27911   27909                
CQUAD4     25581       1   27908   27911   27912   27907                
CQUAD4     25582       1   27907   27912   27868   27869                
CQUAD4     25583       1   27867   27868   27912   27910                
CQUAD4     25584       1   27909   27911   27888   27887                
CQUAD4     25585       1   27889   27888   27911   27908                
CQUAD4     25586       1   27867   27910     412    2132                
CQUAD4     25587       1    2131     412   27910   27909                
CQUAD4     25588       1    2130    2131   27909   27887                
CQUAD4     25589       1   27914   27916   27915   27913                
CQUAD4     25590       1   27907   27915   27916   27908                
CQUAD4     25591       1   27908   27916   27890   27889                
CQUAD4     25592       1   27891   27890   27916   27914                
CQUAD4     25593       1   27913   27915   27870   27871                
CQUAD4     25594       1   27869   27870   27915   27907                
CQUAD4     25595       1   27872   27881   27913   27871                
CQUAD4     25596       1   27914   27913   27881   27882                
CQUAD4     25597       1   27891   27914   27882   27883                
CQUAD4     25598       1   27882   27920   27919   27883                
CQUAD4     25599       1   27414   27919   27920   27415                
CQUAD4     25600       1   27415   27920   27918   27416                
CQUAD4     25601       1   27881   27918   27920   27882                
CQUAD4     25602       1   27883   27919   27917   27884                
CQUAD4     25603       1   27413   27917   27919   27414                
CQUAD4     25604       1   27416   27918   27873   27417                
CQUAD4     25605       1   27872   27873   27918   27881                
CQUAD4     25606       1   27885   27922   27921   27886                
CQUAD4     25607       1   27411   27921   27922   27412                
CQUAD4     25608       1   27412   27922   27917   27413                
CQUAD4     25609       1   27884   27917   27922   27885                
CQUAD4     25610       1   27886   27921   27874   27875                
CQUAD4     25611       1   27410   27874   27921   27411                
CQUAD4     25612       1   27874   27938   27937   27875                
CQUAD4     25613       1   27936   27937   27938   27935                
CQUAD4     25614       1   27935   27938   27409   27408                
CQUAD4     25615       1   27410   27409   27938   27874                
CQUAD4     25616       1   27875   27937   27934   27876                
CQUAD4     25617       1   27933   27934   27937   27936                
CQUAD4     25618       1   27932   27940   27929   27930                
CQUAD4     25619       1   27928   27929   27940   27939                
CQUAD4     25620       1   27939   27940   27936   27935                
CQUAD4     25621       1   27933   27936   27940   27932                
CQUAD4     25622       1   27928   27939   27407   27406                
CQUAD4     25623       1   27408   27407   27939   27935                
CQUAD4     25624       1   27926   27943   27942   27925                
CQUAD4     25625       1   27932   27942   27943   27933                
CQUAD4     25626       1   27933   27943   27941   27934                
CQUAD4     25627       1   27927   27941   27943   27926                
CQUAD4     25628       1   27925   27942   27931   27924                
CQUAD4     25629       1   27930   27931   27942   27932                
CQUAD4     25630       1   27934   27941   27877   27876                
CQUAD4     25631       1   27878   27877   27941   27927                
CQUAD4     25632       1   27944   27946   27930   27929                
CQUAD4     25633       1   27931   27930   27946   27945                
CQUAD4     25634       1   27945   27946   27400   27401                
CQUAD4     25635       1   27399   27400   27946   27944                
CQUAD4     25636       1   27931   27945   27923   27924                
CQUAD4     25637       1   27402   27923   27945   27401                
CQUAD4     25638       1   27928   27947   27944   27929                
CQUAD4     25639       1   27399   27944   27947   27398                
CQUAD4     25640       1   27398   27947   27405   27397                
CQUAD4     25641       1   27406   27405   27947   27928                
CQUAD4     25642       1   27923   27953   27951   27924                
CQUAD4     25643       1   27950   27951   27953   27952                
CQUAD4     25644       1   27952   27953   27403   27404                
CQUAD4     25645       1   27402   27403   27953   27923                
CQUAD4     25646       1   27950   27952    2121    2122                
CQUAD4     25647       1    2120    2121   27952   27404                
CQUAD4     25648       1    2123   27948   27950    2122                
CQUAD4     25649       1   27951   27950   27948   27949                
CQUAD4     25650       1   27924   27951   27949   27925                
CQUAD4     25651       1   27880   27957    2125    2126                
CQUAD4     25652       1    2124    2125   27957   27956                
CQUAD4     25653       1   27956   27957   27954   27955                
CQUAD4     25654       1   27879   27954   27957   27880                
CQUAD4     25655       1    2124   27956   27948    2123                
CQUAD4     25656       1   27949   27948   27956   27955                
CQUAD4     25657       1   27949   27955   27926   27925                
CQUAD4     25658       1   27927   27926   27955   27954                
CQUAD4     25659       1   27878   27927   27954   27879                
CQUAD4     25660       1   27967   27968   27978   27151                
CQUAD4     25661       1   27977   27978   27968   27969                
CQUAD4     25662       1   27972   27977   27969   27970                
CQUAD4     25663       1   27151   27978   27980   27152                
CQUAD4     25664       1   27979   27980   27978   27977                
CQUAD4     25665       1   27973   27979   27977   27972                
CQUAD4     25666       1   27153   27979   27973   27974                
CQUAD4     25667       1   27153   27152   27980   27979                
CQUAD4     25668       1   27966   27967   27151   27150                
CQUAD4     25669       1   27154   27153   27974   27975                
CQUAD4     25670       1   27965   27966   27150   27149                
CQUAD4     25671       1   27155   27154   27975   27976                
CQUAD4     25672       1      91   27155   27976    2135                
CQUAD4     25673       1    3153   27965   27149      17                
CQUAD4     25674       1   27982   27984   27973   27972                
CQUAD4     25675       1   27974   27973   27984   27983                
CQUAD4     25676       1   27983   27984   27961   27962                
CQUAD4     25677       1   27960   27961   27984   27982                
CQUAD4     25678       1   27974   27983   27981   27975                
CQUAD4     25679       1   27963   27981   27983   27962                
CQUAD4     25680       1   27960   27982   27971   27959                
CQUAD4     25681       1   27970   27971   27982   27972                
CQUAD4     25682       1   27964   27985   27981   27963                
CQUAD4     25683       1   27975   27981   27985   27976                
CQUAD4     25684       1   27976   27985    2134    2135                
CQUAD4     25685       1    2133    2134   27985   27964                
CQUAD4     25686       1   27423   27988   27987   27424                
CQUAD4     25687       1   27966   27987   27988   27967                
CQUAD4     25688       1   27967   27988   27986   27968                
CQUAD4     25689       1   27422   27986   27988   27423                
CQUAD4     25690       1    3152   27989   27965    3153                
CQUAD4     25691       1   27966   27965   27989   27987                
CQUAD4     25692       1   27987   27989   27425   27424                
CQUAD4     25693       1    3151   27425   27989    3152                
CQUAD4     25694       1   27958   27992   27419   27418                
CQUAD4     25695       1   27420   27419   27992   27991                
CQUAD4     25696       1   27991   27992   27971   27970                
CQUAD4     25697       1   27959   27971   27992   27958                
CQUAD4     25698       1   27420   27991   27990   27421                
CQUAD4     25699       1   27969   27990   27991   27970                
CQUAD4     25700       1   27421   27990   27986   27422                
CQUAD4     25701       1   27968   27986   27990   27969                
CQUAD4     25702       1   27961   27960   27871   27870                
CQUAD4     25703       1   27872   27871   27960   27959                
CQUAD4     25704       1   27417   27873   27958   27418                
CQUAD4     25705       1   27959   27958   27873   27872                
CQUAD4     25706       1   27964   27963   27868   27867                
CQUAD4     25707       1   27869   27868   27963   27962                
CQUAD4     25708       1   27870   27869   27962   27961                
CQUAD4     25709       1    2133   27964   27867    2132                
CQUAD4     25710       1   28026   28028   28027   28025                
CQUAD4     25711       1   28022   28027   28028   28021                
CQUAD4     25712       1   28021   28028   28024   28020                
CQUAD4     25713       1   28023   28024   28028   28026                
CQUAD4     25714       1   28025   28027   28017   28018                
CQUAD4     25715       1   28016   28017   28027   28022                
CQUAD4     25716       1   28009   28010   28025   28018                
CQUAD4     25717       1   28026   28025   28010   28011                
CQUAD4     25718       1   28023   28026   28011   28012                
CQUAD4     25719       1   28019   28030   27362   27363                
CQUAD4     25720       1   27361   27362   28030   28029                
CQUAD4     25721       1   28029   28030   28024   28023                
CQUAD4     25722       1   28020   28024   28030   28019                
CQUAD4     25723       1   27361   28029   28013   27360                
CQUAD4     25724       1   28012   28013   28029   28023                
CQUAD4     25725       1   28002   28038   28037   28001                
CQUAD4     25726       1   28036   28037   28038   28035                
CQUAD4     25727       1   28035   28038   28033   28034                
CQUAD4     25728       1   28003   28033   28038   28002                
CQUAD4     25729       1   28001   28037   28032   28000                
CQUAD4     25730       1   28031   28032   28037   28036                
CQUAD4     25731       1   28022   28021   28035   28034                
CQUAD4     25732       1   28036   28035   28021   28020                
CQUAD4     25733       1   28031   28036   28020   28019                
CQUAD4     25734       1   28004   28014   28033   28003                
CQUAD4     25735       1   28034   28033   28014   28015                
CQUAD4     25736       1   28022   28034   28015   28016                
CQUAD4     25737       1   27363   27364   28031   28019                
CQUAD4     25738       1   28032   28031   27364   27365                
CQUAD4     25739       1   28000   28032   27365   27366                
CQUAD4     25740       1   28044   28046   28045   28043                
CQUAD4     25741       1   28014   28045   28046   28015                
CQUAD4     25742       1   28015   28046   28042   28016                
CQUAD4     25743       1   28041   28042   28046   28044                
CQUAD4     25744       1   28043   28045   28005   28006                
CQUAD4     25745       1   28004   28005   28045   28014                
CQUAD4     25746       1   28041   28044   27393   27392                
CQUAD4     25747       1   27394   27393   28044   28043                
CQUAD4     25748       1   27395   27394   28043   28006                
CQUAD4     25749       1   28041   28048   28047   28042                
CQUAD4     25750       1   28040   28047   28048   28039                
CQUAD4     25751       1   28039   28048   27391   27390                
CQUAD4     25752       1   27392   27391   28048   28041                
CQUAD4     25753       1   28042   28047   28017   28016                
CQUAD4     25754       1   28018   28017   28047   28040                
CQUAD4     25755       1   27389   28007   28039   27390                
CQUAD4     25756       1   28040   28039   28007   28008                
CQUAD4     25757       1   28018   28040   28008   28009                
CQUAD4     25758       1   28060   28068   28067   28059                
CQUAD4     25759       1   28066   28067   28068   28065                
CQUAD4     25760       1   28065   28068   28063   28064                
CQUAD4     25761       1   28061   28063   28068   28060                
CQUAD4     25762       1   28059   28067   28050   28051                
CQUAD4     25763       1   28049   28050   28067   28066                
CQUAD4     25764       1   28010   28009   28065   28064                
CQUAD4     25765       1   28066   28065   28009   28008                
CQUAD4     25766       1   28049   28066   28008   28007                
CQUAD4     25767       1   28011   28070   28058   28012                
CQUAD4     25768       1   28057   28058   28070   28069                
CQUAD4     25769       1   28069   28070   28064   28063                
CQUAD4     25770       1   28010   28064   28070   28011                
CQUAD4     25771       1   28057   28069   28062   28056                
CQUAD4     25772       1   28061   28062   28069   28063                
CQUAD4     25773       1   28061   28076   28075   28062                
CQUAD4     25774       1   28074   28075   28076   28073                
CQUAD4     25775       1   28073   28076   28071   28072                
CQUAD4     25776       1   28060   28071   28076   28061                
CQUAD4     25777       1   28062   28075   28055   28056                
CQUAD4     25778       1   28054   28055   28075   28074                
CQUAD4     25779       1   27995   27996   28073   28072                
CQUAD4     25780       1   28074   28073   27996   27997                
CQUAD4     25781       1   28054   28074   27997   27998                
CQUAD4     25782       1   28059   28078   28071   28060                
CQUAD4     25783       1   28072   28071   28078   28077                
CQUAD4     25784       1   28077   28078   28052   28053                
CQUAD4     25785       1   28051   28052   28078   28059                
CQUAD4     25786       1   28072   28077   27994   27995                
CQUAD4     25787       1   27993   27994   28077   28053                
CQUAD4     25788       1   28080   28082   28055   28054                
CQUAD4     25789       1   28056   28055   28082   28081                
CQUAD4     25790       1   28081   28082   27356   27357                
CQUAD4     25791       1   27355   27356   28082   28080                
CQUAD4     25792       1   28079   28083   27358   27359                
CQUAD4     25793       1   27357   27358   28083   28081                
CQUAD4     25794       1   28081   28083   28057   28056                
CQUAD4     25795       1   28058   28057   28083   28079                
CQUAD4     25796       1   27355   28080   27999   27354                
CQUAD4     25797       1   27998   27999   28080   28054                
CQUAD4     25798       1   28058   28079   28013   28012                
CQUAD4     25799       1   27360   28013   28079   27359                
CQUAD4     25800       1   28051   28050   27387   27386                
CQUAD4     25801       1   27388   27387   28050   28049                
CQUAD4     25802       1   27389   27388   28049   28007                
CQUAD4     25803       1   28052   28051   27386   27385                
CQUAD4     25804       1   27993   28053   27384   27383                
CQUAD4     25805       1   27385   27384   28053   28052                
CQUAD4     25806       1   28104   28108   28106   28103                
CQUAD4     25807       1   28105   28106   28108   28107                
CQUAD4     25808       1   28107   28108   28101   28102                
CQUAD4     25809       1   28100   28101   28108   28104                
CQUAD4     25810       1   28105   28107   27397   27396                
CQUAD4     25811       1   27398   27397   28107   28102                
CQUAD4     25812       1   27395   28006   28105   27396                
CQUAD4     25813       1   28106   28105   28006   28005                
CQUAD4     25814       1   28103   28106   28005   28004                
CQUAD4     25815       1   28103   28110   28109   28104                
CQUAD4     25816       1   28096   28109   28110   28095                
CQUAD4     25817       1   28095   28110   28003   28002                
CQUAD4     25818       1   28004   28003   28110   28103                
CQUAD4     25819       1   28104   28109   28099   28100                
CQUAD4     25820       1   28097   28099   28109   28096                
CQUAD4     25821       1   28111   28113   28088   28089                
CQUAD4     25822       1   28087   28088   28113   28112                
CQUAD4     25823       1   28112   28113   28100   28099                
CQUAD4     25824       1   28101   28100   28113   28111                
CQUAD4     25825       1   28087   28112   28098   28086                
CQUAD4     25826       1   28097   28098   28112   28099                
CQUAD4     25827       1   28090   28114   28111   28089                
CQUAD4     25828       1   28101   28111   28114   28102                
CQUAD4     25829       1   28102   28114   27399   27398                
CQUAD4     25830       1   27400   27399   28114   28090                
CQUAD4     25831       1   28115   28117   28097   28096                
CQUAD4     25832       1   28098   28097   28117   28116                
CQUAD4     25833       1   28116   28117   28093   28094                
CQUAD4     25834       1   28092   28093   28117   28115                
CQUAD4     25835       1   28098   28116   28085   28086                
CQUAD4     25836       1   28084   28085   28116   28094                
CQUAD4     25837       1   28095   28118   28115   28096                
CQUAD4     25838       1   28092   28115   28118   28091                
CQUAD4     25839       1   28091   28118   28001   28000                
CQUAD4     25840       1   28002   28001   28118   28095                
CQUAD4     25841       1   28093   28092   27368   27369                
CQUAD4     25842       1   27367   27368   28092   28091                
CQUAD4     25843       1   27366   27367   28091   28000                
CQUAD4     25844       1   28084   28094   27370   27371                
CQUAD4     25845       1   27369   27370   28094   28093                
CQUAD4     25846       1   28136   28140   28139   28135                
CQUAD4     25847       1   28138   28139   28140   28137                
CQUAD4     25848       1   28137   28140   28132   28133                
CQUAD4     25849       1   28131   28132   28140   28136                
CQUAD4     25850       1   28135   28139   28087   28086                
CQUAD4     25851       1   28088   28087   28139   28138                
CQUAD4     25852       1   28134   28142   28137   28133                
CQUAD4     25853       1   28138   28137   28142   28141                
CQUAD4     25854       1   28141   28142   28129   28130                
CQUAD4     25855       1   28128   28129   28142   28134                
CQUAD4     25856       1   28138   28141   28089   28088                
CQUAD4     25857       1   28090   28089   28141   28130                
CQUAD4     25858       1   28085   28123   28135   28086                
CQUAD4     25859       1   28136   28135   28123   28124                
CQUAD4     25860       1   28131   28136   28124   28125                
CQUAD4     25861       1   28143   28145    2116    2117                
CQUAD4     25862       1    2115    2116   28145   28144                
CQUAD4     25863       1   28144   28145   28132   28131                
CQUAD4     25864       1   28133   28132   28145   28143                
CQUAD4     25865       1    2115   28144   28126    2114                
CQUAD4     25866       1   28125   28126   28144   28131                
CQUAD4     25867       1    2118   28146   28143    2117                
CQUAD4     25868       1   28133   28143   28146   28134                
CQUAD4     25869       1   28134   28146   28127   28128                
CQUAD4     25870       1    2119   28127   28146    2118                
CQUAD4     25871       1   27403   27402   28129   28128                
CQUAD4     25872       1   28130   28129   27402   27401                
CQUAD4     25873       1   28090   28130   27401   27400                
CQUAD4     25874       1    2120   27404   28127    2119                
CQUAD4     25875       1   28128   28127   27404   27403                
CQUAD4     25876       1   28125   28124   28120   28121                
CQUAD4     25877       1   28119   28120   28124   28123                
CQUAD4     25878       1   28084   28119   28123   28085                
CQUAD4     25879       1    2114   28126   28122    2113                
CQUAD4     25880       1   28121   28122   28126   28125                
CQUAD4     25881       1   28121   28120   27373   27374                
CQUAD4     25882       1   27372   27373   28120   28119                
CQUAD4     25883       1   27371   27372   28119   28084                
CQUAD4     25884       1    2113   28122   27375    1689                
CQUAD4     25885       1   27374   27375   28122   28121                
CQUAD4     25886       1   28174   28176   28163   28164                
CQUAD4     25887       1   28162   28163   28176   28175                
CQUAD4     25888       1   28175   28176   28172   28173                
CQUAD4     25889       1   28171   28172   28176   28174                
CQUAD4     25890       1   28162   28175   28170   28161                
CQUAD4     25891       1   28169   28170   28175   28173                
CQUAD4     25892       1   28171   28174   27995   27994                
CQUAD4     25893       1   27996   27995   28174   28164                
CQUAD4     25894       1   28177   28179   28172   28171                
CQUAD4     25895       1   28173   28172   28179   28178                
CQUAD4     25896       1   28178   28179   27381   27380                
CQUAD4     25897       1   27382   27381   28179   28177                
CQUAD4     25898       1   28173   28178   28168   28169                
CQUAD4     25899       1   27379   28168   28178   27380                
CQUAD4     25900       1   27382   28177   27993   27383                
CQUAD4     25901       1   27994   27993   28177   28171                
CQUAD4     25902       1   27378   28165   28168   27379                
CQUAD4     25903       1   28169   28168   28165   28166                
CQUAD4     25904       1   28161   28170   28167   28160                
CQUAD4     25905       1   28166   28167   28170   28169                
CQUAD4     25906       1   28167   28166   28155   28156                
CQUAD4     25907       1   28154   28155   28166   28165                
CQUAD4     25908       1   27377   28154   28165   27378                
CQUAD4     25909       1   28160   28167   28156   28157                
CQUAD4     25910       1   28185   28187   28186   28184                
CQUAD4     25911       1   28152   28186   28187   28151                
CQUAD4     25912       1   28151   28187   28181   28150                
CQUAD4     25913       1   28180   28181   28187   28185                
CQUAD4     25914       1   28184   28186   28182   28183                
CQUAD4     25915       1   28153   28182   28186   28152                
CQUAD4     25916       1   28164   28163   28184   28183                
CQUAD4     25917       1   28185   28184   28163   28162                
CQUAD4     25918       1   28180   28185   28162   28161                
CQUAD4     25919       1   28164   28183   27997   27996                
CQUAD4     25920       1   27998   27997   28183   28182                
CQUAD4     25921       1   27999   27998   28182   28153                
CQUAD4     25922       1   28180   28189   28188   28181                
CQUAD4     25923       1   28159   28188   28189   28158                
CQUAD4     25924       1   28158   28189   28160   28157                
CQUAD4     25925       1   28161   28160   28189   28180                
CQUAD4     25926       1   28181   28188   28149   28150                
CQUAD4     25927       1   28148   28149   28188   28159                
CQUAD4     25928       1   28147   28193   27344   27345                
CQUAD4     25929       1   27343   27344   28193   28192                
CQUAD4     25930       1   28192   28193   28159   28158                
CQUAD4     25931       1   28148   28159   28193   28147                
CQUAD4     25932       1   27343   28192   28191   27342                
CQUAD4     25933       1   28157   28191   28192   28158                
CQUAD4     25934       1   27342   28191   28190   27341                
CQUAD4     25935       1   28156   28190   28191   28157                
CQUAD4     25936       1   27376   28195   28154   27377                
CQUAD4     25937       1   28155   28154   28195   28194                
CQUAD4     25938       1   28194   28195   27339   27340                
CQUAD4     25939       1   27338   27339   28195   27376                
CQUAD4     25940       1   28155   28194   28190   28156                
CQUAD4     25941       1   27341   28190   28194   27340                
CQUAD4     25942       1   28152   28151   27351   27352                
CQUAD4     25943       1   27350   27351   28151   28150                
CQUAD4     25944       1   27349   27350   28150   28149                
CQUAD4     25945       1   27999   28153   27353   27354                
CQUAD4     25946       1   27352   27353   28153   28152                
CQUAD4     25947       1   27346   27347   28147   27345                
CQUAD4     25948       1   28148   28147   27347   27348                
CQUAD4     25949       1   28149   28148   27348   27349                
CQUAD4     25950       1   28363   28365   28364   28362                
CQUAD4     25951       1   28348   28364   28365   28347                
CQUAD4     25952       1   28347   28365   28359   28346                
CQUAD4     25953       1   28358   28359   28365   28363                
CQUAD4     25954       1   28362   28364   28351   28352                
CQUAD4     25955       1   28349   28351   28364   28348                
CQUAD4     25956       1   28353   28360   28362   28352                
CQUAD4     25957       1   28363   28362   28360   28361                
CQUAD4     25958       1   28358   28363   28361   28357                
CQUAD4     25959       1   28317   28318   28360   28353                
CQUAD4     25960       1   28361   28360   28318   28319                
CQUAD4     25961       1   28357   28361   28319   28320                
CQUAD4     25962       1   28321   28354   28357   28320                
CQUAD4     25963       1   28358   28357   28354   28355                
CQUAD4     25964       1   28346   28359   28356   28345                
CQUAD4     25965       1   28355   28356   28359   28358                
CQUAD4     25966       1   28356   28355   28332   28333                
CQUAD4     25967       1   28331   28332   28355   28354                
CQUAD4     25968       1   28322   28331   28354   28321                
CQUAD4     25969       1   28345   28356   28333   28334                
CQUAD4     25970       1   28352   28368   28367   28353                
CQUAD4     25971       1   28344   28367   28368   28343                
CQUAD4     25972       1   28343   28368   28366   28342                
CQUAD4     25973       1   28351   28366   28368   28352                
CQUAD4     25974       1   28353   28367   28316   28317                
CQUAD4     25975       1   28315   28316   28367   28344                
CQUAD4     25976       1   28342   28366   28350   28341                
CQUAD4     25977       1   28349   28350   28366   28351                
CQUAD4     25978       1   28377   28381   28379   28376                
CQUAD4     25979       1   28378   28379   28381   28380                
CQUAD4     25980       1   28380   28381   28336   28337                
CQUAD4     25981       1   28335   28336   28381   28377                
CQUAD4     25982       1   28378   28380   28324   28325                
CQUAD4     25983       1   28323   28324   28380   28337                
CQUAD4     25984       1   28326   28383   28378   28325                
CQUAD4     25985       1   28379   28378   28383   28382                
CQUAD4     25986       1   28382   28383   28372   28373                
CQUAD4     25987       1   28327   28372   28383   28326                
CQUAD4     25988       1   28379   28382   28375   28376                
CQUAD4     25989       1   28374   28375   28382   28373                
CQUAD4     25990       1   28348   28347   28375   28374                
CQUAD4     25991       1   28376   28375   28347   28346                
CQUAD4     25992       1   28335   28377   28345   28334                
CQUAD4     25993       1   28346   28345   28377   28376                
CQUAD4     25994       1   28384   28386   28370   28371                
CQUAD4     25995       1   28369   28370   28386   28385                
CQUAD4     25996       1   28385   28386   28373   28372                
CQUAD4     25997       1   28374   28373   28386   28384                
CQUAD4     25998       1   28369   28385   28328   28329                
CQUAD4     25999       1   28327   28328   28385   28372                
CQUAD4     26000       1   28374   28384   28349   28348                
CQUAD4     26001       1   28350   28349   28384   28371                
CQUAD4     26002       1   28330   28338   28369   28329                
CQUAD4     26003       1   28370   28369   28338   28339                
CQUAD4     26004       1   28350   28371   28340   28341                
CQUAD4     26005       1   28339   28340   28371   28370                
CQUAD4     26006       1   28341   28340   28306   28307                
CQUAD4     26007       1   28305   28306   28340   28339                
CQUAD4     26008       1   28303   28304   28338   28330                
CQUAD4     26009       1   28339   28338   28304   28305                
CQUAD4     26010       1   28307   28308   28342   28341                
CQUAD4     26011       1   28343   28342   28308   28309                
CQUAD4     26012       1   28315   28344   28310   28311                
CQUAD4     26013       1   28309   28310   28344   28343                
CQUAD4     26014       1   28201   28202   28333   28332                
CQUAD4     26015       1   28334   28333   28202   28203                
CQUAD4     26016       1   28335   28334   28203   28204                
CQUAD4     26017       1   28199   28200   28331   28322                
CQUAD4     26018       1   28332   28331   28200   28201                
CQUAD4     26019       1   28323   28337   28206   28207                
CQUAD4     26020       1   28205   28206   28337   28336                
CQUAD4     26021       1   28204   28205   28336   28335                
CQUAD4     26022       1   28395   28399   28397   28394                
CQUAD4     26023       1   28396   28397   28399   28398                
CQUAD4     26024       1   28398   28399   28289   28290                
CQUAD4     26025       1   28288   28289   28399   28395                
CQUAD4     26026       1   28396   28398   28390   28391                
CQUAD4     26027       1   28291   28390   28398   28290                
CQUAD4     26028       1   28393   28401   28328   28327                
CQUAD4     26029       1   28329   28328   28401   28400                
CQUAD4     26030       1   28400   28401   28397   28396                
CQUAD4     26031       1   28394   28397   28401   28393                
CQUAD4     26032       1   28329   28400   28392   28330                
CQUAD4     26033       1   28391   28392   28400   28396                
CQUAD4     26034       1   28403   28407   28405   28402                
CQUAD4     26035       1   28404   28405   28407   28406                
CQUAD4     26036       1   28406   28407   28394   28393                
CQUAD4     26037       1   28395   28394   28407   28403                
CQUAD4     26038       1   28404   28406   28326   28325                
CQUAD4     26039       1   28327   28326   28406   28393                
CQUAD4     26040       1   28402   28405   28388   28389                
CQUAD4     26041       1   28387   28388   28405   28404                
CQUAD4     26042       1   28324   28387   28404   28325                
CQUAD4     26043       1   28285   28286   28402   28389                
CQUAD4     26044       1   28403   28402   28286   28287                
CQUAD4     26045       1   28395   28403   28287   28288                
CQUAD4     26046       1   28292   28300   28390   28291                
CQUAD4     26047       1   28391   28390   28300   28301                
CQUAD4     26048       1   28392   28391   28301   28302                
CQUAD4     26049       1   28330   28392   28302   28303                
CQUAD4     26050       1   28209   28410   28409   28208                
CQUAD4     26051       1   28387   28409   28410   28388                
CQUAD4     26052       1   28388   28410   28408   28389                
CQUAD4     26053       1   28210   28408   28410   28209                
CQUAD4     26054       1   28208   28409   28323   28207                
CQUAD4     26055       1   28324   28323   28409   28387                
CQUAD4     26056       1   28389   28408   28284   28285                
CQUAD4     26057       1   28211   28284   28408   28210                
CQUAD4     26058       1   28416   28420   28418   28415                
CQUAD4     26059       1   28417   28418   28420   28419                
CQUAD4     26060       1   28419   28420    2118    2117                
CQUAD4     26061       1    2119    2118   28420   28416                
CQUAD4     26062       1   28417   28419   28411   28412                
CQUAD4     26063       1    2116   28411   28419    2117                
CQUAD4     26064       1   28413   28422   28417   28412                
CQUAD4     26065       1   28418   28417   28422   28421                
CQUAD4     26066       1   28421   28422   28318   28317                
CQUAD4     26067       1   28319   28318   28422   28413                
CQUAD4     26068       1   28418   28421   28414   28415                
CQUAD4     26069       1   28316   28414   28421   28317                
CQUAD4     26070       1   28315   28424   28414   28316                
CQUAD4     26071       1   28415   28414   28424   28423                
CQUAD4     26072       1   28423   28424   28312   28313                
CQUAD4     26073       1   28311   28312   28424   28315                
CQUAD4     26074       1   28314   28425   28423   28313                
CQUAD4     26075       1   28415   28423   28425   28416                
CQUAD4     26076       1   28416   28425    2120    2119                
CQUAD4     26077       1    2121    2120   28425   28314                
CQUAD4     26078       1   28428   28430   28429   28427                
CQUAD4     26079       1   28412   28429   28430   28413                
CQUAD4     26080       1   28413   28430   28320   28319                
CQUAD4     26081       1   28321   28320   28430   28428                
CQUAD4     26082       1   28411   28431   28429   28412                
CQUAD4     26083       1   28427   28429   28431   28426                
CQUAD4     26084       1   28426   28431    2115    2114                
CQUAD4     26085       1    2116    2115   28431   28411                
CQUAD4     26086       1   28426   28433   28432   28427                
CQUAD4     26087       1   28197   28432   28433   28196                
CQUAD4     26088       1   28196   28433    2113    1689                
CQUAD4     26089       1    2114    2113   28433   28426                
CQUAD4     26090       1   28322   28434   28198   28199                
CQUAD4     26091       1   28197   28198   28434   28432                
CQUAD4     26092       1   28432   28434   28428   28427                
CQUAD4     26093       1   28321   28428   28434   28322                
CQUAD4     26094       1   28460   28462   28461   28459                
CQUAD4     26095       1   28456   28461   28462   28455                
CQUAD4     26096       1   28455   28462   28458   28454                
CQUAD4     26097       1   28457   28458   28462   28460                
CQUAD4     26098       1   28459   28461   28452   28453                
CQUAD4     26099       1   28451   28452   28461   28456                
CQUAD4     26100       1   28445   28446   28459   28453                
CQUAD4     26101       1   28460   28459   28446   28447                
CQUAD4     26102       1   28457   28460   28447   28448                
CQUAD4     26103       1   28454   28458   28303   28302                
CQUAD4     26104       1   28304   28303   28458   28457                
CQUAD4     26105       1   28305   28304   28457   28448                
CQUAD4     26106       1   28293   28466   28300   28292                
CQUAD4     26107       1   28301   28300   28466   28465                
CQUAD4     26108       1   28465   28466   28463   28464                
CQUAD4     26109       1   28294   28463   28466   28293                
CQUAD4     26110       1   28301   28465   28454   28302                
CQUAD4     26111       1   28455   28454   28465   28464                
CQUAD4     26112       1   28463   28468   28467   28464                
CQUAD4     26113       1   28450   28467   28468   28449                
CQUAD4     26114       1   28449   28468   28295   28296                
CQUAD4     26115       1   28294   28295   28468   28463                
CQUAD4     26116       1   28464   28467   28456   28455                
CQUAD4     26117       1   28451   28456   28467   28450                
CQUAD4     26118       1   28471   28477   28474   28470                
CQUAD4     26119       1   28473   28474   28477   28476                
CQUAD4     26120       1   28476   28477   28451   28450                
CQUAD4     26121       1   28452   28451   28477   28471                
CQUAD4     26122       1   28473   28476   28475   28472                
CQUAD4     26123       1   28449   28475   28476   28450                
CQUAD4     26124       1   28472   28475   28297   28298                
CQUAD4     26125       1   28296   28297   28475   28449                
CQUAD4     26126       1   28472   28480   28479   28473                
CQUAD4     26127       1   28270   28479   28480   28269                
CQUAD4     26128       1   28269   28480   28299   28268                
CQUAD4     26129       1   28298   28299   28480   28472                
CQUAD4     26130       1   28473   28479   28478   28474                
CQUAD4     26131       1   28271   28478   28479   28270                
CQUAD4     26132       1   28474   28478   28469   28470                
CQUAD4     26133       1   28272   28469   28478   28271                
CQUAD4     26134       1   28469   28482   28481   28470                
CQUAD4     26135       1   28443   28481   28482   28442                
CQUAD4     26136       1   28442   28482   28273   28274                
CQUAD4     26137       1   28272   28273   28482   28469                
CQUAD4     26138       1   28444   28483   28481   28443                
CQUAD4     26139       1   28470   28481   28483   28471                
CQUAD4     26140       1   28471   28483   28453   28452                
CQUAD4     26141       1   28445   28453   28483   28444                
CQUAD4     26142       1   28444   28487   28486   28445                
CQUAD4     26143       1   28438   28486   28487   28437                
CQUAD4     26144       1   28437   28487   28485   28436                
CQUAD4     26145       1   28443   28485   28487   28444                
CQUAD4     26146       1   28445   28486   28484   28446                
CQUAD4     26147       1   28439   28484   28486   28438                
CQUAD4     26148       1   28275   28488   28442   28274                
CQUAD4     26149       1   28443   28442   28488   28485                
CQUAD4     26150       1   28485   28488   28435   28436                
CQUAD4     26151       1   28276   28435   28488   28275                
CQUAD4     26152       1   28306   28490   28441   28307                
CQUAD4     26153       1   28440   28441   28490   28489                
CQUAD4     26154       1   28489   28490   28448   28447                
CQUAD4     26155       1   28305   28448   28490   28306                
CQUAD4     26156       1   28440   28489   28484   28439                
CQUAD4     26157       1   28446   28484   28489   28447                
CQUAD4     26158       1   28503   28505   28504   28502                
CQUAD4     26159       1   28499   28504   28505   28498                
CQUAD4     26160       1   28498   28505   28279   28280                
CQUAD4     26161       1   28278   28279   28505   28503                
CQUAD4     26162       1   28500   28506   28504   28499                
CQUAD4     26163       1   28502   28504   28506   28501                
CQUAD4     26164       1   28501   28506   28495   28496                
CQUAD4     26165       1   28494   28495   28506   28500                
CQUAD4     26166       1   28501   28508   28507   28502                
CQUAD4     26167       1   28436   28507   28508   28437                
CQUAD4     26168       1   28437   28508   28497   28438                
CQUAD4     26169       1   28496   28497   28508   28501                
CQUAD4     26170       1   28435   28509   28507   28436                
CQUAD4     26171       1   28502   28507   28509   28503                
CQUAD4     26172       1   28503   28509   28277   28278                
CQUAD4     26173       1   28276   28277   28509   28435                
CQUAD4     26174       1   28498   28514   28512   28499                
CQUAD4     26175       1   28511   28512   28514   28513                
CQUAD4     26176       1   28513   28514   28281   28282                
CQUAD4     26177       1   28280   28281   28514   28498                
CQUAD4     26178       1   28283   28515   28513   28282                
CQUAD4     26179       1   28511   28513   28515   28510                
CQUAD4     26180       1   28510   28515    2128    2127                
CQUAD4     26181       1    2129    2128   28515   28283                
CQUAD4     26182       1    2126   28517   28510    2127                
CQUAD4     26183       1   28511   28510   28517   28516                
CQUAD4     26184       1   28516   28517   28491   28492                
CQUAD4     26185       1    2125   28491   28517    2126                
CQUAD4     26186       1   28493   28518   28516   28492                
CQUAD4     26187       1   28511   28516   28518   28512                
CQUAD4     26188       1   28512   28518   28500   28499                
CQUAD4     26189       1   28494   28500   28518   28493                
CQUAD4     26190       1   28524   28528   28526   28523                
CQUAD4     26191       1   28525   28526   28528   28527                
CQUAD4     26192       1   28527   28528   28312   28311                
CQUAD4     26193       1   28313   28312   28528   28524                
CQUAD4     26194       1   28525   28527   28519   28520                
CQUAD4     26195       1   28310   28519   28527   28311                
CQUAD4     26196       1   28521   28530   28525   28520                
CQUAD4     26197       1   28526   28525   28530   28529                
CQUAD4     26198       1   28529   28530   28494   28493                
CQUAD4     26199       1   28495   28494   28530   28521                
CQUAD4     26200       1   28526   28529   28522   28523                
CQUAD4     26201       1   28492   28522   28529   28493                
CQUAD4     26202       1    2123   28533   28532    2124                
CQUAD4     26203       1   28522   28532   28533   28523                
CQUAD4     26204       1   28523   28533   28531   28524                
CQUAD4     26205       1    2122   28531   28533    2123                
CQUAD4     26206       1    2124   28532   28491    2125                
CQUAD4     26207       1   28492   28491   28532   28522                
CQUAD4     26208       1   28524   28531   28314   28313                
CQUAD4     26209       1    2121   28314   28531    2122                
CQUAD4     26210       1   28537   28539   28538   28536                
CQUAD4     26211       1   28535   28538   28539   28534                
CQUAD4     26212       1   28534   28539   28440   28439                
CQUAD4     26213       1   28441   28440   28539   28537                
CQUAD4     26214       1   28536   28538   28520   28519                
CQUAD4     26215       1   28521   28520   28538   28535                
CQUAD4     26216       1   28441   28537   28308   28307                
CQUAD4     26217       1   28309   28308   28537   28536                
CQUAD4     26218       1   28310   28309   28536   28519                
CQUAD4     26219       1   28438   28497   28534   28439                
CQUAD4     26220       1   28535   28534   28497   28496                
CQUAD4     26221       1   28521   28535   28496   28495                
CQUAD4     26222       1   28590   28592   28591   28589                
CQUAD4     26223       1   28585   28591   28592   28584                
CQUAD4     26224       1   28584   28592   28588   28583                
CQUAD4     26225       1   28587   28588   28592   28590                
CQUAD4     26226       1   28589   28591   28565   28566                
CQUAD4     26227       1   28564   28565   28591   28585                
CQUAD4     26228       1   28567   28594   28589   28566                
CQUAD4     26229       1   28590   28589   28594   28593                
CQUAD4     26230       1   28593   28594   28578   28579                
CQUAD4     26231       1   28568   28578   28594   28567                
CQUAD4     26232       1   28590   28593   28586   28587                
CQUAD4     26233       1   28580   28586   28593   28579                
CQUAD4     26234       1   28582   28597   28576   28577                
CQUAD4     26235       1   28575   28576   28597   28596                
CQUAD4     26236       1   28596   28597   28588   28587                
CQUAD4     26237       1   28583   28588   28597   28582                
CQUAD4     26238       1   28575   28596   28595   28574                
CQUAD4     26239       1   28586   28595   28596   28587                
CQUAD4     26240       1   28574   28595   28581   28573                
CQUAD4     26241       1   28580   28581   28595   28586                
CQUAD4     26242       1   28564   28585   28286   28285                
CQUAD4     26243       1   28287   28286   28585   28584                
CQUAD4     26244       1   28288   28287   28584   28583                
CQUAD4     26245       1   28289   28288   28583   28582                
CQUAD4     26246       1   28290   28289   28582   28577                
CQUAD4     26247       1   28601   28603   28602   28600                
CQUAD4     26248       1   28558   28602   28603   28557                
CQUAD4     26249       1   28557   28603   28599   28556                
CQUAD4     26250       1   28598   28599   28603   28601                
CQUAD4     26251       1   28600   28602   28571   28572                
CQUAD4     26252       1   28559   28571   28602   28558                
CQUAD4     26253       1   28573   28581   28600   28572                
CQUAD4     26254       1   28601   28600   28581   28580                
CQUAD4     26255       1   28598   28601   28580   28579                
CQUAD4     26256       1   28598   28605   28604   28599                
CQUAD4     26257       1   28570   28604   28605   28569                
CQUAD4     26258       1   28569   28605   28578   28568                
CQUAD4     26259       1   28579   28578   28605   28598                
CQUAD4     26260       1   28599   28604   28555   28556                
CQUAD4     26261       1   28554   28555   28604   28570                
CQUAD4     26262       1   28616   28618   28617   28615                
CQUAD4     26263       1   28571   28617   28618   28572                
CQUAD4     26264       1   28572   28618   28614   28573                
CQUAD4     26265       1   28613   28614   28618   28616                
CQUAD4     26266       1   28615   28617   28560   28561                
CQUAD4     26267       1   28559   28560   28617   28571                
CQUAD4     26268       1   28562   28610   28615   28561                
CQUAD4     26269       1   28616   28615   28610   28611                
CQUAD4     26270       1   28613   28616   28611   28612                
CQUAD4     26271       1   28607   28608   28613   28612                
CQUAD4     26272       1   28614   28613   28608   28609                
CQUAD4     26273       1   28573   28614   28609   28574                
CQUAD4     26274       1   28619   28621   28547   28548                
CQUAD4     26275       1   28546   28547   28621   28620                
CQUAD4     26276       1   28620   28621   28611   28610                
CQUAD4     26277       1   28612   28611   28621   28619                
CQUAD4     26278       1   28546   28620   28563   28545                
CQUAD4     26279       1   28562   28563   28620   28610                
CQUAD4     26280       1   28612   28619   28606   28607                
CQUAD4     26281       1   28549   28606   28619   28548                
CQUAD4     26282       1   28624   28631   28630   28623                
CQUAD4     26283       1   28629   28630   28631   28628                
CQUAD4     26284       1   28628   28631   28293   28292                
CQUAD4     26285       1   28294   28293   28631   28624                
CQUAD4     26286       1   28623   28630   28627   28622                
CQUAD4     26287       1   28626   28627   28630   28629                
CQUAD4     26288       1   28625   28633   28576   28575                
CQUAD4     26289       1   28577   28576   28633   28632                
CQUAD4     26290       1   28632   28633   28629   28628                
CQUAD4     26291       1   28626   28629   28633   28625                
CQUAD4     26292       1   28577   28632   28291   28290                
CQUAD4     26293       1   28292   28291   28632   28628                
CQUAD4     26294       1   28574   28609   28625   28575                
CQUAD4     26295       1   28626   28625   28609   28608                
CQUAD4     26296       1   28622   28627   28607   28606                
CQUAD4     26297       1   28608   28607   28627   28626                
CQUAD4     26298       1   28549   28550   28622   28606                
CQUAD4     26299       1   28623   28622   28550   28551                
CQUAD4     26300       1   28294   28624   28552   28295                
CQUAD4     26301       1   28551   28552   28624   28623                
CQUAD4     26302       1   28634   28636   28214   28215                
CQUAD4     26303       1   28213   28214   28636   28635                
CQUAD4     26304       1   28635   28636   28566   28565                
CQUAD4     26305       1   28567   28566   28636   28634                
CQUAD4     26306       1   28564   28637   28635   28565                
CQUAD4     26307       1   28213   28635   28637   28212                
CQUAD4     26308       1   28212   28637   28284   28211                
CQUAD4     26309       1   28285   28284   28637   28564                
CQUAD4     26310       1   28638   28640   28217   28218                
CQUAD4     26311       1   28216   28217   28640   28639                
CQUAD4     26312       1   28639   28640   28569   28568                
CQUAD4     26313       1   28570   28569   28640   28638                
CQUAD4     26314       1   28216   28639   28634   28215                
CQUAD4     26315       1   28567   28634   28639   28568                
CQUAD4     26316       1   28570   28638   28553   28554                
CQUAD4     26317       1   28219   28553   28638   28218                
CQUAD4     26318       1   28657   28659   28658   28656                
CQUAD4     26319       1   28553   28658   28659   28554                
CQUAD4     26320       1   28554   28659   28655   28555                
CQUAD4     26321       1   28654   28655   28659   28657                
CQUAD4     26322       1   28656   28658   28220   28221                
CQUAD4     26323       1   28219   28220   28658   28553                
CQUAD4     26324       1   28654   28657   28652   28653                
CQUAD4     26325       1   28651   28652   28657   28656                
CQUAD4     26326       1   28222   28651   28656   28221                
CQUAD4     26327       1   28648   28649   28654   28653                
CQUAD4     26328       1   28655   28654   28649   28650                
CQUAD4     26329       1   28555   28655   28650   28556                
CQUAD4     26330       1   28663   28665   28664   28662                
CQUAD4     26331       1   28661   28664   28665   28660                
CQUAD4     26332       1   28660   28665   28227   28228                
CQUAD4     26333       1   28226   28227   28665   28663                
CQUAD4     26334       1   28662   28664   28652   28651                
CQUAD4     26335       1   28653   28652   28664   28661                
CQUAD4     26336       1   28226   28663   28224   28225                
CQUAD4     26337       1   28223   28224   28663   28662                
CQUAD4     26338       1   28222   28223   28662   28651                
CQUAD4     26339       1   28229   28646   28660   28228                
CQUAD4     26340       1   28661   28660   28646   28647                
CQUAD4     26341       1   28653   28661   28647   28648                
CQUAD4     26342       1   28667   28671   28670   28666                
CQUAD4     26343       1   28669   28670   28671   28668                
CQUAD4     26344       1   28668   28671   28648   28647                
CQUAD4     26345       1   28649   28648   28671   28667                
CQUAD4     26346       1   28666   28670   28643   28644                
CQUAD4     26347       1   28642   28643   28670   28669                
CQUAD4     26348       1   28641   28673   28231   28232                
CQUAD4     26349       1   28230   28231   28673   28672                
CQUAD4     26350       1   28672   28673   28669   28668                
CQUAD4     26351       1   28642   28669   28673   28641                
CQUAD4     26352       1   28230   28672   28646   28229                
CQUAD4     26353       1   28647   28646   28672   28668                
CQUAD4     26354       1   28557   28675   28674   28558                
CQUAD4     26355       1   28666   28674   28675   28667                
CQUAD4     26356       1   28667   28675   28650   28649                
CQUAD4     26357       1   28556   28650   28675   28557                
CQUAD4     26358       1   28558   28674   28645   28559                
CQUAD4     26359       1   28644   28645   28674   28666                
CQUAD4     26360       1   28683   28685   28684   28682                
CQUAD4     26361       1   28681   28684   28685   28680                
CQUAD4     26362       1   28680   28685   28234   28235                
CQUAD4     26363       1   28233   28234   28685   28683                
CQUAD4     26364       1   28682   28684   28678   28679                
CQUAD4     26365       1   28677   28678   28684   28681                
CQUAD4     26366       1   28643   28642   28682   28679                
CQUAD4     26367       1   28683   28682   28642   28641                
CQUAD4     26368       1   28233   28683   28641   28232                
CQUAD4     26369       1   28680   28687   28686   28681                
CQUAD4     26370       1   28541   28686   28687   28540                
CQUAD4     26371       1   28540   28687   28236   28237                
CQUAD4     26372       1   28235   28236   28687   28680                
CQUAD4     26373       1   28681   28686   28676   28677                
CQUAD4     26374       1   28542   28676   28686   28541                
CQUAD4     26375       1   28691   28693   28692   28690                
CQUAD4     26376       1   28676   28692   28693   28677                
CQUAD4     26377       1   28677   28693   28689   28678                
CQUAD4     26378       1   28688   28689   28693   28691                
CQUAD4     26379       1   28690   28692   28543   28544                
CQUAD4     26380       1   28542   28543   28692   28676                
CQUAD4     26381       1   28545   28563   28690   28544                
CQUAD4     26382       1   28691   28690   28563   28562                
CQUAD4     26383       1   28688   28691   28562   28561                
CQUAD4     26384       1   28688   28695   28694   28689                
CQUAD4     26385       1   28644   28694   28695   28645                
CQUAD4     26386       1   28645   28695   28560   28559                
CQUAD4     26387       1   28561   28560   28695   28688                
CQUAD4     26388       1   28689   28694   28679   28678                
CQUAD4     26389       1   28643   28679   28694   28644                
CQUAD4     26390       1   28708   28712   28710   28707                
CQUAD4     26391       1   28709   28710   28712   28711                
CQUAD4     26392       1   28711   28712   28547   28546                
CQUAD4     26393       1   28548   28547   28712   28708                
CQUAD4     26394       1   28709   28711   28696   28697                
CQUAD4     26395       1   28545   28696   28711   28546                
CQUAD4     26396       1   28698   28704   28709   28697                
CQUAD4     26397       1   28710   28709   28704   28705                
CQUAD4     26398       1   28707   28710   28705   28706                
CQUAD4     26399       1   28701   28702   28707   28706                
CQUAD4     26400       1   28708   28707   28702   28703                
CQUAD4     26401       1   28548   28708   28703   28549                
CQUAD4     26402       1   28704   28714   28713   28705                
CQUAD4     26403       1   28262   28713   28714   28261                
CQUAD4     26404       1   28261   28714   28699   28260                
CQUAD4     26405       1   28698   28699   28714   28704                
CQUAD4     26406       1   28263   28715   28713   28262                
CQUAD4     26407       1   28705   28713   28715   28706                
CQUAD4     26408       1   28706   28715   28700   28701                
CQUAD4     26409       1   28264   28700   28715   28263                
CQUAD4     26410       1   28720   28722   28721   28719                
CQUAD4     26411       1   28296   28721   28722   28297                
CQUAD4     26412       1   28297   28722   28718   28298                
CQUAD4     26413       1   28717   28718   28722   28720                
CQUAD4     26414       1   28719   28721   28552   28551                
CQUAD4     26415       1   28295   28552   28721   28296                
CQUAD4     26416       1   28702   28724   28723   28703                
CQUAD4     26417       1   28719   28723   28724   28720                
CQUAD4     26418       1   28720   28724   28716   28717                
CQUAD4     26419       1   28701   28716   28724   28702                
CQUAD4     26420       1   28703   28723   28550   28549                
CQUAD4     26421       1   28551   28550   28723   28719                
CQUAD4     26422       1   28700   28726   28716   28701                
CQUAD4     26423       1   28717   28716   28726   28725                
CQUAD4     26424       1   28725   28726   28265   28266                
CQUAD4     26425       1   28264   28265   28726   28700                
CQUAD4     26426       1   28267   28727   28725   28266                
CQUAD4     26427       1   28717   28725   28727   28718                
CQUAD4     26428       1   28718   28727   28299   28298                
CQUAD4     26429       1   28268   28299   28727   28267                
CQUAD4     26430       1   28735   28737   28736   28734                
CQUAD4     26431       1   28733   28736   28737   28732                
CQUAD4     26432       1   28732   28737   28698   28697                
CQUAD4     26433       1   28699   28698   28737   28735                
CQUAD4     26434       1   28734   28736   28730   28731                
CQUAD4     26435       1   28729   28730   28736   28733                
CQUAD4     26436       1   28257   28258   28734   28731                
CQUAD4     26437       1   28735   28734   28258   28259                
CQUAD4     26438       1   28699   28735   28259   28260                
CQUAD4     26439       1   28728   28739   28543   28542                
CQUAD4     26440       1   28544   28543   28739   28738                
CQUAD4     26441       1   28738   28739   28733   28732                
CQUAD4     26442       1   28729   28733   28739   28728                
CQUAD4     26443       1   28544   28738   28696   28545                
CQUAD4     26444       1   28697   28696   28738   28732                
CQUAD4     26445       1   28743   28745   28744   28742                
CQUAD4     26446       1   28728   28744   28745   28729                
CQUAD4     26447       1   28729   28745   28741   28730                
CQUAD4     26448       1   28740   28741   28745   28743                
CQUAD4     26449       1   28742   28744   28541   28540                
CQUAD4     26450       1   28542   28541   28744   28728                
CQUAD4     26451       1   28237   28238   28742   28540                
CQUAD4     26452       1   28743   28742   28238   28239                
CQUAD4     26453       1   28740   28743   28239   28240                
CQUAD4     26454       1   28740   28747   28746   28741                
CQUAD4     26455       1   28256   28746   28747   28255                
CQUAD4     26456       1   28255   28747   28241   28242                
CQUAD4     26457       1   28240   28241   28747   28740                
CQUAD4     26458       1   28741   28746   28731   28730                
CQUAD4     26459       1   28257   28731   28746   28256                
CQUAD4     26460       1   28796   28798   28797   28795                
CQUAD4     26461       1   28792   28797   28798   28791                
CQUAD4     26462       1   28791   28798   28794   28790                
CQUAD4     26463       1   28793   28794   28798   28796                
CQUAD4     26464       1   28795   28797   28787   28788                
CQUAD4     26465       1   28786   28787   28797   28792                
CQUAD4     26466       1   28755   28756   28795   28788                
CQUAD4     26467       1   28796   28795   28756   28757                
CQUAD4     26468       1   28793   28796   28757   28758                
CQUAD4     26469       1   28793   28800   28799   28794                
CQUAD4     26470       1   28267   28799   28800   28268                
CQUAD4     26471       1   28268   28800   28759   28269                
CQUAD4     26472       1   28758   28759   28800   28793                
CQUAD4     26473       1   28794   28799   28789   28790                
CQUAD4     26474       1   28266   28789   28799   28267                
CQUAD4     26475       1   28780   28803   28802   28779                
CQUAD4     26476       1   28789   28802   28803   28790                
CQUAD4     26477       1   28790   28803   28801   28791                
CQUAD4     26478       1   28781   28801   28803   28780                
CQUAD4     26479       1   28779   28802   28265   28264                
CQUAD4     26480       1   28266   28265   28802   28789                
CQUAD4     26481       1   28782   28804   28801   28781                
CQUAD4     26482       1   28791   28801   28804   28792                
CQUAD4     26483       1   28792   28804   28785   28786                
CQUAD4     26484       1   28783   28785   28804   28782                
CQUAD4     26485       1   28805   28807   28777   28778                
CQUAD4     26486       1   28776   28777   28807   28806                
CQUAD4     26487       1   28806   28807   28787   28786                
CQUAD4     26488       1   28788   28787   28807   28805                
CQUAD4     26489       1   28784   28808   28785   28783                
CQUAD4     26490       1   28786   28785   28808   28806                
CQUAD4     26491       1   28806   28808   28775   28776                
CQUAD4     26492       1   28774   28775   28808   28784                
CQUAD4     26493       1   28788   28805   28754   28755                
CQUAD4     26494       1   28753   28754   28805   28778                
CQUAD4     26495       1   28812   28814   28813   28811                
CQUAD4     26496       1   28810   28813   28814   28809                
CQUAD4     26497       1   28809   28814   28782   28781                
CQUAD4     26498       1   28783   28782   28814   28812                
CQUAD4     26499       1   28811   28813   28763   28764                
CQUAD4     26500       1   28762   28763   28813   28810                
CQUAD4     26501       1   28811   28816   28815   28812                
CQUAD4     26502       1   28773   28815   28816   28772                
CQUAD4     26503       1   28772   28816   28765   28766                
CQUAD4     26504       1   28764   28765   28816   28811                
CQUAD4     26505       1   28812   28815   28784   28783                
CQUAD4     26506       1   28774   28784   28815   28773                
CQUAD4     26507       1   28760   28820   28262   28261                
CQUAD4     26508       1   28263   28262   28820   28819                
CQUAD4     26509       1   28819   28820   28817   28818                
CQUAD4     26510       1   28761   28817   28820   28760                
CQUAD4     26511       1   28263   28819   28779   28264                
CQUAD4     26512       1   28780   28779   28819   28818                
CQUAD4     26513       1   28762   28810   28817   28761                
CQUAD4     26514       1   28818   28817   28810   28809                
CQUAD4     26515       1   28780   28818   28809   28781                
CQUAD4     26516       1   28774   28832   28825   28775                
CQUAD4     26517       1   28824   28825   28832   28831                
CQUAD4     26518       1   28831   28832   28829   28830                
CQUAD4     26519       1   28773   28829   28832   28774                
CQUAD4     26520       1   28824   28831   28828   28823                
CQUAD4     26521       1   28827   28828   28831   28830                
CQUAD4     26522       1   28829   28834   28833   28830                
CQUAD4     26523       1   28768   28833   28834   28767                
CQUAD4     26524       1   28767   28834   28772   28766                
CQUAD4     26525       1   28773   28772   28834   28829                
CQUAD4     26526       1   28830   28833   28826   28827                
CQUAD4     26527       1   28769   28826   28833   28768                
CQUAD4     26528       1    3465   28840   28838    3464                
CQUAD4     26529       1   28837   28838   28840   28839                
CQUAD4     26530       1   28839   28840   28835   28836                
CQUAD4     26531       1     477   28835   28840    3465                
CQUAD4     26532       1   28837   28839   28827   28826                
CQUAD4     26533       1   28828   28827   28839   28836                
CQUAD4     26534       1    3464   28838   28771    3463                
CQUAD4     26535       1   28770   28771   28838   28837                
CQUAD4     26536       1   28769   28770   28837   28826                
CQUAD4     26537       1    3466   28821   28835     477                
CQUAD4     26538       1   28836   28835   28821   28822                
CQUAD4     26539       1   28828   28836   28822   28823                
CQUAD4     26540       1   28846   28848   28847   28845                
CQUAD4     26541       1   28842   28847   28848   28841                
CQUAD4     26542       1   28841   28848   28750   28751                
CQUAD4     26543       1   28749   28750   28848   28846                
CQUAD4     26544       1   28843   28849   28847   28842                
CQUAD4     26545       1   28845   28847   28849   28844                
CQUAD4     26546       1   28844   28849   28823   28822                
CQUAD4     26547       1   28824   28823   28849   28843                
CQUAD4     26548       1   28844   28851   28850   28845                
CQUAD4     26549       1    3468   28850   28851    3467                
CQUAD4     26550       1    3467   28851   28821    3466                
CQUAD4     26551       1   28822   28821   28851   28844                
CQUAD4     26552       1    3469   28852   28850    3468                
CQUAD4     26553       1   28845   28850   28852   28846                
CQUAD4     26554       1   28846   28852   28748   28749                
CQUAD4     26555       1     478   28748   28852    3469                
CQUAD4     26556       1   28841   28854   28853   28842                
CQUAD4     26557       1   28777   28853   28854   28778                
CQUAD4     26558       1   28778   28854   28752   28753                
CQUAD4     26559       1   28751   28752   28854   28841                
CQUAD4     26560       1   28776   28855   28853   28777                
CQUAD4     26561       1   28842   28853   28855   28843                
CQUAD4     26562       1   28843   28855   28825   28824                
CQUAD4     26563       1   28775   28825   28855   28776                
CQUAD4     26564       1   28882   28887   28872   28873                
CQUAD4     26565       1   28871   28872   28887   28886                
CQUAD4     26566       1   28886   28887   28884   28885                
CQUAD4     26567       1   28883   28884   28887   28882                
CQUAD4     26568       1   28871   28886   28878   28870                
CQUAD4     26569       1   28877   28878   28886   28885                
CQUAD4     26570       1   28879   28880   28884   28883                
CQUAD4     26571       1   28885   28884   28880   28881                
CQUAD4     26572       1   28877   28885   28881   28876                
CQUAD4     26573       1   28766   28765   28882   28873                
CQUAD4     26574       1   28883   28882   28765   28764                
CQUAD4     26575       1   28879   28883   28764   28763                
CQUAD4     26576       1   28891   28893   28892   28890                
CQUAD4     26577       1   28889   28892   28893   28888                
CQUAD4     26578       1   28888   28893   28863   28864                
CQUAD4     26579       1   28862   28863   28893   28891                
CQUAD4     26580       1   28890   28892   28880   28879                
CQUAD4     26581       1   28881   28880   28892   28889                
CQUAD4     26582       1   28763   28762   28890   28879                
CQUAD4     26583       1   28891   28890   28762   28761                
CQUAD4     26584       1   28862   28891   28761   28760                
CQUAD4     26585       1   28865   28874   28888   28864                
CQUAD4     26586       1   28889   28888   28874   28875                
CQUAD4     26587       1   28881   28889   28875   28876                
CQUAD4     26588       1   28875   28901   28899   28876                
CQUAD4     26589       1   28898   28899   28901   28900                
CQUAD4     26590       1   28900   28901   28896   28897                
CQUAD4     26591       1   28874   28896   28901   28875                
CQUAD4     26592       1   28898   28900   28245   28246                
CQUAD4     26593       1   28244   28245   28900   28897                
CQUAD4     26594       1   28247   28903   28898   28246                
CQUAD4     26595       1   28899   28898   28903   28902                
CQUAD4     26596       1   28902   28903   28894   28895                
CQUAD4     26597       1   28248   28894   28903   28247                
CQUAD4     26598       1   28899   28902   28877   28876                
CQUAD4     26599       1   28878   28877   28902   28895                
CQUAD4     26600       1   28865   28866   28896   28874                
CQUAD4     26601       1   28897   28896   28866   28867                
CQUAD4     26602       1   28244   28897   28867   28243                
CQUAD4     26603       1   28249   28868   28894   28248                
CQUAD4     26604       1   28895   28894   28868   28869                
CQUAD4     26605       1   28878   28895   28869   28870                
CQUAD4     26606       1   28909   28911   28910   28908                
CQUAD4     26607       1   28905   28910   28911   28904                
CQUAD4     26608       1   28904   28911   28858   28859                
CQUAD4     26609       1   28857   28858   28911   28909                
CQUAD4     26610       1   28906   28912   28910   28905                
CQUAD4     26611       1   28908   28910   28912   28907                
CQUAD4     26612       1   28907   28912   28870   28869                
CQUAD4     26613       1   28871   28870   28912   28906                
CQUAD4     26614       1   28913   28915   28251   28252                
CQUAD4     26615       1   28250   28251   28915   28914                
CQUAD4     26616       1   28914   28915   28908   28907                
CQUAD4     26617       1   28909   28908   28915   28913                
CQUAD4     26618       1   28250   28914   28868   28249                
CQUAD4     26619       1   28869   28868   28914   28907                
CQUAD4     26620       1   28909   28913   28856   28857                
CQUAD4     26621       1   28253   28856   28913   28252                
CQUAD4     26622       1   28904   28919   28917   28905                
CQUAD4     26623       1   28916   28917   28919   28918                
CQUAD4     26624       1   28918   28919   28860   28861                
CQUAD4     26625       1   28859   28860   28919   28904                
CQUAD4     26626       1   28916   28918   28769   28768                
CQUAD4     26627       1   28770   28769   28918   28861                
CQUAD4     26628       1   28916   28921   28920   28917                
CQUAD4     26629       1   28872   28920   28921   28873                
CQUAD4     26630       1   28873   28921   28767   28766                
CQUAD4     26631       1   28768   28767   28921   28916                
CQUAD4     26632       1   28917   28920   28906   28905                
CQUAD4     26633       1   28871   28906   28920   28872                
CQUAD4     26634       1   28260   28259   28863   28862                
CQUAD4     26635       1   28864   28863   28259   28258                
CQUAD4     26636       1   28865   28864   28258   28257                
CQUAD4     26637       1   28261   28260   28862   28760                
CQUAD4     26638       1   28257   28256   28866   28865                
CQUAD4     26639       1   28867   28866   28256   28255                
CQUAD4     26640       1   28243   28867   28255   28242                
CQUAD4     26641       1   28923   28925   28857   28856                
CQUAD4     26642       1   28858   28857   28925   28924                
CQUAD4     26643       1   28924   28925    3459    3460                
CQUAD4     26644       1    3458    3459   28925   28923                
CQUAD4     26645       1   28858   28924   28922   28859                
CQUAD4     26646       1    3461   28922   28924    3460                
CQUAD4     26647       1    3458   28923   28254     475                
CQUAD4     26648       1   28253   28254   28923   28856                
CQUAD4     26649       1   28922   28927   28860   28859                
CQUAD4     26650       1   28861   28860   28927   28926                
CQUAD4     26651       1   28926   28927     476    3462                
CQUAD4     26652       1    3461     476   28927   28922                
CQUAD4     26653       1   28861   28926   28771   28770                
CQUAD4     26654       1    3463   28771   28926    3462                
CQUAD4     26655       1   28962   28966   28965   28961                
CQUAD4     26656       1   28936   28965   28966   28935                
CQUAD4     26657       1   28935   28966   28964   28934                
CQUAD4     26658       1   28963   28964   28966   28962                
CQUAD4     26659       1   28961   28965   28946   28947                
CQUAD4     26660       1   28937   28946   28965   28936                
CQUAD4     26661       1   28934   28964   28960   28933                
CQUAD4     26662       1   28959   28960   28964   28963                
CQUAD4     26663       1   28962   28969   28968   28963                
CQUAD4     26664       1   28954   28968   28969   28953                
CQUAD4     26665       1   28953   28969   28967   28952                
CQUAD4     26666       1   28961   28967   28969   28962                
CQUAD4     26667       1   28963   28968   28958   28959                
CQUAD4     26668       1   28955   28958   28968   28954                
CQUAD4     26669       1   28952   28967   28948   28949                
CQUAD4     26670       1   28947   28948   28967   28961                
CQUAD4     26671       1   28971   28973   28972   28970                
CQUAD4     26672       1   28957   28972   28973   28956                
CQUAD4     26673       1   28956   28973   28958   28955                
CQUAD4     26674       1   28959   28958   28973   28971                
CQUAD4     26675       1   28970   28972   28943   28944                
CQUAD4     26676       1   28942   28943   28972   28957                
CQUAD4     26677       1   28960   28975   28932   28933                
CQUAD4     26678       1   28931   28932   28975   28974                
CQUAD4     26679       1   28974   28975   28971   28970                
CQUAD4     26680       1   28959   28971   28975   28960                
CQUAD4     26681       1   28931   28974   28945   28930                
CQUAD4     26682       1   28944   28945   28974   28970                
CQUAD4     26683       1   28981   28983   28982   28980                
CQUAD4     26684       1   28954   28982   28983   28955                
CQUAD4     26685       1   28955   28983   28977   28956                
CQUAD4     26686       1   28976   28977   28983   28981                
CQUAD4     26687       1   28980   28982   28978   28979                
CQUAD4     26688       1   28953   28978   28982   28954                
CQUAD4     26689       1   28976   28981   28753   28752                
CQUAD4     26690       1   28754   28753   28981   28980                
CQUAD4     26691       1   28755   28754   28980   28979                
CQUAD4     26692       1   28978   28985   28984   28979                
CQUAD4     26693       1   28951   28984   28985   28950                
CQUAD4     26694       1   28950   28985   28952   28949                
CQUAD4     26695       1   28953   28952   28985   28978                
CQUAD4     26696       1   28979   28984   28756   28755                
CQUAD4     26697       1   28757   28756   28984   28951                
CQUAD4     26698       1   28976   28987   28986   28977                
CQUAD4     26699       1   28941   28986   28987   28940                
CQUAD4     26700       1   28940   28987   28751   28750                
CQUAD4     26701       1   28752   28751   28987   28976                
CQUAD4     26702       1   28977   28986   28957   28956                
CQUAD4     26703       1   28942   28957   28986   28941                
CQUAD4     26704       1   28991   28993   28992   28990                
CQUAD4     26705       1   28989   28992   28993   28988                
CQUAD4     26706       1   28988   28993   28949   28948                
CQUAD4     26707       1   28950   28949   28993   28991                
CQUAD4     26708       1   28990   28992   28272   28271                
CQUAD4     26709       1   28273   28272   28992   28989                
CQUAD4     26710       1   28270   28995   28990   28271                
CQUAD4     26711       1   28991   28990   28995   28994                
CQUAD4     26712       1   28994   28995   28759   28758                
CQUAD4     26713       1   28269   28759   28995   28270                
CQUAD4     26714       1   28991   28994   28951   28950                
CQUAD4     26715       1   28757   28951   28994   28758                
CQUAD4     26716       1   28997   28999   28998   28996                
CQUAD4     26717       1   28988   28998   28999   28989                
CQUAD4     26718       1   28989   28999   28274   28273                
CQUAD4     26719       1   28275   28274   28999   28997                
CQUAD4     26720       1   28996   28998   28947   28946                
CQUAD4     26721       1   28948   28947   28998   28988                
CQUAD4     26722       1   28275   28997   28939   28276                
CQUAD4     26723       1   28938   28939   28997   28996                
CQUAD4     26724       1   28937   28938   28996   28946                
CQUAD4     26725       1   28748   29007   29005   28749                
CQUAD4     26726       1   29004   29005   29007   29006                
CQUAD4     26727       1   29006   29007    3470    3471                
CQUAD4     26728       1     478    3470   29007   28748                
CQUAD4     26729       1   29004   29006   29002   29003                
CQUAD4     26730       1    3472   29002   29006    3471                
CQUAD4     26731       1   28942   28941   29004   29003                
CQUAD4     26732       1   29005   29004   28941   28940                
CQUAD4     26733       1   28749   29005   28940   28750                
CQUAD4     26734       1    3473   29000   29002    3472                
CQUAD4     26735       1   29003   29002   29000   29001                
CQUAD4     26736       1   28942   29003   29001   28943                
CQUAD4     26737       1   29009   29011   29010   29008                
CQUAD4     26738       1   29000   29010   29011   29001                
CQUAD4     26739       1   29001   29011   28944   28943                
CQUAD4     26740       1   28945   28944   29011   29009                
CQUAD4     26741       1   29008   29010     479    3474                
CQUAD4     26742       1    3473     479   29010   29000                
CQUAD4     26743       1    3475   28928   29008    3474                
CQUAD4     26744       1   29009   29008   28928   28929                
CQUAD4     26745       1   28945   29009   28929   28930                
CQUAD4     26746       1   29040   29041   29044   25225                
CQUAD4     26747       1   29043   29044   29041   29042                
CQUAD4     26748       1   29033   29043   29042   29032                
CQUAD4     26749       1   25225   29044   29046   25226                
CQUAD4     26750       1   29045   29046   29044   29043                
CQUAD4     26751       1   29034   29045   29043   29033                
CQUAD4     26752       1   25227   29045   29034   29035                
CQUAD4     26753       1   25227   25226   29046   29045                
CQUAD4     26754       1   29039   29040   25225   25224                
CQUAD4     26755       1   25228   25227   29035   29036                
CQUAD4     26756       1   29038   29039   25224   25223                
CQUAD4     26757       1   25229   25228   29036   29037                
CQUAD4     26758       1       1   25229   29037    3477                
CQUAD4     26759       1    2135   29038   25223      91                
CQUAD4     26760       1   29040   29039   29020   29021                
CQUAD4     26761       1   29019   29020   29039   29038                
CQUAD4     26762       1    2134   29019   29038    2135                
CQUAD4     26763       1   29021   29022   29041   29040                
CQUAD4     26764       1   29042   29041   29022   29023                
CQUAD4     26765       1   29032   29042   29023   29024                
CQUAD4     26766       1   29035   29034   29028   29029                
CQUAD4     26767       1   29027   29028   29034   29033                
CQUAD4     26768       1   29025   29026   29032   29024                
CQUAD4     26769       1   29033   29032   29026   29027                
CQUAD4     26770       1   29029   29030   29036   29035                
CQUAD4     26771       1   29037   29036   29030   29031                
CQUAD4     26772       1    3477   29037   29031    3476                
CQUAD4     26773       1   28933   28932   29027   29026                
CQUAD4     26774       1   29028   29027   28932   28931                
CQUAD4     26775       1   29029   29028   28931   28930                
CQUAD4     26776       1   28934   28933   29026   29025                
CQUAD4     26777       1    3476   29031   28928    3475                
CQUAD4     26778       1   28929   28928   29031   29030                
CQUAD4     26779       1   28930   28929   29030   29029                
CQUAD4     26780       1   29047   29049   29014   29015                
CQUAD4     26781       1   29013   29014   29049   29048                
CQUAD4     26782       1   29048   29049   29021   29020                
CQUAD4     26783       1   29022   29021   29049   29047                
CQUAD4     26784       1   29019   29050   29048   29020                
CQUAD4     26785       1   29013   29048   29050   29012                
CQUAD4     26786       1   29012   29050    2133    2132                
CQUAD4     26787       1    2134    2133   29050   29019                
CQUAD4     26788       1   29023   29052   29051   29024                
CQUAD4     26789       1   29017   29051   29052   29016                
CQUAD4     26790       1   29016   29052   29047   29015                
CQUAD4     26791       1   29022   29047   29052   29023                
CQUAD4     26792       1   29018   29053   29051   29017                
CQUAD4     26793       1   29024   29051   29053   29025                
CQUAD4     26794       1   29025   29053   28935   28934                
CQUAD4     26795       1   28936   28935   29053   29018                
CQUAD4     26796       1   29059   29061   29060   29058                
CQUAD4     26797       1   29055   29060   29061   29054                
CQUAD4     26798       1   29054   29061   28281   28280                
CQUAD4     26799       1   28282   28281   29061   29059                
CQUAD4     26800       1   29014   29062   29056   29015                
CQUAD4     26801       1   29055   29056   29062   29060                
CQUAD4     26802       1   29060   29062   29057   29058                
CQUAD4     26803       1   29013   29057   29062   29014                
CQUAD4     26804       1   29012   29064   29057   29013                
CQUAD4     26805       1   29058   29057   29064   29063                
CQUAD4     26806       1   29063   29064     412    2131                
CQUAD4     26807       1    2132     412   29064   29012                
CQUAD4     26808       1    2130   29065   29063    2131                
CQUAD4     26809       1   29058   29063   29065   29059                
CQUAD4     26810       1   29059   29065   28283   28282                
CQUAD4     26811       1    2129   28283   29065    2130                
CQUAD4     26812       1   29068   29070   29069   29067                
CQUAD4     26813       1   29055   29069   29070   29056                
CQUAD4     26814       1   29056   29070   29016   29015                
CQUAD4     26815       1   29017   29016   29070   29068                
CQUAD4     26816       1   29054   29071   29069   29055                
CQUAD4     26817       1   29067   29069   29071   29066                
CQUAD4     26818       1   29066   29071   28279   28278                
CQUAD4     26819       1   28280   28279   29071   29054                
CQUAD4     26820       1   29066   29073   29072   29067                
CQUAD4     26821       1   28938   29072   29073   28939                
CQUAD4     26822       1   28939   29073   28277   28276                
CQUAD4     26823       1   28278   28277   29073   29066                
CQUAD4     26824       1   28937   29074   29072   28938                
CQUAD4     26825       1   29067   29072   29074   29068                
CQUAD4     26826       1   29068   29074   29018   29017                
CQUAD4     26827       1   28936   29018   29074   28937                
CQUAD4     26828       1   29263   29267   29265   29262                
CQUAD4     26829       1   29264   29265   29267   29266                
CQUAD4     26830       1   29266   29267   29260   29261                
CQUAD4     26831       1   29259   29260   29267   29263                
CQUAD4     26832       1   29264   29266   29257   29258                
CQUAD4     26833       1   29256   29257   29266   29261                
CQUAD4     26834       1   29262   29265   29253   29254                
CQUAD4     26835       1   29252   29253   29265   29264                
CQUAD4     26836       1   29251   29252   29264   29258                
CQUAD4     26837       1   29259   29263   29247   29248                
CQUAD4     26838       1   29246   29247   29263   29262                
CQUAD4     26839       1   29245   29246   29262   29254                
CQUAD4     26840       1   29268   29270   29144   29145                
CQUAD4     26841       1   29143   29144   29270   29269                
CQUAD4     26842       1   29269   29270   29260   29259                
CQUAD4     26843       1   29261   29260   29270   29268                
CQUAD4     26844       1   29143   29269   29249   29142                
CQUAD4     26845       1   29248   29249   29269   29259                
CQUAD4     26846       1   29261   29268   29255   29256                
CQUAD4     26847       1   29146   29255   29268   29145                
CQUAD4     26848       1   29271   29274   29210   29211                
CQUAD4     26849       1   29209   29210   29274   29273                
CQUAD4     26850       1   29273   29274   29257   29256                
CQUAD4     26851       1   29258   29257   29274   29271                
CQUAD4     26852       1   29209   29273   29272   29208                
CQUAD4     26853       1   29255   29272   29273   29256                
CQUAD4     26854       1   29208   29272   29147   29148                
CQUAD4     26855       1   29146   29147   29272   29255                
CQUAD4     26856       1   29258   29271   29250   29251                
CQUAD4     26857       1   29212   29250   29271   29211                
CQUAD4     26858       1   29250   29280   29279   29251                
CQUAD4     26859       1   29278   29279   29280   29277                
CQUAD4     26860       1   29277   29280   29213   29214                
CQUAD4     26861       1   29212   29213   29280   29250                
CQUAD4     26862       1   29251   29279   29276   29252                
CQUAD4     26863       1   29275   29276   29279   29278                
CQUAD4     26864       1   29275   29278   29223   29224                
CQUAD4     26865       1   29222   29223   29278   29277                
CQUAD4     26866       1   29215   29222   29277   29214                
CQUAD4     26867       1   29282   29284   29283   29281                
CQUAD4     26868       1   29275   29283   29284   29276                
CQUAD4     26869       1   29276   29284   29253   29252                
CQUAD4     26870       1   29254   29253   29284   29282                
CQUAD4     26871       1   29281   29283   29225   29226                
CQUAD4     26872       1   29224   29225   29283   29275                
CQUAD4     26873       1   29254   29282   29244   29245                
CQUAD4     26874       1   29243   29244   29282   29281                
CQUAD4     26875       1   29227   29243   29281   29226                
CQUAD4     26876       1   29296   29298   29297   29295                
CQUAD4     26877       1   29294   29297   29298   29293                
CQUAD4     26878       1   29293   29298   29248   29247                
CQUAD4     26879       1   29249   29248   29298   29296                
CQUAD4     26880       1   29295   29297   29291   29292                
CQUAD4     26881       1   29290   29291   29297   29294                
CQUAD4     26882       1   29139   29140   29295   29292                
CQUAD4     26883       1   29296   29295   29140   29141                
CQUAD4     26884       1   29249   29296   29141   29142                
CQUAD4     26885       1   29286   29300   29299   29285                
CQUAD4     26886       1   29293   29299   29300   29294                
CQUAD4     26887       1   29294   29300   29289   29290                
CQUAD4     26888       1   29287   29289   29300   29286                
CQUAD4     26889       1   29285   29299   29246   29245                
CQUAD4     26890       1   29247   29246   29299   29293                
CQUAD4     26891       1   29301   29303   29240   29241                
CQUAD4     26892       1   29239   29240   29303   29302                
CQUAD4     26893       1   29302   29303   29290   29289                
CQUAD4     26894       1   29291   29290   29303   29301                
CQUAD4     26895       1   29239   29302   29288   29238                
CQUAD4     26896       1   29287   29288   29302   29289                
CQUAD4     26897       1   29242   29304   29301   29241                
CQUAD4     26898       1   29291   29301   29304   29292                
CQUAD4     26899       1   29292   29304   29138   29139                
CQUAD4     26900       1   29137   29138   29304   29242                
CQUAD4     26901       1   29308   29310   29309   29307                
CQUAD4     26902       1   29229   29309   29310   29228                
CQUAD4     26903       1   29228   29310   29243   29227                
CQUAD4     26904       1   29244   29243   29310   29308                
CQUAD4     26905       1   29307   29309   29305   29306                
CQUAD4     26906       1   29230   29305   29309   29229                
CQUAD4     26907       1   29287   29286   29307   29306                
CQUAD4     26908       1   29308   29307   29286   29285                
CQUAD4     26909       1   29244   29308   29285   29245                
CQUAD4     26910       1   29288   29312   29237   29238                
CQUAD4     26911       1   29236   29237   29312   29311                
CQUAD4     26912       1   29311   29312   29306   29305                
CQUAD4     26913       1   29287   29306   29312   29288                
CQUAD4     26914       1   29236   29311   29231   29232                
CQUAD4     26915       1   29230   29231   29311   29305                
CQUAD4     26916       1   29317   29327   29326   29316                
CQUAD4     26917       1   29325   29326   29327   29324                
CQUAD4     26918       1   29324   29327   29322   29323                
CQUAD4     26919       1   29318   29322   29327   29317                
CQUAD4     26920       1   29316   29326   29237   29236                
CQUAD4     26921       1   29238   29237   29326   29325                
CQUAD4     26922       1   29319   29320   29324   29323                
CQUAD4     26923       1   29325   29324   29320   29321                
CQUAD4     26924       1   29238   29325   29321   29239                
CQUAD4     26925       1   29319   29323   29123   29124                
CQUAD4     26926       1   29122   29123   29323   29322                
CQUAD4     26927       1   29121   29122   29322   29318                
CQUAD4     26928       1   29314   29333   29331   29313                
CQUAD4     26929       1   29330   29331   29333   29332                
CQUAD4     26930       1   29332   29333   29328   29329                
CQUAD4     26931       1   29315   29328   29333   29314                
CQUAD4     26932       1   29330   29332   29320   29319                
CQUAD4     26933       1   29321   29320   29332   29329                
CQUAD4     26934       1   29124   29125   29330   29319                
CQUAD4     26935       1   29331   29330   29125   29126                
CQUAD4     26936       1   29313   29331   29126   29127                
CQUAD4     26937       1   29321   29329   29240   29239                
CQUAD4     26938       1   29241   29240   29329   29328                
CQUAD4     26939       1   29242   29241   29328   29315                
CQUAD4     26940       1   29232   29233   29316   29236                
CQUAD4     26941       1   29317   29316   29233   29234                
CQUAD4     26942       1   29121   29318   29235   29120                
CQUAD4     26943       1   29234   29235   29318   29317                
CQUAD4     26944       1   29315   29314   29135   29136                
CQUAD4     26945       1   29134   29135   29314   29313                
CQUAD4     26946       1   29128   29134   29313   29127                
CQUAD4     26947       1   29242   29315   29136   29137                
CQUAD4     26948       1   29231   29362   29360   29232                
CQUAD4     26949       1   29359   29360   29362   29361                
CQUAD4     26950       1   29361   29362   29354   29355                
CQUAD4     26951       1   29230   29354   29362   29231                
CQUAD4     26952       1   29359   29361   29357   29358                
CQUAD4     26953       1   29356   29357   29361   29355                
CQUAD4     26954       1   29232   29360   29353   29233                
CQUAD4     26955       1   29352   29353   29360   29359                
CQUAD4     26956       1   29351   29352   29359   29358                
CQUAD4     26957       1   29351   29358   29349   29350                
CQUAD4     26958       1   29348   29349   29358   29357                
CQUAD4     26959       1   29347   29348   29357   29356                
CQUAD4     26960       1   29363   29365   29355   29354                
CQUAD4     26961       1   29356   29355   29365   29364                
CQUAD4     26962       1   29364   29365   29335   29336                
CQUAD4     26963       1   29334   29335   29365   29363                
CQUAD4     26964       1   29356   29364   29346   29347                
CQUAD4     26965       1   29337   29346   29364   29336                
CQUAD4     26966       1   29334   29363   29229   29228                
CQUAD4     26967       1   29230   29229   29363   29354                
CQUAD4     26968       1   29342   29343   29351   29350                
CQUAD4     26969       1   29352   29351   29343   29344                
CQUAD4     26970       1   29233   29353   29345   29234                
CQUAD4     26971       1   29344   29345   29353   29352                
CQUAD4     26972       1   29369   29371   29370   29368                
CQUAD4     26973       1   29346   29370   29371   29347                
CQUAD4     26974       1   29347   29371   29367   29348                
CQUAD4     26975       1   29366   29367   29371   29369                
CQUAD4     26976       1   29368   29370   29338   29339                
CQUAD4     26977       1   29337   29338   29370   29346                
CQUAD4     26978       1   29200   29201   29368   29339                
CQUAD4     26979       1   29369   29368   29201   29202                
CQUAD4     26980       1   29366   29369   29202   29203                
CQUAD4     26981       1   29340   29375   29205   29206                
CQUAD4     26982       1   29204   29205   29375   29374                
CQUAD4     26983       1   29374   29375   29372   29373                
CQUAD4     26984       1   29341   29372   29375   29340                
CQUAD4     26985       1   29204   29374   29366   29203                
CQUAD4     26986       1   29367   29366   29374   29373                
CQUAD4     26987       1   29342   29350   29372   29341                
CQUAD4     26988       1   29373   29372   29350   29349                
CQUAD4     26989       1   29367   29373   29349   29348                
CQUAD4     26990       1   29116   29379   29378   29115                
CQUAD4     26991       1   29341   29378   29379   29342                
CQUAD4     26992       1   29342   29379   29377   29343                
CQUAD4     26993       1   29117   29377   29379   29116                
CQUAD4     26994       1   29115   29378   29376   29114                
CQUAD4     26995       1   29340   29376   29378   29341                
CQUAD4     26996       1   29235   29381   29119   29120                
CQUAD4     26997       1   29118   29119   29381   29380                
CQUAD4     26998       1   29380   29381   29345   29344                
CQUAD4     26999       1   29234   29345   29381   29235                
CQUAD4     27000       1   29118   29380   29377   29117                
CQUAD4     27001       1   29343   29377   29380   29344                
CQUAD4     27002       1   29114   29376   29207   29113                
CQUAD4     27003       1   29206   29207   29376   29340                
CQUAD4     27004       1   29393   29395   29394   29392                
CQUAD4     27005       1   29389   29394   29395   29388                
CQUAD4     27006       1   29388   29395   29225   29224                
CQUAD4     27007       1   29226   29225   29395   29393                
CQUAD4     27008       1   29385   29396   29390   29384                
CQUAD4     27009       1   29389   29390   29396   29394                
CQUAD4     27010       1   29394   29396   29391   29392                
CQUAD4     27011       1   29386   29391   29396   29385                
CQUAD4     27012       1   29391   29398   29397   29392                
CQUAD4     27013       1   29335   29397   29398   29336                
CQUAD4     27014       1   29336   29398   29387   29337                
CQUAD4     27015       1   29386   29387   29398   29391                
CQUAD4     27016       1   29334   29399   29397   29335                
CQUAD4     27017       1   29392   29397   29399   29393                
CQUAD4     27018       1   29393   29399   29227   29226                
CQUAD4     27019       1   29228   29227   29399   29334                
CQUAD4     27020       1   29388   29403   29401   29389                
CQUAD4     27021       1   29400   29401   29403   29402                
CQUAD4     27022       1   29402   29403   29223   29222                
CQUAD4     27023       1   29224   29223   29403   29388                
CQUAD4     27024       1   29400   29402   29216   29217                
CQUAD4     27025       1   29215   29216   29402   29222                
CQUAD4     27026       1   29400   29405   29404   29401                
CQUAD4     27027       1   29383   29404   29405   29382                
CQUAD4     27028       1   29382   29405   29218   29219                
CQUAD4     27029       1   29217   29218   29405   29400                
CQUAD4     27030       1   29401   29404   29390   29389                
CQUAD4     27031       1   29384   29390   29404   29383                
CQUAD4     27032       1   29411   29413   29412   29410                
CQUAD4     27033       1   29409   29412   29413   29408                
CQUAD4     27034       1   29408   29413   29198   29199                
CQUAD4     27035       1   29197   29198   29413   29411                
CQUAD4     27036       1   29410   29412   29386   29385                
CQUAD4     27037       1   29387   29386   29412   29409                
CQUAD4     27038       1   29384   29415   29410   29385                
CQUAD4     27039       1   29411   29410   29415   29414                
CQUAD4     27040       1   29414   29415   29406   29407                
CQUAD4     27041       1   29383   29406   29415   29384                
CQUAD4     27042       1   29411   29414   29196   29197                
CQUAD4     27043       1   29195   29196   29414   29407                
CQUAD4     27044       1   29387   29409   29338   29337                
CQUAD4     27045       1   29339   29338   29409   29408                
CQUAD4     27046       1   29200   29339   29408   29199                
CQUAD4     27047       1   29382   29417   29406   29383                
CQUAD4     27048       1   29407   29406   29417   29416                
CQUAD4     27049       1   29416   29417   29220   29221                
CQUAD4     27050       1   29219   29220   29417   29382                
CQUAD4     27051       1   29407   29416   29194   29195                
CQUAD4     27052       1   29193   29194   29416   29221                
CQUAD4     27053       1   29443   29445   29444   29442                
CQUAD4     27054       1   29441   29444   29445   29440                
CQUAD4     27055       1   29440   29445   29433   29434                
CQUAD4     27056       1   29432   29433   29445   29443                
CQUAD4     27057       1   29442   29444   29438   29439                
CQUAD4     27058       1   29437   29438   29444   29441                
CQUAD4     27059       1   29419   29420   29442   29439                
CQUAD4     27060       1   29443   29442   29420   29421                
CQUAD4     27061       1   29432   29443   29421   29422                
CQUAD4     27062       1   29429   29447   29446   29428                
CQUAD4     27063       1   29440   29446   29447   29441                
CQUAD4     27064       1   29441   29447   29436   29437                
CQUAD4     27065       1   29430   29436   29447   29429                
CQUAD4     27066       1   29428   29446   29435   29427                
CQUAD4     27067       1   29434   29435   29446   29440                
CQUAD4     27068       1   29431   29450   29436   29430                
CQUAD4     27069       1   29437   29436   29450   29449                
CQUAD4     27070       1   29449   29450   29218   29217                
CQUAD4     27071       1   29219   29218   29450   29431                
CQUAD4     27072       1   29437   29449   29448   29438                
CQUAD4     27073       1   29216   29448   29449   29217                
CQUAD4     27074       1   29215   29451   29448   29216                
CQUAD4     27075       1   29438   29448   29451   29439                
CQUAD4     27076       1   29439   29451   29418   29419                
CQUAD4     27077       1   29214   29418   29451   29215                
CQUAD4     27078       1   29424   29457   29455   29423                
CQUAD4     27079       1   29454   29455   29457   29456                
CQUAD4     27080       1   29456   29457   29170   29171                
CQUAD4     27081       1   29169   29170   29457   29424                
CQUAD4     27082       1   29454   29456   29452   29453                
CQUAD4     27083       1   29172   29452   29456   29171                
CQUAD4     27084       1   29434   29433   29454   29453                
CQUAD4     27085       1   29455   29454   29433   29432                
CQUAD4     27086       1   29423   29455   29432   29422                
CQUAD4     27087       1   29452   29459   29458   29453                
CQUAD4     27088       1   29426   29458   29459   29425                
CQUAD4     27089       1   29425   29459   29173   29174                
CQUAD4     27090       1   29172   29173   29459   29452                
CQUAD4     27091       1   29453   29458   29435   29434                
CQUAD4     27092       1   29427   29435   29458   29426                
CQUAD4     27093       1   29463   29467   29465   29462                
CQUAD4     27094       1   29464   29465   29467   29466                
CQUAD4     27095       1   29466   29467   29429   29428                
CQUAD4     27096       1   29430   29429   29467   29463                
CQUAD4     27097       1   29464   29466   29460   29461                
CQUAD4     27098       1   29427   29460   29466   29428                
CQUAD4     27099       1   29188   29189   29464   29461                
CQUAD4     27100       1   29465   29464   29189   29190                
CQUAD4     27101       1   29462   29465   29190   29191                
CQUAD4     27102       1   29431   29469   29220   29219                
CQUAD4     27103       1   29221   29220   29469   29468                
CQUAD4     27104       1   29468   29469   29463   29462                
CQUAD4     27105       1   29430   29463   29469   29431                
CQUAD4     27106       1   29221   29468   29192   29193                
CQUAD4     27107       1   29191   29192   29468   29462                
CQUAD4     27108       1   29186   29473   29176   29177                
CQUAD4     27109       1   29175   29176   29473   29472                
CQUAD4     27110       1   29472   29473   29470   29471                
CQUAD4     27111       1   29187   29470   29473   29186                
CQUAD4     27112       1   29175   29472   29425   29174                
CQUAD4     27113       1   29426   29425   29472   29471                
CQUAD4     27114       1   29188   29461   29470   29187                
CQUAD4     27115       1   29471   29470   29461   29460                
CQUAD4     27116       1   29426   29471   29460   29427                
CQUAD4     27117       1   29485   29487   29486   29484                
CQUAD4     27118       1   29481   29486   29487   29480                
CQUAD4     27119       1   29480   29487   29211   29210                
CQUAD4     27120       1   29212   29211   29487   29485                
CQUAD4     27121       1   29482   29488   29486   29481                
CQUAD4     27122       1   29484   29486   29488   29483                
CQUAD4     27123       1   29483   29488   29477   29478                
CQUAD4     27124       1   29476   29477   29488   29482                
CQUAD4     27125       1   29483   29490   29489   29484                
CQUAD4     27126       1   29419   29489   29490   29420                
CQUAD4     27127       1   29420   29490   29479   29421                
CQUAD4     27128       1   29478   29479   29490   29483                
CQUAD4     27129       1   29418   29491   29489   29419                
CQUAD4     27130       1   29484   29489   29491   29485                
CQUAD4     27131       1   29485   29491   29213   29212                
CQUAD4     27132       1   29214   29213   29491   29418                
CQUAD4     27133       1   29480   29495   29493   29481                
CQUAD4     27134       1   29492   29493   29495   29494                
CQUAD4     27135       1   29494   29495   29209   29208                
CQUAD4     27136       1   29210   29209   29495   29480                
CQUAD4     27137       1   29492   29494   29149   29150                
CQUAD4     27138       1   29148   29149   29494   29208                
CQUAD4     27139       1   29482   29497   29475   29476                
CQUAD4     27140       1   29474   29475   29497   29496                
CQUAD4     27141       1   29496   29497   29493   29492                
CQUAD4     27142       1   29481   29493   29497   29482                
CQUAD4     27143       1   29474   29496   29151   29152                
CQUAD4     27144       1   29150   29151   29496   29492                
CQUAD4     27145       1   29500   29505   29503   29499                
CQUAD4     27146       1   29502   29503   29505   29504                
CQUAD4     27147       1   29504   29505   29166   29167                
CQUAD4     27148       1   29165   29166   29505   29500                
CQUAD4     27149       1   29424   29506   29168   29169                
CQUAD4     27150       1   29167   29168   29506   29504                
CQUAD4     27151       1   29504   29506   29501   29502                
CQUAD4     27152       1   29423   29501   29506   29424                
CQUAD4     27153       1   29507   29509   29478   29477                
CQUAD4     27154       1   29479   29478   29509   29508                
CQUAD4     27155       1   29508   29509   29502   29501                
CQUAD4     27156       1   29503   29502   29509   29507                
CQUAD4     27157       1   29479   29508   29422   29421                
CQUAD4     27158       1   29423   29422   29508   29501                
CQUAD4     27159       1   29503   29507   29498   29499                
CQUAD4     27160       1   29476   29498   29507   29477                
CQUAD4     27161       1   29500   29515   29164   29165                
CQUAD4     27162       1   29163   29164   29515   29514                
CQUAD4     27163       1   29514   29515   29512   29513                
CQUAD4     27164       1   29499   29512   29515   29500                
CQUAD4     27165       1   29163   29514   29155   29156                
CQUAD4     27166       1   29154   29155   29514   29513                
CQUAD4     27167       1   29154   29513   29511   29153                
CQUAD4     27168       1   29510   29511   29513   29512                
CQUAD4     27169       1   29498   29510   29512   29499                
CQUAD4     27170       1   29476   29475   29510   29498                
CQUAD4     27171       1   29511   29510   29475   29474                
CQUAD4     27172       1   29153   29511   29474   29152                
CQUAD4     27173       1   29551   29555   29553   29550                
CQUAD4     27174       1   29552   29553   29555   29554                
CQUAD4     27175       1   29554   29555   29545   29546                
CQUAD4     27176       1   29544   29545   29555   29551                
CQUAD4     27177       1   29552   29554   29548   29549                
CQUAD4     27178       1   29547   29548   29554   29546                
CQUAD4     27179       1   29202   29201   29552   29549                
CQUAD4     27180       1   29553   29552   29201   29200                
CQUAD4     27181       1   29550   29553   29200   29199                
CQUAD4     27182       1   29198   29524   29550   29199                
CQUAD4     27183       1   29551   29550   29524   29525                
CQUAD4     27184       1   29544   29551   29525   29526                
CQUAD4     27185       1   29537   29538   29548   29547                
CQUAD4     27186       1   29549   29548   29538   29539                
CQUAD4     27187       1   29202   29549   29539   29203                
CQUAD4     27188       1   29541   29558   29557   29540                
CQUAD4     27189       1   29544   29557   29558   29545                
CQUAD4     27190       1   29545   29558   29556   29546                
CQUAD4     27191       1   29542   29556   29558   29541                
CQUAD4     27192       1   29540   29557   29527   29528                
CQUAD4     27193       1   29526   29527   29557   29544                
CQUAD4     27194       1   29543   29559   29556   29542                
CQUAD4     27195       1   29546   29556   29559   29547                
CQUAD4     27196       1   29547   29559   29536   29537                
CQUAD4     27197       1   29535   29536   29559   29543                
CQUAD4     27198       1   29564   29568   29567   29563                
CQUAD4     27199       1   29566   29567   29568   29565                
CQUAD4     27200       1   29565   29568   29561   29562                
CQUAD4     27201       1   29560   29561   29568   29564                
CQUAD4     27202       1   29563   29567   29533   29534                
CQUAD4     27203       1   29532   29533   29567   29566                
CQUAD4     27204       1   29096   29097   29565   29562                
CQUAD4     27205       1   29566   29565   29097   29098                
CQUAD4     27206       1   29532   29566   29098   29099                
CQUAD4     27207       1   29535   29543   29563   29534                
CQUAD4     27208       1   29564   29563   29543   29542                
CQUAD4     27209       1   29560   29564   29542   29541                
CQUAD4     27210       1   29540   29570   29560   29541                
CQUAD4     27211       1   29561   29560   29570   29569                
CQUAD4     27212       1   29569   29570   29529   29530                
CQUAD4     27213       1   29528   29529   29570   29540                
CQUAD4     27214       1   29531   29571   29569   29530                
CQUAD4     27215       1   29561   29569   29571   29562                
CQUAD4     27216       1   29562   29571   29095   29096                
CQUAD4     27217       1   29094   29095   29571   29531                
CQUAD4     27218       1   29578   29587   29586   29577                
CQUAD4     27219       1   29585   29586   29587   29584                
CQUAD4     27220       1   29584   29587   29582   29583                
CQUAD4     27221       1   29579   29582   29587   29578                
CQUAD4     27222       1   29577   29586   29581   29576                
CQUAD4     27223       1   29580   29581   29586   29585                
CQUAD4     27224       1   29580   29585   29102   29103                
CQUAD4     27225       1   29101   29102   29585   29584                
CQUAD4     27226       1   29100   29101   29584   29583                
CQUAD4     27227       1   29534   29533   29582   29579                
CQUAD4     27228       1   29583   29582   29533   29532                
CQUAD4     27229       1   29100   29583   29532   29099                
CQUAD4     27230       1   29104   29105   29580   29103                
CQUAD4     27231       1   29581   29580   29105   29106                
CQUAD4     27232       1   29576   29581   29106   29107                
CQUAD4     27233       1   29578   29590   29589   29579                
CQUAD4     27234       1   29575   29589   29590   29574                
CQUAD4     27235       1   29574   29590   29588   29573                
CQUAD4     27236       1   29577   29588   29590   29578                
CQUAD4     27237       1   29579   29589   29535   29534                
CQUAD4     27238       1   29536   29535   29589   29575                
CQUAD4     27239       1   29108   29591   29576   29107                
CQUAD4     27240       1   29577   29576   29591   29588                
CQUAD4     27241       1   29588   29591   29572   29573                
CQUAD4     27242       1   29109   29572   29591   29108                
CQUAD4     27243       1   29598   29600   29573   29572                
CQUAD4     27244       1   29574   29573   29600   29599                
CQUAD4     27245       1   29599   29600   29596   29597                
CQUAD4     27246       1   29595   29596   29600   29598                
CQUAD4     27247       1   29574   29599   29594   29575                
CQUAD4     27248       1   29593   29594   29599   29597                
CQUAD4     27249       1   29595   29598   29110   29111                
CQUAD4     27250       1   29109   29110   29598   29572                
CQUAD4     27251       1   29601   29603   29596   29595                
CQUAD4     27252       1   29597   29596   29603   29602                
CQUAD4     27253       1   29602   29603   29206   29205                
CQUAD4     27254       1   29207   29206   29603   29601                
CQUAD4     27255       1   29597   29602   29592   29593                
CQUAD4     27256       1   29204   29592   29602   29205                
CQUAD4     27257       1   29207   29601   29112   29113                
CQUAD4     27258       1   29111   29112   29601   29595                
CQUAD4     27259       1   29203   29539   29592   29204                
CQUAD4     27260       1   29593   29592   29539   29538                
CQUAD4     27261       1   29575   29594   29537   29536                
CQUAD4     27262       1   29538   29537   29594   29593                
CQUAD4     27263       1   29623   29625   29624   29622                
CQUAD4     27264       1   29621   29624   29625   29620                
CQUAD4     27265       1   29620   29625   29613   29614                
CQUAD4     27266       1   29612   29613   29625   29623                
CQUAD4     27267       1   29622   29624   29618   29619                
CQUAD4     27268       1   29617   29618   29624   29621                
CQUAD4     27269       1   29195   29194   29622   29619                
CQUAD4     27270       1   29623   29622   29194   29193                
CQUAD4     27271       1   29612   29623   29193   29192                
CQUAD4     27272       1   29620   29627   29626   29621                
CQUAD4     27273       1   29608   29626   29627   29607                
CQUAD4     27274       1   29607   29627   29615   29606                
CQUAD4     27275       1   29614   29615   29627   29620                
CQUAD4     27276       1   29621   29626   29616   29617                
CQUAD4     27277       1   29609   29616   29626   29608                
CQUAD4     27278       1   29611   29633   29631   29610                
CQUAD4     27279       1   29630   29631   29633   29632                
CQUAD4     27280       1   29632   29633   29527   29526                
CQUAD4     27281       1   29528   29527   29633   29611                
CQUAD4     27282       1   29630   29632   29628   29629                
CQUAD4     27283       1   29525   29628   29632   29526                
CQUAD4     27284       1   29610   29631   29616   29609                
CQUAD4     27285       1   29617   29616   29631   29630                
CQUAD4     27286       1   29618   29617   29630   29629                
CQUAD4     27287       1   29196   29635   29634   29197                
CQUAD4     27288       1   29628   29634   29635   29629                
CQUAD4     27289       1   29629   29635   29619   29618                
CQUAD4     27290       1   29195   29619   29635   29196                
CQUAD4     27291       1   29197   29634   29524   29198                
CQUAD4     27292       1   29525   29524   29634   29628                
CQUAD4     27293       1   29639   29641   29640   29638                
CQUAD4     27294       1   29637   29640   29641   29636                
CQUAD4     27295       1   29636   29641   29517   29518                
CQUAD4     27296       1   29516   29517   29641   29639                
CQUAD4     27297       1   29638   29640   29613   29612                
CQUAD4     27298       1   29614   29613   29640   29637                
CQUAD4     27299       1   29192   29191   29638   29612                
CQUAD4     27300       1   29639   29638   29191   29190                
CQUAD4     27301       1   29516   29639   29190   29189                
CQUAD4     27302       1   29636   29643   29642   29637                
CQUAD4     27303       1   29605   29642   29643   29604                
CQUAD4     27304       1   29604   29643   29519   29520                
CQUAD4     27305       1   29518   29519   29643   29636                
CQUAD4     27306       1   29637   29642   29615   29614                
CQUAD4     27307       1   29606   29615   29642   29605                
CQUAD4     27308       1   29656   29658   29657   29655                
CQUAD4     27309       1   29654   29657   29658   29653                
CQUAD4     27310       1   29653   29658   29088   29089                
CQUAD4     27311       1   29087   29088   29658   29656                
CQUAD4     27312       1   29655   29657   29651   29652                
CQUAD4     27313       1   29650   29651   29657   29654                
CQUAD4     27314       1   29647   29648   29655   29652                
CQUAD4     27315       1   29656   29655   29648   29649                
CQUAD4     27316       1   29087   29656   29649   29086                
CQUAD4     27317       1   29650   29654   29645   29646                
CQUAD4     27318       1   29644   29645   29654   29653                
CQUAD4     27319       1   29090   29644   29653   29089                
CQUAD4     27320       1   29608   29607   29650   29646                
CQUAD4     27321       1   29651   29650   29607   29606                
CQUAD4     27322       1   29647   29652   29605   29604                
CQUAD4     27323       1   29606   29605   29652   29651                
CQUAD4     27324       1   29520   29521   29647   29604                
CQUAD4     27325       1   29648   29647   29521   29522                
CQUAD4     27326       1   29086   29649   29523   29085                
CQUAD4     27327       1   29522   29523   29649   29648                
CQUAD4     27328       1   29661   29665   29663   29660                
CQUAD4     27329       1   29662   29663   29665   29664                
CQUAD4     27330       1   29664   29665   29645   29644                
CQUAD4     27331       1   29646   29645   29665   29661                
CQUAD4     27332       1   29662   29664   29091   29092                
CQUAD4     27333       1   29090   29091   29664   29644                
CQUAD4     27334       1   29530   29667   29666   29531                
CQUAD4     27335       1   29662   29666   29667   29663                
CQUAD4     27336       1   29663   29667   29659   29660                
CQUAD4     27337       1   29529   29659   29667   29530                
CQUAD4     27338       1   29531   29666   29093   29094                
CQUAD4     27339       1   29092   29093   29666   29662                
CQUAD4     27340       1   29611   29610   29660   29659                
CQUAD4     27341       1   29661   29660   29610   29609                
CQUAD4     27342       1   29646   29661   29609   29608                
CQUAD4     27343       1   29528   29611   29659   29529                
CQUAD4     27344       1   29668   29677   29520   29519                
CQUAD4     27345       1   29521   29520   29677   29676                
CQUAD4     27346       1   29676   29677   29674   29675                
CQUAD4     27347       1   29669   29674   29677   29668                
CQUAD4     27348       1   29521   29676   29673   29522                
CQUAD4     27349       1   29672   29673   29676   29675                
CQUAD4     27350       1   29674   29679   29678   29675                
CQUAD4     27351       1   29183   29678   29679   29182                
CQUAD4     27352       1   29182   29679   29670   29181                
CQUAD4     27353       1   29669   29670   29679   29674                
CQUAD4     27354       1   29675   29678   29671   29672                
CQUAD4     27355       1   29184   29671   29678   29183                
CQUAD4     27356       1   29083   29682   29681   29082                
CQUAD4     27357       1   29671   29681   29682   29672                
CQUAD4     27358       1   29672   29682   29680   29673                
CQUAD4     27359       1   29084   29680   29682   29083                
CQUAD4     27360       1   29082   29681   29185   29081                
CQUAD4     27361       1   29184   29185   29681   29671                
CQUAD4     27362       1   29673   29680   29523   29522                
CQUAD4     27363       1   29085   29523   29680   29084                
CQUAD4     27364       1   29689   29691   29690   29688                
CQUAD4     27365       1   29669   29690   29691   29670                
CQUAD4     27366       1   29670   29691   29180   29181                
CQUAD4     27367       1   29179   29180   29691   29689                
CQUAD4     27368       1   29688   29690   29686   29687                
CQUAD4     27369       1   29668   29686   29690   29669                
CQUAD4     27370       1   29683   29684   29688   29687                
CQUAD4     27371       1   29689   29688   29684   29685                
CQUAD4     27372       1   29179   29689   29685   29178                
CQUAD4     27373       1   29683   29687   29517   29516                
CQUAD4     27374       1   29518   29517   29687   29686                
CQUAD4     27375       1   29519   29518   29686   29668                
CQUAD4     27376       1   29189   29188   29683   29516                
CQUAD4     27377       1   29684   29683   29188   29187                
CQUAD4     27378       1   29178   29685   29186   29177                
CQUAD4     27379       1   29187   29186   29685   29684                
CQUAD4     27380       1   29718   29724   29721   29717                
CQUAD4     27381       1   29720   29721   29724   29723                
CQUAD4     27382       1   29723   29724   29176   29175                
CQUAD4     27383       1   29177   29176   29724   29718                
CQUAD4     27384       1   29720   29723   29722   29719                
CQUAD4     27385       1   29174   29722   29723   29175                
CQUAD4     27386       1   29719   29722   29704   29705                
CQUAD4     27387       1   29173   29704   29722   29174                
CQUAD4     27388       1   29706   29727   29719   29705                
CQUAD4     27389       1   29720   29719   29727   29726                
CQUAD4     27390       1   29726   29727   29710   29711                
CQUAD4     27391       1   29707   29710   29727   29706                
CQUAD4     27392       1   29720   29726   29725   29721                
CQUAD4     27393       1   29712   29725   29726   29711                
CQUAD4     27394       1   29721   29725   29716   29717                
CQUAD4     27395       1   29713   29716   29725   29712                
CQUAD4     27396       1   29716   29731   29729   29717                
CQUAD4     27397       1   29728   29729   29731   29730                
CQUAD4     27398       1   29730   29731   29714   29715                
CQUAD4     27399       1   29713   29714   29731   29716                
CQUAD4     27400       1   29728   29730   29695   29696                
CQUAD4     27401       1   29694   29695   29730   29715                
CQUAD4     27402       1   29697   29733   29728   29696                
CQUAD4     27403       1   29729   29728   29733   29732                
CQUAD4     27404       1   29732   29733   29179   29178                
CQUAD4     27405       1   29180   29179   29733   29697                
CQUAD4     27406       1   29729   29732   29718   29717                
CQUAD4     27407       1   29177   29718   29732   29178                
CQUAD4     27408       1    5564   29739   29735    3115                
CQUAD4     27409       1   29734   29735   29739   29738                
CQUAD4     27410       1   29738   29739   29736   29737                
CQUAD4     27411       1    5563   29736   29739    5564                
CQUAD4     27412       1   29734   29738   29713   29712                
CQUAD4     27413       1   29714   29713   29738   29737                
CQUAD4     27414       1    5562   29741   29736    5563                
CQUAD4     27415       1   29737   29736   29741   29740                
CQUAD4     27416       1   29740   29741   29692   29693                
CQUAD4     27417       1    5561   29692   29741    5562                
CQUAD4     27418       1   29737   29740   29715   29714                
CQUAD4     27419       1   29694   29715   29740   29693                
CQUAD4     27420       1    5565   29745   29743    5566                
CQUAD4     27421       1   29742   29743   29745   29744                
CQUAD4     27422       1   29744   29745   29735   29734                
CQUAD4     27423       1    3115   29735   29745    5565                
CQUAD4     27424       1   29742   29744   29711   29710                
CQUAD4     27425       1   29712   29711   29744   29734                
CQUAD4     27426       1    5566   29743   29709    5567                
CQUAD4     27427       1   29708   29709   29743   29742                
CQUAD4     27428       1   29707   29708   29742   29710                
CQUAD4     27429       1   29756   29758   29751   29752                
CQUAD4     27430       1   29750   29751   29758   29757                
CQUAD4     27431       1   29757   29758   29754   29755                
CQUAD4     27432       1   29753   29754   29758   29756                
CQUAD4     27433       1   29750   29757   29748   29749                
CQUAD4     27434       1   29747   29748   29757   29755                
CQUAD4     27435       1   29753   29756    5569    3114                
CQUAD4     27436       1    5570    5569   29756   29752                
CQUAD4     27437       1   29753   29760   29759   29754                
CQUAD4     27438       1   29708   29759   29760   29709                
CQUAD4     27439       1   29709   29760    5568    5567                
CQUAD4     27440       1    3114    5568   29760   29753                
CQUAD4     27441       1   29707   29761   29759   29708                
CQUAD4     27442       1   29754   29759   29761   29755                
CQUAD4     27443       1   29755   29761   29746   29747                
CQUAD4     27444       1   29706   29746   29761   29707                
CQUAD4     27445       1   29701   29702   29751   29750                
CQUAD4     27446       1   29752   29751   29702   29703                
CQUAD4     27447       1    5570   29752   29703    5571                
CQUAD4     27448       1   29700   29701   29750   29749                
CQUAD4     27449       1   29767   29769   29768   29766                
CQUAD4     27450       1   29747   29768   29769   29748                
CQUAD4     27451       1   29748   29769   29765   29749                
CQUAD4     27452       1   29764   29765   29769   29767                
CQUAD4     27453       1   29766   29768   29762   29763                
CQUAD4     27454       1   29746   29762   29768   29747                
CQUAD4     27455       1   29172   29171   29766   29763                
CQUAD4     27456       1   29767   29766   29171   29170                
CQUAD4     27457       1   29764   29767   29170   29169                
CQUAD4     27458       1   29168   29698   29764   29169                
CQUAD4     27459       1   29765   29764   29698   29699                
CQUAD4     27460       1   29749   29765   29699   29700                
CQUAD4     27461       1   29706   29705   29762   29746                
CQUAD4     27462       1   29763   29762   29705   29704                
CQUAD4     27463       1   29172   29763   29704   29173                
CQUAD4     27464       1   29780   29782   29781   29779                
CQUAD4     27465       1   29776   29781   29782   29775                
CQUAD4     27466       1   29775   29782   29165   29164                
CQUAD4     27467       1   29166   29165   29782   29780                
CQUAD4     27468       1   29777   29783   29781   29776                
CQUAD4     27469       1   29779   29781   29783   29778                
CQUAD4     27470       1   29778   29783   29772   29773                
CQUAD4     27471       1   29771   29772   29783   29777                
CQUAD4     27472       1   29778   29785   29784   29779                
CQUAD4     27473       1   29699   29784   29785   29700                
CQUAD4     27474       1   29700   29785   29774   29701                
CQUAD4     27475       1   29773   29774   29785   29778                
CQUAD4     27476       1   29698   29786   29784   29699                
CQUAD4     27477       1   29779   29784   29786   29780                
CQUAD4     27478       1   29780   29786   29167   29166                
CQUAD4     27479       1   29168   29167   29786   29698                
CQUAD4     27480       1   29776   29789   29788   29777                
CQUAD4     27481       1   29159   29788   29789   29158                
CQUAD4     27482       1   29158   29789   29787   29157                
CQUAD4     27483       1   29775   29787   29789   29776                
CQUAD4     27484       1   29777   29788   29770   29771                
CQUAD4     27485       1   29160   29770   29788   29159                
CQUAD4     27486       1   29157   29787   29163   29156                
CQUAD4     27487       1   29164   29163   29787   29775                
CQUAD4     27488       1    5575   29795   29793    5576                
CQUAD4     27489       1   29792   29793   29795   29794                
CQUAD4     27490       1   29794   29795   29790   29791                
CQUAD4     27491       1    5574   29790   29795    5575                
CQUAD4     27492       1   29792   29794   29771   29770                
CQUAD4     27493       1   29772   29771   29794   29791                
CQUAD4     27494       1   29160   29161   29792   29770                
CQUAD4     27495       1   29793   29792   29161   29162                
CQUAD4     27496       1    5576   29793   29162    5577                
CQUAD4     27497       1   29797   29799   29798   29796                
CQUAD4     27498       1   29790   29798   29799   29791                
CQUAD4     27499       1   29791   29799   29773   29772                
CQUAD4     27500       1   29774   29773   29799   29797                
CQUAD4     27501       1   29796   29798   10274    5572                
CQUAD4     27502       1    5574   10274   29798   29790                
CQUAD4     27503       1   29774   29797   29702   29701                
CQUAD4     27504       1   29703   29702   29797   29796                
CQUAD4     27505       1    5571   29703   29796    5572                
CQUAD4     27506       1   29820   29822   29821   29819                
CQUAD4     27507       1   29079   29821   29822   29078                
CQUAD4     27508       1   29078   29822   29818   29077                
CQUAD4     27509       1   29817   29818   29822   29820                
CQUAD4     27510       1   29819   29821   29800   29801                
CQUAD4     27511       1   29080   29800   29821   29079                
CQUAD4     27512       1   29802   29814   29819   29801                
CQUAD4     27513       1   29820   29819   29814   29815                
CQUAD4     27514       1   29817   29820   29815   29816                
CQUAD4     27515       1   29811   29812   29817   29816                
CQUAD4     27516       1   29818   29817   29812   29813                
CQUAD4     27517       1   29077   29818   29813   29076                
CQUAD4     27518       1   29803   29824   29814   29802                
CQUAD4     27519       1   29815   29814   29824   29823                
CQUAD4     27520       1   29823   29824   29805   29806                
CQUAD4     27521       1   29804   29805   29824   29803                
CQUAD4     27522       1   29807   29825   29823   29806                
CQUAD4     27523       1   29815   29823   29825   29816                
CQUAD4     27524       1   29816   29825   29810   29811                
CQUAD4     27525       1   29808   29810   29825   29807                
CQUAD4     27526       1   29826   29828    5559    5558                
CQUAD4     27527       1    5560    5559   29828   29827                
CQUAD4     27528       1   29827   29828   29811   29810                
CQUAD4     27529       1   29812   29811   29828   29826                
CQUAD4     27530       1    5560   29827   29809    3116                
CQUAD4     27531       1   29808   29809   29827   29810                
CQUAD4     27532       1   29075   29829    5557    3117                
CQUAD4     27533       1    5558    5557   29829   29826                
CQUAD4     27534       1   29826   29829   29813   29812                
CQUAD4     27535       1   29076   29813   29829   29075                
CQUAD4     27536       1   29809   29808   29693   29692                
CQUAD4     27537       1   29694   29693   29808   29807                
CQUAD4     27538       1   29695   29694   29807   29806                
CQUAD4     27539       1    3116   29809   29692    5561                
CQUAD4     27540       1   29697   29696   29805   29804                
CQUAD4     27541       1   29806   29805   29696   29695                
CQUAD4     27542       1   29802   29801   29184   29183                
CQUAD4     27543       1   29185   29184   29801   29800                
CQUAD4     27544       1   29081   29185   29800   29080                
CQUAD4     27545       1   29183   29182   29803   29802                
CQUAD4     27546       1   29804   29803   29182   29181                
CQUAD4     27547       1   29697   29804   29181   29180                
CQUAD4     27548       1   29160   29159   29856   19606                
CQUAD4     27549       1   29855   29856   29159   29158                
CQUAD4     27550       1   29850   29855   29158   29157                
CQUAD4     27551       1   19606   29856   29858   19607                
CQUAD4     27552       1   29857   29858   29856   29855                
CQUAD4     27553       1   29851   29857   29855   29850                
CQUAD4     27554       1   19608   29857   29851   29852                
CQUAD4     27555       1   19608   19607   29858   29857                
CQUAD4     27556       1   29161   29160   19606   19605                
CQUAD4     27557       1   19609   19608   29852   29853                
CQUAD4     27558       1   29162   29161   19605   19604                
CQUAD4     27559       1   19610   19609   29853   29854                
CQUAD4     27560       1      17   19610   29854    3153                
CQUAD4     27561       1    5577   29162   19604       9                
CQUAD4     27562       1   29852   29864   29860   29853                
CQUAD4     27563       1   29859   29860   29864   29863                
CQUAD4     27564       1   29863   29864   29861   29862                
CQUAD4     27565       1   29851   29861   29864   29852                
CQUAD4     27566       1   29859   29863   29847   29848                
CQUAD4     27567       1   29846   29847   29863   29862                
CQUAD4     27568       1   29845   29866   29155   29154                
CQUAD4     27569       1   29156   29155   29866   29865                
CQUAD4     27570       1   29865   29866   29862   29861                
CQUAD4     27571       1   29846   29862   29866   29845                
CQUAD4     27572       1   29156   29865   29850   29157                
CQUAD4     27573       1   29851   29850   29865   29861                
CQUAD4     27574       1   29859   29868   29867   29860                
CQUAD4     27575       1    3152   29867   29868    3151                
CQUAD4     27576       1    3151   29868   29849    3150                
CQUAD4     27577       1   29848   29849   29868   29859                
CQUAD4     27578       1   29860   29867   29854   29853                
CQUAD4     27579       1    3153   29854   29867    3152                
CQUAD4     27580       1   29153   29840   29845   29154                
CQUAD4     27581       1   29846   29845   29840   29841                
CQUAD4     27582       1   29847   29846   29841   29842                
CQUAD4     27583       1   29842   29843   29848   29847                
CQUAD4     27584       1   29849   29848   29843   29844                
CQUAD4     27585       1    3150   29849   29844   10334                
CQUAD4     27586       1   29837   29874   29872   29836                
CQUAD4     27587       1   29871   29872   29874   29873                
CQUAD4     27588       1   29873   29874   29869   29870                
CQUAD4     27589       1   29838   29869   29874   29837                
CQUAD4     27590       1   29871   29873   29842   29841                
CQUAD4     27591       1   29843   29842   29873   29870                
CQUAD4     27592       1   29871   29876   29875   29872                
CQUAD4     27593       1   29151   29875   29876   29152                
CQUAD4     27594       1   29152   29876   29840   29153                
CQUAD4     27595       1   29841   29840   29876   29871                
CQUAD4     27596       1   29872   29875   29835   29836                
CQUAD4     27597       1   29150   29835   29875   29151                
CQUAD4     27598       1   29844   29878    3148   10334                
CQUAD4     27599       1    3147    3148   29878   29877                
CQUAD4     27600       1   29877   29878   29870   29869                
CQUAD4     27601       1   29843   29870   29878   29844                
CQUAD4     27602       1    3147   29877   29839    3146                
CQUAD4     27603       1   29838   29839   29877   29869                
CQUAD4     27604       1   29832   29898   29897   29831                
CQUAD4     27605       1   29896   29897   29898   29895                
CQUAD4     27606       1   29895   29898   29893   29894                
CQUAD4     27607       1   29833   29893   29898   29832                
CQUAD4     27608       1   29831   29897   29888   29830                
CQUAD4     27609       1   29887   29888   29897   29896                
CQUAD4     27610       1   29890   29891   29895   29894                
CQUAD4     27611       1   29896   29895   29891   29892                
CQUAD4     27612       1   29887   29896   29892   29886                
CQUAD4     27613       1   29889   29900    3138    3139                
CQUAD4     27614       1    3137    3138   29900   29899                
CQUAD4     27615       1   29899   29900   29894   29893                
CQUAD4     27616       1   29890   29894   29900   29889                
CQUAD4     27617       1    3137   29899   29834    3136                
CQUAD4     27618       1   29833   29834   29899   29893                
CQUAD4     27619       1   29904   29908   29906   29903                
CQUAD4     27620       1   29905   29906   29908   29907                
CQUAD4     27621       1   29907   29908   29891   29890                
CQUAD4     27622       1   29892   29891   29908   29904                
CQUAD4     27623       1   29905   29907   29901   29902                
CQUAD4     27624       1   29889   29901   29907   29890                
CQUAD4     27625       1   29903   29906   29881   29882                
CQUAD4     27626       1   29880   29881   29906   29905                
CQUAD4     27627       1   29879   29880   29905   29902                
CQUAD4     27628       1   29892   29904   29885   29886                
CQUAD4     27629       1   29884   29885   29904   29903                
CQUAD4     27630       1   29883   29884   29903   29882                
CQUAD4     27631       1    3139    3140   29901   29889                
CQUAD4     27632       1   29902   29901    3140    3141                
CQUAD4     27633       1   29879   29902    3141    3142                
CQUAD4     27634       1   29144   29143   29886   29885                
CQUAD4     27635       1   29887   29886   29143   29142                
CQUAD4     27636       1   29888   29887   29142   29141                
CQUAD4     27637       1   29830   29888   29141   29140                
CQUAD4     27638       1   29146   29145   29884   29883                
CQUAD4     27639       1   29885   29884   29145   29144                
CQUAD4     27640       1   29913   29915   29914   29912                
CQUAD4     27641       1   29879   29914   29915   29880                
CQUAD4     27642       1   29880   29915   29911   29881                
CQUAD4     27643       1   29910   29911   29915   29913                
CQUAD4     27644       1   29912   29914    3143    3144                
CQUAD4     27645       1    3142    3143   29914   29879                
CQUAD4     27646       1   29912   29917   29916   29913                
CQUAD4     27647       1   29838   29916   29917   29839                
CQUAD4     27648       1   29839   29917    3145    3146                
CQUAD4     27649       1    3144    3145   29917   29912                
CQUAD4     27650       1   29913   29916   29909   29910                
CQUAD4     27651       1   29837   29909   29916   29838                
CQUAD4     27652       1   29909   29921   29919   29910                
CQUAD4     27653       1   29918   29919   29921   29920                
CQUAD4     27654       1   29920   29921   29836   29835                
CQUAD4     27655       1   29837   29836   29921   29909                
CQUAD4     27656       1   29918   29920   29149   29148                
CQUAD4     27657       1   29150   29149   29920   29835                
CQUAD4     27658       1   29911   29923   29882   29881                
CQUAD4     27659       1   29883   29882   29923   29922                
CQUAD4     27660       1   29922   29923   29919   29918                
CQUAD4     27661       1   29910   29919   29923   29911                
CQUAD4     27662       1   29883   29922   29147   29146                
CQUAD4     27663       1   29148   29147   29922   29918                
CQUAD4     27664       1   29939   29949   29947   29938                
CQUAD4     27665       1   29946   29947   29949   29948                
CQUAD4     27666       1   29948   29949   29944   29945                
CQUAD4     27667       1   29940   29944   29949   29939                
CQUAD4     27668       1   29946   29948   29932   29933                
CQUAD4     27669       1   29931   29932   29948   29945                
CQUAD4     27670       1   29938   29947   29832   29831                
CQUAD4     27671       1   29833   29832   29947   29946                
CQUAD4     27672       1   29834   29833   29946   29933                
CQUAD4     27673       1   29931   29945   29943   29930                
CQUAD4     27674       1   29942   29943   29945   29944                
CQUAD4     27675       1   29941   29942   29944   29940                
CQUAD4     27676       1   29935   29936   29942   29941                
CQUAD4     27677       1   29943   29942   29936   29937                
CQUAD4     27678       1   29930   29943   29937   29929                
CQUAD4     27679       1   29950   29952   29940   29939                
CQUAD4     27680       1   29941   29940   29952   29951                
CQUAD4     27681       1   29951   29952   29137   29136                
CQUAD4     27682       1   29138   29137   29952   29950                
CQUAD4     27683       1   29941   29951   29934   29935                
CQUAD4     27684       1   29135   29934   29951   29136                
CQUAD4     27685       1   29830   29953   29938   29831                
CQUAD4     27686       1   29939   29938   29953   29950                
CQUAD4     27687       1   29950   29953   29139   29138                
CQUAD4     27688       1   29140   29139   29953   29830                
CQUAD4     27689       1   29936   29935   29925   29926                
CQUAD4     27690       1   29924   29925   29935   29934                
CQUAD4     27691       1   29134   29924   29934   29135                
CQUAD4     27692       1   29929   29937   29927   29928                
CQUAD4     27693       1   29926   29927   29937   29936                
CQUAD4     27694       1    3131    3132   29930   29929                
CQUAD4     27695       1   29931   29930    3132    3133                
CQUAD4     27696       1   29932   29931    3133    3134                
CQUAD4     27697       1   29834   29933    3135    3136                
CQUAD4     27698       1    3134    3135   29933   29932                
CQUAD4     27699       1    3130    3131   29929   29928                
CQUAD4     27700       1   29926   29925   29130   29131                
CQUAD4     27701       1   29129   29130   29925   29924                
CQUAD4     27702       1   29128   29129   29924   29134                
CQUAD4     27703       1   29131   29132   29927   29926                
CQUAD4     27704       1   29928   29927   29132   29133                
CQUAD4     27705       1    3130   29928   29133    3129                
ENDDATA 74af43a8
