,NID,U1,U2
0,1,0.019887850467289712,-2.8062309527364436e-19
1,2,0.009943925233644851,0.0
2,3,0.0,0.0
3,4,0.009943925233644853,0.0
