,Element,NID,E1,E2,E12,E_max,E_min
0,17,36.0,0.0004896222987589328,-0.00013437687337607878,-7.281437666035659e-05,0.0004917392914777178,-0.00013649386609486375
1,17,26.0,0.0004896222987589328,-0.00014694936498147316,-5.5919208745518895e-05,0.0004908479850629396,-0.0001481750512854799
2,17,27.0,0.0005022936476627923,-0.00014694936498147316,-6.534855733357492e-05,0.0005039338933945058,-0.00014858961071318653
3,17,37.0,0.0005022936476627923,-0.00013437687337607878,-8.224372524841261e-05,0.0005049386757525812,-0.00013702190146586764
4,18,37.0,0.0005022936476627923,-0.0001506445189910433,-6.492076771717065e-05,0.0005039034251126163,-0.00015225429644086724
5,18,27.0,0.0005022936476627923,-0.00015650879583294552,-5.30510438924367e-05,0.0005033599253812219,-0.00015757507355137514
6,18,28.0,0.0005111959215397845,-0.00015650879583294552,-5.744924214102359e-05,0.0005124293746331691,-0.00015774224892633017
7,18,38.0,0.0005111959215397845,-0.0001506445189910433,-6.931896596575754e-05,0.0005130060304317086,-0.0001524546278829674
8,19,38.0,0.0005111959215397845,-0.00016334078695591189,-4.075869169957447e-05,0.0005118110686860074,-0.0001639559341021348
9,19,28.0,0.0005111959215397845,-0.0001636732697833797,-4.0391535665033895e-05,0.0005117997488239385,-0.00016427709706753364
10,19,29.0,0.0005114712879782414,-0.0001636732697833797,-4.064089725366177e-05,0.0005120823382270309,-0.00016428432003216922
11,19,39.0,0.0005114712879782414,-0.00016334078695591189,-4.100805328820234e-05,0.0005120937245009403,-0.00016396322347861077
15,20,31.0,0.0004989205165697192,-0.00016782104679837991,-3.721209012690768e-06,0.0004989257087196627,-0.00016782623894832346
14,20,30.0,0.0004989205165697192,-0.00016430957761431647,-2.0455606590766284e-05,0.0004990782040688523,-0.00016446726511344954
12,20,39.0,0.0005114712879782414,-0.00016782104679837991,-6.354805282389464e-06,0.0005114861500135498,-0.0001678359088336883
13,20,29.0,0.0005114712879782414,-0.00016430957761431647,-2.308920286046498e-05,0.0005116684509281531,-0.00016450674056422813
16,21,35.0,0.0004789322887823952,-0.00011228364753592291,-0.00011663734608807069,0.0004846300432121101,-0.00011798140196563783
17,21,36.0,0.0004789322887823952,-0.00013437687337607878,-8.884212915041129e-05,0.0004821329369229939,-0.0001375775215166775
18,21,37.0,0.0004997788237855738,-0.00013437687337607878,-0.00010541214574149443,0.0005041294931960763,-0.0001387275427865812
19,21,40.0,0.0004997788237855738,-0.00011228364753592291,-0.0001332073626791573,0.0005069426831822491,-0.00011944750693259823
23,22,41.0,0.0005207381436127256,-0.00013571521408481532,-0.00012723182840012476,0.0005268462329942479,-0.00014182330346633763
20,22,40.0,0.0004997788237855738,-0.00013571521408481532,-0.00011603478403098867,0.0005050320924949608,-0.00014096848279420234
21,22,37.0,0.0004997788237855738,-0.0001506445189910433,-8.808918821025594e-05,0.0005027478304955692,-0.00015361352570103878
22,22,38.0,0.0005207381436127256,-0.0001506445189910433,-9.928623257939029e-05,0.0005243889831446232,-0.00015429535852294092
27,23,42.0,0.0005309298377916376,-0.00016170635289865655,-8.5540636897731e-05,0.0005335609125324899,-0.0001643374276395089
26,23,39.0,0.0005309298377916376,-0.00016334078695591189,-7.195179104771757e-05,0.0005327890671453543,-0.00016520001630962856
24,23,41.0,0.0005207381436127256,-0.00016170635289865655,-8.431480416322412e-05,0.000523332516908319,-0.00016430072619424995
25,23,38.0,0.0005207381436127256,-0.00016334078695591189,-7.072595831321069e-05,0.000522561348746138,-0.00016516399208932428
28,24,42.0,0.0005309298377916376,-0.00017440566748833726,-2.0606014188391183e-05,0.0005310803042210775,-0.00017455613391777718
29,24,39.0,0.0005309298377916376,-0.00016782104679837991,-3.729854304190469e-05,0.000531427222402485,-0.00016831843140922734
30,24,31.0,0.0005184103677037862,-0.00016782104679837991,-3.2360048551876436e-05,0.0005187916498834417,-0.00016820232897803535
31,24,32.0,0.0005184103677037862,-0.00017440566748833726,-1.5667519698361193e-05,0.0005184989337102298,-0.00017449423349478094
32,25,34.0,0.0004600510981594124,-7.683294574106688e-05,-0.0001594781161221772,0.000471643782146138,-8.842562972779245e-05
33,25,35.0,0.0004600510981594124,-0.00011228364753592291,-0.0001241545726513027,0.0004667068028860591,-0.00011893935226256963
34,25,40.0,0.00048654369924489883,-0.00011228364753592291,-0.00015074254227631992,0.0004958845826242977,-0.00012162453091532177
35,25,43.0,0.00048654369924489883,-7.683294574106688e-05,-0.00018606608574719442,0.0005015091447968058,-9.179839129297383e-05
39,26,44.0,0.0005244473687846512,-0.00010051315528411368,-0.0002105097852735001,0.0005416980676639356,-0.00011776385416339811
38,26,41.0,0.0005244473687846512,-0.00013571521408481532,-0.00015997145140538536,0.0005340002559471369,-0.00014526810124730112
37,26,40.0,0.00048654369924489883,-0.00013571521408481532,-0.00013356996362814955,0.0004936307924332439,-0.0001428023072731604
36,26,43.0,0.00048654369924489883,-0.00010051315528411368,-0.00018410829749626774,0.0005006398872408072,-0.00011460934328002203
40,27,44.0,0.0005244473687846512,-0.00014229155552505262,-0.00017141934741731618,0.0005352891011959549,-0.00015313328793635636
41,27,41.0,0.0005244473687846512,-0.00016170635289865655,-0.000117054427168483,0.0005294037925220717,-0.00016666277663607705
42,27,42.0,0.000565220971987402,-0.00016170635289865655,-0.0001316154941350088,0.0005711304183254546,-0.00016761579923670918
43,27,45.0,0.000565220971987402,-0.00014229155552505262,-0.00018598041438384547,0.0005772387816431132,-0.00015430936518076382
44,28,45.0,0.000565220971987402,-0.00018763370833793018,-6.322465853202813e-05,0.0005665460398694265,-0.00018895877621995466
45,28,42.0,0.000565220971987402,-0.00017440566748833726,-6.668087142567072e-05,0.0005667208301857127,-0.00017590552568664793
46,28,32.0,0.0005626288178471155,-0.00017440566748833726,-5.675986195333854e-05,0.0005637199877265935,-0.0001754968373678153
47,28,33.0,0.0005626288178471155,-0.00018763370833793018,-5.330364905969942e-05,0.0005635743877291346,-0.00018857927821994927
50,29,43.0,0.0004573309470745513,-7.683294574106688e-05,-0.00017883430414498622,0.00047190161148677196,-9.140361015328756e-05
51,29,2.0,0.0004573309470745513,-3.5313448145589816e-05,-0.00021373015524315392,0.0004795134418825469,-5.7495942953585404e-05
48,29,1.0,0.00043115911458428864,-3.5313448145589816e-05,-0.00018259059847774463,0.0004483903852257128,-5.254471878701392e-05
49,29,34.0,0.0004311590866676075,-7.683294574106688e-05,-0.00014769471416397825,0.0004416766020560203,-8.735046112947961e-05
55,30,3.0,0.0005032908094858603,-4.510902560898625e-05,-0.0002797094717827617,0.0005368975551773305,-7.871577130045654e-05
54,30,44.0,0.0005032908094858603,-0.00010051315528411368,-0.00021842952450379718,0.0005224381554940717,-0.00011966050129232504
53,30,43.0,0.0004573309470745513,-0.00010051315528411368,-0.0001768765158940578,0.0004710158611280912,-0.0001141980693376536
52,30,2.0,0.0004573309470745513,-4.510902560898625e-05,-0.0002381564631730223,0.00048412374240896605,-7.190182094340102e-05
56,31,3.0,0.0005032908094858603,-7.760501613388558e-05,-0.00029243828941863913,0.0005380198151913342,-0.00011233402183935943
57,31,44.0,0.0005032908094858603,-0.00014229155552505262,-0.00017933908664761328,0.0005155142154734587,-0.0001545149615126511
58,31,45.0,0.0005881150306054055,-0.00014229155552505262,-0.00022785388769252547,0.0006054725742705416,-0.0001596490991901887
59,31,4.0,0.0005881150306054055,-7.760501613388558e-05,-0.0003409530904635513,0.0006292310059733831,-0.00011872099150186309
60,32,4.0,0.0005881150306054055,-0.0001746062471924648,-0.00025056909479118095,0.000608167090456176,-0.00019465830704323532
61,32,45.0,0.0005881150306054055,-0.00018763370833793018,-0.00010509813184070987,0.0005916585079702682,-0.00019117718570279288
62,32,33.0,0.0006972180200647167,-0.00018763370833793018,-0.00011486870685587305,0.0007009304194857517,-0.00019134610775896522
63,32,5.0,0.0006972180200647167,-0.0001746062471924648,-0.0002603396698063424,0.0007162383805089821,-0.00019362660763673007
66,486,2.0,0.0004255607930790696,-3.5313448145589816e-05,-0.000165055022601222,0.00043989306736237193,-4.9645722428892116e-05
67,486,559.0,0.0004214109274762526,-4.121632413597303e-06,-0.00019865724396121026,0.0004434544961879973,-2.6165201125342026e-05
64,486,558.0,0.0003970121821412452,-8.797700053424711e-06,-0.00017257898676544328,0.00041459826532825553,-2.6383783240434988e-05
65,486,1.0,0.00040053662352673193,-3.5313448145589816e-05,-0.00014401140625226044,0.0004121244250807275,-4.690124969958538e-05
68,487,559.0,0.0004176105066596939,-4.741913267639018e-06,-0.00023269523837847993,0.0004475404147138474,-3.467182132179254e-05
69,487,2.0,0.0004228279675592226,-4.510902560898625e-05,-0.00019057726382360786,0.00044148801402884625,-6.376907207860993e-05
70,487,3.0,0.00046776498511424784,-4.510902560898625e-05,-0.00022947522174963757,0.0004922633051713031,-6.960734566604159e-05
71,487,560.0,0.00046142183210269583,3.901018082818502e-06,-0.00028060356544102466,0.0005010192348354711,-3.5696384649956735e-05
72,488,560.0,0.0004574390809007605,-1.2957533896866473e-05,-0.0003180423402760219,0.0005061526900453162,-6.167114304142209e-05
73,488,3.0,0.00046633894835828096,-7.760501613388558e-05,-0.0002458446349408571,0.0004928274413164777,-0.00010409350909208233
74,488,4.0,0.0005637513099942121,-7.760501613388558e-05,-0.000325117545532258,0.0006026003905006091,-0.00011645409664028258
75,488,561.0,0.0005524031966246228,4.65504085607368e-06,-0.0004169656340415745,0.0006227268751680808,-6.56686376873844e-05
76,489,561.0,0.0005516305682575877,-0.0001187398148539371,-0.0004377007575659276,0.0006167510111009926,-0.00018386025769734208
77,489,4.0,0.0005738982928844231,-0.0001746062471924648,-0.00024562341840972043,0.0005935336686877185,-0.0001942416229957602
78,489,5.0,0.0009082448140551348,-0.0001746062471924648,-0.00033979444313537305,0.0009342755999066059,-0.0002006370330439358
79,489,547.0,0.0008775276087987852,-9.782020921688143e-05,-0.000603765276093033,0.0009634031472502834,-0.00018369574766837968
83,490,562.0,0.00040113970026123616,-6.759052351898079e-06,-0.00016781645775627504,0.000417725896979303,-2.334524906996485e-05
81,490,558.0,0.0003867469241897823,-2.151549048207577e-05,-0.00011443629368380545,0.00039461445773795756,-2.9383024030251055e-05
80,490,557.0,0.00037411728009872046,-1.0681407169400276e-05,-0.00014664908290611296,0.0003876159593063529,-2.4180086377032672e-05
82,490,559.0,0.00041599979361791294,-1.950980920372808e-05,-0.0001299036896946354,0.0004254803232771879,-2.8990338863003066e-05
84,491,562.0,0.0003876316731230983,2.368200920205022e-06,-0.00020314336228315945,0.00041276998125038423,-2.2770107207080833e-05
85,491,559.0,0.0004046900440431095,-2.00988234693048e-05,-0.00016236739676902742,0.00041967676248296187,-3.5085541909157136e-05
86,491,560.0,0.0004527005696042391,-1.5046129321783728e-05,-0.00019547945737840612,0.0004723026590959455,-3.464821881349014e-05
87,491,563.0,0.0004319838723919429,1.2249640006982887e-05,-0.00024502290840053634,0.0004651255273769912,-2.0892014978065394e-05
88,492,563.0,0.00041171854968925087,1.1532061466612782e-05,-0.0003030965096541133,0.0004626316399205504,-3.938102876468671e-05
89,492,560.0,0.0004408680835496972,-3.1056326466928695e-05,-0.00023485174872632172,0.0004684718060857805,-5.866004900301203e-05
90,492,561.0,0.000545395956063479,-1.885789747442335e-05,-0.0003121984432571251,0.0005857013009441508,-5.916324235509513e-05
91,492,564.0,0.0005082873456716472,3.539023981688957e-05,-0.0003991380610018705,0.0005812506802284675,-3.757309473993069e-05
95,493,548.0,0.0008317142453910555,2.572192401113153e-05,-0.0008833120943359564,0.0010266026634710205,-0.00016916649406883348
94,493,547.0,0.0009431090242561363,-0.00010004099041755104,-0.0006089672081522031,0.001025480002442502,-0.0001824119686039168
93,493,561.0,0.0005431064002406772,-0.00013605421618600829,-0.00035978582984411145,0.0005878127644028189,-0.00018076058034814988
92,493,564.0,0.0004621240110878125,-4.4721133529892554e-05,-0.0005589907820812059,0.0005859820687728348,-0.00016857919121491494
96,494,556.0,0.000363266451374274,-3.7865089104304126e-05,-0.0001558721425169319,0.00037787656127698406,-5.247519900701417e-05
97,494,557.0,0.0003902684395684249,-3.239787786507852e-05,-0.00010943189838788156,0.0003972367674920387,-3.936620578869231e-05
98,494,562.0,0.00042644312484546934,-3.4616616313173045e-05,-0.00012228697322046872,0.00043441387729295386,-4.258736876065755e-05
99,494,565.0,0.00039468871423022165,-4.104544866333985e-05,-0.00017689592618439984,0.000411957991846214,-5.8314726279332205e-05
100,495,565.0,0.00036819265228036496,-2.2567484357562307e-05,-0.0002074913838740972,0.0003940286315072787,-4.8403463584476095e-05
101,495,562.0,0.00040473600776075227,-2.6425984030452342e-05,-0.00015171495770111704,0.0004176928049955262,-3.9382781265226256e-05
102,495,563.0,0.0004641411017654029,-2.4525799131906973e-05,-0.00018431460172650335,0.00048094325423321207,-4.1327951599716146e-05
103,495,566.0,0.0004197922996839426,-1.984377566768364e-05,-0.00025199505630805336,0.0004533422686478194,-5.339374463156043e-05
105,496,563.0,0.0004315607509467389,-2.517033338965405e-05,-0.00023660006598924185,0.0004603833085349323,-5.3992890977847376e-05
106,496,564.0,0.0005455072671015811,-1.030057353270602e-05,-0.00032239652200859257,0.0005888749892903495,-5.366829572147442e-05
104,496,566.0,0.00037642428662989016,-1.4232282930500014e-06,-0.0003094861107569573,0.0004317086357521846,-5.670757741534446e-05
107,496,567.0,0.00047539677012234036,1.9889932789154442e-05,-0.00041505535646774866,0.0005557656598780083,-6.047895696651345e-05
111,497,549.0,0.0006440722458404078,0.0001647683687985877,-0.0010071402400892472,0.0009621083181630039,-0.00015326770352400843
110,497,548.0,0.0008062223253581524,1.2926263163100111e-05,-0.000844491880622072,0.0009889026076397456,-0.00016975401911849296
109,497,564.0,0.0004712437061706017,-8.216993393859594e-05,-0.0004857719927456247,0.0005627219910547307,-0.00017364821882272485
108,497,567.0,0.0003531376907718528,2.8470194834561987e-05,-0.0006043126294796489,0.0005338063979936908,-0.00015219851238727595
112,498,555.0,0.0003330860099640693,-6.369592690560436e-05,-0.0002038097740515157,0.0003577277349986987,-8.833765194023378e-05
113,498,556.0,0.00038885496714269937,-6.181880111701945e-05,-0.0001461603285930757,0.0004004092431749757,-7.33730771492958e-05
114,498,565.0,0.0004373138778771997,-6.311737480130387e-05,-0.00018311207322196975,0.000453538427758157,-7.934192468226115e-05
115,498,568.0,0.0003716717893951682,-6.532682089501949e-05,-0.0002509675900176332,0.0004051409925178806,-9.879602401773188e-05
116,499,568.0,0.00034061794617270755,-4.938439743553405e-05,-0.0002660819600766694,0.0003816789682382126,-9.044541950103908e-05
117,499,565.0,0.00040207761552886077,-4.768650031345355e-05,-0.00020292064183254598,0.0004239061911346916,-6.95150759192844e-05
118,499,566.0,0.00046697049452305503,-4.911376092682287e-05,-0.0002527945522919383,0.0004962644263136842,-7.840769271745204e-05
119,499,569.0,0.00039228851774394165,-5.117691160258335e-05,-0.00032954323347278783,0.00044680764910668216,-0.00010569604296532386
122,500,567.0,0.0005177724224269438,-1.7182247397361453e-05,-0.00040223153316677827,0.0005849466619323219,-8.435648690273954e-05
123,500,570.0,0.0004150383257047346,2.5034176769607257e-06,-0.0004852835567029125,0.0005272379738959705,-0.00010969623051427523
120,500,569.0,0.00032866892662633887,-1.8279574904428573e-05,-0.0003602702110271918,0.0004052786056065619,-9.48892538846516e-05
121,500,566.0,0.0004093010201557098,-3.373040906215583e-05,-0.00029508424971732075,0.0004539391904076121,-7.836857931405817e-05
124,501,570.0,0.00023960762179732129,8.538882869718004e-05,-0.000577836428744372,0.0004615293166613852,-0.00013653286616688385
125,501,567.0,0.00035521518310140197,-1.0016710637075966e-05,-0.0005576282155437609,0.0005058947368672278,-0.0001606962644029018
126,501,549.0,0.0005694603336469269,0.00013075176071485054,-0.000905010629649245,0.0008529751782036185,-0.00015276308384184117
127,501,550.0,0.000410197300963225,0.00026217894433329825,-0.0009328435413533016,0.0008084450724499541,-0.00013606882715343086
128,502,555.0,0.0003616931049106606,-6.031758499294742e-05,-0.0002424250778455591,0.0003940305946393463,-9.265507472163312e-05
129,502,568.0,0.0004019669052472592,-6.402802623653746e-05,-0.00029004679297508227,0.00044341361337489236,-0.00010547473436417062
130,502,571.0,0.00032055745602112707,-6.777815581414251e-05,-0.0003471365645439303,0.00038682598678812017,-0.0001340466865811356
131,502,554.0,0.00029246135846734515,-6.350643937686871e-05,-0.00029097081713278265,0.00034435628062548605,-0.00011540136153500959
135,503,571.0,0.00028219740890401274,-4.9390365262974346e-05,-0.00034193858882073866,0.0003545591697179263,-0.0001217521260768879
132,503,568.0,0.00036477784142390293,-5.204076969876181e-05,-0.0002943070445427208,0.0004114932068793591,-9.875613515421798e-05
133,503,569.0,0.00042307351506945534,-4.829877167495303e-05,-0.0003704953263669328,0.0004871617116474847,-0.00011238696825298237
134,503,572.0,0.00032286698833013106,-4.5082216415216585e-05,-0.0004283021154676339,0.0004212172517533981,-0.00014343247983848365
139,504,572.0,0.0002519435104423838,-1.1379122518723412e-05,-0.00041917326021933144,0.0003677923104785462,-0.00012722792255488583
138,504,573.0,0.00031139801524071977,1.3794015707700735e-05,-0.0005545361162699811,0.00047726983261898125,-0.00015207780167056077
136,504,569.0,0.0003468888276271674,-2.3560490301667916e-05,-0.0003789458521505414,0.0004266324007284255,-0.00010330406340292606
137,504,570.0,0.0004321094083989882,-1.6960071021241107e-06,-0.0005033776820101516,0.0005474627123562739,-0.00011704931105940974
140,505,570.0,0.00022204558733713545,6.0640881445055605e-05,-0.0005360750533437292,0.00042126641220136137,-0.00013857994341917034
141,505,550.0,0.00032375466871239697,0.00019749093948552774,-0.000772776160822131,0.0006521344655004039,-0.00013088885730247924
142,505,551.0,0.00021045274311728437,0.00027376877515651604,-0.0007225776955812509,0.0006047839750161211,-0.0001205624567423207
143,505,573.0,0.00013948825455784714,0.00011619865056775882,-0.0004994774606614108,0.0003778535220414073,-0.00012216661691580137
144,506,554.0,0.0003016296874299735,-4.5575826665418474e-05,-0.00031862347159053624,0.0003636498206469177,-0.00010759595988236268
145,506,571.0,0.0003307252988130633,-3.6175752261977074e-05,-0.00038345764479452097,0.0004126312065079647,-0.00011808165995687845
146,506,574.0,0.00023615097683679642,-3.100560248334757e-05,-0.00040187901116049175,0.0003438605740905597,-0.00013871519973711086
147,506,553.0,0.00022127169238896072,-4.1181563381563593e-05,-0.00033428400250997466,0.00030254653849778467,-0.00012245640949038752
151,507,574.0,0.00020116652829928368,-1.879255525059063e-05,-0.0003793198686452056,0.0003104274716001626,-0.0001280534985514696
150,507,575.0,0.0002206933172457723,-2.0802492031983403e-06,-0.000468793419437296,0.00036882307107437463,-0.00015021000303180068
148,507,571.0,0.00028797642020021805,-2.4731527122721832e-05,-0.00036581369945870926,0.0003722497117387839,-0.00010900481866128769
149,507,572.0,0.0003261618238070557,-9.292695897427782e-06,-0.00045239979742690405,0.00044003503958565764,-0.00012316591167602973
152,508,572.0,0.00024711662202928347,1.167375478559776e-05,-0.0004202933021430228,0.000370268497203898,-0.00011147812038901677
153,508,573.0,0.0002987593355243054,4.349103653572209e-05,-0.0005426725816089443,0.0004709815830347471,-0.00012873121097471964
154,508,576.0,0.00018134600183975468,5.571876216342456e-05,-0.0005488990828131125,0.00040007829586901294,-0.0001630135318658337
155,508,575.0,0.00015493900754703568,2.127921534511774e-05,-0.00042520120722309637,0.00031096613213167147,-0.00013474790923951804
156,509,573.0,0.00010713803822094952,0.00010715376708916603,-0.0004280697622789098,0.0003211807839389969,-0.00010688897862888135
157,509,551.0,0.00013993978236578886,0.000179427143922973,-0.0005309226870431494,0.0004258780119897065,-0.00010651108570094468
158,509,552.0,8.138507855815977e-05,0.00020120979398179127,-0.0004891573794777726,0.00039310733695098324,-0.0001105124644110322
159,509,576.0,6.461495737076182e-05,0.00012299122673845085,-0.0003977568758352073,0.00029481199801369157,-0.00010720581390447889
162,510,12.0,0.00014866111456486586,1.5107438569778898e-05,-0.000383228478855694,0.0002848009167042575,-0.00012103236356961279
160,510,553.0,0.00022118338517830918,-6.771513934024603e-06,-0.0003417402368452605,0.00031260178849432726,-9.818991725004268e-05
161,510,574.0,0.00023397380683621086,1.1927046574701082e-05,-0.0004021140958292589,0.0003526243857252014,-0.00010672353231428944
163,510,13.0,0.00014866111456486586,-4.070470670414705e-06,-0.0003256784305575187,0.0002521517766957905,-0.00010756113280133934
167,511,12.0,0.00012298162331943543,1.866070088777234e-05,-0.00035433864454497387,0.0002555092301230095,-0.00011386690591580175
166,511,11.0,0.00012298162331943543,4.131913198174601e-05,-0.0004257849322974825,0.0002989230529714496,-0.00013462229767026814
164,511,574.0,0.00019713234434818282,1.602996661374367e-05,-0.00036955955878782525,0.00031235550927202706,-9.919319831010054e-05
165,511,575.0,0.00021301028894187696,3.81208048064507e-05,-0.00044425164098308746,0.0003642839228830718,-0.00011315282913474417
168,512,575.0,0.00014377011935614963,4.598160348920046e-05,-0.00038183409637317957,0.00029195444409249686,-0.00010220272124714677
169,512,576.0,0.0001590739284178834,9.085964814240435e-05,-0.0004592017012440674,0.0003570871183133765,-0.00010715354175308876
170,512,10.0,8.760444635001231e-05,9.62222374437768e-05,-0.0004194506435406947,0.00030168292303894113,-0.00011785623924515204
171,512,11.0,8.760444635001231e-05,5.0187218532250495e-05,-0.00035058197548294527,0.0002451823679955312,-0.00010739070311326844
172,513,576.0,3.61665960926464e-05,0.00011355615590389923,-0.0002708024419813739,0.00021568316634946,-6.596041435291436e-05
173,513,552.0,3.991524850301478e-05,9.087400535820318e-05,-0.0002820776082023413,0.00020871644309041398,-7.792718922919601e-05
174,513,9.0,2.6157441873642454e-05,8.873600884626678e-05,-0.00030260300381073843,0.00021194968241873473,-9.70562316988255e-05
175,513,10.0,2.6157441873642454e-05,0.00011200654278172695,-0.0002857309596289298,0.00021825659591119987,-8.009261125583046e-05
178,960,958.0,5.12903183852529e-05,9.344593724528144e-06,-0.00020882971794455168,0.00013681780219765473,-7.618289008787367e-05
176,960,10.0,2.6157441873642454e-05,0.00013800442511291633,-0.00019158246846873866,0.00019300161448233306,-2.883974749577429e-05
177,960,9.0,2.6157441873642454e-05,7.24673220980556e-05,-0.00016667811746341098,0.00013580833542811433,-3.718357145641629e-05
179,960,963.0,6.886479856848052e-05,7.24673220980556e-05,-0.0002790647616527454,0.00021021006716631402,-6.887794649977793e-05
183,961,961.0,5.989790842120084e-05,6.209514364660635e-05,-0.000282600749839536,0.00020230117179307862,-8.030811972527144e-05
182,961,963.0,3.4155537384488593e-05,4.721070899816129e-05,-0.0003426165416131853,0.0002121157135095328,-0.00013074946712688293
180,961,11.0,8.760444635001231e-05,6.4069652094606e-05,-0.00026778525078704,0.00021024577948165857,-5.857168103704026e-05
181,961,10.0,8.760444635001231e-05,5.600501095788204e-05,-0.0002963674113334175,0.00022082835666102906,-7.721889935313471e-05
184,962,961.0,9.193792851581832e-05,3.0666417254646356e-05,-0.00023227964798032148,0.00018141465449943633,-5.881030872897167e-05
185,962,963.0,5.39597854075217e-05,9.785253627855005e-05,-0.00027732035645895714,0.0002162923724928532,-6.448005080678145e-05
186,962,958.0,1.9296108843731147e-05,5.700951043021956e-05,-0.00020008446463675496,0.0001399566573641126,-6.36510380901619e-05
187,962,959.0,6.125322506158356e-05,2.2440320142462597e-05,-0.00019626125730367455,0.00014187792113421762,-5.818437593017147e-05
191,963,962.0,9.522696812052332e-05,4.604169173070015e-05,-0.00032421956328215935,0.0002345988966987544,-9.333023684753093e-05
190,963,961.0,0.00010010919546285871,4.340626687025198e-05,-0.00034643846072968457,0.0002472818243729664,-0.00010376636203985568
188,963,12.0,0.00012298162331943543,4.655221300658486e-05,-0.00031659560005173337,0.00024761211208417503,-7.807827575815473e-05
189,963,11.0,0.00012298162331943543,4.4074497929203686e-05,-0.0003380158095668785,0.0002570799418835716,-9.002382063493243e-05
195,964,957.0,0.00011083013864941066,2.4895905006121623e-05,-0.0002922584013486749,0.00022017820957240844,-8.445216591687616e-05
194,964,962.0,0.00010723156048268907,4.4821238403634626e-05,-0.00032998546535022676,0.0002439441290344836,-9.18913301481599e-05
192,964,13.0,0.00014866111456486586,2.4895905006121623e-05,-0.000311322282824272,0.00025428924890394237,-8.073222933295491e-05
193,964,12.0,0.00014866111456486586,4.1501342979850136e-05,-0.0003442746448526369,0.00027536451122982963,-8.520205368511363e-05
196,965,962.0,8.879835244937455e-05,5.015272371955144e-05,-0.000295100419546954,0.00021828560346707715,-7.933452729815116e-05
197,965,961.0,9.1798939190443e-05,7.456581907760636e-05,-0.0003143344990898314,0.00024058564922940635,-7.422089096135697e-05
198,965,965.0,7.64564268515254e-05,9.311478952942615e-05,-0.00029822464159881545,0.00023413037534340486,-6.455915896245331e-05
199,965,964.0,6.446940040763863e-05,6.142627967579994e-05,-0.0002591500975640641,0.0001925318221259766,-6.663614204253804e-05
200,966,47.0,8.117070514349588e-05,5.3906616605309856e-05,-0.00026676803497620565,0.0002016174763234552,-6.654015457464945e-05
201,966,964.0,6.347747257657698e-05,8.664099947411743e-05,-0.0002742754170010214,0.00021268513597646221,-6.256666392576781e-05
202,966,965.0,3.8289154536973874e-05,4.2166682890778026e-05,-0.0002067516858297704,0.00014362194032487946,-6.316610289712754e-05
203,966,960.0,6.724505056607147e-05,3.842990805553911e-05,-0.00023726123210568613,0.00017233978545822925,-6.666482683661866e-05
204,967,957.0,0.00011259566441659992,4.329360157564457e-05,-0.0002711847772776388,0.00021789458774882508,-6.20053217565806e-05
205,967,962.0,0.00011030843719362499,4.843441757459597e-05,-0.00029584851417049224,0.00023049615868304772,-7.175330391482677e-05
206,967,964.0,6.214136615887919e-05,5.1053130949992075e-05,-0.00029879760755468013,0.00020609888670637048,-9.290438959749922e-05
207,967,47.0,8.601716798913028e-05,4.329360157564457e-05,-0.00026574799069501234,0.00019923556319429537,-6.992479362952052e-05
2217,968,961.0,0.00010849606684261914,5.8258342515867337e-05,-0.0003262726001670938,0.00024843601129473933,-8.168160193625288e-05
2218,968,959.0,0.00010849606684261914,5.8258342515867337e-05,-0.0003262726001670938,0.00024843601129473933,-8.168160193625288e-05
2216,968,965.0,0.00010849606684261914,5.8258342515867337e-05,-0.0003262726001670938,0.00024843601129473933,-8.168160193625288e-05
2221,969,46.0,9.978931731114901e-05,5.2288616003581563e-05,-0.00027425422998827016,0.00021520765862072472,-6.312972530599416e-05
2220,969,960.0,9.978931731114901e-05,5.2288616003581563e-05,-0.00027425422998827016,0.00021520765862072472,-6.312972530599416e-05
2219,969,956.0,9.978931731114901e-05,5.2288616003581563e-05,-0.00027425422998827016,0.00021520765862072472,-6.312972530599416e-05
2222,970,965.0,0.00010345405744091075,3.3198959089070705e-05,-0.0002804495407552033,0.0002128842162523471,-7.623119972236564e-05
2224,970,960.0,0.00010345405744091075,3.3198959089070705e-05,-0.0002804495407552033,0.0002128842162523471,-7.623119972236564e-05
2223,970,959.0,0.00010345405744091075,3.3198959089070705e-05,-0.0002804495407552033,0.0002128842162523471,-7.623119972236564e-05
2225,971,47.0,9.978931731114901e-05,8.396288439025942e-05,-0.0003160299204088632,0.00025008907959504735,-6.63368778936389e-05
2226,971,960.0,9.978931731114901e-05,8.396288439025942e-05,-0.0003160299204088632,0.00025008907959504735,-6.63368778936389e-05
2227,971,956.0,9.978931731114901e-05,8.396288439025942e-05,-0.0003160299204088632,0.00025008907959504735,-6.63368778936389e-05
211,972,1260.0,0.0002213457242139557,-9.382274858603769e-05,-0.00015336948215621989,0.0002390137091293729,-0.00011149073350145489
210,972,1259.0,0.00022463702283884602,-9.138009114003124e-05,-0.00016967860417978643,0.0002459728587391346,-0.0001127159270403198
209,972,1257.0,0.0002392844233731345,-9.146600945230971e-05,-0.00017138726654167442,0.00026016806174780605,-0.0001123496478269813
208,972,1256.0,0.00023913031095738023,-9.360950105020852e-05,-0.00015749829062449133,0.0002568266254045979,-0.00011130581549742617
215,973,1254.0,0.000223850941128023,-9.296928539101077e-05,-0.00015215960094577818,0.00024117329505339368,-0.00011029163931638146
214,973,1260.0,0.00021615231227166062,-9.328369157113271e-05,-0.0001599167857408417,0.00023559229813425816,-0.00011272367743373024
213,973,1256.0,0.00022996306431917468,-9.332901015949734e-05,-0.00016040366408718101,0.0002487658431422587,-0.00011213178898258138
212,973,1255.0,0.00023088396531445107,-9.303218157708984e-05,-0.000153348700800646,0.00024811677769599354,-0.0001102649939586323
219,974,1254.0,0.00020241845932965612,-8.415268960753632e-05,-0.00016371480484215443,0.00022415224791255702,-0.00010588647819043722
216,974,1260.0,0.00022040641308273233,-8.778817713917691e-05,-0.0001501172362743195,0.0002377144052798786,-0.00010509616933632317
218,974,1258.0,0.00020827299057545913,-8.100410221345826e-05,-0.00017997880567651326,0.00023398232860076073,-0.00010671344023875987
217,974,1259.0,0.00022627506024289895,-8.188949103964311e-05,-0.0001795191626071677,0.000250513086593822,-0.00010612751739056618
220,975,1259.0,0.00022144075091114906,-8.001024748448119e-05,-0.00017265475389165955,0.0002444120914047283,-0.00010298158797806043
223,975,1258.0,0.00019578416902692707,-7.864283272192621e-05,-0.00017286047768069312,0.0002207364198025194,-0.00010359508349751855
222,975,1253.0,0.00020036856671503626,-7.344028201467054e-05,-0.00019683078568888228,0.00023207141075637448,-0.00010514312605600876
221,975,1252.0,0.00022441660237389627,-7.39507620202938e-05,-0.0002000370320236998,0.0002548421476098497,-0.00010437630725624721
227,976,1259.0,0.00022045568697000393,-9.110465525971525e-05,-0.00016257799241834944,0.0002403893816064565,-0.00011103834989616783
226,976,1252.0,0.00022283724331662296,-8.651347738955939e-05,-0.0001844630986216518,0.0002482483227324215,-0.00011192455680535788
225,976,1251.0,0.0002444561617229498,-8.651265882948051e-05,-0.00018911079783054917,0.0002695650711315898,-0.00011162156823812055
224,976,1257.0,0.00024373999573035036,-9.129443033205245e-05,-0.00016669614889744996,0.0002633294853478011,-0.00011088391994950315
230,977,1241.0,0.00017860932578646436,-6.876009288002253e-05,-0.00018316308572054706,0.00020882421461876856,-9.897498171232674e-05
229,977,1258.0,0.00020992666026172987,-6.954288705341316e-05,-0.0001886884651899354,0.00023879390673756633,-9.841013352924962e-05
228,977,1254.0,0.00020068783215883203,-7.593281857002504e-05,-0.00016246951260079747,0.00022277960071340213,-9.802458712459514e-05
231,977,1242.0,0.00017494312993359025,-7.533971178568096e-05,-0.0001577401588887927,0.00019772352844599263,-9.812011029808335e-05
232,978,1258.0,0.00019629978258636164,-6.838591730165078e-05,-0.00017749011679192832,0.00022330032071040434,-9.538645542569348e-05
233,978,1253.0,0.00020165996547205634,-5.978138488273697e-05,-0.0002060208887421514,0.00023736959573318527,-9.549101514386591e-05
235,978,1241.0,0.00016824338157911574,-6.755003994542413e-05,-0.00017109019239582458,0.000196009287476277,-9.531594584258538e-05
234,978,1240.0,0.00017150190412056933,-5.907937585744659e-05,-0.0001985293448946374,0.00020834740995216678,-9.592488168904404e-05
239,979,1257.0,0.00024321304190285525,-0.00010043859482386855,-0.00015002249573342445,0.0002588726874100569,-0.00011609824033107017
238,979,1251.0,0.00024369870161028342,-9.834679073330535e-05,-0.00016518570510198026,0.00026259793679044214,-0.00011724602591346405
237,979,1246.0,0.00025919496786883274,-9.814261790496923e-05,-0.00016880643830313735,0.0002781278980382099,-0.00011707554807434639
236,979,1245.0,0.00025988004520000225,-0.00010039602774689234,-0.00015263919567223665,0.0002753804333735958,-0.00011589641592048587
243,980,1256.0,0.00023894586329937725,-0.00010199872250850805,-0.0001408106986663226,0.00025291249216264754,-0.00011596535137177834
241,980,1245.0,0.0002546986570261013,-0.00010031741779872004,-0.00015680873355425513,0.0002712430560212971,-0.00011686181679391579
240,980,1244.0,0.0002539507861481268,-0.00010201797878983372,-0.00014243528716200576,0.0002676703242444157,-0.00011573751688612259
242,980,1257.0,0.00023909964229388084,-0.0001003516458110014,-0.0001546641597193173,0.00025588685255565735,-0.00011713885607277788
245,981,1244.0,0.00025400482444565796,-0.00010207667940342674,-0.00014788015523416534,0.00026874800448609197,-0.00011681985944386075
244,981,1243.0,0.0002508784976002947,-0.0001038082028742139,-0.00013154229848430857,0.0002626819367780531,-0.00011561164205197233
246,981,1256.0,0.0002320380914802543,-0.000102051052515939,-0.00014573963448388967,0.00024724032823035427,-0.00011725328926603893
247,981,1255.0,0.00023411724798031233,-0.00010376534743854594,-0.00013012432750926072,0.0002462125411142271,-0.00011586064057246068
251,982,1251.0,0.0002499890775969852,-9.894430919366742e-05,-0.00015949973619112066,0.00026735217481187163,-0.00011630740640855385
250,982,1248.0,0.00024934535672676075,-9.541114593104698e-05,-0.00017653135064451143,0.0002706294170935108,-0.00011669520629779703
249,982,1247.0,0.00026598099959296816,-9.480955925793245e-05,-0.0001828782392692182,0.0002878320290053769,-0.00011666058867034116
248,982,1246.0,0.0002696281138383598,-9.855991967771855e-05,-0.00016540971619775045,0.00028735258126664164,-0.00011628438710600036
254,983,1249.0,0.0002223495740421794,-7.970934619807939e-05,-0.0002018887539084642,0.00025297821328141207,-0.00011033798543731206
253,983,1248.0,0.00024807815253867407,-7.938356993311972e-05,-0.00020971888560322553,0.00027877799275116786,-0.00011008341014561351
252,983,1251.0,0.0002491284735747102,-8.651391578231866e-05,-0.00018198062513852167,0.00027220827513449626,-0.00010959371734210475
255,983,1252.0,0.0002199766866757616,-8.651522405565511e-05,-0.00017455333685461281,0.00024308701752553992,-0.00010962555490543345
259,984,1240.0,0.0001603576505412362,-5.800531029843546e-05,-0.00018452902846536733,0.00019412139128412438,-9.176905104132366e-05
258,984,1239.0,0.00016296901625249133,-4.7346560581522476e-05,-0.00021542969155094287,0.0002083457702674113,-9.272331459644244e-05
257,984,1250.0,0.00019506612531316157,-4.804594796566173e-05,-0.00022487752939659347,0.00023909494864096108,-9.207477129346124e-05
256,984,1253.0,0.00019158020053448334,-5.881064329213892e-05,-0.0001933679374545895,0.00022456721594248956,-9.179765870014514e-05
263,985,1253.0,0.00019085465393996626,-7.229824408917296e-05,-0.00018551442655554817,0.00022026349167652217,-0.00010170708182572887
262,985,1250.0,0.00019432165933367263,-6.482009442331199e-05,-0.0002164812495401092,0.0002335839693162746,-0.00010408240440591395
261,985,1249.0,0.0002239132034393774,-6.558374151171816e-05,-0.00022075740195937488,0.0002611965356408356,-0.00010286707371317638
260,985,1252.0,0.00022126114993062992,-7.300489168648907e-05,-0.00019022247989358698,0.0002493259423974322,-0.00010106968415329133
267,986,1239.0,0.00015224643247276765,-4.635117901213761e-05,-0.00019984136495934408,0.00019381776412316624,-8.79225106625362e-05
266,986,1235.0,0.0001538568786980752,-3.436056525101157e-05,-0.00023201200056511325,0.0002091263467421501,-8.963003329508646e-05
265,986,1234.0,0.00018668799013579415,-3.5613897641144994e-05,-0.00024118732712492211,0.00023954120478824012,-8.846711229359096e-05
264,986,1250.0,0.00018264578432869785,-4.7058875811575385e-05,-0.00020952884304948054,0.00022324969163729452,-8.766278312017205e-05
269,987,1233.0,0.0002229972867912348,-5.280397352510491e-05,-0.0002465406337563477,0.00027006193667574146,-9.986862340961156e-05
271,987,1250.0,0.0001818500456626359,-6.312317115321345e-05,-0.0002014432774816964,0.00021794407210625358,-9.921719759683115e-05
270,987,1234.0,0.000187487273287666,-4.9450287863855836e-05,-0.00024528688830749955,0.00023953613509826265,-0.00010149914967445248
268,987,1249.0,0.0002195487704211253,-6.439792064431176e-05,-0.00020979675981740945,0.0002540976641366772,-9.894681435986368e-05
272,988,1248.0,0.00025623088427332436,-7.986258896447147e-05,-0.00020049240272888152,0.0002838599166608654,-0.00010749162135201249
273,988,1232.0,0.00025570797281921666,-7.12513513176355e-05,-0.0002388008494741611,0.0002946685768477359,-0.00011021195534615473
275,988,1249.0,0.00021777757736080126,-8.029115461820368e-05,-0.00018996258918632658,0.00024547093576248266,-0.00010798451301988508
274,988,1233.0,0.0002213330403291417,-7.20607691177069e-05,-0.00022748554178361486,0.00026026318047143635,-0.00011099090926000151
279,989,1248.0,0.00025667867942691727,-9.71674904592122e-05,-0.00016782211003833931,0.0002755688809079382,-0.00011605769194023314
278,989,1232.0,0.00025634021942065946,-9.095292633247377e-05,-0.00019260893914584826,0.00028125769951315127,-0.00011587040642496558
277,989,1231.0,0.0002777116110524022,-9.029120472839845e-05,-0.00020059724957235785,0.000303272442698728,-0.00011585203637472425
276,989,1247.0,0.00027986178727719847,-9.61498400632423e-05,-0.0001776875780810528,0.00029979684218475234,-0.00011608489497079617
280,990,1262.0,0.0002682524784994242,-0.0001099972413164574,-0.00012535044554187226,0.0002783671633224045,-0.00012011192613943769
283,990,1244.0,0.00025305236717199954,-0.00010971145261647497,-0.0001248725929462076,0.00026349769297217174,-0.00012015677841664717
281,990,1261.0,0.0002673853944736987,-0.00010761149253175927,-0.0001407356000422983,0.00028015500532753077,-0.00012038110338559135
282,990,1245.0,0.00025374826851816586,-0.00010766802333316277,-0.00013827136694641827,0.00026652184455403194,-0.00012044159936902885
287,991,1262.0,0.00026891304718854384,-0.0001146928859056197,-0.00011379042047223939,0.00027717367784013593,-0.0001229535165572118
284,991,1236.0,0.0002700088587641704,-0.00011512273625191311,-0.00011426456352337227,0.0002783054121066672,-0.00012341928959440989
286,991,1261.0,0.0002688050695384605,-0.00011555532747568843,-0.0001157711164760395,0.0002773335319076564,-0.0001240837898448844
285,991,1237.0,0.0002698682818968873,-0.0001155653103846354,-0.00011531899403366755,0.00027830908842377066,-0.0001240061169115188
291,992,1243.0,0.000247663406988341,-0.00011179451191969749,-0.00011352798433712742,0.0002564142864384795,-0.000120545391369836
290,992,1244.0,0.0002507078978000914,-0.00011023180043245623,-0.00012941404503572472,0.0002619575448316475,-0.00012148144746401237
289,992,1262.0,0.00028063979972816136,-0.00011059895431250115,-0.00012875551612121644,0.00029096079368625847,-0.00012091994827059829
288,992,1236.0,0.00026222684858487246,-0.0001122222141313603,-0.0001107243464746957,0.00027024062127549653,-0.00012023598682198437
294,993,1246.0,0.00026030068131569634,-0.00010645890800309668,-0.00014290966565311345,0.00027373029248740736,-0.00011988851917480773
293,993,1263.0,0.0002692993206457033,-0.00010615790172024682,-0.0001462264795655966,0.00028303429745873705,-0.00011989287853328057
292,993,1261.0,0.0002685669988500422,-0.00010772974009701306,-0.00013638209239251985,0.00028054315989910574,-0.0001197059011460766
295,993,1245.0,0.0002606409509047225,-0.00010776427950076096,-0.00013488743373168098,0.0002725996427740152,-0.0001197229713700537
297,994,1238.0,0.0002732676322022942,-0.00010755983119493506,-0.00014000601589347385,0.0002857277784204358,-0.00012001997741307665
299,994,1246.0,0.0002744927974707573,-0.00010708651983810794,-0.0001428148922860955,0.00028741793261919795,-0.00012001165498654861
298,994,1247.0,0.00027487572539372333,-0.00010743684214617078,-0.00014097209175547784,0.0002874570363092325,-0.00012001815306167994
296,994,1263.0,0.0002712361775427802,-0.00010720996185175095,-0.00014154444154442988,0.00028403805021325133,-0.00012001183452222213
303,995,1261.0,0.0002666480620301826,-0.00011566950811277917,-0.00011029868468703102,0.0002744443750862111,-0.0001234658211688077
302,995,1263.0,0.0002694555893352959,-0.00011160446071027978,-0.00014789180030785193,0.0002833018999895099,-0.00012545077136449383
301,995,1238.0,0.00028881124556922027,-0.00011358893349612721,-0.00013179919418196927,0.0002993284980865308,-0.00012410618601343775
300,995,1237.0,0.00028576251134645493,-0.00011562566532627569,-0.0001127847015722841,0.00029353476158865274,-0.00012339791556847346
307,996,1247.0,0.0002838177136057947,-0.00011110583965053336,-0.0001359210876060498,0.0002951855056290882,-0.00012247363167382688
306,996,1231.0,0.0002824530170445179,-0.00010492067336231875,-0.00015023542960534812,0.00029650943907743823,-0.00011897709539523905
305,996,1230.0,0.0002939365619112075,-0.00010407820658518496,-0.00015703527617804466,0.0003088659872035574,-0.00011900763187753485
304,996,1238.0,0.0002950386810286962,-0.00010915815063055733,-0.00014527097117599235,0.00030769520332028875,-0.0001218146729221499
309,997,1241.0,0.00017888438421879548,-5.4724623474001186e-05,-0.00018710219074691888,0.00021172980374149677,-8.757004299670247e-05
310,997,1206.0,0.0001501248382357089,-5.4341402685250013e-05,-0.00017918500250574485,0.00018382709653967343,-8.804366098921456e-05
311,997,1207.0,0.00014838495282043507,-6.213739848055832e-05,-0.00015406207243137595,0.00017356033508138951,-8.731278074151276e-05
308,997,1242.0,0.00017529901662713225,-6.23068124371483e-05,-0.00016206757708644775,0.00020030363801365984,-8.73114338236759e-05
313,998,1240.0,0.00017166344205352905,-4.430313275785233e-05,-0.0002016620427403408,0.000211420755802334,-8.406044650665728e-05
312,998,1241.0,0.00016840525323835297,-5.415818711715652e-05,-0.000174054676654164,0.000198394120452371,-8.414705433117453e-05
314,998,1205.0,0.0001418820970808003,-4.405269357879438e-05,-0.0001912114532642258,0.00018226908510326147,-8.443968160125556e-05
315,998,1206.0,0.00014000825323265235,-5.3712841163084096e-05,-0.0001646429796989049,0.0001702649483526694,-8.396953628310113e-05
319,999,1204.0,0.00012081570893891867,-3.148461192727179e-05,-0.0001863992252759154,0.0001650192552615836,-7.568815824993671e-05
316,999,1239.0,0.0001521970715995056,-3.155143605758468e-05,-0.00019962930782624084,0.00019598358458416975,-7.533794904224884e-05
317,999,1235.0,0.00015382053671298725,-1.7980201287509136e-05,-0.00023213572443823213,0.00021231761240790846,-7.647727698243035e-05
318,999,1203.0,0.00011922235155521071,-1.8351320965950433e-05,-0.0002165067685784691,0.00017869472179776042,-7.782369120850014e-05
320,1000,1240.0,0.0001604232789050317,-4.395614141853687e-05,-0.00018650633898913138,0.00019657694763696853,-8.01098101504737e-05
321,1000,1239.0,0.00016293730994994347,-3.163559278653689e-05,-0.00021643462887302976,0.0002111693823636483,-7.986766520024172e-05
322,1000,1204.0,0.00013129735200442545,-3.156815458021456e-05,-0.00020308282067271234,0.00018002584994250854,-8.029665251829766e-05
323,1000,1205.0,0.00013030294486582761,-4.366652685728657e-05,-0.00017432372464897504,0.00016645851319740533,-7.982209518886429e-05
324,1001,1225.0,0.00028397377843526316,-0.00012150446746623917,-8.196058636729918e-05,0.0002880740530959382,-0.00012560474212691426
325,1001,1226.0,0.00028406875015048443,-0.00012068362453923208,-9.169738411015597e-05,0.0002891973188171512,-0.00012581219320589886
326,1001,1237.0,0.0002735328105531072,-0.00012073491448063848,-9.020054139248675e-05,0.00027862603367931967,-0.00012582813760685096
327,1001,1236.0,0.0002749151725225272,-0.00012155770057619312,-8.056535934440352e-05,0.0002789665978368036,-0.00012560912589046954
331,1002,1237.0,0.00028156490063346775,-0.0001209932520770294,-8.618652953958864e-05,0.00028612628688686565,-0.00012555463833042728
330,1002,1238.0,0.00028435025797217146,-0.00011938442861376153,-0.00010351726359855186,0.0002908800841750822,-0.0001259142548166723
328,1002,1226.0,0.00029820793134864923,-0.00012090273911106913,-8.87155403703167e-05,0.0003028512195949879,-0.00012554602735740782
329,1002,1227.0,0.0002989613551411313,-0.00011935024098348737,-0.00010525718538632531,0.0003054810462562997,-0.00012586993209865582
335,1003,1238.0,0.000299607468541907,-0.0001195917441913804,-9.554446064448906e-05,0.0003049827001889564,-0.00012496697583842974
333,1003,1228.0,0.00031054080679922096,-0.00011410921852890357,-0.00011393045496859051,0.0003180497044973494,-0.00012161811622703203
332,1003,1227.0,0.0003108353973492583,-0.00011948375049996673,-0.00010017361807638115,0.0003165883189767285,-0.00012523667212743694
334,1003,1230.0,0.0002984232622403344,-0.0001145032659646159,-0.0001082183335869959,0.00030539589332640284,-0.00012147589705068437
337,1004,1272.0,0.00019127675949773618,-1.7643451269070093e-05,-0.00028311775946061185,0.00026274513403504087,-8.911182580637481e-05
338,1004,1269.0,0.0001629853174808498,-1.8173335517726683e-05,-0.0002684290303942797,0.0002343261888528214,-8.951420688969828e-05
339,1004,1270.0,0.0001606408078566393,-3.1950758500203934e-05,-0.00023861155280318833,0.0002176641237517929,-8.897407439535752e-05
336,1004,1273.0,0.00019416672918700327,-3.3914965224206024e-05,-0.0002506198427829013,0.0002495599140720728,-8.930815010927556e-05
342,1005,1272.0,0.00019301186486340126,-4.083176461111245e-05,-0.0002647508339260118,0.00025270817427421445,-0.00010052807402192564
341,1005,1271.0,0.00021512581776004288,-3.933951443932859e-05,-0.00027669403859808053,0.0002758507241914024,-0.0001000644208706881
340,1005,1233.0,0.00022017611196797036,-4.6206803722064025e-05,-0.00025845545068088095,0.00027256420428822684,-9.859489604232047e-05
343,1005,1273.0,0.00019631287902784587,-5.413849802664728e-05,-0.00022718045946822432,0.0002401558551258673,-9.798147412466872e-05
346,1006,1270.0,0.00018061537947660668,-3.4307404370615465e-05,-0.0002554896976656052,0.00024008719922004386,-9.377922411405264e-05
347,1006,1234.0,0.00017495627552903056,-4.412866569742475e-05,-0.00023058330942750827,0.0002244475073649547,-9.361989753334888e-05
345,1006,1273.0,0.00021918408676706302,-3.636803677619998e-05,-0.0002676730306169061,0.0002764456827621077,-9.362963277124466e-05
344,1006,1233.0,0.0001948746831883911,-4.6659581557767006e-05,-0.00023352578667160812,0.00024209050686075482,-9.387540523013072e-05
351,1007,1233.0,0.00023247435575948945,-7.332030915002793e-05,-0.00021666876270783585,0.0002669641425395307,-0.00010781009593006919
350,1007,1271.0,0.00022347892641581303,-6.441313855269247e-05,-0.0002499953525251959,0.00027017622410339395,-0.00011111043624027338
349,1007,1268.0,0.00026114304748861734,-6.388683721256878e-05,-0.0002615268809647627,0.0003072190537767557,-0.00010996284350070712
348,1007,1232.0,0.00026424217864169566,-7.248465887151273e-05,-0.00022795979890266865,0.00029919540518091555,-0.0001074378854107326
354,1008,1223.0,0.0001486832981568119,1.7243158514700183e-06,-0.00028845200903932985,0.00023706910902950357,-8.666149502122166e-05
353,1008,1222.0,0.00018545958744470466,1.8762125339501223e-06,-0.0003082973360768824,0.00027307672291599174,-8.574092293733696e-05
355,1008,1269.0,0.00014647709485473247,-1.8927532987689645e-05,-0.00024844892877134116,0.0002130108029919684,-8.546124112492558e-05
352,1008,1272.0,0.00018432429700194174,-1.8142401320824625e-05,-0.00027005443956001473,0.00025185273576646593,-8.567084008534882e-05
356,1009,1271.0,0.0002323167394576095,-4.054179337676137e-05,-0.0002739428955470854,0.0002892113521663916,-9.743640608554345e-05
357,1009,1221.0,0.0002291810151688646,-2.550560342760768e-05,-0.0003158191558085329,0.0003046966549385211,-0.00010102124319726413
358,1009,1222.0,0.00018526637022664091,-2.528921078897694e-05,-0.0003010720912496184,0.0002636853793821923,-0.00010370821994452835
359,1009,1272.0,0.00018366348772666345,-4.38831536824178e-05,-0.0002473697573805063,0.0002379446752055122,-9.816434116126656e-05
363,1010,1271.0,0.00023492708097539935,-6.500921743285881e-05,-0.00023995491367118787,0.00027701370501174126,-0.00010709584146920072
360,1010,1268.0,0.0002801249690383952,-6.459050112152048e-05,-0.0002499794370688377,0.000320674769243608,-0.00010514030132673327
361,1010,1220.0,0.0002789696211671277,-5.700942325394335e-05,-0.00029546336397866507,0.0003346877864327299,-0.00011272758851954551
362,1010,1221.0,0.0002310165937697544,-5.611436123041484e-05,-0.00029289701424137574,0.0002925321040957125,-0.0001176298715563729
364,1011,1234.0,0.0001728858323928528,-3.3845358709901963e-05,-0.00022497236571741071,0.00022228668498311751,-8.324621130016669e-05
365,1011,1270.0,0.00018127418682837605,-1.936232733209121e-05,-0.00026187163847438653,0.000245904229111703,-8.399236961541815e-05
366,1011,1267.0,0.00014374562944402883,-1.889875527754379e-05,-0.0002465865548109793,0.00021012086842093285,-8.527399425444781e-05
367,1011,1235.0,0.00014164241803613347,-3.247778157086862e-05,-0.00021450047122817482,0.0001927201986893443,-8.355556222407946e-05
368,1012,1270.0,0.00016070268186584545,-1.8738344174050827e-05,-0.00024044839388271452,0.00022099426164763427,-7.902992395583965e-05
369,1012,1269.0,0.0001633063706568301,-2.177494185107132e-06,-0.0002736651024164479,0.0002404687047546363,-7.933982828291333e-05
371,1012,1267.0,0.0001302058275350279,-1.8288910171413157e-05,-0.00022546254874037525,0.00019094368751353068,-7.902677014991593e-05
370,1012,1266.0,0.0001308811223338412,-2.550283761992996e-06,-0.000256095008400895,0.00020855083532626205,-8.021999675441384e-05
375,1013,1266.0,0.00011806810344594347,-3.079363774752199e-06,-0.00023189326209322424,0.00018831026510278623,-7.332152543159496e-05
374,1013,1224.0,0.00011894442985432678,1.8743332596050737e-05,-0.0002622301343203166,0.0002092049363984577,-7.151717394808017e-05
373,1013,1223.0,0.0001484004097241278,1.917384821928348e-05,-0.0002844645437910624,0.00024000779091549478,-7.243353297208349e-05
372,1013,1269.0,0.00014671606325715632,-2.6136260576957535e-06,-0.000253581742865913,0.0002191932048118447,-7.509076761238413e-05
379,1014,1268.0,0.00028137865840635167,-8.619545991068659e-05,-0.00020096239177821822,0.00030705318007219885,-0.00011186998157653374
377,1014,1219.0,0.0003146758092805258,-8.208587208353291e-05,-0.00024325816723368664,0.0003489934686606622,-0.00011640353146366935
376,1014,1265.0,0.000314421257338768,-8.606580526976284e-05,-0.0002056882854344017,0.0003392874537684197,-0.00011093200169941456
378,1014,1220.0,0.0002802870618194078,-8.162055055429391e-05,-0.00024400200614596926,0.0003175728595643887,-0.00011890634829927479
381,1015,1265.0,0.00029335629598476777,-8.54600246645202e-05,-0.00022127484926812852,0.00032330193874369076,-0.00011540566742344321
380,1015,1231.0,0.00029453271913205525,-9.153851993408337e-05,-0.00019261597236338787,0.0003172237289493961,-0.00011422952975142421
382,1015,1268.0,0.00026557287883796025,-8.567627446821467e-05,-0.00021440409347694544,0.0002957060985122389,-0.00011580949414249334
383,1015,1232.0,0.0002683810357611005,-9.221997293132128e-05,-0.0001838760706401434,0.0002904684614058176,-0.00011430739857603835
387,1016,1203.0,0.00011081847229479913,-1.881762258735273e-05,-0.00019775120948728898,0.00016422802098717666,-7.222717127973027e-05
386,1016,1202.0,0.00010840630568404765,-3.895662054487041e-06,-0.00022778507126412252,0.00017923737827232498,-7.472673464276438e-05
385,1016,1267.0,0.0001436642119373296,-3.0363792943895055e-06,-0.0002464502660433788,0.00021371788863446784,-7.309005599152773e-05
384,1016,1235.0,0.0001414906338474825,-1.84486101087115e-05,-0.00021319764332859963,0.0001947818433973965,-7.17398196586255e-05
390,1017,1201.0,9.662979441091811e-05,1.2978099616254234e-05,-0.00023543419921237107,0.00017973079380881072,-7.012289978163837e-05
389,1017,1266.0,0.0001308981461111379,1.4457830176933762e-05,-0.0002572376772927692,0.00021386011324653963,-6.850413695846797e-05
388,1017,1267.0,0.00013015501207792705,-4.170429322834508e-06,-0.0002234987392404006,0.000193371556072472,-6.738697331737945e-05
391,1017,1202.0,9.839686602605355e-05,-5.074739410567699e-06,-0.00020412784914518832,0.00016108849875077005,-6.776637213528422e-05
394,1018,1200.0,8.249754475728871e-05,2.8181040981444428e-05,-0.00024910790946396,0.0001828197160134084,-7.214113027467526e-05
395,1018,1201.0,8.541771953745215e-05,1.1438407276299933e-05,-0.00021463543460384892,0.00016194161813737527,-6.508549132362319e-05
393,1018,1224.0,0.00011909608878152983,2.8863642731804043e-05,-0.0002676675184427584,0.0002152135327321982,-6.725380121886434e-05
392,1018,1266.0,0.00011806975268954106,1.2616754522719819e-05,-0.00023241238463429358,0.00019295188512626941,-6.226537791400853e-05
399,1019,1265.0,0.0003140344869928119,-0.00010111908758385108,-0.00014854293404387327,0.0003269216954827839,-0.00011400629607382311
398,1019,1219.0,0.00031420714841307127,-9.108396756712066e-05,-0.00017407615058546294,0.0003321082946009805,-0.00010898511375502989
397,1019,1218.0,0.0003353934673423825,-9.032641021340193e-05,-0.0001843474734948107,0.00035449333388107524,-0.00010942627675209469
396,1019,1264.0,0.0003354055891934566,-0.0001003188634833617,-0.0001589953462902173,0.0003494567727748163,-0.0001143700470647214
403,1020,1231.0,0.000296619998459792,-0.00010682438413172452,-0.00014195088551016526,0.0003087420400426468,-0.00011894642571457935
402,1020,1265.0,0.0002957169391177173,-9.949999612858935e-05,-0.00016384215023227278,0.00031202473788063034,-0.00011580779489150236
401,1020,1264.0,0.00031395342791707814,-9.892802150562299e-05,-0.0001715945610140839,0.00033107241818530894,-0.00011604701177385382
400,1020,1230.0,0.00031482994193947605,-0.00010576340018095102,-0.000151175995714967,0.000328001915836694,-0.00011893537407816899
404,1021,1229.0,0.0003424615415328529,-0.00010778968661513701,-0.00010876972757820937,0.0003489374290117468,-0.00011426557409403093
407,1021,1264.0,0.00033543500005933733,-0.00010852074644391438,-9.74766085766604e-05,0.00034072260706860975,-0.00011380835345318678
406,1021,1218.0,0.0003354308898177597,-9.528307195063468e-05,-0.00010606822470802472,0.00034186490579487443,-0.00010171708792774942
405,1021,1217.0,0.00034249515757648393,-9.481637696256536e-05,-0.00011724772186579371,0.00035021761724343865,-0.00010253883662952011
410,1022,1264.0,0.00031652534009314875,-0.00010750731928718045,-0.00011119555377689903,0.0003236939479562439,-0.0001146759271502756
409,1022,1229.0,0.0003265844893164194,-0.00010705668628562486,-0.00011854382277330568,0.00033454007190231345,-0.00011501226887151891
408,1022,1228.0,0.0003267022374244116,-0.00011481101476055683,-0.00010692482219641121,0.0003330837132967242,-0.00012119249063286942
411,1022,1230.0,0.00031702604908002453,-0.00011534937405089908,-9.96980981544382e-05,0.0003226987763625338,-0.00012102210133340836
414,1023,556.0,0.000422242021702858,-6.590540473887035e-05,-0.00011685753956915297,0.0004291382242566932,-7.280160729270554e-05
413,1023,1278.0,0.000358362486663771,-5.427916184986111e-05,-0.00011529365573810513,0.00036626453533460514,-6.218121052069522e-05
412,1023,1279.0,0.00034902186999230707,-7.58955668531398e-05,-0.000171309799912638,0.000365638398858227,-9.251209571905971e-05
415,1023,555.0,0.0003863709627173542,-8.077676425877499e-05,-0.00016760126837093992,0.000400948859236403,-9.535466077782378e-05
418,1024,555.0,0.000343145907908053,-7.667651445565894e-05,-0.00016698018722008118,0.00035914023519492753,-9.267084174253344e-05
416,1024,1218.0,0.0003555181186124315,-9.194118416571746e-05,-0.00016837730866494684,0.00037083383201629645,-0.00010725689756958242
417,1024,1279.0,0.0003555880822978452,-7.209245951734209e-05,-0.00018544330805088903,0.00037482498012852,-9.132935734801692e-05
419,1024,1219.0,0.00034190464599940986,-9.338476008814147e-05,-0.0001512326010709858,0.0003546661964942204,-0.00010614631058295204
420,1025,1217.0,0.0003556487389541445,-9.533014606335363e-05,-0.00010583868626405386,0.00036177524054344676,-0.00010145664765265591
421,1025,1275.0,0.00035566486644913846,-7.55089882621349e-05,-0.00010697047941968414,0.00036220041457372834,-8.204453638672475e-05
422,1025,1279.0,0.0003551939918150799,-7.500236653397945e-05,-8.976275119246258e-05,0.0003598264763168065,-7.963485103570608e-05
423,1025,1218.0,0.00035519162147305567,-9.604751811911834e-05,-8.910064004833199e-05,0.00035954796626201164,-0.00010040386290807431
424,1026,1275.0,0.0003694185204920625,-7.517851175762086e-05,-9.533199664975289e-05,0.000374471445241506,-8.02314365070644e-05
425,1026,1276.0,0.00036972570224317984,-5.692700244224452e-05,-0.00010047339856180618,0.0003755610677220044,-6.276236792106902e-05
426,1026,1278.0,0.0003645715646692707,-3.8330748551210594e-05,-7.777463314822056e-05,0.0003682905615656714,-4.20497454476113e-05
427,1026,1279.0,0.0003658444170587579,-7.464122846869331e-05,-7.717328101150729e-05,0.0003691990670098511,-7.799587841978646e-05
428,1027,1278.0,0.0003319209471340859,-4.8937863589348343e-05,-0.00011585093891131656,0.000340536055482432,-5.755297193769452e-05
429,1027,1276.0,0.0003779792419889384,-4.606186450886561e-05,-7.92575521388738e-05,0.0003816509577084259,-4.973358022835307e-05
431,1027,556.0,0.00038241601687659323,-5.089844136898605e-05,-0.00013355433549232243,0.0003924734654069364,-6.095588989932921e-05
430,1027,557.0,0.00040516566320632913,-4.7693928484098124e-05,-9.530766859891949e-05,0.00041012588523125934,-5.2654150509028324e-05
435,1028,1220.0,0.00029766909607618734,-7.884079042926831e-05,-0.00022000532596671857,0.0003274520154127775,-0.00010862370976585844
434,1028,554.0,0.00029813606082943183,-7.661070693665013e-05,-0.0003082798756057631,0.0003533897682071518,-0.0001318644143143701
433,1028,555.0,0.00035257170704874625,-7.747423846542426e-05,-0.0002754782223261653,0.00039290523324418474,-0.00011780776466086278
432,1028,1219.0,0.00034732571113603363,-7.900093401937022e-05,-0.00021492177132813144,0.0003728807247624675,-0.0001045559476458041
438,1029,558.0,0.00039850749577526913,-2.47274888275993e-05,-8.202849949909968e-05,0.00040244540639954685,-2.866539945187705e-05
439,1029,557.0,0.0003846013224266323,-2.1164193487075214e-05,-0.00012043109049471486,0.000393348726227539,-2.991159728798191e-05
436,1029,1276.0,0.00036064849956813326,-2.2625323925141262e-05,-0.00010201918436828373,0.0003673211550102247,-2.929797936723267e-05
437,1029,1277.0,0.00036815362220751595,-2.549818830315118e-05,-7.07244680114294e-05,0.00037130502709874994,-2.8649593194385163e-05
440,1030,1220.0,0.00029794510031010916,-5.464470940624486e-05,-0.00027230192878948886,0.0003443988847512693,-0.00010109849384740504
441,1030,554.0,0.00029826168602123913,-4.991182771591114e-05,-0.00033216601569469473,0.00036477784769822205,-0.00011642798939289406
443,1030,1221.0,0.00023173263943542487,-5.405576819916781e-05,-0.00027451108724238765,0.0002869743428619405,-0.00010929747162568347
442,1030,553.0,0.00023318231388983791,-4.810625211083906e-05,-0.0003498470174272839,0.00031699080597007373,-0.00013191474419107488
447,1031,1223.0,0.00012635880177175839,1.5638070529785898e-06,-0.0002676099296718623,0.000211600107887132,-8.367749906239503e-05
446,1031,957.0,0.00013106941677910704,2.4895905006121623e-05,-0.0003112528831707012,0.0002424143882783917,-8.644906649316305e-05
445,1031,13.0,0.00017184344601926284,2.4895905006121623e-05,-0.00033447926495360804,0.0002810373782502826,-8.429802722489816e-05
444,1031,1222.0,0.00016442405482843068,1.7321954177865022e-06,-0.00028958889985567816,0.00024915820523366456,-8.300195498744741e-05
448,1032,1221.0,0.00023221816968605966,-2.5287070659766155e-05,-0.0003002589034021433,0.0003012434286337774,-9.43123296074839e-05
451,1032,1222.0,0.00016334140855023965,-2.4970965104529307e-05,-0.00027878300887793084,0.00023739752516000406,-9.902708171429371e-05
450,1032,13.0,0.00017394717423581656,-6.027998994158801e-06,-0.00034036707326390563,0.00027646985198444436,-0.00010855067674278663
449,1032,553.0,0.0002332294197914947,-8.187200976600536e-06,-0.00035306059205213354,0.00032637489499662563,-0.00010133267618173147
453,1033,1274.0,0.0003840347400256468,-3.465527322631199e-05,-9.359210579967282e-05,0.00038920127706628603,-3.982181026695124e-05
452,1033,1277.0,0.00038084326800718986,-1.4220255794933631e-05,-0.00011422544636497008,0.00038893412185900906,-2.2311109646752815e-05
455,1033,558.0,0.0004009450122494443,-9.264142544678086e-06,-0.00013744608143266383,0.0004121521173721344,-2.0471247667368182e-05
454,1033,1.0,0.00040384803523265886,-3.192748086646943e-05,-0.00011400741161502088,0.00041118127439173556,-3.926072002554613e-05
456,1034,1223.0,0.00012575434153471593,1.8782483957213562e-05,-0.00026433429993778096,0.0002148478646641656,-7.03110391722361e-05
457,1034,957.0,0.00012883838024103575,4.329360157564457e-05,-0.0002939694851099,0.00023914764177862774,-6.701565996194742e-05
458,1034,47.0,0.00010252212866009979,4.329360157564457e-05,-0.0002699153872082454,0.00021107654343569055,-6.526081319994619e-05
459,1034,1224.0,0.00010013928484858305,1.8316877704338563e-05,-0.00024041172806339023,0.00018620515135340816,-6.774898880048655e-05
462,1035,34.0,0.00043115907416924754,-5.9154196103984434e-05,-0.00013207177987747433,0.00043989713080760516,-6.789225274234209e-05
460,1035,1274.0,0.00040546833765461344,-3.114846516039821e-05,-0.00011920060953037395,0.000413457869187742,-3.913799669352677e-05
461,1035,1377.0,0.0004082304752242652,-6.207380751914515e-05,-9.950457716770972e-05,0.00041343602524401433,-6.727935753889427e-05
463,1035,1.0,0.0004311590943310347,-2.5780992861478024e-05,-0.00015727404167028246,0.0004443134325067794,-3.893533103722273e-05
464,1036,1399.0,0.0003941015421596271,-5.2588017011764385e-05,-3.929666385799925e-05,0.0003949641387143589,-5.345061356649619e-05
465,1036,141.0,0.0004186828314080059,-7.206051413028206e-05,-3.8568837091006863e-05,0.0004194394719150188,-7.281715463729497e-05
466,1036,1034.0,0.0004401427684870736,-6.983770684557849e-05,-5.9893249464287e-05,0.00044189524568911,-7.159018404761489e-05
467,1036,1377.0,0.0004338851788386784,-4.999449803348208e-05,-7.708434409679082e-05,0.00043693592072903593,-5.304523992383955e-05
468,1037,1224.0,0.00010055545501872019,2.802943320666081e-05,-0.0002460311782855971,0.00019254158107711862,-6.395669285173762e-05
469,1037,47.0,0.00010474312593287266,8.396288439025941e-05,-0.0002989314635286639,0.000244179436679805,-5.547342635667298e-05
471,1037,1200.0,5.277824993336726e-05,2.5807896643881842e-05,-0.00018847642274070694,0.00013449123751159333,-5.590509093434423e-05
470,1037,956.0,5.894309171005502e-05,8.396288439025941e-05,-0.0002455869176353799,0.00019488204068709446,-5.1976064586780035e-05
475,1038,1289.0,0.00021354259515251727,-0.00010111931887564897,-8.529611201463921e-05,0.00021922049285550386,-0.00010679721657863556
474,1038,1288.0,0.00021372590163455142,-0.00010343619061313063,-9.811201755562451e-05,0.00022114015721211576,-0.00011085044619069497
473,1038,1290.0,0.00022766193206919926,-0.00010339634939708891,-9.53781771693557e-05,0.00023439464318343977,-0.00011012906051132942
472,1038,1291.0,0.00022721226994303892,-0.00010109527784067868,-8.269792478448864e-05,0.0002323399131466627,-0.00010622292104430246
479,1039,1291.0,0.00022663700216560886,-0.00010806396909297553,-6.612637356566246e-05,0.00022987185987095464,-0.0001112988267983213
477,1039,1287.0,0.00023841183105244561,-0.00011110749480379629,-7.272790710961732e-05,0.00024215504458542468,-0.00011485070833677536
476,1039,1286.0,0.0002379348227734522,-0.00010797416469674484,-6.243516921103972e-05,0.00024072956656662014,-0.00011076890848991277
478,1039,1290.0,0.0002270122665500719,-0.00011126154591950988,-7.666364134174082e-05,0.0002313014873164345,-0.00011555076668587247
481,1040,1286.0,0.00022940161424227267,-0.00010798897446577174,-6.322047816201531e-05,0.0002323376385685795,-0.00011092499879207857
480,1040,1198.0,0.0002291946079171418,-0.00010417134579960972,-5.446437750366391e-05,0.00023140451687277906,-0.00010638125475524696
482,1040,1291.0,0.00021999309718423888,-0.00010809647838665724,-6.753021196130495e-05,0.0002234319646653791,-0.00011153534586779746
483,1040,1197.0,0.0002198484874675285,-0.00010422583771107385,-5.862435259168736e-05,0.00022247840033410055,-0.0001068557505776459
487,1041,1196.0,0.00020825242793203,-9.808633851467213e-05,-7.595395048158636e-05,0.00021289023911204446,-0.00010272414969468658
486,1041,1289.0,0.00020837813108679675,-0.00010113731384026812,-8.71914569449809e-05,0.0002144014404744962,-0.00010716062322796758
485,1041,1291.0,0.00022025460527738683,-0.0001011059590282291,-8.38608986526131e-05,0.00022563550357748284,-0.00010648685732832512
484,1041,1197.0,0.00022007457092954692,-9.808376449337914e-05,-7.274442637630885e-05,0.00022417971463304908,-0.0001021889081968813
490,1042,1213.0,0.00021897666308055667,-0.00010474674558078587,-0.00010988468215824372,0.00022804732014492437,-0.00011381740264515357
489,1042,1214.0,0.00023509453493035775,-0.0001047123924495733,-0.00010801797331852232,0.0002434721908627675,-0.00011309004838198303
488,1042,1290.0,0.00023423921838406844,-0.00010337057516007867,-9.364824843229383e-05,0.00024061306399485242,-0.00010974442077086265
491,1042,1288.0,0.00021860855470756928,-0.00010339358893336759,-9.534760666202787e-05,0.00022551858035056165,-0.00011030361457635995
495,1043,1290.0,0.00023313767102360345,-0.0001111800435365669,-7.457715290330996e-05,0.0002371296300168914,-0.00011517200252985487
494,1043,1214.0,0.0002338936569224832,-0.0001134034874566975,-8.721666351902031e-05,0.00023928561987041658,-0.00011879545040463087
493,1043,1215.0,0.0002479306789952224,-0.00011324426139377032,-8.38582576884947e-05,0.0002527343796716324,-0.00011804796207018033
492,1043,1287.0,0.0002467522642119113,-0.00011107335830121986,-7.159407823833282e-05,0.00025029827582074345,-0.00011461936991005202
497,1044,1289.0,0.00020851993573853256,-9.26957522934657e-05,-0.00010000091790394149,0.0002166028872166491,-0.00010077870377158223
499,1044,1195.0,0.0001945686031504701,-9.056109644638762e-05,-8.899076489319322e-05,0.00020135091756053058,-9.73434108564481e-05
496,1044,1196.0,0.00020837320745356212,-9.057717598682645e-05,-8.686773483186378e-05,0.00021455576137583045,-9.675972990909478e-05
498,1044,1285.0,0.00019452422513486925,-9.267605953823619e-05,-0.00010213228203822351,0.00020333389756646724,-0.00010148573196983417
503,1045,1285.0,0.00019791461745260596,-9.269948066079059e-05,-9.948156894276031e-05,0.000206192346760803,-0.00010097720996898762
502,1045,1284.0,0.0001979542992301209,-9.39979079507361e-05,-0.0001142207875387052,0.00020872837872071474,-0.00010477198744132993
501,1045,1288.0,0.00021393502084147888,-9.400597010542452e-05,-0.00011290486580714607,0.00022395778942808738,-0.00010402873869203301
500,1045,1289.0,0.00021372536261378677,-9.271164841896711e-05,-9.82272336501602e-05,0.00022140451957363357,-0.00010039080537881391
507,1046,1284.0,0.00020113125653445016,-9.401921836076782e-05,-0.00011051869151780004,0.00021113788987602757,-0.00010402585170234523
506,1046,1212.0,0.00020110327412850484,-9.426869508707801e-05,-0.00012689627856239888,0.00021415563724091143,-0.0001073210581994846
505,1046,1213.0,0.0002193995685911129,-9.427283961138298e-05,-0.0001268896389054518,0.00023174622423717295,-0.00010661949525744304
504,1046,1288.0,0.0002189815482440561,-9.402077594403255e-05,-0.00011034902346246638,0.00022842266672240335,-0.0001034618944223798
511,1047,1198.0,0.0002288071792204381,-0.0001086228998665118,-3.780525383156744e-05,0.00022986279047524933,-0.00010967851112132303
510,1047,1286.0,0.00022895096392790094,-0.00011320697241457662,-4.384193880985817e-05,0.0002303496530059058,-0.00011460566149258149
509,1047,1282.0,0.00023528860625028755,-0.00011299395249419224,-3.882785364848606e-05,0.0002363674334187571,-0.00011407277966266177
508,1047,1199.0,0.00023519004424750597,-0.00010851382073761953,-3.289673785715616e-05,0.00023597540651432874,-0.00010929918300444231
515,1048,1286.0,0.0002370482998302996,-0.00011317656073066283,-4.2802085050708e-05,0.00023835119728499111,-0.00011447945818535436
514,1048,1287.0,0.00023741071923945398,-0.0001170822246025722,-5.0552553034584856e-05,0.00023920391321129582,-0.00011887541857441402
513,1048,1283.0,0.00024581494975076026,-0.00011678231791239519,-4.580394608836528e-05,0.0002472557342134109,-0.00011822310237504584
512,1048,1282.0,0.00024549747819641986,-0.00011298906938272648,-3.8259554952146425e-05,0.0002465154026306685,-0.00011400699381697508
519,1049,1287.0,0.00024466818058670875,-0.00011700644349490311,-4.8980739285232975e-05,0.00024631898221738504,-0.00011865724512557939
518,1049,1215.0,0.0002456675919865689,-0.00012012680587537524,-5.926107422181415e-05,0.00024805221651995183,-0.00012251143040875817
517,1049,1216.0,0.00025740005969882625,-0.0001197979191128413,-5.468462111260378e-05,0.0002593717415712851,-0.00012176960098530015
516,1049,1283.0,0.0002562892215259272,-0.00011675803205625355,-4.470990318326384e-05,0.0002576240712855801,-0.00011809288181590649
523,1050,1194.0,0.0001791362545793965,-8.202557224022211e-05,-9.700171235971743e-05,0.00018785253423936682,-9.074185190019243e-05
522,1050,1281.0,0.00017903689294926492,-8.316364140920909e-05,-0.00011161553015119879,0.00019042096419780256,-9.454771265774673e-05
521,1050,1285.0,0.0001944951620053443,-8.318630357013893e-05,-0.0001107019082837819,0.00020512174071230638,-9.381288227710102e-05
520,1050,1195.0,0.00019454446559881,-8.204931764378373e-05,-9.610589331763512e-05,0.00020265493688904123,-9.015978893401496e-05
527,1051,1281.0,0.00018053270260989405,-8.323049052802727e-05,-0.00010809071371739067,0.00019117709002828154,-9.387487794641476e-05
526,1051,1280.0,0.00018026169557068452,-8.348585408138895e-05,-0.000124297874486094,0.00019417263492040913,-9.739679343111356e-05
524,1051,1285.0,0.000197937864538064,-8.323565171814058e-05,-0.00010814388087655204,0.0002079778347941698,-9.327562197424639e-05
525,1051,1284.0,0.00019798177175972195,-8.349274380174926e-05,-0.0001244557542120833,0.00021112526136723452,-9.663623340926182e-05
529,1052,1212.0,0.0002010832371242173,-8.273536203591612e-05,-0.00013860355693606947,0.00021710109102365103,-9.875321593534985e-05
530,1052,1211.0,0.00018123237004170727,-8.275164465503687e-05,-0.0001373157371558206,0.00019802138608514518,-9.954066069847478e-05
531,1052,1280.0,0.00018144274051909957,-8.360879281622596e-05,-0.00011934368638033457,0.0001942572906962948,-9.642334299342118e-05
528,1052,1284.0,0.0002011137162167857,-8.358566090688494e-05,-0.00012076662231103692,0.0002133912506777922,-9.586319536789145e-05
532,1053,127.0,0.00023742892234022853,-0.00011081920025093198,-9.25952771915978e-06,0.00023749046158459664,-0.0001108807394953001
533,1053,128.0,0.00023742892234022853,-0.00011573013373025342,-1.166254467532997e-05,0.00023752518058659569,-0.00011582639197662057
534,1053,1282.0,0.00023492981019756966,-0.00011603521096971988,-1.6919143729338115e-05,0.00023513359924162068,-0.00011623900001377091
535,1053,1199.0,0.00023488919113226958,-0.00011097794725723854,-1.4527535779636225e-05,0.00023504167475054243,-0.00011113043087551138
539,1054,1282.0,0.00024459149646320275,-0.00011602424378889941,-1.6158416558136133e-05,0.00024477241168352563,-0.00011620515900922231
536,1054,128.0,0.00024870229725670965,-0.00011573013373025342,-1.098914826400902e-05,0.0002487851205255293,-0.00011581295699907305
537,1054,129.0,0.00024870229725670965,-0.00012013002748671255,-1.466261059526958e-05,0.00024884796458246453,-0.00012027569481246744
538,1054,1283.0,0.0002447500216216183,-0.00012062992852551796,-1.9813819667513152e-05,0.00024501844032880874,-0.00012089834723270841
540,1055,129.0,0.00026194738647069855,-0.00012013002748671255,-1.3263908893991656e-05,0.00026206246675210135,-0.00012024510776811531
541,1055,130.0,0.00026194738647069855,-0.0001234027226929744,-1.9942011070786872e-05,0.00026220521558031705,-0.00012366055180259292
542,1055,1216.0,0.00025425663127549153,-0.00012406889960191097,-2.5070338823719382e-05,0.00025467150771631445,-0.00012448377604273392
543,1055,1283.0,0.00025348635145416507,-0.00012056789851229069,-1.830385294923761e-05,0.00025371013631569276,-0.00012079168337381836
544,1056,1280.0,0.00018138106566039768,-7.256622820195704e-05,-0.00012448635315912004,0.0001958164709349316,-8.700163347649095e-05
545,1056,1211.0,0.0001811586058198516,-7.058616063098874e-05,-0.00014347864336989452,0.00020016681872332432,-8.959437353446147e-05
547,1056,1209.0,0.00016075535500438033,-7.264991461318634e-05,-0.00012153493343650297,0.0001756285157761902,-8.75230753849962e-05
546,1056,1208.0,0.00015997445609893142,-7.068256434280748e-05,-0.0001403469439330493,0.00017964587712842155,-9.035398537229761e-05
551,1057,1210.0,0.0001618669972643645,-7.321295571048798e-05,-0.00011047706259748828,0.00017419981012369498,-8.554576856981846e-05
550,1057,1209.0,0.00016144898363112687,-7.24081862399572e-05,-0.00012776571929180684,0.00017776196027291874,-8.872116288174907e-05
549,1057,1280.0,0.0001801738188303946,-7.237426177495918e-05,-0.0001293659725488663,0.00019577656298430375,-8.797700592886833e-05
548,1057,1281.0,0.00018046384190153206,-7.318050619556013e-05,-0.00011203964311669833,0.00019228539918559617,-8.500206347962424e-05
554,1058,1210.0,0.00016233599968727003,-7.303686965566384e-05,-0.00011518688215054768,0.00017567285058204318,-8.637372055043699e-05
555,1058,1193.0,0.00016268980037805912,-7.287262322828016e-05,-9.956298538599945e-05,0.00017277809576314094,-8.296091861336198e-05
552,1058,1194.0,0.00017911679177224672,-7.287693688090189e-05,-9.980049261445762e-05,0.0001886383557189197,-8.239850082757488e-05
553,1058,1281.0,0.00017900906575629575,-7.304344884125047e-05,-0.00011563725879220558,0.00019163925956593823,-8.567364265089296e-05
556,1059,1304.0,3.1766775729476227e-05,-9.508408837077343e-06,-1.2814223109057152e-05,3.273847065616866e-05,-1.0480103763769774e-05
557,1059,1322.0,4.030931002963964e-05,5.4875932538603e-06,-5.202852698782921e-05,5.420148496016763e-05,-8.404581676667691e-06
559,1059,73.0,9.00906626227424e-06,-1.0101225482517088e-05,-1.8245859570078377e-06,9.052518783466436e-06,-1.0144678003709284e-05
558,1059,72.0,9.00906626227424e-06,-1.384233149369276e-06,-2.252869864877399e-05,1.621768696329308e-05,-8.592853850388116e-06
563,1060,1322.0,4.4986132134812104e-05,-1.2617893136438103e-06,-4.152382831139421e-05,5.293908629903749e-05,-9.214743477869198e-06
562,1060,72.0,1.5554864138635885e-05,-8.916936309019121e-06,-1.1496390415303981e-05,1.683780271230631e-05,-1.0199874882689547e-05
561,1060,71.0,2.6452366450671616e-06,-2.7711598286628687e-06,-1.737803215146722e-05,9.03832062855527e-06,-9.164243812150977e-06
560,1060,1321.0,1.4906351290891554e-05,6.420606820689871e-06,-4.1921531235699847e-05,3.204935430301473e-05,-1.0722396191433308e-05
564,1061,1305.0,4.161770429977375e-05,-1.2307719498467237e-05,-5.526657782120971e-05,5.326310668990509e-05,-2.3953121888598572e-05
567,1061,1304.0,4.120565440257542e-05,-1.1469691029452039e-05,-5.169875767916743e-05,5.177141500228683e-05,-2.203545162916345e-05
566,1061,1322.0,4.134176072751426e-05,-6.426111084136378e-06,-5.34758974099327e-05,5.3309746601462254e-05,-1.839409695808437e-05
565,1061,1321.0,4.1889846508887975e-05,-8.920259566710833e-06,-5.806640114192855e-05,5.5063848089459416e-05,-2.2094261147282275e-05
569,1062,1316.0,0.00010013561185593517,-2.3930588019654042e-05,-0.00013241045468964825,0.0001288286802251525,-5.26236563888714e-05
568,1062,1307.0,9.943362626628916e-05,-2.9320960598549703e-05,-0.00011756488156963946,0.00012223322916715673,-5.212056349941729e-05
571,1062,1306.0,8.219532157383892e-05,-2.941425011449353e-05,-0.00011094195676576799,0.00010507473723078497,-5.2293665771439575e-05
570,1062,1323.0,8.185188317612248e-05,-2.3309165994123615e-05,-0.0001273351724717514,0.00011184419372913309,-5.3301476547134216e-05
574,1063,1319.0,7.327317912735921e-05,-1.3059594555783673e-05,-0.00012347778858216602,0.00010543957413566847,-4.522598956409293e-05
572,1063,1316.0,8.511241030285336e-05,-2.2158825810725778e-05,-0.00011452745867169146,0.00010993642659254038,-4.69828421004128e-05
573,1063,1317.0,8.682031812482123e-05,-1.51819636605941e-05,-0.00012761027183963956,0.00011750278478041235,-4.5864430316185225e-05
575,1063,1323.0,6.911578600724173e-05,-2.1310380645210743e-05,-0.00010677337134341533,9.38624133070179e-05,-4.605700794498691e-05
576,1064,1317.0,6.340756053840142e-05,-7.858721024733319e-06,-0.00010701289223721475,9.20601918856841e-05,-3.6511352372015996e-05
577,1064,1318.0,6.460841273703884e-05,-5.043101980363213e-06,-0.0001131838588684141,9.623173251785412e-05,-3.666642176117849e-05
578,1064,1320.0,5.8845696806543966e-05,-3.396411471768678e-06,-0.00011352084798743785,9.2456904659991e-05,-3.700761932521571e-05
579,1064,1319.0,5.539835585228418e-05,-6.75753535339641e-06,-0.0001051350718258709,8.538745975120759e-05,-3.6746639252319824e-05
580,1065,1318.0,3.100405764027195e-05,1.5296379370343988e-05,-9.613158744416206e-05,7.185343518851624e-05,-2.5552998177900296e-05
581,1065,69.0,1.606855822111966e-05,1.1057360837334004e-05,-7.86567791036944e-05,5.2971083685885944e-05,-2.5845164627432276e-05
582,1065,70.0,3.321286808128407e-05,5.4397979812871545e-06,-6.818024138332147e-05,5.61362798455209e-05,-1.748361378294968e-05
583,1065,1320.0,5.491414315449226e-05,1.066175534614221e-05,-9.08409169351808e-05,8.331107765792138e-05,-1.7735179157286905e-05
584,1066,1318.0,5.84958328458075e-05,1.5967296764725876e-05,-0.0001196705768374798,0.00010073298869051319,-2.626985907997981e-05
585,1066,1315.0,4.073563490403638e-05,3.3323825013381646e-05,-0.00014059560486591807,0.00010742514712749311,-3.336568721007509e-05
587,1066,69.0,3.869229935453175e-05,6.771599093249436e-06,-9.217562167960526e-05,7.150508818682885e-05,-2.6041189739047665e-05
586,1066,68.0,1.4801219505445988e-05,1.957897463448596e-05,-0.00010155792590337432,6.802522089657904e-05,-3.3645026756647097e-05
591,1067,1318.0,6.161027230983064e-05,-6.508592777291458e-06,-0.00012716984129783945,9.96832671420262e-05,-4.458158760948703e-05
590,1067,1315.0,4.446458016726159e-05,1.0047840568836385e-05,-0.00014748555489410217,0.00010298021724005596,-4.8467796503957986e-05
589,1067,1313.0,8.523843549177465e-05,1.7018710591196716e-05,-0.00018267512948742706,0.00014862746252074948,-4.63703164377781e-05
588,1067,1312.0,9.401305424041467e-05,-4.861230955131965e-06,-0.0001481215432148431,0.000133621006731137,-4.446918344585429e-05
595,1068,1317.0,6.741221917532306e-05,-1.830463979387545e-05,-0.00012331048488401983,9.964183067242332e-05,-5.0534251290975713e-05
593,1068,1312.0,9.928714264971755e-05,-3.0645383907067962e-06,-0.00016821831535584336,0.00014656594680531376,-5.0343342546303e-05
592,1068,1311.0,9.841740272369462e-05,-1.8901095498805465e-05,-0.00013993243260512246,0.00013106083117445517,-5.154452394956602e-05
594,1068,1318.0,7.265845633292215e-05,-4.454598287644018e-06,-0.0001506043884645105,0.0001187011385604409,-5.049728051516276e-05
597,1069,1311.0,0.0001129904101286024,-1.9658717578968014e-05,-0.0001618832767190043,0.00015131046673241767,-5.79787741827833e-05
596,1069,1310.0,0.00011135821744004404,-3.0194899334334423e-05,-0.0001401631049040555,0.00014018459681686618,-5.9021278711156574e-05
598,1069,1317.0,9.022861081447488e-05,-1.9271302424466396e-05,-0.00015117539142312517,0.000128811700287038,-5.7854391897029496e-05
599,1069,1316.0,8.728481302282438e-05,-2.9784781743821516e-05,-0.00012883894869036763,0.00011579133444624095,-5.829130316723809e-05
603,1070,1307.0,9.993099476536451e-05,-3.840952387796379e-05,-0.0001274620091938879,0.00012481479288707682,-6.32933219996761e-05
602,1070,1316.0,0.00010092051359647611,-3.0461474174075837e-05,-0.0001484051617352297,0.00013433214169997643,-6.387310227757615e-05
601,1070,1310.0,0.00012326075952484496,-3.075327628104688e-05,-0.00015628629136454127,0.000155964415776355,-6.34569325325569e-05
600,1070,1308.0,0.0001226529752004291,-3.8109187646937414e-05,-0.00013702249438075388,0.00014788869756488237,-6.334491001139069e-05
606,1071,1324.0,4.047410946570601e-05,2.304878730159817e-05,-0.00016045902918620635,0.00011246265949585096,-4.8939762728546785e-05
605,1071,1314.0,7.455575885965352e-05,2.8203643441040115e-05,-0.0001889368965130398,0.00014864951849848362,-4.589011619778998e-05
604,1071,1313.0,8.175409639236617e-05,1.1549291759578595e-05,-0.00016384653089284665,0.00013577857032431346,-4.2475182172368705e-05
607,1071,1315.0,5.7948417243227756e-05,7.366251793177207e-06,-0.00014293399356649777,0.00010846742945694385,-4.3152760420538884e-05
610,1072,68.0,4.0866163317382484e-05,1.8784074030323526e-05,-0.00012530928867247274,9.344515579833673e-05,-3.3794918450630716e-05
611,1072,1315.0,5.056803204070079e-05,2.634863355742738e-05,-0.00014248062404828554,0.00011072054196139262,-3.3803876363264456e-05
609,1072,67.0,3.0663337967494486e-05,2.6830620319926192e-05,-0.00012661584174063732,9.208389788834162e-05,-3.4589939600920944e-05
608,1072,1324.0,3.57638275876042e-05,4.55956374277827e-05,-0.0001535391535508815,0.00011760654213518059,-3.6247077119793685e-05
615,1073,1324.0,3.369561667354755e-05,1.758049444328439e-05,-0.00013803861629850013,9.512610624718703e-05,-4.384999513035509e-05
614,1073,67.0,4.0337701669749745e-05,3.497561873263297e-05,-0.00017151778353053163,0.00012345744982554568,-4.814412942316295e-05
613,1073,1309.0,6.332898817410469e-05,3.9364404622960637e-05,-0.00019250292371774877,0.00014834112523939594,-4.5647732442330615e-05
612,1073,1314.0,6.634033117266895e-05,2.267212156526041e-05,-0.00016589701299407796,0.0001302802484424833,-4.126779570455393e-05
619,1074,1310.0,0.00011216376758168764,-4.089566737285142e-05,-0.00014964090755074152,0.00014266160711803535,-7.139350690919912e-05
618,1074,1311.0,0.00011408131851172159,-3.0510244708075612e-05,-0.0001750027935660866,0.00015528960941717257,-7.171853561352657e-05
617,1074,1205.0,0.000141458489969706,-3.0614716631381504e-05,-0.00018633688898350188,0.00018223929933992923,-7.139552600160474e-05
616,1074,1206.0,0.0001396820303373814,-4.098896904632717e-05,-0.00016106109328941146,0.00017036583260795015,-7.167277131689593e-05
620,1075,1205.0,0.00013009215622713198,-3.0455422987737588e-05,-0.0001687811895078016,0.00016629005322573814,-6.665331998634374e-05
623,1075,1311.0,9.88434302093685e-05,-3.031221405534908e-05,-0.00015318789180007817,0.00013445007623398843,-6.591886007996901e-05
622,1075,1312.0,9.970439275220917e-05,-1.6336501304806627e-05,-0.00018113507828006626,0.0001492425410067809,-6.587464955937837e-05
621,1075,1204.0,0.00013113403305177723,-1.537358320401682e-05,-0.0001989975858584618,0.00018143640728483177,-6.567595743707137e-05
626,1076,1313.0,8.455583652992957e-05,-3.4177582221058943e-06,-0.0001902905927623202,0.0001453901523270586,-6.425207401923491e-05
625,1076,1203.0,0.00011944338526013315,-1.301311256574544e-06,-0.00021135349808508105,0.00018077722305009835,-6.263514904653974e-05
624,1076,1204.0,0.00012109060418187718,-1.646402183225681e-05,-0.00018031025918356343,0.0001657075863407621,-6.108100399114171e-05
627,1076,1312.0,9.105425220184548e-05,-1.7326957557167147e-05,-0.00016418968267000594,0.00013523124682047718,-6.150395217579886e-05
630,1077,1310.0,0.00012360009510444577,-4.10321871984992e-05,-0.00016658208752736315,0.0001583879464780476,-7.582003857210103e-05
629,1077,1206.0,0.00014983026258208638,-4.110905282584494e-05,-0.00017596196053583542,0.00018418783018551185,-7.54666204292704e-05
628,1077,1207.0,0.00014824121148900807,-4.931371342502169e-05,-0.00015294019455496313,0.00017438237401271606,-7.545487594872967e-05
631,1077,1308.0,0.000122871559327567,-4.937161826929534e-05,-0.00014350632346187865,0.0001488456630224355,-7.534572196416384e-05
632,1078,1202.0,9.864751082119122e-05,9.892865004279636e-06,-0.0001987281862785538,0.00016309375977982792,-5.455338395435708e-05
633,1078,1201.0,9.67561894553385e-05,3.0243141209710376e-05,-0.00023217955488934357,0.00018425906589365982,-5.725973522861093e-05
634,1078,1309.0,6.206743212337166e-05,2.6698188315080348e-05,-0.00020573525998438154,0.0001487595085388359,-5.999388810038389e-05
635,1078,1314.0,6.563666321814793e-05,6.89568712081731e-06,-0.0001742021646916718,0.00012818583636355405,-5.56534860245888e-05
638,1079,1314.0,7.317148958719145e-05,1.0526719380578287e-05,-0.00019890970909113275,0.00014611971348392673,-6.242150451615698e-05
636,1079,1203.0,0.00011121350493668771,-3.6992905315568403e-06,-0.00019147436277346629,0.000165412136379302,-5.789792197417114e-05
637,1079,1202.0,0.00010868035700419259,1.3382703728732448e-05,-0.00022290538238083253,0.0001822425573134311,-6.0179496580506066e-05
639,1079,1313.0,8.084969894211168e-05,-5.715907542850978e-06,-0.00017177147269782558,0.00013374257227495947,-5.8608780875698784e-05
640,1080,1201.0,8.5691865318753e-05,2.673100988145221e-05,-0.00021002495786981608,0.00016528350712538976,-5.286063192518456e-05
641,1080,1200.0,8.293987668946384e-05,5.021209912780026e-05,-0.0002418843447127509,0.00018862018445361595,-5.546820863635185e-05
642,1080,1325.0,4.2208160830415134e-05,4.801127636272506e-05,-0.00021039948323930968,0.00015034946714393444,-6.013002995079424e-05
643,1080,1309.0,5.8540364768881054e-05,2.3454343306829263e-05,-0.00018643459329217675,0.0001358510393616934,-5.3856331285983096e-05
644,1081,1325.0,3.8830015128326874e-05,8.717106456865992e-05,-0.00019959740638028287,0.00016568449878893418,-3.968341909194738e-05
645,1081,46.0,2.2437000253100643e-05,4.255456675377565e-05,-0.00013909505421800345,0.00010276695573967311,-3.777538873279682e-05
646,1081,67.0,4.0707016832316345e-05,2.4795090973375516e-05,-0.00014026619774682413,0.00010333397608465206,-3.78318682789602e-05
647,1081,1309.0,6.369893413949411e-05,3.239437082223784e-05,-0.0001711447233292058,0.0001350387383391705,-3.894543337743855e-05
648,1082,1200.0,5.195721521212941e-05,4.592491558328988e-05,-0.0001843105537694175,0.00014114568685130252,-4.326355605588323e-05
649,1082,956.0,5.378507407964063e-05,5.2288616003581584e-05,-0.00019990042566670613,0.00015298985846354815,-4.691616838032594e-05
650,1082,46.0,4.191962985938824e-05,5.2288616003581584e-05,-0.00019479995499549832,0.00014464198524646833,-5.04337393834985e-05
651,1082,1325.0,3.591305286132149e-05,4.538894135627954e-05,-0.00017616696266720827,0.00012886181163592982,-4.7559817418328795e-05
655,1083,1301.0,7.960299966977818e-05,-2.6649246493144047e-05,-9.729793629955534e-05,9.85123335224175e-05,-4.5558580345783365e-05
652,1083,1378.0,8.522929801489144e-05,-2.8689526774038597e-05,-9.494520168937433e-05,0.00010241853693170604,-4.5878765690853194e-05
653,1083,1306.0,8.6591895496692e-05,-2.470991502470047e-05,-0.00010481899977913926,0.00010738560374806598,-4.550362327607444e-05
654,1083,1305.0,8.10175706313259e-05,-2.472932881064172e-05,-0.0001023857994021599,0.00010173973671184369,-4.5451494891159515e-05
658,1084,1304.0,5.698125642618129e-05,-1.7645741708437017e-05,-7.507752144150998e-05,7.259653751764944e-05,-3.326102279990517e-05
656,1084,1301.0,6.83195764334169e-05,-2.311219022644315e-05,-6.266409806815042e-05,7.80260648076053e-05,-3.2818678600631555e-05
659,1084,1300.0,5.483278248727191e-05,-2.2794880833237538e-05,-5.906431948616425e-05,6.47904792759136e-05,-3.275257762187923e-05
657,1084,1305.0,7.233380853567933e-05,-1.8828904807849877e-05,-7.673460406008338e-05,8.633189413306542e-05,-3.2826990405235966e-05
663,1085,74.0,2.8918673604617137e-05,-1.6008289529299054e-05,-1.0986857091558905e-05,2.958062741294767e-05,-1.667024333762959e-05
661,1085,1304.0,5.213553589031609e-05,-7.781953211377125e-06,-4.1978903070157524e-05,5.875661434076764e-05,-1.4403031661828674e-05
660,1085,1300.0,4.8952044786814124e-05,-1.6062960661695114e-05,-1.8159898012164426e-05,5.019633027178591e-05,-1.73072461466669e-05
662,1085,73.0,2.8918673604617137e-05,-8.30699912065364e-06,-3.205622691673012e-05,3.4868778810459766e-05,-1.425710432649627e-05
667,1086,1298.0,0.000118000709100099,-5.1488332584112844e-05,-0.0001037959721840306,0.00013262939779237987,-6.61170212763937e-05
666,1086,1302.0,0.00011576127913734153,-4.696445084534948e-05,-0.0001231419061698989,0.00013643222257922547,-6.763539428723341e-05
665,1086,1303.0,0.00013831012095857301,-4.610305988373895e-05,-0.00013206007493882146,0.0001595143817171282,-6.730732064229415e-05
664,1086,1299.0,0.00013969604225507956,-5.0980720632704825e-05,-0.0001109668825150169,0.00015466549929112712,-6.59501776687524e-05
671,1087,1297.0,9.250084143958004e-05,-4.095469638055289e-05,-8.218969161146415e-05,0.00010414003939382527,-5.2593894334798116e-05
668,1087,1298.0,0.0001192608619980818,-4.0203179862999e-05,-9.13499194560598e-05,0.00013141680060427984,-5.235911846919706e-05
669,1087,1302.0,0.0001160555294227616,-3.435006301688191e-05,-0.00011911021938849475,0.00013678120473237617,-5.507573832649647e-05
670,1087,1301.0,9.074174127109494e-05,-3.6080338099922266e-05,-0.00010549537339072474,0.00010981268995704386,-5.515128678587119e-05
672,1088,1297.0,9.39860636447968e-05,-3.124708235494793e-05,-6.148513238495804e-05,0.00010112578491538649,-3.8386803625537624e-05
673,1088,1301.0,9.22530230740991e-05,-2.474184033978517e-05,-8.431897910239064e-05,0.00010586226287212733,-3.8351080137813404e-05
674,1088,1300.0,6.81104943339372e-05,-2.427129182713296e-05,-7.927015148690309e-05,8.278451588216476e-05,-3.894531337536052e-05
675,1088,1296.0,6.799484559123856e-05,-3.1391329103736747e-05,-5.371687623163552e-05,7.478873575314019e-05,-3.818521926563837e-05
678,1089,1303.0,0.00013812590814159947,-5.8601270744374216e-05,-0.0001357147725179553,0.00015926135885378946,-7.973672145656419e-05
676,1089,1209.0,0.00016074289425561505,-6.15655380766907e-05,-0.00012137827344287826,0.0001762316055963126,-7.705424941738826e-05
677,1089,1208.0,0.0001599273229294755,-5.8325127040252905e-05,-0.00014097654174478284,0.00018071310397187125,-7.911090808264865e-05
679,1089,1299.0,0.00013939629039979445,-6.182394052572243e-05,-0.00011629922684233164,0.00015499191005566347,-7.741956018159146e-05
680,1090,1296.0,6.783930383770639e-05,-2.2507232955212256e-05,-1.9432656300586576e-05,6.887243337857531e-05,-2.354036249608118e-05
681,1090,1300.0,6.79244104238321e-05,-1.621395436692658e-05,-3.824223541665662e-05,7.20659762352438e-05,-2.035552017833828e-05
683,1090,75.0,4.8612294629225925e-05,-2.258261392181827e-05,-1.2764986764918218e-05,4.917994746919598e-05,-2.3150266761788325e-05
682,1090,74.0,4.8612294629225925e-05,-1.6165639724801946e-05,-3.1915193209521714e-05,5.232997620550895e-05,-1.9883321301084973e-05
687,1091,1294.0,0.00012254064204492631,-5.302090733923985e-05,-9.543382883522421e-05,0.00013467167009446115,-6.51519353887747e-05
686,1091,1298.0,0.0001215686777648389,-5.043330325176507e-05,-0.00011443580908658893,0.00013886366476163924,-6.772829024856542e-05
685,1091,1299.0,0.00014198862129199876,-5.014970152518244e-05,-0.00011929442752752796,0.00015899940453996514,-6.716048477314882e-05
684,1091,1295.0,0.00014296874781827501,-5.283058159750152e-05,-9.960384384841018e-05,0.00015490794589247115,-6.476977967169764e-05
691,1092,1293.0,0.00010255837350560621,-4.370878338942456e-05,-7.608488371654582e-05,0.00011186112005550299,-5.3011529939321346e-05
689,1092,1298.0,0.0001221349765582443,-3.8709919176260874e-05,-0.00010269249627288621,0.00013712849862606153,-5.370344124407811e-05
688,1092,1294.0,0.00012319522545902817,-4.3409743749505346e-05,-8.205990420804155e-05,0.00013275156332684718,-5.296608161732436e-05
690,1092,1297.0,0.00010165281062421774,-3.933884979948272e-05,-9.52873030381201e-05,0.00011624269958619625,-5.392873876146123e-05
693,1093,1297.0,0.00010263549112435278,-3.1004744050823724e-05,-7.383943082892768e-05,0.00011215666970537906,-4.052592263185e-05
692,1093,1293.0,0.00010352771533047624,-3.497290659572924e-05,-5.490411316965132e-05,0.00010877049786752892,-4.021568913278192e-05
694,1093,1296.0,8.33277766726084e-05,-3.1084454713249275e-05,-6.944832801109718e-05,9.30418166770253e-05,-4.079849471766618e-05
695,1093,1292.0,8.35118772094857e-05,-3.511823098072012e-05,-5.004989221044434e-05,8.857479737479469e-05,-4.018115114602911e-05
699,1094,1295.0,0.00014265215686300615,-6.302665562526208e-05,-0.00010651105103299651,0.00015562334803847111,-7.599784680072704e-05
698,1094,1299.0,0.0001417626938660971,-6.123877470388722e-05,-0.0001244121107744152,0.0001593081371225486,-7.878421796033871e-05
697,1094,1209.0,0.00016144111222694824,-6.109461166121954e-05,-0.00012781840128898905,0.00017848896650120592,-7.814246593547722e-05
696,1094,1210.0,0.00016188823987850574,-6.293458186284215e-05,-0.00010934926354157302,0.00017447939159439066,-7.552573357872707e-05
702,1095,75.0,6.764331774157875e-05,-2.2399082013770653e-05,-2.867387862941044e-05,6.987099369538893e-05,-2.4626757967580835e-05
701,1095,1296.0,8.365402864192331e-05,-2.2328182034577794e-05,-3.492093288140919e-05,8.645651732033867e-05,-2.5130670712993146e-05
700,1095,1292.0,8.380285568361122e-05,-2.8275078942774433e-05,-1.9264660932984297e-05,8.462466261545314e-05,-2.9096885874616353e-05
703,1095,76.0,6.764331774157875e-05,-2.839512388273617e-05,-1.2831430287330546e-05,6.807001490205746e-05,-2.8821821043214875e-05
707,1096,1191.0,0.00012833299095950986,-5.434877351111569e-05,-8.615476992869476e-05,0.000137981305487474,-6.399708803907983e-05
706,1096,1294.0,0.0001277676874124438,-5.2543671081163026e-05,-0.00010272130703637295,0.00014137116790716728,-6.614715157588653e-05
705,1096,1295.0,0.0001452886399720332,-5.241263635112929e-05,-0.00010583039867104876,0.0001585605552315641,-6.568455161066017e-05
704,1096,1192.0,0.00014569004567220037,-5.427500057508393e-05,-8.871859553268805e-05,0.00015508874684456257,-6.367370174744613e-05
711,1097,1190.0,0.00011172949430831658,-4.5855002064185005e-05,-6.924045900138067e-05,0.00011899988996319009,-5.312539771905851e-05
710,1097,1293.0,0.00011137709050356749,-4.3133092093360277e-05,-8.559851486914568e-05,0.00012244031875707892,-5.419632034687172e-05
709,1097,1294.0,0.0001282070433572765,-4.29535234683368e-05,-8.947200016650326e-05,0.00013919432495708162,-5.3940805068141914e-05
708,1097,1191.0,0.0001287777775671392,-4.5736972750284616e-05,-7.277898602906039e-05,0.0001360616353253019,-5.302083050844732e-05
715,1098,1189.0,9.677665293252079e-05,-3.845839985690421e-05,-4.513107381020091e-05,0.00010044259819537482,-4.2124345119758243e-05
714,1098,1292.0,9.659517204320747e-05,-3.478248766817312e-05,-6.010455255432614e-05,0.00010314318650708008,-4.133050213204573e-05
713,1098,1293.0,0.00011182896382118477,-3.46520394615017e-05,-6.436625314031313e-05,0.00011858799165662232,-4.141106729693925e-05
712,1098,1190.0,0.00011215403421087605,-3.8358615775696656e-05,-4.930264266186056e-05,0.00011608863101331016,-4.229321257813077e-05
717,1099,1210.0,0.00016235581058249987,-6.270791030176318e-05,-0.0001140782846961062,0.00017598608144120216,-7.633818116046547e-05
719,1099,1192.0,0.00014552305032508117,-6.35215139834917e-05,-9.607203741834099e-05,0.0001560327922343921,-7.403125589280263e-05
718,1099,1295.0,0.000145139755496875,-6.274710720895454e-05,-0.00011243526978276007,0.00015936848412336744,-7.697583583544698e-05
716,1099,1193.0,0.00016273083433944848,-6.349062851505145e-05,-9.753884596906421e-05,0.00017279678163934916,-7.355657581495213e-05
720,1100,1189.0,9.71092309350976e-05,-3.2923055002619995e-05,-1.7542700899705194e-05,9.76982358988608e-05,-3.351205996638319e-05
723,1100,77.0,8.526849088324063e-05,-3.302739967620905e-05,-1.2363955760704998e-05,8.559067492342303e-05,-3.3349583716391454e-05
721,1100,1292.0,9.696881521817488e-05,-2.8087027399552452e-05,-2.9103936884194298e-05,9.863980923307068e-05,-2.9758021414448254e-05
722,1100,76.0,8.526849088324063e-05,-2.818260700105865e-05,-2.400469189611223e-05,8.652435457518463e-05,-2.9438470693002646e-05
727,1101,1182.0,0.00016321167390875727,-7.196220878437278e-05,-8.860157796877115e-05,0.00017128000972904895,-8.003054460466446e-05
726,1101,1193.0,0.00016308360271555028,-7.279848159333965e-05,-0.00010254164779435792,0.0001737457751693417,-8.346065404713106e-05
725,1101,1194.0,0.00017749321207138902,-7.282008150320167e-05,-0.00010203658657737414,0.0001874922254879131,-8.281909491972576e-05
724,1101,1183.0,0.00017762546115643102,-7.198159945643375e-05,-8.805945987280144e-05,0.00018516443458640587,-7.952057288640861e-05
729,1102,1193.0,0.00016310021736502117,-6.337313140890451e-05,-0.0001006475616635652,0.00017377894695764568,-7.405186100152902e-05
728,1102,1182.0,0.00016323454482730431,-6.349743677484484e-05,-8.603572586033791e-05,0.00017112194326293574,-7.138483521047627e-05
731,1102,1181.0,0.00014841359034517467,-6.350037303062947e-05,-8.556447362756186e-05,0.0001567247221238073,-7.18115048092621e-05
730,1102,1192.0,0.00014814157487158487,-6.337796258829107e-05,-9.995237646182866e-05,0.0001593550854489389,-7.45914731656451e-05
735,1103,1180.0,0.00013380258398357648,-5.527281098219306e-05,-7.660727701209883e-05,0.00014126755787829606,-6.273778487691266e-05
734,1103,1191.0,0.0001335942340227902,-5.4169550165797105e-05,-9.093835945920897e-05,0.00014402560076210634,-6.460091690511325e-05
732,1103,1181.0,0.00014855042220771443,-5.52398781697097e-05,-7.81696206649295e-05,0.00015578933650257657,-6.247879246457184e-05
733,1103,1192.0,0.00014827645101295585,-5.412534608951558e-05,-9.264223156705068e-05,0.00015837365502869232,-6.422255010525206e-05
739,1104,78.0,0.00010052865251555885,-3.7058942626488336e-05,-1.1486781034822976e-05,0.00010076798553324943,-3.729827564417892e-05
738,1104,77.0,0.00010052865251555885,-3.288086609041076e-05,-1.9607617887920344e-05,0.00010124525172364834,-3.359746529850025e-05
737,1104,1189.0,0.00010868657624851135,-3.2791996754937924e-05,-2.397750859645673e-05,0.00010969529936654112,-3.3800719872967695e-05
736,1104,1178.0,0.00010873426202574147,-3.698514173932743e-05,-1.5851917307073285e-05,0.00010916410222793673,-3.7414981941522686e-05
743,1105,1178.0,0.00010859364362064217,-4.138840896177672e-05,-3.991121114740653e-05,0.00011120339192622449,-4.399815726735904e-05
742,1105,1189.0,0.00010852516202226317,-3.829522635176777e-05,-5.159751695556908e-05,0.0001129264872238985,-4.26965515534031e-05
741,1105,1190.0,0.00012029416101223302,-3.8212771021137594e-05,-5.5019776130014325e-05,0.00012493292238883557,-4.285153239774014e-05
740,1105,1179.0,0.00012047953001114581,-4.1318768567370594e-05,-4.331586985922473e-05,0.00012332844637800297,-4.4167684934227756e-05
747,1106,1179.0,0.00012019318840779739,-4.769548314922413e-05,-6.15712749168682e-05,0.0001256603003472243,-5.316259508865105e-05
746,1106,1190.0,0.00011998020578827401,-4.562712656728716e-05,-7.504232512011572e-05,0.00012808465130763303,-5.373157208664618e-05
745,1106,1191.0,0.00013378418225171293,-4.5538840253715154e-05,-7.773307376414624e-05,0.00014184571991442168,-5.3600377916423905e-05
744,1106,1180.0,0.00013398373513275226,-4.764359906949485e-05,-6.402230738582898e-05,0.00013946044186569938,-5.312030580244197e-05
751,1107,1188.0,0.00022561024438421057,-0.00010570218635034391,-1.3104146141347615e-05,0.0002257397683051278,-0.00010583171027126113
749,1107,127.0,0.00022747400727630377,-0.00011081920025093198,-9.564000259819176e-06,0.00022754159053614087,-0.00011088678351076909
748,1107,126.0,0.00022747400727630377,-0.00010563722530578112,-7.751853585911007e-06,0.00022751909964699934,-0.0001056823176764767
750,1107,1199.0,0.00022562518024442845,-0.0001109808998031343,-1.4907412199921533e-05,0.0002257901520682116,-0.00011114587162691745
753,1108,1199.0,0.00022577293153302038,-0.00010851556230418459,-3.318846887978913e-05,0.0002265946570452437,-0.00010933728781640793
754,1108,1198.0,0.00022076012566688008,-0.0001086300453288647,-3.8301534491092144e-05,0.00022186981414504427,-0.0001097397338070289
755,1108,1187.0,0.00022071456409231572,-0.0001037215373729516,-3.342416046686614e-05,0.0002215731505865516,-0.00010458012386718751
752,1108,1188.0,0.0002257336611748927,-0.0001036760927357546,-2.837406136024182e-05,0.00022634353955733978,-0.00010428597111820166
759,1109,1186.0,0.00021302639185917125,-9.99188410376342e-05,-5.1798342881603354e-05,0.0002151553100172439,-0.00010204775919570682
756,1109,1187.0,0.00022084307863751932,-9.990839254298489e-05,-4.734509639817228e-05,0.00022258077896283998,-0.00010164609286830554
757,1109,1198.0,0.00022091267476912358,-0.00010417470987822281,-5.482528206423448e-05,0.00022320800938557963,-0.00010647004449467884
758,1109,1197.0,0.00021310726731969777,-0.00010423453401672863,-5.935915706680155e-05,0.00021585920301853113,-0.000106986469715562
760,1110,1185.0,0.0002030688581747173,-8.78777002355587e-05,-7.629189853482687e-05,0.00020798702955174544,-9.279587161258683e-05
761,1110,1196.0,0.0002030952594685104,-9.056972460662674e-05,-8.785965890567961e-05,0.00020952597447594081,-9.700043961405715e-05
762,1110,1195.0,0.00019106290400906995,-9.054948015425689e-05,-9.057127958812762e-05,0.00019816605206553298,-9.765262821071993e-05
763,1110,1184.0,0.00019104746248605354,-8.784720856165991e-05,-7.895691384915155e-05,0.0001965280674907528,-9.332781356635917e-05
765,1111,1197.0,0.00021325543094765503,-9.80842552353774e-05,-7.336000034782308e-05,0.0002175184564632373,-0.00010234728075095967
764,1111,1186.0,0.00021315145698783426,-9.454443379925526e-05,-6.361841969796094e-05,0.0002164054407136724,-9.77984175250934e-05
766,1111,1196.0,0.00020307065159801217,-9.808722067501804e-05,-7.705481737018587e-05,0.0002079213690929482,-0.00010293793816995407
767,1111,1185.0,0.00020304826994557495,-9.453562106151887e-05,-6.725116368724035e-05,0.00020680049116449722,-9.828784228044113e-05
768,1112,1184.0,0.00019105498337296505,-8.02284401408328e-05,-8.462563621197206e-05,0.00019750144334197692,-8.667490010984467e-05
769,1112,1195.0,0.00019107234143986426,-8.201676283390138e-05,-9.76831939509112e-05,0.00019954474111681162,-9.048916251084874e-05
770,1112,1194.0,0.00017752021661861543,-8.198005958517506e-05,-9.92708732154928e-05,0.00018669010912678914,-9.114995209334877e-05
771,1112,1183.0,0.00017764308555959186,-8.020290377513451e-05,-8.627566450006719e-05,0.00018466865147759494,-8.722846969313759e-05
775,1113,1169.0,0.0001388541319429547,-5.5851392927984086e-05,-6.722278741223484e-05,0.00014449304946603618,-6.149031045106557e-05
774,1113,1180.0,0.00013871535728241392,-5.519870042303642e-05,-7.930201648210329e-05,0.000146509786168854,-6.299312930947651e-05
772,1113,1170.0,0.00015110041529138325,-5.58395259154411e-05,-6.810385260594236e-05,0.00015655963499807096,-6.129874562212881e-05
773,1113,1181.0,0.00015101182420784297,-5.5179417764356564e-05,-8.032311641767518e-05,0.00015855822880095694,-6.272582235747052e-05
779,1114,1170.0,0.00015104959068691203,-6.314865491178232e-05,-7.51697463050008e-05,0.00015745308809643574,-6.955215232130604e-05
777,1114,1182.0,0.00016358307331484348,-6.346134379029561e-05,-8.759357366133324e-05,0.00017173851419446812,-7.161678466992025e-05
776,1114,1171.0,0.00016370140560447452,-6.315477158799689e-05,-7.510806883046081e-05,0.0001697565241272972,-6.920989011081957e-05
778,1114,1181.0,0.00015095945158975907,-6.3454123106609e-05,-8.760960720625034e-05,0.00015956352760174137,-7.205819911859132e-05
781,1115,1183.0,0.00017601379819056576,-7.195645493395962e-05,-8.914523076921504e-05,0.00018378234197901646,-7.972499872241031e-05
782,1115,1182.0,0.00016355949028255042,-7.192742048785033e-05,-9.016154954900402e-05,0.00017189457208872155,-8.026250229402145e-05
783,1115,1171.0,0.00016367472049403286,-7.066306302825189e-05,-7.799419614878175e-05,0.00016999397737379432,-7.698231990801334e-05
780,1115,1172.0,0.00017604088742810076,-7.068221565438321e-05,-7.689204294764398e-05,0.000181892992153633,-7.653432037991545e-05
786,1116,1179.0,0.00012777240921847286,-4.762118580735656e-05,-6.478222483280341e-05,0.00013356311064307994,-5.341188723196363e-05
785,1116,1180.0,0.0001388588436551253,-4.7580339921538266e-05,-6.671745120792301e-05,0.00014464782153176552,-5.3369317798178476e-05
784,1116,1169.0,0.0001389860330594738,-4.924194048131392e-05,-5.56588359005559e-05,0.00014301438684232495,-5.327029426416509e-05
787,1116,1168.0,0.0001278429392727585,-4.9274282040321954e-05,-5.3771808230418557e-05,0.0001318342036107795,-5.3265546378342946e-05
790,1117,78.0,0.00011345953211392259,-3.698406699215802e-05,-1.5996001058956417e-05,0.00011388353310835026,-3.74080679865857e-05
791,1117,79.0,0.00011345953211392259,-4.052513667164982e-05,-1.0392421124957082e-05,0.00011363467895164061,-4.070028350936785e-05
789,1117,1178.0,0.00011905489576509616,-3.692225505570507e-05,-1.9629693170759247e-05,0.00011967006777196747,-3.753742706257637e-05
788,1117,1167.0,0.00011908252736097906,-4.047225484543138e-05,-1.4029442979445047e-05,0.00011939033119923691,-4.078005868368923e-05
795,1118,1167.0,0.00011898024900975713,-4.392774507551585e-05,-3.484039799134036e-05,0.00012082221205685477,-4.57697081226135e-05
794,1118,1178.0,0.00011893644262046463,-4.130874698013139e-05,-4.3733684706552534e-05,0.00012186677667903215,-4.423908103869891e-05
793,1118,1179.0,0.00012788873318523176,-4.125038207015389e-05,-4.656472146268714e-05,0.0001310350714862021,-4.4396720371124216e-05
792,1118,1168.0,0.00012794610589298176,-4.3886690581172684e-05,-3.761655831129008e-05,0.00012998071021317343,-4.592129490136435e-05
798,1119,1185.0,0.00019799045162832013,-9.453473459488705e-05,-6.760683947350764e-05,0.0002018458698598917,-9.839015282645861e-05
797,1119,1186.0,0.00020662993831781782,-9.45441651494004e-05,-6.371418807339484e-05,0.00020996278325219523,-9.787701008377782e-05
799,1119,1174.0,0.00019795770982216623,-9.068633662362522e-05,-5.912584005027385e-05,0.00020095443159651345,-9.368305839797244e-05
796,1119,1175.0,0.00020660680274930954,-9.071555140531133e-05,-5.5272513477108796e-05,0.0002091537876756778,-9.32625363316796e-05
802,1120,1186.0,0.00020659782482405865,-9.991920365640206e-05,-5.19674010176943e-05,0.00020878487944719714,-0.00010210625827954056
800,1120,1176.0,0.00021311546382023205,-9.542117660318937e-05,-4.097681336747523e-05,0.00021447005139969822,-9.677576418265553e-05
801,1120,1187.0,0.000213154345293046,-9.990840497538066e-05,-4.736848800445141e-05,0.00021493599809830702,-0.00010169005778064166
803,1120,1175.0,0.00020658016829943433,-9.540986299384131e-05,-4.552925764235568e-05,0.0002082865707061152,-9.711626540052217e-05
804,1121,1177.0,0.00021717450878398683,-9.869977506589659e-05,-2.4381032658844348e-05,0.0002176442779702624,-9.916954425217216e-05
805,1121,1188.0,0.00021718577115454598,-0.00010367576663718266,-2.841577119685459e-05,0.00021781367362317612,-0.00010430366910581281
806,1121,1187.0,0.0002130705453462691,-0.00010372169601100095,-3.351104339557962e-05,0.0002139542995841025,-0.00010460545024883434
807,1121,1176.0,0.00021304578263224485,-9.869722944991979e-05,-2.945345736997309e-05,0.00021373992714477651,-9.939137396245147e-05
809,1122,1184.0,0.00018761704548889147,-8.021910216412772e-05,-8.524939864040402e-05,0.000194236922015801,-8.683897869103725e-05
808,1122,1173.0,0.00018765281068451297,-7.803512164978975e-05,-7.3868527094627e-05,0.0001926916178097554,-8.307392877503219e-05
810,1122,1183.0,0.00017601788490336856,-8.018813325493803e-05,-8.731532888265909e-05,0.00018325286974907497,-8.742311810064444e-05
811,1122,1172.0,0.00017604305493739997,-7.800252858471981e-05,-7.592803328782287e-05,0.00018159498243500104,-8.355445608232087e-05
812,1123,1174.0,0.00019798591180716224,-8.48191606805281e-05,-6.646629104772091e-05,0.00020183873421697238,-8.867198309033824e-05
813,1123,1185.0,0.00019802506989127647,-8.787357433911422e-05,-7.66152435955356e-05,0.00020306893201439222,-9.291743646222997e-05
815,1123,1173.0,0.00018766669220370404,-8.479115504299035e-05,-6.94751873484248e-05,0.00019202589057453688,-8.915035341382319e-05
814,1123,1184.0,0.0001876348054698886,-8.783951337309928e-05,-7.962535318817732e-05,0.00019327328659827166,-9.347799450148235e-05
819,1124,1177.0,0.00021713947832394586,-0.0001003905412671678,-1.1783629831666441e-05,0.0002172487641787103,-0.00010049982712193224
818,1124,1188.0,0.00021714340995663628,-0.00010570187975156117,-1.3182192382942513e-05,0.00021727791542618528,-0.00010583638522111019
817,1124,126.0,0.0002185549069973567,-0.00010563722530578112,-7.860566571587114e-06,0.00021860254805800244,-0.00010568486636642684
816,1124,125.0,0.0002185549069973567,-0.00010038102713331855,-6.461901639862738e-06,0.00021858763448584357,-0.00010041375462180543
823,1125,1163.0,0.0001932561074043989,-8.676129324563565e-05,-5.158602902920889e-05,0.00019561213502999124,-8.911732087122799e-05
821,1125,1175.0,0.00020061121934702346,-9.071754206520813e-05,-5.496084939966709e-05,0.00020318072662938168,-9.328704934756635e-05
820,1125,1164.0,0.00020058718097515707,-8.679104758706403e-05,-4.768951613991256e-05,0.00020255222575002677,-8.875609236193372e-05
822,1125,1174.0,0.00019325165039859584,-9.068796003029852e-05,-5.887304197823391e-05,0.00019627127362833145,-9.370758326003413e-05
825,1126,1174.0,0.00019324717776635645,-8.482136268539426e-05,-6.617960316021273e-05,0.00019713058757291283,-8.870477249195064e-05
824,1126,1163.0,0.00019325252081306898,-8.161784213350283e-05,-5.744487145814374e-05,0.0001962217816512915,-8.458710297172534e-05
826,1126,1173.0,0.0001844322887627303,-8.479216908481021e-05,-6.933366602423227e-05,0.00018882452554749575,-8.918440586957565e-05
827,1126,1162.0,0.00018442586540633882,-8.158237981895224e-05,-6.058616223215702e-05,0.00018783203344460041,-8.498854785721384e-05
831,1127,1160.0,0.00016402418717188392,-6.915985382212515e-05,-6.786540622578463e-05,0.00016886168361422005,-7.399735026446126e-05
830,1127,1171.0,0.00016399537636418993,-7.065851534212588e-05,-7.830439177796593e-05,0.00017035556268798542,-7.701870166592137e-05
829,1127,1172.0,0.00017449785076648593,-7.068097486467525e-05,-7.695239833090985e-05,0.00018039416492743993,-7.657728902562926e-05
828,1127,1161.0,0.00017454289364379066,-6.918138844292309e-05,-6.650464162964503e-05,0.00017899820293586005,-7.363669773499247e-05
834,1128,1172.0,0.00017450207733595447,-7.8001085204831e-05,-7.600422518211879e-05,0.0001800974616531631,-8.359646952203962e-05
833,1128,1173.0,0.00018443551645576893,-7.803638074011752e-05,-7.373537090652436e-05,0.00018951574604325855,-8.311661032760713e-05
832,1128,1162.0,0.0001844282848746221,-7.564237188591486e-05,-6.388630900412088e-05,0.00018829423261413809,-7.950831962543086e-05
835,1128,1161.0,0.00017454440916087359,-7.561630520133922e-05,-6.618109275398657e-05,0.00017884751310243577,-7.991940914290141e-05
838,1129,1176.0,0.00020607904965830315,-9.869734960133563e-05,-2.9210449615063062e-05,0.00020677734838185332,-9.939564832488581e-05
839,1129,1165.0,0.00020607415330483247,-9.373906711858638e-05,-2.5811878021953037e-05,0.00020662868441180516,-9.429359822555906e-05
837,1129,1177.0,0.0002094942294309167,-9.869984384236385e-05,-2.4240079088296267e-05,0.0002099701272257149,-9.917574163716203e-05
836,1129,1166.0,0.00020948727849083278,-9.376209751313259e-05,-2.085860440862418e-05,0.00020984553807234534,-9.412035709464517e-05
843,1130,1164.0,0.00020056108312493156,-9.087687329464172e-05,-3.9767663148427244e-05,0.0002019114333578082,-9.222722352751836e-05
842,1130,1175.0,0.00020057920722121826,-9.541053060609469e-05,-4.524480385326331e-05,0.00020229824645807542,-9.712956984295185e-05
841,1130,1176.0,0.00020609556821617366,-9.542180720558427e-05,-4.0704781531372084e-05,0.0002074631495392308,-9.678938852864143e-05
840,1130,1165.0,0.00020608770797251414,-9.090865739796813e-05,-3.5244011075577335e-05,0.00020712963809983275,-9.195058752528675e-05
847,1131,1166.0,0.000209466079219507,-9.51895526696411e-05,-1.0511850723510241e-05,0.00020955672758241888,-9.528020103255299e-05
846,1131,1177.0,0.00020946845720208824,-0.00010039029825897875,-1.1661488635176642e-05,0.00020957813798026543,-0.00010049997903715593
845,1131,125.0,0.00021062486941162556,-0.00010038102713331855,-6.4760856315713294e-06,0.00021065857869198887,-0.00010041473641368188
844,1131,124.0,0.00021062486941162556,-9.521130179580351e-05,-5.322709674791468e-06,0.00021064802649370685,-9.52344588778848e-05
848,1132,1158.0,0.00014343880769447257,-5.054464992415987e-05,-4.7847308026713244e-05,0.00014634571090166965,-5.345155313135696e-05
851,1132,1157.0,0.00013461255908007964,-5.056209885910719e-05,-4.641381912042072e-05,0.0001374766530284265,-5.342619280745406e-05
850,1132,1168.0,0.00013456588767942358,-4.9248960147051384e-05,-5.521053068237563e-05,0.00013862213004110975,-5.330520250873757e-05
849,1132,1169.0,0.0001434014850413474,-4.922345895485029e-05,-5.6699398760223525e-05,0.00014748720883046021,-5.330918274396311e-05
854,1133,1169.0,0.00014335309872560596,-5.5835115323360084e-05,-6.821061659931867e-05,0.00014903082178029933,-6.151283837805347e-05
853,1133,1170.0,0.0001534183584203778,-5.582820859448886e-05,-6.877612389608826e-05,0.00015892486314673384,-6.13347133208449e-05
852,1133,1159.0,0.00015348693303341007,-5.621309860167939e-05,-5.871345702428534e-05,0.00015751916244379508,-6.024532801206441e-05
855,1133,1158.0,0.00014339540222667356,-5.621902855278279e-05,-5.8172488930464256e-05,0.0001475472646557816,-6.037089098189081e-05
858,1134,1170.0,0.00015337055163381188,-6.313630268731476e-05,-7.58429293838945e-05,0.00015982040244031447,-6.958615349381735e-05
857,1134,1171.0,0.0001640031452770931,-6.31477664779313e-05,-7.546986930281668e-05,0.0001701077189405648,-6.9252340141403e-05
856,1134,1160.0,0.00016403240977840104,-6.256723476980161e-05,-6.486909761841894e-05,0.00016858355136883474,-6.71183763602353e-05
859,1134,1159.0,0.00015344229251797788,-6.255955780533784e-05,-6.53089699105794e-05,0.00015827095223311225,-6.738821752047221e-05
862,1135,1167.0,0.00012793002536370252,-4.390071694307157e-05,-3.671552445962188e-05,0.00012986941181916965,-4.584010339853872e-05
860,1135,1157.0,0.00013468728243028194,-4.609176741400328e-05,-3.2294980031988274e-05,0.00013611827618162142,-4.752276116534275e-05
861,1135,1168.0,0.00013465148574199866,-4.386622091950214e-05,-3.9035546726279464e-05,0.00013676049533347764,-4.597523051098112e-05
863,1135,1156.0,0.00012794296397880198,-4.612160730061408e-05,-2.9981550695146707e-05,0.00012922456223734148,-4.740320555915357e-05
864,1136,1156.0,0.00012797690896001936,-4.342227458874518e-05,-1.229832624532242e-05,0.0001281972347682609,-4.364260039698671e-05
865,1136,1167.0,0.0001279699670820541,-4.044626842697647e-05,-1.5907838561163117e-05,0.00012834477861992216,-4.082107996484453e-05
866,1136,79.0,0.0001243762245605566,-4.0490295018707936e-05,-1.2896034823598086e-05,0.0001246280253809757,-4.074209583912704e-05
867,1136,80.0,0.0001243762245605566,-4.345800935241838e-05,-9.290880888636246e-06,0.0001245047061515868,-4.358649094344857e-05
868,1137,1153.0,0.00019515208734635246,-8.293594882460674e-05,-4.0842152581176995e-05,0.0001966436851104546,-8.442754658870887e-05
869,1137,1164.0,0.0001951526402128364,-8.679569254279229e-05,-4.703169436783136e-05,0.00019710051781248884,-8.874357014244474e-05
870,1137,1163.0,0.00018895023659918448,-8.676657190691262e-05,-5.085254231336055e-05,0.00019127540801793132,-8.909174332565945e-05
871,1137,1152.0,0.00018894116213179343,-8.289968620261274e-05,-4.465686059411432e-05,0.0001907629628098532,-8.47214868806725e-05
872,1138,1154.0,0.0001997951607995603,-8.652017291894249e-05,-3.0123858411837227e-05,0.00020058532925570541,-8.73103413750876e-05
873,1138,1165.0,0.00019980372168050455,-9.091173758025913e-05,-3.475811482410267e-05,0.0002008389604599154,-9.194697635966998e-05
875,1138,1153.0,0.00019515151926194872,-8.648699647274222e-05,-3.448156922192117e-05,0.0001962030055257012,-8.753848273649471e-05
874,1138,1164.0,0.00019515193414425301,-9.088107980066031e-05,-3.91261940688838e-05,0.00019648374213314856,-9.221288778955585e-05
879,1139,1154.0,0.00019978106188779654,-8.89630790426946e-05,-2.247386100904863e-05,0.00020021770434268345,-8.93997214975815e-05
878,1139,1165.0,0.00019978636255502287,-9.374112152996851e-05,-2.5339471149321904e-05,0.00020033222026029666,-9.428697923524232e-05
877,1139,1166.0,0.00020265477603851343,-9.376322017491154e-05,-2.058470944828932e-05,0.0002030117218273086,-9.41201659637067e-05
876,1139,1155.0,0.00020265362111137773,-8.89988347660719e-05,-1.772042395793271e-05,0.0002029225406319342,-8.926775428662837e-05
882,1140,1162.0,0.00018148018180767734,-8.159026947986543e-05,-5.9833518969563525e-05,0.00018483946340281518,-8.494955107500327e-05
883,1140,1151.0,0.00018149299009965732,-7.839413613089017e-05,-5.237701814289576e-05,0.00018410570787095055,-8.10068539021834e-05
880,1140,1152.0,0.00018894786962263092,-7.842329428864395e-05,-4.9247198665508616e-05,0.0001911966706130218,-8.067209527903483e-05
881,1140,1163.0,0.00018895879312168717,-8.162540338276831e-05,-5.670745065861375e-05,0.0001918979705980015,-8.456458085908265e-05
884,1141,1151.0,0.0001814888489838841,-7.3217745708723e-05,-5.477714379990102e-05,0.00018440065139839433,-7.612954812323322e-05
885,1141,1162.0,0.00018147451598979217,-7.565034751390922e-05,-6.311930171351045e-05,0.00018529150265390808,-7.946733417802513e-05
887,1141,1150.0,0.00017313467321436547,-7.319020744405986e-05,-5.7120081758086326e-05,0.0001764026985287606,-7.645823275845499e-05
886,1141,1161.0,0.00017313074529914192,-7.562393085708524e-05,-6.546304841196105e-05,0.00017736551747602746,-7.985870303397078e-05
891,1142,1148.0,0.00015555929437208876,-6.185790023529171e-05,-5.608830939512078e-05,0.00015911838494178703,-6.541699080498999e-05
890,1142,1159.0,0.00015554077212133477,-6.25657241160269e-05,-6.487084604503077e-05,0.00016026215910153738,-6.728711109622953e-05
889,1142,1160.0,0.00016431011057982956,-6.257507990753278e-05,-6.428003074345759e-05,0.00016877511900833164,-6.704008833603485e-05
888,1142,1149.0,0.00016434173696209912,-6.186666039627124e-05,-5.5489048585813903e-05,0.00016769490553419735,-6.521982896836948e-05
892,1143,1150.0,0.00017313474284531534,-6.758868155249743e-05,-5.696956701928225e-05,0.00017645942704893778,-7.091336575611987e-05
895,1143,1149.0,0.00016433107265246454,-6.757181189186916e-05,-5.847300931604519e-05,0.00016796018971004085,-7.120092894944545e-05
894,1143,1160.0,0.0001642993925648189,-6.916822443129406e-05,-6.72821108476428e-05,0.0001690501619212767,-7.391899378775189e-05
893,1143,1161.0,0.00017313058213437767,-6.919105272724371e-05,-6.58065368193757e-05,0.00017751883380621785,-7.35793043990839e-05
897,1144,1159.0,0.00015555458469364031,-5.621979922742755e-05,-5.830918485957154e-05,0.00015949492881142273,-6.0160143345209976e-05
896,1144,1148.0,0.0001555719187420648,-5.6401934552736174e-05,-5.009182936129399e-05,0.00015849103629034567,-5.932105210101703e-05
899,1144,1147.0,0.0001473997742997453,-5.6403951046919394e-05,-4.98197226594943e-05,0.0001504002033447635,-5.9404380091937595e-05
898,1144,1158.0,0.00014736804544013792,-5.6222587439703196e-05,-5.800194006915643e-05,0.00015141857309458915,-6.0273115094154446e-05
902,1145,1157.0,0.00014048605985187345,-5.0561762701080426e-05,-4.651702915106984e-05,0.00014327682767173802,-5.335253052094499e-05
900,1145,1147.0,0.0001474350011524926,-5.1614714854307324e-05,-4.071609430668518e-05,0.00014949580869544148,-5.367552239725621e-05
901,1145,1158.0,0.00014740802081887648,-5.054769423228642e-05,-4.7670225627546685e-05,0.00015023747581651022,-5.337714922992014e-05
903,1145,1146.0,0.000140499274156017,-5.162736109291463e-05,-3.957006153452189e-05,0.000142515559077037,-5.3643646013934636e-05
904,1146,1145.0,0.00013561215681348474,-4.5896289277202475e-05,-1.0647064401982575e-05,0.00013576815869173795,-4.60522911554557e-05
905,1146,1156.0,0.00013560853767149994,-4.341720107363422e-05,-1.2811158934474248e-05,0.00013583743801416274,-4.3646101416297e-05
906,1146,80.0,0.0001334568159751296,-4.344686166428814e-05,-1.0325007294211506e-05,0.00013360734300698327,-4.3597388696141825e-05
907,1146,81.0,0.0001334568159751296,-4.5922552290203695e-05,-8.159746301327365e-06,0.00013354956222136848,-4.6015298536442595e-05
908,1147,1146.0,0.00014052230419014326,-4.79461658079366e-05,-2.7452278445879493e-05,0.00014151673054797534,-4.894059216576868e-05
909,1147,1157.0,0.00014051286269323258,-4.609122293585755e-05,-3.2413742362132503e-05,0.0001419099955184304,-4.7488355761055384e-05
910,1147,1156.0,0.00013557901254796466,-4.611596730277553e-05,-3.050420250917717e-05,0.0001368504295767071,-4.738738433151797e-05
911,1147,1145.0,0.00013558727683602974,-4.796573729968427e-05,-2.5556144642944686e-05,0.0001364725546734355,-4.885101513709004e-05
912,1148,123.0,0.00020358808017344318,-9.02512542439979e-05,-4.354650692387375e-06,0.0002036042130897581,-9.026738716031281e-05
913,1148,124.0,0.00020358808017344318,-9.521130179580351e-05,-5.293244096490814e-06,0.00020361152084709825,-9.523474246945858e-05
915,1148,1155.0,0.0002026502301183549,-9.021779792035146e-05,-9.304439011713177e-06,0.0002027241121597629,-9.029167996175944e-05
914,1148,1166.0,0.0002026506092904618,-9.519055712460894e-05,-1.0243434095571179e-05,0.00020273865700204478,-9.527860483619193e-05
919,1149,1141.0,0.00018511660929685248,-7.923039933438957e-05,-3.834637640305009e-05,0.00018650000816815995,-8.061379820569704e-05
918,1149,1152.0,0.00018511378407650662,-8.290948174706562e-05,-4.357485579153551e-05,0.00018687331809642436,-8.466901576698337e-05
917,1149,1153.0,0.00019033301268028217,-8.294388209072315e-05,-3.9949754335383714e-05,0.00019178533624557534,-8.439620565601632e-05
916,1149,1142.0,0.00019032678274600234,-7.926129343974056e-05,-3.472266819097786e-05,0.00019144024491326246,-8.037475560700069e-05
923,1150,1140.0,0.00017885478370434534,-7.532844259764055e-05,-4.489242342724676e-05,0.00018082172530124366,-7.729538419453888e-05
921,1150,1152.0,0.0001851113058125159,-7.843291525903493e-05,-4.815707783292029e-05,0.00018729316181526483,-8.061477126178386e-05
920,1150,1141.0,0.00018511469597528836,-7.535809509832232e-05,-4.18838149894977e-05,0.00018678767164439025,-7.70310707674242e-05
922,1150,1151.0,0.00017885761246148966,-7.840495846199528e-05,-5.1166095944765646e-05,0.00018137700348712761,-8.092434948763324e-05
925,1151,1151.0,0.00017885869587058343,-7.323102897727614e-05,-5.357176521394438e-05,0.00018167341147833077,-7.604574458502347e-05
924,1151,1140.0,0.00017885553649220993,-7.085743785748835e-05,-4.656435554506585e-05,0.0001810077190666149,-7.300962043189333e-05
926,1151,1150.0,0.00017187464540553568,-7.320430432577806e-05,-5.5858173171718494e-05,0.00017501713733651745,-7.634679625675983e-05
927,1151,1139.0,0.00017188643304488337,-7.083585239784404e-05,-4.8860875776192414e-05,0.0001743209819207612,-7.327040127372186e-05
931,1152,1144.0,0.00019662273505457453,-8.555357572508738e-05,-8.165340748039242e-06,0.00019668179284547903,-8.561263351599188e-05
930,1152,1155.0,0.00019662325129600738,-9.021989293857148e-05,-8.953404136239577e-06,0.00019669310125683927,-9.028974289940339e-05
929,1152,123.0,0.00019741087614852338,-9.02512542439979e-05,-4.3129514262366456e-06,0.00019742704138438558,-9.026741947986008e-05
928,1152,122.0,0.00019741087614852338,-8.559046424263258e-05,-3.5227800723189664e-06,0.00019742183855131948,-8.560142664542869e-05
934,1153,1154.0,0.0001942285455160792,-8.896760718120754e-05,-2.1827578868738404e-05,0.00019464851740586924,-8.938757907099756e-05
933,1153,1155.0,0.00019662873997414046,-8.90011564470476e-05,-1.7365262899422806e-05,0.000196892432801565,-8.926484927447215e-05
932,1153,1144.0,0.00019662716970561718,-8.450939502776007e-05,-1.49618535671232e-05,0.00019682609329636064,-8.470831861850355e-05
935,1153,1143.0,0.00019422820455574025,-8.447411115473992e-05,-1.942094559650347e-05,0.000194566124575478,-8.481203117447767e-05
939,1154,1142.0,0.00019032078347150936,-8.232863739861786e-05,-2.9681236113245427e-05,0.0001911261959836177,-8.313404991072618e-05
938,1154,1153.0,0.00019032544884187933,-8.649342504610667e-05,-3.359393454861791e-05,0.00019134093916976043,-8.750891537398778e-05
937,1154,1154.0,0.00019422962834217102,-8.652477134947796e-05,-2.947296202644332e-05,0.00019500101017256314,-8.729615317987006e-05
936,1154,1143.0,0.00019422907407481505,-8.236464500406535e-05,-2.5560277866255605e-05,0.00019481833086678393,-8.295390179603424e-05
941,1155,1150.0,0.00017187489310424185,-6.760193743576815e-05,-5.5701776730013655e-05,0.0001750712575920102,-7.07983019235365e-05
943,1155,1138.0,0.00016458598473891592,-6.599686008281456e-05,-4.9880842896006874e-05,0.00016725276129499233,-6.866363663889095e-05
940,1155,1139.0,0.0001718872408480337,-6.601333620031901e-05,-4.83734981648633e-05,0.0001743213416462134,-6.844743699849872e-05
942,1155,1149.0,0.00016458057216312688,-6.75852225944986e-05,-5.7206516688151215e-05,0.00016805262220079666,-7.105727263216838e-05
947,1156,1137.0,0.00015741438010237127,-6.110081647420565e-05,-4.7715150225870195e-05,0.00015998882853591632,-6.367526490775071e-05
946,1156,1148.0,0.00015739738520539458,-6.187263599326536e-05,-5.4920210556458956e-05,0.00016078402266963976,-6.525927345751053e-05
945,1156,1149.0,0.000164582761789182,-6.188216297070353e-05,-5.423921841492176e-05,0.0001677851040863226,-6.508450526784411e-05
944,1156,1138.0,0.00016458809943627195,-6.11082150043232e-05,-4.7015542767349806e-05,0.0001670105885377684,-6.353070410581964e-05
951,1157,1136.0,0.00015087696582208017,-5.6477140370466425e-05,-4.220853474244104e-05,0.00015300313309269097,-5.860330764107721e-05
950,1157,1147.0,0.00015086870614953183,-5.6415885972221024e-05,-4.878632861072228e-05,0.00015370059474201963,-5.924777456470884e-05
949,1157,1148.0,0.0001574115111358499,-5.641520765155381e-05,-4.8920098678826e-05,0.00016017385748655333,-5.917755400225724e-05
948,1157,1137.0,0.00015742704098433,-5.647650313399212e-05,-4.2337960640702115e-05,0.00015950190454416872,-5.855136669383085e-05
955,1158,1135.0,0.00014554080195140024,-5.248020533264242e-05,-3.342343508963433e-05,0.0001469412605333536,-5.3880663914595764e-05
954,1158,1146.0,0.00014553137282690472,-5.1637289775906606e-05,-3.8794881134271214e-05,0.00014742157102776084,-5.352748797676271e-05
953,1158,1147.0,0.000150880111093747,-5.162731226127733e-05,-3.969760100597372e-05,0.00015280725524656865,-5.355445641409899e-05
952,1158,1136.0,0.00015088687347431223,-5.247219294627866e-05,-3.431321044625852e-05,0.00015232415061347377,-5.390947008544021e-05
959,1159,82.0,0.00014097042282084195,-4.796286276331665e-05,-7.097167115293571e-06,0.0001410370495462818,-4.802948948875648e-05
958,1159,81.0,0.00014097042282084195,-4.592335904503471e-05,-8.16411963118404e-06,0.0001410595390582471,-4.601247528243985e-05
957,1159,1145.0,0.00014202995824547137,-4.59017747751866e-05,-1.020073707694042e-05,0.00014216827776459157,-4.604009429430682e-05
956,1159,1134.0,0.00014203060148558272,-4.794390375394619e-05,-9.133640741795703e-06,0.00014214032047139044,-4.80536227397539e-05
963,1160,1134.0,0.00014202312442524118,-4.950776228539579e-05,-2.155286456931478e-05,0.00014262754998042046,-5.0112187840575055e-05
962,1160,1145.0,0.0001420209836140566,-4.7971224554241255e-05,-2.5107507551966725e-05,0.0001428468839184325,-4.8797124858617166e-05
961,1160,1146.0,0.00014555263773646538,-4.795502381971055e-05,-2.667119955889136e-05,0.0001464673381837032,-4.886972426694836e-05
960,1160,1135.0,0.00014555888251911427,-4.94927924042241e-05,-2.3115481895756573e-05,0.00014624134586963802,-5.0175255754747865e-05
967,1161,1123.0,0.00014738901964182457,-5.07764055276439e-05,-1.802250191755778e-05,0.00014779794779635618,-5.1185333682175524e-05
966,1161,1134.0,0.00014738769259931743,-4.9518958760300666e-05,-2.0462597285383e-05,0.00014791788478652748,-5.0049150947510725e-05
965,1161,1135.0,0.00014981158283205271,-4.950672455743775e-05,-2.173509055161671e-05,0.00015040236906484357,-5.0097510790228614e-05
964,1161,1124.0,0.00014981304231547095,-5.076572519922904e-05,-1.9292047252224016e-05,0.00015027586084782044,-5.122854373157854e-05
971,1162,1124.0,0.0001498078682231228,-5.3164695001736684e-05,-2.7957108400704107e-05,0.0001507660365972569,-5.4122863375870764e-05
970,1162,1135.0,0.00014980543039844543,-5.249382371511036e-05,-3.203866178874953e-05,0.00015106608610677237,-5.3754479423437284e-05
968,1162,1125.0,0.00015386363669439877,-5.3158695420516726e-05,-2.8660180863536184e-05,0.00015485085813817114,-5.4145916864289085e-05
969,1162,1136.0,0.00015385838853635867,-5.2487460200236684e-05,-3.274348674659009e-05,0.0001551492679652974,-5.377833962917541e-05
973,1163,1138.0,0.00016480787638658255,-6.112452376370522e-05,-4.532329005715874e-05,0.00016705848287549327,-6.337513025261594e-05
974,1163,1137.0,0.00015901462615647592,-6.111714795487737e-05,-4.6033824324617474e-05,0.00016139551646164854,-6.349803826004999e-05
975,1163,1126.0,0.0001590183012658711,-6.034600055464256e-05,-4.0203410255721696e-05,0.00016084513105828153,-6.2172830347053e-05
972,1163,1127.0,0.0001648151703937421,-6.035308706737379e-05,-3.949021020388651e-05,0.00016653351415396464,-6.207143082759632e-05
976,1164,1126.0,0.00015902129101273352,-5.646418326899622e-05,-3.545824485265956e-05,0.00016047021650511778,-5.7913108761380476e-05
977,1164,1137.0,0.00015901800821978371,-5.6494145763125885e-05,-4.0665849231311633e-05,0.0001609195800815406,-5.839571762488276e-05
978,1164,1136.0,0.0001538482460933582,-5.649383501070762e-05,-4.064158425495096e-05,0.00015579341516193043,-5.843900407927984e-05
979,1164,1125.0,0.00015385492601088357,-5.646392549421954e-05,-3.5443168028504324e-05,0.0001553377028077008,-5.7946702291036784e-05
983,1165,83.0,0.0001471155673137014,-4.9638737542800665e-05,-6.1021179596186526e-06,0.00014716286855825272,-4.968603878735198e-05
980,1165,1123.0,0.000147394598632904,-4.9624460525919656e-05,-7.760648560047783e-06,0.00014747099266571563,-4.9700854558731275e-05
981,1165,1134.0,0.00014739444566587347,-4.795459435913939e-05,-8.041087127545928e-06,0.00014747715878842316,-4.803730748168908e-05
982,1165,82.0,0.0001471155673137014,-4.7970079393519906e-05,-6.383260895003731e-06,0.0001471677688983893,-4.802228097820779e-05
984,1166,1128.0,0.00017078825380375867,-6.450643990067029e-05,-4.071785782732177e-05,0.00017253682064994827,-6.62550067468599e-05
985,1166,1139.0,0.00017078806200485465,-6.603022332514111e-05,-4.673924115769718e-05,0.00017307218440737893,-6.831434572766539e-05
986,1166,1138.0,0.0001648042971859093,-6.601446570447762e-05,-4.819124965239744e-05,0.00016729285661046592,-6.850302512903425e-05
987,1166,1127.0,0.00016481181425983009,-6.449343077246094e-05,-4.217887341477792e-05,0.00016673529645843614,-6.641691297106699e-05
988,1167,1129.0,0.0001765521801699874,-6.863992889298635e-05,-3.925967892928956e-05,0.00017811378019147212,-7.020152891447107e-05
989,1167,1140.0,0.00017654833560878415,-7.087105579656178e-05,-4.50542059527749e-05,0.00017858266234597393,-7.290538253375156e-05
991,1167,1128.0,0.00017078823121241364,-6.861975618151645e-05,-4.1427221534158336e-05,0.00017256715721205906,-7.039868218116186e-05
990,1167,1139.0,0.00017078804669486223,-7.085076664731834e-05,-4.7220036606047565e-05,0.00017307331902755073,-7.313603898000684e-05
995,1168,1129.0,0.00017655291310748888,-7.246830909025611e-05,-3.815781768429878e-05,0.00017800617396729237,-7.39215699500596e-05
994,1168,1140.0,0.00017654944462923818,-7.534278114070458e-05,-4.338608385324929e-05,0.00017840400239534066,-7.719733890680706e-05
993,1168,1141.0,0.00018175554427737146,-7.537044565996011e-05,-4.0573053652097867e-05,0.00018334625400425857,-7.696115538684723e-05
992,1168,1130.0,0.00018175230861571922,-7.249211748035071e-05,-3.53414635226076e-05,0.00018297459997363824,-7.371440883826972e-05
998,1169,1141.0,0.0001817533584234643,-7.924120497700376e-05,-3.7035253206921075e-05,0.00018306064047644567,-8.054848702998514e-05
999,1169,1130.0,0.0001817506577650222,-7.581483633670478e-05,-3.2669317856975476e-05,0.00018278245928355714,-7.684663785523974e-05
996,1169,1131.0,0.00018609979680079712,-7.584435928532514e-05,-2.9295423120174243e-05,0.0001869163399693763,-7.666090245390433e-05
997,1169,1142.0,0.0001860994115009144,-7.926992172365294e-05,-3.366275136905709e-05,0.0001871627017382462,-8.033321196098474e-05
1000,1170,1133.0,0.00019136616633757143,-8.035793036913055e-05,-1.2537799614993107e-05,0.00019151071814599462,-8.050248217755375e-05
1001,1170,1144.0,0.00019136629179912056,-8.451227826022039e-05,-1.455448036687167e-05,0.00019155812049544626,-8.470410695654609e-05
1003,1170,1132.0,0.00018935679988462892,-8.032397342515537e-05,-1.6660063641680406e-05,0.00018961385696342488,-8.058103050395131e-05
1002,1170,1143.0,0.00018935813686225865,-8.447968708792378e-05,-1.867491208210276e-05,0.0001896761606652638,-8.479771089092892e-05
1007,1171,1131.0,0.00018610014502312613,-7.848150361795873e-05,-2.5348870350699187e-05,0.000186705910223996,-7.908726881882862e-05
1006,1171,1142.0,0.00018609985606660292,-8.233748050216018e-05,-2.8624271652687855e-05,0.00018686077197162598,-8.309839640718324e-05
1005,1171,1143.0,0.00018936220241225297,-8.237076838268299e-05,-2.481153774983036e-05,0.0001899274030544957,-8.293596902492574e-05
1004,1171,1132.0,0.00018936003081653809,-7.851238475908891e-05,-2.15369892858433e-05,0.00018979222792159733,-7.894458186414817e-05
1008,1172,121.0,0.0001920168078075133,-8.128792418563906e-05,-2.8261473595959236e-06,0.00019202411365924337,-8.129523003736914e-05
1011,1172,1133.0,0.00019136582838327493,-8.125379286605318e-05,-7.104738631533505e-06,0.00019141210966611377,-8.130007414889202e-05
1010,1172,1144.0,0.00019136586905544586,-8.555647442795373e-05,-7.758323070389522e-06,0.0001914201981585996,-8.561080353110744e-05
1009,1172,122.0,0.0001920168078075133,-8.559046424263258e-05,-3.47997793853725e-06,0.00019202771329518715,-8.560136973030644e-05
1013,1173,1126.0,0.00016039160800129446,-5.64813553332235e-05,-3.348992960641034e-05,0.0001616768853549078,-5.776663268683683e-05
1012,1173,1115.0,0.00016039473261505446,-5.639985581433308e-05,-2.9444326497987498e-05,0.0001613899220717579,-5.739504527103653e-05
1015,1173,1114.0,0.0001563788488263729,-5.639919235040497e-05,-2.9492295005520766e-05,0.00015739593871559975,-5.741628223963183e-05
1014,1173,1125.0,0.00015637720245414467,-5.6480654017537855e-05,-3.353598941732315e-05,0.0001576900136324207,-5.779346519581387e-05
1018,1174,1126.0,0.00016038794431636567,-6.0364296401293083e-05,-3.823642196224388e-05,0.00016203143802840105,-6.200779011332846e-05
1016,1174,1116.0,0.00016500974881836694,-5.962645710085447e-05,-3.288426765767245e-05,0.00016620684315537848,-6.0823551437866e-05
1017,1174,1127.0,0.00016500881169191454,-6.037112728911147e-05,-3.754001244681872e-05,0.00016656131397700511,-6.192362957420204e-05
1019,1174,1115.0,0.00016039153534033864,-5.9620614409715625e-05,-3.358643077308642e-05,0.00016166595557756786,-6.089503464694484e-05
1020,1175,1118.0,0.00017456119253631908,-6.660157586071557e-05,-3.2831726369876016e-05,0.00017567348434168064,-6.771386766607712e-05
1021,1175,1129.0,0.00017456226567622328,-6.865503346891583e-05,-3.757940251540321e-05,0.00017600529843354995,-7.00980662262425e-05
1022,1175,1128.0,0.00016984612628843238,-6.863649918912673e-05,-3.9576164325954254e-05,0.0001714768899749222,-7.026726287561658e-05
1023,1175,1117.0,0.0001698487899457926,-6.658559335679699e-05,-3.4832772489220426e-05,0.0001711248404119515,-6.78616438229559e-05
1024,1176,1117.0,0.0001698492611842432,-6.3111644299957e-05,-3.399185228395276e-05,0.0001710826877275873,-6.434507084330111e-05
1025,1176,1128.0,0.00016984652439685577,-6.452230691818245e-05,-3.886508147918919e-05,0.000171446833820427,-6.612261634175369e-05
1026,1176,1127.0,0.00016500827155228708,-6.451025820424796e-05,-4.0224230855569415e-05,0.00016675731565831862,-6.62593023102795e-05
1027,1176,1116.0,0.00016500925199520143,-6.310007272642299e-05,-3.535315820097935e-05,0.00016637091194165538,-6.446173267287694e-05
1028,1177,1114.0,0.0001563811941595072,-5.369924285908228e-05,-2.3730813875534043e-05,0.00015704923164887698,-5.436728034845207e-05
1029,1177,1125.0,0.00015637996209478785,-5.31760321327904e-05,-2.6756679807293533e-05,0.00015723060057644088,-5.402667061444344e-05
1031,1177,1113.0,0.00015338017916940918,-5.370332933267701e-05,-2.3188301902103085e-05,0.00015402728809317556,-5.4350438256443404e-05
1030,1177,1124.0,0.00015337843896798525,-5.318070318548196e-05,-2.621069896329483e-05,0.00015420660048989286,-5.400886470738957e-05
1035,1178,1120.0,0.0001824380618288316,-7.497664925850458e-05,-2.1484560464963935e-05,0.00018288557439177946,-7.542416182145244e-05
1034,1178,1131.0,0.00018243930844678456,-7.849048955331327e-05,-2.420258481717957e-05,0.00018299933512521543,-7.905051623174414e-05
1033,1178,1132.0,0.00018514409552611343,-7.851860729368441e-05,-2.0729690960170303e-05,0.00018555092028477144,-7.892543205234241e-05
1032,1178,1121.0,0.00018514401750036567,-7.500428709852485e-05,-1.800978532364621e-05,0.00018545534440880703,-7.531561400696621e-05
1039,1179,1119.0,0.0001788445411055107,-7.27026130567293e-05,-2.760985904297396e-05,0.00017959988866565074,-7.345796061686933e-05
1037,1179,1131.0,0.00018244111655058058,-7.58540117206357e-05,-2.814837183396507e-05,0.0001832057382613618,-7.661863343141693e-05
1036,1179,1120.0,0.00018243945774241944,-7.272661139583094e-05,-2.4530931793852618e-05,0.0001830276850206181,-7.331483867402961e-05
1038,1179,1130.0,0.000178843867679111,-7.582710932956828e-05,-3.122595415487031e-05,0.00017979747335607473,-7.678071500653202e-05
1041,1180,1130.0,0.00017884337017285172,-7.250394725061309e-05,-3.38963626640848e-05,0.00017998102540611708,-7.364160248387846e-05
1040,1180,1119.0,0.00017884417268283466,-6.987241687786378e-05,-2.9587331308074047e-05,0.0001797210088528688,-7.074925304789793e-05
1042,1180,1129.0,0.0001745620164080022,-7.248217629290005e-05,-3.647564268237022e-05,0.00017590114868390696,-7.382130856880482e-05
1043,1180,1118.0,0.00017456104281794423,-6.985117257868209e-05,-3.216855840138845e-05,0.00017561497242360726,-7.090510218434512e-05
1047,1181,1122.0,0.00018680927754256404,-7.734760794526393e-05,-6.130395625738357e-06,0.0001868448403971837,-7.738317079988358e-05
1046,1181,1133.0,0.00018680940584331817,-8.125692273767866e-05,-6.675608836305847e-06,0.0001868509597813418,-8.12984766757023e-05
1045,1181,121.0,0.0001873529721491073,-8.128792418563906e-05,-2.788987902361574e-06,0.00018736021066345982,-8.129516269999158e-05
1044,1181,120.0,0.0001873529721491073,-7.737766777155683e-05,-2.242724745761624e-06,0.000187357721999788,-7.738241762223753e-05
1050,1182,1132.0,0.00018514395564323428,-8.033030928189126e-05,-1.5853270043910545e-05,0.00018538042160214473,-8.056677524080172e-05
1049,1182,1133.0,0.000186810681947949,-8.036115209593429e-05,-1.2107752071755917e-05,0.00018694778703383608,-8.049825718182139e-05
1048,1182,1122.0,0.00018681028830652398,-7.65819578360574e-05,-1.043304550870771e-05,0.00018691356182586733,-7.668523135540073e-05
1051,1182,1121.0,0.0001851439076035557,-7.655317511360414e-05,-1.4178697388499487e-05,0.00018533581664322747,-7.674508415327593e-05
1054,1183,1123.0,0.00015181708039365164,-5.0789617773885844e-05,-1.6515509706383153e-05,0.0001521530890941749,-5.11256264744091e-05
1055,1183,1112.0,0.00015181740543883122,-5.1812909133000366e-05,-1.4936859256578765e-05,0.0001520909531807905,-5.2086456874959633e-05
1053,1183,1124.0,0.0001533834276394642,-5.0780935565400485e-05,-1.7544086566045544e-05,0.00015375963048687178,-5.115713841280807e-05
1052,1183,1113.0,0.00015338433711101912,-5.1804793566183165e-05,-1.5964940609415916e-05,0.00015369441048798823,-5.2114866943152286e-05
1059,1184,84.0,0.00015210304554400585,-5.099985577070899e-05,-5.203539581095148e-06,0.00015213636902459052,-5.1033179251293656e-05
1058,1184,83.0,0.00015210304554400585,-4.964932190651731e-05,-4.917334032839265e-06,0.000152133003784783,-4.967928014729445e-05
1057,1184,1123.0,0.0001518191928490593,-4.9637775023297004e-05,-6.254318339681247e-06,0.00015186772315995247,-4.9686305334190194e-05
1056,1184,1112.0,0.0001518191338817981,-5.098934516863411e-05,-6.5410217490145806e-06,0.00015187186077618116,-5.1042072063017165e-05
1063,1185,85.0,0.00015610908958499196,-5.209570670598447e-05,-4.400718329598385e-06,0.00015613234092173202,-5.211895804272453e-05
1062,1185,84.0,0.00015610908958499196,-5.101169058593902e-05,-3.7264713880051387e-06,0.0001561258496915702,-5.1028450692517256e-05
1061,1185,1112.0,0.0001554406086296924,-5.100325873876727e-05,-4.7959727584997655e-06,0.0001554684591204748,-5.1031109229549674e-05
1060,1185,1101.0,0.0001554404875605273,-5.208794133267525e-05,-5.470828888179489e-06,0.000155476536562056,-5.212399033420397e-05
1064,1186,1102.0,0.000156344092674805,-5.264430319712975e-05,-1.3103632817780368e-05,0.000156549291587802,-5.2849502110126746e-05
1067,1186,1101.0,0.00015543926557493905,-5.265018152168571e-05,-1.2280480418219459e-05,0.00015562029243443287,-5.2831208381179536e-05
1066,1186,1112.0,0.00015543910191755258,-5.182708143467655e-05,-1.3192318309929608e-05,0.00015564880973156921,-5.203678924869319e-05
1065,1186,1113.0,0.00015634389983360734,-5.1820555695968355e-05,-1.401616169760967e-05,0.00015657956762689027,-5.2056223489251266e-05
1070,1187,1113.0,0.00015634237393855554,-5.371886886516885e-05,-2.123850962131241e-05,0.00015687784560068315,-5.4254340527296464e-05
1069,1187,1114.0,0.00015849700509630452,-5.37156948508641e-05,-2.1658496920568416e-05,0.0001590481917853083,-5.426688153986789e-05
1068,1187,1103.0,0.00015849792365061482,-5.4122065384576206e-05,-1.948611556183916e-05,0.00015894345409193431,-5.4567595825895696e-05
1071,1187,1102.0,0.00015634283272242212,-5.412502176162942e-05,-1.9067205804013804e-05,0.00015677379570923786,-5.455598474844516e-05
1074,1188,1114.0,0.00015849456931934939,-5.6416323367214946e-05,-2.742070795138914e-05,0.00015936569753177278,-5.728745157963834e-05
1073,1188,1115.0,0.00016155683259684128,-5.641726919146438e-05,-2.7330488253984875e-05,0.00016241019393632385,-5.727063053094695e-05
1072,1188,1104.0,0.00016155751847023842,-5.630100652899233e-05,-2.424350956580293e-05,0.00016222990362122595,-5.697339167997986e-05
1075,1188,1103.0,0.00015849587321502636,-5.630017350803933e-05,-2.4336701088243252e-05,0.00015918302079256816,-5.698732108558111e-05
1076,1189,1107.0,0.0001728651555890832,-6.476621325610669e-05,-2.7236190658499766e-05,0.00017364303029575827,-6.554408796278177e-05
1077,1189,1118.0,0.0001728643580322382,-6.661524673903883e-05,-3.1075183378893e-05,0.00017386823883897094,-6.761912754577158e-05
1078,1189,1117.0,0.00016905301175353603,-6.660084915609504e-05,-3.288119530245326e-05,0.00017019447538527382,-6.774231278783283e-05
1079,1189,1106.0,0.00016905301175353603,-6.475259351798975e-05,-2.9044201572337586e-05,0.00016995155323293922,-6.565113499739294e-05
1082,1190,1116.0,0.00016518250721927856,-6.311717945251639e-05,-3.328302848928195e-05,0.0001663891839850404,-6.432385621827822e-05
1080,1190,1106.0,0.00016905301175353603,-6.184503765776996e-05,-2.8142335055121115e-05,0.00016990736215400433,-6.269938805823824e-05
1081,1190,1117.0,0.00016905301175353603,-6.312769256879914e-05,-3.2041891713101376e-05,0.00017015327598737866,-6.422795680264176e-05
1083,1190,1105.0,0.00016518409479028507,-6.183584283673752e-05,-2.9386957553490228e-05,0.00016613115432631185,-6.27829023727643e-05
1084,1191,1105.0,0.00016518500287452135,-5.895173813604183e-05,-2.7157543950995016e-05,0.0001660046419897111,-5.977137725123156e-05
1085,1191,1116.0,0.00016518351311567208,-5.964284781876457e-05,-3.081336490990587e-05,0.0001662343754418566,-6.069371014494908e-05
1086,1191,1115.0,0.00016155591290896096,-5.963742325176954e-05,-3.1470499899328985e-05,0.000162669678904634,-6.075118924744259e-05
1087,1191,1104.0,0.0001615567247248257,-5.8946644305755166e-05,-2.7816556502069205e-05,0.00016243052847558223,-5.982044805651167e-05
1088,1192,1111.0,0.0001829015085960074,-7.319704467985178e-05,-8.614196574527376e-06,0.00018297392544966873,-7.326946153351311e-05
1089,1192,1122.0,0.00018290153871795096,-7.658506944892775e-05,-9.99680080340272e-06,0.00018299778546962322,-7.668131620060003e-05
1090,1192,1121.0,0.0001815267213406389,-7.655927074729195e-05,-1.3355035677466891e-05,0.00018169937478422387,-7.673192419087693e-05
1091,1192,1110.0,0.0001815263998225054,-7.317267490649569e-05,-1.1973728623184549e-05,0.0001816670472223142,-7.331332230630448e-05
1092,1193,1110.0,0.00018152709156071182,-7.185794751003846e-05,-1.4947576965513307e-05,0.00018174734530094672,-7.207820125027336e-05
1093,1193,1121.0,0.00018152761235379062,-7.501057681684375e-05,-1.7185552280148553e-05,0.0001818151061936898,-7.529807065674293e-05
1094,1193,1120.0,0.0001793026118109707,-7.498580730394306e-05,-2.0301288211876803e-05,0.00017970715998856952,-7.539035548154188e-05
1095,1193,1109.0,0.00017930265811438688,-7.183551575841944e-05,-1.8064174355811834e-05,0.00017962707455616153,-7.21599322001941e-05
1099,1194,1108.0,0.0001763555699839871,-6.990836014933978e-05,-2.3149277193296614e-05,0.00017689839248464086,-7.045118264999355e-05
1096,1194,1109.0,0.0001793026101467349,-6.992880984976491e-05,-2.038158744927703e-05,0.00017971860594787834,-7.034480565090836e-05
1097,1194,1120.0,0.00017930254876570594,-7.27355686928489e-05,-2.3347136192319092e-05,0.00017984207471209853,-7.32750946392415e-05
1098,1194,1119.0,0.0001763562415024976,-7.271402754345453e-05,-2.611297909207739e-05,0.00017703880401121735,-7.339659005217429e-05
1102,1195,1118.0,0.00017286449576537906,-6.986531773883563e-05,-3.0412954668962e-05,0.0001738134375500249,-7.081425952348147e-05
1100,1195,1108.0,0.00017635589281303683,-6.751752837592066e-05,-2.4574908700059723e-05,0.00017697342704510718,-6.813506260799101e-05
1103,1195,1107.0,0.0001728652256700893,-6.750063742597926e-05,-2.689946177453998e-05,0.00017361546697557557,-6.825087873146551e-05
1101,1195,1119.0,0.0001763566893616612,-6.988440727748722e-05,-2.8090640358047984e-05,0.00017715522931118258,-7.06829472270086e-05
1107,1196,1111.0,0.0001829014351843216,-7.38485007637818e-05,-5.244389053796726e-06,0.0001829282129401302,-7.387527851959039e-05
1105,1196,120.0,0.00018334907559957366,-7.737766777155683e-05,-2.2117996564489234e-06,0.00018335376630529692,-7.73823584772801e-05
1104,1196,119.0,0.00018334907559957366,-7.38735069633577e-05,-1.7618012555498368e-06,0.00018335209235186456,-7.38765237156486e-05
1106,1196,1122.0,0.00018290144498227332,-7.735074492622827e-05,-5.694065025136415e-06,0.00018293258640837256,-7.73818863523275e-05
1111,1197,1095.0,0.00016838870142783704,-6.312777623361759e-05,-2.4017635318339045e-05,0.0001690099348366885,-6.374900964246906e-05
1110,1197,1106.0,0.000168388068125188,-6.476709320917933e-05,-2.7084344123828093e-05,0.00016917199195742784,-6.555101704141916e-05
1109,1197,1107.0,0.0001714345881206991,-6.477917331967415e-05,-2.5478235367315267e-05,0.00017211962797093877,-6.546421316991382e-05
1108,1197,1096.0,0.00017143447263356644,-6.313847794513629e-05,-2.2409348554812978e-05,0.0001719684625082196,-6.367246781978944e-05
1113,1198,1108.0,0.00017424896120787968,-6.752815494638929e-05,-2.3081534027867816e-05,0.00017479858813545705,-6.807778187396666e-05
1115,1198,1096.0,0.00017143446884184646,-6.541978134411852e-05,-2.2308501749174724e-05,0.000171958599607565,-6.594391210983707e-05
1114,1198,1107.0,0.00017143457544019336,-6.75132034213942e-05,-2.5141161443266316e-05,0.00017209406919409405,-6.81726971752949e-05
1112,1198,1097.0,0.00017424917763177086,-6.543364826418007e-05,-2.02471679713091e-05,0.00017467601157416038,-6.586048220656958e-05
1119,1199,1097.0,0.00017424925373155033,-6.743734434763648e-05,-1.9250746799020797e-05,0.00017463198628522733,-6.78200769013135e-05
1118,1199,1108.0,0.00017424907005244065,-6.99191924603911e-05,-2.1656329058475886e-05,0.00017472832750450504,-7.039844991245549e-05
1117,1199,1109.0,0.00017664016146782852,-6.993727992683004e-05,-1.9206767107058775e-05,0.00017701361617939406,-7.031073463839558e-05
1116,1199,1098.0,0.00017663985869955843,-6.745352821741952e-05,-1.679984180190928e-05,0.00017692858143479752,-6.774225095265863e-05
1121,1200,119.0,0.00017994310385774305,-7.38735069633577e-05,-1.737367715963934e-06,0.00017994607688146994,-7.387647998708459e-05
1120,1200,118.0,0.00017994310385774305,-7.077439461936886e-05,-1.3678435705991726e-06,0.00017994496948551408,-7.07762602471399e-05
1123,1200,1100.0,0.0001795755356766035,-7.075409002677054e-05,-4.448130673526682e-06,0.00017959529393022494,-7.077384828039198e-05
1122,1200,1111.0,0.00017957556059713334,-7.385139393066747e-05,-4.817230186032187e-06,0.00017959845043824077,-7.387428377177491e-05
1125,1201,1111.0,0.00017957578797394127,-7.319996133451288e-05,-8.186873115263553e-06,0.00017964205948528666,-7.326623284585829e-05
1124,1201,1100.0,0.00017957571173212177,-7.020325801495222e-05,-7.057213587142747e-06,0.0001796255501234443,-7.025309640627473e-05
1127,1201,1099.0,0.00017845258591782267,-7.018371972791354e-05,-1.0028684761383914e-05,0.00017855367095952595,-7.02848047696168e-05
1126,1201,1110.0,0.00017845258711687417,-7.317841542672775e-05,-1.1157786380422072e-05,0.000178576215624115,-7.33020439339686e-05
1131,1202,1098.0,0.00017663964072839387,-6.90566975110443e-05,-1.506660385805817e-05,0.0001768704027627152,-6.928745954536563e-05
1130,1202,1109.0,0.00017663987004902298,-7.184379076643043e-05,-1.6889526482626992e-05,0.0001769265361762829,-7.213045689369032e-05
1129,1202,1110.0,0.00017845259027485217,-7.186363338536889e-05,-1.413154540871181e-05,0.0001786518799046797,-7.206292301519642e-05
1128,1202,1099.0,0.00017845258833760471,-6.907506505010675e-05,-1.2307310226809982e-05,0.0001786054766952766,-6.922795340777862e-05
1135,1203,1092.0,0.00016025603970314193,-5.6183851412190114e-05,-1.9911673238957265e-05,0.0001607130249969586,-5.664083670600678e-05
1133,1203,1104.0,0.00016253656584516393,-5.631657563519635e-05,-2.2095455298091517e-05,0.00016309284226836258,-5.687285205839501e-05
1132,1203,1093.0,0.0001625372103260538,-5.618472193525e-05,-1.979604428623211e-05,0.00016298422093377556,-5.663173254297175e-05
1134,1203,1103.0,0.00016025563887575047,-5.631563073733945e-05,-2.2209773269594654e-05,0.00016082356263587858,-5.6883554497467545e-05
1137,1204,1105.0,0.00016533801159678463,-5.896728567081897e-05,-2.506498641762162e-05,0.00016603606070830426,-5.96653347823386e-05
1136,1204,1094.0,0.00016533832553618406,-5.83377009347318e-05,-2.2240448513418005e-05,0.00016588981622335213,-5.8889191621899864e-05
1138,1204,1104.0,0.0001625355644822575,-5.896264689540082e-05,-2.566885197275706e-05,0.00016327675837718263,-5.970384079032595e-05
1139,1204,1093.0,0.0001625363554717302,-5.8333593039329164e-05,-2.2846589387168388e-05,0.00016312559119076406,-5.892282875836302e-05
1140,1205,1095.0,0.00016838888914946,-6.071704139850909e-05,-2.310821339456177e-05,0.0001689701031387805,-6.129825538782959e-05
1143,1205,1094.0,0.00016533810537455815,-6.070946010505149e-05,-2.4221474830136633e-05,0.0001659850991146883,-6.135645384518164e-05
1142,1205,1105.0,0.00016533776393115184,-6.18509766970819e-05,-2.729351925835448e-05,0.00016615456009757244,-6.266777286350249e-05
1141,1205,1106.0,0.000168388254362613,-6.185916703119887e-05,-2.6182005808288774e-05,0.00016913016894629324,-6.260108161487911e-05
1146,1206,1102.0,0.00015877676861298447,-5.414001088403168e-05,-1.7041278083291178e-05,0.00015911720862175072,-5.448045089279793e-05
1145,1206,1103.0,0.00016025648471532355,-5.4137753596857226e-05,-1.7359913186730438e-05,0.0001606073269617058,-5.448859584323948e-05
1144,1206,1092.0,0.0001602567449827503,-5.444813307293409e-05,-1.586776740903663e-05,0.0001605495226431725,-5.4740910733356305e-05
1147,1206,1091.0,0.0001587770757307057,-5.445015253617569e-05,-1.5550285427832437e-05,0.00015906021347876959,-5.4733290284239564e-05
1150,1207,85.0,0.00015929721378399688,-5.210768241503596e-05,-2.7659829194579075e-06,0.00015930626080023713,-5.2116729431276205e-05
1149,1207,1101.0,0.0001583743460734368,-5.210151370838522e-05,-3.6132342264389924e-06,0.00015838985200824162,-5.211701964319003e-05
1151,1207,86.0,0.00015929721378399688,-5.296899768786876e-05,-3.6968450812372745e-06,0.0001593133086999925,-5.2985092603864364e-05
1148,1207,1090.0,0.00015837427232592632,-5.296339176998814e-05,-4.544772857021642e-06,0.00015839870310233208,-5.298782254639391e-05
1155,1208,1090.0,0.00015837383920914126,-5.332077855433649e-05,-1.0015297143968656e-05,0.00015849222921967003,-5.3439168564865274e-05
1154,1208,1101.0,0.00015837380694499006,-5.266370580639238e-05,-1.0422758556193935e-05,0.00015850241883303106,-5.279231769443339e-05
1153,1208,1102.0,0.00015877799695304087,-5.265901464481632e-05,-1.1077382062869585e-05,0.00015892298612145121,-5.280400381322666e-05
1152,1208,1091.0,0.00015877808093984298,-5.331647837988364e-05,-1.066976155962465e-05,0.00015891218607125122,-5.345058351129187e-05
1158,1209,1090.0,0.00016072959203384152,-5.333328456822643e-05,-8.135244243198843e-06,0.0001608068570883807,-5.341054962276561e-05
1157,1209,1091.0,0.000160759710566427,-5.3329888333512616e-05,-8.650226059246213e-06,0.00016084705238136085,-5.3417230148446464e-05
1156,1209,1080.0,0.00016075971425767634,-5.384924644373783e-05,-8.619902946668356e-06,0.00016084623532253378,-5.393576750859526e-05
1159,1209,1079.0,0.00016072959459819975,-5.385229204389434e-05,-8.104922384563357e-06,0.0001608060996050099,-5.3928797050704466e-05
1162,1210,1091.0,0.00016075911772777925,-5.446349019661652e-05,-1.3530585741342678e-05,0.00016097156777215686,-5.467594024099413e-05
1163,1210,1080.0,0.00016075923370756037,-5.469818144205154e-05,-1.2575873733294829e-05,0.00016094258563389171,-5.4881533368382886e-05
1161,1210,1092.0,0.00016170642545193666,-5.446196225087458e-05,-1.3769665672233328e-05,0.00016192548124563402,-5.468101804457194e-05
1160,1210,1081.0,0.00016170661225478914,-5.469679591423612e-05,-1.2814391707528924e-05,0.00016189614824760443,-5.488633190705139e-05
1167,1211,1081.0,0.0001617059593035802,-5.6060319647324914e-05,-1.6153886107859918e-05,0.0001620051218332021,-5.63594821769468e-05
1166,1211,1092.0,0.00016170563474112473,-5.6197877071968456e-05,-1.7813742946237937e-05,0.00016206909952482955,-5.6561341855673275e-05
1165,1211,1093.0,0.00016335323659294508,-5.6198785755231964e-05,-1.7688163499389453e-05,0.0001637089211802898,-5.655447034257668e-05
1164,1211,1082.0,0.00016335350013608357,-5.606112787155757e-05,-1.602709953396511e-05,0.00016364578488517115,-5.635341262064514e-05
1171,1212,1082.0,0.0001633530915052582,-5.7787221089629034e-05,-1.86028645217059e-05,0.00016374363142834282,-5.817776101271364e-05
1170,1212,1093.0,0.00016335275269466383,-5.834749434322124e-05,-2.073838624280333e-05,0.00016383667630486207,-5.883141795341948e-05
1168,1212,1083.0,0.00016547326826969137,-5.7790544913408125e-05,-1.805926246506418e-05,0.00016583786523722603,-5.815514188094279e-05
1169,1212,1094.0,0.00016547281598209792,-5.835115282708784e-05,-2.019608948695571e-05,0.00016592747592098948,-5.880581276597939e-05
1173,1213,1095.0,0.0001678396791668299,-6.072979036772107e-05,-2.1198132528796147e-05,0.00016833011944408923,-6.12202306449804e-05
1174,1213,1094.0,0.00016547239670143435,-6.072313593231027e-05,-2.2177367770887706e-05,0.00016601469222974567,-6.126543146062159e-05
1175,1213,1083.0,0.0001654729012396702,-5.972123083888869e-05,-1.979360354534103e-05,0.00016590700774133803,-6.015533734055651e-05
1172,1213,1084.0,0.00016783991918595319,-5.9727125116299624e-05,-1.8812671060519214e-05,0.00016822806191374364,-6.011526784409008e-05
1178,1214,1095.0,0.00016783958770288975,-6.314030740439799e-05,-2.210736297066085e-05,0.00016836736233134418,-6.366808203285244e-05
1176,1214,1085.0,0.0001702405517551985,-6.171661314018068e-05,-1.8282069647595524e-05,0.00017060022657581,-6.20762879607922e-05
1177,1214,1096.0,0.00017024020576199717,-6.314965693758872e-05,-2.0700574936344425e-05,0.00017069831728095216,-6.360776845654371e-05
1179,1214,1084.0,0.00016783983089354855,-6.17081052482467e-05,-1.9690338893396794e-05,0.00016826131025080943,-6.212958460550759e-05
1180,1215,1079.0,0.0001607299621493299,-5.365409948089887e-05,-3.7525719086583306e-06,0.00016074638211702858,-5.367051944859753e-05
1181,1215,1090.0,0.00016073005401943518,-5.2975835246716436e-05,-2.664640521346344e-06,0.00016073835986583,-5.298414109311127e-05
1182,1215,86.0,0.00016180778344626807,-5.298024613261212e-05,-1.9997759200505744e-06,0.00016181243805513606,-5.298490074148012e-05
1183,1215,87.0,0.00016180778344626807,-5.3658081762126305e-05,-3.0869625856026067e-06,0.00016181883954678573,-5.3669137862643966e-05
1184,1216,1088.0,0.00017586265678585004,-6.66459222934851e-05,-1.0049299967613721e-05,0.00017596672023117196,-6.674998573880702e-05
1185,1216,1099.0,0.00017586269350362079,-6.908016566991435e-05,-1.1520559348767714e-05,0.00017599808218954832,-6.921555435584189e-05
1186,1216,1098.0,0.0001744007869145497,-6.906413534213499e-05,-1.3929539231895662e-05,0.00017459986439770283,-6.926321282528812e-05
1187,1216,1087.0,0.00017440087663095458,-6.663158660797332e-05,-1.2459094956138042e-05,0.00017456177352198263,-6.679248349900135e-05
1188,1217,1089.0,0.00017677168492308032,-6.758957706297849e-05,-5.732833220572445e-06,0.00017680530405677936,-6.762319619667754e-05
1189,1217,1100.0,0.00017677167326268653,-7.020582580223188e-05,-6.647332950691573e-06,0.00017681639295994572,-7.025054549949106e-05
1190,1217,1099.0,0.0001758626366434716,-7.018876763756152e-05,-9.242085008439541e-06,0.00017594939293423203,-7.027552392832197e-05
1191,1217,1088.0,0.00017586261383615914,-6.757410130022655e-05,-8.328236991291763e-06,0.0001759338225367737,-6.76453100008411e-05
1195,1218,1089.0,0.0001767717103528998,-6.805250082797823e-05,-3.7385055398121442e-06,0.00017678598141799445,-6.806677189307288e-05
1194,1218,1100.0,0.00017677170653169127,-7.075666831969152e-05,-4.038218277628222e-06,0.00017678817547385129,-7.077313726185154e-05
1192,1218,117.0,0.0001770699547523234,-6.806847277780567e-05,-1.049046585831475e-06,0.00017707107707095774,-6.806959509644004e-05
1193,1218,118.0,0.0001770699547523234,-7.077439461936886e-05,-1.3489192613276232e-06,0.00017707179014790885,-7.077623001495434e-05
1199,1219,1085.0,0.00017024054305017503,-6.360382038333827e-05,-1.8343182933287534e-05,0.00017059970966910762,-6.396298700227086e-05
1197,1219,1097.0,0.0001724824949244446,-6.544322215381546e-05,-1.8799265588438727e-05,0.0001728532645396082,-6.581399176897909e-05
1196,1219,1086.0,0.0001724825224675927,-6.361457485112143e-05,-1.654099254902214e-05,0.00017277188383375236,-6.390393621728111e-05
1198,1219,1096.0,0.00017024022019423166,-6.543111776584435e-05,-2.06000280495648e-05,0.00017068952563141965,-6.588042320303232e-05
1201,1220,1098.0,0.00017440068115695214,-6.74608933671988e-05,-1.5662624505726917e-05,0.0001746539883934007,-6.771420060364736e-05
1202,1220,1097.0,0.00017248250707707223,-6.74467679385787e-05,-1.78029013593766e-05,0.00017281230034884226,-6.777656121034871e-05
1203,1220,1086.0,0.0001724825306175402,-6.52805510655325e-05,-1.5872802220381595e-05,0.0001727471488221087,-6.5545169270101e-05
1200,1220,1087.0,0.00017440079899790593,-6.529340198603115e-05,-1.3731283957457274e-05,0.00017459729282113645,-6.548989580926165e-05
1206,1221,1081.0,0.0001628892140769177,-5.6072306568357723e-05,-1.4135855823684245e-05,0.00016311712472330523,-5.6300217214745254e-05
1205,1221,1082.0,0.00016402779831044636,-5.607309629993007e-05,-1.4009180643518963e-05,0.0001642504902443661,-5.629578823384983e-05
1204,1221,1071.0,0.000164028053267674,-5.59385931093256e-05,-1.2861278695690303e-05,0.00016421589010759565,-5.6126429949247264e-05
1207,1221,1070.0,0.00016288941415077774,-5.593788718775961e-05,-1.2988675555079994e-05,0.0001630819830858068,-5.613045612278866e-05
1210,1222,1080.0,0.00016235795402687846,-5.470987443443318e-05,-1.0620009985851044e-05,0.0001624877719760638,-5.483969238361852e-05
1211,1222,1069.0,0.00016235803046219118,-5.488448232827958e-05,-1.00840280059856e-05,0.00016247498835285365,-5.500144021894205e-05
1209,1222,1081.0,0.00016288979646036255,-5.470884367655656e-05,-1.0796425477486125e-05,0.00016302363364042782,-5.4842680856621815e-05
1208,1222,1070.0,0.00016288989000770755,-5.48835696291566e-05,-1.0260086658217928e-05,0.00016301067036683507,-5.5004349988284126e-05
1215,1223,88.0,0.00016376375496822957,-5.4195879695688736e-05,-2.565605069958926e-06,0.00016377130464754807,-5.420342937500725e-05
1214,1223,87.0,0.00016376375496822957,-5.366818194365371e-05,-1.394182156906577e-06,0.00016376598983300583,-5.367041680842997e-05
1213,1223,1079.0,0.00016260258386898915,-5.3665082151053045e-05,-1.9103805629183505e-06,0.00016260680257950221,-5.3669300861566106e-05
1212,1223,1068.0,0.00016260250343843566,-5.419312208591106e-05,-3.082599311001171e-06,0.0001626134606916593,-5.420407933913471e-05
1218,1224,1079.0,0.00016260228523022244,-5.386325622329076e-05,-6.262709604818307e-06,0.00016264757341702982,-5.390854441009814e-05
1217,1224,1080.0,0.00016235851814656258,-5.386087382225964e-05,-6.66396829227759e-06,0.00016240985250206603,-5.391220817776308e-05
1219,1224,1068.0,0.00016260226836500944,-5.4269300576806844e-05,-6.508528487895061e-06,0.0001626510892055955,-5.431812141739291e-05
1216,1224,1069.0,0.0001623584830740567,-5.4267177328342644e-05,-6.909974126568944e-06,0.0001624135730420721,-5.432226729635806e-05
1223,1225,1071.0,0.00016402757582957778,-5.730843976366461e-05,-1.5011111574562844e-05,0.0001642817989758519,-5.756266290993872e-05
1222,1225,1082.0,0.00016402722625242627,-5.7799301739556443e-05,-1.658509184675628e-05,0.00016433679466118804,-5.8108870148318234e-05
1221,1225,1083.0,0.00016558986985023617,-5.7802213811306794e-05,-1.610706866830608e-05,0.00016587983239471166,-5.8092176355782285e-05
1220,1225,1072.0,0.0001655901865764398,-5.7311008824335896e-05,-1.4531998830986373e-05,0.00016582678812144283,-5.754761036933893e-05
1227,1226,1072.0,0.00016558988596542435,-5.886719593865944e-05,-1.6027147519292627e-05,0.0001658756230789926,-5.9152933052227676e-05
1226,1226,1083.0,0.00016558952115812886,-5.973280020422336e-05,-1.784138346971301e-05,0.00016594214665836566,-6.008542570446017e-05
1225,1226,1084.0,0.00016739098893306663,-5.97378925851574e-05,-1.6992460842408467e-05,0.0001677083647045143,-6.005526835660508e-05
1224,1226,1073.0,0.00016739139264081073,-5.887175223381804e-05,-1.5177082845850521e-05,0.00016764561580006465,-5.912597539307195e-05
1229,1227,1087.0,0.00017253602306250594,-6.529977692575767e-05,-1.2652133013202164e-05,0.00017270416782786842,-6.546792169112014e-05
1228,1227,1076.0,0.00017253614815589038,-6.343354157870102e-05,-1.1121097427677909e-05,0.00017266710799041605,-6.35645014132267e-05
1231,1227,1075.0,0.00017101574346882454,-6.342376556699704e-05,-1.296653967801961e-05,0.00017119489711042214,-6.360291920859462e-05
1230,1227,1086.0,0.00017101550092763667,-6.528871288573275e-05,-1.449666186253756e-05,0.00017123762545574457,-6.551083741384064e-05
1233,1228,1088.0,0.00017370169509765485,-6.665026467447832e-05,-9.303921959362806e-06,0.000173791699107837,-6.674026868466046e-05
1232,1228,1077.0,0.00017370178603025137,-6.455383664088411e-05,-8.130697815613309e-06,0.0001737711327788629,-6.462318338949565e-05
1235,1228,1076.0,0.0001725362228116392,-6.454281304294553e-05,-1.020755683138713e-05,0.0001726460448089809,-6.465263504028725e-05
1234,1228,1087.0,0.00017253612701752675,-6.663791725064025e-05,-1.1380048913210792e-05,0.00017267141792998668,-6.677320816310018e-05
1239,1229,1077.0,0.0001737018852196572,-6.5326025297777e-05,-6.8511803709809475e-06,0.00017375096843730853,-6.537510851542834e-05
1238,1229,1088.0,0.00017370182851178116,-6.757845977840028e-05,-7.582905993346869e-06,0.00017376139229995037,-6.76380235665695e-05
1237,1229,1089.0,0.00017442951945393997,-6.759179184396777e-05,-5.346686652701752e-06,0.00017445904533628683,-6.762131772631463e-05
1236,1229,1078.0,0.00017442953695581448,-6.533784815286495e-05,-4.614591580054915e-06,0.000174451738144552,-6.536004934160246e-05
1243,1230,1073.0,0.00016739121086519317,-6.0485174522279645e-05,-1.599475679104679e-05,0.00016767153600248183,-6.076549965956831e-05
1241,1230,1085.0,0.00016925366043166862,-6.172630316048875e-05,-1.6655874354399615e-05,0.00016955353325543983,-6.202617598425995e-05
1240,1230,1074.0,0.00016925394683319005,-6.049163364867219e-05,-1.477904990262774e-05,0.00016949137775764046,-6.07290645731226e-05
1242,1230,1084.0,0.00016739079378474443,-6.171897350605636e-05,-1.7870344059456398e-05,0.00016773873284710896,-6.20669125684209e-05
1245,1231,1086.0,0.0001710153949780243,-6.36226763870256e-05,-1.5164674022052167e-05,0.0001712601631129428,-6.386744452194412e-05
1244,1231,1075.0,0.00017101567627327832,-6.204874313236937e-05,-1.3390157024257372e-05,0.00017120784266433847,-6.224090952342953e-05
1246,1231,1085.0,0.00016925365113758598,-6.36134185507306e-05,-1.6717061510265058e-05,0.00016955328669794606,-6.391305411109067e-05
1247,1231,1074.0,0.00016925392174833593,-6.204046102321458e-05,-1.4943653910737525e-05,0.0001694950432912987,-6.228158256617734e-05
1251,1232,1078.0,0.00017442957289691462,-6.572462240598554e-05,-3.1113123988603386e-06,0.00017443964960895227,-6.57346991180232e-05
1250,1232,1089.0,0.0001744295671342311,-6.805470979444183e-05,-3.352400664393025e-06,0.00017444115350735682,-6.806629616756753e-05
1249,1232,117.0,0.00017466945528533365,-6.806847277780567e-05,-1.0348000622779473e-06,0.00017467055812730854,-6.806957561978055e-05
1248,1232,116.0,0.00017466945528533365,-6.573688586116174e-05,-7.936123886701733e-07,0.0001746701102378035,-6.573754081363159e-05
1254,1233,1072.0,0.00016568974426605016,-5.887691941563908e-05,-1.4193197121743426e-05,0.00016591378249674975,-5.910095764633865e-05
1253,1233,1073.0,0.00016702839440603762,-5.888079617673823e-05,-1.3468883409786933e-05,0.00016722897267077943,-5.9081374441480046e-05
1252,1233,1062.0,0.00016702878012465048,-5.81438058351964e-05,-1.211980752952404e-05,0.00016719174789884167,-5.830677360938759e-05
1255,1233,1061.0,0.0001656901508620219,-5.81404284015474e-05,-1.2845023720863642e-05,0.00016587428456489865,-5.832456210442417e-05
1259,1234,1062.0,0.00016702856914814599,-5.9447366451102714e-05,-1.2857969036631119e-05,0.00016721092224969658,-5.962971955265331e-05
1258,1234,1073.0,0.00016702816068531624,-6.049416690621478e-05,-1.428667045667441e-05,0.00016725221359045186,-6.0718219811350406e-05
1257,1234,1074.0,0.00016844703394069634,-6.0499647263072016e-05,-1.325433134466967e-05,0.00016863870558493524,-6.0691318907310924e-05
1256,1234,1063.0,0.00016844743838319537,-5.94521756016331e-05,-1.1824716982401307e-05,0.00016860071853804865,-5.960545575648639e-05
1263,1235,1063.0,0.00016844737568706821,-6.071435001751119e-05,-1.204664505990191e-05,0.00016860558441144345,-6.087255874188641e-05
1262,1235,1074.0,0.00016844698743755668,-6.204851753957379e-05,-1.3419113801352864e-05,0.00016864213255412354,-6.224366265614063e-05
1261,1235,1075.0,0.00016981033803444836,-6.205554281349374e-05,-1.2100670287406873e-05,0.00016996810882674628,-6.221331360579164e-05
1260,1235,1064.0,0.00016981064963512722,-6.072047610114381e-05,-1.0727351326501509e-05,0.00016993537665279036,-6.084520311880696e-05
1267,1236,1065.0,0.00017099981179547006,-6.276985029083897e-05,-8.27372334673217e-06,0.00017107299609325462,-6.284303458862353e-05
1266,1236,1076.0,0.00017099963200611,-6.454811605498411e-05,-9.19736391773846e-06,0.00017108937950452327,-6.463786355339737e-05
1265,1236,1077.0,0.00017191768023276373,-6.455747335198304e-05,-7.43406049659944e-06,0.00017197609187448378,-6.46158849937031e-05
1264,1236,1066.0,0.00017191779305818244,-6.277801666766306e-05,-6.509930559927754e-06,0.00017196292706337716,-6.282315067285778e-05
1269,1237,1076.0,0.00017099945409322507,-6.343882757272091e-05,-1.0110805714190268e-05,0.00017110841763285278,-6.354779111234861e-05
1271,1237,1064.0,0.00016981070570997446,-6.18482670977762e-05,-1.0480522893947753e-05,0.00016992918289588445,-6.196674428368618e-05
1270,1237,1075.0,0.0001698104342153829,-6.34305327279857e-05,-1.1677177227696579e-05,0.00016995649681821067,-6.357659533081347e-05
1268,1237,1065.0,0.0001709996871925852,-6.185554560382548e-05,-8.913433745596448e-06,0.00017108495499802462,-6.194081340926492e-05
1272,1238,1060.0,0.000164579516753531,-5.5822564615500806e-05,-1.0221233891536926e-05,0.00016469795654964784,-5.5941004411617635e-05
1273,1238,1071.0,0.00016457931716901478,-5.594866144769664e-05,-1.0961249019220045e-05,0.00016471543919759803,-5.608478347627989e-05
1275,1238,1059.0,0.00016384553846486224,-5.5821987476353026e-05,-1.0342920950814731e-05,0.0001639672187052768,-5.594366771676757e-05
1274,1238,1070.0,0.00016384536259714234,-5.594799971289947e-05,-1.108243559962889e-05,0.00016398497374422197,-5.608761085997909e-05
1279,1239,1060.0,0.00016457903936130305,-5.689632744294311e-05,-1.1991506669663298e-05,0.00016474123685776792,-5.705852493940798e-05
1278,1239,1071.0,0.00016457873741045916,-5.7318470782190896e-05,-1.311113584551713e-05,0.00016477224154370196,-5.7511974915433714e-05
1277,1239,1072.0,0.00016569019516888823,-5.732068008999444e-05,-1.2697889863497874e-05,0.000165870798398095,-5.750128331920119e-05
1276,1239,1061.0,0.00016569053307557784,-5.6898266575949516e-05,-1.15775306316078e-05,0.0001658409771702863,-5.7048710670657996e-05
1280,1240,115.0,0.00017268460733285587,-6.37566475634954e-05,-5.913525465016303e-07,0.00017268497708356576,-6.37570173142053e-05
1283,1240,1067.0,0.000172493880304737,-6.374754773691009e-05,-2.560008342896228e-06,0.0001725008154244432,-6.375448285661632e-05
1281,1240,116.0,0.00017268460733285587,-6.573688586116174e-05,-7.831158713624952e-07,0.00017268525038395592,-6.57375289122618e-05
1282,1240,1078.0,0.00017249386717076544,-6.572646959582238e-05,-2.7517798133576063e-06,0.00017250181363711112,-6.573441606216807e-05
1287,1241,1066.0,0.00017191790718849398,-6.341705105643403e-05,-5.575410362286971e-06,0.00017195092485008132,-6.345006871802136e-05
1284,1241,1067.0,0.00017249380384522792,-6.342585036344979e-05,-3.6755957342018454e-06,0.00017250811929545834,-6.344016581368023e-05
1286,1241,1077.0,0.00017191783648756015,-6.532965148216143e-05,-6.154604648939176e-06,0.0001719577450108789,-6.536956000548018e-05
1285,1241,1078.0,0.0001724937641397826,-6.533969149630797e-05,-4.255063199861244e-06,0.00017251279438322095,-6.535872173974632e-05
1291,1242,1058.0,0.00016363457219162368,-5.5022308632636e-05,-8.01252067133564e-06,0.0001637079507992239,-5.509568724023622e-05
1290,1242,1069.0,0.00016363453729246915,-5.48943074924409e-05,-8.225650240992611e-06,0.00016371191537553498,-5.4971685575506724e-05
1289,1242,1070.0,0.00016384601148425565,-5.489363849883711e-05,-8.353758732280135e-06,0.00016392574080847965,-5.49733678230611e-05
1288,1242,1059.0,0.0001638460622090949,-5.502172139986285e-05,-8.140502516192191e-06,0.00016392172989956798,-5.5097389090335924e-05
1294,1243,1068.0,0.00016407532133765708,-5.427865214495918e-05,-4.742519390346124e-06,0.0001641010694817616,-5.430440028906371e-05
1293,1243,1069.0,0.00016363505696523578,-5.4277010453053715e-05,-5.051589074839963e-06,0.00016366432923663846,-5.43062827244564e-05
1292,1243,1058.0,0.00016363498423039484,-5.4591210505294395e-05,-5.49587677284866e-06,0.00016366958121557046,-5.462580749047001e-05
1295,1243,1057.0,0.00016407528150297356,-5.459264678553996e-05,-5.1864933944603935e-06,0.00016410603124729386,-5.462339652986025e-05
1297,1244,1068.0,0.00016407562874141577,-5.4202472567055956e-05,-1.3165880765565394e-06,0.00016407761403951405,-5.4204457865154236e-05
1299,1244,89.0,0.00016526962221895649,-5.4610685765782993e-05,-2.125025424804146e-06,0.00016527475640725408,-5.4615819954080576e-05
1298,1244,88.0,0.00016526962221895649,-5.420459435484504e-05,-9.203812239611019e-07,0.00016527058713625565,-5.4205559272144194e-05
1296,1244,1057.0,0.00016407552058017626,-5.460882725749085e-05,-2.522049740870738e-06,0.00016408279193209067,-5.461609860940525e-05
1303,1245,1051.0,0.0001667389890275242,-5.8581670313366324e-05,-1.0206639641093581e-05,0.00016685451561472033,-5.869719690056246e-05
1302,1245,1062.0,0.00016673854378441034,-5.9454698556492345e-05,-1.1271310622408526e-05,0.00016687887034286632,-5.959502511494832e-05
1301,1245,1063.0,0.0001677957828408233,-5.94587095102075e-05,-1.0408968789647408e-05,0.00016791491125037826,-5.957783791976247e-05
1300,1245,1052.0,0.00016779620101668334,-5.8585107434957465e-05,-9.343620454259241e-06,0.00016789257170928663,-5.868147812756074e-05
1307,1246,1052.0,0.0001677961055491649,-5.960852054859918e-05,-9.58715784075536e-06,0.0001678971070018028,-5.97095220012371e-05
1306,1246,1063.0,0.0001677956958397982,-6.072087817058432e-05,-1.0631037559639522e-05,0.00016791927317183166,-6.0844455502617764e-05
1305,1246,1064.0,0.00016883252039465732,-6.072598620021256e-05,-9.530527016124533e-06,0.00016893139697326973,-6.082486277882496e-05
1304,1246,1053.0,0.0001688328907809059,-5.9612896840308246e-05,-8.486002813425856e-06,0.00016891167032378297,-5.969167638318532e-05
1309,1247,1065.0,0.0001697490274688001,-6.185985629168493e-05,-7.976279130315032e-06,0.00016981768003410022,-6.192850885698504e-05
1310,1247,1064.0,0.0001688326080457941,-6.185378483024588e-05,-9.283836038914e-06,0.00016892597586468116,-6.194715264913293e-05
1311,1247,1053.0,0.00016883293509005188,-6.053407395029744e-05,-8.361420843848834e-06,0.00016890911229068415,-6.0610251150929715e-05
1308,1247,1054.0,0.00016974928543760982,-6.0539269271370254e-05,-7.053350742845387e-06,0.00016980328084214652,-6.059326467590697e-05
1313,1248,115.0,0.00017106381912495097,-6.37566475634954e-05,-5.838640395336783e-07,0.00017106418205827467,-6.375701049681908e-05
1312,1248,114.0,0.00017106381912495097,-6.210316602651304e-05,-4.330312245923434e-07,0.00017106402017815717,-6.210336707971925e-05
1314,1248,1067.0,0.00017091377507868133,-6.374904795445077e-05,-2.2280055746765233e-06,0.00017091906340781557,-6.375433628358503e-05
1315,1248,1056.0,0.00017091379029456153,-6.209664837805322e-05,-2.0771046558894918e-06,0.0001709184191408819,-6.210127722437359e-05
1319,1249,1055.0,0.00017046331291305098,-6.182339819055383e-05,-4.47681724170053e-06,0.00017048488112047242,-6.184496639797529e-05
1316,1249,1056.0,0.00017091370819865637,-6.182969166311229e-05,-2.890349992123358e-06,0.0001709226813865207,-6.183866485097661e-05
1317,1249,1067.0,0.00017091366246409917,-6.342735221837404e-05,-3.3435746396334558e-06,0.00017092558837736316,-6.343927813163801e-05
1318,1249,1066.0,0.00017046322180480741,-6.342000552497903e-05,-4.929903221195624e-06,0.0001704891976379958,-6.344598135816742e-05
1320,1250,1055.0,0.00017046317828270353,-6.12961007325056e-05,-5.145760021212434e-06,0.00017049173763937847,-6.132466008918055e-05
1321,1250,1066.0,0.00017046303373713292,-6.27809673608603e-05,-5.864381652205021e-06,0.0001704998894961374,-6.281782311986478e-05
1322,1250,1065.0,0.00016974920639299435,-6.277415182451599e-05,-7.3366584126476845e-06,0.00016980706420024105,-6.283200963176271e-05
1323,1250,1054.0,0.00016974940712140567,-6.129025526390025e-05,-6.618389926847223e-06,0.00016979679519998458,-6.133764334247914e-05
1324,1251,1049.0,0.00016502503761856436,-5.571709526289387e-05,-8.032412957056402e-06,0.0001650980847454764,-5.5790142389805885e-05
1325,1251,1060.0,0.0001650248823492908,-5.583073858007241e-05,-8.45187947964279e-06,0.00016510571358609898,-5.5911569816880584e-05
1326,1251,1059.0,0.000164608895952595,-5.583021848460789e-05,-8.562671732326057e-06,0.00016469201608256678,-5.5913338614579686e-05
1327,1251,1048.0,0.00016460902222189449,-5.571664897577956e-05,-8.143485472467734e-06,0.0001646842446433549,-5.579187139723999e-05
1331,1252,1049.0,0.00016502450706358312,-5.6548333139599147e-05,-9.465893690491136e-06,0.00016512555994594163,-5.664938602195764e-05
1330,1252,1060.0,0.0001650242271067975,-5.690452271171688e-05,-1.0222264816659539e-05,0.00016514187672670374,-5.702217233162312e-05
1328,1252,1050.0,0.00016577531566745588,-5.654973370980312e-05,-9.11523556907832e-06,0.000165868706664331,-5.6643124706678245e-05
1329,1252,1061.0,0.00016577501131219397,-5.690615880398159e-05,-9.872118232563459e-06,0.00016588437269050746,-5.701552018229506e-05
1335,1253,1050.0,0.00016577489224703064,-5.75328326490529e-05,-1.0168410138832037e-05,0.00016589058800136393,-5.764852840338619e-05
1333,1253,1062.0,0.00016673885243088785,-5.815112727753166e-05,-1.0532979088512901e-05,0.00016686211589631125,-5.8274390742955046e-05
1332,1253,1051.0,0.0001667392589371863,-5.7535254280220954e-05,-9.561011875155968e-06,0.00016684111118428865,-5.76371065273233e-05
1334,1253,1061.0,0.00016577450168656842,-5.8148304849041463e-05,-1.1139734877308274e-05,0.00016591296124196333,-5.828676440443637e-05
1337,1254,1059.0,0.00016460955937013032,-5.502996932285143e-05,-6.36021033014497e-06,0.00016465559365988342,-5.507600361260453e-05
1338,1254,1058.0,0.00016464196330419692,-5.50303915490064e-05,-6.26904304976009e-06,0.000164686680927089,-5.5075109171898474e-05
1339,1254,1047.0,0.0001646419562311703,-5.512243890809282e-05,-6.301726046436737e-06,0.0001646871223182854,-5.5167604995207925e-05
1336,1254,1048.0,0.00016460954952390882,-5.5122077424655234e-05,-6.39292269651807e-06,0.0001646560389802662,-5.5168566881012615e-05
1342,1255,89.0,0.00016641386883920416,-5.4617968757856347e-05,-5.528727895386847e-07,0.00016641421456750128,-5.461831448615348e-05
1341,1255,1057.0,0.00016522050778459843,-5.461655802100284e-05,-8.5291694984003e-07,0.00016522133506159003,-5.4617385297994447e-05
1340,1255,1046.0,0.00016522037422878836,-5.492507188498976e-05,-2.0578725878313883e-06,0.00016522518326203808,-5.492988091823948e-05
1343,1255,90.0,0.00016641386883920416,-5.492628112608981e-05,-1.7570072761746887e-06,0.00016641735558340701,-5.492976787029266e-05
1346,1256,1057.0,0.00016522021245302305,-5.4600369415321276e-05,-3.5173544384349553e-06,0.00016523428187084822,-5.461443883314643e-05
1347,1256,1046.0,0.00016522014787650617,-5.4840058959471864e-05,-4.099981116490164e-06,0.0001652392430901394,-5.485915417310511e-05
1345,1256,1058.0,0.00016464250825822262,-5.459927322746811e-05,-3.7523652937133424e-06,0.00016465856269618393,-5.461532766542942e-05
1344,1256,1047.0,0.0001646423820178453,-5.483911699907416e-05,-4.335392213253688e-06,0.00016466378905292836,-5.48605240341572e-05
1351,1257,1038.0,0.00016537897536649654,-5.626136043668017e-05,-7.357556744913129e-06,0.00016544001878607788,-5.632240385626151e-05
1350,1257,1049.0,0.0001653787466598367,-5.655482657189757e-05,-7.827761819457092e-06,0.0001654477479487119,-5.6623827860772776e-05
1349,1257,1050.0,0.00016584538928110125,-5.65559803987675e-05,-7.538278782463987e-06,0.00016590924830227723,-5.6619839419943475e-05
1348,1257,1039.0,0.00016584564566808602,-5.626232243488593e-05,-7.067749163262166e-06,0.00016590185756308552,-5.6318534329885444e-05
1354,1258,1050.0,0.00016584481543709096,-5.7539081046551854e-05,-8.591593325568215e-06,0.00016592739546992478,-5.7621661079385674e-05
1353,1258,1051.0,0.00016651118243928606,-5.754106069755585e-05,-8.094570070696317e-06,0.00016658426885120714,-5.761414710947695e-05
1355,1258,1039.0,0.0001658451811959278,-5.703592569693581e-05,-7.920295064414544e-06,0.00016591552282672095,-5.7106267327728955e-05
1352,1258,1040.0,0.00016651155934614334,-5.703757474956561e-05,-7.422822553875366e-06,0.00016657316002770408,-5.709917543112636e-05
1358,1259,1051.0,0.00016651082028145087,-5.858747827487969e-05,-8.740346754706899e-06,0.00016659563310436262,-5.867229109779146e-05
1356,1259,1041.0,0.0001672783732201169,-5.787741590872116e-05,-7.262564170008412e-06,0.0001673369228207119,-5.7935965509316154e-05
1357,1259,1052.0,0.00016727795678106395,-5.859028314071386e-05,-8.035700341999874e-06,0.00016734940558267916,-5.866173194232908e-05
1359,1259,1040.0,0.00016651125375768809,-5.78750796326846e-05,-7.96770281975617e-06,0.00016658196248620988,-5.794578836120638e-05
1360,1260,1042.0,0.0001680517973998983,-5.8709054144019885e-05,-6.601107072555642e-06,0.00016809982750157156,-5.875708424569315e-05
1361,1260,1053.0,0.00016805142482104673,-5.961726168018689e-05,-7.380540629817363e-06,0.00016811122452034787,-5.967706137948803e-05
1362,1260,1052.0,0.00016727782575335975,-5.961369054926103e-05,-8.279389290218367e-06,0.00016735333043100292,-5.96891952269042e-05
1363,1260,1041.0,0.00016727824528412567,-5.8706077762759885e-05,-7.500411129540913e-06,0.0001673404627449479,-5.87682952235821e-05
1365,1261,1048.0,0.00016521038119924974,-5.5128626324129053e-05,-4.740791536136154e-06,0.00016523587884503875,-5.5154123969918065e-05
1364,1261,1037.0,0.00016521029400715212,-5.519349951099478e-05,-4.95789379286642e-06,0.0001652381719326566,-5.522137743649927e-05
1366,1261,1047.0,0.0001654255698159355,-5.512888087313658e-05,-4.677334215295328e-06,0.0001654503652757799,-5.515367633298097e-05
1367,1261,1036.0,0.0001654255079443324,-5.519371183348792e-05,-4.8942876082380855e-06,0.00016545264871739156,-5.522085260654707e-05
1368,1262,1036.0,0.00016542593742883255,-5.50256607274981e-05,-3.3883763525325824e-06,0.0001654389566316914,-5.503867993035697e-05
1369,1262,1047.0,0.00016542613061170308,-5.4845566508868334e-05,-2.7109850611005664e-06,0.00016543447163077995,-5.4853907527945207e-05
1371,1262,1035.0,0.00016609715040665743,-5.502624968533481e-05,-3.2121262836652155e-06,0.000166108814946697,-5.503791422537438e-05
1370,1262,1046.0,0.00016609725044404824,-5.484627363259585e-05,-2.535204183747616e-06,0.00016610452271954962,-5.4853545908097235e-05
1375,1263,91.0,0.0001672699932881933,-5.5162398473546786e-05,-1.4528180351160852e-06,0.0001672723655345602,-5.516477071991369e-05
1374,1263,90.0,0.0001672699932881933,-5.4932180303160255e-05,-2.696102728967859e-07,0.00016727007507145325,-5.4932262086420216e-05
1373,1263,1046.0,0.0001660975522463524,-5.49312775976657e-05,-4.930940887570325e-07,0.00016609782725739738,-5.4931552608710656e-05
1372,1263,1035.0,0.0001660973772682038,-5.5161645346322574e-05,-1.6771046551648013e-06,0.00016610055526247556,-5.516482334059434e-05
1379,1264,1037.0,0.0001652097468435535,-5.5624544831577635e-05,-6.320302703435865e-06,0.00016525495953358766,-5.56697575216118e-05
1377,1264,1049.0,0.00016537944396351656,-5.572358700199642e-05,-6.394184582816324e-06,0.0001654256634243561,-5.576980646283598e-05
1376,1264,1038.0,0.00016537952725207826,-5.562486791946199e-05,-6.222953027199484e-06,0.0001654233244258618,-5.5668665093245516e-05
1378,1264,1048.0,0.00016520967812992248,-5.5723199383738884e-05,-6.491413955202218e-06,0.00016525735026125428,-5.5770871515070685e-05
1381,1265,1055.0,0.0001692955422133213,-6.12984419641535e-05,-4.55018260122112e-06,0.000169317986583216,-6.13208863340482e-05
1380,1265,1044.0,0.00016929569359884781,-6.008587040888977e-05,-3.99834525574615e-06,0.0001693131160437236,-6.0103292853765574e-05
1382,1265,1054.0,0.00016874742839647467,-6.129366753308255e-05,-5.753127675568086e-06,0.000168783392953286,-6.132963208989388e-05
1383,1265,1043.0,0.00016874764450240253,-6.008189415866387e-05,-5.201511062248761e-06,0.00016877719949724509,-6.011144915350642e-05
1384,1266,1043.0,0.00016874753238368392,-5.9464778641722834e-05,-5.48720883919592e-06,0.0001687805116631301,-5.949775792116901e-05
1387,1266,1042.0,0.000168051819316919,-5.9461243913882654e-05,-6.555642056525236e-06,0.00016809903366736504,-5.950845826432869e-05
1386,1266,1053.0,0.0001680514845626939,-6.053843970940442e-05,-7.256071559033519e-06,0.0001681090519714623,-6.059600711817279e-05
1385,1266,1054.0,0.0001687472577630145,-6.054268097533438e-05,-6.1880048710617405e-06,0.00016878900014690246,-6.058442335922233e-05
1390,1267,1055.0,0.0001692957258644333,-6.182573969170994e-05,-3.881277815627124e-06,0.00016931201952144262,-6.184203334871926e-05
1389,1267,1056.0,0.00016964413554699002,-6.183088221133611e-05,-2.584866636762056e-06,0.00016965135158191025,-6.183809824625633e-05
1388,1267,1045.0,0.00016964418562393727,-6.052570328087623e-05,-2.2342872364107015e-06,0.0001696496076210177,-6.053112527795666e-05
1391,1267,1044.0,0.0001692958219824015,-6.0521419905408295e-05,-3.5307575658320755e-06,0.0001693093822285401,-6.0534980151546914e-05
1394,1268,1056.0,0.0001696442517771262,-6.209783899632783e-05,-1.7716321567306289e-06,0.00016964763769056844,-6.210122490977004e-05
1393,1268,114.0,0.00016976108395507525,-6.210316602651304e-05,-4.2786862036021077e-07,0.00016976128134579035,-6.210336341722813e-05
1395,1268,1045.0,0.0001696442685487357,-6.074762643859001e-05,-1.6540867411053142e-06,0.00016964723736811592,-6.075059525797025e-05
1392,1268,113.0,0.00016976108395507525,-6.0752061963155476e-05,-3.1043868811621734e-07,0.0001697611884742069,-6.075216648228714e-05
1399,1269,1027.0,0.00016590207737608611,-5.6641710217543374e-05,-6.025782542283141e-06,0.00016594285969004206,-5.668249253149932e-05
1398,1269,1039.0,0.0001659017766940477,-5.704073539223957e-05,-6.463118522415849e-06,0.00016594860841739504,-5.708756711558692e-05
1397,1269,1040.0,0.00016633579650973055,-5.70420431191654e-05,-6.068302674445752e-06,0.0001663770019241364,-5.7083248533571255e-05
1396,1269,1028.0,0.00016633610684933396,-5.664275682503307e-05,-5.630671867086934e-06,0.00016637164767655728,-5.667829765225639e-05
1402,1270,1040.0,0.0001663354101993028,-5.7879549062956606e-05,-6.6133066645282295e-06,0.00016638416510510791,-5.792830396876175e-05
1401,1270,1041.0,0.00016687485021423172,-5.78813992956267e-05,-6.054641639909085e-06,0.00016691561886597752,-5.792216794737251e-05
1400,1270,1029.0,0.00016687522395095872,-5.731686467148271e-05,-5.510877867856824e-06,0.00016690908463364124,-5.7350725354165226e-05
1403,1270,1028.0,0.00016633579552261944,-5.7315385207971914e-05,-6.069887727181084e-06,0.00016637697209372028,-5.735656177907275e-05
1406,1271,1041.0,0.0001668746869286828,-5.8710059442438695e-05,-6.292612305588367e-06,0.00016691856098326164,-5.875393349701756e-05
1407,1271,1029.0,0.000166875078652917,-5.799133661919516e-05,-5.722590461918831e-06,0.00016691148108878752,-5.802773905506566e-05
1405,1271,1042.0,0.00016744067892840474,-5.87124167047405e-05,-5.580219089124268e-06,0.00016747509599757734,-5.874683377391311e-05
1404,1271,1030.0,0.0001674410303712583,-5.7993222540070165e-05,-5.009874580567627e-06,0.00016746886081944168,-5.802105298825355e-05
1411,1272,1030.0,0.00016744103045620272,-5.8611292768130104e-05,-5.010117981899703e-06,0.00016746878752590995,-5.863904983783734e-05
1410,1272,1042.0,0.0001674407071876738,-5.946460710011753e-05,-5.534857612141965e-06,0.00016747445484720388,-5.9498354759647594e-05
1409,1272,1043.0,0.0001679618815889762,-5.946740775777376e-05,-4.688210700906246e-06,0.00016798603963079578,-5.949156579959335e-05
1408,1272,1031.0,0.0001679621448860126,-5.8613531871572774e-05,-4.163223714721939e-06,0.00016798126760169177,-5.8632654587251946e-05
1415,1273,1031.0,0.00016796223537005463,-5.91241935095918e-05,-3.983211529889029e-06,0.00016797970091609024,-5.91416590556274e-05
1414,1273,1043.0,0.00016796202511309098,-6.0084521960909406e-05,-4.402581882795233e-06,0.0001679832717859731,-6.01057686337915e-05
1412,1273,1032.0,0.0001683788236624442,-5.912671499178303e-05,-3.029255904336229e-06,0.00016838890691657084,-5.9136798245909684e-05
1413,1273,1044.0,0.00016837867455346794,-6.0087673975847336e-05,-3.448761105369455e-06,0.00016839168880672156,-6.010068822910096e-05
1417,1274,1045.0,0.00016864615889731528,-6.052662074516162e-05,-1.9530530679263145e-06,0.00016865031989217317,-6.0530781740019504e-05
1418,1274,1044.0,0.00016837884093126945,-6.052322394787991e-05,-2.981207928885797e-06,0.00016838854729178898,-6.053293030839944e-05
1419,1274,1032.0,0.00016837893648588022,-5.9489191600101906e-05,-2.712224529386603e-06,0.0001683870068349868,-5.949726194920849e-05
1416,1274,1033.0,0.000168646208308413,-5.949190722004764e-05,-1.684070344602816e-06,0.00016864931613443833,-5.949501504607297e-05
1420,1275,112.0,0.00016873663641464706,-5.968070468655201e-05,-2.16241592870532e-07,0.0001687366875933533,-5.9680755865258253e-05
1421,1275,113.0,0.00016873663641464706,-6.0752061963155476e-05,-3.0705784826324384e-07,0.00016873673912611026,-6.075216467461868e-05
1422,1275,1045.0,0.00016864626555901927,-6.074854365397012e-05,-1.372862515881877e-06,0.00016864831958829073,-6.075059768324157e-05
1423,1275,1033.0,0.00016864628224243347,-5.967789164777238e-05,-1.2819092306299174e-06,0.00016864808152445638,-5.9679690929795306e-05
1426,1276,1038.0,0.00016565505274017335,-5.626636700293533e-05,-5.842191658774235e-06,0.0001656934957304482,-5.630480999321017e-05
1424,1276,1027.0,0.000165902534433194,-5.603271737346762e-05,-5.361000484163333e-06,0.0001659349043864819,-5.606508732675554e-05
1425,1276,1039.0,0.00016590236292349616,-5.626713484124064e-05,-5.610462578274156e-06,0.00016593777763371974,-5.630254955146421e-05
1427,1276,1026.0,0.0001656552082139872,-5.603210329645171e-05,-5.5929081669173295e-06,0.0001656904782139467,-5.6067373296411215e-05
1428,1277,1026.0,0.00016565574974787664,-5.5547741099835175e-05,-4.724830886059558e-06,0.00016568097706362388,-5.5572968415582415e-05
1429,1277,1038.0,0.00016565576059494598,-5.562987169095517e-05,-4.7075003727322425e-06,0.0001656807939114594,-5.5654905007468576e-05
1430,1277,1037.0,0.00016567299644411478,-5.562960294764317e-05,-4.788998364013133e-06,0.0001656989019474992,-5.5655508451027587e-05
1431,1277,1025.0,0.00016567298763089965,-5.554752595041487e-05,-4.806327145124786e-06,0.00016569909060705517,-5.55736289265704e-05
1432,1278,1024.0,0.0001660235209958483,-5.516285318978855e-05,-2.6171135849257588e-06,0.00016603126225458686,-5.517059444852711e-05
1433,1278,1036.0,0.000166023786554025,-5.503065279318796e-05,-1.8776607575768638e-06,0.0001660277737464335,-5.5034639985596475e-05
1435,1278,1023.0,0.00016675613963807476,-5.516319920920263e-05,-2.488061911666041e-06,0.00016676311318259226,-5.517017275372013e-05
1434,1278,1035.0,0.00016675627614414466,-5.5031084990829894e-05,-1.749114158301735e-06,0.00016675972466433304,-5.503453351101827e-05
1439,1279,1024.0,0.0001660231191401391,-5.52431842222443e-05,-3.7360470157041074e-06,0.00016603888865901814,-5.5258953741123314e-05
1438,1279,1036.0,0.00016602324572159233,-5.519870548863302e-05,-3.3835847168517917e-06,0.00016603618292785537,-5.5211642694896065e-05
1437,1279,1037.0,0.00016567368759976562,-5.5198559858443794e-05,-3.426544995982538e-06,0.00016568697639495866,-5.521184865363682e-05
1436,1279,1025.0,0.0001656735086623918,-5.524306770206646e-05,-3.7792445678140043e-06,0.0001656896704698513,-5.5259229509525975e-05
1442,1280,91.0,0.00016789811262554538,-5.5167031274671935e-05,-5.1400112366785204e-08,0.00016789811558653187,-5.516703423565844e-05
1443,1280,92.0,0.00016789811262554538,-5.5335056872212666e-05,-1.2036460650599254e-06,0.00016789973509200457,-5.533667933867185e-05
1440,1280,1023.0,0.0001667563467213568,-5.533461708027553e-05,-1.3671275151314315e-06,0.000166758450611476,-5.533672097039473e-05
1441,1280,1035.0,0.00016675655972214504,-5.5166481784111676e-05,-2.1409823661362216e-07,0.00016675661135946484,-5.516653342143146e-05
1444,1281,1034.0,0.00045381705772992546,-9.12152089816131e-05,-7.999140850848199e-05,0.00045673639648690376,-9.413454773859141e-05
1445,1281,989.0,0.000454029301705473,-0.00011583182524334654,-6.207544928900181e-05,0.00045571479910859415,-0.00011751732264646771
1447,1281,35.0,0.0004789322887823952,-8.890728694944902e-05,-0.00011566234247013633,0.00048476220377783924,-9.473720194489308e-05
1446,1281,36.0,0.0004789322887823952,-0.00011629981219352551,-9.540668569889277e-05,0.0004827311059222013,-0.00012009862933333161
1451,1282,1034.0,0.00045407533401048937,-7.030453445824414e-05,-5.759667342154079e-05,0.00045565216381421834,-7.188136426197311e-05
1450,1282,989.0,0.0004541904144518688,-0.0001075318996435617,-4.816092940852432e-05,0.00045522082932242605,-0.00010856231451411894
1449,1282,142.0,0.0004434647544068089,-0.00010255013469970405,-9.026207698502146e-06,0.000443502055065493,-0.00010258743535838813
1448,1282,141.0,0.0004434647544068089,-7.504020021416288e-05,-1.6319708216328346e-05,0.0004435931364724353,-7.516858227978927e-05
1452,1283,111.0,0.0001679571514327478,-5.886929330068014e-05,-1.438566072703342e-07,0.00016795717424173,-5.886931610966236e-05
1455,1283,1022.0,0.00016788716849522648,-5.886769559461901e-05,-9.511501553663426e-07,0.00016788816591885647,-5.8868693018248995e-05
1454,1283,1033.0,0.0001678871527378017,-5.967857330834052e-05,-1.0216135446989086e-06,0.0001678882993175111,-5.96797198880499e-05
1453,1283,112.0,0.0001679571514327478,-5.968070468655201e-05,-2.1418444965802964e-07,0.00016795720181427167,-5.9680755068075865e-05
1457,1284,1033.0,0.00016788706256400598,-5.9492588988474575e-05,-1.4237668474074766e-06,0.00016788929131683476,-5.9494817741303366e-05
1456,1284,1022.0,0.00016788710877964276,-5.870907527283051e-05,-1.2174592549529404e-06,0.00016788874406351465,-5.8710710556702404e-05
1459,1284,1021.0,0.00016768210735409377,-5.870753307091198e-05,-1.9962701736483046e-06,0.00016768650797191465,-5.871193368873284e-05
1458,1284,1032.0,0.0001676820182159699,-5.9490531857198454e-05,-2.202605444789332e-06,0.00016768735706163012,-5.949587070285869e-05
1460,1285,1021.0,0.0001676820184506729,-5.840060214935354e-05,-2.20159142004159e-06,0.0001676873780951524,-5.8405961793833054e-05
1461,1285,1032.0,0.00016768188097561346,-5.912805567578246e-05,-2.5196083647467974e-06,0.0001676888782775797,-5.913505297774869e-05
1462,1285,1031.0,0.0001673660270889722,-5.912614626833554e-05,-3.241995929527939e-06,0.00016737762793055225,-5.9137747109915606e-05
1463,1285,1020.0,0.0001673662214913069,-5.839917080387302e-05,-2.9240574214030963e-06,0.000167375689011086,-5.84086383236521e-05
1466,1286,1029.0,0.00016657071583421645,-5.7994293482808924e-05,-4.602003580985857e-06,0.00016659429053754763,-5.801786818614011e-05
1464,1286,1019.0,0.00016697864054947623,-5.7451641646673595e-05,-3.651881595323188e-06,0.00016699349522551434,-5.74664963227117e-05
1465,1286,1030.0,0.00016697833306591526,-5.799572043025403e-05,-4.0626857844486405e-06,0.0001669966730368014,-5.8014060401140175e-05
1467,1286,1018.0,0.000166571058555652,-5.745057183844857e-05,-4.191422064377332e-06,0.0001665906621110021,-5.747017539379869e-05
1468,1287,1020.0,0.00016736615553621147,-5.7969322693765616e-05,-3.031510554005125e-06,0.00016737635104616572,-5.797951820371985e-05
1469,1287,1031.0,0.00016736591670975752,-5.861548438722852e-05,-3.421952019301371e-06,0.00016737887030282233,-5.862843798029333e-05
1470,1287,1030.0,0.00016697833316878827,-5.861378953805251e-05,-4.063011559620399e-06,0.00016699662583371955,-5.863208220298379e-05
1471,1287,1019.0,0.00016697862521300043,-5.796805207836133e-05,-3.672738014532978e-06,0.00016699361554964938,-5.798304241501027e-05
1472,1288,1018.0,0.00016657120080860717,-5.6892732178666936e-05,-4.020724944238353e-06,0.0001665892852939497,-5.691081666400947e-05
1473,1288,1029.0,0.00016657089236325078,-5.731982099867666e-05,-4.3901915715812475e-06,0.00016659241171237455,-5.7341340347800445e-05
1475,1288,1017.0,0.00016620476325414563,-5.689189245679108e-05,-4.443996119832044e-06,0.00016622689171543403,-5.6914020918079474e-05
1474,1288,1028.0,0.00016620444290643287,-5.731870167246931e-05,-4.813234872253912e-06,0.00016623035134758092,-5.7344610113617354e-05
1479,1289,1016.0,0.00016594650140968085,-5.63430591133462e-05,-4.412727946847086e-06,0.0001659683988054732,-5.636495650913854e-05
1478,1289,1027.0,0.00016594628371238533,-5.664528264136265e-05,-4.673340551026683e-06,0.00016597081036678256,-5.6669809295759865e-05
1477,1289,1028.0,0.0001662048239339627,-5.664607530534441e-05,-4.373912158700793e-06,0.0001662262836471164,-5.666753501849811e-05
1476,1289,1017.0,0.00016620505019482334,-5.634365353001075e-05,-4.113118827662045e-06,0.0001662240531161651,-5.636265645135252e-05
1483,1290,1015.0,0.00016586379483128004,-5.585747391944593e-05,-4.101411449456815e-06,0.00016588276023909334,-5.587643932725923e-05
1481,1290,1027.0,0.0001659468392126661,-5.6036289045223984e-05,-4.008468481086396e-06,0.00016596493350442193,-5.6054383336979824e-05
1480,1290,1016.0,0.00016594690926712214,-5.5857824580601856e-05,-3.924536081155417e-06,0.00016596426775392816,-5.5875183067407875e-05
1482,1290,1026.0,0.00016586373239613845,-5.603582161370466e-05,-4.1852727998422604e-06,0.00016588346536825562,-5.605555458582181e-05
1485,1291,1026.0,0.0001658643794842545,-5.555146093252179e-05,-3.317137083350824e-06,0.00016587680269329925,-5.556388414156653e-05
1484,1291,1015.0,0.0001658642627824406,-5.548691495052256e-05,-3.473591381836661e-06,0.00016587788942593748,-5.5500541594019436e-05
1486,1291,1025.0,0.00016601954748224075,-5.5551291890177214e-05,-3.381542579590632e-06,0.00016603244873368794,-5.5564193141624397e-05
1487,1291,1014.0,0.00016601945159787704,-5.54867881348575e-05,-3.5379030781938943e-06,0.0001660335775656533,-5.550091410263376e-05
1491,1292,1013.0,0.00016646558694543548,-5.5276361079148505e-05,-2.775780595068618e-06,0.00016647427345712018,-5.528504759083321e-05
1490,1292,1024.0,0.00016646578156404002,-5.5246910091002565e-05,-2.3264003650474074e-06,0.00016647188404475167,-5.525301257171421e-05
1489,1292,1025.0,0.00016602017706223088,-5.524683296424446e-05,-2.354427921260043e-06,0.000166026440054097,-5.525309595611058e-05
1488,1292,1014.0,0.00016601990138794573,-5.527630319750599e-05,-2.804107108350532e-06,0.00016602878394095973,-5.528518575052e-05
1494,1293,92.0,0.0001683461807271098,-5.5338552168042454e-05,1.1842679100110103e-07,0.00016834619640196575,-5.5338567842898385e-05
1493,1293,1023.0,0.00016723770476828495,-5.533824257087207e-05,4.14681452457627e-09,0.0001672377047875998,-5.5338242590186916e-05
1492,1293,1012.0,0.00016723745060584158,-5.5456652720610694e-05,-1.1157256959284717e-06,0.00016723884807887546,-5.545805019364459e-05
1495,1293,93.0,0.0001683461807271098,-5.5456885056183675e-05,-1.0006881552607726e-06,0.0001683472993129697,-5.545800364204357e-05
1499,1294,1012.0,0.00016723727374824715,-5.52603770583649e-05,-1.8949198226090366e-06,0.00016724130823581672,-5.5264411545934475e-05
1498,1294,1023.0,0.000167237450351554,-5.516682498935325e-05,-1.1167803136595067e-06,0.0001672388522922376,-5.516822693003684e-05
1497,1294,1024.0,0.00016646626615528703,-5.5166580061468524e-05,-1.2074615230563482e-06,0.00016646791071354663,-5.5168224619728116e-05
1496,1294,1013.0,0.00016646592893629299,-5.526019326129576e-05,-1.9861287974713227e-06,0.00016647037657245236,-5.526464089745515e-05
1501,1295,1014.0,0.00016626613558052054,-5.5278954608453776e-05,-1.4665738445013114e-06,0.00016626856264319773,-5.5281381671130954e-05
1503,1295,1002.0,0.00016677700392102697,-5.5297346905527575e-05,-1.9649442057392266e-06,0.000166781350359676,-5.530169334417659e-05
1500,1295,1003.0,0.0001662657729555885,-5.529732286031644e-05,-1.982471434643638e-06,0.00016627020748733487,-5.530175739206282e-05
1502,1295,1013.0,0.00016677725987691443,-5.527899067094889e-05,-1.449387927069095e-06,0.0001667796249341735,-5.5281355728207987e-05
1507,1296,1003.0,0.00016626544134777443,-5.544306948010214e-05,-2.454332373466898e-06,0.00016627223355755532,-5.544986168988301e-05
1506,1296,1014.0,0.0001662656198725278,-5.5489439204967354e-05,-2.2003885391907833e-06,0.00016627107813644855,-5.54948974688881e-05
1505,1296,1015.0,0.00016601368553153064,-5.548953034156985e-05,-2.1538924745268624e-06,0.00016601892150870564,-5.549476631874484e-05
1504,1296,1004.0,0.00016601346510728023,-5.544313025798519e-05,-2.407994939896481e-06,0.00016602001071076665,-5.5449675861471624e-05
1511,1297,1004.0,0.0001660131119111892,-5.573481687218962e-05,-2.815472682449801e-06,0.00016602204837231846,-5.574375333331889e-05
1510,1297,1015.0,0.00016601314124755435,-5.5860088329616594e-05,-2.7817573631502618e-06,0.00016602186004383788,-5.586880712590012e-05
1509,1297,1016.0,0.00016597957173016431,-5.586033458680783e-05,-2.6573618143882222e-06,0.0001659875294040467,-5.586829226069022e-05
1508,1297,1005.0,0.00016597953895217788,-5.573498109921586e-05,-2.6910865357850805e-06,0.00016598770449771465,-5.5743146644752614e-05
1515,1298,1005.0,0.00016597922896788785,-5.613412546263968e-05,-3.011558796280761e-06,0.00016598943667198764,-5.614433316673947e-05
1514,1298,1016.0,0.00016597909933794463,-5.63455688654115e-05,-3.1456177460670526e-06,0.00016599022542656644,-5.635669495403331e-05
1513,1298,1017.0,0.0001661120138055897,-5.634598470780826e-05,-2.9359220121330087e-06,0.00016612170019899213,-5.635567110121068e-05
1512,1298,1006.0,0.0001661121478612771,-5.613440270900612e-05,-2.8017683330252164e-06,0.00016612097768777884,-5.614323253550788e-05
1519,1299,1001.0,0.0001675717643440133,-5.5324938042007176e-05,-1.4015538045488189e-06,0.00016757396753233985,-5.532714123033372e-05
1518,1299,1012.0,0.00016757197167673087,-5.5262945008080944e-05,-5.998837035365613e-07,0.0001675723754058806,-5.526334873723068e-05
1517,1299,1013.0,0.0001667776519151171,-5.526282326802519e-05,-6.59735301132558e-07,0.000166778141971836,-5.5263313324744096e-05
1516,1299,1002.0,0.0001667772536543859,-5.532485682115595e-05,-1.461944135183735e-06,0.00016677965936937435,-5.532726253614439e-05
1523,1300,1006.0,0.00016611192693064838,-5.659587714824271e-05,-3.022973329289548e-06,0.00016612218470641373,-5.660613492400806e-05
1522,1300,1017.0,0.00016611168312385727,-5.689422337532902e-05,-3.2668718067711757e-06,0.00016612364679676118,-5.690618704823294e-05
1521,1300,1018.0,0.00016635369462185775,-5.689481039447726e-05,-2.970950231631587e-06,0.00016636357839971543,-5.690469417233495e-05
1520,1300,1007.0,0.00016635393022359916,-5.65962684146017e-05,-2.726901970919978e-06,0.00016636226809044603,-5.660460628144858e-05
1527,1301,1007.0,0.00016635381530715778,-5.707259639335557e-05,-2.8462579066902867e-06,0.00016636287965116303,-5.708166073736084e-05
1526,1301,1018.0,0.0001663535300879663,-5.7452649240186994e-05,-3.1417204590324013e-06,0.0001663645551647348,-5.746367431695549e-05
1525,1301,1019.0,0.00016664684921192843,-5.745339716001265e-05,-2.7645357716701282e-06,0.00016665537482425183,-5.746192277233605e-05
1524,1301,1008.0,0.00016664710521274012,-5.707309490663763e-05,-2.468917195849507e-06,0.00016665391658531346,-5.7079906279210965e-05
1531,1302,1009.0,0.0001669380323554851,-5.7892173390136756e-05,-1.9852539005351744e-06,0.00016694241472507804,-5.78965557597297e-05
1530,1302,1020.0,0.00016693785949568294,-5.8400543694685366e-05,-2.229648664020035e-06,0.00016694337476895818,-5.840605896796061e-05
1528,1302,1010.0,0.00016718080702111097,-5.78928407500718e-05,-1.4798287653126473e-06,0.00016718323941327485,-5.789527314223567e-05
1529,1302,1021.0,0.000167180684628597,-5.8401545016631597e-05,-1.7242787087814624e-06,0.0001671839795397747,-5.84048399278093e-05
1533,1303,1020.0,0.00016693778319569003,-5.797069544943417e-05,-2.337060628404466e-06,0.00016694385422620886,-5.7976766479952995e-05
1534,1303,1019.0,0.00016664683146568878,-5.796980686513788e-05,-2.785453201672582e-06,0.00016665546668003515,-5.797844207948426e-05
1535,1303,1008.0,0.00016664708510150626,-5.751835529407888e-05,-2.492500889274057e-06,0.0001666540134316104,-5.752528362418302e-05
1532,1303,1009.0,0.00016693799056465675,-5.7518947574439785e-05,-2.0439876922315713e-06,0.0001669426437947044,-5.752360080448742e-05
1538,1304,1021.0,0.00016718078760375544,-5.870847574802971e-05,-1.5189786686174407e-06,0.00016718334114490123,-5.871102928917548e-05
1536,1304,1011.0,0.00016734069942189186,-5.816153714196632e-05,-8.132149194480225e-07,0.00016734143258131105,-5.8162270301385485e-05
1537,1304,1022.0,0.0001673406577627388,-5.8709554908199506e-05,-9.740360153614232e-07,0.00016734170702270654,-5.871060416816727e-05
1539,1304,1010.0,0.00016718086808443003,-5.8160818342471666e-05,-1.3581308244732938e-06,0.0001671829144241637,-5.816286468220534e-05
1540,1305,1001.0,0.0001675718912163624,-5.5537304925242534e-05,-9.110554970026422e-07,0.0001675728212751329,-5.553823498401301e-05
1541,1305,1012.0,0.00016757217321212558,-5.5459220521166105e-05,1.7930419374712243e-07,0.00016757220924964048,-5.545925655868101e-05
1542,1305,93.0,0.0001686511601062757,-5.545937365735007e-05,2.5443725132324405e-07,0.0001686512323232002,-5.545944587427458e-05
1543,1305,94.0,0.0001686511601062757,-5.553740705565202e-05,-8.351900200609125e-07,0.00016865193795587597,-5.553818490525229e-05
1545,1306,111.0,0.00016739591841522227,-5.886929330068014e-05,-1.4274606747988975e-07,0.0001673959409291094,-5.8869315814567276e-05
1544,1306,110.0,0.00016739591841522227,-5.8301688442481485e-05,-8.730942277707446e-08,0.00016739592685897044,-5.8301696886229655e-05
1546,1306,1022.0,0.00016734072681769894,-5.886817511727368e-05,-7.077327256265029e-07,0.00016734128038166227,-5.886872868123702e-05
1547,1306,1011.0,0.0001673407411812823,-5.830094317397357e-05,-6.521854367604767e-07,0.00016734121244278344,-5.8301414435474724e-05
1548,1307,994.0,0.0001660009973963472,-5.566216158206039e-05,-1.595996238351404e-06,0.0001660038701910335,-5.566503437674668e-05
1549,1307,1005.0,0.00016600111364115862,-5.573657173427903e-05,-1.4867917325900575e-06,0.00016600360591576522,-5.573906400888565e-05
1550,1307,1004.0,0.0001661094920456016,-5.5736474269613894e-05,-1.5607286512848225e-06,0.00016611223701751152,-5.573921924152381e-05
1551,1307,993.0,0.00016610938808201626,-5.566211281906919e-05,-1.6698699927211345e-06,0.00016611253143706699,-5.5665256174119925e-05
1555,1308,994.0,0.00016600082880036625,-5.601055125556046e-05,-1.754866669467065e-06,0.00016600429653806285,-5.601401899325708e-05
1554,1308,1005.0,0.0001660007731666611,-5.6135715642758395e-05,-1.807301966202685e-06,0.00016600444915699809,-5.613939163309538e-05
1552,1308,995.0,0.00016605276384895685,-5.6010633314302857e-05,-1.6306151060020452e-06,0.0001660557572168609,-5.6013626682206895e-05
1553,1308,1006.0,0.0001660527062022536,-5.613587974775578e-05,-1.6830895045297006e-06,0.0001660558935280471,-5.613906707354928e-05
1559,1309,995.0,0.00016605264213969857,-5.6420881372520654e-05,-1.7415647085517122e-06,0.00016605605041174925,-5.642428964457132e-05
1557,1309,1007.0,0.00016621399098004066,-5.659758520591945e-05,-1.7292257339862008e-06,0.00016621734603082484,-5.6600940256703626e-05
1556,1309,996.0,0.00016621416408611566,-5.642099704281301e-05,-1.566349335126925e-06,0.0001662169190641115,-5.642375202080885e-05
1558,1309,1006.0,0.0001660524630616782,-5.6597353754381176e-05,-1.904340921744937e-06,0.000166056534980618,-5.660142567332097e-05
1561,1310,1004.0,0.00016610987969977183,-5.5444788136134785e-05,-1.153226307470858e-06,0.0001661113803699238,-5.544628880628676e-05
1562,1310,1003.0,0.0001664232491866664,-5.5444751503796455e-05,-1.1813683869501233e-06,0.00016642482176740058,-5.544632408453061e-05
1563,1310,992.0,0.0001664230037101973,-5.5416793754321195e-05,-1.4973117870087978e-06,0.00016642553021477431,-5.5419320258898196e-05
1560,1310,993.0,0.00016610957872239903,-5.5416812076958006e-05,-1.4693717241014061e-06,0.00016611201525999273,-5.541924861455171e-05
1566,1311,1002.0,0.00016697539742015511,-5.5299017742427075e-05,-7.00359821574517e-07,0.00016697594910607664,-5.5299569428348604e-05
1565,1311,1003.0,0.00016642361570054853,-5.52990047099582e-05,-7.094966867615942e-07,0.00016642418328388642,-5.52995722932961e-05
1564,1311,992.0,0.00016642318292417992,-5.530896463238949e-05,-1.266552674828033e-06,0.0001664249915732763,-5.5310773281485866e-05
1567,1311,991.0,0.00016697509163869363,-5.5308971151618114e-05,-1.2570492601391044e-06,0.00016697686882436884,-5.531074833729331e-05
1570,1312,1001.0,0.00016778266850520004,-5.532657508833445e-05,-1.6346646970294377e-07,0.00016778269844712747,-5.5326605030261885e-05
1571,1312,990.0,0.00016778244060705198,-5.5361869237992e-05,-9.781434229316288e-07,0.00016778351251424127,-5.536294114518128e-05
1569,1312,1002.0,0.00016697567372091449,-5.53265288709689e-05,-1.973614303376562e-07,0.000166975717525616,-5.53265726756704e-05
1568,1312,991.0,0.000166975225938837,-5.536184611672733e-05,-1.0125810188020773e-06,0.0001669763788223773,-5.536299900026762e-05
1575,1313,95.0,0.00016883993860868654,-5.558326881831288e-05,-6.98403677429414e-07,0.00016884048196438636,-5.5583812174012694e-05
1574,1313,94.0,0.00016883993860868654,-5.5538999162012834e-05,3.694555819008815e-07,0.00016884009069218403,-5.553915124551032e-05
1573,1313,1001.0,0.0001677828057345057,-5.553894125321225e-05,3.2702746204386814e-07,0.00016778292545739995,-5.553906097610651e-05
1572,1313,990.0,0.0001677825068121973,-5.558323983585452e-05,-7.415419420198641e-07,0.00016778312226347497,-5.558385528713219e-05
1578,1314,1010.0,0.0001668568001241507,-5.8161415935904514e-05,-9.044976965950674e-07,0.00016685770906476092,-5.816232487651473e-05
1577,1314,1011.0,0.00016698730022569235,-5.816184126064563e-05,-5.821099268196565e-07,0.0001669876764778495,-5.816221751280276e-05
1579,1314,999.0,0.00016685687248115918,-5.783752383865087e-05,-7.732797513484708e-07,0.00016685753778458143,-5.7838189142073136e-05
1576,1314,1000.0,0.00016698733770568512,-5.7837736473265594e-05,-4.508921384204683e-07,0.00016698756377423732,-5.7837962541817784e-05
1580,1315,999.0,0.00016685684131925092,-5.759259575102981e-05,-8.295789627508305e-07,0.00016685760786038607,-5.759336229216495e-05
1581,1315,1010.0,0.0001668567328511441,-5.789343879894047e-05,-1.026181657734753e-06,0.00016685790419986734,-5.789461014766371e-05
1582,1315,1009.0,0.00016666135337940188,-5.7893043955736535e-05,-1.3251479340713429e-06,0.00016666330836422977,-5.789499894056442e-05
1583,1315,998.0,0.00016666150649364097,-5.7592398499610914e-05,-1.1286058817214012e-06,0.0001666629264724491,-5.759381847841902e-05
1586,1316,1008.0,0.00016643307729026296,-5.751946770246664e-05,-1.6491096783694654e-06,0.00016643611311853,-5.7522503530733706e-05
1584,1316,998.0,0.00016666148644579293,-5.725266549194802e-05,-1.1540442184592532e-06,0.00016666297340988428,-5.7254152456039374e-05
1585,1316,1009.0,0.00016666130736250784,-5.751981808009663e-05,-1.3838550259086735e-06,0.0001666634429531892,-5.7521953670778e-05
1587,1316,997.0,0.00016643329641017013,-5.725249029397633e-05,-1.4194028434802615e-06,0.0001664355481001203,-5.725474198392648e-05
1588,1317,997.0,0.00016643331018917945,-5.684930131622551e-05,-1.4045890905775766e-06,0.00016643551910614662,-5.685151023319268e-05
1589,1317,1008.0,0.00016643309944344147,-5.7074207666968504e-05,-1.625486719660234e-06,0.00016643605479663945,-5.707716302016647e-05
1590,1317,1007.0,0.00016621386447111773,-5.7073912790056445e-05,-1.8486281433063444e-06,0.00016621769066292184,-5.707773898186055e-05
1591,1317,996.0,0.0001662140991311739,-5.6849153910129525e-05,-1.6278508436973942e-06,0.00016621706898731673,-5.6852123766272354e-05
1592,1318,109.0,0.00016703289805107083,-5.796598685742721e-05,-4.10896138884891e-08,0.0001670328999270316,-5.7965988733388e-05
1593,1318,110.0,0.00016703289805107083,-5.8301688442481485e-05,-8.683053399303206e-08,0.00016703290641590008,-5.830169680731073e-05
1595,1318,1000.0,0.00016698735932944086,-5.796576665260274e-05,-3.75277220732124e-07,0.00016698751584304098,-5.7965923166202856e-05
1594,1318,1011.0,0.00016698734626374202,-5.830124742318197e-05,-4.210839455524558e-07,0.0001669875430241854,-5.830144418362535e-05
1599,1319,101.0,0.0001660116434082048,-5.596963486659154e-05,-5.766883126698979e-07,0.00016601201795426044,-5.59700094126472e-05
1598,1319,994.0,0.00016601162981361376,-5.6011321035957654e-05,-5.889673957398377e-07,0.00016601202040609716,-5.6011711628441073e-05
1597,1319,995.0,0.0001660237757247676,-5.601134836352229e-05,-5.475851914703072e-07,0.000166024113339241,-5.6011685977995696e-05
1596,1319,102.0,0.00016602378985575728,-5.596963486659154e-05,-5.352962612472723e-07,0.00016602411254737658,-5.596995755821084e-05
1603,1320,102.0,0.00016602378985575728,-5.636292407208644e-05,-5.357502819728559e-07,0.00016602411252335632,-5.636324673968549e-05
1601,1320,996.0,0.00016614559578188612,-5.642163434454187e-05,-6.003432386422758e-07,0.00016614600061613376,-5.642203917878951e-05
1600,1320,103.0,0.00016614573290849196,-5.636292407208644e-05,-4.774587183017627e-07,0.0001661459890407346,-5.636318020432907e-05
1602,1320,995.0,0.00016602364816402338,-5.642159588469664e-05,-6.585565284651911e-07,0.00016602413558257075,-5.642208330324399e-05
1605,1321,997.0,0.00016632832728817384,-5.684984019684096e-05,-5.878007249669357e-07,0.00016632871432098375,-5.6850227229650866e-05
1604,1321,104.0,0.0001663285115740665,-5.677517184270883e-05,-4.0374042121904953e-07,0.00016632869423151053,-5.677535450015286e-05
1606,1321,996.0,0.00016614552762449103,-5.6849791247348604e-05,-6.61867202607358e-07,0.00016614601874155946,-5.685028236441703e-05
1607,1321,103.0,0.00016614573290849196,-5.677517184270883e-05,-4.779189903366039e-07,0.00016614598906021887,-5.677542799443575e-05
1611,1322,100.0,0.00016615669907501737,-5.563807319490418e-05,-6.00972696410899e-07,0.0001661571061715364,-5.563848029142322e-05
1610,1322,993.0,0.0001661568451788608,-5.566291565076067e-05,-4.5482627521816095e-07,0.00016615707832617197,-5.566314879807183e-05
1609,1322,994.0,0.00016601180595875035,-5.5662931937697474e-05,-4.30080382076369e-07,0.0001660120145627649,-5.5663140541712e-05
1608,1322,101.0,0.0001660116434082048,-5.563807319490418e-05,-5.76319839262296e-07,0.00016601201803534264,-5.5638447822042034e-05
1614,1323,997.0,0.00016632831283590324,-5.725302919897213e-05,-6.026332861434067e-07,0.00016632871891430703,-5.7253435277375926e-05
1613,1323,998.0,0.00016652570703129725,-5.725308731404299e-05,-5.146912522147181e-07,0.00016652600297839039,-5.725338326113613e-05
1612,1323,105.0,0.00016652586958063257,-5.716450180077447e-05,-3.1607424757137677e-07,0.00016652598123371748,-5.7164613453859376e-05
1615,1323,104.0,0.0001663285115740665,-5.716450180077447e-05,-4.0413038680664893e-07,0.00016632869426572383,-5.716468449243178e-05
1618,1324,992.0,0.00016650034823211305,-5.541760866874831e-05,-2.639152504828454e-07,0.00016650042669718614,-5.541768713382139e-05
1619,1324,99.0,0.00016650006462071477,-5.5408157225043974e-05,-6.101166992024485e-07,0.00016650048398517104,-5.5408576589500235e-05
1617,1324,993.0,0.0001661570453512586,-5.54176148607104e-05,-2.543163350735749e-07,0.00016615711832528113,-5.5417687834732925e-05
1616,1324,100.0,0.00016615669907501737,-5.5408157225043974e-05,-6.007428864698025e-07,0.00016615710628236784,-5.5408564432394455e-05
1623,1325,105.0,0.00016652586958063257,-5.749322894936222e-05,-3.1634337809417594e-07,0.00016652598125981933,-5.7493340628548994e-05
1622,1325,998.0,0.00016652572807467417,-5.759281999585888e-05,-4.892661423489919e-07,0.00016652599509973178,-5.7593087020916496e-05
1621,1325,999.0,0.00016669779370186255,-5.759288536757785e-05,-3.9023545031507565e-07,0.0001666979634409619,-5.7593055106677206e-05
1620,1325,106.0,0.0001666978937952037,-5.749322894936222e-05,-2.1722309474040964e-07,0.00016669794641310093,-5.7493281567259444e-05
1627,1326,98.0,0.00016707149550812734,-5.531289011425733e-05,-6.069574515348312e-07,0.00016707190965215647,-5.531330425828646e-05
1626,1326,991.0,0.00016707182740278406,-5.530978153710274e-05,-3.0448553451527857e-08,0.00016707182844504022,-5.5309782579358895e-05
1625,1326,992.0,0.00016650053719923473,-5.530977950203174e-05,-3.3151582608313516e-08,0.0001665005384379366,-5.5309780740733615e-05
1624,1326,99.0,0.00016650006462071477,-5.531289011425733e-05,-6.100386572580139e-07,0.00016650048405796099,-5.531330955150355e-05
1628,1327,107.0,0.00016681393484835284,-5.773059858614023e-05,-1.105864940261121e-07,0.00016681394846410617,-5.773061220189356e-05
1631,1327,106.0,0.0001666978937952037,-5.773059858614023e-05,-2.1736046667959166e-07,0.0001666979464239507,-5.773065121488723e-05
1630,1327,999.0,0.00016669782636194127,-5.783781346219043e-05,-3.339427379402284e-07,0.0001666979505267405,-5.7837937626989676e-05
1629,1327,1000.0,0.00016681389984848582,-5.783788388713508e-05,-2.272154592700777e-07,0.00016681395730056884,-5.783794133921811e-05
1634,1328,990.0,0.0001678844831794925,-5.536266462671043e-05,2.2482737709094217e-07,0.0001678845397841761,-5.536272123139404e-05
1633,1328,991.0,0.00016707196815963428,-5.53626571250822e-05,2.1401823773153743e-07,0.00016707201963969882,-5.536270860514676e-05
1632,1328,98.0,0.00016707149550812734,-5.5374122007500744e-05,-6.069927026842699e-07,0.00016707190958625056,-5.537453608562396e-05
1635,1328,97.0,0.00016788423633649582,-5.5374122007500744e-05,-5.956432157464431e-07,0.00016788463362308763,-5.537451929409255e-05
1638,1329,1000.0,0.00016681392255743336,-5.796591394913856e-05,-1.516024689390957e-07,0.00016681394811945255,-5.7965939511157746e-05
1637,1329,109.0,0.0001668547377005383,-5.796598685742721e-05,-4.0972229982155946e-08,0.00016685473956727415,-5.796598872416304e-05
1636,1329,108.0,0.0001668547377005383,-5.785490383620094e-05,0.0,0.0001668547377005383,-5.7854903836200936e-05
1639,1329,107.0,0.00016681393484835284,-5.785490383620094e-05,-1.1062380781769502e-07,0.00016681394846575768,-5.7854917453605775e-05
1640,1330,97.0,0.00016788423633649582,-5.559838728153596e-05,-5.957106874453525e-07,0.0001678846333143313,-5.559878425937144e-05
1641,1330,990.0,0.00016788455438125199,-5.558403520451976e-05,4.6142418240273896e-07,0.0001678847925713815,-5.558427339464926e-05
1642,1330,95.0,0.0001689300643761163,-5.5584044588887936e-05,4.7492726937628255e-07,0.00016893031553589854,-5.5584295748670184e-05
1643,1330,96.0,0.0001689300643761163,-5.559838728153596e-05,-5.81512058389546e-07,0.0001689304408937742,-5.559876379919385e-05
1646,1331,988.0,0.0004854609683015345,-0.0001377751679640985,-3.1304720553690726e-05,0.0004858538242868726,-0.0001381680239494366
1644,1331,1327.0,0.00047986987799212774,-0.00012519853664541601,-2.182640004271333e-05,0.00048006664783410794,-0.00012539530648739621
1645,1331,987.0,0.0004799033938619121,-0.00013840341928949315,-1.6775221862273468e-05,0.0004800171546585218,-0.00013851718008610282
1647,1331,1326.0,0.00048546565454118604,-0.0001256171372410554,-3.604681754551184e-05,0.0004859967792507955,-0.00012614826195066485
1648,1332,142.0,0.00047280969007082105,-0.0001200212792945659,-7.524925156038656e-06,0.00047283356796389464,-0.00012004515718763947
1649,1332,143.0,0.00047280969007082105,-0.00013286677984547296,-1.4551727667375808e-06,0.00047281056410375383,-0.00013286765387840574
1650,1332,987.0,0.0004799029721958073,-0.00013216339800571321,-1.6799145182993733e-05,0.0004800182203796811,-0.000132278646189587
1651,1332,1327.0,0.00047982777953142416,-0.00010777168944507966,-2.816557733629002e-05,0.0004801651030995126,-0.00010810901301316813
1652,1333,142.0,0.000470581265022774,-0.00010481983233330417,-2.411860082502347e-05,0.0004708338938512246,-0.00010507246116175478
1653,1333,1327.0,0.0004722718669234252,-0.00012460135293151546,-1.5280714227051961e-06,0.00047227284493616274,-0.00012460233094425296
1654,1333,1326.0,0.00046950667923643247,-0.000125743080430919,-4.08387313711369e-05,0.00047020632000240655,-0.00012644272119689305
1655,1333,989.0,0.00046918907567894755,-0.00010725203466920774,-4.404126251610595e-05,0.00047002906195917613,-0.00010809202094943629
1656,1334,989.0,0.00047294220566722334,-0.00011577005448339123,-5.7367481844752474e-05,0.0004743364573435094,-0.00011716430615967729
1657,1334,1326.0,0.00046937969284217146,-0.00013513544598437604,-3.802888136114971e-05,0.0004699771831885377,-0.00013573293633074228
1658,1334,26.0,0.0004896222987589328,-0.00013400574715116676,-6.569537897792993e-05,0.000491347676224589,-0.00013573112461682287
1659,1334,36.0,0.0004896222987589328,-0.00011607708708167372,-7.923038252032923e-05,0.0004922023029548423,-0.00011865709127758313
1663,1335,26.0,0.0004939229545584366,-0.00013474425523106394,-4.834792276750023e-05,0.0004948511386186944,-0.00013567243929132167
1660,1335,1326.0,0.0004854662698787135,-0.0001352217414067318,-3.665839225141729e-05,0.0004860070680926364,-0.00013576253962065474
1661,1335,988.0,0.00048545923537014583,-0.00014473718432446984,-2.9548690360543806e-05,0.0004858054154309228,-0.00014508336438524684
1662,1335,984.0,0.0004951139741370507,-0.00014428368278155912,-4.282589778007752e-05,0.0004958302753118183,-0.00014499998395632667
1666,1336,983.0,0.0004970955921771783,-0.00015137323275754097,-2.6356439034556922e-05,0.0004973632901770689,-0.0001516409307574316
1664,1336,988.0,0.0004916216187568281,-0.00014500335698332338,-2.2170531934798468e-05,0.0004918145830466881,-0.00014519632127318337
1667,1336,984.0,0.0004969143510617346,-0.00014472011577794006,-3.04371699593603e-05,0.0004972751097085115,-0.000145080874424717
1665,1336,1329.0,0.000492022645832044,-0.0001517445798239085,-1.8367673024642997e-05,0.0004921536336983151,-0.00015187556769017958
1671,1337,983.0,0.000498398317741169,-0.00015184073740564543,-1.6667689927642518e-05,0.0004985051116447243,-0.00015194753130920062
1669,1337,1328.0,0.0004964330037015383,-0.0001570396423382353,-9.432736201754263e-06,0.0004964670418049009,-0.00015707368044159785
1668,1337,1329.0,0.0004959354858251157,-0.0001521598339534421,-9.89390197769259e-06,0.0004959732440030553,-0.00015219759213138176
1670,1337,982.0,0.0004984321685256865,-0.0001566944401501322,-1.496314100726294e-05,0.0004985175972022216,-0.00015677986882666722
1675,1338,988.0,0.0004914584064608287,-0.00013813688760930265,-2.3343761203985583e-05,0.0004916747136811278,-0.00013835319482960164
1674,1338,1329.0,0.0004917191524688933,-0.00014578423199485381,-2.1167648035020498e-05,0.0004918948165919061,-0.00014595989611786663
1673,1338,1330.0,0.00048832518216025,-0.0001470056761280794,-1.1667889769494122e-05,0.0004883787480199481,-0.00014705924198777748
1672,1338,987.0,0.0004882413966110499,-0.00013851378512443697,-1.4632442591689526e-05,0.0004883267884894684,-0.0001385991770028554
1676,1339,1330.0,0.0004907551841053098,-0.00014797726903174245,-4.804354312333559e-06,0.0004907642182062802,-0.00014798630313271277
1679,1339,1329.0,0.0004949464096923907,-0.0001470706520969687,-1.2081439042316983e-05,0.0004950032416126584,-0.00014712748401723644
1678,1339,1328.0,0.0004955136966785095,-0.00015036731474646058,-1.0930852653109717e-05,0.0004955599416459349,-0.00015041355971388587
1677,1339,144.0,0.0004934284294107558,-0.0001511955940853104,-7.074689626844488e-06,0.0004934478398439821,-0.00015121500451853665
1683,1340,987.0,0.00048823906981499895,-0.00013228674323528914,-1.455730006114965e-05,0.0004883244352549133,-0.00013237210867520353
1682,1340,1330.0,0.00048826738895050084,-0.00015351332705883643,-1.4037765941714297e-05,0.0004883441423116589,-0.00015359008041999447
1681,1340,144.0,0.0004876107126038972,-0.00014378607726430224,-1.5944321509180764e-06,0.000487611719185603,-0.000143787083846008
1680,1340,143.0,0.0004876107126038972,-0.00013286677984547296,-2.148687321660084e-06,0.00048761257280165664,-0.0001328686400432324
1685,1341,986.0,0.0004984842342209382,-0.00016141748375994333,-1.8662394699608953e-06,0.0004984855536760558,-0.00016141880321506085
1684,1341,1328.0,0.0004984589219375959,-0.00015748213823712164,-2.6367948107990785e-06,0.0004984615718169864,-0.0001574847881165121
1687,1341,982.0,0.0004995865792777141,-0.00015716113859663616,-7.732727151875049e-06,0.0004996093402996871,-0.00015718389961860913
1686,1341,981.0,0.000499504792293869,-0.0001615100332785088,-6.392203668164828e-06,0.0004995202455450453,-0.00016152548652968512
1689,1342,145.0,0.0004979465636733883,-0.00016029031379964068,1.9943095894998236e-06,0.000497948074247221,-0.00016029182437347342
1688,1342,144.0,0.0004979465636733883,-0.0001536402283631141,1.6590227047662276e-06,0.0004979476196922901,-0.0001536412843820159
1690,1342,986.0,0.0004983585384612833,-0.00015973953424854847,-6.204574387080539e-06,0.0004983731623788594,-0.00015975415816612453
1691,1342,1328.0,0.0004983468806199903,-0.00015167056323190915,-6.3801774481554024e-06,0.0004983625362321058,-0.00015168621884402471
1695,1343,981.0,0.0004995423982568324,-0.00016139779339309712,-8.773594761708747e-07,0.0004995426894175611,-0.00016139808455382582
1694,1343,980.0,0.0004995905483716739,-0.00016434089568645533,-1.521394283015079e-06,0.0004995914199366323,-0.00016434176725141386
1693,1343,1331.0,0.0005004481184279989,-0.00016414866604131802,1.6197241575928445e-06,0.0005004491053054983,-0.00016414965291881742
1692,1343,986.0,0.0005004343770000225,-0.00016133242039442682,2.352416881377245e-06,0.0005004364675581027,-0.00016133451095250707
1697,1344,146.0,0.000500544773615625,-0.00016394879161136627,1.7920892846044756e-06,0.0005005459818960104,-0.0001639499998917516
1696,1344,145.0,0.000500544773615625,-0.00016029031379964068,1.8191754753565936e-06,0.0005005460255895302,-0.00016029156577354587
1698,1344,1331.0,0.0005005152191421801,-0.00016408581303383997,-2.200789014748447e-06,0.000500517041084509,-0.00016408763497616888
1699,1344,986.0,0.00050051468983465,-0.0001600164204920571,-2.2421530572573622e-06,0.0005005165925595073,-0.00016001832321691444
1700,1345,1331.0,0.0005007692483976357,-0.0001640090231884292,3.882759453911408e-06,0.000500774917841513,-0.00016401469263230655
1701,1345,985.0,0.0005008154507999546,-0.0001652542388931672,2.692895496387432e-06,0.0005008181726084357,-0.00016525696070164824
1703,1345,980.0,0.0004994212830906515,-0.00016409354072693442,2.441259602808596e-06,0.0004994235286050187,-0.00016409578624130162
1702,1345,979.0,0.0004994847789846924,-0.00016536698852117086,1.240780375298678e-06,0.0004994853578861387,-0.00016536756742261722
1707,1346,1331.0,0.0005009122122814416,-0.00016400878259640017,5.697611088831267e-08,0.0005009122135019916,-0.00016400878381695017
1706,1346,985.0,0.0005009240160042134,-0.0001656948678944479,-1.9588986205874848e-07,0.0005009240303950588,-0.0001656948822852933
1705,1346,147.0,0.0005012396326651101,-0.00016552421836906847,1.5207986639575316e-06,0.0005012404998482832,-0.00016552508555224164
1704,1346,146.0,0.0005012396326651101,-0.00016394879161136627,1.815940442677355e-06,0.0005012408720258036,-0.00016395003097205974
1710,1347,972.0,0.0004984836026618207,-0.00016466427569409382,4.431953400593769e-07,0.0004984836767109483,-0.0001646643497432214
1709,1347,1344.0,0.00049859285397141,-0.00016465504480196334,3.613248488153198e-07,0.0004985929031821339,-0.00016465509401268716
1708,1347,1343.0,0.0004985828271591476,-0.00016473107441966888,4.918628307842843e-07,0.0004985829183410942,-0.00016473116560161547
1711,1347,973.0,0.0004984923891011087,-0.00016472955541159352,5.446456724372828e-07,0.0004984925009184501,-0.000164729667228935
1714,1348,971.0,0.0004984780057971892,-0.00016464473199733965,2.8065784432595997e-07,0.0004984780354933592,-0.00016464476169350957
1715,1348,972.0,0.000498491271474881,-0.0001646506099984605,3.432932210757633e-07,0.000498491315903619,-0.00016465065442719854
1713,1348,1341.0,0.000498529316931633,-0.00016464355308544354,2.6312737123543317e-07,0.0004985293430319207,-0.00016464357918573124
1712,1348,1344.0,0.0004985844959531499,-0.0001646494235591469,3.218228418547242e-07,0.0004985845349928961,-0.00016464946259889309
1719,1349,1343.0,0.0004985895218556913,-0.00016479635367382442,4.140577198226414e-07,0.0004985895864650631,-0.0001647964182831962
1718,1349,1344.0,0.0004985920565710594,-0.00016460691563419268,3.673398574696729e-07,0.0004985921074376041,-0.00016460696650073733
1717,1349,1341.0,0.0004986088965163969,-0.00016472415119278945,2.853687931028692e-07,0.0004986089272081228,-0.00016472418188451533
1716,1349,1340.0,0.0004986050545483442,-0.00016482258850359665,3.248530250771209e-07,0.0004986050943151081,-0.0001648226282703605
1723,1350,971.0,0.000498452399520885,-0.0001646298544263487,2.274435931919061e-07,0.0004984524190247197,-0.00016462987393018333
1722,1350,970.0,0.0004984589783124695,-0.0001645600359341035,1.5312742256828882e-07,0.0004984589871538476,-0.00016456004477548156
1721,1350,1342.0,0.0004985085907122464,-0.00016456210365879272,1.0382001642411653e-07,0.0004985085947761403,-0.0001645621077226866
1720,1350,1341.0,0.0004985102559173487,-0.00016461492024180484,1.531702183022593e-07,0.0004985102647622532,-0.00016461492908670936
1725,1351,1340.0,0.0004987953415582034,-0.00016482208130285457,3.8001945461968445e-07,0.000498795395962582,-0.00016482213570723312
1726,1351,1343.0,0.0004986803728771264,-0.00016477753751348024,5.066361627899252e-07,0.0004986804695977171,-0.00016477763423407095
1727,1351,1338.0,0.0004986768991249099,-0.00016499126788922485,6.661201185434451e-07,0.0004986770662701501,-0.00016499143503446501
1724,1351,1339.0,0.0004987859070923091,-0.00016499973168150478,5.216270878502516e-07,0.0004987860095707151,-0.00016499983415991073
1730,1352,973.0,0.0004984972635322105,-0.0001647265680030315,6.534752212822292e-07,0.0004984974244996474,-0.0001647267289704685
1731,1352,974.0,0.0004985074049876706,-0.00016483346092637587,8.579175868085598e-07,0.0004985076823798515,-0.00016483373831855684
1729,1352,1343.0,0.0004986790201788049,-0.00016472911542965614,5.657836281147688e-07,0.0004986791408100719,-0.0001647292360609231
1728,1352,1338.0,0.0004986744364896337,-0.00016483320109450192,7.722301443476021e-07,0.0004986746611815437,-0.00016483342578641201
1735,1353,970.0,0.0004984475589635134,-0.00016456242983546438,9.32668835634809e-08,0.0004984475622435212,-0.00016456243311547208
1734,1353,969.0,0.0004984483767899867,-0.00016451489218598478,7.162275260201578e-08,0.0004984483787244145,-0.00016451489412041268
1733,1353,1337.0,0.0004984662292719429,-0.0001645169877421692,2.9338832136308057e-08,0.000498466229596524,-0.00016451698806675019
1732,1353,1342.0,0.0004984661760536885,-0.00016456424334759285,4.9018155080099435e-08,0.0004984661769596723,-0.00016456424425357672
1737,1354,155.0,0.000498470864614348,-0.00016452907236487655,-6.3266937539580015e-09,0.0004984708646294412,-0.0001645290723799697
1736,1354,154.0,0.000498470864614348,-0.0001645844921150848,-1.3748563884585785e-09,0.0004984708646150606,-0.00016458449211579748
1739,1354,1342.0,0.0004984661715756542,-0.00016457952703355383,5.070484506569661e-08,0.0004984661725450374,-0.00016457952800293698
1738,1354,1337.0,0.0004984661846190487,-0.00016452589918749863,4.576713850609759e-08,0.0004984661854088888,-0.00016452589997733875
1741,1355,154.0,0.0004985350163504033,-0.0001645844921150848,4.689468665816654e-09,0.0004985350163586941,-0.00016458449212337556
1740,1355,153.0,0.0004985350163504033,-0.00016469721074269516,3.2873938023147975e-08,0.0004985350167577627,-0.00016469721115005466
1743,1355,1341.0,0.0004985095720140709,-0.0001646790883437996,1.30102531586615e-07,0.0004985095783948603,-0.00016467909472458892
1742,1355,1342.0,0.0004985087197573613,-0.00016457455044439394,1.0737203829519482e-07,0.0004985087241040078,-0.00016457455479104054
1747,1356,1340.0,0.0004986293589549287,-0.0001648398163200271,2.2552069795303553e-07,0.000498629378119189,-0.00016483983548428737
1746,1356,1341.0,0.000498629318638609,-0.00016467285302292455,1.864404231138872e-07,0.0004986293317397385,-0.00016467286612405408
1745,1356,153.0,0.000498629178156974,-0.00016469721074269516,4.9643183038308725e-08,0.0004986291790857948,-0.000164697211671516
1744,1356,152.0,0.000498629178156974,-0.00016486797534088907,4.9467787116563855e-08,0.0004986291790790057,-0.0001648679762629209
1751,1357,1339.0,0.0004988019226038268,-0.0001650813497138449,3.0935855124814005e-07,0.0004988019586428083,-0.0001650813857528264
1749,1357,152.0,0.0004988330670257519,-0.00016486797534088907,8.208442630643076e-08,0.0004988330695637369,-0.00016486797787887403
1748,1357,151.0,0.0004988330670257519,-0.00016508726417642448,1.175064068062448e-07,0.0004988330722250788,-0.00016508726937575148
1750,1357,1340.0,0.0004988047837343104,-0.0001648399649400677,2.526548276565732e-07,0.0004988048077812345,-0.00016483998898699181
1753,1358,1338.0,0.0004988264637359012,-0.00016483345318620452,8.544069327216797e-07,0.000498826738730249,-0.00016483372818055237
1752,1358,1334.0,0.0004988265833690726,-0.00016495601349088496,1.2074858030050595e-06,0.0004988271325024656,-0.00016495656262427788
1754,1358,974.0,0.0004984997374418987,-0.00016483379910687786,9.688030932833436e-07,0.0004985000911775691,-0.00016483415284254828
1755,1358,975.0,0.0004985226497901153,-0.00016496176385568084,1.3295423832160314e-06,0.0004985233158499118,-0.00016496242991547737
1759,1359,1334.0,0.0004988265298277953,-0.00016522741133994238,1.049356450549127e-06,0.0004988269443830764,-0.0001652278258952234
1758,1359,1338.0,0.0004988264295882616,-0.00016498682641489444,7.53561630980476e-07,0.000498826643449217,-0.0001649870402758499
1757,1359,1339.0,0.0004990600972039835,-0.00016499750326586234,5.766908792170788e-07,0.0004990602224085995,-0.0001649976284704783
1756,1359,1335.0,0.0004990547091733716,-0.00016521518063861244,8.48776174892929e-07,0.0004990549803059007,-0.00016521545177114154
1762,1360,1339.0,0.000499064637940843,-0.00016508026586401354,3.5275024745304306e-07,0.000499064684780293,-0.00016508031270346359
1761,1360,151.0,0.000499153858554922,-0.00016508726417642448,1.273468401528921e-07,0.0004991538646585856,-0.00016508727028008815
1760,1360,150.0,0.000499153858554922,-0.0001653722043374769,2.387806245819635e-07,0.0004991538800048651,-0.00016537222578741993
1763,1360,1335.0,0.0004990620874251034,-0.00016540429930571941,4.85994307585641e-07,0.0004990621762898075,-0.0001654043881704235
1767,1361,969.0,0.0004984407310264314,-0.00016451713435100613,2.5081635966067717e-08,0.0004984407312636594,-0.00016451713458823404
1766,1361,968.0,0.0004984408250847568,-0.00016449491420134549,1.9782591450384635e-08,0.0004984408252323393,-0.00016449491434892803
1765,1361,1336.0,0.0004984454828464973,-0.00016449561634697854,-1.3158355221393192e-09,0.0004984454828471502,-0.00016449561634763148
1764,1361,1337.0,0.0004984454467195677,-0.0001645181792731449,3.794005744989226e-09,0.0004984454467249958,-0.000164518179278573
1771,1362,1337.0,0.0004984453287331676,-0.00016452738302083584,2.0011055082078122e-08,0.0004984453288841701,-0.0001645273831718384
1770,1362,1336.0,0.0004984453416122126,-0.00016449913043680442,1.804178360181874e-08,0.0004984453417349627,-0.00016449913055955446
1769,1362,156.0,0.0004984470686492867,-0.0001645002025452351,-9.56970327634088e-09,0.0004984470686838216,-0.00016450020257976995
1768,1362,155.0,0.0004984470686492867,-0.00016452907236487655,-7.76832459123411e-09,0.0004984470686720428,-0.00016452907238763257
1775,1363,968.0,0.0004984405849484588,-0.00016449574322454285,-5.317943294058658e-09,0.0004984405849591236,-0.00016449574323520772
1774,1363,967.0,0.0004984405685411024,-0.00016448546737965315,-3.762360197695491e-09,0.0004984405685464406,-0.00016448546738499135
1773,1363,1333.0,0.0004984389547151684,-0.0001644856647410705,-1.3800398934726843e-08,0.0004984389547869907,-0.00016448566481289275
1772,1363,1336.0,0.0004984389627927834,-0.00016449607552149724,-1.5429391694854466e-08,0.0004984389628825607,-0.00016449607561127454
1777,1364,157.0,0.0004984388807690136,-0.00016448609775801163,-9.897925749846603e-09,0.0004984388808059593,-0.00016448609779495736
1779,1364,1336.0,0.0004984388699612978,-0.00016449966909928075,3.88457912364748e-09,0.0004984388699669883,-0.00016449966910497132
1778,1364,1333.0,0.0004984388700137246,-0.00016448578201719386,3.806873722506099e-09,0.0004984388700191899,-0.00016448578202265916
1776,1364,156.0,0.0004984388807690136,-0.0001645002025452351,-9.886856756902151e-09,0.000498438880805876,-0.0001645002025820974
1780,1365,1349.0,0.0004997059009130833,-0.00016567119217647828,1.4931755342208197e-06,0.0004997067386224034,-0.00016567202988579835
1783,1365,1348.0,0.000499382343667764,-0.00016566037020294478,1.7194905160000662e-06,0.0004993834551161836,-0.0001656614816513644
1782,1365,1346.0,0.0004994079139926059,-0.0001654361974852718,1.3993069386715462e-06,0.0004994086502771373,-0.0001654369337698031
1781,1365,1345.0,0.0004997156694660741,-0.0001654092244804167,1.1339816109942613e-06,0.0004997161528013738,-0.00016540970781571635
1787,1366,1349.0,0.0004997047057706192,-0.00016597601076878357,1.5446928496032353e-06,0.0004997056018731832,-0.0001659769068713476
1786,1366,1345.0,0.0004997319801915701,-0.0001657462520668543,5.557258345462862e-07,0.0004997320962100716,-0.00016574636808535585
1785,1366,149.0,0.0005003806442133163,-0.0001656880826129208,1.5528050819474393e-07,0.000500380653263447,-0.00016568809166305143
1784,1366,148.0,0.0005003806442133163,-0.00016583179935144654,7.699016249850324e-07,0.0005003808666454849,-0.00016583202178361515
1789,1367,1349.0,0.0004997497364018708,-0.00016568513611512996,1.1848099183975336e-06,0.00049975026379136,-0.0001656856635046192
1788,1367,148.0,0.0005000339216023149,-0.00016589109596853142,1.1512453034333986e-06,0.0005000344191676276,-0.00016589159353384413
1790,1367,1348.0,0.0005001821035056538,-0.00016566970506343804,1.547669275441671e-06,0.0005001830028337475,-0.00016567060439153184
1791,1367,1347.0,0.0005002501662881714,-0.00016586026590847876,1.3618237865728813e-06,0.0005002508623296978,-0.00016586096195000513
1793,1368,1348.0,0.0004999702366284553,-0.00016529778235383743,2.188943624926651e-06,0.0004999720372039708,-0.0001652995829293529
1795,1368,978.0,0.0004987643855927804,-0.00016539485916504615,3.2210299855395252e-06,0.0004987682908960808,-0.00016539876446834654
1794,1368,977.0,0.0004988459441921736,-0.00016529672672410185,2.3000837938227936e-06,0.0004988479356203061,-0.00016529871815223435
1792,1368,1347.0,0.0004996924987949441,-0.00016540310126730723,3.1977955198443653e-06,0.0004996963425420265,-0.00016540694501438965
1798,1369,976.0,0.0004985829127623128,-0.00016511049791801633,1.9009868865368929e-06,0.0004985842739871166,-0.00016511185914282013
1797,1369,1346.0,0.00049938448506456,-0.0001650966160669325,1.6464027753557153e-06,0.0004993855048971534,-0.00016509763589952586
1796,1369,1348.0,0.0004993163677339246,-0.0001652953187571624,2.465512363217931e-06,0.0004993186543060775,-0.00016529760532931536
1799,1369,977.0,0.0004985751273949447,-0.00016529371641195234,2.6426375657057077e-06,0.0004985777572463468,-0.00016529634626335455
1803,1370,985.0,0.0005005959912871474,-0.00016557091568734962,9.94588366123872e-07,0.0005005963625174864,-0.0001655712869176886
1802,1370,1347.0,0.0005006191560515613,-0.0001659790871394815,7.660604553465927e-07,0.0005006193761423108,-0.0001659793072302309
1801,1370,148.0,0.0005008945105106771,-0.00016590276078009902,1.2407238522034458e-06,0.0005008950876704869,-0.00016590333793990874
1800,1370,147.0,0.0005008945105106771,-0.00016552421836906847,1.4858403502276268e-06,0.0005008953387132422,-0.00016552504657163357
1805,1371,1347.0,0.0005004472192342117,-0.00016545086216367984,2.681504951014199e-06,0.0005004499187613065,-0.00016545356169077468
1806,1371,978.0,0.0004991363499296207,-0.00016547769607228317,2.2482222700789117e-06,0.0004991382512168966,-0.00016547959735955907
1807,1371,979.0,0.0004990614346502796,-0.00016517969896433842,3.431324139201511e-06,0.0004990658659878638,-0.0001651841303019226
1804,1371,985.0,0.0005003419398744435,-0.00016515298355458067,3.856599170407732e-06,0.0005003475271568429,-0.00016515857083698005
1808,1372,149.0,0.0004996458642913988,-0.0001656880826129208,4.3707505309811823e-07,0.0004996459360728637,-0.00016568815439438572
1809,1372,150.0,0.0004996458642913988,-0.0001653722043374769,1.7148849807205324e-07,0.000499645875346852,-0.00016537221539293008
1810,1372,1335.0,0.0004994229562071996,-0.00016540846481993883,4.670940333042356e-07,0.0004994230382493542,-0.0001654085468620935
1811,1372,1345.0,0.0004994188047039126,-0.0001657916513828368,7.942102014796282e-07,0.000499419041760326,-0.0001657918884392501
1815,1373,1346.0,0.0004990316414079637,-0.00016544505399639558,1.5188302950504273e-06,0.0004990325093249531,-0.00016544592191338503
1812,1373,1345.0,0.0004994123203304786,-0.0001654237055910219,1.2926905030592045e-06,0.0004994129486986371,-0.00016542433395918044
1813,1373,1335.0,0.0004994179049681666,-0.00016521727681885747,8.566332051554437e-07,0.0004994181809918273,-0.00016521755284251813
1814,1373,1334.0,0.0004990331102062619,-0.000165229358573279,1.065278048474616e-06,0.0004990335373027201,-0.00016522978566973717
1816,1374,1346.0,0.0004990308099327712,-0.00016510381423195762,1.774079839592796e-06,0.0004990319946901789,-0.00016510499898936533
1817,1374,1334.0,0.0004990325898768227,-0.00016495757066605952,1.2248219314371644e-06,0.000499033154714819,-0.00016495813550405588
1818,1374,975.0,0.000498495881761464,-0.00016496536723463841,1.3971044151919743e-06,0.0004984966172598017,-0.0001649661027329761
1819,1374,976.0,0.0004985366992814391,-0.00016511302093198096,1.9403022250667756e-06,0.0004985381174861654,-0.00016511443913670728
1820,1375,1333.0,0.000498438399154871,-0.00016448576567803532,-1.8928852655447637e-08,0.0004984383992899925,-0.0001644857658131569
1821,1375,1332.0,0.0004984383915523846,-0.00016447907888817093,-1.6512590489403678e-08,0.0004984383916552125,-0.0001644790789909988
1822,1375,966.0,0.0004984407602441135,-0.00016447901853908353,-9.99155718925393e-09,0.0004984407602817618,-0.00016447901857673177
1823,1375,967.0,0.0004984407720025393,-0.00016448563726676916,-1.2371610100953001e-08,0.0004984407720602594,-0.00016448563732448924
1827,1376,1333.0,0.0004984383442351893,-0.0001644858999188858,-1.3228806453047248e-09,0.0004984383442358493,-0.00016448589991954572
1826,1376,1332.0,0.000498438342534992,-0.00016447726743480524,-8.047773940311753e-10,0.0004984383425352362,-0.00016447726743504942
1824,1376,157.0,0.0004984378020494278,-0.00016448609775801163,-9.92277759959137e-09,0.0004984378020865593,-0.0001644860977951432
1825,1376,158.0,0.0004984378020494278,-0.00016447735934889247,-9.371057905355196e-09,0.0004984378020825454,-0.0001644773593820101
1831,1377,966.0,0.0004984400943162902,-0.00016447897552161804,-5.365158123327163e-09,0.0004984400943271455,-0.0001644789755324734
1829,1377,160.0,0.0004984378998140297,-0.00016447083333080402,-1.1191988773251449e-08,0.0004984378998612687,-0.000164470833378043
1828,1377,1332.0,0.0004984379044120253,-0.00016447905009040888,-1.3415861643828464e-08,0.0004984379044799016,-0.0001644790501582851
1830,1377,161.0,0.000498440087191427,-0.00016447083333080402,-3.1708864145496563e-09,0.0004984400871952189,-0.00016447083333459583
1833,1378,159.0,0.0004984372639668735,-0.0001644655332376484,-8.760161800819288e-09,0.0004984372639958146,-0.00016446553326658945
1834,1378,160.0,0.0004984378709170269,-0.0001644655332376484,2.8794819861843735e-09,0.0004984378709201537,-0.0001644655332407753
1835,1378,1332.0,0.0004984378721690393,-0.00016447723411590898,2.293348993348543e-09,0.0004984378721710227,-0.0001644772341178924
1832,1378,158.0,0.0004984372639668735,-0.00016447735934889247,-9.376835311686316e-09,0.0004984372640000321,-0.00016447735938205098
1838,1379,1363.0,0.000498411158128844,-0.00016456974520298655,2.566894194248881e-07,0.0004984111829747541,-0.00016456977004889663
1837,1379,971.0,0.0004984682118153432,-0.00016456955956493393,2.491294048417858e-07,0.0004984682352172748,-0.00016456958296686547
1836,1379,972.0,0.0004984798844644527,-0.0001645751758506031,3.04150850199969e-07,0.000498479919343809,-0.0001645752107299594
1839,1379,1362.0,0.0004984249460511965,-0.00016457600630953128,3.179505494686763e-07,0.000498424984170503,-0.00016457604442883782
1842,1380,1360.0,0.0004984221001387672,-0.00016452428293640384,1.777434884466661e-07,0.0004984221120525312,-0.00016452429485016784
1843,1380,1361.0,0.0004984169230056439,-0.0001644853625120163,1.7165032500238153e-07,0.0004984169341173244,-0.00016448537362369678
1841,1380,1363.0,0.0004984061724633247,-0.0001645704686951421,2.3388001040708373e-07,0.0004984061930899404,-0.00016457048932175781
1840,1380,1362.0,0.0004983991384746138,-0.00016449966029788633,2.1751027963305691e-07,0.0004983991563169755,-0.000164499678140248
1847,1381,1363.0,0.000498388295618428,-0.0001645697214309915,2.5670336713939923e-07,0.0004983883204678959,-0.0001645697462804595
1846,1381,1360.0,0.0004984273382821151,-0.00016450606236701268,1.5696536586479182e-07,0.0004984273475734426,-0.00016450607165834029
1845,1381,970.0,0.0004984616081867982,-0.00016451544030322203,1.217935675437709e-07,0.0004984616137803828,-0.00016451544589680668
1844,1381,971.0,0.0004984575826584223,-0.0001645669112696396,1.6811983306885825e-07,0.0004984575933157502,-0.00016456692192696754
1850,1382,1359.0,0.0004984339706656689,-0.00016449664660155927,6.650256832718693e-08,0.0004984339723334873,-0.00016449664826937766
1849,1382,969.0,0.0004984495541948374,-0.00016449814927625424,4.261188905896329e-08,0.000498449554879572,-0.0001644981499609889
1851,1382,1360.0,0.0004984331475300242,-0.000164522376764191,8.396041919697672e-08,0.0004984331501883292,-0.00016452237942249598
1848,1382,970.0,0.0004984487792404312,-0.00016452784787077373,6.248321798504874e-08,0.0004984487807126371,-0.00016452784934297966
1854,1383,1356.0,0.00049844691515483,-0.0001644909048586241,1.1571899268675301e-08,0.0004984469152053282,-0.0001644909049091224
1852,1383,969.0,0.000498441280402346,-0.0001645009198178678,-3.6755212207140175e-09,0.0004984412804074405,-0.00016450091982296233
1853,1383,968.0,0.0004984411610556624,-0.00016449113425717722,2.3146620627134684e-09,0.0004984411610576828,-0.00016449113425919763
1855,1383,1359.0,0.0004984470426287625,-0.00016450036765198263,5.7984010370937256e-09,0.0004984470426414412,-0.00016450036766466137
1856,1384,973.0,0.0004984880651164036,-0.00016461115450628488,5.018164699784056e-07,0.0004984881600568462,-0.00016461124944672743
1857,1384,972.0,0.0004984790175874762,-0.00016458869398699972,3.936698965527341e-07,0.0004984790760189045,-0.00016458875241842804
1858,1384,1362.0,0.0004983869839721433,-0.00016459153605790668,4.263811777850679e-07,0.0004983870525267361,-0.0001645916046124995
1859,1384,1358.0,0.0004983992698050447,-0.0001646123238872773,5.256749704314612e-07,0.000498399374001613,-0.00016461242808384557
1860,1385,1358.0,0.0004983784417517539,-0.00016449448513213916,3.673112618438057e-07,0.0004983784926353952,-0.00016449453601578037
1861,1385,1362.0,0.0004983732741248633,-0.00016453336793163917,3.197989221770392e-07,0.0004983733126941497,-0.0001645334065009256
1862,1385,1361.0,0.0004983432654017128,-0.00016452348123353753,3.0343710313331107e-07,0.0004983433001274218,-0.00016452351595924646
1863,1385,1357.0,0.0004983475203909245,-0.00016449164758775372,3.4235780674990446e-07,0.000498347564598051,-0.00016449169179488029
1864,1386,1359.0,0.000498447568747961,-0.0001644946104458401,-1.8986378609933685e-08,0.0004984475688839014,-0.0001644946105817805
1865,1386,1356.0,0.0004984470011099983,-0.00016449253630214952,7.577534790609297e-09,0.0004984470011316516,-0.00016449253632380272
1867,1386,55.0,0.0004984737216719038,-0.00016449470266653526,-1.8130774933483584e-08,0.0004984737217958633,-0.0001644947027904948
1866,1386,54.0,0.0004984737216719038,-0.0001644925484304531,9.504852243810702e-09,0.0004984737217059712,-0.00016449254846452051
1871,1387,56.0,0.0004984709784773139,-0.0001644885667237588,-4.720058188051324e-09,0.0004984709784857152,-0.00016448856673216013
1870,1387,55.0,0.0004984709784773139,-0.0001644970421954027,3.3711615858231236e-08,0.0004984709789058689,-0.00016449704262395772
1869,1387,1359.0,0.0004984351589992653,-0.0001644973995324103,4.323134058722977e-08,0.0004984351597040689,-0.0001644974002372138
1868,1387,1360.0,0.0004984368917612895,-0.00016448990386735827,8.860426746470917e-09,0.0004984368917908957,-0.0001644899038969645
1875,1388,57.0,0.0004984554021520531,-0.00016446147624815948,-3.044073847158213e-10,0.000498455402152088,-0.00016446147624819444
1873,1388,1360.0,0.0004984007055275873,-0.000164506804149184,1.1030848487761369e-07,0.0004984007101164483,-0.00016450680873804504
1872,1388,1361.0,0.0004983811526794758,-0.00016446892331007659,5.513554992252201e-08,0.0004983811538260129,-0.00016446892445661372
1874,1388,56.0,0.0004984554021520531,-0.00016450124849514113,6.934601803378071e-08,0.0004984554039654712,-0.00016450125030855923
1877,1389,1361.0,0.0004983264578486014,-0.00016448729728539037,1.693511319754426e-07,0.0004983264686660464,-0.0001644873081028354
1876,1389,1357.0,0.0004983173935408543,-0.00016444536901238352,9.975911646406543e-08,0.0004983173972947922,-0.0001644453727663215
1878,1389,57.0,0.0004983771864896912,-0.0001644822948061777,1.3196025078557327e-07,0.0004983771930572626,-0.000164482301373749
1879,1389,58.0,0.0004983771864896912,-0.00016444517221127577,6.58389331248399e-08,0.0004983771881246562,-0.00016444517384624067
1880,1390,974.0,0.0004985039028184771,-0.00016465134761505797,7.943420866907136e-07,0.0004985041406885399,-0.00016465158548512081
1883,1390,1355.0,0.0004983481485354435,-0.0001646522602450455,8.269196991490813e-07,0.0004983484063768844,-0.0001646525180864864
1882,1390,1358.0,0.0004983316083672883,-0.0001646197251419677,6.447985259963596e-07,0.000498331765152945,-0.00016461988192762443
1881,1390,973.0,0.0004984946930356865,-0.0001646178757045186,6.056042643753923e-07,0.0004984948313064967,-0.00016461801397532882
1886,1391,1357.0,0.0004982079383243181,-0.00016450536615579862,4.922128747572585e-07,0.0004982080297188468,-0.0001645054575503274
1885,1391,1358.0,0.0004983163514866336,-0.00016450567569491128,4.843198112905456e-07,0.0004983164399589681,-0.00016450576416724571
1884,1391,1355.0,0.0004983292626310545,-0.00016450159505961189,6.291174160892588e-07,0.0004983294119107046,-0.000164501744339262
1887,1391,1354.0,0.0004982160990711602,-0.00016450164203907235,6.242574024199754e-07,0.000498216246078398,-0.00016450178904631006
1890,1392,58.0,0.0004981867801512815,-0.00016444582522144016,1.783433888347119e-07,0.0004981867921512811,-0.00016444583722143968
1889,1392,1357.0,0.0004981917433113728,-0.0001644461533997965,2.3429381572001584e-07,0.0004981917640216244,-0.00016444617411004816
1891,1392,59.0,0.0004981867801512815,-0.00016437394000270251,1.8471675230710694e-07,0.0004981867930256782,-0.0001643739528770991
1888,1392,1354.0,0.0004981922412287676,-0.00016435544244798703,2.4795228829171956e-07,0.0004981922644272243,-0.00016435546564644375
1895,1393,54.0,0.0004984638675743277,-0.00016449238524584518,-1.8462967519422557e-08,0.0004984638677028736,-0.0001644923853743911
1894,1393,53.0,0.0004984638675743277,-0.00016448920229010565,-2.6608046495291138e-09,0.0004984638675769974,-0.00016448920229277544
1893,1393,1353.0,0.0004984484792184725,-0.00016448921403065884,-5.8186965593010065e-09,0.0004984484792312404,-0.00016448921404342673
1892,1393,1356.0,0.0004984486147215968,-0.00016449236735645046,-2.1446464257279807e-08,0.0004984486148950477,-0.0001644923675299013
1898,1394,1353.0,0.0004984485096481191,-0.00016448629241034868,-9.359608857048562e-09,0.000498448509681155,-0.0001644862924433845
1897,1394,967.0,0.0004984406765220096,-0.00016448636441306622,-1.4660673362809629e-08,0.0004984406766030651,-0.0001644863644941217
1896,1394,968.0,0.0004984407571798077,-0.0001644917651014019,-2.2754482546447075e-08,0.0004984407573750638,-0.00016449176529665795
1899,1394,1356.0,0.0004984485794029773,-0.00016449163456678883,-1.7372346394761706e-08,0.0004984485795167878,-0.0001644916346805994
1902,1395,1366.0,0.000497639642076048,-0.00016467697299296934,1.8012505536950385e-06,0.0004976408667537489,-0.0001646781976706703
1903,1395,1364.0,0.0004976828208057092,-0.00016468390777458878,2.6752189928192643e-06,0.0004976855220160676,-0.00016468660898494726
1901,1395,976.0,0.0004985851044738872,-0.00016467613556028906,1.688171088306406e-06,0.00049858617867996,-0.00016467720976636187
1900,1395,977.0,0.0004985751597590127,-0.000164683630167157,2.6331415277063702e-06,0.0004985777731457824,-0.00016468624355392666
1907,1396,1366.0,0.0004980724355468889,-0.000164685283679124,1.8273417069225584e-06,0.0004980736951215686,-0.00016468654325380372
1906,1396,1365.0,0.0004979367753410041,-0.00016467452431876984,1.330705056399456e-06,0.0004979374434454278,-0.00016467519242319349
1905,1396,975.0,0.0004984852194458763,-0.00016467355455639034,1.2738666196575321e-06,0.0004984858311902773,-0.0001646741663007913
1904,1396,976.0,0.0004985216424084546,-0.00016468420327739715,1.7675036172205838e-06,0.0004985228200456505,-0.000164685380914593
1911,1397,1365.0,0.0004982507443824519,-0.00016466879384186874,1.235128406908842e-06,0.0004982513196939225,-0.0001646693691533393
1910,1397,1355.0,0.0004982143971559508,-0.00016465552231033397,9.292690974598006e-07,0.0004982147228384889,-0.0001646558479928721
1908,1397,975.0,0.0004985136011086133,-0.0001646678622429409,1.2022009884780915e-06,0.0004985141459391421,-0.00016466840707346966
1909,1397,974.0,0.0004984952554402695,-0.00016465511828560916,9.077855536755719e-07,0.0004984955661066952,-0.0001646554289520349
1913,1398,1355.0,0.0004981886474256236,-0.00016450008449553084,7.298527526823639e-07,0.0004981888483815375,-0.00016450028545144475
1914,1398,1354.0,0.0004980862741143163,-0.00016450048967959824,7.00773653539849e-07,0.000498086459404607,-0.0001645006749698889
1915,1398,1367.0,0.0004980932535880861,-0.00016446617361998205,8.300541815692286e-07,0.0004980935135608696,-0.00016446643359276553
1912,1398,1365.0,0.0004982019878832546,-0.00016446969178119872,8.462809770390378e-07,0.0004982022580740678,-0.0001644699619720119
1916,1399,1366.0,0.0004977926473664837,-0.00016433586533617098,8.919309803867917e-07,0.0004977929477388804,-0.00016433616570856762
1917,1399,1365.0,0.0004978299244268684,-0.00016448154380490016,9.89640463720104e-07,0.0004978302941123366,-0.00016448191349036832
1918,1399,1367.0,0.0004980519249340523,-0.00016445324311850748,7.273740743381912e-07,0.00049805212458264,-0.00016445344276709518
1919,1399,60.0,0.0004979062373853061,-0.00016430742843704467,7.445874426175586e-07,0.000497906446687195,-0.00016430763773893359
1922,1400,59.0,0.0004977272149212161,-0.00016432952355892728,1.946098084244785e-07,0.000497727229222474,-0.00016432953786018521
1920,1400,1367.0,0.000498095792026608,-0.00016434548778571654,8.830014551972076e-07,0.0004980960862757918,-0.0001643457820349003
1921,1400,1354.0,0.0004980631434648199,-0.00016433183471638757,2.8779542261304913e-07,0.0004980631747249456,-0.00016433186597651335
1923,1400,60.0,0.0004977272149212161,-0.00016433752426948044,5.438393719334883e-07,0.0004977273266025952,-0.00016433763595085954
1924,1401,1364.0,0.000497616595569161,-0.00016410455843008498,1.362859208740158e-06,0.0004976172972934606,-0.0001641052601543845
1925,1401,1366.0,0.000497588748309425,-0.00016430031381758513,7.893222562262159e-07,0.0004975889836318673,-0.00016430054914002749
1926,1401,60.0,0.0004970686700426653,-0.0001642577220045542,7.314544264881012e-07,0.0004970688722973389,-0.00016425792425922784
1927,1401,61.0,0.0004970686700426653,-0.00016408776400499278,1.2210149547674937e-06,0.0004970692337807504,-0.00016408832774307796
1928,1402,978.0,0.0004987022689966134,-0.00016464182972473367,3.848428294329562e-06,0.0004987078506682317,-0.00016464741139635212
1929,1402,977.0,0.0004988473851449717,-0.0001646681491422627,2.2277657966834896e-06,0.0004988492550810175,-0.00016467001907830857
1931,1402,1352.0,0.000497165962727945,-0.0001646427938831041,3.764059105971704e-06,0.0004971713147372059,-0.00016464814589236496
1930,1402,1364.0,0.0004971894158071928,-0.00016466709459904438,2.2659091234375484e-06,0.0004971913551735927,-0.00016466903396544422
1935,1403,62.0,0.0004958386096118698,-0.0001637723159073804,2.1069484890910706e-06,0.000495840292126683,-0.00016377399842219353
1934,1403,61.0,0.0004958386096118698,-0.00016403904986179296,7.778607019545691e-07,0.0004958388388464305,-0.0001640392790963537
1933,1403,1364.0,0.000497210144228025,-0.0001640633517378475,9.320213689729268e-07,0.0004972104726335207,-0.00016406368014334317
1932,1403,1352.0,0.0004971871301287494,-0.00016376824149884177,2.3978844402462035e-06,0.0004971893049468673,-0.00016377041631695968
1938,1404,52.0,0.0004984522887779667,-0.00016448605841562838,-6.448842720246928e-09,0.0004984522887936497,-0.00016448605843131142
1939,1404,53.0,0.0004984522887779667,-0.00016448923961253124,-1.255809586528378e-08,0.0004984522888374388,-0.00016448923967200328
1936,1404,1353.0,0.0004984463603747453,-0.0001644892513054365,-1.5667576350880674e-08,0.0004984463604673158,-0.00016448925139800693
1937,1404,1351.0,0.0004984463349519772,-0.00016448606925235302,-9.569917063662059e-09,0.0004984463349865145,-0.00016448606928689023
1940,1405,967.0,0.0004984408251773476,-0.00016448648391760665,-2.3276628690477308e-08,0.0004984408253816692,-0.00016448648412192824
1941,1405,966.0,0.000498440797254314,-0.0001644823725331857,-1.7568083630209452e-08,0.0004984407973707066,-0.00016448237264957838
1943,1405,1353.0,0.0004984463750903161,-0.00016448642868393078,-1.9216517072040418e-08,0.0004984463752295739,-0.00016448642882318867
1942,1405,1351.0,0.0004984463514246789,-0.00016448234604408973,-1.3544967668310814e-08,0.0004984463514938666,-0.0001644823461132775
1947,1406,1368.0,0.0004966675658064929,-0.00016440387264934502,4.664298630096056e-06,0.0004966757931362826,-0.0001644120999791347
1946,1406,1352.0,0.0004967318268658261,-0.00016469197686206006,2.476397566552116e-06,0.0004967341447909529,-0.00016469429478718683
1945,1406,978.0,0.0004990940081634129,-0.00016467998512290983,2.877674990372711e-06,0.0004990971270617593,-0.00016468310402125618
1944,1406,979.0,0.000498951135503304,-0.00016437936410283857,5.150684650451556e-06,0.0004989611339703226,-0.0001643893625698572
1948,1407,1350.0,0.0004962488799188369,-0.00016212836420468636,5.829509182923853e-06,0.0004962617838092642,-0.00016214126809511374
1951,1407,64.0,0.0004917044911937323,-0.00016235396900126026,3.7483743944733555e-06,0.0004917098615834191,-0.0001623593393909471
1950,1407,63.0,0.0004917044911937323,-0.0001635830660434498,-6.137531093110271e-07,0.0004917046349065163,-0.00016358320975623378
1949,1407,1368.0,0.0004964395473367831,-0.00016345777794200876,1.1650761601103565e-06,0.0004964400615839808,-0.00016345829218920643
1953,1408,979.0,0.0004993958933331606,-0.00016456073547658844,2.9703207296161854e-06,0.0004993992153728505,-0.0001645640575162783
1952,1408,980.0,0.0004992528829210335,-0.00016376991312639093,5.7784515878761544e-06,0.0004992654729363839,-0.00016378250314174128
1955,1408,1350.0,0.0004963007950722839,-0.00016386534017984639,4.615037531279648e-06,0.0004963088605841558,-0.00016387340569171824
1954,1408,1368.0,0.0004964118597559318,-0.00016462853363089652,1.8975305045056123e-06,0.0004964132214785415,-0.0001646298953535062
1958,1409,62.0,0.000494023636501523,-0.0001637960953054093,5.001281590463758e-07,0.0004940237315610535,-0.00016379619036493976
1959,1409,63.0,0.000494023636501523,-0.00016325037253429251,3.146836965360611e-06,0.0004940274030151854,-0.00016325413904795492
1957,1409,1352.0,0.0004967710901259432,-0.0001637875666874104,1.1079864921017396e-06,0.0004967715547452432,-0.00016378803130671053
1956,1409,1368.0,0.0004966875427065854,-0.00016319879248884693,3.946264467109134e-06,0.0004966934425347763,-0.00016320469231703776
1963,1410,52.0,0.0004984450589529121,-0.00016448605161984635,-4.529918301576785e-09,0.0004984450589606505,-0.00016448605162758479
1962,1410,51.0,0.0004984450589529121,-0.0001644848947293788,-2.9307217867813318e-09,0.0004984450589561513,-0.00016448489473261792
1961,1410,162.0,0.0004984435022662541,-0.0001644848947293788,-4.056859782136657e-09,0.0004984435022724607,-0.00016448489473558538
1960,1410,1351.0,0.0004984435060938937,-0.00016448605554649377,-5.658715197809361e-09,0.0004984435061059693,-0.00016448605555856934
1965,1411,161.0,0.0004984401074497706,-0.00016447895684062216,-9.458143639812233e-09,0.0004984401074835064,-0.00016447895687435798
1964,1411,966.0,0.0004984401186751176,-0.0001644823417856637,-1.2945556876475806e-08,0.0004984401187383178,-0.00016448234184886394
1967,1411,1351.0,0.0004984435155603144,-0.00016448231994399618,-9.636144014668613e-09,0.0004984435155953316,-0.00016448231997901342
1966,1411,162.0,0.0004984435072694464,-0.00016447895684062216,-6.168464301847809e-09,0.0004984435072837957,-0.00016447895685497147
1969,1412,980.0,0.0004993926716675649,-0.00016423128065549497,1.8313269482660849e-06,0.0004993939350909219,-0.00016423254407885195
1968,1412,981.0,0.0004992681218748615,-0.00016226226721180936,3.829711642287098e-06,0.0004992736645410113,-0.00016226780987795909
1971,1412,1371.0,0.000496894668958716,-0.00016256095312526428,1.2986926880356742e-06,0.0004968953083501345,-0.0001625615925166828
1970,1412,1350.0,0.0004970850481381926,-0.00016448143709947485,-5.862761862859833e-07,0.0004970851780267627,-0.0001644815669880449
1975,1413,1372.0,0.0004982468040502265,-0.00016061157540676077,-5.059162099261064e-06,0.0004982565158277003,-0.0001606212871842346
1974,1413,1371.0,0.0004984607896157886,-0.00016340015942896744,-4.6998174918332775e-06,0.0004984691327602422,-0.00016340850257342104
1973,1413,981.0,0.0004991163303185546,-0.00016299745097344735,-1.631178677380385e-06,0.0004991173349570003,-0.000162998455611893
1972,1413,982.0,0.0004990678333544659,-0.00016036614519745318,-1.2728185405184306e-06,0.0004990684475423834,-0.0001603667593853707
1979,1414,1370.0,0.0004996338561205731,-0.0001572135397306308,-1.4589725375309046e-05,0.0004997148619371836,-0.00015729454554724135
1978,1414,1372.0,0.0004995071162359945,-0.00016114835207753093,-1.3139263350850361e-05,0.0004995724389274223,-0.0001612136747689587
1977,1414,982.0,0.0004985468249738313,-0.00016086928141682735,-8.958471211698016e-06,0.0004985772498083898,-0.00016089970625138587
1976,1414,983.0,0.00049853075642603,-0.00015710148494426203,-9.740010311934735e-06,0.000498566928597404,-0.00015713765711563606
1980,1415,1370.0,0.0004984606472068949,-0.00016108833518220435,-5.7963907534666625e-06,0.000498473382234141,-0.00016110107020945037
1983,1415,1369.0,0.0004979112666395197,-0.00016120400631747494,-7.397292914903403e-06,0.0004979320210590158,-0.0001612247607369711
1981,1415,1372.0,0.0004985263792264827,-0.00016239969091648117,-6.0714857805094224e-06,0.0004985403226021404,-0.00016241363429213892
1982,1415,1373.0,0.0004979708094803373,-0.0001626675735674105,-7.743562423903616e-06,0.0004979934999192852,-0.0001626902640063584
1984,1416,1369.0,0.000496726215199467,-0.0001632182773925934,3.092451932492843e-06,0.0004967298379308352,-0.0001632219001239615
1987,1416,66.0,0.00048729092591555216,-0.0001630497740188788,5.010575237959433e-06,0.00048730057681532605,-0.00016305942491865268
1986,1416,65.0,0.00048729092591555216,-0.000161059801194797,-2.372069770447717e-06,0.00048729309553452986,-0.0001610619708137747
1985,1416,1373.0,0.0004984513086091873,-0.00015919359159933112,-1.2303815013138542e-05,0.0004985088512964285,-0.00015925113428657238
1991,1417,1373.0,0.0004930846575786352,-0.00016197458704545278,-4.491692146051107e-06,0.0004930923572872334,-0.00016198228675405103
1990,1417,65.0,0.000495065108361315,-0.00016437231504221907,-1.8552535655299435e-06,0.0004950664132459255,-0.00016437361992682954
1989,1417,1371.0,0.0004964207237814558,-0.0001635628909128634,1.2051087216087553e-06,0.0004964212739033785,-0.00016356344103478612
1988,1417,1372.0,0.0004959661542331354,-0.00016101978161148114,1.6210658578055814e-06,0.0004959671541976598,-0.00016102078157600558
1993,1418,1350.0,0.000496963261375865,-0.00016307144302964697,6.027997453972311e-07,0.0004969633990078163,-0.0001630715806615983
1992,1418,1371.0,0.0004963376016885457,-0.0001617044572310651,7.253989755102996e-06,0.0004963575923442145,-0.0001617244478867339
1995,1418,65.0,0.0004894742151049965,-0.00016212799320424487,3.769806767843324e-06,0.000489479667558951,-0.00016213344565819932
1994,1418,64.0,0.0004894742151049965,-0.00016333758504134778,-2.2272334781574255e-06,0.0004894761147928276,-0.00016333948472917886
1997,1419,1370.0,0.0004997118285941723,-0.00016182193121415758,-1.5598363761654827e-05,0.0004998037646214353,-0.00016191386724142057
1996,1419,1374.0,0.0004997875673220173,-0.00015874907553991994,-1.6647173980536417e-05,0.0004998927566631692,-0.00015885426488107188
1999,1419,1375.0,0.000500679319522801,-0.00015886071859308665,-2.0374419846522218e-05,0.0005008366329420213,-0.000159018032012307
1998,1419,1369.0,0.000500445884826126,-0.00016205102079946488,-1.863389874853967e-05,0.0005005768867725438,-0.00016218202274588273
2003,1420,28.0,0.0005050251129498882,-0.00015650879583294552,-3.7058265657263084e-05,0.0005055436953401949,-0.0001570273782232522
2002,1420,1375.0,0.0005045470060997797,-0.00015923459114152577,-3.28300840153721e-05,0.0005049526952925987,-0.00015964028033434478
2001,1420,1374.0,0.0005010644576609567,-0.0001591620776457065,-3.0495543437474015e-05,0.0005014164136290327,-0.00015951403361378242
2000,1420,27.0,0.000501138080214153,-0.00015650879583294552,-3.4336970818789336e-05,0.0005015859745061874,-0.00015695669012497993
2007,1421,29.0,0.0005017288870249083,-0.0001636732697833797,-1.6535859810474368e-05,0.0005018316040261027,-0.00016377598678457404
2005,1421,1375.0,0.0005030997007389008,-0.00016070857373835182,-2.0862957754146788e-05,0.0005032635867540647,-0.00016087245975351564
2004,1421,28.0,0.0005029304711636259,-0.0001636732697833797,-1.9120780499756046e-05,0.0005030675575066078,-0.00016381035612636165
2006,1421,1376.0,0.0005017892879938951,-0.00016060248751080248,-1.809323188154202e-05,0.0005019128191171176,-0.00016072601863402497
2009,1422,1376.0,0.0005020775589826519,-0.00015546332376890166,-2.512329442672101e-05,0.0005023174489083952,-0.00015570321369464497
2008,1422,29.0,0.0005009861980699824,-0.00016430957761431647,1.0427595500440978e-06,0.0005009866066652461,-0.0001643099862095801
2010,1422,66.0,0.000489597716113125,-0.00016001747345900479,-7.5649890600385655e-06,0.0004896197395818894,-0.00016003949692776923
2011,1422,30.0,0.000489597716113125,-0.00016430957761431647,4.9488721367875466e-06,0.0004896070794376259,-0.00016431894093881747
2015,1423,1376.0,0.0004958833041528721,-0.00016043482747648944,-1.3860240155691428e-05,0.0004959564717350003,-0.00016050799505861775
2014,1423,66.0,0.0004966428449116184,-0.00016416251812702352,-1.1164700848217274e-05,0.0004966900001170495,-0.00016420967333245475
2013,1423,1369.0,0.0004973321899040019,-0.0001639518376169032,-7.939181956389402e-06,0.0004973560179175394,-0.00016397566563044075
2012,1423,1375.0,0.0004970834452935804,-0.00016022649369314417,-8.279002996838813e-06,0.0004971095133508172,-0.00016025256175038096
2018,1424,1370.0,0.0005005743143980685,-0.00015743874771711802,-2.4366036630436155e-05,0.0005007998039791428,-0.00015766423729819234
2017,1424,983.0,0.0004973841675484283,-0.00015732903392032287,-1.9666140299214735e-05,0.0004975318161192067,-0.0001574766824911013
2016,1424,984.0,0.0004972577885942325,-0.00015278279677808965,-2.251548994157415e-05,0.000497452697704705,-0.00015297770588856212
2019,1424,1374.0,0.000500895178704934,-0.00015281149360282375,-2.7938716236073843e-05,0.0005011935601396237,-0.00015310987503751344
2023,1425,27.0,0.0005013769725407298,-0.00014694936498147316,-4.6820186409213954e-05,0.000502221176688439,-0.00014779356912918238
2022,1425,1374.0,0.0005012725397805264,-0.00015288210879778292,-4.132902809724989e-05,0.000501924674351906,-0.00015353424336916256
2021,1425,984.0,0.0004964843084731031,-0.00015285424618783142,-3.6070080349155306e-05,0.0004969848365003696,-0.00015335477421509798
2020,1425,26.0,0.0004955890305340209,-0.00014694936498147316,-4.0432730670895284e-05,0.0004962244752642048,-0.00014758480971165707
2027,1426,34.0,0.0004600510981594124,-5.802112054505604e-05,-0.0001466333879078293,0.00047022688223069434,-6.819690461633797e-05
2026,1426,35.0,0.0004600510981594124,-8.839648110961258e-05,-0.00012189656627268914,0.0004667425626831271,-9.508794563332728e-05
2025,1426,1034.0,0.00043394576042796174,-9.057471782682054e-05,-8.806685506432786e-05,0.00043761666984730755,-9.42456272461664e-05
2024,1426,1377.0,0.0004274918629208809,-6.186562563284323e-05,-0.00010352170941383201,0.0004329068490350315,-6.72806117469938e-05
2031,1427,1301.0,9.724119339779352e-05,-3.945284311815335e-05,-9.749116917366109e-05,0.00011284324852045727,-5.50548982408171e-05
2030,1427,1378.0,7.668372469711235e-05,-3.429822934499134e-05,-0.00010880481340833255,9.89029168044083e-05,-5.6517421452287296e-05
2029,1427,1379.0,0.00011026092161906583,-3.249728466224412e-05,-0.0001248304959137721,0.00013370080150756927,-5.5937164550747556e-05
2028,1427,1302.0,0.0001148429481415622,-3.772248043909434e-05,-0.00010854668931336632,0.00013217993498151404,-5.5059467279046175e-05
2033,1428,1307.0,0.00010788316469449374,-2.9136911465186014e-05,-0.00013025683043604418,0.00013390003170792454,-5.515377847861682e-05
2032,1428,1379.0,0.00010866625439685286,-3.4405291273111906e-05,-0.00011400505322618163,0.0001285999017818234,-5.4338938658082434e-05
2034,1428,1306.0,8.952070293665685e-05,-2.922276085561568e-05,-0.00012412550935010386,0.00011603720112009764,-5.573925903905647e-05
2035,1428,1378.0,8.655245703081786e-05,-3.568374685533008e-05,-0.00010294055720553794,0.000105338121986249,-5.4469411810761215e-05
2036,1429,1303.0,0.0001365014218895691,-4.763544591881194e-05,-0.00012261760423560382,0.00015504657548117448,-6.618059951041731e-05
2039,1429,1302.0,0.00011413172880363068,-4.843996724672624e-05,-0.00011406864609649504,0.00013214493965991525,-6.645317810301082e-05
2038,1429,1379.0,0.00010864085661405759,-4.390552088223308e-05,-0.00013403095857919718,0.00013389930720176076,-6.916397146993625e-05
2037,1429,1380.0,0.00013450165977660182,-4.33806154734337e-05,-0.00014202514363717209,0.00015937313708649448,-6.825209278332635e-05
2042,1430,1307.0,0.00010738651545767752,-3.795052125539207e-05,-0.000141140802119806,0.00013601407336221808,-6.657807915993262e-05
2041,1430,1308.0,0.00013038075872295624,-3.767455225872228e-05,-0.000149997959275683,0.00015898300083486068,-6.627679437062673e-05
2040,1430,1380.0,0.00013066653655603028,-4.439383771818095e-05,-0.00013095484884470716,0.00015244703860000042,-6.617433976215109e-05
2043,1430,1379.0,0.00010835783118061208,-4.513480554417483e-05,-0.00012101351988717899,0.00012934106505833182,-6.611803942189457e-05
2047,1431,1303.0,0.00013619895865852032,-5.927805679892164e-05,-0.000126791582842508,0.00015495870097229737,-7.803779911269869e-05
2046,1431,1380.0,0.0001341349679812795,-5.504525277441315e-05,-0.00014683845283856726,0.00015928487509674733,-8.0195159889881e-05
2045,1431,1381.0,0.0001579628792777064,-5.475961478815629e-05,-0.0001531463431795714,0.0001826595029649993,-7.945623847544918e-05
2044,1431,1208.0,0.0001585295134467462,-5.892196695206234e-05,-0.00013313067039765012,0.00017728800926121265,-7.76804627665288e-05
2049,1432,1207.0,0.00015491270985145116,-4.924390181588643e-05,-0.00016416462370666667,0.00018382099280098523,-7.81521847654205e-05
2050,1432,1308.0,0.00013028185041064066,-4.928893683513332e-05,-0.0001567969191035687,0.00015969266213049736,-7.869974855499003e-05
2051,1432,1380.0,0.0001306098705738919,-5.5724468233856036e-05,-0.000134919883096319,0.00015246863376093957,-7.75832314209037e-05
2048,1432,1381.0,0.00015483075201027253,-5.531314931341588e-05,-0.00014341813107902283,0.00017696849003775327,-7.745088734089663e-05
2052,1433,1211.0,0.0001817056315077982,-7.085300122752736e-05,-0.00013739675129222735,0.0001991828195449755,-8.833018926470467e-05
2053,1433,1382.0,0.00018149105349005417,-6.733244146721513e-05,-0.00015768912438683322,0.000204370676763949,-9.021206474110996e-05
2054,1433,1381.0,0.00015796906896198195,-6.739024819403538e-05,-0.0001532819069312739,0.0001815631833756188,-9.098436260767222e-05
2055,1433,1208.0,0.00015856031352908667,-7.102817008778446e-05,-0.0001323770532884157,0.00017627508655249034,-8.874294311118813e-05
2058,1434,1207.0,0.00015492006078998786,-6.237623784660401e-05,-0.00016597132040844587,0.00018298709040154404,-9.04432674581602e-05
2056,1434,1382.0,0.00017996455970148862,-6.745032430549732e-05,-0.00014936072395012063,0.0002007586321252625,-8.82443967292712e-05
2057,1434,1242.0,0.0001805146132044487,-6.249173669686857e-05,-0.00017128536683135454,0.0002076643586614574,-8.964148215387727e-05
2059,1434,1381.0,0.00015483042431320513,-6.753145682851611e-05,-0.00014328695143950385,0.00017591432850249959,-8.861536101781057e-05
2060,1435,1212.0,0.00020418389003563821,-8.282438281660188e-05,-0.00013348367278996805,0.00021894506849809789,-9.758556127906155e-05
2061,1435,1383.0,0.00020406257861979755,-8.114358741350802e-05,-0.0001533578667456256,0.00022337088528604087,-0.00010045189407975133
2062,1435,1382.0,0.00018155883677018272,-8.114719221916967e-05,-0.00015141302110256109,0.0002018141668898112,-0.00010140252233879814
2063,1435,1211.0,0.00018177233739733074,-8.285698164759185e-05,-0.00013120360939438205,0.000197142361928678,-9.822700617893911e-05
2064,1436,1383.0,0.0002079437139887036,-8.11536269600963e-05,-0.00014806751046835594,0.00022579983115922142,-9.900974413061412e-05
2065,1436,1254.0,0.00020712568284548746,-7.671307612872145e-05,-0.0001710381242806657,0.000230900661329217,-0.00010048805461245099
2066,1436,1242.0,0.00018044549296177947,-7.627478379231294e-05,-0.00016819823898912454,0.000205542146627103,-0.00010137143745763647
2067,1436,1382.0,0.00017980298219850022,-8.116386616015584e-05,-0.00014261111642778143,0.0001980152426161268,-9.937612657778241e-05
2071,1437,1212.0,0.00020425547378676284,-9.434487067273183e-05,-0.00012182049106019936,0.0002162023152917487,-0.00010629171217771771
2070,1437,1383.0,0.00020414731738567244,-9.309175763774118e-05,-0.0001395410238780011,0.00021970966458243109,-0.00010865410483449983
2068,1437,1213.0,0.0002238562074180321,-9.432426823545383e-05,-0.00012349743441695876,0.00023541944259627197,-0.00010588750341369369
2069,1437,1384.0,0.0002243375176257936,-9.302306062930065e-05,-0.00014194004235434238,0.00023948524138308065,-0.00010817078438658771
2075,1438,1383.0,0.0002084279690685439,-9.332954716076013e-05,-0.00013480713793247948,0.0002227994477452693,-0.00010770102583748553
2073,1438,1255.0,0.0002289719955145056,-9.189013896416197e-05,-0.00015834731172248429,0.0002474447994406277,-0.00011036294289028408
2072,1438,1384.0,0.00022911703135390302,-9.326500053105549e-05,-0.00013714394797117915,0.00024309638744062558,-0.00010724435661777805
2074,1438,1254.0,0.00020780073296177738,-9.218019017401128e-05,-0.00015249993462704758,0.00022606958339967795,-0.00011044904061191185
2077,1439,1385.0,0.0002424381244793116,-0.00010473872153507702,-0.00012229149771567777,0.0002528924769497506,-0.000115193074005516
2078,1439,1384.0,0.00022384518236885642,-0.00010474063202377601,-0.000122803415453206,0.0002349442050517697,-0.0001158396547066893
2079,1439,1213.0,0.0002234141190611237,-0.0001046672352219801,-0.00010631853219239887,0.00023181256546450695,-0.00011306568162536333
2076,1439,1214.0,0.00024096023266341037,-0.00010466544243248387,-0.0001058377130370141,0.0002488811279840108,-0.00011258633775308429
2082,1440,1255.0,0.00022913684963163112,-0.00010386163983767223,-0.00013431780228946762,0.00024217121317180235,-0.00011689600337784346
2081,1440,1243.0,0.0002478518160414448,-0.00010388259412623,-0.0001347625964585172,0.0002603181267615153,-0.00011634890484630046
2080,1440,1385.0,0.0002459566563466206,-0.00010465176494947658,-0.00011844284208596331,0.00025568958516329,-0.000114384693766146
2083,1440,1384.0,0.00022924820320735593,-0.00010463348824815092,-0.00011803664218440653,0.00023937346998236225,-0.00011475875502315724
2086,1441,1385.0,0.00024049271948907176,-0.00011439711280025657,-9.97569193983746e-05,0.00024736969300364025,-0.00012127408631482507
2087,1441,1214.0,0.00023912029330854997,-0.00011325348674779556,-8.457388375054421e-05,0.00024412392640717345,-0.00011825711984641903
2085,1441,1386.0,0.00025724390807961486,-0.00011426954945106105,-9.679863873666462e-05,0.00026344565502430423,-0.00012047129639575042
2084,1441,1215.0,0.0002547066676546368,-0.00011317750914586761,-8.239224614395562e-05,0.00025926341861741024,-0.00011773426010864104
2091,1442,1385.0,0.00024340147910827462,-0.00011399091157720501,-9.547005954522753e-05,0.00024966734284080286,-0.00012025677530973325
2090,1442,1243.0,0.0002459797357537907,-0.00011286628613494385,-0.00011768128713807342,0.00025538161244863526,-0.0001222681628297884
2089,1442,1236.0,0.00026634214252919085,-0.00011316997269222764,-0.00011275611840648285,0.0002745402385992847,-0.00012136806876232147
2088,1442,1386.0,0.00026315069752296883,-0.0001140932980617379,-9.446580686860162e-05,0.00026897459250804735,-0.00011991719304681644
2094,1443,1386.0,0.00025307204603913433,-0.00012050028460910633,-7.171569767488919e-05,0.0002564827704891074,-0.00012391100905907943
2093,1443,1387.0,0.0002712818069225617,-0.00012047052393203376,-7.023246020524884e-05,0.00027440469123953426,-0.00012359340824900634
2095,1443,1215.0,0.00025054031057318137,-0.0001199789439613764,-5.724177005793363e-05,0.00025273810395137183,-0.0001221767373395669
2092,1443,1216.0,0.00026611630539520375,-0.00011992597495057972,-5.5204443809943327e-05,0.0002680798907977642,-0.0001218895603531402
2098,1444,1236.0,0.00026150058542786245,-0.00012126521981444127,-8.383035141129071e-05,0.0002660367920588007,-0.00012580142644537948
2096,1444,1387.0,0.0002748920573989776,-0.00012037686753992605,-6.801635207910085e-05,0.0002777967102988876,-0.00012328152043983602
2097,1444,1225.0,0.0002772962222569071,-0.00012133027942127752,-8.399641418945902e-05,0.0002816729843276743,-0.00012570704149204468
2099,1444,1386.0,0.0002589837784219501,-0.00012041982044877598,-6.968344684164622e-05,0.0002621568565625633,-0.0001235928985893892
2100,1445,130.0,0.00027117470904985085,-0.00012647042376718026,-1.828954073311009e-05,0.0002713849031063542,-0.00012668061782368362
2101,1445,131.0,0.00027117470904985085,-0.0001278962949393755,-1.0015372969602622e-05,0.0002712375374094076,-0.0001279591232989322
2102,1445,1389.0,0.00028039499715369707,-0.00012728102403219884,-1.5174634102944375e-05,0.0002805361569251035,-0.00012742218380360528
2103,1445,1388.0,0.00028100309873072167,-0.000125013991732941,-2.843475689299005e-05,0.00028150033544877836,-0.00012551122845099767
2107,1446,1387.0,0.0002706387404598047,-0.00012533611664832404,-3.8754245877917204e-05,0.00027158470467538636,-0.0001262820808639057
2104,1446,1388.0,0.0002814126187204481,-0.00012528892883014112,-3.728137470030823e-05,0.00028226520539717265,-0.00012614151550686563
2105,1446,1389.0,0.0002819254957730187,-0.00012623706310620637,-4.8332843111894425e-05,0.00028335135623012357,-0.0001276629235633112
2106,1446,1225.0,0.0002720211126019381,-0.00012612828405086267,-4.790625078090593e-05,0.000273456981901581,-0.00012756415335050557
2109,1447,1388.0,0.00029074924613992255,-0.00012527407804139093,-3.651308671588811e-05,0.0002915488695227719,-0.00012607370142424026
2110,1447,1387.0,0.0002616966984478686,-0.00012539348128701543,-4.033178533587641e-05,0.000262744427150103,-0.00012644120998924987
2111,1447,1216.0,0.00025637147256088195,-0.00012413587974096854,-2.5075479719484893e-05,0.0002567841442790333,-0.00012454855145911987
2108,1447,130.0,0.00027119545693853704,-0.00012392577392294064,-2.126659442311732e-05,0.00027148140776296886,-0.00012421172474737243
2112,1448,131.0,0.00028822997526167793,-0.0001278962949393755,-1.661963695801915e-05,0.000288395851758993,-0.00012806217143669058
2115,1448,1389.0,0.0002891168835849412,-0.0001275785923889335,-1.778352706184247e-05,0.00028930653644905317,-0.00012776824525304552
2114,1448,1390.0,0.00028909729573228446,-0.00012864031952616723,-1.6617684435994012e-05,0.0002892624940912186,-0.0001288055178851014
2113,1448,132.0,0.00028822997526167793,-0.00012880418357697488,-1.563821327846531e-05,0.00028837652668922757,-0.00012895073500452455
2119,1449,1225.0,0.0002836384888566289,-0.0001263638533752807,-4.756650074386019e-05,0.0002850134868037878,-0.00012773885132243962
2118,1449,1226.0,0.0002837028425878305,-0.00012615416152987589,-5.4160864159278135e-05,0.000285484380821425,-0.0001279356997634704
2117,1449,1390.0,0.0002897526412291209,-0.0001261316971269066,-5.50595378069731e-05,0.00029156707837933954,-0.00012794613427712526
2116,1449,1389.0,0.00028964124588934555,-0.0001263393130031265,-4.8528942626130736e-05,0.00029105182821838,-0.00012774989533216095
2122,1450,1391.0,0.00030278799553771357,-0.00012719833833725063,-1.801917871362916e-05,0.00030297669245075786,-0.0001273870352502949
2120,1450,132.0,0.00030347607432396496,-0.00012880418357697488,-1.8751985060618155e-05,0.0003036793404163162,-0.00012900744966932613
2123,1450,1390.0,0.00030277768476886895,-0.0001291108956678655,-1.710758213687314e-05,0.0003029470309077591,-0.00012928024180675564
2121,1450,133.0,0.00030347607432396496,-0.00012702023098996453,-1.9581603102169186e-05,0.00030369863201355453,-0.00012724278867955408
2124,1451,1390.0,0.0003032086504941465,-0.00012640200444877329,-5.431484530788507e-05,0.00030491857494579247,-0.00012811192890041924
2125,1451,1391.0,0.0003032946884034878,-0.00012431147165713972,-6.176086116424593e-05,0.0003055132693782364,-0.0001265300526318883
2127,1451,1226.0,0.0002965244731812913,-0.00012662179411472368,-5.1651783036707304e-05,0.0002980948769777848,-0.0001281921979112172
2126,1451,1227.0,0.00029687589982155954,-0.00012445780854223486,-5.943332342092829e-05,0.0002989614920042362,-0.00012654340072491157
2131,1452,1391.0,0.0003176012146247449,-0.00012752084070917,-1.7123195617532554e-05,0.00031776582983083265,-0.0001276854559152578
2130,1452,1392.0,0.0003176007235033071,-0.00012222995057535596,-1.8608438434869826e-05,0.0003177974578284713,-0.00012242668490052016
2129,1452,134.0,0.00031877001439658756,-0.00012188437773357395,-2.2866038256846334e-05,0.0003190664509103659,-0.00012218081424735232
2128,1452,133.0,0.00031877001439658756,-0.00012702023098996453,-2.1422620663277825e-05,0.00031902723403802967,-0.00012727745063140667
2135,1453,1227.0,0.0003117842713854209,-0.00012486495856868052,-5.560957495247005e-05,0.0003135476926835754,-0.000126628379866835
2133,1453,1392.0,0.00031758466137784234,-0.00011952878391070524,-6.723956010271787e-05,0.0003201553468577262,-0.00012209946939058908
2132,1453,1391.0,0.00031758698559965215,-0.0001245311037001794,-6.020406220534971e-05,0.00031962709715172623,-0.00012657121525225349
2134,1453,1228.0,0.0003116343021938271,-0.00011984540554583662,-6.256436354920309e-05,0.0003138904561873404,-0.00012210155953934986
2137,1454,135.0,0.0003333148468201595,-0.00011113741649845316,-2.522735011478358e-05,0.0003336725384515695,-0.00011149510812986314
2136,1454,134.0,0.0003333148468201595,-0.00012188437773357395,-2.4074144551490366e-05,0.0003336329271815598,-0.0001222024580949743
2138,1454,1393.0,0.00033238873828366454,-0.00011162071825705433,-1.6544892232229352e-05,0.0003325428107373371,-0.00011177479071072687
2139,1454,1392.0,0.0003323926273717734,-0.00012259823215767787,-1.540319036992012e-05,0.00033252295434874475,-0.00012272855913464923
2143,1455,1228.0,0.00032722244683943986,-0.00012047619688868169,-5.530441407107078e-05,0.0003289239251356445,-0.00012217767518488633
2142,1455,1229.0,0.00032715998860950724,-0.00011030306674828441,-6.140658709008137e-05,0.00032930438409847616,-0.00011244746223725335
2141,1455,1393.0,0.0003322122736605657,-0.00010981615912789396,-6.998735940393248e-05,0.00033496543975860003,-0.0001125693252259283
2140,1455,1392.0,0.0003322325008847712,-0.00011986129284351881,-6.389400862238329e-05,0.0003344788598701337,-0.00012210765182888136
2147,1456,1393.0,0.00034480977377324487,-0.00011193731286280842,-1.1586841723559838e-05,0.00034488324622235905,-0.00011201078531192262
2146,1456,1394.0,0.00034481421586300427,-9.37965682468479e-05,-1.2588531831686338e-05,0.00034490452287208487,-9.38868752559285e-05
2145,1456,136.0,0.00034552905288016706,-9.336100662607647e-05,-2.680645747977356e-05,0.0003459379919882015,-9.376994573411085e-05
2144,1456,135.0,0.00034552905288016706,-0.00011113741649845316,-2.5911329129144935e-05,0.00034589631077448324,-0.00011150467439276931
2151,1457,1229.0,0.0003422327192097044,-0.00011094329505144161,-5.1400267638244956e-05,0.0003436855458210852,-0.00011239612166282241
2148,1457,1393.0,0.00034506997820577933,-0.00011014760670624724,-6.510416189460955e-05,0.0003473859568756376,-0.00011246358537610551
2149,1457,1394.0,0.0003450867541008127,-9.36878959278935e-05,-6.863400951980479e-05,0.0003477545015181529,-9.635564334523373e-05
2150,1457,1217.0,0.00034224678195121823,-9.412489894430176e-05,-5.4992347470776345e-05,0.00034397251587366286,-9.58506328667464e-05
2152,1458,136.0,0.00035323177344494337,-9.336100662607647e-05,-2.7042792440707362e-05,0.0003536407833412151,-9.377001652234818e-05
2155,1458,1394.0,0.0003540993553965352,-9.399192165737626e-05,-6.5063845852680185e-06,0.0003541229726880522,-9.401553894889322e-05
2154,1458,1395.0,0.0003540880732641532,-6.821254339367998e-05,-5.686121606503919e-06,0.0003541072127777868,-6.82316829073136e-05
2153,1458,137.0,0.00035323177344494337,-6.816357638039853e-05,-2.5979678741940015e-05,0.0003536318155746156,-6.856361851007074e-05
2159,1459,1217.0,0.00035379033644597317,-9.451035639469723e-05,-4.341283187543794e-05,0.00035483889387114416,-9.555891381986823e-05
2157,1459,1395.0,0.00035469189133555037,-7.12341631650406e-05,-6.386655065372324e-05,0.00035707274035925356,-7.361501218874377e-05
2156,1459,1394.0,0.0003546809519907948,-9.389322302756226e-05,-6.257689310374976e-05,0.0003568528331955522,-9.606510423231968e-05
2158,1459,1275.0,0.00035382243107223016,-7.133787263003432e-05,-4.5180917922466035e-05,0.00035501938229139774,-7.253482384920188e-05
2163,1460,1395.0,0.00035880347399916846,-6.821727580766488e-05,-3.736029151549941e-06,0.0003588116455263906,-6.822544733488698e-05
2162,1460,1396.0,0.00035878803278331303,-4.058935621314977e-05,-2.0125426428464765e-06,0.0003587905681685703,-4.059189159840701e-05
2161,1460,138.0,0.0003572381553610775,-4.1160874493587155e-05,-2.4090272370529825e-05,0.00035760199391580625,-4.152471304831595e-05
2160,1460,137.0,0.0003572381553610775,-6.816357638039853e-05,-2.5989344892878713e-05,0.00035763473164803395,-6.856015266735498e-05
2165,1461,1396.0,0.00035922326537710537,-4.043861686352851e-05,-5.6781179022797994e-05,0.00036122995851223727,-4.2445309998660427e-05
2166,1461,1276.0,0.00036367023041566655,-4.068559337995279e-05,-3.1461595818988754e-05,0.0003642812877992945,-4.129665076358074e-05
2167,1461,1275.0,0.0003641333752365788,-7.139912385996486e-05,-3.4205201237034674e-05,0.00036480393208831985,-7.20696807117059e-05
2164,1461,1395.0,0.0003592661898433455,-7.124501214963178e-05,-6.193775777188319e-05,0.0003614825300710333,-7.346135237731955e-05
2168,1462,138.0,0.00036263320391895226,-4.1160874493587155e-05,-2.3950357955659918e-05,0.00036298803578390174,-4.1515706358536656e-05
2169,1462,139.0,0.00036263320391895226,-2.5661568928707843e-05,-2.0523509118479735e-05,0.0003629042097882334,-2.5932574797988986e-05
2170,1462,1397.0,0.00036557102864407526,-2.4318995397466397e-05,-6.939173391383793e-06,0.00036560190165429334,-2.4349868407684474e-05
2171,1462,1396.0,0.00036531121977863897,-4.084675308219222e-05,-1.1768500180597136e-05,0.00036539645049467394,-4.0931983798227174e-05
2172,1463,1396.0,0.00036140382757486947,-4.034232969703181e-05,-6.669048024251709e-05,0.0003641526995224185,-4.3091201644580846e-05
2173,1463,1397.0,0.00036249879045625964,-2.2691822394205643e-05,-5.0034807424067726e-05,0.00036411682689273706,-2.4309858830683085e-05
2174,1463,1277.0,0.0003765608603420248,-2.3217480335696034e-05,-3.4377200651429865e-05,0.0003772985286861161,-2.3955148679787324e-05
2175,1463,1276.0,0.0003730264625255008,-4.0472040664226436e-05,-5.348318303684263e-05,0.00037474870958686675,-4.219428772559236e-05
2176,1464,139.0,0.00037960642049086456,-2.5661568928707843e-05,-1.8808529120660847e-05,0.0003798245295512053,-2.587967798904861e-05
2177,1464,140.0,0.00037960642049086456,-3.294994952143185e-05,-2.0050979699310148e-05,0.0003798499051858793,-3.319343421644659e-05
2178,1464,1398.0,0.0003785030958598345,-3.508362331508359e-05,-2.688695642212753e-05,0.0003789396102671243,-3.552013772237337e-05
2179,1464,1397.0,0.00037859643781864086,-2.626020206069957e-05,-2.4835271026674155e-05,0.00037897694999764235,-2.6640714239701077e-05
2180,1465,1397.0,0.00037580625785367354,-2.20698940395734e-05,-6.953669183310668e-05,0.00037882163183825977,-2.5085268024159637e-05
2181,1465,1398.0,0.00037659187793315143,-2.9776315663238e-05,-5.73553078048461e-05,0.0003786056978520748,-3.179013558216132e-05
2183,1465,1277.0,0.0003861696664413947,-2.186412809921576e-05,-7.618333489890425e-05,0.0003896952214570783,-2.538968311489932e-05
2182,1465,1274.0,0.0003879735859481769,-2.992185635097738e-05,-6.404472636888786e-05,0.00039041314425864175,-3.2361414661442184e-05
2187,1466,1398.0,0.0003978776559029184,-3.85635477879394e-05,-3.105578567373993e-05,0.0003984294164018554,-3.911530828687638e-05
2186,1466,1399.0,0.0003968706010901938,-6.599077147068704e-05,-5.160099918981309e-05,0.0003983043138311203,-6.74244842116136e-05
2185,1466,141.0,0.00040973528831644325,-4.9272098249244784e-05,-2.148452469985518e-05,0.0004099865545684489,-4.952336450125044e-05
2184,1466,140.0,0.00040973528831644325,-3.294994952143185e-05,-1.011854767928727e-05,0.00040979310119852665,-3.300776240351523e-05
2191,1467,1274.0,0.00040933977709183694,-3.040044739259995e-05,-8.637936183574814e-05,0.00041354156133642365,-3.460223163718662e-05
2189,1467,1399.0,0.0003967281554335504,-5.154178993206504e-05,-5.354064744373874e-05,0.00039832119654543464,-5.313483104394927e-05
2188,1467,1398.0,0.00039593840069710416,-2.9995483035476336e-05,-6.73824349801868e-05,0.00039858689534648785,-3.2643977684860024e-05
2190,1467,1377.0,0.00041095268397944515,-5.001787655667835e-05,-7.506256932865787e-05,0.00041398841293496883,-5.305360551220202e-05
2193,1468,70.0,3.4587352447327385e-06,5.265504592623718e-06,-4.7077186173586066e-05,2.791804206948227e-05,-1.9193802232125813e-05
2194,1468,71.0,2.0088586695673463e-05,-2.752556362417037e-06,-3.960684098344887e-05,3.15285689049367e-05,-1.4192538571680277e-05
2195,1468,1400.0,6.163546212773277e-05,-2.394547548889873e-08,-6.599693448396159e-05,7.596513694026075e-05,-1.435362028801687e-05
2192,1468,1320.0,2.3335584653293856e-05,1.2303494954892793e-05,-7.10501773031752e-05,5.3770321081856254e-05,-1.8131241473669605e-05
2199,1469,1321.0,2.565575888828324e-05,-3.334429860042871e-06,-5.158646643454133e-05,4.074780092027494e-05,-1.8426471892034572e-05
2198,1469,71.0,2.8962905773576367e-05,-4.4943900074105505e-07,-5.8476455359590326e-05,4.698509210078599e-05,-1.8471625327950675e-05
2197,1469,1400.0,3.750843548685004e-05,1.9538794087769866e-07,-6.454750372502423e-05,5.613006803328238e-05,-1.8426244605554645e-05
2196,1469,1402.0,3.226116642795129e-05,-4.872407448566155e-06,-5.2770755095633316e-05,4.595757408588099e-05,-1.856881510649586e-05
2202,1470,1400.0,4.555193967120544e-05,-7.405086043612598e-07,-7.736882596741726e-05,6.748599392354108e-05,-2.26745628566969e-05
2201,1470,1320.0,4.22523616734824e-05,-2.3983893437536075e-06,-8.207319777130042e-05,6.664341624789351e-05,-2.678944391816473e-05
2200,1470,1319.0,4.3783234956483886e-05,-4.7241260276516435e-06,-8.381501686962212e-05,6.794938801044423e-05,-2.8890279081611983e-05
2203,1470,1402.0,4.775338503367789e-05,-3.6292726001827718e-06,-7.929575075454887e-05,6.930608650959535e-05,-2.5181974076100224e-05
2204,1471,1323.0,6.41499186649114e-05,-1.3560980176977478e-05,-9.193621045763389e-05,8.548427442749582e-05,-3.489533593956191e-05
2207,1471,1401.0,5.5769660170467555e-05,-1.3363331054490205e-05,-9.168213396580811e-05,7.861610770723524e-05,-3.620977859125789e-05
2206,1471,1402.0,5.950192073452031e-05,-1.2140821225189308e-05,-9.952797749192104e-05,8.499633234597284e-05,-3.763523283664184e-05
2205,1471,1319.0,6.593155725369455e-05,-1.2521872448902332e-05,-9.836931641593692e-05,8.961641336561206e-05,-3.620672856081984e-05
2211,1472,1305.0,6.053247412358097e-05,-1.2827483456050886e-05,-8.138640606473058e-05,7.863714297390827e-05,-3.093215230637818e-05
2209,1472,1402.0,4.553476010841183e-05,-1.4455657979395818e-05,-7.133606691944738e-05,6.214342618741445e-05,-3.106432405839844e-05
2208,1472,1401.0,5.389440942656131e-05,-8.058719088986296e-06,-9.080253595460976e-05,7.787985629613836e-05,-3.2044165958563346e-05
2210,1472,1321.0,5.491081454509137e-05,-1.5944815165041745e-05,-7.128722876360762e-05,6.97383209167726e-05,-3.077232153672297e-05
2214,1473,1401.0,5.157524699590625e-05,-1.4217654952187499e-05,-9.8404916830502e-05,7.786543641301837e-05,-4.0507844369299615e-05
2213,1473,1323.0,8.223511891286995e-05,-1.6251602769150678e-05,-0.00010875397877357397,0.00010635227580237114,-4.0368759658651864e-05
2212,1473,1306.0,8.26088896906307e-05,-2.482238443054954e-05,-9.095296911959018e-05,9.92742181870882e-05,-4.148771292700704e-05
2215,1473,1305.0,6.391945596657869e-05,-2.489481871331136e-05,-8.189166183056838e-05,7.99155877109455e-05,-4.0890950457678175e-05
