,Element,NID,E1,E2,E12,E_max,E_min
0,3032,2035.0,1.911134228784611e-06,0.00014302428669140575,-0.00015856925519829035,0.00017860103521259631,-3.366561429240596e-05
1,3032,9.0,1.911134228784611e-06,6.839897087789482e-05,-0.0001263624389915949,0.00010654850185049741,-3.6238396743817975e-05
2,3032,2827.0,3.3209856070550575e-05,-8.160047525892865e-07,-0.00016901182034567003,0.00010239836796320303,-7.000451664524175e-05
3,3032,2842.0,5.4267101633406756e-05,6.839897087789482e-05,-0.000247674666105834,0.00018537179023901245,-6.270571772771086e-05
4,3033,2036.0,3.5932869014387164e-05,9.846259257685933e-05,-0.0002434642009891061,0.00019288064877979387,-5.848518718854737e-05
5,3033,2035.0,3.5932869014387164e-05,7.564434918367973e-05,-0.00024717476978569804,0.00018096085889491366,-6.938364069684677e-05
6,3033,2842.0,2.9257142156097204e-05,5.039083128497801e-05,-0.00029233391189430885,0.0001863723992500032,-0.00010672442580892798
7,3033,2840.0,3.2409266296279035e-05,9.196282053174337e-05,-0.0002661896461908127,0.00019857111734190334,-7.419903051388094e-05
11,3034,2828.0,4.733356524339234e-05,5.617520785916743e-05,-0.00019629369076393927,0.00015000074485258552,-4.6491971750025756e-05
10,3034,2827.0,2.358605703978861e-05,6.953989851352544e-05,-0.00020495478241411812,0.00015158466408549972,-5.845870853218568e-05
8,3034,2840.0,6.440053216777084e-05,5.983316461390009e-05,-0.00021256100872777545,0.00016842188505154782,-4.418818826987688e-05
9,3034,2842.0,4.353177274785515e-05,8.622479960841538e-05,-0.0002450113072524768,0.00018922983946968456,-5.9473267113414034e-05
12,3035,2037.0,6.744227660002156e-05,7.988026901299238e-05,-0.0003035281529046585,0.00022555271698702925,-7.823017137401531e-05
13,3035,2036.0,6.744227660002156e-05,7.587186097089501e-05,-0.0003093239241317453,0.0002263764501933215,-8.306231262240496e-05
14,3035,2840.0,6.22598111461592e-05,7.479671712026066e-05,-0.00031446271858767694,0.00022588452822281963,-8.882799995639978e-05
15,3035,2841.0,6.091320644298001e-05,7.845048427037134e-05,-0.00031011104791662733,0.00022498511170476623,-8.562142099141488e-05
16,3036,2038.0,9.894392336768504e-05,5.810374111539767e-05,-0.0003244584767029858,0.00024203317722740298,-8.498551274432027e-05
17,3036,2037.0,9.894392336768504e-05,6.463927427636487e-05,-0.00034168793775802946,0.00025349443496532634,-8.991123732127643e-05
18,3036,2841.0,8.3233510269929e-05,6.652620331216346e-05,-0.00034070307800215804,0.0002454360949252212,-9.567638134312873e-05
19,3036,2839.0,8.096239505574199e-05,5.9284545234063136e-05,-0.0003207505911169452,0.0002308646214369418,-9.061768114713669e-05
23,3037,2843.0,7.308955659737076e-05,7.250209855941378e-05,-0.0002758966644699559,0.00021074447252696887,-6.515281737018433e-05
22,3037,2844.0,6.372371678515197e-05,5.9142050789065645e-05,-0.00024944985394680097,0.00018617884694562152,-6.331307937140391e-05
20,3037,2841.0,5.095525997519772e-05,7.900880140506448e-05,-0.00027118638001434256,0.0002012988068881111,-7.133474550784891e-05
21,3037,2840.0,4.6652411635178526e-05,6.788546558483809e-05,-0.00025147018714589096,0.00018345144294719702,-6.891356572718039e-05
24,3038,2843.0,5.889222911688828e-05,6.763231801803354e-05,-0.00024291246271149203,0.0001847970974807759,-5.827255034585408e-05
25,3038,2844.0,5.685693652685009e-05,5.619223130557511e-05,-0.00023322187760713153,0.00017313599633758222,-6.0086828505157025e-05
26,3038,2829.0,6.0737884288264085e-05,5.6193374639388694e-05,-0.00024329900885154167,0.0001801363534241235,-6.320509449647072e-05
27,3038,2838.0,6.242932991143077e-05,6.258507053465932e-05,-0.0002501524693724038,0.00018758345914960268,-6.25690587035126e-05
31,3039,2848.0,7.544713016017363e-05,6.394500706015578e-05,-0.00029732687073592834,0.00021847070261864362,-7.907856539831422e-05
28,3039,2839.0,7.776779533059247e-05,6.44073876174395e-05,-0.00029450620428904395,0.00021849214097894286,-7.631695803091089e-05
29,3039,2841.0,7.799186396943367e-05,6.248592087646431e-05,-0.0002961611431476323,0.00021852228409385962,-7.804449924796164e-05
30,3039,2843.0,7.638340102524531e-05,6.175388962139576e-05,-0.00029851958506032714,0.00021850756701752413,-8.037027637088307e-05
32,3040,2844.0,8.284486306363997e-05,5.6192816427950575e-05,-0.00023838176054328218,0.00018945235815243764,-5.041467866084709e-05
33,3040,2840.0,5.092670358816968e-05,7.242511798544892e-05,-0.00024230741951806675,0.00018330554058060332,-5.9953719006984715e-05
34,3040,2828.0,3.0232592492931282e-05,6.750379383695064e-05,-0.00022124589172812896,0.0001610498394536737,-6.331345312379179e-05
35,3040,2829.0,4.8350356882122985e-05,5.619025565007789e-05,-0.00021580861381711308,0.00016024579169028787,-5.5705179158086976e-05
38,3041,2839.0,9.846029833165612e-05,5.4049998566042595e-05,-0.00034795828310746,0.000251645599662964,-9.913530276526528e-05
39,3041,2837.0,0.00010026084646891711,4.292564151063506e-05,-0.0003217620884977575,0.00023500848755815234,-9.182199957860016e-05
36,3041,2039.0,0.00012173184723960478,4.256738099229877e-05,-0.0003297606296302838,0.00025171456153314507,-8.741533330124148e-05
37,3041,2038.0,0.00012173184723960478,5.238639704639931e-05,-0.0003535392076596221,0.00026719709899345113,-9.307885470744704e-05
43,3042,2836.0,8.528775842264052e-05,4.5342242391064116e-05,-0.0002889316982341815,0.00021115495591932242,-8.052495510561778e-05
42,3042,2848.0,7.129178277245213e-05,6.23125703289487e-05,-0.0003064966290693763,0.00022011624137108506,-8.651188826968423e-05
41,3042,2839.0,0.00010034739495693931,5.8681299115088915e-05,-0.0003194141060000148,0.00024057445588864944,-8.154576181662121e-05
40,3042,2837.0,0.00010166395816776919,4.6076565783931896e-05,-0.0003005582106546563,0.00022669793959345639,-7.89574156417553e-05
44,3043,2836.0,7.130380806718087e-05,5.902634160761199e-05,-0.0002645474359168967,0.00019758116339244175,-6.72510137176489e-05
45,3043,2838.0,6.690979899038121e-05,5.4364282199548394e-05,-0.0002548986392139647,0.00018824063210464762,-6.696655091471802e-05
46,3043,2845.0,7.29380786168984e-05,5.122365778794237e-05,-0.0002548507845734939,0.00018996796535227206,-6.580622894743128e-05
47,3043,2835.0,7.619733784807597e-05,5.664692539529429e-05,-0.00026474544695727006,0.00019915529468924576,-6.63110314458755e-05
50,3044,2830.0,6.224592360866421e-05,5.647925499762074e-05,-0.00023401265323634741,0.00017640443688509132,-5.7679258278806357e-05
51,3044,2834.0,6.068967005516679e-05,4.709644944616892e-05,-0.0002261827564454047,0.00016718848657779772,-5.940236707646201e-05
48,3044,2835.0,6.476431976793276e-05,4.6042469259441896e-05,-0.00023366859837681622,0.00017261209891938423,-6.180530989200956e-05
49,3044,2845.0,6.830665375378436e-05,6.220688613033922e-05,-0.0002488531771530529,0.00018972073153760636,-5.9207191653482775e-05
52,3045,2838.0,5.405138884063184e-05,6.982233684512925e-05,-0.0002429320888414077,0.00018365859733369586,-5.978487164793479e-05
53,3045,2829.0,4.047731433332383e-05,5.5809359458504466e-05,-0.000213548219157604,0.00015519229008218385,-5.8905616290355547e-05
54,3045,2830.0,5.305860610170315e-05,4.72920469200773e-05,-0.0002104646689102714,0.0001554471533026598,-5.509650028087936e-05
55,3045,2845.0,7.999742685033812e-05,5.646521678070449e-05,-0.00024250525760468981,0.00019005349229023243,-5.3590848659189845e-05
59,3046,2833.0,5.057880457387531e-05,5.127689682338384e-05,-0.00021533470540035897,0.0001585957691825589,-5.6740067785299755e-05
56,3046,2834.0,5.407280353536591e-05,5.406734713263696e-05,-0.00020819352937588576,0.00015816684005769512,-5.0026689389692235e-05
57,3046,2830.0,5.533311348908561e-05,4.8209605769822744e-05,-0.00021014082577040186,0.00015690212465293906,-5.3359405394030725e-05
58,3046,2831.0,5.298675603686168e-05,4.481115596659756e-05,-0.0002159409996464988,0.0001569468108680319,-5.914889886457267e-05
63,3047,2847.0,9.366836648290813e-05,3.9678961906854755e-05,-0.0002939158194225702,0.00021609033387510627,-8.274300548534338e-05
62,3047,2836.0,9.76778982332352e-05,4.709521172578505e-05,-0.00031481514932218957,0.0002318130164100577,-8.703990645103746e-05
60,3047,2846.0,0.00011202877404174402,3.9761569240614634e-05,-0.00030116350120034524,0.00023075155942113074,-7.896121613877209e-05
61,3047,2837.0,0.00011177502723122568,4.747356485415165e-05,-0.0003212021914953088,0.00024341190690292688,-8.416331481754955e-05
64,3048,2826.0,0.00012637278192106915,2.7056101314027175e-05,-0.00029466163619413024,0.00023218894345901022,-7.87600602239139e-05
65,3048,2846.0,0.00012201235006213326,3.99588354733475e-05,-0.00031807318042765403,0.0002452288021888113,-8.325761665333055e-05
66,3048,2847.0,9.542129619940012e-05,3.9801447075129854e-05,-0.00030436303031360773,0.00022231303762561876,-8.709029435108879e-05
67,3048,2825.0,0.00010824378161377636,2.7056101314027175e-05,-0.0002855274258843597,0.00021607277525692266,-8.077289232911913e-05
71,3049,2825.0,0.00010015363260268764,4.2900993599817344e-05,-0.000293455950614324,0.00022102167722892584,-7.796705102642085e-05
68,3049,2847.0,9.417978344134718e-05,5.436986624695597e-05,-0.0002994276278296265,0.00022530605821551554,-7.675640852721239e-05
69,3049,2836.0,9.093783311552722e-05,3.9133373903360645e-05,-0.00028061597192737854,0.00020771446117151342,-7.764325415262556e-05
70,3049,2835.0,9.706469150840089e-05,3.509462231701525e-05,-0.0002824282433720911,0.0002106531694675933,-7.849385564217716e-05
75,3050,2846.0,0.00011189394158134247,2.8697858078949963e-05,-0.00031200244489899484,0.0002317479932921755,-9.115619363188308e-05
74,3050,2837.0,0.00011152514036151182,4.212588220753105e-05,-0.00034109915379116826,0.00025086924842361954,-9.721822585457668e-05
72,3050,2040.0,0.00013723052216859516,2.8628438825219812e-05,-0.0003234762790213022,0.00025353964695540787,-8.76806859615929e-05
73,3050,2039.0,0.00013723052216859516,4.164929927419781e-05,-0.00035185480472496936,0.0002717429371485754,-9.286311570578243e-05
79,3051,2826.0,0.00012503639262703183,1.7874651525172976e-05,-0.00030407351167975605,0.00023265752211118306,-8.974647795897825e-05
76,3051,13.0,0.0001498629415866773,1.7874651525172976e-05,-0.0003134734125770054,0.0002539323795962349,-8.619478648438458e-05
77,3051,2040.0,0.0001498629415866773,2.8519829048505915e-05,-0.0003415889239909986,0.00027044200183639103,-9.205923120120783e-05
78,3051,2846.0,0.0001202189484633999,2.858685233320373e-05,-0.00033054204678625854,0.0002459068987007194,-9.71010979041158e-05
81,3052,2834.0,7.630445692351912e-05,3.275611876551413e-05,-0.00023698962365486555,0.00017500906136541403,-6.594848567638079e-05
82,3052,2833.0,7.945479541792734e-05,2.4735971434552062e-05,-0.00025057165352461094,0.00018033373888998275,-7.614297203750335e-05
80,3052,2824.0,7.747918279999832e-05,4.778402004695882e-05,-0.0002457789302727324,0.00018641476390624334,-6.11515610592862e-05
83,3052,2823.0,8.167334696799686e-05,4.778402004695882e-05,-0.0002660684143585973,0.0001988376761202583,-6.938030910530262e-05
87,3053,2824.0,8.493673544446648e-05,3.9956724747206756e-05,-0.0002625402048953354,0.00019562946222430205,-7.073600203262882e-05
86,3053,2834.0,8.708065700077129e-05,4.1063517129931145e-05,-0.0002686282427046688,0.00020034269095746995,-7.219851682676752e-05
85,3053,2835.0,9.097613323873904e-05,4.096359256405564e-05,-0.0002688768518399713,0.00020271416413559024,-7.077443833279555e-05
84,3053,2825.0,8.899005637583255e-05,3.9956724747206756e-05,-0.0002633314882722719,0.0001984022339134023,-6.945545279036299e-05
88,3054,2833.0,6.17224458576056e-05,0.00010377430886753577,-0.0002647220469001489,0.00021676901131273017,-5.127225658758879e-05
89,3054,2831.0,3.380068925715532e-05,3.6251353807637114e-05,-0.0001771559848517002,0.00012361248879110738,-5.3560445726314956e-05
90,3054,2832.0,6.172244585760556e-05,-1.7031343699030425e-07,-0.0001886698237008426,0.00013005725278209196,-6.850512036147672e-05
91,3054,2822.0,9.614765491488403e-05,4.473541838875867e-05,-0.0002685763609579098,0.0002071679786171666,-6.628490531352391e-05
4093,3055,2833.0,8.317668904356257e-05,5.8179866564916456e-05,-0.00027413772602413494,0.00020831578537731406,-6.695922976883504e-05
4094,3055,2822.0,8.317668904356257e-05,5.8179866564916456e-05,-0.00027413772602413494,0.00020831578537731406,-6.695922976883504e-05
4092,3055,2823.0,8.317668904356257e-05,5.8179866564916456e-05,-0.00027413772602413494,0.00020831578537731406,-6.695922976883504e-05
4095,3056,2821.0,0.00010773354588871666,5.941789362562599e-05,-0.00028634787577759926,0.00022877343686728235,-6.16219973529397e-05
4096,3056,2832.0,0.00010773354588871666,5.941789362562599e-05,-0.00028634787577759926,0.00022877343686728235,-6.16219973529397e-05
4097,3056,46.0,0.00010773354588871666,5.941789362562599e-05,-0.00028634787577759926,0.00022877343686728235,-6.16219973529397e-05
95,3057,2836.0,8.460990699737936e-05,5.801316192809245e-05,-0.00028352924818817685,0.00021369852599148603,-7.107545706601422e-05
94,3057,2838.0,7.631138302651753e-05,4.983205218806017e-05,-0.00026572847346270634,0.00019659397845774845,-7.045054324317075e-05
93,3057,2843.0,6.271141023126217e-05,5.4817253240130255e-05,-0.0002641316693130719,0.00019088913679582735,-7.33604733244349e-05
92,3057,2848.0,7.376117975876895e-05,7.172449267065081e-05,-0.00029685039092444687,0.00022117152505744323,-7.568585262802347e-05
4098,3058,2822.0,0.00010773354588871666,7.136802307310615e-05,-0.0003075388310740674,0.0002443914960751627,-6.528992711333992e-05
4099,3058,2832.0,0.00010773354588871666,7.136802307310615e-05,-0.0003075388310740674,0.0002443914960751627,-6.528992711333992e-05
4100,3058,2821.0,0.00010773354588871666,7.136802307310615e-05,-0.0003075388310740674,0.0002443914960751627,-6.528992711333992e-05
96,3059,3120.0,0.00038013171438968166,-6.348687793903546e-05,-0.00012202762100205905,0.00038837034570301995,-7.172550925237375e-05
97,3059,3121.0,0.0003813345138832386,-5.4834318394703584e-05,-0.0001295366282789874,0.0003907489924210286,-6.424879693249364e-05
98,3059,2049.0,0.0003757803699920414,-5.501864660599785e-05,-0.00012094770623632609,0.00038410845294277484,-6.334672955673128e-05
99,3059,3122.0,0.00037228220269804047,-6.367582436418143e-05,-0.0001099360801988733,0.000379106071204437,-7.049969287057801e-05
103,3060,3117.0,0.0003736351914664371,-7.575855824957031e-05,-0.00011823867477956523,0.0003812824183720898,-8.3405785155223e-05
100,3060,3118.0,0.00037312437397735154,-7.486045651401669e-05,-0.0001291304790926144,0.0003822441039435096,-8.398018648017477e-05
101,3060,3120.0,0.0003730286807459675,-6.334911907295026e-05,-0.00013064093789960304,0.00038259658031244493,-7.291701863942768e-05
102,3060,3122.0,0.00037383763950882623,-6.362249575992654e-05,-0.00011333839948205957,0.00038105942667238595,-7.084428292348626e-05
105,3061,3122.0,0.0003732724716105501,-6.01852193266297e-05,-0.0001136939327668618,0.0003806038190481229,-6.751656676420249e-05
106,3061,2049.0,0.00039688923371718893,-6.748048593324656e-05,-0.00014753417758555471,0.00040832578617138783,-7.89170383874455e-05
107,3061,2048.0,0.00038070857430750867,-7.087249109648198e-05,-0.00016843749471022462,0.0003959038545985504,-8.606777138752376e-05
104,3061,3117.0,0.00036090580685044227,-6.677639383019553e-05,-0.0001506821875468722,0.0003737898630449376,-7.966045002469086e-05
111,3062,2049.0,0.0003889770684446514,-5.5035958219334274e-05,-0.00012043967222190657,0.00039699951116614846,-6.305840094083135e-05
108,3062,3121.0,0.0003745928184814423,-5.482646588710516e-05,-0.00012975062150029013,0.00038417993595237795,-6.441358335804078e-05
109,3062,3119.0,0.00037518987566011186,-4.2394387825755954e-05,-0.00011076999602135928,0.000382410827507968,-4.9615339673612105e-05
110,3062,2050.0,0.0003983786991392582,-4.656512216436216e-05,-0.00010148870347889,0.00040409254672516877,-5.227896975027271e-05
112,3063,3119.0,0.0003583608603197133,-4.0083231353465007e-05,-0.0001148433975994307,0.0003664710961962266,-4.819346722997829e-05
113,3063,3409.0,0.0003818755988209358,-3.771525630744826e-05,-9.37840084191538e-05,0.00038705221940634187,-4.289187689285434e-05
114,3063,2051.0,0.0003943629264646087,-3.886795326892538e-05,-0.0001008795923399617,0.00040015796707558844,-4.4662993879905134e-05
115,3063,2050.0,0.0003846209273323897,-4.1014033740806235e-05,-0.00011844010815512118,0.00039270680762784073,-4.9099914036257285e-05
118,3064,2052.0,0.0003933446165757422,-2.6677293102167356e-05,-9.110603773057786e-05,0.0003982282374712877,-3.156091399771283e-05
119,3064,2051.0,0.00038221785325980636,-2.4102365260175588e-05,-0.00011346842072128965,0.00038999091023921305,-3.1875422239582276e-05
116,3064,3409.0,0.0003594271082735176,-2.5844860780874983e-05,-9.502411046615877e-05,0.0003651998380892992,-3.1617590596656574e-05
117,3064,3113.0,0.0003753976866368012,-2.7373830878293668e-05,-8.276812737935402e-05,0.00037960585910735284,-3.1582003348845314e-05
120,3065,3117.0,0.00037132358025866404,-7.277311546423706e-05,-0.00015648818420237187,0.0003847059159045648,-8.615545111013783e-05
123,3065,3116.0,0.0003469322973211342,-7.48919953488172e-05,-0.0001762198421226815,0.00036459681572047014,-9.255651374815314e-05
122,3065,2047.0,0.00036837970776136693,-7.909354499560759e-05,-0.00020644682641507775,0.00039104346899913547,-0.00010175730623337612
121,3065,2048.0,0.00039483969582727527,-7.603126105397323e-05,-0.00017905052180928853,0.00041128640581729466,-9.24779710439926e-05
125,3066,2047.0,0.00038013367360697353,-8.013087032066513e-05,-0.00022383562669370423,0.0004059046246466368,-0.00010590182136032837
124,3066,3116.0,0.00036219130736900394,-7.581225364957213e-05,-0.0001990714540568983,0.00038374958343877544,-9.737052971934361e-05
126,3066,2046.0,0.000352524546121071,-8.334183511652109e-05,-0.0002486616369270604,0.0003854957755372751,-0.00011631306453272519
127,3066,3115.0,0.0003377250987812927,-7.8300428218883e-05,-0.0002187902294031388,0.0003647370167500093,-0.00010531234618759962
128,3067,3123.0,0.00036916444392558895,-8.10012305050027e-05,-0.0001360858080542704,0.000379224372700092,-9.106115927950571e-05
131,3067,3124.0,0.00034730301632300217,-8.221885155543124e-05,-0.00016005111255730162,0.0003617283568509797,-9.664419208340878e-05
130,3067,3116.0,0.00035939380124161945,-8.332417776695574e-05,-0.0001801005226763283,0.00037700939574456676,-0.00010093977226990303
129,3067,3117.0,0.0003775763788724136,-8.266236057812902e-05,-0.00016673809832966693,0.0003922126478593169,-9.729862956503232e-05
134,3068,3115.0,0.00033519620392846814,-8.531841897731402e-05,-0.00023124019779762958,0.00036488918793021856,-0.00011501140297906447
133,3068,3116.0,0.0003736926209608367,-8.398483002606166e-05,-0.00020418910559240246,0.0003954341420873526,-0.00010572635115257753
132,3068,3124.0,0.00035139368732702275,-8.194859933721471e-05,-0.0001672107945264248,0.00036696432921967166,-9.751924122986363e-05
135,3068,3108.0,0.00032348216443865187,-8.327512381846547e-05,-0.00019356477135952337,0.0003453360736087606,-0.0001051290329885742
138,3069,3117.0,0.00036585110476259133,-7.511556976434736e-05,-0.0001254272250326479,0.0003745966906429617,-8.386115564471775e-05
137,3069,3118.0,0.00036491884787278293,-7.456219859213077e-05,-0.00013208755776393175,0.00037462914350895404,-8.427249422830187e-05
136,3069,3125.0,0.00036485270161413716,-8.156481136826934e-05,-0.00013353458562804198,0.0003746246747210328,-9.1336784475165e-05
139,3069,3123.0,0.00036622736607015705,-8.516869336243989e-05,-0.00012409934766580144,0.00037460146763092564,-9.354279492320846e-05
143,3070,3125.0,0.0003676670999963466,-8.93255309722659e-05,-9.283414573699189e-05,0.0003723340552979488,-9.399248627386811e-05
142,3070,3118.0,0.0003681541072758088,-6.897869087891905e-05,-8.431073009191464e-05,0.0003721822849693164,-7.300686857242668e-05
141,3070,3111.0,0.00036298395107738773,-7.087772768559416e-05,-9.97213005848041e-05,0.0003686403384685475,-7.653411507675396e-05
140,3070,3110.0,0.00036239870062992376,-8.35534652568047e-05,-0.00010583505675849404,0.0003685919838211598,-8.974674844804072e-05
146,3071,2045.0,0.00033342076525001707,-7.844993904655229e-05,-0.0002783400175836552,0.0003760365358341703,-0.0001210657096307055
145,3071,2046.0,0.00035863155671870747,-7.889304457726199e-05,-0.00026398996802322675,0.00039536802316955894,-0.00011562951102811342
144,3071,3115.0,0.0003479733219585012,-7.957375014901213e-05,-0.00024049500943982421,0.00037947226114053633,-0.00011107268933104725
147,3071,3126.0,0.00031666563976296205,-7.937349730473774e-05,-0.00024639548222828503,0.0003518614929703841,-0.00011456935051215982
148,3072,3108.0,0.0003378466397658472,-8.12118054531968e-05,-0.00024116208826738435,0.0003700658056343501,-0.0001134309713216997
150,3072,3126.0,0.0003115933417514108,-8.277951818210145e-05,-0.00026313647007489976,0.0003514568825374562,-0.00012264305896814688
151,3072,3107.0,0.00032471792650745623,-8.104999426340796e-05,-0.00024014132069286563,0.0003575856678289387,-0.00011391773558489042
149,3072,3115.0,0.000341914978150646,-8.22593601049734e-05,-0.0002541435842436032,0.00037706900231734885,-0.00011741338427167624
154,3073,2044.0,0.000308470558736836,-7.040713477477292e-05,-0.00030820615814549854,0.0003632341600438452,-0.00012517073608178208
155,3073,3107.0,0.0002938446036619864,-6.914513445532069e-05,-0.0002846875606140539,0.00034300562394222,-0.00011830615473555427
153,3073,2045.0,0.00033846686810223847,-6.967121366193536e-05,-0.00029248903478378517,0.00038545884034987354,-0.00011666318590957043
152,3073,3126.0,0.0003145863160797383,-6.734106356599172e-05,-0.0002489020107418055,0.00035155942356830314,-0.00010431417105455658
159,3074,3105.0,0.0001848997614295675,-1.9942600560066527e-05,-0.00031304041983945194,0.0002695311784645243,-0.00010457401759502333
158,3074,2041.0,0.00020461090129047718,-1.4861943160355065e-05,-0.0003503864233917256,0.0003015983136539787,-0.0001118493555238566
157,3074,2042.0,0.00023787325972551843,-1.5586800800355765e-05,-0.00035038036407558995,0.0003273655697812466,-0.00010507911085608392
156,3074,3406.0,0.0002269956029309888,-1.9980736434654532e-05,-0.0003189923464769172,0.00030522098591462965,-9.820611941829539e-05
4101,3075,3100.0,0.00026987653795144256,-4.228676325473339e-05,-0.0003785550423658461,0.000359126217757123,-0.00013153644306041385
4102,3075,3106.0,0.00026987653795144256,-4.228676325473339e-05,-0.0003785550423658461,0.000359126217757123,-0.00013153644306041385
4103,3075,3406.0,0.00026987653795144256,-4.228676325473339e-05,-0.0003785550423658461,0.000359126217757123,-0.00013153644306041385
163,3076,3099.0,0.00017534942406835854,-4.645993781073987e-06,-0.0003260106676156536,0.0002715514102601998,-0.00010084797997291528
162,3076,13.0,0.00018334316118114746,1.1932376854058898e-06,-0.0003417553889065051,0.0002859014484351856,-0.00010136504956863226
161,3076,2041.0,0.00019837758460319183,8.333966168947056e-07,-0.00034847945826588234,0.0002998938071941917,-0.00010068282597410519
160,3076,3105.0,0.00018417702503551055,-1.1461198202182034e-05,-0.00031663216727594035,0.0002724561695513338,-9.97403427180053e-05
167,3077,3106.0,0.0002350171965000078,-6.720323995915221e-05,-0.00026324655618333893,0.00028430404758280134,-0.00011649009104194576
166,3077,2043.0,0.00024784482738304976,-4.3503055217376536e-05,-0.0003367859852312048,0.0003248300362114048,-0.0001204882640457316
165,3077,2044.0,0.00031839232224994615,-5.217887432777441e-05,-0.0003356571112748657,0.0003831010779385463,-0.00011688763001637455
164,3077,3107.0,0.00028908475306501855,-6.885482140608305e-05,-0.0002769611755850717,0.00033640473125977734,-0.00011617479960084187
171,3078,2052.0,0.0003844248732756579,-1.925604744478155e-05,-0.0001088189749099272,0.00039162977584783444,-2.6460950016958073e-05
168,3078,3113.0,0.0003723577306794894,-1.848980372633442e-05,-0.00010668675153018697,0.00037950731938942665,-2.5639392436271674e-05
170,3078,2053.0,0.00038926047753473983,-1.684730620743568e-05,-9.447414964507302e-05,0.00039468254169164416,-2.2269370364340026e-05
169,3078,3404.0,0.00036941731018671,-1.56071092376463e-05,-9.107880652269029e-05,0.0003747302458369581,-2.092004488789441e-05
172,3079,3404.0,0.0003701019158774549,-1.066280042990881e-05,-0.00010545342015603164,0.0003772684080160689,-1.7829292568522816e-05
175,3079,2053.0,0.00038822511351247445,-6.909951071739116e-06,-0.0001225216189207623,0.0003975049079899776,-1.618974554924222e-05
174,3079,2054.0,0.00039181839135632446,-1.5381018020126258e-05,-0.00011033957923369496,0.0003991607295033286,-2.2723356167130395e-05
173,3079,3114.0,0.00037931176672704146,-1.784285016528589e-05,-9.87771622351849e-05,0.0003853613855767052,-2.389246901494962e-05
179,3080,2054.0,0.00039639717236560415,-8.215603271773196e-06,-0.00013341188340705232,0.0004071108709491134,-1.892930185528249e-05
178,3080,2055.0,0.00039834340404321794,-2.2006686272896034e-05,-0.0001222748545312291,0.0004070549382358594,-3.071822046553748e-05
177,3080,3097.0,0.0003854262356565094,-2.2746205998632908e-05,-0.00010804656069160826,0.000392455386962285,-2.9775357304408505e-05
176,3080,3114.0,0.0003840979153167841,-1.2496598823391586e-05,-0.00011644731992694474,0.00039246898368884656,-2.0867667195454038e-05
182,3081,3097.0,0.0003893935890376052,-2.37573606783007e-05,-7.893974463118493e-05,0.00039313049525456164,-2.7494266895257202e-05
181,3081,3092.0,0.00037131903256678797,-2.4033799201960218e-05,-7.009984955442736e-05,0.0003744023303297997,-2.7117096964971972e-05
180,3081,3091.0,0.0003713869506973468,-1.760341130423158e-05,-8.424791163543031e-05,0.0003758963000124843,-2.211276061936905e-05
183,3081,3114.0,0.00038648698361782793,-1.3998193152601197e-05,-9.904082933550468e-05,0.0003925193711072371,-2.0030580642010394e-05
184,3082,3091.0,0.00037695646771753995,-2.7460298525893124e-05,-6.836206188159076e-05,0.00037982507765178396,-3.0328908460137152e-05
185,3082,3114.0,0.00039005542570771587,-2.1197537454890367e-05,-8.717621068537475e-05,0.0003946245027257114,-2.5766614472885914e-05
187,3082,3113.0,0.000364568415906711,-2.1714977002801153e-05,-6.336095578520417e-05,0.000367149399765006,-2.4295960861096116e-05
186,3082,3404.0,0.0003695850182158008,3.391790205621581e-06,-9.54616681443643e-05,0.0003757041609049013,-2.727352483478931e-06
191,3083,3112.0,0.0003618595744436723,-4.2461447916847586e-05,-3.493732705976346e-05,0.00036261290331919614,-4.321477679237147e-05
190,3083,3113.0,0.0003647590697726331,-1.6236993723111134e-05,-5.249004954814909e-05,0.00036655846761029934,-1.80363915607774e-05
189,3083,3091.0,0.00037219245925403273,-2.638205290923265e-05,-6.866363555448757e-05,0.0003751280608033714,-2.9317654458571325e-05
188,3083,3090.0,0.0003707839615583663,-4.507976515445712e-05,-5.791716188283287e-05,0.00037279080165848744,-4.708660525457826e-05
195,3084,3111.0,0.0003681985808497018,-6.812926315698727e-05,-4.3513207110030747e-05,0.0003692807458402453,-6.921142814753076e-05
193,3084,3090.0,0.00035902334085127253,-4.436208847334307e-05,-5.2636497710915886e-05,0.0003607331860810883,-4.607193370315886e-05
192,3084,3089.0,0.0003586430970072274,-6.360666543249228e-05,-6.228710147029252e-05,0.00036092776623554353,-6.58913346608084e-05
194,3084,3112.0,0.0003703947668079015,-4.165049389277207e-05,-2.658492080407325e-05,0.0003708231323864079,-4.207885947127846e-05
197,3085,3089.0,0.00034955630451718057,-6.460597141331792e-05,-5.570948460412346e-05,0.00035142129446459895,-6.647096136073628e-05
196,3085,3088.0,0.00034547669647861864,-8.328612965687737e-05,-7.870496970891145e-05,0.00034905860218984445,-8.686803536810318e-05
198,3085,3111.0,0.00037090635560001715,-6.916445508098885e-05,-3.932892857471792e-05,0.00037178331016512984,-7.004140964610156e-05
199,3085,3110.0,0.00036687351242266873,-9.930741989918707e-05,-7.392544225112013e-05,0.00036978602964992725,-0.00010221993712644558
203,3086,3099.0,0.0002091130328973033,-4.1110269740756225e-05,-0.0002968139096014514,0.00027810843845410977,-0.0001101056752975627
202,3086,3105.0,0.00018336045889135594,-2.0006089499420175e-05,-0.0003233890363612997,0.000272686622841749,-0.00010933225344981324
201,3086,3406.0,0.00026103380865517486,-2.0256976865502298e-05,-0.00036376904327639625,0.0003503081969408917,-0.00010953136515121914
200,3086,3100.0,0.0002478795453732443,-3.840061905153135e-05,-0.00032235681623341006,0.00032030282363476506,-0.00011082389731305214
206,3087,3106.0,0.00030456041570436215,-7.227066099175117e-05,-0.0003139122469990648,0.00036137056890388474,-0.00012908081419127376
205,3087,3107.0,0.0002865754058322314,-7.0425460622009e-05,-0.00029480943203450717,0.0003395713115964585,-0.0001234213663862361
204,3087,3101.0,0.00028494815234239405,-5.860186487493667e-05,-0.00030320608902036344,0.00034228040395754437,-0.00011593411649008699
207,3087,3100.0,0.0002976096127137312,-5.4279369280071216e-05,-0.00032153737688160773,0.0003599989948761753,-0.00011666875144251534
211,3088,3101.0,0.00029742339608003834,-8.190733386854673e-05,-0.0002281639236869741,0.0003290895577550021,-0.00011357349554351045
210,3088,3107.0,0.0002942986864653656,-7.916113949788e-05,-0.0002474497353167453,0.00033156855758900987,-0.00011643101062152426
209,3088,3108.0,0.0003130233662598141,-7.875306344962986e-05,-0.0002529876687958881,0.000350315088062739,-0.00011604478525255478
208,3088,3102.0,0.0003175149833198835,-8.119563087466517e-05,-0.00023607260472416174,0.00034983856421882075,-0.00011351921177360239
215,3089,3098.0,0.00014368718128713286,-4.065952715730887e-06,-0.0002930113463553395,0.00023388882559103927,-9.42675970196373e-05
214,3089,2826.0,0.00015205140504556333,1.7874651525172976e-05,-0.0003281532309865956,0.0002622255061199437,-9.229944954920738e-05
213,3089,13.0,0.00018187031109901178,1.7874651525172976e-05,-0.0003509007099749169,0.000293538356352043,-9.379339372785829e-05
212,3089,3099.0,0.00016115059026640052,-5.424967789707824e-06,-0.00030455189477564086,0.0002514278373475376,-9.570221487084488e-05
219,3090,3102.0,0.0003299699066665329,-9.673496860619136e-05,-0.00019141316476276385,0.00035045290808187235,-0.00011721797002153079
218,3090,3108.0,0.00033223704336428177,-9.167787568041828e-05,-0.00018126463419662706,0.00035080112632717954,-0.00011024195864331606
217,3090,3109.0,0.00032350065636652624,-8.890505535740206e-05,-0.0001814003664102528,0.000342566841873041,-0.00010797124086391681
216,3090,3103.0,0.00031904426733749165,-9.473405881612885e-05,-0.00019415078307009458,0.00034068684700182825,-0.00011637663848046542
221,3091,2826.0,0.00014976892648349213,2.7056101314027175e-05,-0.00032297481984051163,0.0002611631808381977,-8.433815304067837e-05
223,3091,3052.0,0.00011773391323791939,9.429739057089867e-06,-0.00027104948986885445,0.0002095249829784757,-8.236133068346646e-05
222,3091,2825.0,0.00012180346863320795,2.7056101314027175e-05,-0.0003094410134296226,0.00023624048023683836,-8.738091028960324e-05
220,3091,3098.0,0.00013897733652913635,9.097817259966744e-06,-0.0002806443225548544,0.00022865801967934614,-8.058286589024305e-05
224,3092,3147.0,0.00023574361035409372,-5.472170603510276e-05,-0.0002547322791897448,0.0002836809770639033,-0.00010265907274491232
227,3092,3140.0,0.0002048615161741093,-5.387797359752392e-05,-0.000245816991797999,0.0002539379235471062,-0.0001029543809705208
226,3092,3139.0,0.00020742416947334107,-4.367712583840653e-05,-0.0002747897943641761,0.00026799263125678815,-0.00010424558762185364
225,3092,3145.0,0.00023247461308386827,-4.268097276380182e-05,-0.0002866411473636272,0.00029356346543869545,-0.00010376982511862897
231,3093,3147.0,0.00023784884853454528,-7.015918045048678e-05,-0.0002349417784743013,0.0002775369771402407,-0.00010984730905618214
230,3093,3145.0,0.00023566574752431277,-6.3101759648064e-05,-0.0002563483005546428,0.00028311725153902376,-0.00011055326366277499
229,3093,3144.0,0.00024773643621222273,-6.160828480393466e-05,-0.0002648798407801894,0.00029669087064546724,-0.00011056271923717915
228,3093,3146.0,0.00025132748387645537,-6.537105181851491e-05,-0.0002542415852827746,0.00029604024238941303,-0.0001100838103314726
234,3094,3140.0,0.00021738827524787462,-5.4937309969511124e-05,-0.000258981628219827,0.00026913018462890333,-0.00010667921935053983
233,3094,3147.0,0.0002556624501137486,-5.58051305940522e-05,-0.00026766250213502117,0.0003052669592080701,-0.00010540963968837372
232,3094,3146.0,0.00023160683814943146,-6.388545166788968e-05,-0.0002336358022309113,0.00027220969206049196,-0.00010448830557895021
235,3094,3141.0,0.00021175666653070434,-6.220354610196046e-05,-0.00023321375880624995,0.000254667398920985,-0.00010511427849224108
236,3095,3137.0,0.0002479503754772008,-7.669453606539214e-05,-0.00021045398143744887,0.00027907377575700466,-0.00010781793634519597
237,3095,3146.0,0.0002509077596870874,-6.814249541226849e-05,-0.00024338769266713921,0.0002920257445414974,-0.0001092604802666785
238,3095,3141.0,0.00021925792176232233,-6.577950145588405e-05,-0.00024385035084743822,0.00026429541922352265,-0.00011081699891708438
239,3095,3136.0,0.00021560107720405668,-7.607328389898154e-05,-0.00020418338793494646,0.0002477841123820007,-0.00010825631907692557
243,3096,3146.0,0.0002663175070203973,-8.605333755684304e-05,-0.00021135068345706776,0.0002955793550384469,-0.00011531518557489264
242,3096,3144.0,0.00026093517654463515,-8.325484014676341e-05,-0.00022816126952250257,0.00029531312799037276,-0.00011763279159250102
241,3096,3143.0,0.00028165087016669785,-8.251639545184253e-05,-0.00023610422569193823,0.0003165712711550015,-0.00011743679644014615
240,3096,3142.0,0.0002840030095045999,-8.561456626947497e-05,-0.0002169220949452431,0.00031347928152406705,-0.0001150908382889421
245,3097,3142.0,0.0002773800746411915,-8.38698742500559e-05,-0.0002270266640717871,0.0003100873714143715,-0.00011657717102323592
244,3097,3138.0,0.0002761676692549222,-8.980566269853037e-05,-0.00019440606745124277,0.0003003827158453036,-0.0001140207092889117
246,3097,3146.0,0.00024864440436940787,-8.469428549917531e-05,-0.0002172621777816802,0.00028092074050016345,-0.0001169706216299309
247,3097,3137.0,0.00024605136555522125,-8.985839086068015e-05,-0.0001886006005265145,0.00027071369255902733,-0.00011452071786448623
248,3098,3145.0,0.00023450601024092507,-4.413669296392058e-05,-0.0002735458687949596,0.00029042111680147763,-0.00010005179952447314
249,3098,3100.0,0.00023273388785695175,-4.011761710887322e-05,-0.00030742291425682987,0.0003018299054935803,-0.00010921363474550172
251,3098,3139.0,0.00020081428328513895,-4.45709373354784e-05,-0.00026589043155747505,0.000259030232814359,-0.00010278688686469843
250,3098,3099.0,0.00020449891311408782,-4.056000178115371e-05,-0.00030034184371558,0.0002757857958290725,-0.00011184688449613839
255,3099,3145.0,0.00023618683219884563,-6.855203207411674e-05,-0.00024248534355838028,0.00027853830112270305,-0.00011090350099797415
254,3099,3100.0,0.0002338550136587493,-5.8962728861448324e-05,-0.0002868383041905046,0.0002923964065394349,-0.00011750412174213392
253,3099,3101.0,0.00027020853601920827,-5.665794196957439e-05,-0.00030539077828097005,0.00033044090786600545,-0.0001168903138163716
252,3099,3144.0,0.000277118965507717,-6.516080779297192e-05,-0.0002670982621117684,0.00032306024157877143,-0.0001111020838640264
258,3100,3101.0,0.00028373506448426886,-8.014111759768288e-05,-0.00023162515777318867,0.0003174680711824153,-0.00011387412429582935
257,3100,3102.0,0.00029483041941191605,-7.864952422762396e-05,-0.00024031125179505008,0.0003301471779789427,-0.00011396628279465058
256,3100,3143.0,0.00029689609684857565,-8.465099191931109e-05,-0.0002300468255510132,0.0003288890910725143,-0.00011664398614324973
259,3100,3144.0,0.00028565725265737585,-8.598733033819976e-05,-0.00022157867681367287,0.000316177748240908,-0.00011650782592173193
262,3101,3142.0,0.00027579160878993,-9.832002532459089e-05,-0.00018403818026196256,0.0002972001571371505,-0.00011972857367181138
263,3101,3138.0,0.0002749756698024221,-0.00010340016673518666,-0.00016204416577277406,0.0002915950554227955,-0.00012001955235556007
261,3101,3134.0,0.00030047858529027444,-9.792899982207209e-05,-0.00019146833136888218,0.0003222887774682327,-0.00011973919200003038
260,3101,3133.0,0.0002964934410087938,-0.00010340239403692586,-0.0001670480802012991,0.00031323755148065114,-0.00012014650450878315
267,3102,3142.0,0.00028912453635844895,-9.893180183009626e-05,-0.0001759455241032628,0.0003081365917877827,-0.00011794385725942999
266,3102,3143.0,0.0002874371176206838,-9.584662115428758e-05,-0.00018960298283986037,0.0003096034072865261,-0.00011801291082012992
265,3102,3135.0,0.00030292114689471107,-9.51802048904291e-05,-0.00019603849975638118,0.00032574643842532124,-0.00011800549642103928
264,3102,3134.0,0.0003036982021535628,-9.871391445508907e-05,-0.00018014133657240014,0.0003229385164297048,-0.00011795422873123109
271,3103,3143.0,0.00030562289747047226,-9.755766638262775e-05,-0.00018441882602103672,0.0003257108003410968,-0.0001176455692532523
270,3103,3102.0,0.00030413489266547036,-9.391150924799795e-05,-0.00019193591937319114,0.00032606436493418654,-0.0001158409815167141
269,3103,3103.0,0.00031278380935117686,-9.267549421061098e-05,-0.0001985639956241271,0.00033578901708639113,-0.00011568070194582525
268,3103,3135.0,0.00031422308339752215,-9.680748477591274e-05,-0.0001899351909918738,0.00033510430146471183,-0.00011768870284310242
273,3104,3099.0,0.00020748395271703857,-8.641638727297711e-06,-0.000331357413592406,0.000297226621289852,-9.838430730011116e-05
274,3104,3098.0,0.00016696284810879033,-6.8361266812087904e-06,-0.00031779215796334977,0.0002611696411826479,-0.00010104291975506638
275,3104,3129.0,0.00015988863155847605,-2.9608644578800036e-05,-0.00026256531263715854,0.00022704255760147885,-9.676257062180284e-05
272,3104,3139.0,0.0002022675594354397,-2.9676389322388962e-05,-0.00028092059588116954,0.0002684455072055656,-9.585433709251482e-05
279,3105,3130.0,0.0001773052211926484,-3.947965028529678e-05,-0.0002475528646991576,0.0002334409755325105,-9.561540462515888e-05
276,3105,3140.0,0.00020555626810090342,-3.998875760779087e-05,-0.00025468831275730214,0.0002596724888515012,-9.410497835838863e-05
277,3105,3139.0,0.00020858220215511786,-2.9705083860469446e-05,-0.00028873790005169535,0.0002766218954802742,-9.774477718562578e-05
278,3105,3129.0,0.00017989292768618922,-2.967247225827167e-05,-0.00027993219554514094,0.0002499527932955448,-9.973233786762727e-05
280,3106,3141.0,0.0002119390860811001,-5.175400731061825e-05,-0.0002364384571068301,0.00025717810592127446,-9.69930271507926e-05
281,3106,3140.0,0.0002192019431857834,-4.092376620789444e-05,-0.0002700116883285388,0.000276603549468614,-9.832537249072502e-05
282,3106,3130.0,0.00018737749126704166,-4.027948861250251e-05,-0.00026075387813961036,0.00024662433568540534,-9.952633303086619e-05
283,3106,3131.0,0.00018499349877489427,-5.102145388557306e-05,-0.0002291359903716303,0.00023145969812173552,-9.748765323241431e-05
286,3107,3131.0,0.00019136254577162629,-5.196648252669446e-05,-0.00024076868886409308,0.00024085481468257388,-0.00010145875143764205
284,3107,3136.0,0.00021684762481043954,-6.136576587284493e-05,-0.00021876342521948405,0.0002547014667145705,-9.921960777697586e-05
285,3107,3141.0,0.0002194750637995145,-5.265293392821193e-05,-0.00024738853886166826,0.0002672960400610083,-0.00010047391018970571
287,3107,3132.0,0.00019122266582188158,-6.106732874138951e-05,-0.00021168504545536655,0.00022974460498027333,-9.958926789978127e-05
288,3108,3080.0,0.00022028216149351434,-6.942119951744126e-05,-0.00020217457738298372,0.0002520675362178439,-0.00010120657424177087
289,3108,3136.0,0.00022183862045582585,-6.178437234332496e-05,-0.00022984225170355477,0.00026255757542841695,-0.00010250332731591606
291,3108,3079.0,0.00019427732583437735,-6.945993012262032e-05,-0.0001947435654154209,0.00022633123783317787,-0.00010151384212142084
290,3108,3132.0,0.00019311206706300928,-6.148498617648715e-05,-0.00022285359642203618,0.0002349905076672827,-0.00010336342678076056
295,3109,3080.0,0.00021953491937223065,-8.202771403496454e-05,-0.0001883805788368137,0.00024653666172543367,-0.00010902945638816754
294,3109,3136.0,0.0002210727361292037,-7.692431709440273e-05,-0.00021557729280066978,0.0002559735113793289,-0.0001118250923445279
293,3109,3137.0,0.0002465792052670033,-7.72735777048708e-05,-0.0002185741145372625,0.00028000843091580347,-0.00011070280335367098
292,3109,3081.0,0.0002450884554087585,-8.24180078138197e-05,-0.00019117000218229607,0.0002709443303739608,-0.00010827388277902196
299,3110,3081.0,0.0002440614260476228,-9.480056537005202e-05,-0.0001718045474344461,0.00026459375031576615,-0.00011533288963819539
297,3110,3138.0,0.000268612652362896,-8.973233623805685e-05,-0.00020200701969150768,0.0002951207155174585,-0.0001162403993926193
296,3110,3082.0,0.000268499599849965,-9.463818321508435e-05,-0.00017751388542304805,0.00028903230962689676,-0.00011517089299201608
298,3110,3137.0,0.00024543881617578294,-8.977673354977015e-05,-0.00019713966740029457,0.00027227480776008454,-0.00011661272513407175
301,3111,3133.0,0.0002864148168152522,-0.00010340467304459876,-0.00017218241757020747,0.0003045813608025334,-0.00012157121703187997
302,3111,3138.0,0.0002684658389918654,-0.00010340377358224412,-0.00017016577547162865,0.00028700804846567744,-0.00012194598305605614
303,3111,3082.0,0.00026837329437665296,-0.00010566329371235964,-0.00015012384748307704,0.0002828745644024819,-0.00012016456373818861
300,3111,3083.0,0.0002867757803374227,-0.00010546302046628229,-0.0001539751157073879,0.00030134549516997903,-0.00012003273529883864
307,3112,3083.0,0.00028758521917958413,-0.00011789164166833615,-0.00011330089051655653,0.00029535128780192017,-0.0001256577102906722
306,3112,3133.0,0.00028712496750755035,-0.00011167730750144398,-0.00013644535976451745,0.00029847284586885633,-0.00012302518586274994
305,3112,3127.0,0.0003033612731433051,-0.00011257533191727905,-0.00013741946948170845,0.0003144177237928526,-0.00012363178256682652
304,3112,3084.0,0.0003036187453465955,-0.00011659822792500746,-0.00012242591282242855,0.00031235404360994984,-0.0001253335261883618
310,3113,3056.0,0.00016323215526193105,-4.687588971926705e-05,-0.00021844868927446952,0.00020972451215034825,-9.336824660768426e-05
309,3113,3132.0,0.00019271472748817742,-4.5857230861709366e-05,-0.0002319098386713101,0.00023978585860871644,-9.292836198224839e-05
308,3113,3079.0,0.0001937461579484467,-5.4939474103111964e-05,-0.00020711111002078442,0.00023122079731834207,-9.241411347300733e-05
311,3113,3057.0,0.00017101371838905508,-5.569968562237136e-05,-0.0001968018367151242,0.00020776525274372173,-9.245121997703801e-05
312,3114,3132.0,0.00019126836751535807,-4.6865546084480145e-05,-0.00022124136270121504,0.00023472487161898498,-9.032205018810705e-05
315,3114,3056.0,0.00016735691611313372,-4.76456734218398e-05,-0.00021080470324510124,0.00021040854926221016,-9.069730657091624e-05
314,3114,3055.0,0.0001644032006569568,-3.8139949956860755e-05,-0.0002376977062003259,0.0002192757313815182,-9.301248068142217e-05
313,3114,3131.0,0.0001913926017817931,-3.807794529775508e-05,-0.0002470753719121619,0.0002452566842479957,-9.194202776395766e-05
319,3115,3055.0,0.0001607024213892503,-3.8222175088073245e-05,-0.00022547824766639378,0.00021158259490622184,-8.910234860504479e-05
317,3115,3130.0,0.0001876663652670349,-2.628138526161554e-05,-0.0002655682742945045,0.0002512065277444971,-8.982154773907775e-05
316,3115,3131.0,0.00018543515288352817,-3.815346048919926e-05,-0.00023583582343680333,0.00023612961784466482,-8.884792545033591e-05
318,3115,3054.0,0.000160379026065232,-2.634527421250697e-05,-0.00025416981654401843,0.00022470982119994728,-9.067606934722226e-05
322,3116,3053.0,0.0001514864196669706,-1.1201167064651572e-05,-0.00027332426440127185,0.0002291814614854121,-8.889620888309307e-05
321,3116,3129.0,0.00018025349363498012,-1.1447433449279874e-05,-0.0002858254699007745,0.0002564825500022247,-8.767648981652444e-05
320,3116,3130.0,0.0001775583389020778,-2.6359768629651134e-05,-0.0002517166570907489,0.00023757449160024554,-8.637592132781886e-05
323,3116,3054.0,0.00015047312685376873,-2.64295574006518e-05,-0.00023928107687499686,0.00021080853938475826,-8.676496993164132e-05
325,3117,3098.0,0.0001649736792642166,8.278471080436396e-06,-0.0003051828193125789,0.00025815591329920486,-8.490376295455188e-05
324,3117,3129.0,0.0001605262040309391,-1.1137296928708873e-05,-0.0002697705093532739,0.0002345729115109415,-8.518400440871127e-05
326,3117,3052.0,0.00013846224156069398,8.785485475066267e-06,-0.00029033488283211097,0.00023261317546842208,-8.536544843266183e-05
327,3117,3053.0,0.00013633169750881975,-1.0866730004582392e-05,-0.0002558958196648819,0.00021033841824018393,-8.487345073594657e-05
331,3118,3084.0,0.00030449604749630075,-0.00012396630770273998,-7.122900635774324e-05,0.00030743620845773113,-0.0001269064686641704
328,3118,3085.0,0.0003161755787671012,-0.0001241065354967752,-7.531026305111158e-05,0.0003193728165274053,-0.0001273037732570793
329,3118,3086.0,0.0003161698654368626,-0.00011932372143484688,-8.786294893763959e-05,0.00032055735683925916,-0.00012371121283724342
330,3118,3127.0,0.0003042989295317473,-0.00011957332635692124,-8.268546716908281e-05,0.0003082936792966457,-0.00012356807612181963
332,3119,3086.0,0.0003300903611589698,-0.00011966466712018685,-8.245412944393217e-05,0.00033383823325457195,-0.00012341253921578895
333,3119,3087.0,0.0003300689754663338,-0.00011254174609518075,-8.631126773151442e-05,0.00033423749664234864,-0.00011671026727119563
334,3119,3128.0,0.00032538039041097536,-0.00011188372255002799,-7.809974590378046e-05,0.00032884036147412966,-0.00011534369361318227
335,3119,3127.0,0.00032626389477153576,-0.00012005077402871527,-7.524755531082821e-05,0.00032941330914756467,-0.00012320018840474418
336,3120,3087.0,0.000351145467955399,-0.00011177442003363009,-7.469800118532245e-05,0.000354139471505417,-0.00011476842358364809
337,3120,3088.0,0.00035372263438165474,-0.0001024941164580256,-9.448884650358879e-05,0.0003585637523398287,-0.00010733523441619949
339,3120,3128.0,0.00032980603904327055,-0.00011095253832875902,-6.563032235477884e-05,0.0003322357844758298,-0.00011338228376131824
338,3120,3104.0,0.00033470838152749056,-9.875646530116481e-05,-9.239953217731085e-05,0.0003395777670987709,-0.00010362585087244513
343,3121,2055.0,0.0004086156598754227,-2.073349290704677e-05,-0.000146116520987713,0.0004207067845395819,-3.2824617571205935e-05
342,3121,1.0,0.0004091193313367665,-3.364766683337575e-05,-0.00013631232141113683,0.00041937329880076843,-4.390163429737772e-05
341,3121,3405.0,0.00039893426882649935,-3.1124867474327473e-05,-0.00012573606452103217,0.00040793618207828216,-4.012678072611028e-05
340,3121,3097.0,0.00039927832623475046,-2.1365910822680186e-05,-0.00013404232790450998,0.0004096986593548333,-3.1786243942763054e-05
347,3122,3407.0,0.0004947251964356053,-0.00015403861856561757,-2.7684548092418715e-05,0.0004950204061830463,-0.0001543338283130586
345,3122,3317.0,0.0004945992719935276,-0.00014601080981321786,-2.8133925969137802e-05,0.0004949080153785421,-0.00014631955319823237
344,3122,3330.0,0.0004942595220571444,-0.0001479025166716742,-3.170958834116744e-05,0.0004946507339885031,-0.0001482937286030329
346,3122,3320.0,0.0004949757442093,-0.0001475413056386399,-2.453569968732523e-05,0.000495209894125849,-0.00014777545555518895
349,3123,3093.0,0.00039609032868880185,-3.285586925761578e-05,-9.108813011868971e-05,0.0004008727246189173,-3.763826518773125e-05
348,3123,3092.0,0.00039621156740378763,-2.3279629398707325e-05,-9.339666469828332e-05,0.0004013472159574298,-2.841527795234951e-05
350,3123,3405.0,0.00039787558166339346,-3.76627952964664e-05,-0.00010120279297937476,0.00040367723380878697,-4.346444744185996e-05
351,3123,3097.0,0.0003979810127648538,-2.291682139098162e-05,-0.00010426137771206781,0.00040434158676118056,-2.9277395387308368e-05
352,3124,3150.0,0.000452001296191655,-7.527176260490372e-05,-0.00013465351214746873,0.0004604623811096021,-8.373284752285083e-05
355,3124,2157.0,0.00046034348051728416,-7.729390480823049e-05,-0.00014448722964531535,0.00046988180574263126,-8.683223003357759e-05
354,3124,2158.0,0.00046034348051728416,-8.907465167827305e-05,-0.00013580815694899662,0.00046861150690189103,-9.734267806287992e-05
353,3124,3152.0,0.00045243567381549055,-8.867189006849408e-05,-0.00012537102761528418,0.0004596026555272863,-9.583887178028983e-05
358,3125,2159.0,0.00046973496828039973,-9.961409405054907e-05,-0.00012293080718687663,0.0004762950238885208,-0.00010617414965867012
357,3125,3153.0,0.00046065682200136654,-9.992890827562138e-05,-0.00011306346538338119,0.00046630088530806433,-0.00010557297158231917
356,3125,3152.0,0.00045823668518050337,-8.852837774679255e-05,-0.00012132866503989509,0.00046488659781854024,-9.517829038482943e-05
359,3125,2158.0,0.00046973496828039973,-8.89831351084477e-05,-0.00013301679001812006,0.000477542847778077,-9.679101460612495e-05
362,3126,2160.0,0.00047715533080533445,-0.00011141930207769009,-0.00010840405111911186,0.0004821051848375211,-0.00011636915610987672
361,3126,3149.0,0.00046753966626152804,-0.00011071677956969402,-9.784433015688765e-05,0.00047164941415171453,-0.00011482652745988052
363,3126,2159.0,0.00047715533080533445,-9.976997342927803e-05,-0.00011843704303585861,0.00048317109038796844,-0.00010578573301191202
360,3126,3153.0,0.0004664557649878276,-0.00010017870628088401,-0.00010566173255156797,0.0004713394253252624,-0.0001050623666183188
367,3127,3151.0,0.0004448316993382641,-6.433887720722471e-05,-9.781006884437837e-05,0.00044948639910122356,-6.899357697018422e-05
366,3127,3148.0,0.00044368223845985336,-9.165529373938671e-05,-8.546605861975073e-05,0.00044707191649966935,-9.50449717792027e-05
365,3127,3095.0,0.0004377698396666671,-8.499356784851336e-05,-6.916421384664181e-05,0.00044004760791506545,-8.727133609691168e-05
364,3127,3094.0,0.0004377342728715348,-6.496737879390586e-05,-7.547496515927787e-05,0.00044055141362437587,-6.778451954674692e-05
370,3128,2156.0,0.00043568210359202705,-6.335423336861616e-05,-0.00014877837204328032,0.00044653495384984444,-7.420708362643354e-05
369,3128,3154.0,0.0004316003271448293,-5.9448083671863956e-05,-0.0001382805359291285,0.0004411496642602257,-6.899742078726035e-05
368,3128,3096.0,0.00043255582284502936,-4.955015733287241e-05,-0.00014446418087863538,0.0004431454740553178,-6.0139808543160824e-05
371,3128,2155.0,0.00043568210359202705,-5.30442532335173e-05,-0.0001523314805066192,0.00044727709158995366,-6.463924123144391e-05
374,3129,2157.0,0.0004491363626042237,-7.704812391917009e-05,-0.0001451122866929777,0.00045895788301484166,-8.686964432978804e-05
375,3129,2156.0,0.0004491363626042237,-6.562852411187378e-05,-0.0001512371359875947,0.0004600147810475039,-7.650694255515399e-05
373,3129,3150.0,0.00044325095371866574,-7.508853700209889e-05,-0.00013519013176261155,0.00045192080558330815,-8.375838886674129e-05
372,3129,3154.0,0.0004435036418218227,-6.216495382621058e-05,-0.00014259276502057855,0.0004533637602217088,-7.202507222609666e-05
379,3130,3155.0,0.0004286422965278768,-4.480441708182986e-05,-0.00011470574207504691,0.00043549089926107193,-5.165301981502495e-05
378,3130,3151.0,0.0004357656627188809,-6.44574133432239e-05,-9.33782144357416e-05,0.00044008614741504026,-6.877789803938321e-05
377,3130,3094.0,0.00041881762318565427,-6.481308631967189e-05,-8.037143687543435e-05,0.00042213398355878183,-6.812944669279942e-05
376,3130,3093.0,0.0004153524877766636,-5.346480531812565e-05,-9.316564917426565e-05,0.00041993625349940147,-5.804857104086349e-05
383,3131,3405.0,0.00040960521318780807,-4.4789506461225715e-05,-0.00011219383694386145,0.0004164281613993192,-5.161245467273683e-05
382,3131,3096.0,0.0004132092793617051,-4.768838331545354e-05,-0.000122207631745197,0.00042117257057462144,-5.565167452836991e-05
380,3131,3093.0,0.0004178980379552794,-4.3822938236138184e-05,-0.00010634517471561772,0.00042394235987851627,-4.9867260159375016e-05
381,3131,3155.0,0.0004249443948866338,-4.546530028363879e-05,-0.00011069562298857919,0.0004313688099431623,-5.188971534016726e-05
385,3132,3157.0,0.00045827842486909423,-0.00010340665621341873,-8.426729477027314e-05,0.0004614214065286048,-0.00010654963787292925
386,3132,3149.0,0.00046778173831324085,-0.00010385325717259187,-9.499768456417562e-05,0.0004717016769401534,-0.00010777319579950443
387,3132,3153.0,0.0004664445712708534,-9.076093752306055e-05,-0.0001046307352425696,0.0004713138480285084,-9.563021428071554e-05
384,3132,3148.0,0.000457787936955327,-9.265315443112847e-05,-9.289020811648757e-05,0.00046167936961963795,-9.654458709543946e-05
388,3133,3157.0,0.00046099846036386227,-0.00010289934304098699,-7.153501101591839e-05,0.00046325810466501117,-0.00010515898734213592
389,3133,2874.0,0.0004676165210537892,-0.00011270939913408438,-7.13271091153829e-05,0.00046979998651379174,-0.00011489286459408693
390,3133,3156.0,0.0004752866188130686,-0.0001141620558446547,-7.933714942024578e-05,0.00047794424266119106,-0.00011681967969277713
391,3133,3149.0,0.00047332909863680855,-0.0001034949611803084,-8.585961696270725e-05,0.00047650662178566145,-0.00010667248432916129
394,3134,3157.0,0.0004580931493972408,-0.00011952782403184311,-8.86009479748942e-05,0.0004614710081583579,-0.00012290568279296022
392,3134,3095.0,0.0004619804951718834,-8.678909210192408e-05,-6.538638068424515e-05,0.0004639213421728193,-8.872993910286e-05
393,3134,2874.0,0.0004624867654139664,-9.954021586691678e-05,-6.697580309350352e-05,0.00046447507948849565,-0.00010152852994144601
395,3134,3148.0,0.0004584994437924969,-9.142835098082327e-05,-7.948442412542174e-05,0.0004613566908237864,-9.428559801211275e-05
396,3135,3149.0,0.00047290735223499275,-0.00011019725179085469,-8.925003497057757e-05,0.0004763027354047085,-0.00011359263496057043
397,3135,3156.0,0.0004745037614008567,-0.00011992097380177715,-8.415673910393967e-05,0.0004774676430920721,-0.00012288485549299252
398,3135,2161.0,0.0004829816859815775,-0.00012162890724565548,-9.427494409865872e-05,0.00048663461140464355,-0.00012528183266872155
399,3135,2160.0,0.0004829816859815775,-0.00011104886600454871,-0.00010215032009006433,0.0004873411702901381,-0.00011540835031310928
400,3136,3156.0,0.00047878466584405643,-0.00011903484759110663,-7.760556833970311e-05,0.0004812927233317668,-0.000121542905078817
401,3136,2875.0,0.00047702997404677067,-0.00012792655507496998,-6.848515570237468e-05,0.0004789620487808239,-0.00012985862980902316
403,3136,2161.0,0.00048725349128300385,-0.00012068595700094625,-8.734620105554577e-05,0.0004903748495655391,-0.0001238073152834815
402,3136,2162.0,0.00048725349128300385,-0.0001309380082300726,-7.946080652894427e-05,0.000489796454559866,-0.00013348097150693474
407,3137,3088.0,0.00035964998801399795,-9.439050942062067e-05,-1.5150353806441842e-05,0.0003597763365258439,-9.451685793246658e-05
406,3137,3089.0,0.00036151365267950934,-6.796789856164388e-05,-8.004195930586683e-07,0.00036151402561227376,-6.796827149440826e-05
405,3137,137.0,0.0003513003841987914,-6.622775677696142e-05,-3.135267181093859e-05,0.0003518881339420468,-6.681550652021685e-05
404,3137,136.0,0.0003513003841987914,-9.286791253346991e-05,-4.0094776965507624e-05,0.0003522033806201753,-9.377090895485381e-05
410,3138,3088.0,0.00034331853178303645,-9.398208824760181e-05,-2.0998178329634416e-05,0.0003435704578072013,-9.423401427176666e-05
411,3138,3087.0,0.0003427104332489918,-0.00011234539599733606,-1.4075069046447057e-05,0.00034281924418857915,-0.00011245420693692341
408,3138,135.0,0.00034774398958431485,-0.00011215010398349043,-3.529885997059171e-05,0.0003484203299567112,-0.00011282644435588678
409,3138,136.0,0.00034774398958431485,-9.286791253346991e-05,-3.988195900397808e-05,0.00034864462688901943,-9.376854983817449e-05
412,3139,134.0,0.00033501546311426843,-0.0001229201028623011,-3.071538125593194e-05,0.0003355299328341061,-0.00012343457258213883
413,3139,135.0,0.00033501546311426843,-0.00011215010398349043,-3.5181480936470784e-05,0.0003357063856695284,-0.00011284102653875036
415,3139,3086.0,0.00033043555019565424,-0.00012313077047341003,-1.9583562188865873e-05,0.00033064684086889326,-0.00012334206114664902
414,3139,3087.0,0.00033041079019348416,-0.00011225250362455392,-2.4034849654039e-05,0.0003307367991931473,-0.00011257851262421706
419,3140,3089.0,0.0003611270905113694,-6.774079273793608e-05,-4.840705395943792e-06,0.0003611407495444707,-6.775445177103744e-05
418,3140,3090.0,0.0003613309490442321,-3.802627160161909e-05,1.1693687952708809e-06,0.0003613318050575816,-3.802712761496858e-05
417,3140,138.0,0.0003568201611247263,-4.052185582797263e-05,-2.7570091535963903e-05,0.00035729783352734997,-4.099952823059631e-05
416,3140,137.0,0.0003568201611247263,-6.622775677696142e-05,-3.1661289404166966e-05,0.00035741172381697643,-6.681931946921158e-05
420,3141,133.0,0.0003196894244711099,-0.00012777654266086944,-2.6952040733687482e-05,0.000320094904940785,-0.00012818202313054453
423,3141,3085.0,0.0003161998143337676,-0.00012779685336712843,-2.205505159773996e-05,0.0003164735357615747,-0.00012807057479493556
422,3141,3086.0,0.0003161982584851319,-0.00012301327513928874,-2.5471802881361222e-05,0.0003165672538677825,-0.00012338227052193935
421,3141,134.0,0.0003196894244711099,-0.0001229201028623011,-3.042304463667534e-05,0.000320211595221345,-0.00012344227361253625
425,3142,3158.0,0.0003936652268080147,-4.2032078255978486e-05,-4.878365039573396e-05,0.00039502651142871625,-4.3393362876680035e-05
424,3142,3159.0,0.0003936675260187289,-2.5321613903882553e-05,-4.924290020226138e-05,0.00039510941722133597,-2.6763505106489608e-05
427,3142,3092.0,0.00039398314903252643,-2.656215806141376e-05,-6.431912032647293e-05,0.0003964282101676602,-2.9007219196547552e-05
426,3142,3093.0,0.0003939589717544701,-4.152559701747176e-05,-6.284954520255175e-05,0.0003962149117764769,-4.378153703947857e-05
430,3143,3158.0,0.00039347074850517964,-3.660146765414417e-05,-1.9279376506526127e-05,0.0003936867051488744,-3.681742429783894e-05
428,3143,139.0,0.0003762165466327022,-2.801395872226906e-05,-2.3597655173552765e-05,0.0003765606422138394,-2.835805430340631e-05
429,3143,140.0,0.0003762165466327022,-3.8860386568657975e-05,-5.256085777605862e-06,0.0003762331853134557,-3.887702524941152e-05
431,3143,3159.0,0.00039367939694143553,-1.785993523366296e-05,-5.109514277813754e-05,0.00039525927603221815,-1.9439814324445577e-05
432,3144,139.0,0.000380504275839918,-2.4831621505066087e-05,-3.105013427085607e-05,0.00038109804301346374,-2.542538867861182e-05
433,3144,3159.0,0.00039198607015810197,-2.475004135996591e-05,-4.2422806511678915e-05,0.0003930629243130636,-2.582689551492752e-05
434,3144,3092.0,0.00037119338768566365,-2.4737699347348428e-05,-4.398054228661394e-05,0.0003724109971835173,-2.5955308845202022e-05
435,3144,3091.0,0.00037113980603224045,-2.481817760586365e-05,-3.284293882140337e-05,0.0003718196822742314,-2.549805384785458e-05
437,3145,139.0,0.0003652159975235641,-2.4188617702745642e-05,-3.085102784676323e-05,0.00036582609368878685,-2.4798713867968402e-05
436,3145,138.0,0.0003652159975235641,-4.052185582797263e-05,-2.683082432318115e-05,0.0003656590840050207,-4.096494230942927e-05
438,3145,3091.0,0.00036112731487892517,-2.0888360450428373e-05,-1.5051886766284835e-05,0.00036127552308552546,-2.1036568657028685e-05
439,3145,3090.0,0.0003602387757639901,-3.874132817532399e-05,-7.047675729132848e-06,0.000360269896275231,-3.8772448686564886e-05
440,3146,140.0,0.0004113879084402623,-3.8860386568657975e-05,-1.3042629255466745e-05,0.0004114823421720843,-3.8954820300479974e-05
441,3146,141.0,0.0004113879084402623,-6.440061465057677e-05,-1.3230976133747976e-05,0.0004114798741404618,-6.449258035077631e-05
443,3146,3158.0,0.0004112474288076283,-3.4643079377474225e-05,-3.206085875005066e-05,0.0004118230036960468,-3.5218654265892685e-05
442,3146,3160.0,0.00041123303260752475,-7.227000016079634e-05,-3.4290493813520645e-05,0.0004118402486130489,-7.28772161663205e-05
447,3147,3093.0,0.00041869612853329824,-4.109975224780657e-05,-7.555852062989497e-05,0.0004217795940655416,-4.418321778004998e-05
446,3147,3094.0,0.000421555480103062,-6.50173060498457e-05,-6.828519270760114e-05,0.00042393956946584906,-6.74013954126327e-05
445,3147,3160.0,0.0004104563825079767,-6.235325224434918e-05,-4.874558297558902e-05,0.00041170945084900273,-6.360632058537521e-05
444,3147,3158.0,0.0004098886906100177,-4.169883701954387e-05,-5.861600470909514e-05,0.0004117828333244577,-4.359297973398384e-05
451,3148,3094.0,0.00043781589522880193,-6.432006759257549e-05,-6.0734273562911695e-05,0.00043964570796812467,-6.614988033189825e-05
449,3148,3161.0,0.00043351327293654485,-8.113251312588038e-05,-3.902422187127344e-05,0.0004342519883462576,-8.187122853559314e-05
448,3148,3160.0,0.0004334338829815737,-6.20408208760181e-05,-4.336678163960675e-05,0.0004343809997639066,-6.298793765835103e-05
450,3148,3095.0,0.00043784286468430585,-8.423842137850429e-05,-5.597519466174483e-05,0.00043933892940746315,-8.57344861016616e-05
453,3149,142.0,0.0004500950174573179,-0.00010585072791364064,-2.3943686758702218e-05,0.00045035270201334177,-0.00010610841246966456
452,3149,3161.0,0.0004399642388468461,-7.691336747696768e-05,-1.3834811607518066e-05,0.00044005679835262937,-7.700592698275092e-05
454,3149,2874.0,0.00045923149973301804,-0.00010848059814714688,-4.343914509567781e-05,0.00046006123609233427,-0.00010931033450646308
455,3149,3095.0,0.00046074246378172146,-8.515271342427318e-05,-5.717262091680872e-05,0.00046223533004974954,-8.664557969230129e-05
459,3150,3160.0,0.00043378253771960036,-7.121501344767815e-05,-2.302555142766685e-05,0.000434044866097536,-7.147734182561376e-05
458,3150,3161.0,0.00043339127724589116,-0.00010787990588825578,-4.665127072666503e-05,0.00043439461640849597,-0.00010888324505086057
457,3150,142.0,0.0004451916795197835,-8.41182965230904e-05,-1.2934563823741203e-05,0.00044527068708628484,-8.419730408959172e-05
456,3150,141.0,0.0004451916795197835,-6.440061465057677e-05,-5.644951940921017e-07,0.0004451918358480532,-6.440077097884651e-05
462,3151,3172.0,0.00024213121631036852,-9.804527302589405e-05,-0.00016682971434373636,0.00026148438572925586,-0.00011739844244478139
461,3151,3171.0,0.0002537266949836168,-9.806149532169922e-05,-0.00016850210585379367,0.0002728632964632148,-0.00011719809680129726
460,3151,3174.0,0.00025459890371220054,-9.983184302946838e-05,-0.0001570914357824334,0.00027122552361942456,-0.00011645846293669237
463,3151,3175.0,0.00024042900266185718,-0.00010022994240875983,-0.0001523224657887668,0.00025668104745918516,-0.00011648198720608778
467,3152,3169.0,0.0002400123821593137,-9.842539563608625e-05,-0.0001530045374626499,0.0002565019461678075,-0.00011491495964458003
466,3152,3175.0,0.00023645666365694484,-9.918434186347263e-05,-0.00015730196852321767,0.00025397287736708115,-0.00011670055557360895
465,3152,3174.0,0.0002424741290603617,-9.942111071040041e-05,-0.00015711203301368125,0.00025965980360714575,-0.0001166067852571845
464,3152,3170.0,0.00024335501282453376,-9.863624633380799e-05,-0.00015326839591415283,0.0002597421616208085,-0.00011502339513008277
471,3153,3169.0,0.00022130917208167556,-9.11085566702082e-05,-0.00016423002224726611,0.00024157717406916325,-0.0001113765586576959
470,3153,3173.0,0.00022598899847562541,-8.843500687542004e-05,-0.00018089208026347142,0.00025014981614747476,-0.00011259582454726941
469,3153,3172.0,0.00024364188727757537,-8.899261721432997e-05,-0.00018055452244124942,0.0002665636698213319,-0.00011191439975808648
468,3153,3175.0,0.00023992963846083092,-9.422534530711566e-05,-0.00014886063475718844,0.00025575857194053207,-0.00011005427878681685
475,3154,3174.0,0.0002561387243179402,-0.00010737872615344043,-0.00013728078593377123,0.000268667769531014,-0.00011990777136651419
474,3154,3171.0,0.00025534315891802967,-0.00010683376987841305,-0.00014776959763037993,0.0002698358680362462,-0.00012132647899662958
473,3154,3168.0,0.00026602940393138583,-0.00010677118456227971,-0.00014953195327351704,0.00028046491564990916,-0.00012120669628080304
472,3154,3167.0,0.0002670990296278677,-0.0001073279430110121,-0.00013882927601865762,0.0002795534712033335,-0.00011978238458647792
477,3155,3167.0,0.0002585487143674939,-0.00010703325955894972,-0.0001413552678034627,0.0002717369937794065,-0.00012022153897086232
479,3155,3170.0,0.0002494688298603238,-0.00010736515515968978,-0.00013000855740835822,0.00026094175142204014,-0.00011883807672140618
478,3155,3174.0,0.0002470475633286548,-0.00010706411828281803,-0.00013998090389624827,0.0002603793117385208,-0.00012039586669268399
476,3155,3166.0,0.0002592365876918669,-0.00010732705592023529,-0.00013157257247271154,0.00027068550732464665,-0.00011877597555301505
480,3156,3169.0,0.0002213590606341626,-8.35456105093504e-05,-0.00016662890082204136,0.0002426393134520743,-0.00010482586332726212
483,3156,3165.0,0.00019739780410631385,-8.32905459560489e-05,-0.00016244463963314363,0.000219206497386391,-0.00010509923923612604
482,3156,3164.0,0.00020020889752410398,-7.7618245576903e-05,-0.00018856651394413056,0.0002291831245361445,-0.00010659247258894351
481,3156,3173.0,0.00022859894783238376,-7.808220295419462e-05,-0.0001927971115743901,0.0002563826767712354,-0.00010586593189304625
487,3157,3171.0,0.0002632422385025852,-0.00010733928522706725,-0.00014419644815812267,0.00027677506766206946,-0.00012087211438655153
486,3157,3082.0,0.000262465425223974,-0.00010497688775002898,-0.0001566682367992664,0.0002784683219863722,-0.0001209797845124272
485,3157,3083.0,0.00027425695798301373,-0.00010476387653332695,-0.00016001369638461195,0.00029045335638011653,-0.00012096027493042975
484,3157,3168.0,0.0002771750005915192,-0.00010704406958508795,-0.0001483818647837424,0.0002910032423218929,-0.00012087231131546167
489,3158,3082.0,0.0002607629152438515,-9.442560650160727e-05,-0.00018367130065674933,0.000283102413817011,-0.00011676510507476677
488,3158,3171.0,0.00026198465597396074,-9.802155526313387e-05,-0.000164048812817617,0.00027979237230163376,-0.00011582927159080688
490,3158,3081.0,0.00024283518522577856,-9.453328029665345e-05,-0.00017982839451428922,0.00026530255002690784,-0.00011700064509778275
491,3158,3172.0,0.0002417535032784371,-9.798810921405861e-05,-0.0001605672546114642,0.00025976976850895686,-0.00011600437444457835
493,3159,3080.0,0.00022424189596484574,-6.936855722128787e-05,-0.0002121080618479737,0.0002585422519203786,-0.00010366891317682074
495,3159,3164.0,0.0001952904597307733,-7.681714399516558e-05,-0.00017802207920545286,0.00022182079661610328,-0.00010334748088049558
494,3159,3079.0,0.00019687464920430022,-6.94106928992059e-05,-0.00020402864505047937,0.00023146358774083837,-0.00010399963143574404
492,3159,3173.0,0.0002206723150796619,-7.735767621295142e-05,-0.0001835160947501113,0.0002466573428206444,-0.00010334270395393391
498,3160,3080.0,0.00022251463746682416,-8.274439079783012e-05,-0.00019704103038255955,0.00025154981582543054,-0.0001117795691564365
497,3160,3081.0,0.00024390301253744,-8.306496491404373e-05,-0.00019929999469821616,0.0002718795590176662,-0.00011104151139426993
496,3160,3172.0,0.0002424829631295219,-8.772382492457207e-05,-0.00017400666547078177,0.00026400408685487385,-0.00010924494864992404
499,3160,3173.0,0.00021960522759207138,-8.692517136440017e-05,-0.00017403888162488036,0.00024258589175441353,-0.00010990583552674232
503,3161,3073.0,0.00020018412688532512,-8.803692026972446e-05,-0.00014790236950413746,0.00021805082618812672,-0.00010590361957252606
502,3161,3165.0,0.00020048834210771842,-8.372176394497621e-05,-0.00017130905839700394,0.00022430659807633422,-0.000107540019913592
501,3161,3169.0,0.00022267156501604504,-8.391791338181872e-05,-0.00017434709068108768,0.0002457245053405716,-0.00010697085370634524
500,3161,3074.0,0.00022412602170923494,-8.807496058843372e-05,-0.0001521209744754495,0.0002416704586629726,-0.00010561939754217138
505,3162,3170.0,0.00023945708273466221,-9.702207672332571e-05,-0.00015761939996704333,0.00025700104640734094,-0.00011456604039600447
506,3162,3169.0,0.00022418092187154095,-9.739168202881261e-05,-0.0001518742712154253,0.00024121105183674582,-0.00011442181199401748
507,3162,3074.0,0.0002251126845792973,-9.857881257687286e-05,-0.00013754021148335883,0.00023911736613012178,-0.00011258349412769734
504,3162,3075.0,0.0002403202076128935,-9.84385022695227e-05,-0.0001404962279526684,0.0002543097796945913,-0.00011242807435122052
508,3163,3076.0,0.0002545368970080387,-0.00010818209507536334,-0.00012137269904395447,0.0002644209624862052,-0.00011806616055352984
509,3163,3166.0,0.00025660811840105824,-0.00010664605633539821,-0.00013646285210668248,0.00026900145873862233,-0.00011903939667296231
510,3163,3170.0,0.00024072993411520562,-0.00010685943751130849,-0.00013275680096815328,0.0002529747195647782,-0.00011910422296088104
511,3163,3075.0,0.00024137776919889737,-0.00010819198344253487,-0.00011991819724906181,0.0002513761348085962,-0.00011819034905223368
515,3164,3166.0,0.00026070256531861725,-0.00011485669535971034,-0.00011120834980816487,0.0002687621900767827,-0.00012291632011787577
512,3164,3177.0,0.0002726392160424477,-0.00011492407604272417,-0.00011216612675144823,0.00028059164332556335,-0.00012287650332583984
513,3164,3176.0,0.00027111164467468786,-0.00011334500324976379,-0.00012457788015659936,0.0002809517264304378,-0.00012318508500551372
514,3164,3167.0,0.00025992707867201863,-0.00011347197590379113,-0.00012216312975121477,0.00026966499958882894,-0.00012320989682060144
516,3165,3077.0,0.0002708099640719823,-0.00011910763519335115,-9.866039299406956e-05,0.00027695412772093,-0.00012525179884229884
517,3165,3163.0,0.0002714151093802467,-0.00012012337321482837,-9.610386502851252e-05,0.00027722608550636446,-0.00012593434934094608
518,3165,3176.0,0.0002745100381589781,-0.0001200793846306634,-9.735586108370817e-05,0.00028042640930200317,-0.00012599575577368845
519,3165,3177.0,0.00027378761400879015,-0.00011789992204007307,-0.00010305201988118282,0.0002804523919136731,-0.00012456469994495602
520,3166,3077.0,0.0002660718380621675,-0.0001156072819614873,-9.656059810104426e-05,0.0002720843162463307,-0.00012161976014565045
521,3166,3177.0,0.0002819513694322165,-0.00011505584722425405,-0.00011467134367602362,0.0002900659156413926,-0.00012317039343343018
522,3166,3166.0,0.00025379024378643315,-0.00011501612571541574,-0.00011505845487066318,0.00026255575876605426,-0.00012378164069503687
523,3166,3076.0,0.00025151732806113786,-0.00011552721581160552,-9.866236055658829e-05,0.00025803186741230885,-0.00012204175516277651
527,3167,3167.0,0.0002690461010172278,-0.00011375326364201812,-0.00011988495108389285,0.0002782129631808912,-0.00012292012580568154
526,3167,3168.0,0.00026856140558619013,-0.00011312963382354216,-0.00012469789419449102,0.00027848790483704297,-0.00012305613307439498
524,3167,3176.0,0.00027358770259287325,-0.00011370062147130909,-0.00012087744411225232,0.0002828003881476665,-0.00012291330702610234
525,3167,3178.0,0.00027367439991576,-0.0001130295803014324,-0.00012613409998204518,0.0002837000016739298,-0.00012305518205960216
531,3168,3168.0,0.0002830482587668232,-0.0001133635748074151,-0.00012538456975949575,0.00029272670414498547,-0.00012304202018557732
529,3168,3084.0,0.0002804719999915744,-0.00011547212176295739,-0.00011916307545038578,0.00028924349167566514,-0.0001242436134470482
528,3168,3178.0,0.00027599302755159164,-0.00011380364436429737,-0.00012142847016292143,0.0002852308708973234,-0.00012304148771002916
530,3168,3083.0,0.0002840298044070027,-0.00011503394076161892,-0.00012168841550684465,0.00029310039056693407,-0.00012410452692155033
533,3169,3084.0,0.0002934918915110463,-0.00011931069426403973,-0.00011147058357883263,0.0003008846968968202,-0.00012670349964981364
534,3169,3178.0,0.0002737146627137619,-0.00011834620810186221,-0.00012848230253324766,0.00028397251374567383,-0.00012860405913377415
535,3169,3176.0,0.0002731196923173966,-0.00012026788542831131,-9.245224507526371e-05,0.00027847862177820675,-0.00012562681488912145
532,3169,3163.0,0.00029083108970708255,-0.00012023113512257702,-9.408615709710459e-05,0.00029614610462164593,-0.00012554615003714038
538,3170,3059.0,0.0001780540347991735,-7.1180717503535e-05,-0.00017615795673204225,0.0002060387453597975,-9.9165428064159e-05
537,3170,3165.0,0.00020060586141030026,-7.129858793216977e-05,-0.00018049127078895687,0.00022783231825356673,-9.852504477543623e-05
536,3170,3073.0,0.00020031639275652942,-7.61047261199733e-05,-0.00015821007902360948,0.00022135333256520062,-9.71416659286445e-05
539,3170,3060.0,0.00017739199605207225,-7.617874285859754e-05,-0.00015290908732573487,0.00019866008705823104,-9.744683386475633e-05
542,3171,3058.0,0.00017458074869369528,-6.318692393100344e-05,-0.00019084634414323273,0.0002081401749564784,-9.674635019378655e-05
543,3171,3059.0,0.00017347398537967754,-7.092253968586854e-05,-0.00016558359084780684,0.00019887957359457977,-9.632812790077077e-05
541,3171,3164.0,0.0002012607953374478,-6.30038032065957e-05,-0.00019971847889064653,0.00023475099518166788,-9.649400305081579e-05
540,3171,3165.0,0.00019838195720818345,-7.110936794698481e-05,-0.00017271388580283268,0.00022367977363162156,-9.640718437042291e-05
547,3172,3058.0,0.0001672827584943623,-6.345963349475652e-05,-0.00017835079761075075,0.00019772913557421936,-9.390601057461358e-05
546,3172,3057.0,0.00016903137992747667,-5.476756795662449e-05,-0.00020667530473088107,0.00020944790207548977,-9.51840901046376e-05
545,3172,3079.0,0.0001977003280261144,-5.393611410304936e-05,-0.00021830346125661405,0.00023844838521439645,-9.468417129133142e-05
544,3172,3164.0,0.00019585225769225192,-6.326197069213963e-05,-0.00018792242160601842,0.00022633812201950632,-9.374783501939403e-05
550,3173,3084.0,0.00028856372941358024,-0.00012418854573462037,-7.878263181657075e-05,0.00029228943840202285,-0.00012791425472306295
549,3173,3085.0,0.00030191432226396933,-0.00012421739871691705,-7.92773585730237e-05,0.00030557013997418965,-0.00012787321642713736
551,3173,3163.0,0.000286357419650142,-0.00012516894808230848,-6.433412738094356e-05,0.0002888565891299617,-0.00012766811756212816
548,3173,3162.0,0.0003015824013470874,-0.00012513616048140426,-6.58562914240728e-05,0.00030410838054171786,-0.0001276621396760347
552,3174,3078.0,0.00028358255504860354,-0.00012409551504826064,-6.271421166672078e-05,0.0002859803263556823,-0.00012649328635533943
553,3174,3162.0,0.0002833560999573855,-0.00012505929225667867,-6.7731529985726e-05,0.0002861451989653836,-0.00012784839126467679
554,3174,3163.0,0.00027762591894394187,-0.00012502441932787142,-6.866199652974265e-05,0.00028053209208797034,-0.00012793059247189989
555,3174,3077.0,0.00027874147712951634,-0.0001240320923810637,-6.332505648880445e-05,0.0002812153133114271,-0.00012650592856297446
558,3175,3085.0,0.0003005822265272264,-0.0001277825946917618,-2.5417713948560662e-05,0.00030095894543704835,-0.00012815931360158375
556,3175,132.0,0.00030417462144641336,-0.00012921787840903265,-2.332845680080159e-05,0.0003044883228041439,-0.00012953157976676314
557,3175,133.0,0.00030417462144641336,-0.00012777654266086944,-2.688750036022782e-05,0.0003045926309390895,-0.00012819455215354555
559,3175,3162.0,0.0003004928952442332,-0.0001292429236864159,-2.1775593742725044e-05,0.00030076857187598697,-0.0001295186003181697
560,3176,131.0,0.0002883951179500962,-0.0001280383316115461,-2.0176866774950647e-05,0.00028863937504997555,-0.0001282825887114255
561,3176,132.0,0.0002883951179500962,-0.00012921787840903265,-2.3063401901093385e-05,0.00028871330460908753,-0.00012953606506802397
562,3176,3162.0,0.00028534411451039063,-0.00012919693614989636,-2.425890765921524e-05,0.00028569871848987147,-0.00012955154012937723
563,3176,3078.0,0.0002854773143514339,-0.00012800152757244597,-2.1279125817792732e-05,0.000285750908629045,-0.00012827512185005702
564,3177,3198.0,0.00021824272811221332,-9.732767036128929e-05,-0.00010195627045982061,0.0002262735093167341,-0.00010535845156581008
565,3177,3199.0,0.00021776582271400453,-9.827777850774169e-05,-0.00010939840417703486,0.00022696510982062897,-0.00010747706561436613
567,3177,3202.0,0.0002091495175855114,-9.71364352926234e-05,-0.00010164124623770164,0.00021736176097773743,-0.00010534867868484943
566,3177,3201.0,0.0002101839407946636,-9.830565715105062e-05,-0.00011059097475667624,0.0002197959358054099,-0.00010791765216179691
571,3178,3196.0,0.00020777519326348106,-9.363593772132464e-05,-0.00010001290122990582,0.00021585505711990306,-0.00010171580157774664
570,3178,3202.0,0.00020471433006633184,-9.634312955869226e-05,-0.00010577248916955346,0.0002137345061267498,-0.0001053633056191102
569,3178,3198.0,0.00020986190293610912,-9.711157789219751e-05,-0.00010190978222932891,0.00021809894064833089,-0.00010534861560441928
568,3178,3197.0,0.0002105368893414736,-9.434388316810575e-05,-9.826411401202208e-05,0.0002182590155143784,-0.00010206600934101054
575,3179,3196.0,0.0001966948645119558,-9.152585725248614e-05,-0.00010855778113088351,0.00020657799074727228,-0.0001014089834878026
573,3179,3201.0,0.00021084898387753806,-9.10737692034736e-05,-0.00011725409049758578,0.00022183348607930956,-0.0001020582714052451
572,3179,3202.0,0.00020863482582162817,-9.218849779315131e-05,-9.768543412018438e-05,0.00021636638713009885,-9.992005910162199e-05
574,3179,3200.0,0.00019936133806451985,-9.09491863473953e-05,-0.00011876824206836795,0.0002110388657243391,-0.00010262671400721455
577,3180,3194.0,0.000211925775277887,-9.068844161258332e-05,-0.0001297836170030403,0.00022525398466165264,-0.00010401665099634897
576,3180,3201.0,0.00021143048344418602,-9.05354263613775e-05,-0.00011429789608990038,0.00022188437357319944,-0.00010098931649039092
578,3180,3195.0,0.00019848980973291575,-9.069751358082689e-05,-0.00013083474406803963,0.0002125995177793344,-0.00010480722162724556
579,3180,3200.0,0.00019695516950051905,-9.05624713319036e-05,-0.00011717880009479067,0.00020843589380592248,-0.00010204319563730704
583,3181,3201.0,0.000211246319672914,-9.824084619991394e-05,-0.00010829166922348907,0.00022044586061121832,-0.00010744038713821825
582,3181,3194.0,0.00021161415690549266,-9.849780428939693e-05,-0.00011978783108456802,0.00022277983024646055,-0.00010966347763036481
581,3181,3193.0,0.00022302531375690583,-9.850683242191378e-05,-0.00011993715743221101,0.00023384583889072324,-0.00010932735755573119
580,3181,3199.0,0.00022349972696563466,-9.823302852387064e-05,-0.00010766797261715835,0.00023226851529970465,-0.00010700181685794062
586,3182,3063.0,0.00018165736649339206,-8.357592365292748e-05,-0.00012497673207898137,0.0001956421212796668,-9.756067843920223e-05
585,3182,3200.0,0.00020019201729590437,-8.358657877233439e-05,-0.0001238534320862723,0.00021311709539172447,-9.651165686815449e-05
584,3182,3196.0,0.00019617597403285463,-8.371288751813234e-05,-0.00010867197930995807,0.0002063543046124031,-9.389121809768081e-05
587,3182,3064.0,0.00018105075742210625,-8.371011991526681e-05,-0.0001088777735580599,0.00019180722152784026,-9.446658402100083e-05
590,3183,3062.0,0.00018191340389302202,-8.180337796413794e-05,-0.0001364414127718568,0.00019851611911035917,-9.840609318147509e-05
591,3183,3063.0,0.0001812895338780575,-8.326529853746028e-05,-0.00012049660458317551,0.00019436401056343986,-9.633977522284265e-05
589,3183,3195.0,0.00019915853151339976,-8.182549885689568e-05,-0.00013778786958977204,0.00021514137239882263,-9.780833974231854e-05
588,3183,3200.0,0.00019727834691072622,-8.336673216156724e-05,-0.000120865528357301,0.00020973844411104194,-9.582682936188296e-05
595,3184,3199.0,0.00022389016403987286,-0.00010396628578033173,-9.78011631959548e-05,0.00023102838763092327,-0.00011110450937138215
594,3184,3193.0,0.00022356440747839813,-0.00010573094633564207,-0.0001062868350817682,0.00023192852305617723,-0.00011409506191342118
593,3184,3192.0,0.0002319266992312852,-0.00010582858663564293,-0.00010499946456515256,0.0002398989366271693,-0.00011380082403152702
592,3184,3191.0,0.00023252618957477107,-0.00010407245292491597,-9.64970785831739e-05,0.00023930565937892655,-0.00011085192272907145
599,3185,3198.0,0.00021894166006042413,-0.00010204295598018986,-9.144405026170754e-05,0.00022532740486837707,-0.0001084287007881428
598,3185,3199.0,0.00021844890141529526,-0.00010386625427524754,-9.918795499992694e-05,0.00022590724067520583,-0.00011132459353515811
597,3185,3191.0,0.00022629352405236208,-0.00010397623576874294,-9.77724155552728e-05,0.00023337766130876136,-0.00011106037302514223
596,3185,3190.0,0.00022664882262099766,-0.00010215399535688438,-9.006580039272547e-05,0.0002327049901068048,-0.00010821016284269153
600,3186,3189.0,0.00022139937283978742,-9.999835247428225e-05,-8.3556904593897e-05,0.00022674135917959717,-0.00010534033881409201
603,3186,3197.0,0.0002137750912260131,-9.98078390897992e-05,-8.495086372851436e-05,0.00021942661870988898,-0.00010545936657367508
602,3186,3198.0,0.00021205973601627105,-0.00010191707778425677,-9.311827662115708e-05,0.0002188184306515959,-0.00010867577241958161
601,3186,3190.0,0.00022101764342497866,-0.00010206499433776915,-9.120342527376042e-05,0.00022733076714596883,-0.00010837811805875931
606,3187,3064.0,0.0001789606278556873,-8.379623729714116e-05,-0.000112847990362595,0.00019056457104095394,-9.540018048240782e-05
605,3187,3196.0,0.00019466953587223782,-8.376403625358689e-05,-0.0001110358738160705,0.00020533121670904822,-9.44257170903973e-05
604,3187,3068.0,0.00019604674615901138,-8.240255509631784e-05,-9.633215319982931e-05,0.00020414308615191012,-9.049889508921659e-05
607,3187,3065.0,0.00018057494828502317,-8.235084739377453e-05,-9.722385205369714e-05,0.00018927485885203438,-9.105075796078573e-05
610,3188,3196.0,0.00019581808733167656,-9.27736988973123e-05,-9.973203663313397e-05,0.0002041915249698182,-0.00010114713653545395
609,3188,3197.0,0.00020702178379853123,-9.357358704694882e-05,-0.00010002379782209428,0.00021512417500494475,-0.00010167597825336234
608,3188,3069.0,0.00020745958278553436,-9.044481283503422e-05,-8.761831977908323e-05,0.00021376845454113152,-9.675368459063138e-05
611,3188,3068.0,0.0001967708448537579,-9.020760968991913e-05,-8.940649272863067e-05,0.00020357312957969655,-9.700989441585779e-05
614,3189,3197.0,0.00020752441932741107,-9.964875968447958e-05,-8.612536936611044e-05,0.00021344718781710181,-0.00010557152817417033
612,3189,3070.0,0.00021699086911008275,-9.749594421645433e-05,-7.455126429018692e-05,0.00022134870529750013,-0.00010185378040387171
613,3189,3189.0,0.00021890830191272168,-9.988630595832593e-05,-8.455847224487709e-05,0.00022442016785264983,-0.00010539817189825408
615,3189,3069.0,0.00020784393496402122,-9.759557826779575e-05,-7.707976996647672e-05,0.00021263178703843463,-0.00010238343034220916
616,3190,3195.0,0.00019867836912904405,-8.175359388934563e-05,-0.00013263641777613855,0.00021357082162879812,-9.664604638909971e-05
617,3190,3188.0,0.00019922173030147844,-7.973579667751676e-05,-0.0001504630706895601,0.0002182172845258997,-9.873135090193803e-05
618,3190,3061.0,0.00018140516731578703,-7.96897283770802e-05,-0.00014884500056613556,0.00020112862379750515,-9.941318485879832e-05
619,3190,3062.0,0.0001806912499488474,-8.172511383601662e-05,-0.00013084412624174684,0.0001960969600943429,-9.713082398151213e-05
620,3191,3194.0,0.0002148342856520824,-9.045668396329577e-05,-0.00012619427787778723,0.00022736111382223013,-0.0001029835121334435
621,3191,3187.0,0.00021475373946759461,-8.952274518795602e-05,-0.00014308271923561822,0.00023073512988552088,-0.00010550413560588229
622,3191,3188.0,0.00019896975421922897,-8.953850624218577e-05,-0.0001419250047557455,0.0002154792107622294,-0.0001060479627851862
623,3191,3195.0,0.00019849594359624273,-9.039494080256838e-05,-0.00012640779574694862,0.00021171856562857177,-0.00010361756283489742
624,3192,3193.0,0.00022883633633504884,-9.861318947517882e-05,-0.00011714039547246376,0.00023899735792998273,-0.00010877421107011271
625,3192,3186.0,0.0002277034605719496,-9.8762175083503e-05,-0.0001305251479403243,0.0002402664230610175,-0.00011132513757257088
627,3192,3194.0,0.00021487925613243326,-9.86076813046825e-05,-0.00011680151514479025,0.00022540552009422374,-0.00010913394526647298
626,3192,3187.0,0.00021481562354963048,-9.875637150891714e-05,-0.00013014784078864677,0.00022778375450251226,-0.00011172450246179892
631,3193,3193.0,0.0002300035212831151,-0.00010587946274557755,-0.00010397888208726978,0.00023786659894781419,-0.00011374254041027665
630,3193,3186.0,0.00022921353882749546,-0.0001066708799077954,-0.00011337064960893935,0.00023852203252044236,-0.0001159793736007423
629,3193,3185.0,0.0002384953326281091,-0.00010677008759293525,-0.0001137517709868122,0.00024762323142601527,-0.00011589798639084138
628,3193,3192.0,0.0002408661275240002,-0.00010593081070743126,-0.00010366193721362323,0.00024844687931055854,-0.00011351156249398962
634,3194,3191.0,0.00022685812583940305,-0.00010872154626620305,-8.588210266151884e-05,0.0002322657579321172,-0.00011412917835891719
635,3194,3190.0,0.00022720740922588332,-0.00010709233868140392,-7.83135204452945e-05,0.0002317326127699733,-0.00011161754222549391
632,3194,3204.0,0.00023416075565408853,-0.0001072105026161,-7.734500539249237e-05,0.00023848697314097041,-0.00011153672010298188
633,3194,3203.0,0.00023394384881763024,-0.00010872504975853003,-8.435748659278534e-05,0.00023905922213901803,-0.00011384042307991781
636,3195,3182.0,0.00024075392647438833,-0.00011092163516134419,-5.8867237372110456e-05,0.0002432003655749099,-0.00011336807426186576
637,3195,3183.0,0.00024069582725958025,-0.00011462288505355593,-6.493690051133979e-05,0.00024363837334097648,-0.00011756543113495215
639,3195,3204.0,0.0002346577000860578,-0.00011023128484199994,-6.14811859091114e-05,0.00023737623750097966,-0.0001129498222569218
638,3195,3203.0,0.00023441113138730242,-0.000115088047191975,-6.955024930986511e-05,0.0002378376579259742,-0.00011851457373064677
643,3196,3189.0,0.0002219628950935722,-0.00010498721065839461,-7.267576915187795e-05,0.00022595286772518497,-0.00010897718329000737
642,3196,3190.0,0.00022162902080564637,-0.00010697547645113564,-7.93728377429994e-05,0.0002263541094549565,-0.00011170056510044577
641,3196,3204.0,0.0002285459435943304,-0.00010713841630037135,-7.782855429246897e-05,0.00023299804194806782,-0.00011159051465410875
640,3196,3205.0,0.00022957059954517058,-0.000104807691118717,-6.978710219111579e-05,0.00023317305302559264,-0.00010841014459913906
644,3197,3071.0,0.0002278770393600209,-0.00010812677597207842,-6.014979449748409e-05,0.00023054774350955888,-0.00011079748012161639
647,3197,3205.0,0.00023017260912732308,-0.00010524843001181224,-6.530241673994262e-05,0.00023332144628811894,-0.0001083972671726081
646,3197,3204.0,0.00023069923091259634,-0.00011000816456835326,-6.195896299936469e-05,0.00023349318867990545,-0.00011280212233566237
645,3197,3182.0,0.00022841190463647638,-0.00011051390936649163,-5.8797232505760494e-05,0.0002309430541804955,-0.00011304505891051076
649,3198,3205.0,0.00023416825486594767,-0.00010484260993186224,-6.98731955016069e-05,0.00023773118316633744,-0.00010840553823225201
648,3198,3071.0,0.00022404604127014517,-0.00010367971442091318,-6.038674847879885e-05,0.000226804538355263,-0.00010643821150603102
651,3198,3070.0,0.00021518785765690853,-0.00010392010572135814,-6.354944388203831e-05,0.00021832101752261777,-0.00010705326558706736
650,3198,3189.0,0.0002169779739536453,-0.00010499029095022128,-7.31053724133653e-05,0.00022107560842412477,-0.00010908792542070074
654,3199,3192.0,0.0002330642669590849,-0.00011034253292029018,-8.942722557223406e-05,0.00023879075378945393,-0.00011606901975065923
652,3199,3203.0,0.00023823938459413465,-0.00010872861041317291,-8.280138763051056e-05,0.00024311097247605904,-0.0001136001982950973
653,3199,3206.0,0.00023872512233239981,-0.0001106251789526017,-8.84388375903284e-05,0.0002442353352757421,-0.00011613539189594399
655,3199,3191.0,0.00023341805595755282,-0.00010872502323209068,-8.436795649637962e-05,0.00023854231563214163,-0.00011384928290667949
656,3200,3206.0,0.00024205134850595854,-0.00011138593620908305,-8.396105092466598e-05,0.0002469692748089884,-0.0001163038625121129
657,3200,3184.0,0.0002434445713279678,-0.0001148945687415829,-8.599717059868447e-05,0.0002485319229113262,-0.0001199819203249413
658,3200,3185.0,0.0002447303323958117,-0.00011410134722855564,-8.95031722242378e-05,0.00025022730456554976,-0.00011959831939829372
659,3200,3192.0,0.00024438231324342904,-0.00011050457682196106,-9.009243945516492e-05,0.0002500108160804628,-0.00011613307965899485
660,3201,3183.0,0.00025017314239875925,-0.00011473735646348932,-6.474200355494151e-05,0.0002530225065126053,-0.00011758672057733536
661,3201,3184.0,0.00025309379465666103,-0.00011531138149005983,-7.66001481894824e-05,0.0002570334111217475,-0.00011925099795514627
662,3201,3206.0,0.00023902538317871827,-0.00011599548323041101,-9.157186386809894e-05,0.00024483517651651207,-0.00012180527656820481
663,3201,3203.0,0.00023695538565149388,-0.00011481366320009674,-6.696930362111355e-05,0.0002401143973820268,-0.00011797267493062966
664,3202,3187.0,0.00021870260298732964,-8.960780870893739e-05,-0.00013844438667826465,0.00023353124116211045,-0.0001044364468837182
665,3202,3074.0,0.00021811979283611633,-8.811307367059904e-05,-0.00015660552895652505,0.0002369800006046375,-0.00010697328143912023
667,3202,3188.0,0.00019987563792219897,-8.963572213075907e-05,-0.00013655887936020548,0.00021517085224797644,-0.00010493093645653654
666,3202,3073.0,0.00020017339303753535,-8.810040763907357e-05,-0.00015528664748797397,0.0002197555562231464,-0.00010768257082468462
671,3203,3187.0,0.00021911473667435896,-9.893643659935215e-05,-0.00012586649864935323,0.00023111467759335676,-0.00011093637751834995
670,3203,3074.0,0.00021863309357589462,-9.812250620644261e-05,-0.0001408886262770307,0.00023359290862136998,-0.00011308232125191797
669,3203,3075.0,0.00023386872929246835,-9.803020973596908e-05,-0.00014341909954686607,0.0002486994742951018,-0.0001128609547386025
668,3203,3186.0,0.0002346154339474913,-9.890255012556326e-05,-0.00012733140785242333,0.0002463554146852033,-0.00011064253086327526
675,3204,3186.0,0.0002354174429953955,-0.0001071445854427405,-0.00011039040139704161,0.00024409113422206615,-0.00011581827666941116
673,3204,3076.0,0.0002469501704113466,-0.00010817250814440548,-0.000122634800629233,0.0002572394440882755,-0.00011846178182133439
672,3204,3185.0,0.0002474011304329539,-0.00010726258912994692,-0.00011096253104464406,0.00025587766475011894,-0.00011573912344711195
674,3204,3075.0,0.0002348128858885197,-0.00010816560140763682,-0.0001234955065016717,0.0002455908793361852,-0.0001189435948553023
677,3205,3073.0,0.00020033501888458254,-7.599395116393234e-05,-0.00016563182100549998,0.00022325405242885449,-9.891298470820429e-05
676,3205,3188.0,0.0002000062450790152,-7.96100731970473e-05,-0.00014492250442317296,0.00021766857344145566,-9.727240155948776e-05
678,3205,3060.0,0.00018004049584677967,-7.604699282398673e-05,-0.00016177532710135757,0.00020344976263403077,-9.945625961123783e-05
679,3205,3061.0,0.00017967820167715757,-7.95290431234646e-05,-0.00014182582756604774,0.00019780995175236772,-9.766079319867475e-05
683,3206,3185.0,0.0002484168242791714,-0.00011543384351635265,-8.506923982914711e-05,0.0002533230214597834,-0.00012034004069696465
682,3206,3076.0,0.0002477629118008383,-0.00011599162368484278,-0.00010196504456925614,0.0002547733305283008,-0.0001230020424123053
681,3206,3077.0,0.0002604739441951836,-0.00011591779479557939,-9.931137731710935e-05,0.0002669145890317177,-0.00012235843963211347
680,3206,3184.0,0.0002605881098549038,-0.00011553401470418008,-8.769733419541686e-05,0.00026563237829400205,-0.00012057828314327836
686,3207,3183.0,0.00024086669237059245,-0.00011782637650220397,-4.722216330988512e-05,0.00024241422248928832,-0.00011937390662089982
685,3207,3180.0,0.0002464642223812979,-0.00011774723127673024,-4.377301231730385e-05,0.00024777472955504656,-0.00011905773845047889
684,3207,3179.0,0.00024648688014132026,-0.00011463257260522458,-3.850119121683341e-05,0.00024751019322732606,-0.00011565588569123038
687,3207,3182.0,0.00024092276993421292,-0.00011437666478559863,-4.13648852850175e-05,0.00024212266960413218,-0.00011557656445551787
691,3208,3183.0,0.0002461012859350416,-0.00011783031309943622,-4.726211902714682e-05,0.00024762929875947817,-0.00011935832592387284
690,3208,3184.0,0.00024895165379017854,-0.00012127351542288607,-5.813309334969921e-05,0.0002512197862153403,-0.0001235416478480478
689,3208,3181.0,0.00025997873550296334,-0.00012113770447171783,-5.442861542816332e-05,0.00026191221338620735,-0.00012307118235496182
688,3208,3180.0,0.00025928952317846084,-0.00011773773778253036,-4.3069159850705335e-05,0.00026051552221562356,-0.00011896373681969307
695,3209,3184.0,0.00026089875525504196,-0.00012121189908417033,-5.616155776157379e-05,0.00026295134657257834,-0.00012326449040170673
694,3209,3077.0,0.0002608018706689221,-0.00012376658655720323,-6.603951983634015e-05,0.000263616409654156,-0.00012658112554243714
693,3209,3078.0,0.00027121192114819455,-0.00012394906489636323,-6.404413372272395e-05,0.0002737900252158242,-0.00012652716896399287
692,3209,3181.0,0.00027121574979575673,-0.00012109986073176071,-5.3054416522528135e-05,0.00027300131356473715,-0.00012288542450074116
699,3210,3071.0,0.00023310503786790754,-0.00010907458079878264,-4.0922226451581105e-05,0.00023432419525469281,-0.0001102937381855679
698,3210,3182.0,0.0002326779645192593,-0.00011413236291310632,-4.387095991017836e-05,0.00023405986006175356,-0.00011551425845560058
697,3210,3179.0,0.00023453466344786284,-0.00011459054069099425,-3.811443648711263e-05,0.0002355718324729098,-0.00011562770971604122
696,3210,3072.0,0.00023463293808710607,-0.00010951263401043487,-3.620431129280422e-05,0.00023558249665784562,-0.00011046219258117444
701,3211,129.0,0.00024842005074578654,-0.00012100140767358855,-1.3551574219138919e-05,0.00024854428786046285,-0.00012112564478826488
703,3211,3179.0,0.00024658238972512106,-0.00011620030528690766,-1.6342134865205728e-05,0.0002467663359488314,-0.00011638425151061799
702,3211,3180.0,0.0002465743366107296,-0.00012095695764702884,-1.8231593002461435e-05,0.0002468002947537964,-0.00012118291579009566
700,3211,128.0,0.00024842005074578654,-0.0001164056189174036,-1.17458176751308e-05,0.0002485145674634185,-0.00011650013563503552
704,3212,129.0,0.00026120095079545675,-0.00012100140767358855,-1.3672513717890439e-05,0.00026132318830863956,-0.00012112364518677133
705,3212,130.0,0.00026120095079545675,-0.00012486453742785014,-1.6890613510582055e-05,0.0002613856062767645,-0.00012504919290915787
707,3212,3180.0,0.00025779076433720283,-0.00012096267079349586,-1.7733962681886276e-05,0.00025799823523156324,-0.00012117014168785622
706,3212,3181.0,0.0002579858002329004,-0.00012489037698844792,-2.0771728004334057e-05,0.0002582673192318285,-0.00012517189598737597
711,3213,3181.0,0.0002712272653642867,-0.00012488583419374195,-2.000453205396567e-05,0.00027147967210524834,-0.0001251382409347036
710,3213,3078.0,0.0002712262816396173,-0.00012794010797804894,-2.2829016020321606e-05,0.00027155242288894494,-0.00012826624922737656
709,3213,131.0,0.0002741678733266719,-0.0001280383316115461,-1.973770766356981e-05,0.0002744098778223314,-0.00012828033610720564
708,3213,130.0,0.0002741678733266719,-0.00012486453742785014,-1.680380127564926e-05,0.0002743447027364792,-0.00012504136683765744
712,3214,127.0,0.00023709357165382352,-0.00011142194508784562,-1.0099822912806432e-05,0.00023716672837880803,-0.00011149510181283011
715,3214,3072.0,0.0002359414158731891,-0.00011112397957718682,-1.5029470307608133e-05,0.0002361040503369039,-0.00011128661404090159
713,3214,128.0,0.00023709357165382352,-0.0001164056189174036,-1.1248600129026495e-05,0.00023718303366281293,-0.00011649508092639299
714,3214,3179.0,0.00023586983872916868,-0.00011617256738628203,-1.6503729711038733e-05,0.00023606315607053741,-0.00011636588472765075
719,3215,3212.0,0.00019745369529568626,-9.059058036016779e-05,-5.944436401096771e-05,0.00020048863580026765,-9.362552086474918e-05
716,3215,3216.0,0.00020625181996527034,-9.054379245968951e-05,-5.5817131036080964e-05,0.00020885334129417885,-9.314531378859801e-05
718,3215,3211.0,0.00019752283128469939,-9.41861322387491e-05,-6.842947027758256e-05,0.0002014821604704268,-9.814546142447651e-05
717,3215,3215.0,0.00020658407450618735,-9.413263021021846e-05,-6.468043812583304e-05,0.00021002274387763606,-9.757129958166716e-05
723,3216,3216.0,0.00020590485852172097,-9.534587576752774e-05,-4.624571992672055e-05,0.00020766934628987634,-9.711036353568312e-05
722,3216,3215.0,0.00020618027480582115,-0.00010024215152405392,-5.352183076177963e-05,0.0002084998381177439,-0.00010256171483597665
721,3216,3214.0,0.00021331643883728754,-9.990250843381674e-05,-4.8318914278135724e-05,0.00021516896885453274,-0.00010175503845106196
720,3216,3213.0,0.0002130524734607884,-9.528500646261592e-05,-4.1459852788858394e-05,0.000214439929871,-9.66724628728275e-05
726,3217,3216.0,0.00020029248449747981,-9.533820556754846e-05,-4.5727121028237526e-05,0.00020205026080186888,-9.709598187193753e-05
725,3217,3213.0,0.00020606147236042725,-9.527982580561674e-05,-4.115108389972366e-05,0.00020745987805723112,-9.667823150242061e-05
724,3217,3050.0,0.00020593819332484628,-9.077995980442846e-05,-3.5480012157159454e-05,0.00020699505772629184,-9.183682420587402e-05
727,3217,3049.0,0.00020019858255428038,-9.080855977950444e-05,-3.999496069920618e-05,0.00020156634433787115,-9.217632156309521e-05
729,3218,3216.0,0.00020044450664716794,-9.053458067733252e-05,-5.520348971837412e-05,0.00020303961321687617,-9.312968724704075e-05
731,3218,3048.0,0.00019289750635323238,-8.663381436361107e-05,-5.171156922041979e-05,0.0001952689678639243,-8.9005275874303e-05
730,3218,3212.0,0.0001929878943199184,-9.058665408233254e-05,-5.9209350339804213e-05,0.00019604559903522122,-9.364435879763536e-05
728,3218,3049.0,0.00020032469843323224,-8.665407460392132e-05,-4.7859191271689815e-05,0.00020230637292258436,-8.863574909327343e-05
735,3219,3211.0,0.00020229371822129416,-9.418090300902972e-05,-6.80055410054634e-05,0.00020614351639671133,-9.803070118444689e-05
734,3219,3069.0,0.00020238519911904267,-9.76293958631546e-05,-7.805004840591651e-05,0.00020737835909379943,-0.00010262255583791136
733,3219,3070.0,0.00021251848649016898,-9.74643072820117e-05,-7.40995297825479e-05,0.00021688523400592666,-0.00010183105479776938
732,3219,3215.0,0.00021187496155342708,-9.41323694496798e-05,-6.458451271412844e-05,0.00021524556336443887,-9.75029712606916e-05
739,3220,3215.0,0.00021113370824240836,-0.00010022802358318413,-5.2967870690426126e-05,0.0002133703234478451,-0.00010246463878862088
738,3220,3070.0,0.00021190871931793054,-0.00010394147704451178,-6.444679525494795e-05,0.0002151626644091108,-0.00010719542213569202
737,3220,3071.0,0.0002221969262098467,-0.00010313563015499274,-5.8643943288061526e-05,0.00022481856675960079,-0.00010575727070474685
736,3220,3214.0,0.00022135065353328992,-9.999345920911945e-05,-4.89912852018725e-05,0.00022320719835271992,-0.00010185000402854945
741,3221,3209.0,0.0002095089928144528,-9.866876911301489e-05,-2.476673103708445e-05,0.00021000578705454099,-9.91655633531031e-05
742,3221,3213.0,0.00020581918191935186,-9.865810589247863e-05,-2.9744001056316877e-05,0.00020654387054127357,-9.938279451440032e-05
743,3221,3050.0,0.00020574000856414922,-9.365390752606238e-05,-2.6147068690836675e-05,0.00020630980182564153,-9.422370078755468e-05
740,3221,3051.0,0.00020947348290798048,-9.368625409922756e-05,-2.112685577457165e-05,0.0002098411137069309,-9.405388489817796e-05
745,3222,3210.0,0.00021740861010303243,-0.00010361896259243603,-2.9750873130838292e-05,0.00021809641872475835,-0.00010430677121416195
744,3222,3209.0,0.00021733201778605018,-9.866799301637796e-05,-2.5146297379244256e-05,0.00021783149432327977,-9.916746955360754e-05
746,3222,3214.0,0.00021280337166515277,-0.00010351083217220744,-3.451469327814174e-05,0.00021374210533099333,-0.00010444956583804798
747,3222,3213.0,0.00021263096156768583,-9.865736779128937e-05,-3.0103641100586755e-05,0.0002133570731578707,-9.938347938147425e-05
751,3223,3214.0,0.0002202484457588254,-0.00010348656238571763,-3.5772333829554165e-05,0.000221233647655752,-0.00010447176428264424
748,3223,3210.0,0.00022650874618967975,-0.00010361782674333236,-3.0004202770952514e-05,0.00022718909183344196,-0.00010429817238709455
749,3223,3072.0,0.0002265740132966344,-0.0001094539700606184,-3.612757022704175e-05,0.0002275422743323478,-0.00011042223109633179
750,3223,3071.0,0.00022074303966196493,-0.0001089576052998794,-4.110366560336996e-05,0.00022201919506332511,-0.0001102337607012396
752,3224,3048.0,0.0001929654610255192,-8.145049630354638e-05,-5.744617913699566e-05,0.0001959396684031752,-8.442470368120238e-05
753,3224,3212.0,0.0001930725064075759,-8.463471786012978e-05,-6.634364561932402e-05,0.00019697986734106403,-8.854207879361792e-05
754,3224,3208.0,0.00018418503564864496,-8.458150764912317e-05,-6.936139252616954e-05,0.0001885879823081726,-8.89844543086508e-05
755,3224,3047.0,0.0001842029469917403,-8.144441807391426e-05,-6.055165999223171e-05,0.00018760979159411495,-8.485126267628891e-05
756,3225,3212.0,0.00019750890366590675,-8.463019898609624e-05,-6.668714490678596e-05,0.0002013959394109109,-8.85172347311004e-05
757,3225,3211.0,0.0001975866643292969,-8.763336634626132e-05,-7.680112286501508e-05,0.00020266625455999838,-9.27129565769628e-05
758,3225,3207.0,0.00018743215495347666,-8.758889126031066e-05,-7.965934998202398e-05,0.00019308429099700944,-9.324102730384344e-05
759,3225,3208.0,0.0001874557141160237,-8.458015969523746e-05,-6.949657361244362e-05,0.0001918241105766847,-8.894855615589845e-05
763,3226,3207.0,0.00019137871546930736,-8.760076438204953e-05,-7.891458272727293e-05,0.00019685195490832158,-9.307400382106376e-05
762,3226,3068.0,0.00019100859795055138,-9.012295380907202e-05,-8.987485369601556e-05,0.00019801690407843337,-9.713125993695402e-05
760,3226,3211.0,0.00020237055341645188,-8.763845472212689e-05,-7.65276632287799e-05,0.0002073341359862703,-9.260203729194531e-05
761,3226,3069.0,0.00020247688923955313,-9.035489889687052e-05,-8.82149565978093e-05,0.00020897627785323078,-9.685428751054817e-05
767,3227,3051.0,0.00020937346965194331,-9.513785125748126e-05,-1.072608628788739e-05,0.00020946789410782252,-9.523227571336045e-05
765,3227,125.0,0.00021056767673033328,-0.00010042932013144687,-6.603589918044092e-06,0.00021060272729840659,-0.00010046437069952019
764,3227,124.0,0.00021056767673033328,-9.517865364888747e-05,-5.4231873540732875e-06,0.00021059172333792752,-9.520270025648172e-05
766,3227,3209.0,0.0002093847421372288,-0.00010034533405131234,-1.1846638457773881e-05,0.0002094979790837754,-0.00010045857099785893
769,3228,126.0,0.00021862703430683634,-0.00010591896911654156,-8.203225278275664e-06,0.00021867886221391933,-0.00010597079702362455
770,3228,3210.0,0.00021714655401314405,-0.00010575658043466548,-1.3684743076411085e-05,0.0002172914799669128,-0.00010590150638843424
771,3228,3209.0,0.00021712282694918072,-0.00010033972134901199,-1.2321795920561696e-05,0.00021724234460381627,-0.00010045923900364756
768,3228,125.0,0.00021862703430683634,-0.00010042932013144687,-6.732225973916407e-06,0.00021866254356899543,-0.00010046482939360596
774,3229,3072.0,0.0002263511576378989,-0.00011109215301910767,-1.499165239554276e-05,0.00022651758474026893,-0.0001112585801214777
773,3229,127.0,0.000227418233346171,-0.00011142194508784562,-9.523046944953997e-06,0.00022748513105169313,-0.00011148884279336773
772,3229,126.0,0.000227418233346171,-0.00010591896911654156,-8.46161136816917e-06,0.0002274719232253718,-0.00010597265899574236
775,3229,3210.0,0.0002263402937100101,-0.00010575471380028615,-1.4018469854199574e-05,0.00022648816557518182,-0.00010590258566545787
778,3230,3065.0,0.00017774813050229488,-8.227536174334901e-05,-9.923256112278397e-05,0.0001868939548765604,-9.142118611761454e-05
779,3230,3066.0,0.00017796189975414827,-8.01617216840447e-05,-8.619431658945641e-05,0.00018496741075181355,-8.716723268170997e-05
777,3230,3068.0,0.00019073714143681654,-8.235089887654733e-05,-9.758599395498979e-05,0.00019919321091663858,-9.080696835636937e-05
776,3230,3207.0,0.00019117849021014913,-8.024314690975381e-05,-8.454698235878981e-05,0.00019761011545466604,-8.667477215427072e-05
783,3231,3067.0,0.00017589923542360485,-7.781952949250222e-05,-7.58761200102577e-05,0.00018145057501853107,-8.337086908742844e-05
782,3231,3066.0,0.00017580262661441538,-8.011547952955345e-05,-8.733250138109926e-05,0.00018304808793617763,-8.73609408513157e-05
781,3231,3207.0,0.00018741870336669254,-8.02038646085673e-05,-8.544087873787022e-05,0.0001940727021442107,-8.685786338608544e-05
780,3231,3208.0,0.00018744597872926913,-7.784351965432052e-05,-7.367764069422106e-05,0.00019246650537971727,-8.286404630476865e-05
786,3232,3067.0,0.00017441034841184436,-7.782040814885812e-05,-7.577581289977412e-05,0.00017997861411946713,-8.338867385648089e-05
785,3232,3208.0,0.0001841764540749767,-7.784433013108283e-05,-7.356549239110645e-05,0.0001892421188543981,-8.290999491050423e-05
787,3232,3046.0,0.00017439159579849635,-7.54864513792817e-05,-6.591882024199486e-05,0.00017866589323677185,-7.97607488175572e-05
784,3232,3047.0,0.00018419637295431432,-7.552726854919637e-05,-6.377073267141388e-05,0.00018805354515166576,-7.938444074654782e-05
790,3233,3233.0,5.591284597128779e-05,3.797588186845032e-05,-0.0001974240928201143,0.00014606298869224924,-5.217426085251112e-05
788,3233,3252.0,8.046697458218878e-05,2.2834468931082555e-05,-0.00018809327512728582,0.000150013044136363,-4.671160062309166e-05
789,3233,3257.0,7.670302417887593e-05,3.680222860805225e-05,-0.00020837159752933043,0.00016283136618625897,-4.932611339933079e-05
791,3233,3234.0,5.925924332986308e-05,2.3548367268006886e-05,-0.00017614372627753998,0.00013126742276457312,-4.845981216670316e-05
792,3234,3253.0,9.79443849456578e-05,1.7437645110885422e-05,-0.00021186280910768206,0.00017101266459469585,-5.563063453815265e-05
793,3234,3256.0,9.542632008188723e-05,3.386482343289748e-05,-0.00023562750284718964,0.00018641393584230764,-5.7122792327522914e-05
794,3234,3257.0,7.436084983625593e-05,3.440576943822878e-05,-0.00022283643047655947,0.00016757836606324904,-5.881174678876431e-05
795,3234,3252.0,7.867057980251186e-05,1.766278271289959e-05,-0.0001997425812197591,0.00015259255216388894,-5.6259189648477496e-05
797,3235,2822.0,5.979276756214614e-05,7.136802307310618e-05,-0.00022625736126927892,0.00017885702581646408,-4.7696235181211743e-05
796,3235,3257.0,7.228177533346279e-05,3.809630371622702e-05,-0.00019461053004340978,0.0001539841619670355,-4.3606082917345694e-05
798,3235,2821.0,2.7683772057172235e-05,7.136802307310618e-05,-0.00020059424393036734,0.0001521737963317711,-5.312200120149269e-05
799,3235,3233.0,4.998317095447711e-05,3.972448912396701e-05,-0.00017882550999829584,0.0001344135916219918,-4.470593154354769e-05
800,3236,3256.0,8.677871228903247e-05,3.442360124225087e-05,-0.00022189428213152326,0.0001745947202850186,-5.339240675373525e-05
801,3236,2823.0,8.208011546927216e-05,5.8179866564916395e-05,-0.00025225780897340094,0.00019682373996090662,-5.656375792671806e-05
803,3236,3257.0,6.81086220445902e-05,3.494638757183064e-05,-0.00020946559409746462,0.00015756472575659969,-5.4509716140178845e-05
802,3236,2822.0,5.8227268028576e-05,5.8179866564916395e-05,-0.0002354320989569024,0.00017591961916112815,-5.951248456763574e-05
807,3237,3256.0,8.558900143253341e-05,2.8203242401740472e-05,-0.00023128955160110244,0.00017604726754673136,-6.225502371245747e-05
806,3237,2823.0,8.253053794537481e-05,4.778402004695882e-05,-0.0002504797222500875,0.00019159640640986134,-6.128184841752772e-05
805,3237,2824.0,9.768954820490484e-05,4.778402004695882e-05,-0.00026401978462639933,0.00020708428914081276,-6.16107208889491e-05
804,3237,3255.0,9.804031415408358e-05,2.808447355517169e-05,-0.00024227812268002961,0.0001891501691971047,-6.302538148784942e-05
811,3238,3253.0,9.71680421785687e-05,1.0446319253615841e-05,-0.00022038517072936817,0.0001722241143705374,-6.460975293835286e-05
809,3238,3255.0,0.00011519958901997675,2.7908644997039385e-05,-0.00025855950050152066,0.00020800257266852227,-6.489433865150614e-05
808,3238,3254.0,0.0001156475882777841,1.0320285955980326e-05,-0.0002325514761413218,0.00019062996101686157,-6.466208678309715e-05
810,3238,3256.0,9.455618559861892e-05,2.8056033609524062e-05,-0.0002449784530233409,0.00018822804689258948,-6.56158276844465e-05
813,3239,2825.0,0.00012034753083028753,3.9956724747206756e-05,-0.0002978519582894183,0.00023440716884051382,-7.410291326301953e-05
812,3239,3052.0,0.00011665722529499625,1.9847378700790915e-05,-0.00026257724752054915,0.00020817992374665812,-7.167531975087096e-05
814,3239,2824.0,9.737589945224036e-05,3.9956724747206756e-05,-0.0002838654353928792,0.00021347355210742832,-7.61409279079812e-05
815,3239,3255.0,9.7896200821148e-05,2.0037984264762018e-05,-0.0002514674504121711,0.0001905894505431622,-7.265526545725218e-05
816,3240,3053.0,0.00013599990573748104,1.1703441903790964e-06,-0.00025150211412202847,0.0002112668722854021,-7.409662235754197e-05
819,3240,3254.0,0.00011555006463408526,1.0846379793652376e-06,-0.0002384355644484172,0.0001905613041865095,-7.392660157305901e-05
818,3240,3255.0,0.00011504703336624039,1.9763070706986822e-05,-0.00026765663121332446,0.0002094605920311133,-7.465048795788609e-05
817,3240,3052.0,0.00013786367986968855,1.952232675242558e-05,-0.00028170351135893036,0.00023146861014144713,-7.4082603519333e-05
822,3241,3234.0,6.522185930751476e-05,2.2266079081750215e-05,-0.00019935756000758094,0.00014571042910545366,-5.82224907161887e-05
821,3241,3252.0,8.739498034109928e-05,2.175255299375733e-05,-0.00020757633379016663,0.00016342786927479186,-5.4280335939935255e-05
820,3241,3249.0,8.994486348142157e-05,1.2574536535575088e-05,-0.00018707215238531697,0.00015247995204555666,-4.996055202855999e-05
823,3241,3235.0,6.944998383816379e-05,1.2615663276625355e-05,-0.00017845570291019804,0.00013467653383051513,-5.261088671572598e-05
826,3242,3252.0,8.609199585057035e-05,1.73102403656191e-05,-0.00021913257567299053,0.0001665379758767033,-6.313573966051385e-05
825,3242,3253.0,0.00010696746574677049,1.711050395976658e-05,-0.00022981714936663733,0.00018541867901381343,-6.134070930727636e-05
827,3242,3249.0,8.885286717364403e-05,4.9245104422621436e-06,-0.0001972209689454739,0.00015405687398366378,-6.02794963677576e-05
824,3242,3250.0,0.00010859989546354795,4.8215084310408805e-06,-0.00020749016127324764,0.00017270867675749007,-5.9287272862901236e-05
831,3243,3251.0,0.00012836170632268828,-1.3980156496053988e-05,-0.00022823047413926371,0.00019168088164662185,-7.729933181998755e-05
830,3243,3254.0,0.0001276589690002907,1.200434404060929e-06,-0.0002559867213319262,0.00020718908184100865,-7.832967843665701e-05
829,3243,3053.0,0.0001513422300618173,1.2851292101982714e-06,-0.000268922105277734,0.00023029113920639558,-7.766377993438e-05
828,3243,3054.0,0.00015049977232617882,-1.378015324674485e-05,-0.0002405458514265109,0.00021400509832788066,-7.728547924844669e-05
834,3244,3253.0,0.00010641156309666722,1.0263658215812956e-05,-0.00023819680990866225,0.0001867725551453093,-7.009733383282914e-05
833,3244,3254.0,0.0001278071101508526,1.0142736804507908e-05,-0.0002498322597283137,0.00020705195157788922,-6.910210462252872e-05
832,3244,3251.0,0.0001284274040205067,-3.6163185166951297e-06,-0.00022534128580220698,0.0001929948223161884,-6.818373681237685e-05
835,3244,3250.0,0.00010821187129640003,-3.9067086589944684e-06,-0.00021361719212022873,0.00017277894736334587,-6.847378472594032e-05
838,3245,3235.0,7.673160853347537e-05,1.2547253772576426e-05,-0.00019291469571440772,0.0001462953596799144,-5.701649737386259e-05
839,3245,3236.0,7.746389025209237e-05,1.5945427165101316e-06,-0.00017315827231516312,0.00013405427290672179,-5.4995839938119285e-05
837,3245,3249.0,9.694283298889925e-05,1.2495410524403271e-05,-0.000203802902833174,0.00016502210263673133,-5.55838591234288e-05
836,3245,3246.0,9.784039667153424e-05,1.159373728976511e-06,-0.00018343093250880807,0.00015317501143392615,-5.41752410334154e-05
843,3246,3246.0,9.748797821334393e-05,-6.528207673368088e-06,-0.00019195206523282306,0.00015464141955927522,-6.368164901929938e-05
842,3246,3249.0,9.654686182510551e-05,4.765110529619636e-06,-0.00021333805617273008,0.00016677770688716922,-6.546573453244408e-05
841,3246,3250.0,0.00011643195063112087,4.664039308160386e-06,-0.00022340974792464316,0.00018545193953230222,-6.435594959302096e-05
840,3246,3247.0,0.00011748049333559427,-6.398745812284234e-06,-0.00020252570194270215,0.00017424505001426365,-6.316330249095362e-05
847,3247,3248.0,0.00013782262787569687,-2.667347363938602e-05,-0.00021639138716853835,0.00019148281808829004,-8.03336638519792e-05
846,3247,3251.0,0.0001367801339177306,-1.372528564319163e-05,-0.00024359295909092034,0.00020469638990488969,-8.16415416303507e-05
844,3247,3055.0,0.00016065737606248479,-2.5606289529271934e-05,-0.00022935167860709503,0.00021525531819330325,-8.02042316600904e-05
845,3247,3054.0,0.0001603678958228185,-1.3540593116919764e-05,-0.00025501821550069116,0.00022774969118362213,-8.092238847772339e-05
849,3248,3251.0,0.0001368762254422666,-3.2251961037644498e-06,-0.0002406453998610586,0.00020605429832542207,-7.240326898691991e-05
850,3248,3250.0,0.00011614832176748933,-3.4975225893724756e-06,-0.0002296047119683467,0.00018577949553616805,-7.312869635805119e-05
851,3248,3247.0,0.00011729447132750523,-1.5364873503810215e-05,-0.00020676558624152172,0.00017379650229586196,-7.186690447216694e-05
848,3248,3248.0,0.00013775054346503064,-1.4992391333920477e-05,-0.00021786618605221068,0.00019441673911246553,-7.165858698135536e-05
852,3249,3243.0,0.00010654054953517997,-9.800725801607747e-06,-0.00017887294436652254,0.00015505967540263256,-5.831985166906033e-05
853,3249,3246.0,0.00010694928678149293,5.489621987720024e-07,-0.00019860566159279024,0.00016640483660454133,-5.890658762427641e-05
854,3249,3236.0,8.970946778803605e-05,9.082529604553021e-07,-0.00019014055189549815,0.00015023631773167283,-5.9618596983181474e-05
855,3249,3237.0,8.84959854804742e-05,-8.248115995025196e-06,-0.00017223125259541866,0.00013889516732196368,-5.864729783651467e-05
858,3250,3246.0,0.00010713085329101465,-6.339366434934433e-06,-0.0002071306408387725,0.00016848320374764363,-6.769171689156339e-05
856,3250,3244.0,0.0001248032174046461,-1.6029645184687663e-05,-0.00019791765787372656,0.00017584181326337416,-6.706824104341575e-05
857,3250,3247.0,0.00012424161939537243,-6.226841880522778e-06,-0.00021631760612364666,0.00018531586640912969,-6.730108889428004e-05
859,3250,3243.0,0.0001067494758627014,-1.588794180313745e-05,-0.00018872104971582628,0.00015796472947844544,-6.710319541888147e-05
860,3251,3056.0,0.00016634123847332136,-3.4871434804646185e-05,-0.00021904589363516778,0.0002144524557798078,-8.298265211113262e-05
861,3251,3055.0,0.00016394598020479014,-2.451755127521227e-05,-0.0002405741834033675,0.00022251673441955845,-8.308830548998058e-05
862,3251,3248.0,0.0001427644473312381,-2.5486330875485342e-05,-0.00022876374419622363,0.00020062600747484353,-8.334789101909076e-05
863,3251,3245.0,0.00014492743952975937,-3.738614160543282e-05,-0.00020375112637011604,0.00019047540689273907,-8.293410896841253e-05
864,3252,3245.0,0.00014430001240112178,-2.35202086701909e-05,-0.00021014034095926358,0.00019485419963526362,-7.407439590433274e-05
865,3252,3248.0,0.00014263167687411822,-1.4582331979192146e-05,-0.0002294528106216373,0.0002030973484858367,-7.504800359091061e-05
867,3252,3244.0,0.0001247609353511002,-2.4348121043436116e-05,-0.00019957503446277336,0.0001747693481512312,-7.435653384356712e-05
866,3252,3247.0,0.00012412260734606835,-1.4878740091806052e-05,-0.0002205391815193209,0.0001849665779117705,-7.57227106575082e-05
871,3253,3259.0,0.00011376625515491408,-2.3242693860570053e-05,-0.0001841979959927003,0.00016004456881470866,-6.952100752036463e-05
870,3253,3243.0,0.0001159411235295612,-1.6086459359109136e-05,-0.00020184592003745158,0.00017052279020781663,-7.066812603736457e-05
869,3253,3244.0,0.00013043426823894366,-1.6179327449302328e-05,-0.00020783326262108041,0.00018429882280207417,-7.004388201243284e-05
868,3253,3258.0,0.00013082532369462774,-2.2329249850940903e-05,-0.00019363450500663182,0.00017768895895247343,-6.91928851087866e-05
874,3254,3259.0,0.00010593401529178717,-2.278029433643849e-05,-0.00018691506333649768,0.00015505000091755737,-7.189627996220871e-05
875,3254,3238.0,0.00012215264117274287,-3.017185060645404e-05,-0.0001780590894272186,0.00016315245198607282,-7.1171661419784e-05
872,3254,3242.0,0.00013749403580975463,-2.8602173450745488e-05,-0.00018849071893852322,0.0001800611192109178,-7.116925685190866e-05
873,3254,3258.0,0.00013721906912319073,-2.099904412320862e-05,-0.00020506885061826255,0.0001876150363920642,-7.139501139208208e-05
876,3255,3259.0,0.000112750843467865,-1.9558872818643564e-05,-0.00017687240552509073,0.00015703794843199186,-6.384597778277041e-05
877,3255,3243.0,0.00011449332780817667,-1.2017727994917187e-05,-0.00019124693181134245,0.00016588992174445904,-6.341432193119954e-05
879,3255,3238.0,0.0001048688262591229,-1.5115480933697604e-05,-0.00018032611911115385,0.00015317457569669475,-6.342123037126945e-05
878,3255,3237.0,0.00010684022183902846,-1.131859159536749e-05,-0.00018817956189123505,0.00015886105443953127,-6.333942419587031e-05
883,3256,3258.0,0.00013080008155893878,-3.087022412903207e-05,-0.0001947943130126504,0.00017653715327795963,-7.660729584805292e-05
882,3256,3244.0,0.00013037912076007026,-2.3402396514270478e-05,-0.00021005582583657166,0.00018365383855874527,-7.667711431294549e-05
881,3256,3245.0,0.00014571044543764018,-2.269848303340801e-05,-0.00021891690641859252,0.00019960574505478658,-7.659378265055441e-05
880,3256,3260.0,0.00014855578756232252,-3.1161219806717134e-05,-0.000202765795437692,0.00019417068582184058,-7.67761180662352e-05
884,3257,3057.0,0.0001644852526236345,-3.853356827469888e-05,-0.0002118560985512486,0.00020968954989490025,-8.373786554596464e-05
887,3257,3260.0,0.0001509647939109942,-4.504822915179065e-05,-0.0001901828494347696,0.00018951470060055183,-8.359813584134828e-05
886,3257,3245.0,0.0001468756594112386,-3.495381752970431e-05,-0.00021372984290433678,0.00019626630611230053,-8.434446423076625e-05
885,3257,3056.0,0.00016052838766856614,-3.3549674039951146e-05,-0.00022270518926781682,0.00021119167176176284,-8.421295813314784e-05
889,3258,3260.0,0.00016290184124854307,-3.161691609227684e-05,-0.00021570584738622028,0.00021087207349996279,-7.958714834369656e-05
888,3258,3057.0,0.00015045998578616052,-3.8274419888013715e-05,-0.00019521047772998873,0.00019185710677970482,-7.967154088155801e-05
891,3258,3242.0,0.0001374541511266255,-3.754486989109907e-05,-0.00019106079118674096,0.00017950085176080035,-7.959157052527392e-05
890,3258,3258.0,0.0001372205561921986,-3.122897614405871e-05,-0.00020514691957285863,0.00018571777723279953,-7.972619718465965e-05
894,3259,3242.0,0.00014244085655747835,-3.893735400754979e-05,-0.00020148132146935796,0.00018729950869721975,-8.37960061472912e-05
892,3259,3058.0,0.00016753988961940025,-5.065357818752347e-05,-0.00018324155478015997,0.0002009088154307109,-8.402250399883413e-05
893,3259,3057.0,0.00016912497746714335,-4.031778902883977e-05,-0.00020907176086934747,0.00021237088252175308,-8.35636940834495e-05
895,3259,3241.0,0.00014272850280996115,-5.052626426033243e-05,-0.0001733670481558645,0.0001759120764218049,-8.370983787217619e-05
896,3260,3241.0,0.00014272977109941205,-3.7549533010700466e-05,-0.00017311035225226357,0.00017755793644880715,-7.237769836009557e-05
897,3260,3242.0,0.00014244779387550394,-2.611486950573785e-05,-0.00020066978456795975,0.00018920246289149154,-7.286953852172546e-05
898,3260,3238.0,0.00011625645433244094,-2.8547264048621912e-05,-0.00018396124429418455,0.00016091211973905662,-7.32029294552376e-05
899,3260,3239.0,0.0001180715069527636,-3.865745053622063e-05,-0.00016024092491379299,0.00015177968336198378,-7.236562694544081e-05
900,3261,3232.0,0.0001550390958997335,-5.382601898372614e-05,-0.0001517193675572839,0.0001796834561343092,-7.847037921830183e-05
901,3261,3261.0,0.00015518429835257013,-4.611781362151145e-05,-0.00017480689674432247,0.00018783739780957946,-7.877091307852078e-05
902,3261,3240.0,0.00013230268990009272,-4.6493471767859035e-05,-0.00016602853360901063,0.00016490208998227215,-7.909287185003847e-05
903,3261,3231.0,0.00013238211074838128,-5.4143492941766493e-05,-0.0001431900631833809,0.00015669396074888454,-7.845534294226974e-05
904,3262,3261.0,0.0001494683067613375,-4.6695118976560835e-05,-0.0001627614670103644,0.00017883401907292494,-7.606083128814826e-05
905,3262,3241.0,0.00014963459981724627,-3.5971175601471174e-05,-0.00018837505561944932,0.00018905752790080864,-7.539410368503354e-05
907,3262,3240.0,0.00012540607683523674,-4.719082129565953e-05,-0.00015147878222416134,0.00015392869585892664,-7.571344031934942e-05
906,3262,3239.0,0.0001243693850092424,-3.712467209297777e-05,-0.0001750205010576213,0.0001626942950811723,-7.544958216490763e-05
911,3263,3261.0,0.00014946474132790117,-5.87636475413262e-05,-0.00016213522396271805,0.00017730403565023066,-8.66029418636557e-05
910,3263,3241.0,0.00014962996017944818,-5.070484318594093e-05,-0.0001875664569047095,0.00018668064148441544,-8.775552449090819e-05
909,3263,3058.0,0.00017475099226040014,-5.080455963375871e-05,-0.00019522939230507633,0.00021112902629912716,-8.718259367248573e-05
908,3263,3059.0,0.0001736684762282427,-5.854406908889086e-05,-0.00017051240253766146,0.0002016083295344405,-8.648392239508866e-05
915,3264,3232.0,0.00015503880782653887,-6.46893687664778e-05,-0.0001516051936105954,0.00017865187705014523,-8.830243799008415e-05
913,3264,3059.0,0.0001781863749757001,-5.8243916813000224e-05,-0.00018114740470072648,0.00020889542549104923,-8.895296732834934e-05
912,3264,3060.0,0.00017752360183573897,-6.470451377628959e-05,-0.0001578309978471793,0.0002009649692776124,-8.8145881218163e-05
914,3264,3261.0,0.00015518010801181953,-5.842749714845522e-05,-0.00017406444324788786,0.00018615025016135972,-8.939763929799541e-05
917,3265,3271.0,6.456405118867962e-05,1.0165542598042365e-05,-0.00013138660333957344,0.00010846619855675306,-3.373660477003107e-05
916,3265,3269.0,6.88889243193264e-05,-5.859650317078819e-06,-0.00011160128767185359,9.86752594301001e-05,-3.564598542785252e-05
918,3265,3272.0,3.54953744206056e-05,4.2676231919420255e-06,-0.00010257576393913736,7.349343729598181e-05,-3.3730439683434176e-05
919,3265,3268.0,4.7804183941839006e-05,-1.1300220369050594e-05,-8.904791798592607e-05,7.169087751453712e-05,-3.51869139417487e-05
923,3266,3268.0,4.40020234549407e-05,9.161936539212673e-06,-8.453623060857918e-05,7.229906089088038e-05,-1.913510089672701e-05
922,3266,70.0,3.042523091951968e-05,3.7944411861922864e-06,-6.735784349255064e-05,5.3325433665582335e-05,-1.910576155987037e-05
921,3266,69.0,1.982142952258216e-05,9.48939783540644e-06,-7.15110363568648e-05,5.0782201522704e-05,-2.1471374164715397e-05
920,3266,3272.0,2.9640087273402258e-05,2.3719126186710123e-05,-0.00010232329491754663,7.792683705271203e-05,-2.4567623592599654e-05
926,3267,69.0,3.388279037242316e-05,1.5792627345946608e-05,-0.00011017220523618088,8.066146904453889e-05,-3.098605132616912e-05
925,3267,3270.0,5.431362028492006e-05,2.0161972767885543e-05,-0.00013080956403444324,0.00010483490643320443,-3.0359313380398832e-05
924,3267,3271.0,5.4645932942297935e-05,4.506038404683229e-06,-0.00010893447052971825,8.953582200964394e-05,-3.0383850662662764e-05
927,3267,3272.0,2.4287457333635812e-05,-1.7053565125703992e-06,-7.866607233703894e-05,5.2715612292886314e-05,-3.01335114718209e-05
931,3268,3271.0,5.4575016704782806e-05,-8.878301860955427e-06,-0.000113854039654992,8.801941308078259e-05,-4.232269823695521e-05
930,3268,3270.0,5.4232389327886314e-05,7.049801957466437e-06,-0.00013641133161705014,0.00010281146342701035,-4.15292721416576e-05
929,3268,3266.0,8.047012437571461e-05,1.0229810334040374e-05,-0.00015929500961413962,0.00013239679642498473,-4.169686171522973e-05
928,3268,3265.0,7.962505257305078e-05,-6.151878144218287e-06,-0.00013525868785494062,0.00011681872392965917,-4.3345549500826676e-05
933,3269,3265.0,8.944361166079388e-05,-3.241613691227791e-06,-0.0001554708629876037,0.0001336020214053409,-4.740002343577483e-05
935,3269,3269.0,6.832021250032481e-05,-1.796003863290289e-05,-0.00011689541644696166,9.782446063519151e-05,-4.746428676776958e-05
932,3269,3264.0,9.127371691508308e-05,-1.534382413183853e-05,-0.00013417739755948888,0.00012365461040474748,-4.7724717621502945e-05
934,3269,3271.0,6.393663794756425e-05,-5.399160070871387e-06,-0.00013764699588694057,0.00010633064321593475,-4.7793165339241885e-05
939,3270,3270.0,5.032439348352444e-05,5.436784711703325e-06,-0.00012643458049557427,9.496374750258153e-05,-3.9202569307353764e-05
938,3270,3273.0,4.19261909136541e-05,1.5889081609163488e-05,-0.0001412616000215838,0.00010072819512443895,-4.291292260162136e-05
937,3270,3267.0,6.790395580244437e-05,1.740995925327048e-05,-0.00015810324471092485,0.0001256423171939313,-4.032840213821647e-05
936,3270,3266.0,6.919289729066455e-05,7.203769303787996e-06,-0.0001398940460542301,0.00011470486261008364,-3.8308196015631094e-05
943,3271,69.0,3.405323150339819e-05,1.2195141906675756e-05,-9.83126040492166e-05,7.348077563775854e-05,-2.7232402227684597e-05
942,3271,68.0,2.193694713262164e-05,2.010305269362463e-05,-0.00010159061955503654,7.182358529444626e-05,-2.9783585468199992e-05
941,3271,3273.0,3.771358506271332e-05,3.9493526819240395e-05,-0.0001407342738602331,0.00010897632061528768,-3.176920873333396e-05
940,3271,3270.0,5.2599331733087576e-05,1.6025708073891156e-05,-0.00011659685185824351,9.541173391401841e-05,-2.6786694107039678e-05
947,3272,3273.0,3.16925544449672e-05,1.3191714491777012e-05,-0.0001152785270984464,8.081897039016731e-05,-3.59347014534231e-05
946,3272,68.0,4.03434543447493e-05,2.6240007231156828e-05,-0.0001380865583904111,0.00010269418900917588,-3.611072743326975e-05
945,3272,3262.0,5.511653914382943e-05,2.765041391250794e-05,-0.0001521651672800892,0.00011869554894994536,-3.592859589360799e-05
944,3272,3267.0,5.487740570125216e-05,1.5301760638003438e-05,-0.00013725020922222917,0.00010651060880934737,-3.633144247009178e-05
951,3273,3229.0,8.534772657332965e-05,-3.5267341911242984e-05,-0.00010608605137193972,0.00010535557853012101,-5.527519386803434e-05
950,3273,3275.0,8.420034523891774e-05,-2.3896354981255575e-05,-0.00012979287276536355,0.00011460773267693356,-5.4303742419271403e-05
949,3273,3263.0,0.00010898965248912294,-2.1961234528564784e-05,-0.00014554518431283883,0.00014140641434845107,-5.437799638789291e-05
948,3273,3230.0,0.00010974237181088451,-3.429327529340983e-05,-0.00011960412854572847,0.00013133466416767096,-5.588556765019628e-05
955,3274,3228.0,5.748176544567805e-05,-2.764412964724103e-05,-7.293073549980659e-05,7.09663651156521e-05,-4.112872931721509e-05
954,3274,3274.0,5.616119498212061e-05,-1.2272133981133934e-05,-9.97405469784331e-05,8.242448012131816e-05,-3.853541912033148e-05
953,3274,3275.0,8.443156876560302e-05,-7.465773614655528e-06,-0.00012412939240844488,0.0001157053483204549,-3.87395531695074e-05
952,3274,3229.0,8.597059080098658e-05,-2.5613342774002284e-05,-9.246763525798309e-05,0.00010263764312476449,-4.22803950977802e-05
959,3275,3274.0,5.172584143722878e-05,-1.6837767022841415e-05,-8.340356665344217e-05,7.142811665563148e-05,-3.654004224124412e-05
958,3275,3268.0,4.1891473202298156e-05,-5.2994312267103235e-06,-0.00010320486866559038,7.503715769016702e-05,-3.844511571457919e-05
957,3275,3269.0,7.239850600534786e-05,-7.567443311090952e-09,-0.00012881603835735497,0.00011008087245772193,-3.768993389568516e-05
956,3275,3275.0,7.731112988160985e-05,-1.315822027524562e-05,-0.00010327584110290705,0.00010072520328652417,-3.657229368015993e-05
963,3276,3275.0,7.629892761473788e-05,-2.67370941051631e-05,-0.0001114104407673967,0.00010065698031215954,-5.109514680258476e-05
962,3276,3269.0,7.19619323801407e-05,-1.4560021346145496e-05,-0.0001338579662465188,0.00010839412273393625,-5.099221169994104e-05
960,3276,3263.0,0.00010133270630263268,-2.4674125353462773e-05,-0.00012797156151127557,0.00012812689926741663,-5.146831831824672e-05
961,3276,3264.0,9.931667675805011e-05,-1.1717210394594606e-05,-0.00015314331121046854,0.00013837959079519195,-5.0780124431736465e-05
965,3277,3268.0,3.952686573895515e-05,2.1141680243054288e-05,-9.844409049681885e-05,8.040735458047889e-05,-1.9738808598469445e-05
966,3277,70.0,9.54591379271133e-07,2.2183380091462645e-06,-4.4409914918555117e-05,2.3800410756411522e-05,-2.0627481367994125e-05
967,3277,71.0,2.3520245466331687e-05,-1.2820866500637927e-05,-3.8631061309855105e-05,3.186871716544492e-05,-2.1169338199751167e-05
964,3277,3274.0,5.3409199144275644e-05,-2.9533169760355177e-06,-7.363341274133767e-05,7.159229348806431e-05,-2.1136411319824184e-05
970,3278,71.0,2.5525782349118415e-05,-1.0124017936406727e-06,-6.455631629109543e-05,4.715580627897501e-05,-2.2642425723497265e-05
968,3278,3228.0,5.84833917595751e-05,-1.6024750414785223e-05,-5.1480063614135676e-05,6.651082959157228e-05,-2.40521882467824e-05
969,3278,3274.0,5.635968360624254e-05,6.350387254141533e-06,-9.470737912178114e-05,8.490505266116277e-05,-2.2194981800778695e-05
971,3278,3227.0,2.2340433913475496e-05,-1.8179424464509985e-05,-2.895890286059178e-05,2.698269829182332e-05,-2.282168884285781e-05
972,3279,3239.0,0.00011825372473307783,-2.649413667625154e-05,-0.0001568820952363788,0.0001526083459584504,-6.084875790162412e-05
973,3279,3238.0,0.00011636238598381268,-1.3797462836652105e-05,-0.00018143904139329616,0.00016293114269732274,-6.036621955016216e-05
974,3279,3265.0,8.857793059470834e-05,-1.4143902116366407e-05,-0.00016690846281383273,0.0001352096285965788,-6.077560011823687e-05
975,3279,3264.0,9.083150645212285e-05,-2.7809355504063854e-05,-0.0001405862885461573,0.00012348954938625847,-6.046739843819948e-05
977,3280,3239.0,0.00012447928740756588,-2.5099692217622413e-05,-0.00017195871799006394,0.00016364556954016419,-6.42659743502207e-05
976,3280,3240.0,0.00012554617168210585,-3.551478969142472e-05,-0.00014773378577110545,0.00015429275256000378,-6.426137056932266e-05
978,3280,3264.0,9.897146881465615e-05,-2.6136739944526395e-05,-0.00015873525062978702,0.0001374729725073442,-6.463824363721443e-05
979,3280,3263.0,0.00010088668950211828,-3.6630370994711683e-05,-0.00013468232976922897,0.00012837039514802898,-6.411407664062239e-05
980,3281,3231.0,0.00013239689841701083,-4.358844289528024e-05,-0.00013889607173795792,0.00015650123831538403,-6.769278279365344e-05
981,3281,3240.0,0.00013231260089260378,-3.394217675712296e-05,-0.0001631315898451115,0.0001656461139798776,-6.727568984439678e-05
982,3281,3263.0,0.00010883600402887463,-3.4942309319361186e-05,-0.0001512840598463152,0.0001413008963332786,-6.740720162376514e-05
983,3281,3230.0,0.00010948269717543299,-4.392135487998991e-05,-0.00012895073753118203,0.00013298183867692089,-6.74204963814778e-05
987,3282,3265.0,8.005246915930228e-05,-1.4641818167530712e-05,-0.00014681102526877335,0.00012005589102468648,-5.464524003291491e-05
986,3282,3266.0,8.073287984053639e-05,-1.8263942136015603e-06,-0.00016615040996471268,0.00013221906688649058,-5.331258125955577e-05
984,3282,3238.0,9.887688430127144e-05,-1.4321807765287683e-05,-0.00016006181468961305,0.00014030014842415903,-5.574507188817528e-05
985,3282,3237.0,0.00010441010721036134,-1.4726164434236255e-06,-0.00018274538751439535,0.00015707062489577953,-5.4133134128841814e-05
991,3283,3267.0,5.5029403431088725e-05,7.636237781301911e-06,-0.00014647829849330843,0.00010831009660340584,-4.5644455391015206e-05
989,3283,3235.0,7.713846806204142e-05,2.0899238784908084e-05,-0.0001814133621278781,0.00014398418771476576,-4.594648086781625e-05
988,3283,3236.0,7.786353305600305e-05,8.244278117373665e-06,-0.00016191741144359634,0.0001311789428729283,-4.50711316995516e-05
990,3283,3262.0,5.535949602379457e-05,2.051656519540192e-05,-0.00016699876185274302,0.00012323547530910454,-4.735941408990804e-05
993,3284,3236.0,8.900310988315709e-05,9.011647118854337e-06,-0.00018065982105749945,0.00014779579515460502,-4.978103815259361e-05
994,3284,3267.0,6.732739959643304e-05,8.483344329404934e-06,-0.00016716827549514632,0.00012651667932869792,-5.0705935402859957e-05
995,3284,3266.0,6.858073333966715e-05,-2.186689648907801e-06,-0.00014951296451502522,0.00011590457094840152,-4.9510527257642174e-05
992,3284,3237.0,8.767668949490222e-05,-1.942736569565326e-06,-0.00016101723802234083,0.00013500572030648763,-4.927176738115075e-05
998,3285,3276.0,4.026212165500129e-05,2.7696405179466164e-05,-0.00017769675573962515,0.00012304950849230292,-5.509098165783545e-05
997,3285,3234.0,6.782593346392387e-05,2.6996556410829355e-05,-0.00018449602145309378,0.0001418911633890828,-4.706867351432957e-05
996,3285,3235.0,7.15709023104364e-05,2.0465557936835623e-05,-0.00016560702613033478,0.000132674798436831,-4.063833818955897e-05
999,3285,3262.0,5.1602456454657476e-05,2.028583338167518e-05,-0.00015856727003237675,0.00011675922705976897,-4.487093722343632e-05
1002,3286,67.0,2.0425607254985143e-05,3.338089771688028e-05,-0.00013362356226372064,9.402831476336843e-05,-4.022180979150301e-05
1003,3286,68.0,3.677017162115575e-05,2.5002616829571675e-05,-0.00012680292597929028,9.456028483737655e-05,-3.278749638664912e-05
1001,3286,3276.0,3.7498664857876936e-05,4.933573264641897e-05,-0.00017249918504964878,0.00012986962066244425,-4.303522315814834e-05
1000,3286,3262.0,5.877514574283149e-05,2.634712936596458e-05,-0.00014112500508650996,0.00011496252446584783,-2.9840249357051757e-05
1007,3287,3276.0,3.455973442602692e-05,2.9431354802442644e-05,-0.0001559458580748553,0.0001100106247722826,-4.601953554381304e-05
1006,3287,67.0,4.3827068457429584e-05,3.410759726149917e-05,-0.00017475789807759427,0.0001264813189714387,-4.854665325250995e-05
1005,3287,3233.0,5.903807436991905e-05,3.327345650667806e-05,-0.00017629299230888414,0.00013523864071584435,-4.292710983924724e-05
1004,3287,3234.0,6.123572220339754e-05,2.8826663703630708e-05,-0.00016159708965787084,0.00012743866600471146,-3.7376280097683196e-05
1010,3288,72.0,1.0644339226505584e-05,-3.916153315867022e-06,-2.9489083022637974e-05,1.9808042911097267e-05,-1.3079857000458705e-05
1009,3288,71.0,2.1229281289831918e-05,-3.086159336551349e-06,-1.8517111636915436e-05,2.435328270742997e-05,-6.210160754149402e-06
1011,3288,73.0,1.0644339226505584e-05,-2.3388841414537925e-06,-1.0291247495550042e-05,1.2436353922876946e-05,-4.1308988378251545e-06
1008,3288,3227.0,2.0144636775695475e-05,-2.1352991583223607e-06,-7.032767400445405e-06,2.068644267369425e-05,-2.6771050563211338e-06
1014,3289,46.0,2.429055033087435e-06,5.941789362562595e-05,-0.00016577084148465537,0.00011857006526513859,-5.6723116606425205e-05
1012,3289,3233.0,6.299066614055653e-05,3.669778742467313e-05,-0.00015743606533047232,0.00012965248158421555,-2.9964028018985894e-05
1013,3289,2821.0,3.961929364064117e-05,5.941789362562595e-05,-0.0001861340388974054,0.00014311061385604873,-4.407342658978163e-05
1015,3289,67.0,4.168533406638341e-05,3.890362650545815e-05,-0.00014979913755883492,0.00011520696173982346,-3.46180011679819e-05
1016,3290,3297.0,0.00013860315362685966,-5.3319554348380156e-05,-0.00010456413195707517,0.0001519212390691776,-6.663763979069809e-05
1017,3290,3302.0,0.00013877821521786175,-5.152666331874312e-05,-0.00011351992380702596,0.00015442144361755178,-6.716989171843314e-05
1018,3290,3304.0,0.00012827099575104736,-5.128230542996489e-05,-0.00011262396394954785,0.00014447022121342925,-6.74815308923468e-05
1019,3290,3296.0,0.00012940465604276315,-5.3473551770304205e-05,-0.00010194916883081006,0.00014265326860551307,-6.672216433305414e-05
1020,3291,3296.0,0.00012989351303374554,-4.671315856508997e-05,-9.654478377668424e-05,0.00014222666630229165,-5.904631183363608e-05
1021,3291,3304.0,0.0001275623451029032,-4.426447666848162e-05,-0.0001187094852286661,0.00014607163117925795,-6.277376274483638e-05
1022,3291,3301.0,0.00011439158281105911,-4.572602023583509e-05,-0.00010388954230434642,0.00012976689966999317,-6.110133709476915e-05
1023,3291,3295.0,0.00011704405153768445,-4.700415833093865e-05,-9.247704329664545e-05,0.00012917914516887344,-5.913925196212765e-05
1024,3292,3302.0,0.00013002052437876156,-5.0883569704266015e-05,-0.0001089755953135596,0.00014516437170576194,-6.60274170312664e-05
1025,3292,3303.0,0.00013122737877529437,-4.887610406331547e-05,-0.00011441436777720731,0.00014786199084655481,-6.551071613457593e-05
1027,3292,3304.0,0.00012161270715899467,-5.048895787935744e-05,-0.0001065381946548016,0.00013676633356984495,-6.564258429020771e-05
1026,3292,3301.0,0.00012677328358135648,-4.836230406683154e-05,-0.0001138744827446931,0.000143656281857236,-6.524530234271104e-05
1031,3293,3301.0,0.00010877956585899403,-4.490626092994881e-05,-0.00010683973714832855,0.00012552359438181799,-6.165028945277277e-05
1030,3293,3288.0,0.0001105009119044759,-4.121417648782547e-05,-0.0001230639082059528,0.00013231909850775023,-6.30323630910998e-05
1029,3293,3287.0,0.000126602167534913,-4.142005393874715e-05,-0.00012593874512369964,0.00014758157355111625,-6.23994599549504e-05
1028,3293,3303.0,0.00012475902955781442,-4.596669929588133e-05,-0.00010602391589131874,0.00013988042413897621,-6.108809387704311e-05
1035,3294,3297.0,0.00013866608484166404,-5.910104992610512e-05,-0.00010765745729577041,0.00015236800465044962,-7.280296973489072e-05
1033,3294,3299.0,0.00015113847666181797,-5.7553390818745106e-05,-0.00012192200335995815,0.00016764086775046254,-7.405578190738967e-05
1032,3294,3298.0,0.0001514313768008575,-5.901832483983134e-05,-0.00010988843727474142,0.00016491261846036405,-7.249956649933789e-05
1034,3294,3302.0,0.00013891672203639616,-5.7550836078128133e-05,-0.00012045959017492266,0.00015591099322797132,-7.454510726970329e-05
1037,3295,3300.0,0.00014868245797475341,-5.4960460630533556e-05,-0.0001303242323043999,0.00016774818143336332,-7.402618408914346e-05
1036,3295,3299.0,0.0001478892110549088,-5.754399627618087e-05,-0.00011647247139721668,0.0001632495306933207,-7.290431591459278e-05
1038,3295,3303.0,0.00013517090118647657,-5.4698334241580536e-05,-0.00012916687057799338,0.00015505615002104129,-7.458358307614526e-05
1039,3295,3302.0,0.00013149756704741982,-5.7538673753177155e-05,-0.00011341007158152411,0.0001472025665813571,-7.324367328711445e-05
1043,3296,3303.0,0.00012620210266001824,-5.371639713144382e-05,-0.00012054629779839534,0.00014452728894986022,-7.204158342128581e-05
1042,3296,3287.0,0.00012778022212819222,-4.985185061969464e-05,-0.00013759495986453724,0.00015130910803473526,-7.338073652623768e-05
1041,3296,3286.0,0.0001445925383097603,-4.9899562698881906e-05,-0.00014128346746655664,0.00016754236495408504,-7.284938934320663e-05
1040,3296,3300.0,0.0001434597624940595,-5.412772178501886e-05,-0.0001227682651803192,0.00016097687633873212,-7.164483562969147e-05
1046,3297,3282.0,9.905935998563752e-05,-3.7313011523984e-05,-9.378507909949376e-05,0.00011362742604433863,-5.188107758268511e-05
1045,3297,3301.0,0.00011531977775608524,-3.720914798201484e-05,-9.786404785879377e-05,0.00012966773822143115,-5.1557108447360746e-05
1044,3297,3295.0,0.00012002246580583402,-4.1816979537312665e-05,-7.816107775075916e-05,0.00012896536070149158,-5.0759874432970226e-05
1047,3297,3283.0,9.848013414335806e-05,-4.1252454067321046e-05,-7.591855220969845e-05,0.00010812613905155465,-5.089845897551764e-05
1050,3298,3281.0,8.821420834302218e-05,-3.182605041700335e-05,-0.00010067412994101566,0.00010652820971479983,-5.0140051788781005e-05
1051,3298,3282.0,8.732004687874535e-05,-3.771000421508015e-05,-7.964411467047475e-05,9.892603501582162e-05,-4.931599235215642e-05
1049,3298,3288.0,0.00010866852617255748,-3.159950227549994e-05,-0.0001072667227243326,0.00012682560664205363,-4.975658274499609e-05
1048,3298,3301.0,0.00010638080905257244,-3.755475494477973e-05,-8.559029174697551e-05,0.00011814346450732222,-4.931741039952952e-05
1055,3299,3300.0,0.00014379106388346784,-6.303230793488633e-05,-0.00012755401487148967,0.00016187622344789697,-8.111746749931545e-05
1054,3299,3286.0,0.00014494501630152486,-5.9204351890688664e-05,-0.00014638560618380645,0.00016847458196540875,-8.273391755457256e-05
1053,3299,3285.0,0.0001629016672992159,-5.925595827943218e-05,-0.00014983167112503273,0.00018580376758603,-8.215805856624629e-05
1052,3299,3294.0,0.0001624337088732353,-6.302525511334687e-05,-0.00013142623851617298,0.0001801885177087763,-8.078006394888787e-05
1059,3300,3299.0,0.00014806741991616,-6.560239709835452e-05,-0.00011908425549709417,0.0001635393495357153,-8.107432671790982e-05
1058,3300,3300.0,0.00014902317296178798,-6.301727684032774e-05,-0.00013574316677878936,0.00016888718027372192,-8.288128415226168e-05
1057,3300,3294.0,0.00016495658376599037,-6.30126920028696e-05,-0.00013826739800720453,0.00018428348331011647,-8.23395915469957e-05
1056,3300,3293.0,0.0001646546399973279,-6.549625279917153e-05,-0.00012235944946070026,0.00017990692311907656,-8.07485359209202e-05
1060,3301,3292.0,0.00016588472437743113,-6.664359072496159e-05,-0.00011444527093547709,0.00017920368432601983,-7.996255067355029e-05
1063,3301,3298.0,0.00015145261014003295,-6.703215070950484e-05,-0.00010920798940847968,0.00016433923494551468,-7.991877551498657e-05
1062,3301,3299.0,0.00015106066629803298,-6.535266379863723e-05,-0.0001253175010910261,0.00016789320062656296,-8.21851981271672e-05
1061,3301,3293.0,0.00016471801688074973,-6.529462304568105e-05,-0.00012729587722364565,0.0001811556534960543,-8.173225966098561e-05
1066,3302,3305.0,0.00013023015764291462,-5.393452244398245e-05,-9.933956997559834e-05,0.00014277212112695191,-6.647648592801974e-05
1065,3302,3306.0,0.00014674042479195706,-5.38735499567471e-05,-0.00010134796768215392,0.00015881379314957515,-6.594691831436518e-05
1064,3302,3290.0,0.00014528499137328628,-5.469656349709525e-05,-8.826455581120111e-05,0.00015459111931620314,-6.400269144001211e-05
1067,3302,3289.0,0.00013301192048446485,-5.4743770540197296e-05,-8.674187769875524e-05,0.00014254629965912885,-6.42781497148613e-05
1070,3303,3296.0,0.00012983735746978364,-5.310815689761584e-05,-0.0001063717852268194,0.00014417577398656431,-6.744657341439652e-05
1069,3303,3297.0,0.00014195390396473228,-5.301204602451261e-05,-0.000108534888177793,0.00015604102308920475,-6.709916514898507e-05
1068,3303,3306.0,0.00014203780570428478,-5.411071115352171e-05,-9.700545639382925e-05,0.00015337595429087075,-6.544885974010769e-05
1071,3303,3305.0,0.00013091717863141384,-5.417244285157996e-05,-9.52982174155315e-05,0.00014246357575986124,-6.571883998002737e-05
1074,3304,3297.0,0.00014193134574970023,-5.889560926767971e-05,-0.00011167967948482122,0.00015641327357928428,-7.337753709726376e-05
1072,3304,3307.0,0.00015306976522031033,-6.012635410881234e-05,-0.00010303273675805243,0.0001648654660974807,-7.192205498598272e-05
1073,3304,3298.0,0.00015147204573642305,-5.8833015248243746e-05,-0.00011336144351541122,0.00016577561131254296,-7.313658082436366e-05
1075,3304,3306.0,0.0001420014246202514,-6.007977787498317e-05,-0.00010205166756933719,0.00015415463421890178,-7.223298747363357e-05
1076,3305,3291.0,0.00016348036708069627,-6.554819998981276e-05,-0.00010699931794203466,0.00017536123631487283,-7.742906922398931e-05
1077,3305,3292.0,0.00016084589786851235,-6.605174348231252e-05,-0.00011542673215454366,0.00017468206270439688,-7.988790831819705e-05
1078,3305,3298.0,0.0001515994216677091,-6.590592943852582e-05,-0.00011359603068248074,0.00016553806197136043,-7.984456974217716e-05
1079,3305,3307.0,0.00015400565334481187,-6.494042920196594e-05,-9.759832329110131e-05,0.0001643896308185689,-7.532440667572298e-05
1080,3306,3291.0,0.000152526820147777,-6.222444693116725e-05,-9.861988234710108e-05,0.00016330784946123937,-7.300547624462961e-05
1081,3306,3307.0,0.00015964598177637193,-6.0302201159185805e-05,-0.00010794255337099982,0.00017217576576249933,-7.283198514531321e-05
1082,3306,3306.0,0.00014725005160782546,-6.01933656884171e-05,-0.00010518887707850616,0.00015982265842759378,-7.276597250818542e-05
1083,3306,3290.0,0.00014650742879766376,-6.189287527262675e-05,-9.836982142203332e-05,0.00015753239175833036,-7.291783823329336e-05
1084,3307,3305.0,0.0001314938573243581,-4.785597504544073e-05,-8.871918821471477e-05,0.00014186575109429047,-5.822786881537312e-05
1085,3307,3296.0,0.00013028718844371873,-4.580418290857976e-05,-0.00010101024970099026,0.00014374426333272543,-5.926125779758645e-05
1087,3307,3308.0,0.00011889953891916927,-4.8333421885484677e-05,-8.374391485751857e-05,0.00012879763820251784,-5.823152116883325e-05
1086,3307,3295.0,0.00011889563253937932,-4.6192222542425915e-05,-9.677679438023067e-05,0.00013203313975207007,-5.932972975511666e-05
1091,3308,3284.0,0.0001236922419449169,-4.7934159154694326e-05,-7.587453817205474e-05,0.00013170410081052975,-5.594601802030718e-05
1090,3308,3308.0,0.0001114660049995296,-4.7357938089871124e-05,-8.625589353026663e-05,0.00012242151110465897,-5.831344419500048e-05
1089,3308,3305.0,0.0001315199351703167,-4.711598126247874e-05,-9.193201455829497e-05,0.00014265381359781918,-5.824985968998122e-05
1088,3308,3289.0,0.00013421826089478773,-4.7763842318273816e-05,-7.968232243528569e-05,0.0001425584208968574,-5.6104002320343465e-05
1094,3309,3283.0,0.00011461589379707952,-4.2346845162536924e-05,-8.328965367806161e-05,0.00012498055381706964,-5.271150518252703e-05
1095,3309,3284.0,0.00011374139011508314,-4.2894837527375604e-05,-7.925353209059256e-05,0.00012319575227421838,-5.234919968651085e-05
1092,3309,3308.0,0.0001189020619839264,-4.3546179560670795e-05,-7.5324348683398e-05,0.0001272089256325392,-5.18530432092836e-05
1093,3309,3295.0,0.00011889964625776649,-4.241761890753004e-05,-8.338400971800216e-05,0.0001290377001744923,-5.255567282425585e-05
1096,3310,3065.0,0.00018002693258488628,-7.319150362948573e-05,-0.0001015210235029507,0.00018982344625970667,-8.298801730430611e-05
1097,3310,3064.0,0.00017857486108184637,-7.420492589019256e-05,-0.0001155449309296749,0.00019115281618424388,-8.678288099259006e-05
1099,3310,3291.0,0.00016617594749459988,-7.307572272064898e-05,-0.00010093943692221627,0.00017638667467487673,-8.328644990092583e-05
1098,3310,3292.0,0.0001615642004467446,-7.412944359985545e-05,-0.00011574686407334707,0.00017500792490983416,-8.757316806294501e-05
1103,3311,3292.0,0.00016617948901450665,-7.438320945542785e-05,-0.0001118640648399569,0.0001785480369691478,-8.6751757410069e-05
1102,3311,3293.0,0.00016478100791049877,-7.401656642088642e-05,-0.0001273799765642101,0.000180705851290299,-8.994140980068664e-05
1101,3311,3063.0,0.00018176971927362333,-7.400388573278389e-05,-0.00012831834331429245,0.00019696133429809775,-8.919550075725831e-05
1100,3311,3064.0,0.00018119788052320136,-7.436162786923143e-05,-0.00011313344774489505,0.00019315881414591336,-8.632256149194344e-05
1104,3312,3063.0,0.00018140513649523606,-7.414659146846305e-05,-0.00012379860279731428,0.0001956088306545144,-8.835028562774141e-05
1107,3312,3293.0,0.00016464127215339366,-7.420282418279102e-05,-0.00012149150668371023,0.00017920307427231043,-8.876462630170778e-05
1106,3312,3294.0,0.00016496648245536202,-7.239258342463825e-05,-0.0001386087943146038,0.00018372031884098677,-9.114641981026301e-05
1105,3312,3062.0,0.00018204155526449755,-7.242916417491449e-05,-0.00014007300939684192,0.00020004375526463443,-9.043136417505136e-05
1109,3313,3061.0,0.00018156850953453176,-6.915686528639377e-05,-0.00015336462059577834,0.000203161530102341,-9.0749885854203e-05
1108,3313,3062.0,0.00018082156992370747,-7.231579682160044e-05,-0.00013449010505432474,0.00019757604832216418,-8.907027522005715e-05
1111,3313,3294.0,0.0001624484181470794,-7.225321229936904e-05,-0.00013176589029601383,0.0001796776025334948,-8.948239668578445e-05
1110,3313,3285.0,0.00016291149787471537,-6.920050464262169e-05,-0.0001499621263755732,0.00018502624339307964,-9.131525016098596e-05
1115,3314,3223.0,0.00012125244476738966,-4.791626956090393e-05,-6.235377673477482e-05,0.00012681525530774975,-5.347908010126402e-05
1112,3314,3224.0,0.00013712969913916295,-4.782531867665162e-05,-6.485643162190105e-05,0.00014265055161803423,-5.33461711555229e-05
1113,3314,3289.0,0.00013561879597493018,-4.677081354354353e-05,-8.332460490236091e-05,0.00014468485028147713,-5.5836867850090496e-05
1114,3314,3284.0,0.00011972402496459016,-4.7050373171308286e-05,-7.750237888719778e-05,0.0001282883329625476,-5.5614681169265714e-05
1116,3315,3225.0,0.0001480463642805161,-5.5560695917238295e-05,-7.82117185395819e-05,0.00015529890677652786,-6.281323841325005e-05
1117,3315,3290.0,0.00014827309113368175,-5.4539169478679504e-05,-9.103831925967327e-05,0.00015802089533762376,-6.428697368262152e-05
1118,3315,3289.0,0.00013519221113152168,-5.460251031348749e-05,-8.920086515706166e-05,0.00014515050194144157,-6.456080112340738e-05
1119,3315,3224.0,0.00013619891089247226,-5.5588455199278956e-05,-7.691877784648648e-05,0.0001436237791549272,-6.301332346173391e-05
1122,3316,3291.0,0.00016252188265733622,-7.272440021228674e-05,-0.00010358019999711808,0.00017341884804964502,-8.362136560459554e-05
1120,3316,3066.0,0.0001779302406048908,-7.162134534469111e-05,-8.797973153921827e-05,0.00018545753452876642,-7.914863926856673e-05
1121,3316,3065.0,0.0001776645742621267,-7.285736107712736e-05,-0.00010416042765714608,0.00018806000597697853,-8.32527927919792e-05
1123,3316,3226.0,0.00016194163507862736,-7.1591412958265e-05,-8.881125631483725e-05,0.00017010021239456191,-7.974999027419955e-05
1124,3317,3226.0,0.00016182375471684388,-6.372374557109695e-05,-8.611003304281753e-05,0.0001697631072966186,-7.166309815087169e-05
1125,3317,3291.0,0.0001623352501833558,-6.280273754013632e-05,-9.920423869775978e-05,0.00017277905493600737,-7.324654229278789e-05
1127,3317,3225.0,0.00014817755821729117,-6.370035384839457e-05,-8.547919761201861e-05,0.0001564740420068924,-7.199683763799581e-05
1126,3317,3290.0,0.00014845561765525163,-6.259241437805594e-05,-0.000101207268336402,0.00015996170779642428,-7.40985045192286e-05
1131,3318,3286.0,0.00013870536775546088,-5.905735171923474e-05,-0.00013594259441681612,0.00015981409322393553,-8.016607718770938e-05
1130,3318,3231.0,0.00013912708743312168,-5.36114986957176e-05,-0.00015617511776732946,0.00016679290027886686,-8.127731154146278e-05
1129,3318,3232.0,0.00015971936396818806,-5.3378049223616044e-05,-0.00016261167522587348,0.00018719776697031045,-8.085645222573844e-05
1128,3318,3285.0,0.00015912655903909355,-5.9134520010936404e-05,-0.00014118533959116752,0.00017996832304790526,-7.997628401974812e-05
1135,3319,3287.0,0.00011799253122065766,-4.9687871117627984e-05,-0.00012433011156807398,0.00013852509226807577,-7.022043216504609e-05
1133,3319,3231.0,0.00013903701193215996,-4.311474864405844e-05,-0.00015209804881192914,0.00016661301777888215,-7.069075449078063e-05
1132,3319,3286.0,0.00013858602909969531,-4.9765867586629826e-05,-0.00013044424597032653,0.00015896589498272463,-7.014573346965914e-05
1134,3319,3230.0,0.00011873657378439102,-4.334414632194063e-05,-0.00014508018488750864,0.0001464602011962643,-7.106777373381389e-05
1137,3320,3230.0,0.00011842219607541629,-3.2893135859874984e-05,-0.00013678886409327837,0.0001447541411211194,-5.92250809055781e-05
1136,3320,3287.0,0.00011755459345608437,-4.066084637240042e-05,-0.00011257947793672386,0.00013553737803716605,-5.8643630953482116e-05
1138,3320,3229.0,9.699872725563684e-05,-3.348524054435373e-05,-0.00012801019329383365,0.00012315241535376415,-5.963892864248103e-05
1139,3320,3288.0,9.646913091332539e-05,-4.028576348432799e-05,-0.00010688986926225136,0.00011487783654519876,-5.869446911620136e-05
1143,3321,3285.0,0.0001591343500531731,-6.932168236729874e-05,-0.000141180852802094,0.00017918607165474387,-8.937340396886952e-05
1142,3321,3232.0,0.00015971231158745137,-6.471456711238527e-05,-0.00016204266758195873,0.00018590520337887604,-9.090745890380993e-05
1141,3321,3060.0,0.0001801233415761978,-6.472550495457508e-05,-0.00016652892905466218,0.00020575536182099996,-9.035752519937724e-05
1140,3321,3061.0,0.00017975172168184853,-6.925808216445492e-05,-0.00014604840829247727,0.00019958671373844573,-8.909307422105212e-05
1146,3322,3228.0,7.3139940850724e-05,-2.392806617682432e-05,-0.00010402157579163544,9.574433452594182e-05,-4.653245985204214e-05
1145,3322,3229.0,9.66754839317142e-05,-2.2846727658733918e-05,-0.00011549312348853227,0.00012001705654791262,-4.618830027493233e-05
1144,3322,3288.0,9.601136581971438e-05,-3.229514335159904e-05,-8.898479444597327e-05,0.0001099299594546558,-4.6213736986540466e-05
1147,3322,3281.0,7.268474707234317e-05,-3.2623272098770886e-05,-7.96825429838768e-05,8.605930433122306e-05,-4.599782935765078e-05
1151,3323,3280.0,9.77856198224299e-05,-3.7896586591684234e-05,-4.9805175530574005e-05,0.00010221175789216705,-4.2322724661421384e-05
1150,3323,3279.0,9.839990725416534e-05,-3.402973376321239e-05,-6.025204422607008e-05,0.0001049310808850369,-4.056090739408395e-05
1149,3323,3283.0,0.00010987263775669685,-3.430877272311611e-05,-6.385821385799725e-05,0.00011662695551298531,-4.1063090479404564e-05
1148,3323,3284.0,0.00010762140619427615,-3.8122867265414024e-05,-5.2931005543306684e-05,0.0001122784326775706,-4.277989374870847e-05
1155,3324,3279.0,8.271218376061391e-05,-3.336687143608817e-05,-5.0942446856892636e-05,8.805538241146726e-05,-3.871007008694153e-05
1154,3324,3278.0,8.313272632693705e-05,-2.9573994191724033e-05,-6.590689524056323e-05,9.206053427544834e-05,-3.850180214023533e-05
1153,3324,3282.0,9.825957446041745e-05,-2.963140930280618e-05,-6.95437389609567e-05,0.00010710219176669912,-3.8474026609087856e-05
1152,3324,3283.0,9.775021527540359e-05,-3.3613518426410353e-05,-5.381537590691456e-05,0.00010304814346520451,-3.891144661621128e-05
1159,3325,3278.0,6.72775979158281e-05,-2.9351885936276757e-05,-5.1203606389360265e-05,7.364161433522625e-05,-3.5715902355674915e-05
1158,3325,3277.0,6.789481731792708e-05,-2.3929188125945385e-05,-7.157075580709613e-05,8.019368356080553e-05,-3.622805436882384e-05
1157,3325,3281.0,8.717529422738344e-05,-2.3894568321910148e-05,-7.687520201968105e-05,9.917981633423387e-05,-3.589909042876058e-05
1156,3325,3282.0,8.628817817416109e-05,-2.942775600820618e-05,-5.6023990113863824e-05,9.271252764822008e-05,-3.585210548226517e-05
1161,3326,3284.0,0.00012153345672054989,-3.8519352799854206e-05,-5.860991926827418e-05,0.00012673032412236998,-4.371622020167428e-05
1163,3326,3222.0,0.00010822305907190726,-4.203133125600721e-05,-4.161195536953868e-05,0.00011105087760573883,-4.4859149789838775e-05
1162,3326,3280.0,0.00010794655602536533,-3.830530771152822e-05,-5.5913387050719916e-05,0.0001131084177425065,-4.3467169428669386e-05
1160,3326,3223.0,0.00012288613352191401,-4.201479413274681e-05,-4.54769395988278e-05,0.00012596412691299005,-4.509278752382283e-05
1164,3327,3281.0,7.223976770004111e-05,-2.4032123862009194e-05,-5.621147911356048e-05,7.984430875100689e-05,-3.1636664912974974e-05
1167,3327,3277.0,4.9382145777153094e-05,-2.4098418768994157e-05,-4.6147846495592226e-05,5.6026817987751734e-05,-3.07430909795928e-05
1166,3327,3227.0,5.0353615314350196e-05,-1.364569703313093e-05,-7.067669855757288e-05,6.602760935733962e-05,-2.931969107612035e-05
1165,3327,3228.0,7.27405607814785e-05,-1.2500012292011192e-05,-8.302570366047323e-05,8.9616540443155e-05,-2.9375991953687684e-05
1171,3328,77.0,8.626613757253864e-05,-3.26143405266385e-05,-1.4063360919130876e-05,8.668061052090114e-05,-3.3028813475001007e-05
1170,3328,76.0,8.626613757253864e-05,-2.8015560845387867e-05,-2.375386046580977e-05,8.74874175234918e-05,-2.9236840796341034e-05
1169,3328,3279.0,9.6442939354248e-05,-2.826468771617097e-05,-2.8058465069051488e-05,9.800170226445706e-05,-2.982345062638003e-05
1168,3328,3280.0,9.586667818383115e-05,-3.281198646472392e-05,-1.8202971751218704e-05,9.650724066616083e-05,-3.34525489470536e-05
1174,3329,75.0,6.876255945378364e-05,-2.2700133819249907e-05,-2.784302741670394e-05,7.083460818957369e-05,-2.477218255503996e-05
1173,3329,3278.0,8.216318311551505e-05,-2.2968771340054817e-05,-3.184147034438617e-05,8.45212604570635e-05,-2.532684868160326e-05
1172,3329,3279.0,8.178397800464015e-05,-2.7722829998812616e-05,-1.83102002495987e-05,8.254409585184141e-05,-2.848294784601388e-05
1175,3329,76.0,6.876255945378364e-05,-2.748446760188802e-05,-1.4361011212083406e-05,6.929531186387398e-05,-2.8017220011978355e-05
1176,3330,3278.0,6.62513389406154e-05,-2.2126767988759092e-05,-1.7835104004389635e-05,6.71421610282945e-05,-2.3017590076438185e-05
1177,3330,3277.0,6.682013578946343e-05,-1.7034193571195612e-05,-3.6607306528995895e-05,7.064131382183158e-05,-2.085537160356376e-05
1178,3330,74.0,4.872274397633167e-05,-1.6553339334510024e-05,-3.341459274177e-05,5.2750429030272166e-05,-2.058102438845052e-05
1179,3330,75.0,4.872274397633167e-05,-2.185589919911999e-05,-1.4030353872879296e-05,4.941326293260335e-05,-2.254641815539167e-05
1183,3331,78.0,0.00010071943384815747,-3.700222349083853e-05,-1.239156105431894e-05,0.00010099760590466567,-3.728039554734673e-05
1182,3331,77.0,0.00010071943384815747,-3.2907863115668227e-05,-2.0202582479494306e-05,0.00010147870677841095,-3.366713604592171e-05
1181,3331,3280.0,0.00010855910018114749,-3.3086130372399496e-05,-2.3971868271044708e-05,0.00010956618246564005,-3.4093212656892055e-05
1180,3331,3222.0,0.00010870422870432614,-3.704054200894609e-05,-1.650390731937671e-05,0.00010916995954089285,-3.75062728455128e-05
1185,3332,3227.0,4.8973215742000985e-05,-1.1781484508802858e-05,-3.649632411426235e-05,5.403283528253661e-05,-1.6841104049338485e-05
1184,3332,3277.0,4.8043214062869644e-05,-1.459359447601575e-05,-1.3304418461096076e-05,4.874190419050232e-05,-1.5292284603648423e-05
1186,3332,73.0,2.7222910030283258e-05,-1.109022127242839e-05,-3.951916297437316e-05,3.558751928305302e-05,-1.945483052519816e-05
1187,3332,74.0,2.7222910030283258e-05,-1.4347177395117208e-05,-1.2789788417080783e-05,2.8184422690427046e-05,-1.5308690055260996e-05
1188,3333,3219.0,0.00013988117637076924,-4.947162785879809e-05,-5.6045400786867896e-05,0.00014394125613953446,-5.35317076275633e-05
1189,3333,3224.0,0.00013946311304490486,-4.753351397318681e-05,-6.798676724829563e-05,0.00014545090288328288,-5.3521303811564845e-05
1191,3333,3218.0,0.00012852843725834383,-4.95383606416678e-05,-5.379968899346362e-05,0.00013250335924006566,-5.3513282623389644e-05
1190,3333,3223.0,0.00012797470389711973,-4.772039259255602e-05,-6.497471835406913e-05,0.0001337894225420319,-5.353511123746819e-05
1195,3334,3219.0,0.00013949800774569953,-5.5992866402849464e-05,-6.727891475092349e-05,0.00014512463440895744,-6.161949306610737e-05
1194,3334,3224.0,0.0001390704453896629,-5.5513809971888045e-05,-7.954393427269313e-05,0.00014688572695555733,-6.332909153778247e-05
1193,3334,3225.0,0.00015132486201648726,-5.549976718039623e-05,-8.038194539050636e-05,0.0001588603779367072,-6.303528310061616e-05
1192,3334,3220.0,0.0001514480303478503,-5.597879505145071e-05,-6.810578495854104e-05,0.00015689537735613142,-6.142614205973182e-05
1198,3335,3225.0,0.0001512522453690165,-6.375627118424909e-05,-8.770526928256325e-05,0.0001598523328878392,-7.23563587030718e-05
1197,3335,3226.0,0.00016352503498475845,-6.374315470306839e-05,-8.686730200099455e-05,0.0001715428597731653,-7.176097949147524e-05
1196,3335,3221.0,0.00016337546542844524,-6.320651872379634e-05,-7.467067549291702e-05,0.00016936890792043478,-6.919996121578588e-05
1199,3335,3220.0,0.0001513776590910728,-6.32063703177076e-05,-7.519490433333283e-05,0.00015777445135004136,-6.960316257667617e-05
1202,3336,3222.0,0.00011894550547478754,-4.201431762917811e-05,-4.5569324083185496e-05,0.00012210862703235053,-4.5177439186741084e-05
1203,3336,3217.0,0.00011913249447621094,-4.4200047441877565e-05,-3.556073245377387e-05,0.00012104565421347052,-4.611320717913715e-05
1201,3336,3223.0,0.00012880726974546456,-4.200498600937918e-05,-4.775717654730829e-05,0.00013208255850623827,-4.528027477015288e-05
1200,3336,3218.0,0.00012929363672769568,-4.415694325584697e-05,-3.796897516323921e-05,0.0001313472107345896,-4.621051726274089e-05
1207,3337,3221.0,0.00016341074896115103,-7.060646470294265e-05,-7.745871930704218e-05,0.00016965382516811306,-7.684954090990469e-05
1206,3337,3226.0,0.00016356291316370862,-7.156666895768624e-05,-8.986184844551491e-05,0.00017185624877211672,-7.986000456609434e-05
1205,3337,3066.0,0.00017578611116554317,-7.15898089685426e-05,-8.921565807539422e-05,0.00018358415749082635,-7.938785529382577e-05
1204,3337,3067.0,0.00017589098339322292,-7.062957762637946e-05,-7.679229876809014e-05,0.00018173283702099818,-7.647143125415472e-05
1211,3338,79.0,0.00011345330680978278,-4.0669420259260456e-05,-1.080108536571792e-05,0.0001136423129253093,-4.085842637478698e-05
1210,3338,78.0,0.00011345330680978278,-3.704300203515162e-05,-1.6729131989553885e-05,0.00011391678100715474,-3.750647623252358e-05
1209,3338,3222.0,0.00011941360275140572,-3.707638314775737e-05,-2.0320710824621273e-05,0.00012007052196993664,-3.77333023662883e-05
1208,3338,3217.0,0.00011952227032566414,-4.0648982853857553e-05,-1.4547116662805889e-05,0.00011985189252041512,-4.097860504860853e-05
1213,3339,3219.0,0.0001437960957485357,-4.944459200592231e-05,-5.693028941242779e-05,0.0001479018920440527,-5.355038830143933e-05
1214,3339,3218.0,0.00013480597096829578,-4.948893878615535e-05,-5.5385261636031876e-05,0.0001388772005654136,-5.356016838327317e-05
1215,3339,3042.0,0.0001350006534816526,-5.0711452777373045e-05,-4.6385163119093235e-05,0.00013785323341200084,-5.356403270772129e-05
1212,3339,3043.0,0.00014400420222089594,-5.067960710081448e-05,-4.7839706748504596e-05,0.00014690004388570767,-5.3575448765626196e-05
1219,3340,3043.0,0.00014377319522309402,-5.6292252619768524e-05,-5.8090015841012754e-05,0.00014790456463637943,-6.042362203305393e-05
1216,3340,3044.0,0.00015365291310028787,-5.628749848248047e-05,-5.855473091078973e-05,0.00015765934807147398,-6.029393345366656e-05
1217,3340,3220.0,0.0001535939495181612,-5.596310641308691e-05,-6.86902591533786e-05,0.00015907932248245454,-6.144847937738026e-05
1218,3340,3219.0,0.00014354537377632556,-5.597281344133279e-05,-6.806536038945219e-05,0.00014919073965044067,-6.16181793154479e-05
1220,3341,3045.0,0.0001640405286234682,-6.259750215635953e-05,-6.462415770026831e-05,0.00016855728746428963,-6.711426099718097e-05
1221,3341,3221.0,0.00016399457487553714,-6.320640375866366e-05,-7.507956616078408e-05,0.00017003649646196012,-6.924832534508664e-05
1222,3341,3220.0,0.00015355351099268812,-6.320623267599187e-05,-7.568485119266704e-05,0.000159970180020179,-6.962290170348273e-05
1223,3341,3044.0,0.00015361536624513986,-6.258673843560617e-05,-6.504667751664047e-05,0.00015840189108261456,-6.737326327308086e-05
1226,3342,3217.0,0.0001280257168328595,-4.416875341989226e-05,-3.733870828646186e-05,0.00013002660132621117,-4.616963791324394e-05
1224,3342,3042.0,0.00013529831068112563,-4.6247314308998336e-05,-3.248798796841681e-05,0.00013674030626384842,-4.768930989172113e-05
1225,3342,3218.0,0.00013514417193980725,-4.412757398088152e-05,-3.9588920871239195e-05,0.00013730378026966748,-4.628718231074175e-05
1227,3342,3041.0,0.00012812216352573727,-4.62790042763425e-05,-3.0252657086613562e-05,0.000129424391149995,-4.7581231900600235e-05
1228,3343,3046.0,0.00017439210972211615,-6.910516526900657e-05,-6.620121182470805e-05,0.0001788115380902692,-7.352459363715961e-05
1229,3343,3067.0,0.0001744121680870448,-7.062982881174526e-05,-7.674639862109266e-05,0.00018028080117526098,-7.649846189996143e-05
1231,3343,3045.0,0.0001640275018130878,-6.909309066324405e-05,-6.761581888144923e-05,0.00016883144000945876,-7.389702885961503e-05
1230,3343,3221.0,0.00016398185959641412,-7.059372864830541e-05,-7.800428619345002e-05,0.0001702966294289597,-7.690849848085099e-05
1235,3344,80.0,0.00012447229634569325,-4.35586774103474e-05,-9.455165219465506e-06,0.00012460520263523527,-4.369158369988942e-05
1234,3344,79.0,0.00012447229634569325,-4.0656024475319475e-05,-1.3295197387765611e-05,0.000124739477543824,-4.092320567345022e-05
1233,3344,3217.0,0.00012831137825615804,-4.064004978005713e-05,-1.6218265573728508e-05,0.00012869969839518968,-4.102836991908878e-05
1232,3344,3041.0,0.00012836305919700954,-4.352180667221864e-05,-1.2444942845825629e-05,0.0001285880268807825,-4.3746774355991585e-05
1239,3345,3037.0,0.0001887185393102571,-8.280320274869945e-05,-4.464737583980555e-05,0.000190541683140892,-8.462634657933435e-05
1237,3345,3049.0,0.00019502892896131876,-8.665793005659204e-05,-4.7091163570018614e-05,0.0001969834898354169,-8.861249093069018e-05
1236,3345,3038.0,0.00019495165077475793,-8.280397727144666e-05,-4.083666961207351e-05,0.0001964446158479006,-8.429694234458933e-05
1238,3345,3048.0,0.00018874486685138692,-8.66379193195753e-05,-5.09015756758476e-05,0.00019107726578494622,-8.89703182531346e-05
1241,3346,3050.0,0.0001996866570810451,-9.07759923908694e-05,-3.489870392246351e-05,0.0002007311593583986,-9.182049466822293e-05
1242,3346,3049.0,0.0001949340646801986,-9.080393543603422e-05,-3.930448441907212e-05,0.000196279355874608,-9.214922663044361e-05
1243,3346,3038.0,0.00019487524874447354,-8.638833630759813e-05,-3.45624072666177e-05,0.00019593305028978045,-8.744613785290502e-05
1240,3346,3039.0,0.0001996426255225915,-8.641363278618554e-05,-3.020084446573321e-05,0.0002004375420911166,-8.720854935471063e-05
1247,3347,3039.0,0.00019957208927886367,-8.889441566468779e-05,-2.2587129190852154e-05,0.00020001356065288647,-8.933588703871059e-05
1246,3347,3050.0,0.00019959976465660362,-9.36576690671668e-05,-2.5521115045978524e-05,0.00020015396948354895,-9.421187389411211e-05
1245,3347,3051.0,0.0002025829413969055,-9.368826485570918e-05,-2.0769109679606886e-05,0.0002029464826883884,-9.405180614719208e-05
1244,3347,3040.0,0.00020256262784687203,-8.89076843223868e-05,-1.7812515828918504e-05,0.00020283451662327036,-8.917957309878511e-05
1250,3348,3047.0,0.0001813341982481358,-8.144599297819953e-05,-5.973700829342869e-05,0.00018468639282331114,-8.479818755337487e-05
1249,3348,3048.0,0.0001887687409171156,-8.145210940727402e-05,-5.660931844935586e-05,0.00019170171734056047,-8.438508583071889e-05
1248,3348,3037.0,0.0001887375345238462,-7.831090693201446e-05,-4.919023450127447e-05,0.00019098384562655154,-8.055721803471979e-05
1251,3348,3036.0,0.00018129793497850995,-7.827499053220105e-05,-5.224955308666011e-05,0.00018390116164036777,-8.087821719405887e-05
1252,3349,3036.0,0.0001813090765908714,-7.310939795284675e-05,-5.4579692298990616e-05,0.00018420335868013976,-7.600368004211512e-05
1255,3349,3035.0,0.00017305345739340597,-7.309634462439503e-05,-5.692877080279608e-05,0.0001763021586709744,-7.634504590196345e-05
1254,3349,3046.0,0.0001730250893060628,-7.549832366035775e-05,-6.521981817151625e-05,0.00017723274831011923,-7.970598266441418e-05
1253,3349,3047.0,0.00018134960018394066,-7.554078580901971e-05,-6.295217277535198e-05,0.0001851500559559076,-7.934124158098666e-05
1259,3350,3033.0,0.00015569109467678064,-6.184896617268481e-05,-5.589082123287105e-05,0.00015922362652521455,-6.538149802111872e-05
1257,3350,3045.0,0.00016433255579311173,-6.260839818738792e-05,-6.401457295006309e-05,0.0001687604059152071,-6.70362483094833e-05
1256,3350,3034.0,0.00016433349768268804,-6.185556590267366e-05,-5.522741602340098e-05,0.00016765584607308524,-6.517791429307088e-05
1258,3350,3044.0,0.00015560705398192124,-6.259514847268047e-05,-6.460747886632241e-05,0.00016028900013152677,-6.7277094622286e-05
1262,3351,3045.0,0.00016433223846852195,-6.909827001239566e-05,-6.697565317068631e-05,0.0001690413849958864,-7.380741653976009e-05
1261,3351,3046.0,0.00017302411913505244,-6.911087942425309e-05,-6.548120895518046e-05,0.00017737307237813182,-7.345983266733247e-05
1260,3351,3035.0,0.00017305400274791232,-6.75403623911768e-05,-5.6750511135030945e-05,0.00017635523142500213,-7.08415910682666e-05
1263,3351,3034.0,0.0001643331810764299,-6.751543071344579e-05,-5.8181705805192534e-05,0.00016792758677019526,-7.110983640721114e-05
1265,3352,3044.0,0.00015566939159931265,-5.6294997119820116e-05,-5.808640160233835e-05,0.00015957683748870667,-6.020244300921414e-05
1264,3352,3033.0,0.00015574825731756812,-5.6446062550693935e-05,-4.991470438075844e-05,0.00015864410988627236,-5.9341915119398174e-05
1266,3352,3043.0,0.00014754132433754483,-5.62972562789762e-05,-5.7813941318436484e-05,0.00015156142561538127,-6.0317357556812634e-05
1267,3352,3032.0,0.00014762007596058266,-5.64488398471576e-05,-4.961420899296607e-05,0.00015059239418680842,-5.942115807338335e-05
1271,3353,3031.0,0.00014073490146152218,-5.1700085689318715e-05,-3.9539036802642424e-05,0.00014274489857865814,-5.371008280645466e-05
1268,3353,3032.0,0.0001477059563409172,-5.1686091906616547e-05,-4.0624898738495906e-05,0.000149754184268384,-5.373431983408334e-05
1269,3353,3043.0,0.0001476381554056292,-5.068635869319091e-05,-4.76760829653017e-05,0.0001504631791556495,-5.351138244321121e-05
1270,3353,3042.0,0.00014063840003070063,-5.071224169873249e-05,-4.650218770142008e-05,0.00014342312379232472,-5.349696546035659e-05
1272,3354,3030.0,0.00013584383126591555,-4.596775823574725e-05,-1.071846840717313e-05,0.0001360016676228386,-4.6125594592670276e-05
1273,3354,3041.0,0.00013582945531803422,-4.351707265989901e-05,-1.2916156782660608e-05,0.0001360617031230809,-4.3749320464945695e-05
1274,3354,80.0,0.00013361492514452674,-4.3547809278288055e-05,-1.043668272721586e-05,0.00013376849864775182,-4.3701382781513145e-05
1275,3354,81.0,0.00013361492514452674,-4.59984527949645e-05,-8.22311670048816e-06,0.00013370899421260912,-4.609252186304687e-05
1276,3355,3031.0,0.00014090124375045485,-4.8029175640427655e-05,-2.7462126162668002e-05,0.0001418939721018165,-4.9021903991789306e-05
1277,3355,3042.0,0.00014083018757940447,-4.624725006444747e-05,-3.2574664263334933e-05,0.00014223760668217019,-4.7654669167213165e-05
1279,3355,3030.0,0.00013574733334952667,-4.805818608172069e-05,-2.5590763781713037e-05,0.0001366337919789269,-4.8944644711120927e-05
1278,3355,3041.0,0.00013571392214362793,-4.6273672192714355e-05,-3.072382167135365e-05,0.00013700153928844592,-4.7561289337532355e-05
1283,3356,3040.0,0.00020250551476049764,-9.015592893806852e-05,-9.400001385051916e-06,0.00020258097503287906,-9.023138921044994e-05
1282,3356,3051.0,0.00020251229577407468,-9.514022815961735e-05,-1.0363935757849024e-05,0.00020260248367802864,-9.523041606357131e-05
1281,3356,124.0,0.00020351377112961914,-9.517865364888747e-05,-5.369005815802127e-06,0.00020353789619355125,-9.520277871281958e-05
1280,3356,123.0,0.00020351377112961914,-9.019172886764532e-05,-4.370672956510464e-06,0.0002035300303796503,-9.020798811767647e-05
1287,3357,3026.0,0.00018493615899547403,-7.913305560844358e-05,-3.828191708520057e-05,0.0001863163702831757,-8.051326689614526e-05
1285,3357,3038.0,0.00019019189965573807,-8.280417040944688e-05,-3.988513420568468e-05,0.00019164102679189123,-8.425329754560004e-05
1284,3357,3027.0,0.00019016841247782327,-7.91642690501107e-05,-3.467958981145502e-05,0.00019128016943999757,-8.027602601228499e-05
1286,3357,3037.0,0.00018496872629532703,-8.280343067034883e-05,-4.3524850765390075e-05,0.00018672587532514456,-8.456057970016636e-05
1289,3358,3037.0,0.00018499644706775195,-7.832361946864819e-05,-4.803458295093944e-05,0.00018716912523439213,-8.049629763528837e-05
1288,3358,3026.0,0.00018495751228010063,-7.525493492990777e-05,-4.1758402458264444e-05,0.0001866221901090699,-7.691961275887703e-05
1290,3358,3036.0,0.00017873414585752208,-7.828874975357566e-05,-5.101571751905086e-05,0.00018124118176924956,-8.079578566530315e-05
1291,3358,3025.0,0.0001787363818315851,-7.524306907040918e-05,-4.4766658189401756e-05,0.0001806939471294878,-7.720063436831187e-05
1292,3359,3025.0,0.00017873579342939962,-7.078501108125724e-05,-4.6409231591291794e-05,0.00018087539970494126,-7.292461735679888e-05
1295,3359,3024.0,0.00017181367266493226,-7.075620161213096e-05,-4.8654052850890736e-05,0.00017422934260414254,-7.317187155134124e-05
1294,3359,3035.0,0.00017182685010077615,-7.310343444850206e-05,-5.562174932205498e-05,0.00017494497033256735,-7.622155468029325e-05
1293,3359,3036.0,0.00017873331544608888,-7.311611175598622e-05,-5.333428023317644e-05,0.00018152600493220612,-7.590880124210345e-05
1298,3360,3040.0,0.0001965080157796924,-9.015854798706862e-05,-8.988910940212723e-06,0.00019657846406199964,-9.022899626937584e-05
1297,3360,123.0,0.00019731560647819057,-9.019172886764532e-05,-4.326615760311906e-06,0.00019733188305788782,-9.020800544734257e-05
1296,3360,122.0,0.00019731560647819057,-8.55196456200431e-05,-3.518324804123365e-06,0.00019732654759188097,-8.553058673373349e-05
1299,3360,3029.0,0.00019650561798721395,-8.549392786270834e-05,-8.195770856856115e-06,0.00019656515397121894,-8.555346384671333e-05
1302,3361,3039.0,0.0001940703460417601,-8.88962779422487e-05,-2.1900577255121352e-05,0.00019449346939802924,-8.931940129851783e-05
1301,3361,3040.0,0.00019653306316531373,-8.890871972729615e-05,-1.7422559702063786e-05,0.00019679867196246168,-8.917432852444411e-05
1303,3361,3028.0,0.0001940531869634248,-8.439632143161777e-05,-1.9460812989228245e-05,0.00019439280139884165,-8.473593586703463e-05
1300,3361,3029.0,0.00019652575131664423,-8.442723025379647e-05,-1.4975003269644509e-05,0.00019672515450072325,-8.46266334378755e-05
1307,3362,3027.0,0.00019014595457551723,-8.225096136229421e-05,-2.9672629846494523e-05,0.00019095164323586339,-8.305665002264037e-05
1306,3362,3038.0,0.00019016375913804727,-8.639365467686801e-05,-3.361249406772784e-05,0.00019118132182659078,-8.741121736541151e-05
1305,3362,3039.0,0.00019412294180217154,-8.641753545750403e-05,-2.949190243085962e-05,0.00019489589840882677,-8.719049206415925e-05
1304,3362,3028.0,0.00019409536714369742,-8.226184122745562e-05,-2.55498400684377e-05,0.00019468464554106915,-8.285111962482735e-05
1310,3363,3034.0,0.00016456430192145384,-6.753527481167534e-05,-5.69359850148745e-05,0.00016800501517459096,-7.097598806481244e-05
1309,3363,3035.0,0.0001718265249444624,-6.756054697275261e-05,-5.5460186454536504e-05,0.0001749967371814372,-7.073075920972742e-05
1308,3363,3024.0,0.00017181270263469384,-6.595820428699522e-05,-4.81498817115171e-05,0.00017422586343550896,-6.837136508781034e-05
1311,3363,3023.0,0.0001645993074257321,-6.5947215943805e-05,-4.9680175650098496e-05,0.00016724531822261214,-6.859322674068505e-05
1314,3364,3033.0,0.00015747502981335731,-6.186010782558218e-05,-5.465671677799258e-05,0.00016082876351253028,-6.521384152475515e-05
1315,3364,3022.0,0.00015749578249396037,-6.10857963790261e-05,-4.74794101942436e-05,0.00016004438796708836,-6.363440185215409e-05
1313,3364,3034.0,0.000164578574163,-6.186694068721621e-05,-5.395343975869455e-05,0.00016774798234363031,-6.503634886784655e-05
1312,3364,3023.0,0.00016461303576992834,-6.109689683302599e-05,-4.6814198897857876e-05,0.00016701489453108942,-6.349875559418707e-05
1319,3365,3021.0,0.00015101477509301808,-5.648973300789045e-05,-4.206592438547353e-05,0.00015312524214471145,-5.8600200059583837e-05
1318,3365,3032.0,0.00015095812551137655,-5.646888115322173e-05,-4.859180972832189e-05,0.00015376589595397734,-5.9276651595822525e-05
1317,3365,3033.0,0.00015749211668858063,-5.646849520838e-05,-4.873347719755363e-05,0.00016023201767925794,-5.9208396199057306e-05
1316,3365,3022.0,0.0001575111502200117,-5.648952158010621e-05,-4.215285254794451e-05,0.00015956716501631355,-5.854553637640804e-05
1323,3366,3020.0,0.00014569619476025204,-5.2524159436424e-05,-3.3306935987734675e-05,0.0001470855957738976,-5.3913560450069556e-05
1322,3366,3031.0,0.00014566593702734386,-5.171282185904662e-05,-3.8710622667001036e-05,0.00014754604446610352,-5.3592929297806294e-05
1320,3366,3021.0,0.00015108278309176057,-5.251188723479788e-05,-3.419683173363098e-05,0.00015250876540810691,-5.393786955114422e-05
1321,3366,3032.0,0.00015103588615973359,-5.1701400379272405e-05,-3.959235145981977e-05,0.0001529507866512249,-5.3616300870763724e-05
1325,3367,3030.0,0.00014221907390174308,-4.5974823404591205e-05,-1.0229779552199756e-05,0.00014235798807827802,-4.611373758112614e-05
1326,3367,81.0,0.0001411110157109787,-4.599982152151414e-05,-8.206323835715807e-06,0.0001412009509046532,-4.6089756715188623e-05
1327,3367,82.0,0.0001411110157109787,-4.80188353696846e-05,-7.09311528150668e-06,0.00014117749729083975,-4.808531694954564e-05
1324,3367,3019.0,0.0001422243977663414,-4.799335036095723e-05,-9.126495285290137e-06,0.0001423338053228894,-4.8102757917505254e-05
1328,3368,3020.0,0.00014575333851228785,-4.954240553912688e-05,-2.3076457470813097e-05,0.0001464326633015995,-5.022173032843852e-05
1329,3368,3031.0,0.00014573317283110565,-4.804326245920682e-05,-2.6672456479018367e-05,0.00014664670211365745,-4.895679174175862e-05
1330,3368,3030.0,0.00014214787816845898,-4.806746103107058e-05,-2.5123073479419106e-05,0.00014297383678091755,-4.889341964352915e-05
1331,3368,3019.0,0.00014216504249090498,-4.9559854023366475e-05,-2.154205536108924e-05,0.00014276825663831134,-5.016306817077282e-05
1334,3369,3019.0,0.00014749949801472814,-4.957365643657363e-05,-2.0423836158681456e-05,0.00014802724495376242,-5.010140337560793e-05
1332,3369,3009.0,0.00014996019141114364,-5.0796916987729e-05,-1.922427901160156e-05,0.00015041936511673377,-5.125609069331913e-05
1333,3369,3020.0,0.00014994801947743443,-4.955927852429609e-05,-2.1682272546096667e-05,0.00015053539261945264,-5.01466516663143e-05
1335,3369,3008.0,0.00014750401864122844,-5.0811798304910456e-05,-1.7960997362314723e-05,0.0001479098594412548,-5.121763910493683e-05
1336,3370,3010.0,0.00015396532558515372,-5.317901406449196e-05,-2.8543100302955626e-05,0.00015494396401138217,-5.415765249072039e-05
1337,3370,3021.0,0.0001539539589169455,-5.253641362735844e-05,-3.2625438177551636e-05,0.00015523471819153646,-5.381717290194941e-05
1338,3370,3020.0,0.0001498974935299751,-5.2546106478778805e-05,-3.1925585825876446e-05,0.00015114843894459937,-5.379705189340308e-05
1339,3370,3009.0,0.00014991755955833918,-5.3185257183844506e-05,-2.7866541914676416e-05,0.00015086895398659945,-5.413665161210478e-05
1340,3371,3012.0,0.00016481353869927332,-6.0331191620362646e-05,-3.930326724801915e-05,0.00016651594810395713,-6.203360102504646e-05
1341,3371,3023.0,0.0001648133837915248,-6.112152664884988e-05,-4.5112886548676415e-05,0.00016704332034785932,-6.335146320518441e-05
1343,3371,3011.0,0.00015907203047469147,-6.032508816012879e-05,-4.003947400186636e-05,0.00016088384639609884,-6.213690408153616e-05
1342,3371,3022.0,0.00015904328961886555,-6.11101821155071e-05,-4.58144560181277e-05,0.00016140155219181594,-6.346844468845748e-05
1347,3372,3010.0,0.00015394661029744135,-5.646839289950433e-05,-3.527679367943369e-05,0.00015541493274391318,-5.793671534597616e-05
1346,3372,3021.0,0.00015393219293321266,-5.650642231510921e-05,-4.045716304115982e-05,0.00015585903879690476,-5.84332681788013e-05
1345,3372,3022.0,0.00015906978283275605,-5.6506806486475696e-05,-4.047177767991898e-05,0.0001609528502635755,-5.838987391729515e-05
1344,3372,3011.0,0.0001590955155586055,-5.6468874079825286e-05,-3.5304539545583666e-05,0.000160531470092777,-5.790482861399676e-05
1350,3373,82.0,0.00014724950567459932,-4.802892970367991e-05,-6.370752311900827e-06,0.00014730145161964974,-4.8080875648730324e-05
1351,3373,83.0,0.00014724950567459932,-4.967938121001989e-05,-6.096810158525909e-06,0.00014729668284595672,-4.972655838137729e-05
1348,3373,3008.0,0.00014752274754068232,-4.9661738605347996e-05,-7.745970883463009e-06,0.000147598789191789,-4.973778025645465e-05
1349,3373,3019.0,0.00014752224423125087,-4.800819163791495e-05,-8.017394474348072e-06,0.00014760439463805882,-4.8090342044722903e-05
1352,3374,3013.0,0.0001707463626189733,-6.446701475085556e-05,-4.055045346988023e-05,0.00017248127624684673,-6.620192837872898e-05
1353,3374,3024.0,0.000170733361773531,-6.596962946298947e-05,-4.649910162204127e-05,0.00017299537339220217,-6.823164108166064e-05
1355,3374,3012.0,0.00016481346732326275,-6.444940328867449e-05,-4.198023440926809e-05,0.0001667193692984022,-6.635530526381395e-05
1354,3374,3023.0,0.00016481330803495495,-6.595922673116594e-05,-4.795415964496132e-05,0.00016727818004990257,-6.842409874611356e-05
1359,3375,3013.0,0.00017074480562728886,-6.85596474209692e-05,-4.127142428053893e-05,0.00017251122646721816,-7.032606826089851e-05
1358,3375,3024.0,0.0001707322522868874,-7.077627452818788e-05,-4.701698711623184e-05,0.00017299929354024562,-7.30433157815461e-05
1357,3375,3025.0,0.00017647618683192152,-7.080369289890192e-05,-4.487012640232721e-05,0.00017849517737244166,-7.282268343942205e-05
1356,3375,3014.0,0.0001764588886799998,-6.857212470748168e-05,-3.909739488013801e-05,0.000178008691206957,-7.012192723443886e-05
1360,3376,3015.0,0.0001816373213432733,-7.241844188836545e-05,-3.523619711698735e-05,0.000182853270396299,-7.363439094139118e-05
1363,3376,3014.0,0.00017645571732037265,-7.239089452477308e-05,-3.8026395800150065e-05,0.00017790004326195133,-7.383522046635176e-05
1362,3376,3025.0,0.00017647132281059866,-7.524904023843091e-05,-4.3231724054090034e-05,0.00017831404174083494,-7.709175916866719e-05
1361,3376,3026.0,0.00018164325575506426,-7.526013352922273e-05,-4.041681103423428e-05,0.00018322316307945323,-7.68400408536117e-05
1365,3377,3027.0,0.00018599856553112382,-7.91733767548744e-05,-3.3579720819914335e-05,0.00018705741904107579,-8.023223026482637e-05
1364,3377,3016.0,0.00018597766716610528,-7.575572161397964e-05,-2.921695429269032e-05,0.00018679050537362358,-7.656855982149793e-05
1367,3377,3015.0,0.00018163429518952947,-7.574184740524753e-05,-3.2588966493656436e-05,0.0001826617968913877,-7.676934910710577e-05
1366,3377,3026.0,0.00018163928593042727,-7.914425929001357e-05,-3.694461680253192e-05,0.00018294125099253093,-8.044622435211723e-05
1370,3378,3028.0,0.0001892393453209098,-8.440147779821818e-05,-1.8676591930774384e-05,0.00018955765473709953,-8.471978721440793e-05
1368,3378,3018.0,0.00019126742434406874,-8.027871390902995e-05,-1.2522761526417066e-05,0.00019141172419258684,-8.042301375754806e-05
1369,3378,3029.0,0.00019127240791142483,-8.44298879759423e-05,-1.4551766625116053e-05,0.0001914642875619276,-8.462176762644508e-05
1371,3378,3017.0,0.00018923426183464764,-8.025909574834375e-05,-1.6652109077781342e-05,0.00018949125199152944,-8.051608590522553e-05
1372,3379,3017.0,0.00018924636980652146,-7.843148310324313e-05,-2.1503286289746657e-05,0.0001896775296140308,-7.886264291075246e-05
1373,3379,3028.0,0.00018925457082727718,-8.226384352443558e-05,-2.4776438704987493e-05,0.00018981862033105927,-8.282789302821767e-05
1374,3379,3027.0,0.00018597485487318027,-8.225376477970705e-05,-2.859665119973138e-05,0.00018673489477708042,-8.30138046836072e-05
1375,3379,3016.0,0.0001859591114591972,-7.840252291698238e-05,-2.5316130535365557e-05,0.00018656381700921367,-7.900722846699884e-05
1377,3380,122.0,0.00019193166023668672,-8.55196456200431e-05,-3.4887506652437825e-06,0.0001919426269359537,-8.553061231931009e-05
1376,3380,121.0,0.00019193166023668672,-8.122088585589569e-05,-2.8124087361439294e-06,0.00019193889926246035,-8.122812488166933e-05
1378,3380,3029.0,0.00019125586525403724,-8.54960515306985e-05,-7.780321936809442e-06,0.00019131053646858267,-8.555072274524393e-05
1379,3380,3018.0,0.0001912542108312332,-8.11934385513301e-05,-7.113889106419129e-06,0.00019130064066409793,-8.123986838419483e-05
1380,3381,3000.0,0.00016043006860556397,-5.639650005067091e-05,-2.930612209308607e-05,0.00016141583553861127,-5.7382266983718215e-05
1381,3381,3011.0,0.00016042683630902244,-5.649417370976373e-05,-3.3334070083998815e-05,0.0001616999688224228,-5.776730622316407e-05
1383,3381,2999.0,0.00015644173335828664,-5.6395727307640645e-05,-2.937097066243663e-05,0.00015745023255812565,-5.740422650747965e-05
1382,3381,3010.0,0.00015642708057368553,-5.6492939011940795e-05,-3.338014548688053e-05,0.00015772741698144468,-5.779327541969995e-05
1387,3382,3000.0,0.00016042676450954332,-5.960081001843637e-05,-3.342603476730235e-05,0.00016168902290782816,-6.086306841672121e-05
1386,3382,3011.0,0.00016042305714452417,-6.034074419883936e-05,-3.804649640638466e-05,0.0001620502988144088,-6.196798586872399e-05
1385,3382,3012.0,0.00016500457232577342,-6.034647819849509e-05,-3.734850583915093e-05,0.00016654157577744588,-6.188348165016756e-05
1384,3382,3001.0,0.00016501707389277726,-5.9608593508986805e-05,-3.273943193230649e-05,0.00016620375655533403,-6.079527617154359e-05
1391,3383,3002.0,0.00016981091800647146,-6.653250891405484e-05,-3.4687538995797906e-05,0.00017107688788999554,-6.779847879757891e-05
1389,3383,3014.0,0.00017449331302613752,-6.858163415871367e-05,-3.7404734324340046e-05,0.0001759238678992369,-7.001218903181306e-05
1388,3383,3003.0,0.00017449612424283575,-6.655190062173396e-05,-3.270739175068038e-05,0.00017560056630028234,-6.765634267918055e-05
1390,3383,3013.0,0.00016981656940291646,-6.857020301441875e-05,-3.939964199981341e-05,0.00017143355635531877,-7.018718996682105e-05
1393,3384,3013.0,0.00016981570908193577,-6.448877492761358e-05,-3.868683176454354e-05,0.00017140190038643051,-6.607496623210831e-05
1392,3384,3002.0,0.0001698098950609346,-6.307250024390718e-05,-3.383831811447466e-05,0.00017103267003367302,-6.429527521664562e-05
1394,3384,3012.0,0.00016499730670326354,-6.4472249629041e-05,-4.003722517061559e-05,0.00016673061073423865,-6.62055536600161e-05
1395,3384,3001.0,0.0001650103986831162,-6.306343884943089e-05,-3.520875199912671e-05,0.00016636123011607167,-6.441427028238635e-05
1399,3385,2998.0,0.00015346346926920678,-5.371685293317026e-05,-2.308194864450528e-05,0.0001541043763064437,-5.435775997040717e-05
1398,3385,3009.0,0.00015345887072642237,-5.3202943293816454e-05,-2.6097042689647056e-05,0.0001542794891627421,-5.4023561730136196e-05
1397,3385,3010.0,0.0001564516860123144,-5.319794413026675e-05,-2.6636360052900276e-05,0.0001572943483120068,-5.4040606429959164e-05
1396,3385,2999.0,0.0001564626991223659,-5.371137190879067e-05,-2.3625186857988492e-05,0.0001571245283617869,-5.437320114821167e-05
1402,3386,3016.0,0.00018234326206184332,-7.841111320542116e-05,-2.4150504466339488e-05,0.00018290125981300376,-7.896911095658158e-05
1401,3386,3017.0,0.00018505731888022537,-7.843746249156267e-05,-2.0679317351432035e-05,0.00018546242909413236,-7.884257270546967e-05
1400,3386,3006.0,0.0001850502353105952,-7.493062674537358e-05,-1.7962584042319337e-05,0.0001853601333889124,-7.52405248236908e-05
1403,3386,3005.0,0.00018234017014803023,-7.49137255839267e-05,-2.1435979823216256e-05,0.00018278594219242817,-7.535949762832465e-05
1407,3387,3004.0,0.00017875085967349524,-7.263399983441717e-05,-2.75305928987943e-05,0.0001795023711891507,-7.338551135007263e-05
1406,3387,3015.0,0.00017876107253332434,-7.574776061761591e-05,-3.113247232180614e-05,0.00017970959760187536,-7.669628568616693e-05
1405,3387,3016.0,0.00018234769846970592,-7.57604201315492e-05,-2.805414077450318e-05,0.00018310777139519157,-7.652049305703485e-05
1404,3387,3005.0,0.00018234360806379177,-7.26589743809913e-05,-2.4461261901167564e-05,0.00018292887974643912,-7.324424606363864e-05
1411,3388,3003.0,0.00017449651370799553,-6.979241254140452e-05,-3.205873143208868e-05,0.0001755438134462398,-7.083971227964879e-05
1410,3388,3014.0,0.00017449395204528328,-7.240706948465102e-05,-3.633954510666318e-05,0.0001758239255026939,-7.373704294206165e-05
1409,3388,3015.0,0.00017876850405459943,-7.243239921347677e-05,-3.376921335674016e-05,0.00017989833054444775,-7.356222570332509e-05
1408,3388,3004.0,0.00017875634521376943,-6.980587250491466e-05,-2.94779675180162e-05,0.00017962727054307304,-7.067679783421827e-05
1415,3389,3007.0,0.0001867206150789314,-7.729088874824729e-05,-6.126087845079696e-06,0.00018675614752876947,-7.732642119808537e-05
1414,3389,3018.0,0.00018672106614211863,-8.11960550179475e-05,-6.6745341119689786e-06,0.00018676262983097328,-8.123761870680216e-05
1413,3389,121.0,0.00018727131756977183,-8.122088585589569e-05,-2.782701392305565e-06,0.00018727852748034717,-8.122809576647104e-05
1412,3389,120.0,0.00018727131756977183,-7.731330849057753e-05,-2.2307213699032484e-06,0.0001872760193068672,-7.731801022767288e-05
1417,3390,3018.0,0.00018672549305280344,-8.028066646851827e-05,-1.2089287942405012e-05,0.00018686226523130018,-8.041743864701502e-05
1419,3390,3006.0,0.00018504036876314635,-7.648875441391794e-05,-1.4161763816849995e-05,0.00018523194279277481,-7.66803284435464e-05
1418,3390,3017.0,0.0001850447546922424,-8.026285224327413e-05,-1.5839716698636767e-05,0.00018528096488516478,-8.049906243619654e-05
1416,3390,3007.0,0.00018672411588950728,-7.651444641286808e-05,-1.040812989420211e-05,0.00018682695688463578,-7.661728740799656e-05
1420,3391,2998.0,0.00015347441666656823,-5.182751973337987e-05,-1.589939972880018e-05,0.00015378178470182153,-5.213488776863317e-05
1423,3391,2997.0,0.0001519134737703663,-5.183663540268813e-05,-1.4883813742120385e-05,0.00015218492536435137,-5.2108086996673195e-05
1422,3391,3008.0,0.00015191066761303116,-5.0830664968988266e-05,-1.645011743178857e-05,0.0001522438044719684,-5.116380182792552e-05
1421,3391,3009.0,0.0001534720186050385,-5.08185824032284e-05,-1.7470590010084525e-05,0.0001538448520768258,-5.119141587501572e-05
1427,3392,84.0,0.00015220826987747023,-5.103118658292239e-05,-5.1849119480054835e-06,0.0001522413330184709,-5.106424972392307e-05
1426,3392,83.0,0.00015220826987747023,-4.969273898327317e-05,-4.9035384796572434e-06,0.00015223803835795902,-4.9722507463761966e-05
1425,3392,3008.0,0.00015192895448097685,-4.967849981370458e-05,-6.229202756312131e-06,0.0001519770599820334,-4.9726605314761116e-05
1424,3392,2997.0,0.00015192845058471273,-5.101793648302133e-05,-6.513181102757448e-06,0.0001519806941982964,-5.1070180096605e-05
1429,3393,2997.0,0.00015552050359310225,-5.103570713936437e-05,-4.76376596181315e-06,0.00015554796639516045,-5.106316994142257e-05
1428,3393,2986.0,0.00015552016034381497,-5.211090606846273e-05,-5.4482279845731885e-06,0.00015555589449594138,-5.2146640220589134e-05
1430,3393,84.0,0.00015619857025002772,-5.104631866076001e-05,-3.704522756337557e-06,0.00015621512360493807,-5.106287201567036e-05
1431,3393,85.0,0.00015619857025002772,-5.2119848739690285e-05,-4.38738361709665e-06,0.00015622166830469854,-5.2142946794361095e-05
1433,3394,2998.0,0.00015641713239018047,-5.184553146129307e-05,-1.3947559387863118e-05,0.00015665039164290548,-5.2078790714018064e-05
1435,3394,2986.0,0.0001555167604053748,-5.266824539761983e-05,-1.222286715199224e-05,0.00015569601197579593,-5.284749696804094e-05
1434,3394,2997.0,0.00015551630473271483,-5.1852895679448054e-05,-1.313038331853325e-05,0.00015572394707350428,-5.206053802023749e-05
1432,3394,2987.0,0.00015641894112016766,-5.2660966904199014e-05,-1.3041162857567587e-05,0.00015662210128280157,-5.286412706683294e-05
1438,3395,2998.0,0.0001564028214346199,-5.37380632900852e-05,-2.1135732584369503e-05,0.00015693293615503065,-5.426817801049593e-05
1437,3395,2999.0,0.00015854540448425225,-5.373385159997688e-05,-2.155142579913019e-05,0.00015909099861190348,-5.4279445727628106e-05
1436,3395,2988.0,0.00015854700621576855,-5.4129537318934446e-05,-1.939292852581138e-05,0.00015898817751527759,-5.457070861844349e-05
1439,3395,2987.0,0.000156407108538143,-5.413254407349343e-05,-1.898430142795041e-05,0.00015683419446553033,-5.455963000088076e-05
1443,3396,2988.0,0.00015854342685474939,-5.629591518720644e-05,-2.4218747534633916e-05,0.0001592238143688699,-5.6976302701326954e-05
1442,3396,2999.0,0.00015854115276223222,-5.641253743040252e-05,-2.7283823470514775e-05,0.00015940346950340717,-5.727485417157747e-05
1441,3396,3000.0,0.00016158196429946802,-5.6413461880138035e-05,-2.7192416972934147e-05,0.00016242667627400204,-5.7258173854672046e-05
1440,3396,2989.0,0.0001615892074342787,-5.629698364078737e-05,-2.413093658071297e-05,0.00016225529759924802,-5.69630738057567e-05
1445,3397,3003.0,0.00017281879021594426,-6.656866033640776e-05,-3.094116675171621e-05,0.000173814446496217,-6.756431661668051e-05
1446,3397,3002.0,0.000169021097950703,-6.655107724967831e-05,-3.274094448463922e-05,0.0001701532797358189,-6.768325903479423e-05
1447,3397,2991.0,0.0001690261233021587,-6.471041452256427e-05,-2.893147804647724e-05,0.00016991799146538186,-6.560228268578744e-05
1444,3397,2992.0,0.00017281316072951278,-6.472087596258127e-05,-2.712212213829392e-05,0.00017358486842708478,-6.549258366015328e-05
1448,3398,2991.0,0.00016902731674232918,-6.181477197544704e-05,-2.8023545737929307e-05,0.0001698746999974235,-6.266215523054136e-05
1449,3398,3002.0,0.00016902222114998614,-6.308509374868795e-05,-3.1885471443188033e-05,0.00017011216032315616,-6.417503292185799e-05
1450,3398,3001.0,0.00016518313132470822,-6.307692530623714e-05,-3.312400801922357e-05,0.00016637857001503177,-6.427236399656067e-05
1451,3398,2990.0,0.00016518222665229702,-6.180359647202605e-05,-2.925491902205273e-05,0.00016612096956827074,-6.274233938799978e-05
1455,3399,2989.0,0.00016158078420093068,-5.892809270011405e-05,-2.7697118210543922e-05,0.0001624471079298149,-5.979441642899826e-05
1452,3399,2990.0,0.00016518170631273457,-5.893272003987238e-05,-2.7030038801774446e-05,0.00016599377493730852,-5.9744788664446334e-05
1453,3399,3001.0,0.00016518255633179773,-5.963056853170161e-05,-3.066550376751081e-05,0.0001662234643789073,-6.0671476578811194e-05
1454,3399,3000.0,0.00016157221531717058,-5.9623231864430184e-05,-3.132027614253987e-05,0.0001626754155716022,-6.072643211886181e-05
1456,3400,2996.0,0.00018282600547679965,-7.313531986364425e-05,-8.588507563638383e-06,0.00018289802974852287,-7.320734413536747e-05
1457,3400,3007.0,0.0001828272824386135,-7.651725421444301e-05,-9.97006010712044e-06,0.00018292306756740237,-7.661303934323189e-05
1458,3400,3006.0,0.00018144850758211768,-7.649427524756839e-05,-1.3328184348855576e-05,0.00018162056326386536,-7.666633092931606e-05
1459,3400,2995.0,0.0001814476513557232,-7.311716692345706e-05,-1.1947580125969831e-05,0.0001815877592376338,-7.325727480536762e-05
1460,3401,2995.0,0.00018144948129781625,-7.179780936664352e-05,-1.4903518198447182e-05,0.00018166855854317537,-7.201688661200266e-05
1461,3401,3006.0,0.0001814508630841303,-7.493456370181252e-05,-1.71329829182997e-05,0.00018173677259385114,-7.522047321153336e-05
1462,3401,3005.0,0.00017922688598893326,-7.491940874256573e-05,-2.0248511773749735e-05,0.00017962956118848595,-7.532208394211843e-05
1463,3401,2994.0,0.00017922253728134088,-7.177594412746078e-05,-1.8018444219763258e-05,0.00017954549454059953,-7.209890138671943e-05
1467,3402,2993.0,0.0001762889740328645,-6.985388410150442e-05,-2.3076526076046353e-05,0.00017682866164445463,-7.039357171309455e-05
1466,3402,3004.0,0.00017628914785137355,-7.264595869490816e-05,-2.6027157851569354e-05,0.00017696760951382617,-7.332442035736078e-05
1464,3402,2994.0,0.00017922698974218816,-6.98682116324898e-05,-2.0311686571189945e-05,0.00017964036692319976,-7.02815888135014e-05
1465,3402,3005.0,0.00017923274486137796,-7.266840999635215e-05,-2.3265622845164945e-05,0.00017976880805616887,-7.320447319114306e-05
1471,3403,2992.0,0.00017281269307746006,-6.744757543965165e-05,-2.6800624350487544e-05,0.0001735577734965735,-6.81926558587651e-05
1469,3403,3004.0,0.0001762892625088424,-6.981358518787743e-05,-2.7973785012441483e-05,0.00017708163573199227,-7.06059584110273e-05
1468,3403,2993.0,0.00017628905714735243,-6.7466227068846e-05,-2.4487643727326555e-05,0.00017690252010267829,-6.807969002417186e-05
1470,3403,3003.0,0.00017281784275042546,-6.980149790950234e-05,-3.0293185892393522e-05,0.0001737597793360449,-7.074343449512178e-05
1473,3404,120.0,0.00018327898115120633,-7.731330849057753e-05,-2.2077621841861544e-06,0.00018328365715908866,-7.731798449845985e-05
1474,3404,3007.0,0.000182823337922971,-7.729325555226028e-05,-5.692115528629915e-06,0.0001828544742500263,-7.732439187931557e-05
1475,3404,2996.0,0.00018282291627287682,-7.379424894499974e-05,-5.238126783377924e-06,0.00018284964394199268,-7.382097661411558e-05
1472,3404,119.0,0.00018327898115120633,-7.381567958581114e-05,-1.7507266344897899e-06,0.00018328196157892907,-7.381866001353389e-05
1478,3405,2991.0,0.00016836820121943013,-6.472163194108074e-05,-2.6964412044361502e-05,0.00016914543710802102,-6.549886782967164e-05
1477,3405,2992.0,0.0001713938128528145,-6.47308847944431e-05,-2.5362236242628018e-05,0.0001720729014744134,-6.540997341604201e-05
1476,3405,2981.0,0.0001713954890028603,-6.310248038802216e-05,-2.231902188790276e-05,0.00017192536105437508,-6.363235243953694e-05
1479,3405,2980.0,0.00016836633967967272,-6.309044345158992e-05,-2.3917889793094275e-05,0.00016898259550878294,-6.370669928070013e-05
1482,3406,2992.0,0.00017139398952812084,-6.746149040650278e-05,-2.504306392327291e-05,0.00017204861228059453,-6.811611315897648e-05
1483,3406,2981.0,0.00017139554057925234,-6.537677162650902e-05,-2.22266605199228e-05,0.00017191602039835291,-6.589725144560961e-05
1481,3406,2993.0,0.00017419961320258278,-6.747804557329974e-05,-2.2987833595812957e-05,0.00017474502006962304,-6.802345244034e-05
1480,3406,2982.0,0.00017419622747613076,-6.538776961691087e-05,-2.0167581369967547e-05,0.00017461989242795867,-6.581143456873877e-05
1487,3407,2982.0,0.00017419505386268128,-6.738750278063835e-05,-1.9186713812386832e-05,0.00017457541172420708,-6.776786064216415e-05
1486,3407,2993.0,0.00017419792786638102,-6.98615420563831e-05,-2.157987050259197e-05,0.0001746740250823786,-7.033763927238069e-05
1485,3407,2994.0,0.00017657934454059165,-6.987421455090028e-05,-1.913329034466428e-05,0.0001769501373701524,-7.024500738046106e-05
1484,3407,2983.0,0.00017657895217638954,-6.740422430240696e-05,-1.6741492830014016e-05,0.00017686580437812236,-6.769107650413979e-05
1490,3408,2996.0,0.00017951123206124005,-7.379675811815791e-05,-4.809147592215726e-06,0.00017953405587430016,-7.381958193121804e-05
1489,3408,119.0,0.0001798803332914939,-7.381567958581114e-05,-1.7298581480890574e-06,0.00017988328207101684,-7.38186283653341e-05
1491,3408,2985.0,0.00017951116120197303,-7.070400508158171e-05,-4.439296776175428e-06,0.00017953085006172008,-7.072369394132878e-05
1488,3408,118.0,0.0001798803332914939,-7.072119059721436e-05,-1.359207813442058e-06,0.0001798821762893585,-7.072303359507897e-05
1492,3409,2985.0,0.000179511657328188,-7.014984967288387e-05,-7.033081723499101e-06,0.00017956117880790632,-7.019937115260219e-05
1493,3409,2996.0,0.00017951187328659217,-7.31375259630075e-05,-8.161510774142618e-06,0.00017957776785228189,-7.320342052869722e-05
1494,3409,2995.0,0.00017838720539418182,-7.312147757536423e-05,-1.1131657107640164e-05,0.00017851031562241188,-7.32445878035943e-05
1495,3409,2984.0,0.00017838607110274175,-7.013153322383286e-05,-1.000480117519095e-05,0.0001784867234521442,-7.023218557323529e-05
1498,3410,2994.0,0.00017657896822577813,-7.17840557525016e-05,-1.6838625866619087e-05,0.0001768640491448475,-7.206913667157097e-05
1496,3410,2984.0,0.0001783883395250574,-6.902104591944015e-05,-1.2265471303678395e-05,0.00017854026329172022,-6.917296968610299e-05
1497,3410,2995.0,0.00017839016722718702,-7.180338948438621e-05,-1.4083235869368979e-05,0.00017858819458231115,-7.200141683951034e-05
1499,3410,2983.0,0.00017657867015086464,-6.90066438533331e-05,-1.5021750497986718e-05,0.00017680816505906622,-6.923613876153468e-05
1500,3411,2978.0,0.00016255515074698542,-5.617950083887065e-05,-1.9698704721446414e-05,0.00016299775935446647,-5.6622109446351695e-05
1501,3411,2989.0,0.00016255479963017206,-5.631687445331157e-05,-2.198235327447156e-05,0.00016310536353371797,-5.686743835685747e-05
1502,3411,2988.0,0.00016028826572111348,-5.6315617425380495e-05,-2.209780243531915e-05,0.00016085040806286852,-5.6877759767135535e-05
1503,3411,2977.0,0.00016029193868299365,-5.6178614506982886e-05,-1.9820116311772534e-05,0.00016074467592691342,-5.663135175090265e-05
1504,3412,2979.0,0.00016533878038248358,-5.8322144372602335e-05,-2.2138608619227387e-05,0.00016588528100658915,-5.8868644996707905e-05
1505,3412,2990.0,0.00016533485227987195,-5.894672956365541e-05,-2.4938458388920094e-05,0.000166025965823391,-5.963784310717446e-05
1507,3412,2978.0,0.00016255468348655216,-5.831727366486356e-05,-2.273804693294539e-05,0.00016313834307705077,-5.8900933255362186e-05
1506,3412,2989.0,0.00016255425263944894,-5.894257555523545e-05,-2.5540328064327118e-05,0.0001632880717206933,-5.9676394636479815e-05
1511,3413,2979.0,0.00016533600560101258,-6.068249823620208e-05,-2.4119094314520566e-05,0.0001659776388388414,-6.132413147403089e-05
1510,3413,2990.0,0.00016533172850803353,-6.182203692878615e-05,-2.7168340189959042e-05,0.00016614119971875615,-6.263150813950879e-05
1509,3413,2991.0,0.00016836764769209635,-6.183206267736151e-05,-2.60599999112013e-05,0.00016910283712853776,-6.256725211380292e-05
1508,3413,2980.0,0.0001683657804816092,-6.068910065991449e-05,-2.30038959050851e-05,0.00016894189958817612,-6.12652197664814e-05
1515,3414,2976.0,0.00015882903467320385,-5.445578061075726e-05,-1.547183791565437e-05,0.00015910925115633737,-5.473599709389077e-05
1513,3414,2988.0,0.00016029605024545568,-5.4145934167255504e-05,-1.72674132679412e-05,0.00016064309260307655,-5.4492976524876376e-05
1512,3414,2977.0,0.00016029843558005262,-5.4453372880125636e-05,-1.5788853042268637e-05,0.00016058824910323378,-5.47431864033068e-05
1514,3414,2987.0,0.00015882841656605527,-5.4148272771622954e-05,-1.6951098039112928e-05,0.00015916517419762297,-5.448503040319066e-05
1517,3415,2986.0,0.00015844189072725177,-5.2126707612621054e-05,-3.5881814364441093e-06,0.0001584571756648031,-5.214199255017237e-05
1516,3415,2975.0,0.0001584412105918411,-5.298166361981352e-05,-4.522418262187223e-06,0.0001584653919015403,-5.3005844929512706e-05
1518,3415,85.0,0.00015936683762555136,-5.2133809704785206e-05,-2.7489178129271215e-06,0.00015937576931221225,-5.2142741391446095e-05
1519,3415,86.0,0.00015936683762555136,-5.298809468870676e-05,-3.6817990463938917e-06,0.00015938279513770038,-5.300405220085579e-05
1523,3416,2975.0,0.00015843724323332236,-5.3334579562808486e-05,-9.968622401059467e-06,0.0001585544902351022,-5.345182656458833e-05
1522,3416,2986.0,0.00015843695435905952,-5.268517439857437e-05,-1.0364683662415861e-05,0.00015856408695438074,-5.281230699389558e-05
1521,3416,2987.0,0.00015883089716130054,-5.267937847999217e-05,-1.1013383696396959e-05,0.00015897416740505768,-5.282264872374931e-05
1520,3416,2976.0,0.00015883106314672126,-5.3329992425661145e-05,-1.061638308370535e-05,0.00015896378911373112,-5.3462718392671005e-05
1526,3417,2975.0,0.0001607807185736675,-5.334808615399642e-05,-8.086238880434886e-06,0.00016085703241209157,-5.34243999924205e-05
1525,3417,2976.0,0.0001608042434943181,-5.334445286190887e-05,-8.597253590751641e-06,0.0001608904954922665,-5.3430704859857284e-05
1524,3417,2965.0,0.0001608042643071097,-5.3859815500962834e-05,-8.573972692642903e-06,0.00016088984419561575,-5.3945395389468886e-05
1527,3417,2964.0,0.0001607807222067173,-5.3863244390418624e-05,-8.062594334399924e-06,0.00016085640860348478,-5.393893078718611e-05
1530,3418,2976.0,0.00016079998454265085,-5.447180403074785e-05,-1.345472995182076e-05,0.00016101001358370936,-5.468183307180635e-05
1531,3418,2965.0,0.0001608008105753087,-5.4702057214644486e-05,-1.2513005839837315e-05,0.00016098229721531282,-5.488354385464861e-05
1529,3418,2977.0,0.00016173589699551984,-5.447000052412733e-05,-1.3690890953906368e-05,0.00016195241857389067,-5.468652210249817e-05
1528,3418,2966.0,0.00016173610175241465,-5.4700670153354984e-05,-1.2747311365507615e-05,0.00016192363143613077,-5.488819983707109e-05
1535,3419,2966.0,0.00016173538040255308,-5.6055625508321305e-05,-1.607197260277771e-05,0.00016203148719692102,-5.635173230268925e-05
1534,3419,2977.0,0.00016173502328127153,-5.619236207070474e-05,-1.7717808765395143e-05,0.00016209455095873333,-5.655188974816652e-05
1533,3419,2978.0,0.00016336800210357198,-5.619324531225148e-05,-1.7592768936300785e-05,0.00016371985190556388,-5.6545095114243394e-05
1532,3419,2967.0,0.0001633698824448145,-5.605654877777872e-05,-1.5947288011005875e-05,0.00016365925170540785,-5.634591803837205e-05
1539,3420,2967.0,0.00016336694788206697,-5.777301078824324e-05,-1.851703281254436e-05,0.00016375389918318097,-5.815996208935726e-05
1538,3420,2978.0,0.00016336452779200914,-5.833380903836878e-05,-2.0635286127803493e-05,0.00016384366618480594,-5.881294743116556e-05
1537,3420,2979.0,0.00016547119677658454,-5.8338182962671715e-05,-2.0093902215390612e-05,0.00016592130583151536,-5.878829201760254e-05
1536,3420,2968.0,0.00016547091544057732,-5.777614694592385e-05,-1.7971690416132124e-05,0.00016583201770278754,-5.813724920813407e-05
1540,3421,2969.0,0.00016782311998043693,-5.9704259975898336e-05,-1.872879436696194e-05,0.00016820788199378174,-6.008902198924316e-05
1543,3421,2968.0,0.00016547114505369512,-5.969766845246731e-05,-1.9703545208821054e-05,0.0001659013659706295,-6.012788936940168e-05
1542,3421,2979.0,0.00016547145884303186,-6.0694442209432346e-05,-2.2070514314502998e-05,0.0001660086236144218,-6.123160698082229e-05
1541,3421,2980.0,0.00016782127792974375,-6.07002091138777e-05,-2.1094713010933863e-05,0.000168307056095566,-6.118598727969996e-05
1546,3422,2980.0,0.00016782056562311904,-6.310456885915506e-05,-2.2011167928491374e-05,0.00016834389111169355,-6.362789434772957e-05
1545,3422,2981.0,0.0001702102435422279,-6.3115119602047e-05,-2.0607740510207584e-05,0.00017066438831812617,-6.356926437794526e-05
1544,3422,2970.0,0.00017020882055437492,-6.168442716131804e-05,-1.8202894242465382e-05,0.00017056548952924891,-6.204109613619204e-05
1547,3422,2969.0,0.00016782243513290018,-6.167702413406692e-05,-1.96096564222079e-05,0.00016824056172330765,-6.20951507244744e-05
1550,3423,86.0,0.0001618645226740766,-5.300112651513496e-05,-1.9830994163348627e-06,0.00016186909832351573,-5.300570216457408e-05
1549,3423,2975.0,0.0001607815524089758,-5.299607019898674e-05,-2.6413266670547927e-06,0.00016078971081704313,-5.300422860705407e-05
1548,3423,2964.0,0.00016078138497942706,-5.3668869266142345e-05,-3.734727335034352e-06,0.0001607976441474028,-5.368512843411809e-05
1551,3423,87.0,0.0001618645226740766,-5.367316047700957e-05,-3.0751537555512125e-06,0.0001618754906975005,-5.368412850043346e-05
1554,3424,2983.0,0.0001743514169157156,-6.90125085253407e-05,-1.3883929213406214e-05,0.00017454927583979244,-6.921036744941753e-05
1552,3424,2973.0,0.0001758090803851977,-6.659987123302781e-05,-1.0013235423798417e-05,0.00017591244099679975,-6.670323184462985e-05
1553,3424,2984.0,0.00017580919471903785,-6.902507819818608e-05,-1.1477701488764834e-05,0.00017594363804050348,-6.915952151965173e-05
1555,3424,2972.0,0.00017435033980697052,-6.658567298690077e-05,-1.2420073786876965e-05,0.00017451029502536683,-6.674562820529707e-05
1556,3425,2974.0,0.00017671672936045327,-6.754138173846433e-05,-5.7115387470435455e-06,0.00017675011332542764,-6.75747657034387e-05
1557,3425,2985.0,0.0001767170373740358,-7.015226475395234e-05,-6.623153743413272e-06,0.00017676145184208723,-7.01966792220038e-05
1558,3425,2984.0,0.0001758090181451415,-7.013628851791955e-05,-9.215643071326792e-06,0.00017589531607966602,-7.022258645244408e-05
1559,3425,2973.0,0.0001758089469867444,-6.752807514747657e-05,-8.304283405751985e-06,0.0001758797757650937,-6.759890392582586e-05
1560,3426,117.0,0.0001770162540659279,-6.802085830101047e-05,-1.0419181051355558e-06,0.00017701736164145028,-6.802196587653284e-05
1561,3426,118.0,0.0001770162540659279,-7.072119059721436e-05,-1.3432382078757375e-06,0.00017701807481977576,-7.072301135106223e-05
1562,3426,2985.0,0.00017671616241663694,-7.070619540018111e-05,-4.030888247069349e-06,0.00017673257865952582,-7.072261164306998e-05
1563,3426,2974.0,0.00017671606071740175,-6.800616884048453e-05,-3.7305136556507485e-06,0.00017673027675713075,-6.802038488021352e-05
1564,3427,2971.0,0.000172440361695101,-6.357674481024086e-05,-1.6476039352888647e-05,0.00017272755481134207,-6.386393792648192e-05
1565,3427,2982.0,0.00017243987051128256,-6.539540455461018e-05,-1.8718519457813602e-05,0.00017280760617677303,-6.576314022010064e-05
1567,3427,2970.0,0.00017020886210820517,-6.356532126567093e-05,-1.8272032269227604e-05,0.00017056535870584066,-6.39218178633064e-05
1566,3427,2981.0,0.00017021018965520046,-6.538581360211488e-05,-2.0515296372306284e-05,0.00017065595544798502,-6.583157939489945e-05
1571,3428,2971.0,0.00017244050615703842,-6.523864883211327e-05,-1.5816985409783163e-05,0.00017270336119829547,-6.55015038733703e-05
1570,3428,2982.0,0.00017244008544071445,-6.739726437227176e-05,-1.7737880617809884e-05,0.00017276760254682563,-6.772478147838293e-05
1569,3428,2983.0,0.0001743526779825154,-6.741186904444607e-05,-1.5601059098963423e-05,0.00017460410048727852,-6.766329154920918e-05
1568,3428,2972.0,0.00017435126413684553,-6.52494094483119e-05,-1.3678806114564464e-05,0.00017454633613058352,-6.544448144204989e-05
1574,3429,2966.0,0.0001629121010543412,-5.606937583263352e-05,-1.4057532142347051e-05,0.0001631374751804461,-5.629474995873842e-05
1575,3429,2955.0,0.00016291298279836426,-5.593354455134345e-05,-1.2922765988265068e-05,0.00016310358733120326,-5.612414908418245e-05
1572,3429,2956.0,0.00016403962247370511,-5.5934246720446695e-05,-1.2793760437869667e-05,0.00016422548787098742,-5.6120112117728985e-05
1573,3429,2967.0,0.0001640395141631816,-5.6070293433929685e-05,-1.3930233606798507e-05,0.000164259696862866,-5.629047613361412e-05
1576,3430,2955.0,0.0001629150945754742,-5.488651493508305e-05,-1.0204439981812254e-05,0.0001630345536484533,-5.500597400806213e-05
1577,3430,2966.0,0.00016291468507862437,-5.471294451690875e-05,-1.0731260689505941e-05,0.00016304689489781744,-5.484515433610182e-05
1579,3430,2954.0,0.00016239223094907445,-5.488751636264751e-05,-1.0029177078349754e-05,0.00016250790081251488,-5.500318622608794e-05
1578,3430,2965.0,0.00016239214463577615,-5.4713988711824614e-05,-1.0555974396692872e-05,0.0001625203800941846,-5.4842224170233064e-05
1583,3431,88.0,0.00016380777000635552,-5.42077977133431e-05,-2.554507547171056e-06,0.00016381525259684225,-5.4215280303829825e-05
1582,3431,87.0,0.00016380777000635552,-5.368414668649392e-05,-1.3811943134533003e-06,0.00016380996282175616,-5.368633950189456e-05
1581,3431,2964.0,0.00016264507490296068,-5.3680805943644464e-05,-1.8926210559348441e-06,0.00016264921442836635,-5.368494546905015e-05
1580,3431,2953.0,0.00016264468442634327,-5.420484183877954e-05,-3.066970910937071e-06,0.00016265552816714326,-5.4215685579579525e-05
1584,3432,2954.0,0.0001623927482375877,-5.427583159828384e-05,-6.8717313327352385e-06,0.00016244721947550556,-5.43303028362017e-05
1587,3432,2953.0,0.0001626435514242089,-5.4278019275528274e-05,-6.473968633486683e-06,0.00016269184415620915,-5.432631200752853e-05
1586,3432,2964.0,0.0001626436354988381,-5.38756801208946e-05,-6.221019754620296e-06,0.00016268831177032882,-5.3920356392385315e-05
1585,3432,2965.0,0.00016239278970836568,-5.387300254738002e-05,-6.618542422454944e-06,0.00016244341589766826,-5.392362873668262e-05
1589,3433,2968.0,0.0001655884147413974,-5.7787127324370943e-05,-1.6021525328814264e-05,0.00016587533065498083,-5.807404323795437e-05
1588,3433,2957.0,0.00016558962915139835,-5.7298951356704575e-05,-1.4460587277526733e-05,0.0001658239267122544,-5.753324891756064e-05
1591,3433,2956.0,0.000164039418269833,-5.729613460496506e-05,-1.4936522050720043e-05,0.00016429112463117875,-5.754784096631083e-05
1590,3433,2967.0,0.00016403926951343646,-5.778439968314158e-05,-1.64974116034387e-05,0.000164345581821853,-5.809071199155811e-05
1592,3434,2958.0,0.00016737718265480623,-5.885140365454865e-05,-1.5105198783864219e-05,0.00016762904438533832,-5.910326538508075e-05
1593,3434,2969.0,0.00016737747910887152,-5.971635556435652e-05,-1.6908415364723893e-05,0.00016769177581893964,-6.003065227442464e-05
1594,3434,2968.0,0.0001655870667462108,-5.971064030104448e-05,-1.7755241851053014e-05,0.00016593633866493314,-6.005991221976682e-05
1595,3434,2957.0,0.0001655884676787919,-5.8847181373095634e-05,-1.5954323899421922e-05,0.00016587164427776,-5.913035797206373e-05
1598,3435,2971.0,0.00017098178082409934,-6.524551052190022e-05,-1.4440126042158377e-05,0.00017120224943854964,-6.54659791363505e-05
1596,3435,2961.0,0.00017249530155580544,-6.339602371777122e-05,-1.10772521710969e-05,0.00017262527448261086,-6.352599664457664e-05
1597,3435,2972.0,0.00017249511743154034,-6.525477195455561e-05,-1.2599183371374365e-05,0.0001726619189084037,-6.542157343141895e-05
1599,3435,2960.0,0.00017098119650684547,-6.338604201503383e-05,-1.2918543819717774e-05,0.00017115908207904248,-6.356392758723084e-05
1600,3436,2962.0,0.00017365694723537012,-6.451263256629727e-05,-8.099014308177383e-06,0.00017372577957874987,-6.458146490967702e-05
1601,3436,2973.0,0.00017365732968817804,-6.660418414546776e-05,-9.266872097923786e-06,0.00017374665215507795,-6.669350661236766e-05
1602,3436,2972.0,0.00017249526981169246,-6.659195782104737e-05,-1.1339990045653066e-05,0.0001726296591865367,-6.672634719589161e-05
1603,3436,2961.0,0.0001724954110378788,-6.450285809906769e-05,-1.017256477667196e-05,0.00017260451885588992,-6.46119659170788e-05
1604,3437,2963.0,0.00017438295137547368,-6.529540003166454e-05,-4.596093391707936e-06,0.000174404983124221,-6.531743178041184e-05
1605,3437,2974.0,0.00017438295215078535,-6.754329714790028e-05,-5.32570214551646e-06,0.00017441225825960252,-6.757260325671746e-05
1607,3437,2962.0,0.0001736565321248894,-6.528394250760102e-05,-6.830437615683261e-06,0.00017370533648780668,-6.533274687051832e-05
1606,3437,2973.0,0.00017365677091921573,-6.753183519144235e-05,-7.5593116056213785e-06,0.00017371598719667807,-6.759105146890467e-05
1611,3438,2958.0,0.00016737731748460937,-6.045778442129781e-05,-1.5925117452762544e-05,0.00016765526012308367,-6.073572705977211e-05
1610,3438,2969.0,0.00016737762376730432,-6.16865140108271e-05,-1.7788062735448048e-05,0.00016772243940240975,-6.203132964593253e-05
1609,3438,2970.0,0.00016922808537012416,-6.169287979350646e-05,-1.657735180023742e-05,0.00016952521673315,-6.19900111565323e-05
1608,3438,2959.0,0.0001692289254380658,-6.046468597524664e-05,-1.4714462909875886e-05,0.00016946434092870823,-6.070010146588906e-05
1615,3439,2959.0,0.00016922884920670864,-6.200778188322401e-05,-1.4884155203958357e-05,0.00016946811610022274,-6.224704877673809e-05
1613,3439,2971.0,0.00017098203320731566,-6.358538184339041e-05,-1.5098286123525111e-05,0.0001712247380830034,-6.382808671907815e-05
1612,3439,2960.0,0.0001709813556115237,-6.201514174403747e-05,-1.3333578423860813e-05,0.0001711719582580505,-6.220574439056429e-05
1614,3439,2970.0,0.00016922805416579576,-6.357553553520078e-05,-1.6647377473263643e-05,0.0001695252808990358,-6.38727622684408e-05
1617,3440,117.0,0.00017462273221611362,-6.802085830101047e-05,-1.0288487826632178e-06,0.00017462382283327927,-6.802194891817611e-05
1616,3440,116.0,0.00017462273221611362,-6.56937328858772e-05,-7.879678659747889e-07,0.00017462337812658915,-6.569437879635272e-05
1618,3440,2974.0,0.00017438295004500886,-6.800820948254534e-05,-3.344050051199256e-06,0.00017439448319942765,-6.801974263696413e-05
1619,3440,2963.0,0.00017438294978919374,-6.568248122471317e-05,-3.103316225766886e-06,0.0001743929784814317,-6.569250991695112e-05
1623,3441,2946.0,0.0001656895976736006,-5.812298896099667e-05,-1.2782956375859177e-05,0.00016587197228238654,-5.83053635697826e-05
1622,3441,2957.0,0.00016568947018410812,-5.885621019053537e-05,-1.4120249403520033e-05,0.00016591123433198234,-5.9077974338409586e-05
1621,3441,2958.0,0.0001670172064274411,-5.8859793127555955e-05,-1.3398764419433754e-05,0.00016721573177427536,-5.90583184743902e-05
1620,3441,2947.0,0.00016701794304570488,-5.812656741545504e-05,-1.2061129221401434e-05,0.0001671793578397572,-5.828798220950735e-05
1626,3442,2958.0,0.00016701675477372472,-6.046741237955322e-05,-1.4219566503939347e-05,0.00016723874709052296,-6.068940469635145e-05
1625,3442,2959.0,0.00016842709737369382,-6.047327713864435e-05,-1.3189862261919457e-05,0.0001686169488456858,-6.066312861063634e-05
1624,3442,2948.0,0.00016842700020846852,-5.942835911617819e-05,-1.1769747236352237e-05,0.00016857888896548514,-5.958024787319481e-05
1627,3442,2947.0,0.0001670175360515482,-5.9423878912266876e-05,-1.2800686953998337e-05,0.0001671982968111376,-5.9604639671856276e-05
1631,3443,2948.0,0.00016842701569134023,-6.068533585346981e-05,-1.199596200764986e-05,0.00016858393064410224,-6.0842250806231806e-05
1630,3443,2959.0,0.0001684271089870213,-6.201496242503381e-05,-1.3359499519749463e-05,0.00016862057031678308,-6.220842375479559e-05
1629,3443,2960.0,0.0001697821755106332,-6.202120062434786e-05,-1.2044619140489862e-05,0.00016993853115168422,-6.217755626539888e-05
1628,3443,2949.0,0.0001697825920366164,-6.0691656343094544e-05,-1.0680668913748501e-05,0.00016990626692365467,-6.081533123013283e-05
1635,3444,2950.0,0.00017096574423069674,-6.273379386283382e-05,-8.243862060363424e-06,0.0001710384231642058,-6.280647279634288e-05
1634,3444,2961.0,0.00017096588669792746,-6.450757296653034e-05,-9.162529975120922e-06,0.0001710549840025089,-6.459667027111176e-05
1633,3444,2962.0,0.000171879995902021,-6.451586851877558e-05,-7.402378760493341e-06,0.00017193793027608592,-6.457380289284049e-05
1632,3444,2951.0,0.00017188009008378084,-6.274193355488124e-05,-6.4831733101184796e-06,0.00017192486797300012,-6.278671144410052e-05
1639,3445,2949.0,0.0001697826657793655,-6.18154799953155e-05,-1.0439607128059957e-05,0.00016990025101679436,-6.193306523274435e-05
1638,3445,2960.0,0.00016978230237884662,-6.339296297360665e-05,-1.1629720983819284e-05,0.00016992722169899808,-6.353788229375813e-05
1637,3445,2961.0,0.0001709660268111007,-6.340143449780664e-05,-1.006646021995761e-05,0.00017107406967651305,-6.350947736321899e-05
1636,3445,2950.0,0.00017096584216753506,-6.182215215469632e-05,-8.875716124527502e-06,0.00017105041453456307,-6.190672452172433e-05
1641,3446,2956.0,0.0001645894655151565,-5.5944140984642626e-05,-1.0896154651897664e-05,0.00016472397315195602,-5.6078648621442134e-05
1643,3446,2944.0,0.00016386540351118217,-5.581818445311035e-05,-1.0286789589237068e-05,0.00016398575854054609,-5.593853948247428e-05
1642,3446,2955.0,0.00016386527227281542,-5.594349369867453e-05,-1.1016713597334304e-05,0.00016400322384108984,-5.608144526694896e-05
1640,3446,2945.0,0.0001645899405230747,-5.581880118542303e-05,-1.0165993656580542e-05,0.0001647071007139361,-5.593596137628442e-05
1644,3447,2946.0,0.0001656897183095723,-5.6887601071611144e-05,-1.1517501293479009e-05,0.00016583861505638483,-5.7036497818423664e-05
1645,3447,2957.0,0.00016568961247259576,-5.730960125925171e-05,-1.2627653813095758e-05,0.00016586823419873645,-5.74882229853924e-05
1647,3447,2945.0,0.0001645887925657871,-5.688572705530849e-05,-1.1931079510313228e-05,0.00016474936129538305,-5.704629578490443e-05
1646,3447,2956.0,0.00016458807125444464,-5.730716901133649e-05,-1.3039997515302626e-05,0.00016477948475489084,-5.7498582511782676e-05
1651,3448,2952.0,0.00017245398947800402,-6.37092613984864e-05,-2.5530556854403905e-06,0.0001724608892633015,-6.371616118378389e-05
1650,3448,2963.0,0.00017245400474125215,-6.568417914167245e-05,-2.744376726532185e-06,0.00017246191123638417,-6.569208563680446e-05
1649,3448,116.0,0.00017264470998703662,-6.56937328858772e-05,-7.783603068094516e-07,0.0001726453454732223,-6.569436837206287e-05
1648,3448,115.0,0.00017264470998703662,-6.371798714858098e-05,-5.868015615691918e-07,0.00017264507418953795,-6.371835135108232e-05
1652,3449,2952.0,0.00017245407770286763,-6.338772206421465e-05,-3.659868114514993e-06,0.00017246827559771495,-6.340191995906196e-05
1655,3449,2951.0,0.00017188018503518565,-6.337955153461459e-05,-5.55670481056092e-06,0.00017191299203353277,-6.34123585329617e-05
1653,3449,2963.0,0.00017245412369410818,-6.529718946363531e-05,-4.236679086108653e-06,0.00017247299638163086,-6.5316062151158e-05
1654,3449,2962.0,0.00017188012595600074,-6.528746439240157e-05,-6.133393795052303e-06,0.00017191977327011296,-6.532711170651378e-05
1659,3450,2943.0,0.00016366228113702812,-5.5024585967873704e-05,-7.96805889704882e-06,0.00016373483796846013,-5.509714279930571e-05
1656,3450,2944.0,0.00016386579770851168,-5.502400267228132e-05,-8.094260374595197e-06,0.00016394060095287975,-5.509880591664941e-05
1658,3450,2954.0,0.0001636621890444773,-5.489835181613195e-05,-8.17311183190614e-06,0.0001637385711076297,-5.497473387928435e-05
1657,3450,2955.0,0.00016386576078679296,-5.4897623302369394e-05,-8.299583219693266e-06,0.00016394445118691524,-5.4976313702491674e-05
1663,3451,2942.0,0.00016410836900312368,-5.459956700926171e-05,-5.157112205338979e-06,0.00016413876583155454,-5.462996383769257e-05
1662,3451,2953.0,0.00016410840927287584,-5.4287740447050005e-05,-4.7083891618040965e-06,0.00016413378329293508,-5.4313114467109246e-05
1661,3451,2954.0,0.00016366360685505415,-5.428604614890703e-05,-5.0150725145101625e-06,0.0001636924525353364,-5.431489182918928e-05
1660,3451,2943.0,0.00016366340528363205,-5.459804449550287e-05,-5.4641548416293735e-06,0.00016369759857731513,-5.463223778918595e-05
1666,3452,88.0,0.00016530436296819523,-5.42172145369434e-05,-9.093244964578084e-07,0.00016530530463814664,-5.4218156206894806e-05
1665,3452,2953.0,0.00016410871501633395,-5.42149413349963e-05,-1.3017170798390772e-06,0.0001641106553148857,-5.421688163354804e-05
1664,3452,2942.0,0.0001641086066390743,-5.46181212115731e-05,-2.50931819224115e-06,0.0001641158033711335,-5.462531794363229e-05
1667,3452,89.0,0.00016530436296819523,-5.462004389347557e-05,-2.115839580680602e-06,0.0001653094518457877,-5.462513277106805e-05
1669,3453,2948.0,0.0001677792472110104,-5.943445719924236e-05,-1.0355430777229512e-05,0.00016789717508746048,-5.955238507569243e-05
1671,3453,2936.0,0.0001667304024323417,-5.856102335087115e-05,-1.0158646973687643e-05,0.00016684486052296742,-5.8675481441496875e-05
1670,3453,2947.0,0.000166730223378226,-5.943072482742466e-05,-1.1214827631710403e-05,0.00016686916772039177,-5.956966916959045e-05
1668,3453,2937.0,0.00016777971294804376,-5.856457334710085e-05,-9.298792570865415e-06,0.00016787517713122419,-5.866003753028129e-05
1675,3454,2937.0,0.00016777960450120978,-5.958323123348336e-05,-9.545190547430391e-06,0.00016787974240621567,-5.9683369138489244e-05
1674,3454,2948.0,0.00016777914755971885,-6.0692082414035714e-05,-1.0581986529419854e-05,0.00016790161204760919,-6.0814546901926054e-05
1673,3454,2949.0,0.00016880968667528978,-6.069735522751306e-05,-9.484234908396696e-06,0.00016890762739805748,-6.0795295950280765e-05
1672,3454,2938.0,0.00016880975271625284,-5.95873592530893e-05,-8.446787292692038e-06,0.00016888782270065757,-5.9665429237494024e-05
1679,3455,2938.0,0.00016880976034515404,-6.050474852513574e-05,-8.327010281489232e-06,0.0001688853293288659,-6.058031750884759e-05
1678,3455,2949.0,0.00016880970201074144,-6.182054944279413e-05,-9.243415862118754e-06,0.0001689022814235365,-6.191312885558919e-05
1677,3455,2950.0,0.00016972078539418843,-6.182611316132058e-05,-7.939011684505136e-06,0.0001697888163137297,-6.189414408086185e-05
1676,3455,2939.0,0.00016972101154526156,-6.051000702356416e-05,-7.022152571140158e-06,0.00016977454382364384,-6.056353930194644e-05
1681,3456,115.0,0.0001710295268423324,-6.371798714858098e-05,-5.796368604640053e-07,0.0001710298846505709,-6.371834495681949e-05
1682,3456,2952.0,0.00017087999565236467,-6.371070295388119e-05,-2.2210948925757354e-06,0.00017088525284286596,-6.37159601443825e-05
1683,3456,2941.0,0.00017088000673944428,-6.20620381936053e-05,-2.0708461032136003e-06,0.00017088460908469511,-6.206664053885614e-05
1680,3456,114.0,0.0001710295268423324,-6.206828712313369e-05,-4.294155561625386e-07,0.00017102972461077162,-6.206848489157291e-05
1685,3457,2952.0,0.00017087991389917734,-6.338912028708072e-05,-3.32806811487933e-06,0.00017089173308672273,-6.34009394746261e-05
1684,3457,2941.0,0.00017087994719026554,-6.17956937057327e-05,-2.8771651528643454e-06,0.00017088884129158274,-6.180458780704991e-05
1686,3457,2951.0,0.00017043138492667796,-6.338229991276405e-05,-4.911589622916485e-06,0.00017045717581650602,-6.340809080259213e-05
1687,3457,2940.0,0.0001704313854053105,-6.178949861349853e-05,-4.460979539924401e-06,0.00017045280736197342,-6.181092057016146e-05
1691,3458,2939.0,0.00016972111752211146,-6.125829541469023e-05,-6.5928392443020175e-06,0.00016976815275297568,-6.130533064555443e-05
1688,3458,2940.0,0.00017043138470192675,-6.12638032979168e-05,-5.1231794265891445e-06,0.00017045970182001934,-6.129212041600941e-05
1689,3458,2951.0,0.00017043138394299846,-6.274487976431776e-05,-5.83767392187671e-06,0.00017046791542574833,-6.278141124706764e-05
1690,3458,2950.0,0.00016972094137678007,-6.273808780623815e-05,-7.307077842602823e-06,0.00016977834956176933,-6.27954959912274e-05
1692,3459,2934.0,0.00016503351986475495,-5.571371065604626e-05,-7.98695477897504e-06,0.000165105741136617,-5.5785931927908306e-05
1693,3459,2945.0,0.0001650334240319636,-5.582757495274757e-05,-8.39861797438256e-06,0.0001651132381492483,-5.590738907003229e-05
1694,3459,2944.0,0.00016462520611421993,-5.5827015088400465e-05,-8.509512598702928e-06,0.00016470729289397084,-5.590910186815139e-05
1695,3459,2933.0,0.00016462540608069062,-5.571326780695786e-05,-8.098243626398355e-06,0.00016469979090867523,-5.578765263494248e-05
1696,3460,2935.0,0.0001657753655897366,-5.654061049473484e-05,-9.066567647950628e-06,0.00016586776616626722,-5.663301107126546e-05
1697,3460,2946.0,0.0001657749460804009,-5.689522853740157e-05,-9.814506374019455e-06,0.00016588304070705857,-5.7003323164059216e-05
1698,3460,2945.0,0.00016503301331423576,-5.6893652942738965e-05,-1.016304816080834e-05,0.00016514930561707306,-5.7009945245576265e-05
1699,3460,2934.0,0.00016503318734013232,-5.653914647459735e-05,-9.415461119646187e-06,0.00016513316702038405,-5.66391261548491e-05
1703,3461,2935.0,0.0001657747760008309,-5.751778518391879e-05,-1.0118008043670914e-05,0.00016588933600928657,-5.763234519237445e-05
1702,3461,2946.0,0.00016577423616075094,-5.813135494801277e-05,-1.1080571385811613e-05,0.0001659112403117849,-5.826835909904674e-05
1700,3461,2936.0,0.00016673051200614747,-5.7520112006350895e-05,-9.512221296852953e-06,0.0001668313385817759,-5.762093858197934e-05
1701,3461,2947.0,0.00016673034868076907,-5.813435033068313e-05,-1.0475593007059714e-05,0.00016685228708798806,-5.8256288737902124e-05
1707,3462,2932.0,0.00016466472030802885,-5.5124165274011744e-05,-6.264800288592956e-06,0.00016470935376841617,-5.516879873439908e-05
1705,3462,2944.0,0.00016462627234561543,-5.503229797369129e-05,-6.316513991631509e-06,0.00016467167246847868,-5.507769809655455e-05
1704,3462,2933.0,0.00016462625347988592,-5.512378765941189e-05,-6.355354213762694e-06,0.00016467219440974523,-5.5169728589271204e-05
1706,3462,2943.0,0.00016466472706845483,-5.503272028813447e-05,-6.226007568424421e-06,0.00016470882793439897,-5.507682115407861e-05
1709,3463,2942.0,0.00016524716566162882,-5.462617870093079e-05,-8.416957873664307e-07,0.000165247971181285,-5.4626984220586977e-05
1710,3463,89.0,0.00016644046063553613,-5.462763815919987e-05,-5.44391864956608e-07,0.00016644079578345542,-5.462797330711918e-05
1711,3463,90.0,0.00016644046063553613,-5.4933556964063585e-05,-1.7489803223024857e-06,0.0001664439150658128,-5.4937011394340244e-05
1708,3463,2931.0,0.00016524693024060088,-5.493231012087879e-05,-2.047181227475981e-06,0.00016525168870511293,-5.493706858539083e-05
1714,3464,2942.0,0.0001652466485204001,-5.460780457037129e-05,-3.489609034573499e-06,0.0001652604947311236,-5.462165078109479e-05
1713,3464,2943.0,0.00016466516352501106,-5.460664390946894e-05,-3.722484607221162e-06,0.00016468096114800868,-5.462244153246656e-05
1712,3464,2932.0,0.00016466506118830554,-5.4844613324013395e-05,-4.309513932926573e-06,0.00016468621073577528,-5.486576287148312e-05
1715,3464,2931.0,0.00016524653398267532,-5.4845562915495556e-05,-4.076122671765967e-06,0.00016526540489151826,-5.486443382433851e-05
1718,3465,2934.0,0.00016538623420605505,-5.65459535833751e-05,-7.780360992161819e-06,0.00016545440303480208,-5.661412241212214e-05
1719,3465,2923.0,0.0001653864741122423,-5.6253382838519056e-05,-7.3173568711723275e-06,0.00016544685261327434,-5.631376133955107e-05
1717,3465,2935.0,0.0001658458150213286,-5.654716189423462e-05,-7.491769846390724e-06,0.00016590889109262188,-5.66102379655279e-05
1716,3465,2924.0,0.00016584596462249415,-5.62543247950641e-05,-7.028401429951361e-06,0.00016590155444846314,-5.630991462103309e-05
1723,3466,2924.0,0.00016584568997490986,-5.702275453248315e-05,-7.879157950952797e-06,0.00016591530699049703,-5.709237154807031e-05
1722,3466,2935.0,0.00016584547567293558,-5.752379976138155e-05,-8.542954294028402e-06,0.00016592712902347963,-5.760545311192561e-05
1721,3466,2936.0,0.00016650444190524638,-5.752569929256694e-05,-8.047949578649828e-06,0.00016657669625605545,-5.7597953643376016e-05
1720,3466,2925.0,0.00016650478999075927,-5.702444994148682e-05,-7.383781868885032e-06,0.00016656574999113463,-5.708540994186218e-05
1726,3467,2936.0,0.00016650410311149974,-5.856703352650518e-05,-8.694678232273791e-06,0.00016658804240228737,-5.865097281729279e-05
1725,3467,2937.0,0.00016726470175913537,-5.856993225006199e-05,-7.992175160301263e-06,0.0001673353894075319,-5.8640619898458514e-05
1727,3467,2925.0,0.00016650450436828871,-5.785702699635277e-05,-7.928987281098383e-06,0.00016657453556018936,-5.79270581882534e-05
1724,3467,2926.0,0.00016726490600231503,-5.7859277045105935e-05,-7.225967774898874e-06,0.0001673228753059862,-5.7917246348777106e-05
1730,3468,2937.0,0.00016726463613197433,-5.9588117318736065e-05,-8.238582545210026e-06,0.00016733941137271488,-5.9662892559476604e-05
1728,3468,2927.0,0.00016803261035371335,-5.868660732217385e-05,-6.569414462983354e-06,0.00016808018919577616,-5.873418616423664e-05
1729,3468,2938.0,0.0001680323079612067,-5.9591484084432756e-05,-7.3424658458885825e-06,0.00016809150408860586,-5.96506802118319e-05
1731,3468,2926.0,0.00016726484207816813,-5.868358270870585e-05,-7.465936279444502e-06,0.000167326498846027,-5.874523947656471e-05
1732,3469,2922.0,0.00016522401306342106,-5.519478684910177e-05,-4.927753051429322e-06,0.00016525155122797813,-5.522232501365883e-05
1733,3469,2933.0,0.00016522407409738725,-5.5130664997081295e-05,-4.705705475852463e-06,0.0001652491939791772,-5.515578487887123e-05
1734,3469,2932.0,0.00016544411217604997,-5.5130929521981543e-05,-4.643074823064007e-06,0.00016546854349440014,-5.515536084033172e-05
1735,3469,2921.0,0.0001654440406997277,-5.519499706029018e-05,-4.8649373463401265e-06,0.00016547085456241847,-5.522181092298095e-05
1737,3470,2932.0,0.00016544474217702095,-5.485115925977775e-05,-2.6876434390779753e-06,0.00016545293928649745,-5.485935636925424e-05
1736,3470,2921.0,0.00016544452310538816,-5.502996392696825e-05,-3.3676361894023708e-06,0.0001654573820899388,-5.5042822911518895e-05
1738,3470,2931.0,0.00016611818503818414,-5.485187265055129e-05,-2.5132588565049104e-06,0.00016612533110344846,-5.48590187158156e-05
1739,3470,2920.0,0.00016611811329969356,-5.503056755335335e-05,-3.192795464427786e-06,0.0001661296365560121,-5.504209080967191e-05
1740,3471,2920.0,0.00016611827423467992,-5.5167261293229304e-05,-1.6684095648630609e-06,0.00016612141898486848,-5.517040604341787e-05
1741,3471,2931.0,0.00016611839923293635,-5.4938753427261045e-05,-4.843832052362374e-07,0.00016611866457925636,-5.493901877358105e-05
1743,3471,91.0,0.00016729035971501684,-5.5168022894042643e-05,-1.4461477837251439e-06,0.00016729270995384954,-5.517037313287536e-05
1742,3471,90.0,0.00016729035971501684,-5.4939683833203656e-05,-2.6302020373074504e-07,0.00016729043753933149,-5.4939761657518316e-05
1747,3472,2922.0,0.00016522364038158406,-5.5621538362114926e-05,-6.283615931099249e-06,0.00016526832761632284,-5.566622559685369e-05
1746,3472,2933.0,0.00016522359511112839,-5.5719749372433816e-05,-6.448328227033162e-06,0.00016527063441687843,-5.576678867818387e-05
1745,3472,2934.0,0.0001653869745738294,-5.572013158398491e-05,-6.351536871456939e-06,0.00016543257883135096,-5.576573584150645e-05
1744,3472,2923.0,0.00016538705997601886,-5.5621871870322685e-05,-6.18671897445282e-06,0.0001654303478151133,-5.566515970941712e-05
1751,3473,2928.0,0.0001687238570196258,-6.0053089994516467e-05,-5.180387949999627e-06,0.00016875317922679676,-6.008241220168744e-05
1749,3473,2940.0,0.00016926861821560163,-6.126601355927507e-05,-4.52800273609711e-06,0.00016929085005079522,-6.128824539446865e-05
1748,3473,2929.0,0.0001692687275949489,-6.0057062454763906e-05,-3.979880229825752e-06,0.00016928599370157234,-6.007432856138735e-05
1750,3473,2939.0,0.00016872376982469603,-6.126151595256066e-05,-5.7282235146247605e-06,0.00016875943238594371,-6.129717851380836e-05
1753,3474,2939.0,0.00016872370148474233,-6.051346636475825e-05,-6.1573255641410914e-06,0.0001687650405734004,-6.0554805453416315e-05
1752,3474,2928.0,0.00016872381224131985,-5.943862387190182e-05,-5.461528177571457e-06,0.0001687564907345534,-5.94713023651354e-05
1754,3474,2938.0,0.00016803235494158343,-6.0509173510582895e-05,-7.22277700435038e-06,0.00016808940746945885,-6.05662260384583e-05
1755,3474,2927.0,0.00016803262694218906,-5.9435240767508404e-05,-6.527319252655874e-06,0.00016807944358695527,-5.9482057412274625e-05
1756,3475,2930.0,0.00016961533088515632,-6.049503831335064e-05,-2.223486075422082e-06,0.0001696207019761575,-6.050040940435182e-05
1759,3475,2929.0,0.0001692688199499829,-6.049091028729805e-05,-3.5173604781850356e-06,0.0001692822808597084,-6.0504371197023574e-05
1758,3475,2940.0,0.00016926875045620855,-6.179180667101768e-05,-3.865714505755266e-06,0.0001692849179744462,-6.180797418925535e-05
1757,3475,2941.0,0.00016961531311663908,-6.179686713948091e-05,-2.5718962988834602e-06,0.00016962245885797215,-6.180401288081399e-05
1762,3476,2941.0,0.00016961535424027364,-6.206318116874085e-05,-1.765699447601435e-06,0.00016961871843763278,-6.206654536609999e-05
1761,3476,114.0,0.0001697317092625916,-6.206828712313369e-05,-4.244764741252998e-07,0.00016973190358973657,-6.206848145027868e-05
1760,3476,113.0,0.0001697317092625916,-6.072058662148992e-05,-3.075980951414018e-07,0.00016973181190481698,-6.0720689263715305e-05
1763,3476,2930.0,0.0001696153601987117,-6.0716240202403215e-05,-1.6488182332621056e-06,0.00016961831090840033,-6.0719190912091826e-05
1766,3477,2924.0,0.00016590266129723247,-5.7027710223290086e-05,-6.424800945540839e-06,0.00016594894200283293,-5.707399092889055e-05
1765,3477,2925.0,0.00016633059801245663,-5.7029055618733413e-05,-6.031370209530658e-06,0.00016637130679445172,-5.706976440072851e-05
1767,3477,2913.0,0.00016590289844171957,-5.6630125589063676e-05,-5.993723873358534e-06,0.0001659432499951969,-5.6670477142541e-05
1764,3477,2914.0,0.00016633077844366208,-5.663114805361442e-05,-5.599995514095162e-06,0.0001663659357977587,-5.666630540771102e-05
1771,3478,2914.0,0.00016633059477348005,-5.729932856636576e-05,-6.039224052394477e-06,0.00016637136031515362,-5.734009410803933e-05
1770,3478,2925.0,0.0001663303700479219,-5.786133896412075e-05,-6.576525422028151e-06,0.00016637858925554693,-5.790955817174578e-05
1769,3478,2926.0,0.00016686391600593056,-5.786311977263762e-05,-6.019900541196638e-06,0.00016690422346563955,-5.7903427232346605e-05
1768,3478,2915.0,0.00016686419106915146,-5.730083122023103e-05,-5.482280686878592e-06,0.00016689770533957323,-5.73343454906528e-05
1774,3479,2926.0,0.0001668637933131561,-5.868763497014382e-05,-6.2600011717660374e-06,0.00016690722029492888,-5.8731061951916596e-05
1773,3479,2927.0,0.00016742479457893206,-5.8690030702422425e-05,-5.549726673264839e-06,0.0001674588423565435,-5.872407848003386e-05
1772,3479,2916.0,0.00016742498386645218,-5.79731225801332e-05,-4.9847461681591936e-06,0.0001674525402835492,-5.800067899723023e-05
1775,3479,2915.0,0.0001668640821779119,-5.797129441856633e-05,-5.6953413591109055e-06,0.00016690014379766908,-5.8007356038323487e-05
1778,3480,2927.0,0.00016742480874646346,-5.943846454827689e-05,-5.50770863338068e-06,0.0001674582323868249,-5.947188818863832e-05
1779,3480,2916.0,0.0001674249830136762,-5.858783394319808e-05,-4.987496465870176e-06,0.00016745249483107174,-5.8615345760593625e-05
1777,3480,2928.0,0.0001679418513898974,-5.9441144191606655e-05,-4.663434960022446e-06,0.00016796575966319266,-5.946505246490192e-05
1776,3480,2917.0,0.00016794203245686112,-5.8590085768629307e-05,-4.142950174549557e-06,0.00016796097303943785,-5.860902635120604e-05
1783,3481,2917.0,0.00016794209404132976,-5.909818055428597e-05,-3.966200580159899e-06,0.00016795941425809576,-5.911550077105197e-05
1782,3481,2928.0,0.0001679419493201274,-6.0055718349670784e-05,-4.382304436154928e-06,0.00016796300525784524,-6.007677428738864e-05
1781,3481,2929.0,0.00016835569749573817,-6.005886669319474e-05,-3.4307913089292024e-06,0.00016836857940770444,-6.007174860516103e-05
1780,3481,2918.0,0.00016835577305551058,-5.91006268083184e-05,-3.014541881872024e-06,0.00016836576075397334,-5.911061450678117e-05
1787,3482,2918.0,0.000168355829929533,-5.9461404355648e-05,-2.7014264373345816e-06,0.00016836383793681405,-5.946941236292904e-05
1786,3482,2929.0,0.00016835578148630505,-6.049265103586135e-05,-2.9683698892184326e-06,0.00016836540668793313,-6.050227623748945e-05
1784,3482,2919.0,0.00016862139028857835,-5.9464098748121224e-05,-1.675499607960173e-06,0.00016862446727199017,-5.946717573153304e-05
1785,3482,2930.0,0.00016862135781506163,-6.049592381842676e-05,-1.942530937080653e-06,0.0001686254750935649,-6.050004109693004e-05
1789,3483,113.0,0.0001687112498414314,-6.072058662148992e-05,-3.0429207698056456e-07,0.00016871135073591578,-6.0720687515974315e-05
1790,3483,2930.0,0.00016862142774058458,-6.0717140106857494e-05,-1.3678271530317802e-06,0.00016862346723016985,-6.0719179596442765e-05
1791,3483,2919.0,0.00016862143871055322,-5.96492625110015e-05,-1.2775330448929964e-06,0.00016862322614745635,-5.9651049947904626e-05
1788,3483,112.0,0.0001687112498414314,-5.965201734608605e-05,-2.1406949323777864e-07,0.0001687113000090201,-5.965206751367477e-05
1792,3484,2913.0,0.00016590326330466856,-5.602570877647194e-05,-5.330486444584488e-06,0.00016593526677472148,-5.6057712246524884e-05
1793,3484,2924.0,0.0001659031294220563,-5.62590426787328e-05,-5.573860783248752e-06,0.00016593808478397503,-5.629399804065152e-05
1794,3484,2923.0,0.00016566183761979058,-5.625829202287675e-05,-5.804537660337029e-06,0.00016569978696770742,-5.6296241370793596e-05
1795,3484,2912.0,0.0001656619327813541,-5.602508181561214e-05,-5.561329414432645e-06,0.00016569680573097365,-5.6059954765231665e-05
1798,3485,2922.0,0.0001656846767020449,-5.56267734919006e-05,-4.755408647176269e-06,0.0001657102191013708,-5.5652315891226495e-05
1796,3485,2912.0,0.00016566227118777115,-5.5545044897383226e-05,-4.696587205124149e-06,0.0001656871974046121,-5.55699711142242e-05
1797,3485,2923.0,0.00016566228003021192,-5.562705172236699e-05,-4.674028804031293e-06,0.00016568695825241688,-5.565172994457195e-05
1799,3485,2911.0,0.0001656846670384487,-5.5544831483227955e-05,-4.7779462123422826e-06,0.0001657104616416937,-5.5570626086472934e-05
1800,3486,2910.0,0.00016603862585434174,-5.516626084192558e-05,-2.600905375097222e-06,0.00016604627088773714,-5.517390587532097e-05
1801,3486,2921.0,0.0001660388020465177,-5.5035109659610105e-05,-1.8596294099532985e-06,0.00016604271268475554,-5.5039020297847915e-05
1802,3486,2920.0,0.0001667728631725361,-5.5035552251932814e-05,-1.7322507186235455e-06,0.00016677624519795885,-5.503893427735558e-05
1803,3486,2909.0,0.00016677274197496772,-5.516660657802104e-05,-2.472969537991882e-06,0.0001667796305557506,-5.517349515880394e-05
1804,3487,2911.0,0.00016568510454004377,-5.524398878344668e-05,-3.7558822882767604e-06,0.00016570106625930545,-5.5259950502708355e-05
1805,3487,2922.0,0.00016568525713374143,-5.5199847811159626e-05,-3.3994284384794224e-06,0.00016569833568595653,-5.521292636337472e-05
1807,3487,2910.0,0.0001660383614947098,-5.5244107228309756e-05,-3.7130913130025388e-06,0.00016605393669688303,-5.525968243048298e-05
1806,3487,2921.0,0.00016603844616809148,-5.5199992505957545e-05,-3.356857840673211e-06,0.000166051178862898,-5.5212725200764063e-05
1811,3488,92.0,0.00016791342199604033,-5.533937344234991e-05,-1.1981101245811098e-06,0.00016791502943115937,-5.534098087746894e-05
1810,3488,91.0,0.00016791342199604033,-5.5172741757906867e-05,-4.666527580630617e-08,0.00016791342443640676,-5.51727441982733e-05
1809,3488,2920.0,0.00016677311260884775,-5.517218616508783e-05,-2.0784627584639025e-07,0.0001667731612695596,-5.517223482579967e-05
1808,3488,2909.0,0.00016677292407618117,-5.5338929296180526e-05,-1.3600885178451268e-06,0.00016677500616163492,-5.5341011381634294e-05
1814,3489,2919.0,0.000167865477242056,-5.964993067692757e-05,-1.0175831625952201e-06,0.0001678666150444623,-5.965106847933388e-05
1815,3489,2908.0,0.0001678654858745473,-5.884125815370511e-05,-9.477505667865142e-07,0.00016786647639119052,-5.8842248670348314e-05
1812,3489,111.0,0.00016793495376011972,-5.884283877916337e-05,-1.4228286382411953e-07,0.00016793497607757321,-5.884286109661685e-05
1813,3489,112.0,0.00016793495376011972,-5.965201734608605e-05,-2.1205898706173985e-07,0.00016793500315772365,-5.965206674368997e-05
1816,3490,2908.0,0.00016786545328279293,-5.8683469968256606e-05,-1.2110042884645343e-06,0.00016786707160974158,-5.8685088295205265e-05
1817,3490,2919.0,0.00016786542797647826,-5.946477585386482e-05,-1.4155231383653627e-06,0.00016786763147418765,-5.94669793515742e-05
1819,3490,2907.0,0.0001676620684892432,-5.868195771931054e-05,-1.98794978934695e-06,0.00016766643338040255,-5.8686322610469873e-05
1818,3490,2918.0,0.00016766201230485858,-5.946273539836272e-05,-2.192448455099697e-06,0.0001676673031398569,-5.946802623336103e-05
1823,3491,2906.0,0.0001673489001673829,-5.837528599804668e-05,-2.911091388765343e-06,0.00016735828562676843,-5.838467145743221e-05
1822,3491,2917.0,0.00016734879146502416,-5.9100077182022275e-05,-3.226014388524605e-06,0.00016736028041715832,-5.911156613415644e-05
1821,3491,2918.0,0.00016766192615959785,-5.9101929096814473e-05,-2.5055695649483503e-06,0.00016766884711183624,-5.910885004905285e-05
1820,3491,2907.0,0.00016766201275467032,-5.837671591101584e-05,-2.19051427057486e-06,0.00016766731963299388,-5.8382022789339397e-05
1824,3492,2905.0,0.00016696500695896198,-5.743345871721953e-05,-3.6331193944507713e-06,0.00016697971148423837,-5.744816324249592e-05
1827,3492,2904.0,0.00016656194054489226,-5.743238082000162e-05,-4.1708498611229454e-06,0.00016658135452026483,-5.745179479537417e-05
1826,3492,2915.0,0.00016656174305497873,-5.797416478497844e-05,-4.576610160700724e-06,0.0001665850613582642,-5.79974830882639e-05
1825,3492,2916.0,0.00016696480774080406,-5.7975547481591515e-05,-4.039110129245302e-06,0.00016698293820895032,-5.799367794973777e-05
1829,3493,2917.0,0.00016734873036584365,-5.859205206729546e-05,-3.4027093829836754e-06,0.0001673615409954381,-5.8604862696889914e-05
1828,3493,2906.0,0.0001673488637995588,-5.7947922279071235e-05,-3.016221681498949e-06,0.0001673589584682189,-5.795801694773135e-05
1831,3493,2905.0,0.000166964996039622,-5.794668159363623e-05,-3.655609552067002e-06,0.00016697984920206342,-5.796153475607763e-05
1830,3493,2916.0,0.00016696480651286975,-5.859034780291599e-05,-4.0419127991239766e-06,0.00016698291266942564,-5.8608453959471866e-05
1832,3494,2904.0,0.00016656202394979287,-5.6878277444728114e-05,-3.9993287692348454e-06,0.00016657991838251352,-5.689617187744876e-05
1833,3494,2915.0,0.0001665618466734841,-5.7303839702227595e-05,-4.3635288539431265e-06,0.00016658310783259684,-5.7325100861340314e-05
1834,3494,2914.0,0.00016620044418060097,-5.730270262214776e-05,-4.785090057929581e-06,0.00016622605283978127,-5.732831128132807e-05
1835,3494,2903.0,0.00016620065990996036,-5.687745585732367e-05,-4.4211148637035135e-06,0.0001662225629298977,-5.689935887726101e-05
1838,3495,2913.0,0.0001659474797312706,-5.66336213151952e-05,-4.6439246497810885e-06,0.00016597169976793452,-5.6657841351859096e-05
1836,3495,2903.0,0.00016620085586252845,-5.633328160175509e-05,-4.090413101802328e-06,0.0001662196508062328,-5.6352076545459456e-05
1837,3495,2914.0,0.0001662007045196217,-5.663439514247339e-05,-4.3457581346390516e-06,0.0001662218903857955,-5.6655581008647205e-05
1839,3495,2902.0,0.00016594760930555518,-5.633267977466492e-05,-4.388751059953406e-06,0.0001659692703119687,-5.635434078107843e-05
1840,3496,2902.0,0.00016594785656101195,-5.585155253385644e-05,-3.901872578010988e-06,0.0001659650155696302,-5.5868711542474695e-05
1841,3496,2913.0,0.0001659478165460446,-5.6029364673410855e-05,-3.980718089478504e-06,0.00016596566167164132,-5.604720979900758e-05
1842,3496,2912.0,0.000165869704011157,-5.602888703530622e-05,-4.15686775443987e-06,0.00016588917014850876,-5.604835317265798e-05
1843,3496,2901.0,0.00016586974563166472,-5.5851206662745664e-05,-4.078076979219139e-06,0.00016588849589566407,-5.5869956926745014e-05
1844,3497,2901.0,0.0001658700762462369,-5.548444722982843e-05,-3.4527510263873814e-06,0.0001658835396763119,-5.549791065990343e-05
1845,3497,2912.0,0.00016587016125839242,-5.5548733278430534e-05,-3.292042511444243e-06,0.00016588239705364952,-5.556096907368763e-05
1847,3497,2900.0,0.00016602944622711043,-5.548431856818606e-05,-3.5168098642221913e-06,0.00016604340379355995,-5.549827613463556e-05
1846,3497,2911.0,0.00016602950821139153,-5.5548565991792975e-05,-3.3561887186452435e-06,0.00016604221632428935,-5.55612741046908e-05
1851,3498,2899.0,0.00016647815385862903,-5.527701179002995e-05,-2.7588038161296003e-06,0.00016648673393386974,-5.528559186527066e-05
1850,3498,2910.0,0.00016647829718145313,-5.524791866340871e-05,-2.306535363739981e-06,0.00016648429552657814,-5.525391700853373e-05
1849,3498,2911.0,0.0001660299025080732,-5.524784056767679e-05,-2.3341658735140294e-06,0.000166036057870442,-5.5253995930045594e-05
1848,3498,2900.0,0.00016602972788105788,-5.5276954613355856e-05,-2.7867615311402954e-06,0.00016603850047200555,-5.5285727204303526e-05
1855,3499,93.0,0.0001683577041557934,-5.546022727239883e-05,-9.96254110145322e-07,0.0001683588127771285,-5.5461335893733905e-05
1853,3499,2909.0,0.0001672507794682433,-5.534261553177865e-05,8.453782745663704e-09,0.00016725077954850897,-5.534261561204433e-05
1852,3499,2898.0,0.00016725062004465383,-5.545999481187307e-05,-1.1102052079939567e-06,0.00016725200362031716,-5.546137838753641e-05
1854,3499,92.0,0.0001683577041557934,-5.534292809312731e-05,1.2162477931840394e-07,0.0001683577206874698,-5.53429446248037e-05
1857,3500,2910.0,0.00016647864963821818,-5.517000794763138e-05,-1.1943233652518277e-06,0.00016648025848841686,-5.517161679783007e-05
1856,3500,2899.0,0.0001664784025633445,-5.526288411165665e-05,-1.9740045624804577e-06,0.00016648279576506872,-5.5267277313380875e-05
1858,3500,2909.0,0.0001672506208636838,-5.5170252726612534e-05,-1.104416951431316e-06,0.000167251991833576,-5.517162369650475e-05
1859,3500,2898.0,0.00016725050982269738,-5.526306930504863e-05,-1.883581750569208e-06,0.00016725449589027812,-5.526705537262937e-05
1863,3501,2888.0,0.00016678758648925435,-5.5297790628727576e-05,-1.953361946599062e-06,0.00016679188162695217,-5.530208576642541e-05
1862,3501,2899.0,0.00016678774236682996,-5.5279635727136824e-05,-1.4355995419289497e-06,0.0001667900625235882,-5.528195588389507e-05
1861,3501,2900.0,0.00016627452653291682,-5.527960005795177e-05,-1.4525779676410715e-06,0.00016627690739590335,-5.5281980920938295e-05
1860,3501,2889.0,0.00016627428831124608,-5.5297766521760394e-05,-1.970673000841806e-06,0.00016627867004079334,-5.5302148251307653e-05
1866,3502,2900.0,0.00016627419088179008,-5.5487012738815705e-05,-2.1826504948758334e-06,0.00016627956135207208,-5.5492383209097704e-05
1865,3502,2901.0,0.00016601881872123722,-5.548710533090508e-05,-2.1362662024860743e-06,0.0001660239692913562,-5.549225590102406e-05
1864,3502,2890.0,0.00016601868518348892,-5.5440828962811885e-05,-2.393883544357634e-06,0.00016602515421130734,-5.54472979906303e-05
1867,3502,2889.0,0.00016627407249817625,-5.544076862165024e-05,-2.440091003263773e-06,0.00016628078592317052,-5.544748204664452e-05
1871,3503,2890.0,0.00016601847495212855,-5.572909365349481e-05,-2.799643258438755e-06,0.00016602731122720564,-5.573792992857189e-05
1870,3503,2901.0,0.00016601849471429577,-5.585378913887948e-05,-2.7615797116644107e-06,0.0001660270875261443,-5.586238195072802e-05
1869,3503,2902.0,0.00016598065687612417,-5.585403182845793e-05,-2.637759553185317e-06,0.0001659884977706012,-5.586187272293496e-05
1868,3503,2891.0,0.00016598063345527639,-5.572925937153637e-05,-2.675834670116386e-06,0.00016598870687767754,-5.573733279393751e-05
1873,3504,2903.0,0.00016610867747909072,-5.633564662100394e-05,-2.915835073404667e-06,0.00016611823237448487,-5.6345201516398095e-05
1875,3504,2891.0,0.0001659804374640657,-5.6124641622815e-05,-2.9953399762706542e-06,0.00016599053589776304,-5.613474005651233e-05
1872,3504,2892.0,0.00016610875349395374,-5.6124914621820724e-05,-2.786398957711929e-06,0.0001661174872224042,-5.6133648350271175e-05
1874,3504,2902.0,0.00016598035813673596,-5.633522550239846e-05,-3.1246905989157467e-06,0.00016599133713450298,-5.6346204500165464e-05
1879,3505,2887.0,0.00016758249427407316,-5.5327133308343186e-05,-1.393670835708738e-06,0.00016758467262257987,-5.532931165684989e-05
1878,3505,2898.0,0.00016758262975751187,-5.526567216810371e-05,-5.915227107827336e-07,0.000167583022287428,-5.526606469801983e-05
1877,3505,2899.0,0.000166787978636763,-5.5265549573202464e-05,-6.508102105703354e-07,0.00016678845549590593,-5.526602643234542e-05
1876,3505,2888.0,0.00016678773697827534,-5.532705253060181e-05,-1.453512232277754e-06,0.0001667901148874594,-5.532943043978589e-05
1883,3506,2892.0,0.00016610862377444701,-5.6582603989505066e-05,-3.0073395849545236e-06,0.00016611877648584907,-5.659275670090714e-05
1882,3506,2903.0,0.00016610848326545732,-5.6879739629962496e-05,-3.246540298027119e-06,0.00016612029943368647,-5.689155579819163e-05
1881,3506,2904.0,0.00016634595723732189,-5.688031369895932e-05,-2.9517958556655012e-06,0.00016635571495746452,-5.689007141910195e-05
1880,3506,2893.0,0.00016634610121175376,-5.6582998102394253e-05,-2.7124460718359737e-06,0.00016635435169524081,-5.659124858588132e-05
1887,3507,2893.0,0.00016634602930126426,-5.705578874528645e-05,-2.832188624832797e-06,0.00016635500524672252,-5.706476469074471e-05
1886,3507,2904.0,0.000166345854156086,-5.743447651773736e-05,-3.1233683408563007e-06,0.00016635675206957243,-5.744537443122378e-05
1885,3507,2905.0,0.00016663510100317289,-5.743523003041531e-05,-2.7474785255077313e-06,0.00016664352286172786,-5.744365188897028e-05
1884,3507,2894.0,0.00016663524659520941,-5.705627786586076e-05,-2.456134137725902e-06,0.00016664198848351388,-5.7063019754165215e-05
1891,3508,2895.0,0.00016692278159070227,-5.786986712908555e-05,-1.9762601590004583e-06,0.00016692712506987637,-5.787421060825963e-05
1890,3508,2906.0,0.00016692267730804901,-5.837665865552541e-05,-2.2179260566717717e-06,0.00016692813568722735,-5.838211703470374e-05
1889,3508,2907.0,0.00016716298501870017,-5.837765872542306e-05,-1.7140023502991994e-06,0.000167166241373733,-5.8380915080455875e-05
1888,3508,2896.0,0.00016716305377979508,-5.7870522524380806e-05,-1.472246800712383e-06,0.0001671654617398479,-5.787293048443363e-05
1895,3509,2894.0,0.0001666352344317972,-5.749847507353995e-05,-2.4806796452072092e-06,0.00016664209817294525,-5.750533881468799e-05
1894,3509,2905.0,0.00016663508987252917,-5.794839682890862e-05,-2.76999419162059e-06,0.00016664363076766212,-5.795693772404159e-05
1893,3509,2906.0,0.00016692263182958915,-5.794926418620797e-05,-2.3230383434896633e-06,0.00016692863120442315,-5.795526356104198e-05
1892,3509,2895.0,0.0001669227567653448,-5.7499068748727495e-05,-2.033578488159799e-06,0.00016692736344360804,-5.7503675426990726e-05
1899,3510,2896.0,0.00016716308793041578,-5.813682904751813e-05,-1.3523248907313257e-06,0.0001671651171878641,-5.813885830496648e-05
1898,3510,2907.0,0.00016716304268592485,-5.8682882800890696e-05,-1.5114593902598207e-06,0.0001671655714938987,-5.8685411608864544e-05
1897,3510,2908.0,0.00016732136204288022,-5.868394069211093e-05,-9.679796729797222e-07,0.00016732239850124976,-5.868497715048045e-05
1896,3510,2897.0,0.00016732138689093162,-5.813754466586952e-05,-8.088155802070851e-07,0.00016732211227862587,-5.813827005356377e-05
1903,3511,94.0,0.00016865991548827827,-5.5540063633576246e-05,-8.317727381223702e-07,0.00016866068694631987,-5.554083509161786e-05
1902,3511,93.0,0.00016865991548827827,-5.546273487285749e-05,2.5625334429814177e-07,0.00016865998873584484,-5.546280812042406e-05
1900,3511,2887.0,0.00016758257649645945,-5.5539961454218064e-05,-9.069042629923467e-07,0.00016758349804382172,-5.554088300158033e-05
1901,3511,2898.0,0.0001675827603885259,-5.546258167652633e-05,1.8185270478691083e-07,0.00016758279745542949,-5.54626187434299e-05
1905,3512,111.0,0.00016737608009952695,-5.884283877916337e-05,-1.4118633260770674e-07,0.00016737610212860687,-5.884286080824329e-05
1906,3512,2908.0,0.0001673214031674923,-5.884173289035902e-05,-7.047220359974776e-07,0.00016732195214283724,-5.884228186570396e-05
1907,3512,2897.0,0.00016732141173813345,-5.8276102021944884e-05,-6.497639150075045e-07,0.0001673218795981983,-5.827656988200973e-05
1904,3512,110.0,0.00016737608009952695,-5.827683804774496e-05,-8.628068393654129e-08,0.0001673760883471005,-5.82768462953185e-05
1910,3513,2890.0,0.00016611431995927617,-5.5730769440425474e-05,-1.548297123270411e-06,0.00016611702138800462,-5.5733470869153906e-05
1908,3513,2880.0,0.0001660021606289077,-5.565679706996722e-05,-1.5876743502389763e-06,0.0001660050035971535,-5.565964003821301e-05
1909,3513,2891.0,0.0001660022312130464,-5.573086780021096e-05,-1.4746921311301932e-06,0.00016600468313930766,-5.5733319726472216e-05
1911,3513,2879.0,0.00016611425424962076,-5.565674888479837e-05,-1.6612059726432617e-06,0.00016611736507851128,-5.565985971368889e-05
1912,3514,2881.0,0.0001660498851632427,-5.6001734921369876e-05,-1.622311663963794e-06,0.00016605284828057298,-5.600469803870017e-05
1913,3514,2892.0,0.00016604985326241416,-5.612637125602699e-05,-1.6705866715913554e-06,0.00016605299358535692,-5.612951157896977e-05
1914,3514,2891.0,0.0001660020318400718,-5.612620979156453e-05,-1.7942008725477655e-06,0.0001660056548645938,-5.612983281608651e-05
1915,3514,2880.0,0.00016600206191631463,-5.600165240205173e-05,-1.7459611090193472e-06,0.00016600549466637974,-5.6005085152116833e-05
1917,3515,2893.0,0.0001662071280614058,-5.658432656391446e-05,-1.717175455925109e-06,0.0001662104368146073,-5.6587635317115965e-05
1916,3515,2882.0,0.00016620722552042883,-5.64084837594698e-05,-1.5585206901636212e-06,0.00016620995326703205,-5.641121150607303e-05
1918,3515,2892.0,0.00016604970719094313,-5.658409347665468e-05,-1.8915594796470314e-06,0.0001660537249239711,-5.658811120968264e-05
1919,3515,2881.0,0.00016604981206910793,-5.6408369880683895e-05,-1.733003968348401e-06,0.0001660531871497223,-5.641174496129828e-05
1920,3516,2879.0,0.00016611437028229794,-5.54146266300985e-05,-1.4616102204919397e-06,0.00016611678111927398,-5.5417037467074556e-05
1921,3516,2890.0,0.000166114555923941,-5.544247522481783e-05,-1.1425168752574218e-06,0.00016611602883604584,-5.544394813692267e-05
1922,3516,2889.0,0.00016643081796897713,-5.544243891858654e-05,-1.170532992733381e-06,0.00016643236179851822,-5.544398274812762e-05
1923,3516,2878.0,0.00016643067301696477,-5.541460817055265e-05,-1.4894253885769284e-06,0.00016643317291574364,-5.5417108069331534e-05
1927,3517,2877.0,0.0001669842757786913,-5.5309299697397347e-05,-1.2505212281171485e-06,0.000166986034478832,-5.531105839753805e-05
1926,3517,2888.0,0.0001669844645296806,-5.529948025696351e-05,-6.921284840546668e-07,0.0001669850033007981,-5.530001902808102e-05
1924,3517,2878.0,0.0001664307773263389,-5.53092932716624e-05,-1.2598892554175484e-06,0.00016643256693085298,-5.531108287617649e-05
1925,3517,2889.0,0.00016643103130210024,-5.529946722170444e-05,-7.01119509091512e-07,0.00016643158554175216,-5.5300021461356376e-05
1931,3518,2876.0,0.00016779148873127697,-5.536375824603107e-05,-9.734555825750618e-07,0.00016779255033667954,-5.536481985143366e-05
1929,3518,2888.0,0.0001669846334964645,-5.532872589847522e-05,-1.9227733291031328e-07,0.00016698467507130052,-5.532876747331123e-05
1928,3518,2877.0,0.0001669843579071794,-5.5363735106768105e-05,-1.007575714139636e-06,0.00016698549936469573,-5.536487656428441e-05
1930,3518,2887.0,0.000167791626346233,-5.532877186558761e-05,-1.586947359044329e-07,0.00016779165456419986,-5.532880008355447e-05
1933,3519,2887.0,0.00016779170856859793,-5.55416098638558e-05,3.2807016699424544e-07,0.00016779182904992285,-5.5541730345180725e-05
1934,3519,94.0,0.00016884690228465774,-5.5541667787001466e-05,3.700673748499735e-07,0.00016884705486570138,-5.5541820368045105e-05
1935,3519,95.0,0.00016884690228465774,-5.558551851750598e-05,-6.959540586132457e-07,0.0001688474418133114,-5.558605804615964e-05
1932,3519,2876.0,0.00016779152839454698,-5.558548965021732e-05,-7.386650325492852e-07,0.0001677921390488384,-5.5586100304508764e-05
1938,3520,2896.0,0.00016684054396906727,-5.8137424288205836e-05,-8.996441218716504e-07,0.0001668414433419223,-5.813832366106087e-05
1937,3520,2897.0,0.00016696954899760933,-5.813784760155715e-05,-5.781858508161755e-07,0.00016696992026298286,-5.813821886693069e-05
1936,3520,2886.0,0.00016696957006854553,-5.7814719979137106e-05,-4.4852681568296224e-07,0.00016696979381205547,-5.781494372264704e-05
1939,3520,2885.0,0.00016684058584897084,-5.781451019192289e-05,-7.700188523364479e-07,0.00016684124566851416,-5.781517001146621e-05
1942,3521,2895.0,0.00016664754354349132,-5.787072264480244e-05,-1.3175845346075944e-06,0.00016664947658672283,-5.787265568803394e-05
1943,3521,2884.0,0.00016664762994784635,-5.757106274640305e-05,-1.1235929280567058e-06,0.000166649037561466,-5.7572470360022704e-05
1941,3521,2896.0,0.0001668405051666974,-5.7871110266469406e-05,-1.0195610612469394e-06,0.0001668416616483125,-5.7872266748084536e-05
1940,3521,2885.0,0.00016684056788958618,-5.757125969123406e-05,-8.2548270681791e-07,0.00016684132700665408,-5.757201880830196e-05
1947,3522,2883.0,0.00016642260857506553,-5.723355986997087e-05,-1.412866645835939e-06,0.00016642483987082868,-5.7235791165734004e-05
1946,3522,2894.0,0.00016642248070625868,-5.74995910440948e-05,-1.6392346913227747e-06,0.0001664254806945498,-5.7502591032385935e-05
1945,3522,2895.0,0.0001666475179281235,-5.749994214592429e-05,-1.3748902794910286e-06,0.00016664962625616324,-5.7502050473964044e-05
1944,3522,2884.0,0.00016664761882322312,-5.7233732203013755e-05,-1.1484019402510984e-06,0.00016664909149874437,-5.7235204878535e-05
1950,3523,2893.0,0.0001662070546272738,-5.7057081716847217e-05,-1.8369289587715745e-06,0.0001662108329444636,-5.7060860034037e-05
1949,3523,2894.0,0.00016642249445225114,-5.705737088122767e-05,-1.614666158637518e-06,0.00016642541094852715,-5.70602873775037e-05
1951,3523,2882.0,0.00016620718783900753,-5.6833227644791394e-05,-1.620082047356405e-06,0.00016621012971751854,-5.683616952330239e-05
1948,3523,2883.0,0.00016642261702379133,-5.6833375535990166e-05,-1.397693474059278e-06,0.00016642480456631107,-5.683556307850992e-05
1952,3524,109.0,0.00016701462193901743,-5.7942111417233047e-05,-4.058076599129418e-08,0.00016701462376914552,-5.7942113247361143e-05
1953,3524,110.0,0.00016701462193901743,-5.827683804774496e-05,-8.580860453644753e-08,0.00016701463010967372,-5.827684621840124e-05
1954,3524,2897.0,0.00016696957485856875,-5.827640262802172e-05,-4.1913862940953046e-07,0.0001669697698421158,-5.8276597611568774e-05
1955,3524,2886.0,0.00016696958220677952,-5.794189271155861e-05,-3.738856896320594e-07,0.00016696973759059485,-5.794204809537394e-05
1958,3525,2880.0,0.00016601282276509157,-5.600242807202215e-05,-5.833809922238444e-07,0.00016601320599641614,-5.6002811303346726e-05
1956,3525,102.0,0.00016602118464931583,-5.5961040471193605e-05,-5.338429194181736e-07,0.00016602150560727813,-5.596136142915589e-05
1957,3525,2881.0,0.0001660211790301532,-5.6002455490041935e-05,-5.422919746325911e-07,0.00016602151016623673,-5.600278662612547e-05
1959,3525,101.0,0.000166012828243204,-5.5961040471193605e-05,-5.749382059092685e-07,0.00016601320053182981,-5.5961412759819435e-05
1960,3526,103.0,0.0001661392631978393,-5.635079903605969e-05,-4.762034982975453e-07,0.0001661395180064247,-5.635105384464507e-05
1961,3526,2882.0,0.00016613918600174278,-5.640911210846335e-05,-5.951633557283484e-07,0.0001661395839140046,-5.640951002072518e-05
1962,3526,2881.0,0.00016602110535043365,-5.6409074341160826e-05,-6.529868513757567e-07,0.00016602158459172857,-5.640955358245575e-05
1963,3526,102.0,0.00016602118464931583,-5.635079903605969e-05,-5.341029844014482e-07,0.00016602150535696727,-5.6351119743711125e-05
1964,3527,104.0,0.00016631843026367326,-5.675965035485228e-05,-4.026856149608421e-07,0.0001663186119888028,-5.6759832079981824e-05
1965,3527,2883.0,0.00016631832660480702,-5.6833916877034856e-05,-5.83068815535753e-07,0.00016631870747557274,-5.683429774780058e-05
1967,3527,103.0,0.0001661392631978393,-5.675965035485228e-05,-4.764688968331046e-07,0.00016613951782262266,-5.675990497963565e-05
1966,3527,2882.0,0.00016613914621031365,-5.6833867838144774e-05,-6.567385057661449e-07,0.00016613962979409103,-5.683435142192215e-05
1971,3528,100.0,0.00016616124064978285,-5.563292246325033e-05,-5.991571673158902e-07,0.0001661616452914686,-5.5633327104936075e-05
1970,3528,2879.0,0.00016616132765569054,-5.5657543654835206e-05,-4.4961316030738083e-07,0.00016616155548998738,-5.5657771489132045e-05
1969,3528,2880.0,0.00016601292565832042,-5.565755968034788e-05,-4.2508498626463165e-07,0.0001660131294485083,-5.565776347053576e-05
1968,3528,101.0,0.000166012828243204,-5.563292246325033e-05,-5.74724624607698e-07,0.00016601320080599603,-5.5633295026042375e-05
1975,3529,104.0,0.00016631843026367326,-5.7145979684586394e-05,-4.029076752164965e-07,0.00016631861187476612,-5.7146161295679244e-05
1973,3529,2884.0,0.00016651260461240935,-5.723414745117513e-05,-5.107152518127539e-07,0.00016651289604650426,-5.723443888527003e-05
1972,3529,105.0,0.00016651269689376,-5.7145979684586394e-05,-3.152582133588973e-07,0.0001665128079868028,-5.71460907776292e-05
1974,3529,2883.0,0.00016631831801256248,-5.723409036194964e-05,-5.98247190856119e-07,0.00016631871825323,-5.723449060261714e-05
1977,3530,2879.0,0.0001661614436886927,-5.54154368862325e-05,-2.500180180041141e-07,0.0001661615142161201,-5.54155074136599e-05
1976,3530,100.0,0.00016616124064978285,-5.540605654739668e-05,-5.990251875399866e-07,0.00016616164552735746,-5.540646142497129e-05
1978,3530,2878.0,0.0001665073032537526,-5.541543066993554e-05,-2.5954490134345995e-07,0.00016650737913999868,-5.54155065561816e-05
1979,3530,99.0,0.00016650713366439792,-5.540605654739668e-05,-6.083216812224901e-07,0.00016650755055553935,-5.540647343853809e-05
1983,3531,105.0,0.00016651269689376,-5.747226779995934e-05,-3.154122969548773e-07,0.00016651280793343164,-5.7472378839631e-05
1982,3531,2884.0,0.000166512616399592,-5.757148378655485e-05,-4.859139618444588e-07,0.00016651287981866165,-5.75717472056245e-05
1981,3531,2885.0,0.00016668230796835197,-5.757154901166203e-05,-3.8725429120584423e-07,0.000166682475151401,-5.757171619471105e-05
1980,3531,106.0,0.00016668236429781105,-5.747226779995934e-05,-2.166546338943059e-07,0.00016668241664919342,-5.747232015134172e-05
1986,3532,2877.0,0.00016708008316862165,-5.5310107260150344e-05,-2.732260025330559e-08,0.0001670800840078274,-5.531010809935607e-05
1985,3532,2878.0,0.00016650741483907242,-5.53101052398723e-05,-3.000477271752466e-08,0.00016650741585374248,-5.5310106254542366e-05
1984,3532,99.0,0.00016650713366439792,-5.531319540733406e-05,-6.082765289763988e-07,0.00016650755066815234,-5.531361241108849e-05
1987,3532,98.0,0.00016707988782454057,-5.531319540733406e-05,-6.052158384811874e-07,0.0001670802995791775,-5.5313607161971e-05
1990,3533,2885.0,0.00016668232631076633,-5.7814796010484353e-05,-3.317933796951326e-07,0.00016668244890341425,-5.781491860313227e-05
1991,3533,106.0,0.00016668236429781105,-5.770793068532501e-05,-2.1673246121716643e-07,0.000166682416631791,-5.7707983019304955e-05
1989,3533,2886.0,0.0001667969112448912,-5.781486545930339e-05,-2.2541223456919906e-07,0.00016679696779876326,-5.781492201317543e-05
1988,3533,107.0,0.00016679693105807995,-5.770793068532501e-05,-1.1029344866020499e-07,0.00016679694460416088,-5.770794423140593e-05
1995,3534,97.0,0.0001678923887649466,-5.537590803075809e-05,-5.939963761093445e-07,0.00016789278384014936,-5.537630310596083e-05
1994,3534,2876.0,0.00016789253597751625,-5.536455929218778e-05,2.2631869507324168e-07,0.00016789259333307142,-5.536461664774295e-05
1993,3534,2877.0,0.0001670801652971286,-5.536455178882754e-05,2.1562219634763645e-07,0.000167080217549348,-5.536460404104694e-05
1992,3534,98.0,0.00016707988782454057,-5.537590803075809e-05,-6.052370371404433e-07,0.00016708029949193706,-5.537631969815458e-05
1999,3535,107.0,0.00016679693105807995,-5.783135332725337e-05,-1.1031469442966484e-07,0.0001667969446019343,-5.783136687110773e-05
1998,3535,2886.0,0.00016679692409716135,-5.794203902563086e-05,-1.5077167890318135e-07,0.00016679694938438378,-5.794206431285328e-05
1997,3535,109.0,0.00016683723344665722,-5.7942111417233047e-05,-4.046437878033591e-08,0.00016683723526773862,-5.794211323831444e-05
1996,3535,108.0,0.00016683723344665722,-5.783135332725337e-05,0.0,0.00016683723344665722,-5.783135332725336e-05
2000,3536,97.0,0.0001678923887649466,-5.560049857928002e-05,-5.94036680908014e-07,0.00016789278349669759,-5.560089331103099e-05
2003,3536,96.0,0.00016893612073402126,-5.560049857928002e-05,-5.799792504486423e-07,0.0001689364952557484,-5.560087310100715e-05
2002,3536,95.0,0.00016893612073402126,-5.558629682877623e-05,4.744681508968285e-07,0.00016893637139916344,-5.558654749391841e-05
2001,3536,2876.0,0.00016789257811956638,-5.558628748298874e-05,4.6110717402800174e-07,0.0001678928159715877,-5.558652533501009e-05
2006,3537,3324.0,0.0004985516068859511,-0.0001581524202328077,-9.464694646948296e-06,0.0004985857074052411,-0.00015818652075209769
2005,3537,3325.0,0.0004984267760522847,-0.00015861183228613965,-8.233872598996383e-06,0.0004984525713387141,-0.00015863762757256915
2004,3537,3322.0,0.0004984103045430066,-0.00015716166089004165,-8.23097651849597e-06,0.000498436139351491,-0.000157187495698526
2007,3537,3321.0,0.0004985296741695927,-0.00015683714677525314,-9.395830823856477e-06,0.0004985633488606626,-0.0001568708214663231
2010,3538,3323.0,0.000498651854301306,-0.00015865435705650393,-4.266348966018574e-06,0.0004986587770800224,-0.00015866127983522028
2009,3538,3319.0,0.0004988758253179713,-0.00015799394228917674,-5.515696344885607e-06,0.0004988874038573633,-0.00015800552082856877
2008,3538,3325.0,0.0004992153642233432,-0.00015922508552198178,-6.962060349471194e-06,0.0004992337671516784,-0.00015924348845031697
2011,3538,3324.0,0.0004987513081159325,-0.00016012431007876365,-4.467549416291294e-06,0.0004987588811569709,-0.00016013188311980205
2012,3539,3318.0,0.0004973231752148366,-0.00015381506275642095,-6.82058184107992e-06,0.000497341035884785,-0.00015383292342636937
2013,3539,3319.0,0.0004973448986892205,-0.00015754911790080847,-6.017037677732984e-06,0.000497358719237839,-0.00015756293844942698
2014,3539,3325.0,0.0004983240970599656,-0.00016052202248747322,-9.393823584287475e-06,0.0004983575796269056,-0.00016055550505441322
2015,3539,3322.0,0.0004981308068857972,-0.0001530195550567135,-1.0383452522438885e-05,0.0004981721987207138,-0.00015306094689163016
2018,3540,3315.0,0.0004994644479478887,-0.00016172549914812825,-2.4636249030852986e-06,0.0004994667428355468,-0.00016172779403578636
2016,3540,3319.0,0.0005003072096826412,-0.0001611609000794253,-1.005978743400665e-06,0.0005003075921623981,-0.0001611612825591821
2017,3540,3314.0,0.000500073924736011,-0.00016188550066940043,-1.9062518990635435e-06,0.0005000752970968498,-0.00016188687303023922
2019,3540,3323.0,0.0004996474707819349,-0.000160714637589215,-1.3706209215404164e-06,0.000499648181982526,-0.00016071534878980614
2020,3541,3321.0,0.0004989307315321281,-0.00015948744718858438,-7.275091026527625e-06,0.0004989508271703623,-0.00015950754282681857
2021,3541,3324.0,0.0004989133688080294,-0.00015980020703741053,-7.434421258892959e-06,0.0004989343448670864,-0.00015982118309646755
2022,3541,2867.0,0.000498812982182132,-0.00015974454819436856,-7.700456867328065e-06,0.0004988354916086184,-0.00015976705762085498
2023,3541,2868.0,0.0004988167138666802,-0.00015941151556603532,-7.5727810947348595e-06,0.0004988384939702418,-0.000159433295669597
2024,3542,3324.0,0.0004995110175962485,-0.00016079576250231902,-2.442450560014714e-06,0.0004995132762222812,-0.0001607980211283518
2025,3542,3323.0,0.0004993082130254588,-0.0001614961948041096,-3.2798552843625595e-06,0.0004993122828320103,-0.00016150026461066115
2026,3542,2866.0,0.0004987971043674821,-0.00016134439007274391,-3.745175482969612e-06,0.0004988024161933008,-0.0001613497018985625
2027,3542,2867.0,0.0004988623458359528,-0.00016064845075504635,-3.07192787368446e-06,0.0004988659229910675,-0.00016065202791016106
2028,3543,3323.0,0.000500129003482553,-0.00016253271423404166,5.776293455390935e-07,0.0005001291293595988,-0.00016253284011108742
2029,3543,3315.0,0.0004999334990800665,-0.00016314987721428723,-4.940897240443554e-07,0.0004999335911215165,-0.00016314996925573716
2030,3543,2865.0,0.0004990955690380612,-0.00016307037798227132,-9.203857859393927e-07,0.0004990958888633217,-0.00016307069780753172
2031,3543,2866.0,0.0004991949108970606,-0.00016237704390785728,2.0495319132465828e-07,0.0004991949267705454,-0.00016237705978134216
2035,3544,2870.0,0.0004986640068051461,-0.00015487571397614682,-1.9507217092710333e-05,0.0004988095399636534,-0.0001550212471346542
2032,3544,3320.0,0.0004971265691815288,-0.00015510643338019037,-1.789282265046363e-05,0.0004972492603396972,-0.00015522912453835874
2033,3544,3326.0,0.0004970573812252028,-0.00015662330397617718,-1.610710409109123e-05,0.0004971565884680378,-0.0001567225112190121
2034,3544,2869.0,0.0004987281852752504,-0.0001562417695785659,-1.8010277987683815e-05,0.0004988519729456774,-0.00015636555724899293
2038,3545,2868.0,0.0004987228046510403,-0.0001581495446952659,-1.294193361339735e-05,0.0004987865451153912,-0.00015821328515961682
2036,3545,3326.0,0.0004986422346108868,-0.00015770552226188246,-1.2350925104591404e-05,0.0004987003333274203,-0.00015776362097841593
2039,3545,2869.0,0.0004987101064762682,-0.0001575641364900582,-1.2913037661425875e-05,0.0004987736204749206,-0.00015762765048871056
2037,3545,3321.0,0.0004986513769715158,-0.0001582836773617903,-1.2352199366856553e-05,0.0004987094357342932,-0.0001583417361245677
2043,3546,3326.0,0.0004980975788548662,-0.00015508087381097642,-1.6311448990717625e-05,0.0004981993970866533,-0.0001551826920427635
2041,3546,3322.0,0.0004969311036488212,-0.0001554067158431072,-1.392054525281572e-05,0.0004970053594709725,-0.00015548097166525856
2040,3546,3327.0,0.0004965624786430443,-0.00015515625368591932,-1.55726047784098e-05,0.0004966554909359286,-0.00015524926597880353
2042,3546,3321.0,0.000498328284556742,-0.00015534784509155431,-1.4526681465863722e-05,0.0004984089814098594,-0.00015542854194467172
2047,3547,3327.0,0.0004959759997237578,-0.00015355962262571157,-1.7942151579783405e-05,0.0004960998803111489,-0.0001536835032131026
2046,3547,3322.0,0.0004963678949551215,-0.0001516629723294245,-1.571849465982489e-05,0.000496463197029799,-0.00015175827440410205
2045,3547,3318.0,0.0004956690742911967,-0.00015149060477328202,-1.628435897511188e-05,0.0004957714981570579,-0.00015159302863914325
2044,3547,3317.0,0.0004954298858471876,-0.00015229466961148725,-1.7303436806316574e-05,0.0004955454270613112,-0.00015241021082561083
2051,3548,3320.0,0.0004973275098285983,-0.00014849072600513636,-2.3167694544728307e-05,0.000497535219006017,-0.00014869843518255514
2050,3548,3326.0,0.0004972345281396978,-0.00015353393695608885,-2.0647343776401816e-05,0.0004973982597876151,-0.0001536976686040061
2049,3548,3327.0,0.0004944283343524675,-0.0001555761453983914,-1.3603456173301443e-05,0.0004944995006932508,-0.00015564731173917475
2048,3548,3317.0,0.0004955759607813259,-0.0001500452494152073,-1.864247121117525e-05,0.0004957105092263876,-0.00015017979786026905
2055,3549,3332.0,0.000489260464807871,-0.00013306504397243244,-5.304993359094706e-05,0.0004903889744376513,-0.00013419355360221266
2054,3549,3328.0,0.0004887733078712334,-0.00014166614902868494,-4.812647361244343e-05,0.0004896904430889875,-0.000142583284246439
2053,3549,3331.0,0.0004857694686321995,-0.00013843641506575838,-4.281719837237463e-05,0.0004865028648737658,-0.00013916981130732468
2052,3549,3329.0,0.0004865997118915291,-0.00013120215560768567,-4.790277026028161e-05,0.00048752688487375403,-0.00013212932858991058
2057,3550,3317.0,0.0004892250804223765,-0.00014504604560244968,-2.9409779657185373e-05,0.0004895658143394684,-0.0001453867795195417
2056,3550,3331.0,0.0004871603038758554,-0.00013344537332398137,-3.172477321242845e-05,0.00048756547442924483,-0.0001338505438773708
2059,3550,3328.0,0.0004933006587303709,-0.0001389568202323924,-4.0299327338729624e-05,0.0004939421654402561,-0.00013959832694227756
2058,3550,3330.0,0.0004927743855574242,-0.00014876445183979216,-3.4082071151332605e-05,0.0004932267233849488,-0.00014921678966731675
2061,3551,3317.0,0.0004873277392942986,-0.00013643740218586314,-3.222166556109997e-05,0.00048774357851546677,-0.00013685324140703134
2060,3551,3316.0,0.00048667536878012644,-0.0001271666657612706,-3.3977195723605e-05,0.00048714518302492787,-0.00012763648000607204
2063,3551,3329.0,0.00048511899082366583,-0.00012918585990541725,-4.2678491773529004e-05,0.0004858593646966772,-0.00012992623377842862
2062,3551,3331.0,0.0004862787514455999,-0.00015324703350531573,-4.097488495649615e-05,0.000486934401978456,-0.00015390268403817184
2067,3552,26.0,0.0004959673499416034,-0.0001419587081759806,-4.676409685760302e-05,0.000496823229165431,-0.00014281458739980816
2066,3552,2872.0,0.0004952664950278705,-0.00015004800271414603,-4.193408891493139e-05,0.0004959470218687161,-0.00015072852955499158
2065,3552,3330.0,0.0004929758703458367,-0.0001476447914195661,-3.619721248001445e-05,0.0004934867788130519,-0.0001481556998867813
2064,3552,3328.0,0.0004933202323906295,-0.0001378220631068764,-4.060803916768052e-05,0.0004939727436282437,-0.00013847457434449062
2071,3553,2872.0,0.0004981655794977086,-0.00014861257221441068,-3.6947567020401834e-05,0.0004986928123700272,-0.0001491398050867293
2069,3553,3407.0,0.0004932902745243967,-0.00015196648288501476,-2.7354434391689553e-05,0.0004935800542063777,-0.00015225626256699584
2068,3553,3330.0,0.0004956595986944264,-0.00014722654967177173,-3.407203226941241e-05,0.0004961107241888351,-0.00014767767516618053
2070,3553,2871.0,0.0004972575363584308,-0.00015255207007049154,-3.296994788521551e-05,0.0004976754736920541,-0.0001529700074041147
2073,3554,3332.0,0.0004852284321868114,-0.00013547374310824843,-5.889246642316881e-05,0.00048662223744749865,-0.0001368675483689357
2072,3554,2875.0,0.00048578198847730805,-0.00012741476326603898,-6.424333453659836e-05,0.00048746005607033284,-0.00012909283085906376
2074,3554,2163.0,0.0004904280181662959,-0.00013882226843550498,-6.680362360784314e-05,0.0004921960824866981,-0.0001405903327559072
2075,3554,2162.0,0.0004904280181662959,-0.0001293794975025525,-7.186263968915474e-05,0.0004925040655527718,-0.00013145554488902837
2077,3555,3328.0,0.0004888331670898118,-0.0001408950806453059,-4.869508348002288e-05,0.000489773126931864,-0.00014183504048735814
2076,3555,3332.0,0.0004893150340615701,-0.00013404919353613928,-5.335366202267877e-05,0.0004904545841143894,-0.00013518874358895864
2079,3555,2163.0,0.0004929075578633049,-0.00013628952525720128,-5.8607380704733814e-05,0.0004942693755573508,-0.00013765134295124718
2078,3555,26.0,0.0004929075483301876,-0.00014490474363290304,-5.384080367507732e-05,0.0004940417716458564,-0.0001460389669485719
2082,3556,3332.0,0.0004851566668113774,-0.0001343575803825365,-5.8475810007972695e-05,0.000486533486570144,-0.0001357344001413031
2081,3556,3329.0,0.00048122559482259575,-0.000132044329721609,-5.2279753087698666e-05,0.00048233775801772064,-0.00013315649291673388
2080,3556,3333.0,0.0004817449571261588,-0.00012416911179013036,-5.7431714763508945e-05,0.00048310283389131045,-0.000125526988555282
2083,3556,2875.0,0.00048573881442148803,-0.00012578539705531013,-6.411548221508384e-05,0.0004874147741052128,-0.00012746135673903492
2086,3557,3329.0,0.0004804431061094898,-0.00012978348108478612,-4.62763593547591e-05,0.0004813191869822442,-0.00013065956195754054
2087,3557,3333.0,0.0004833683517802209,-0.00011140290543656451,-7.206010718396882e-05,0.00048554302906139387,-0.00011357758271773747
2085,3557,3316.0,0.0004703185982681251,-0.0001278621101168524,-4.081189791322812e-05,0.0004710139053801896,-0.00012855741722891687
2084,3557,2874.0,0.0004709371853441509,-0.00011929677324831097,-5.224462060989671e-05,0.0004720910391797016,-0.00012045062708386164
2091,3558,3156.0,0.0004779317645146747,-0.00011364880309128056,-7.566319066194815e-05,0.0004803412821830137,-0.0001160583207596196
2090,3558,2875.0,0.00047691986415341475,-0.00012631356556098462,-6.846983366409765e-05,0.00047885655845471324,-0.0001282502598622831
2089,3558,3333.0,0.00047032155751376703,-0.00012177156863907768,-4.8696037125473685e-05,0.0004713211078899423,-0.00012277111901525293
2088,3558,2874.0,0.0004741684502830839,-0.00011174453867559428,-6.417159016473481e-05,0.0004759202962077631,-0.00011349638460027343
2094,3559,3335.0,0.000490621802225321,-0.0001517645733897458,-1.19304050064592e-05,0.0004906771903443899,-0.0001518199615088147
2095,3559,3334.0,0.00049046399789268,-0.0001337323613647774,-1.3185715276756854e-05,0.0004905336248991105,-0.00013380198837120792
2093,3559,144.0,0.0004890388197420388,-0.0001496834548742232,-4.5178512410662397e-07,0.0004890388996319146,-0.000149683534764099
2092,3559,143.0,0.0004890388197420388,-0.0001363844211072315,-2.242118185452266e-06,0.0004890408292123772,-0.0001363864305775698
2099,3560,3317.0,0.0004937457251659588,-0.00014217191506906362,-1.9569231059593864e-05,0.0004938962415847804,-0.00014232243148788517
2098,3560,3318.0,0.0004950278976443151,-0.00015116169203412472,-1.824339058588073e-05,0.0004951566350195905,-0.00015129042940940007
2097,3560,3335.0,0.0004908200721906852,-0.0001515923091588911,-8.869200290046592e-06,0.000490850682966563,-0.0001516229199347689
2096,3560,3334.0,0.00049054813098438,-0.00014246906087087794,-1.2459429086885201e-05,0.0004906094335616023,-0.0001425303634481003
2102,3561,3319.0,0.0004972918397859911,-0.00015688835340303778,-8.185171022611834e-06,0.0004973174422130555,-0.0001569139558301021
2100,3561,3335.0,0.0004968237828139564,-0.0001518533522199822,-3.5879214542768045e-06,0.0004968287440963916,-0.00015185831350241743
2103,3561,3318.0,0.0004972800118393031,-0.00015162178722464024,-8.544134735024439e-06,0.0004973081359231858,-0.00015164991130852293
2101,3561,3336.0,0.000496838126738116,-0.00015776172576361484,-3.1968359186472506e-06,0.0004968420297709829,-0.00015776562879648182
2104,3562,3336.0,0.0004990769098474901,-0.0001584101120360382,4.810742738545204e-08,0.0004990769107274788,-0.0001584101129160269
2105,3562,145.0,0.0004992183284330768,-0.00016005238307608194,-1.715518992766521e-06,0.0004992194444391352,-0.00016005349908214037
2106,3562,3314.0,0.000499319026998157,-0.00015955208640863793,-3.0964786239479417e-06,0.0004993226650871287,-0.0001595557244976096
2107,3562,3319.0,0.0004992745470657756,-0.00015794086523216472,-2.6238224503580265e-06,0.0004992771658482516,-0.00015794348401464083
2110,3563,3336.0,0.0004967750501841534,-0.00016167077857697876,-5.701529279939638e-06,0.000496787392439729,-0.00016168312083255433
2108,3563,144.0,0.0004968799083749538,-0.0001496834548742232,9.359635144076672e-07,0.0004968802470993895,-0.00014968379359865886
2109,3563,145.0,0.0004968799083749538,-0.00015606309584260126,8.321265396512428e-07,0.0004968801734954514,-0.0001560633609630989
2111,3563,3335.0,0.0004967797079814418,-0.0001507730071839473,-5.2379833855847185e-06,0.0004967903001774619,-0.0001507835993799673
2112,3564,3337.0,0.0004831853578022467,-0.00012623355537132175,-1.876033058818838e-05,0.0004833297029538661,-0.0001263779005229411
2113,3564,3334.0,0.00048284767040435855,-0.00014241258128249915,-1.3456797747170637e-05,0.00048292006603506204,-0.00014248497691320266
2114,3564,3317.0,0.000485999866971178,-0.00014185596345826803,-2.6654071332413154e-05,0.0004862826228526332,-0.0001421387193397232
2115,3564,3316.0,0.00048728492112673494,-0.00012770565861069773,-3.539402185503797e-05,0.0004877937505278988,-0.00012821448801186164
2116,3565,142.0,0.00047468694332189476,-0.00012307363975067783,-6.795392800365563e-06,0.00047470625534781346,-0.0001230929517765965
2117,3565,143.0,0.00047468694332189476,-0.0001363844211072315,1.3531937511426784e-06,0.0004746876924696989,-0.0001363851702550356
2118,3565,3334.0,0.00048282241756839213,-0.0001330552813130281,-1.3974199453781547e-05,0.0004829016756432335,-0.00013313453938786947
2119,3565,3337.0,0.00048412250297405826,-0.00010850240060754867,-3.112866789987609e-05,0.00048453099344649043,-0.00010891089107998084
2120,3566,142.0,0.00047171714854914084,-0.00010596455781787786,-2.2085324425647618e-05,0.0004719281572460285,-0.00010617556651476557
2121,3566,3337.0,0.00047354543450438616,-0.00012486656051942694,-3.819727309745807e-06,0.00047355152987355823,-0.00012487265588859901
2122,3566,3316.0,0.00047026923189436715,-0.0001279711154709735,-3.9931970014426416e-05,0.0004709348465027016,-0.00012863673007930791
2123,3566,2874.0,0.00047016669114496,-0.00010812305005108483,-3.9238410535202654e-05,0.000470831532959202,-0.00010878789186532682
2125,3567,3313.0,0.0005002612678417298,-0.00016443269147396337,1.7651648725955371e-06,0.0005002624397350088,-0.00016443386336724238
2127,3567,2865.0,0.0004992747619790155,-0.0001635479123538305,2.3446197085531806e-06,0.0004992768353934424,-0.0001635499857682573
2126,3567,2864.0,0.0004992292386526015,-0.00016441963193100407,1.063686195228175e-06,0.0004992296648672933,-0.0001644200581456959
2124,3567,3315.0,0.0005003007220102038,-0.0001636517998128853,2.9117075790174862e-06,0.0005003039142566315,-0.00016365499205931306
2130,3568,2870.0,0.0004986107722154028,-0.00015390083841055398,-2.5210994692364402e-05,0.0004988541997709943,-0.00015414426596614553
2128,3568,3407.0,0.0004955386007464146,-0.00015172692955636702,-2.4679560709187087e-05,0.000495773766793429,-0.00015196209560338134
2131,3568,2871.0,0.0004989527497652052,-0.00015203739423038363,-2.7528898092578358e-05,0.0004992436534514437,-0.00015232829791662206
2129,3568,3320.0,0.0004965687666706985,-0.00015422564587400144,-2.295913306670644e-05,0.0004967711953760983,-0.00015442807457940132
2135,3569,3315.0,0.0005002166703358801,-0.00016246121915668887,5.69788554671824e-07,0.0005002167928157992,-0.00016246134163660795
2134,3569,3313.0,0.0005001972865078565,-0.00016472169711689914,-5.968105785264521e-08,0.000500197287847053,-0.00016472169845609566
2133,3569,3312.0,0.0005005842683466696,-0.00016444000390390925,1.599976213658219e-06,0.000500585230687552,-0.00016444096624479166
2132,3569,3314.0,0.0005005967699285747,-0.00016281986154264655,2.045412583393663e-06,0.0005005983465029683,-0.00016282143811704018
2137,3570,146.0,0.0005012285653611705,-0.00016465162632971748,1.3468364999814214e-06,0.0005012292464021163,-0.00016465230737066342
2136,3570,145.0,0.0005012285653611705,-0.0001617590991937401,2.118971162349062e-06,0.0005012302584648134,-0.00016176079229738308
2139,3570,3314.0,0.0005005213419510754,-0.00016077249293477218,-2.670232592556082e-07,0.0005005213689063463,-0.00016077251989004318
2138,3570,3312.0,0.0005004949698498035,-0.00016388634272057175,-1.1970317271552816e-06,0.0005004955090295508,-0.00016388688190031913
2140,3571,3339.0,0.0005004483032932834,-0.00016541978547591677,3.1052450016541555e-06,0.0005004519235651726,-0.00016542340574780598
2141,3571,3344.0,0.0005004464824552024,-0.00016557101607458978,2.2610178455617636e-06,0.0005004484013938864,-0.0001655729350132738
2142,3571,3342.0,0.0004997585660724696,-0.0001655418861049243,2.300292124918224e-06,0.0004997605543951999,-0.00016554387442765462
2143,3571,3338.0,0.000499831803811062,-0.0001654088184356449,3.055964248235149e-06,0.0004998353133938752,-0.00016541232801845808
2147,3572,3342.0,0.000499805408032794,-0.00016566055153588877,2.7914135921833227e-06,0.0004998083352882965,-0.00016566347879139122
2144,3572,3344.0,0.0005008882034307008,-0.00016564633259629158,2.47537920540844e-06,0.0005008905016916128,-0.0001656486308572036
2145,3572,3343.0,0.0005001722134296803,-0.00016560697952828655,1.8070374783393794e-06,0.000500173439578856,-0.0001656082056774622
2146,3572,3341.0,0.0004996140647940961,-0.00016561945910636565,2.0626169951500073e-06,0.0004996156636231128,-0.00016562105793538237
2148,3573,3340.0,0.0005005540279936476,-0.00016554695732180996,2.145847379279864e-06,0.0005005557562034572,-0.00016554868553161965
2149,3573,3343.0,0.0005005657142024469,-0.00016575582912229403,2.045717856408863e-06,0.0005005672843721826,-0.00016575739929202972
2151,3573,3339.0,0.0005004458515601509,-0.00016552870030861618,1.968709248047207e-06,0.0005004473064984909,-0.00016553015524695618
2150,3573,3344.0,0.0005004453121334775,-0.00016596240764217584,1.7177662595818655e-06,0.0005004464190819468,-0.0001659635145906451
2155,3574,3341.0,0.0004996019687504936,-0.0001657205729613206,2.3188026194685685e-06,0.0004996039891349399,-0.00016572259334576693
2154,3574,3311.0,0.0004994907631209883,-0.0001656325335731201,1.4112509143515695e-06,0.0004994915117141107,-0.0001656332821662425
2153,3574,3310.0,0.0005001351423332429,-0.00016562952812650995,1.318121568893993e-06,0.0005001357947570065,-0.00016563018055027354
2152,3574,3343.0,0.0005002160085290121,-0.00016569688569903785,2.0128795117230203e-06,0.0005002175296268572,-0.000165698406796883
2159,3575,3343.0,0.0005000806445862593,-0.00016589253586772539,8.144066946328549e-07,0.0005000808935670125,-0.00016589278484847853
2157,3575,149.0,0.0005002416324335016,-0.00016574325690787203,4.979125671038254e-07,0.0005002417254975087,-0.0001657433499718791
2156,3575,148.0,0.0005002416324335016,-0.00016590732421172254,7.067658405260357e-07,0.00050024181989826,-0.00016590751167648094
2158,3575,3310.0,0.000500051884089657,-0.000165696261516819,5.871478831048771e-07,0.0005000520135464838,-0.0001656963909736458
2161,3576,148.0,0.0005008116157621551,-0.00016590732421172254,7.734170216246172e-07,0.0005008118400597009,-0.0001659075485092684
2160,3576,147.0,0.0005008116157621551,-0.0001656481029524339,8.974066545500148e-07,0.0005008119178578092,-0.00016564840504808802
2162,3576,3343.0,0.0005007121678883928,-0.00016593163653380415,5.538754843312232e-07,0.0005007122829340878,-0.00016593175157949915
2163,3576,3340.0,0.0005006980040317254,-0.00016562654603154267,6.701931690063223e-07,0.000500698172552745,-0.00016562671455256224
2167,3577,2862.0,0.0004990991607755312,-0.00016525160450252708,3.677154391531351e-06,0.0004991042489614591,-0.00016525669268845506
2166,3577,2861.0,0.000499033562515086,-0.00016526077009135578,2.820798244974193e-06,0.0004990365569960264,-0.00016526376457229617
2165,3577,3342.0,0.0004997978390014583,-0.00016526187225061363,2.7260929532126055e-06,0.0004998006325670013,-0.00016526466581615664
2164,3577,3338.0,0.0004998842462184926,-0.00016525248795129467,3.6030897172037446e-06,0.0004998891257265714,-0.00016525736745937356
2170,3578,2860.0,0.0004989824080131634,-0.00016536291833999867,2.5159387633394426e-06,0.0004989847900293054,-0.00016536530035614065
2169,3578,3341.0,0.0004996931281587152,-0.00016536679668021715,2.4335325991241274e-06,0.0004996953542968673,-0.00016536902281836916
2168,3578,3342.0,0.0004999074905593058,-0.00016533703295290852,3.2696203794042866e-06,0.0004999115080117191,-0.00016534105040532184
2171,3578,2861.0,0.0004990524003866958,-0.00016533289678657796,3.3540151901621795e-06,0.0004990566333770521,-0.0001653371297769342
2175,3579,2860.0,0.0004989394172635678,-0.00016541487945891857,2.8645939333937775e-06,0.0004989425051717453,-0.0001654179673670961
2174,3579,2859.0,0.0004989332414357776,-0.00016531240091976606,2.085208244011205e-06,0.0004989348779097082,-0.0001653140373936966
2173,3579,3311.0,0.0004995549318668486,-0.0001653093377333964,1.9802285941873665e-06,0.0004995564063394471,-0.00016531081220599487
2172,3579,3341.0,0.000499639371583132,-0.0001654009160642865,2.6663481154862168e-06,0.000499642044121862,-0.00016540358860301653
2179,3580,3345.0,0.0004999837712889692,-0.00016521017172173508,2.8774877136421295e-06,0.000499986883124583,-0.00016521328355734898
2178,3580,3338.0,0.0004999699807602051,-0.00016533847263746753,2.3336011618219077e-06,0.0004999720270582813,-0.00016534051893554375
2177,3580,3339.0,0.000500426103481718,-0.0001653492182920578,2.396571980554929e-06,0.000500428260192272,-0.00016535137500261186
2176,3580,3346.0,0.0005004855167036228,-0.0001652069170840595,3.0102780932926565e-06,0.0005004889198247243,-0.000165210320205161
2183,3581,3346.0,0.0005004957291207361,-0.00016507613661191395,3.1263017840066354e-06,0.0005004994002903865,-0.0001650798077815644
2182,3581,3339.0,0.0005003145580000437,-0.00016545851085774266,1.2600111120690538e-06,0.0005003151541591012,-0.00016545910701680017
2181,3581,3340.0,0.0005011341620429592,-0.00016547518616285916,1.3516786629176603e-06,0.0005011348472393696,-0.00016547587135926949
2180,3581,3312.0,0.000501299490913364,-0.00016529158514089985,2.264180560627299e-06,0.0005013014135684252,-0.0001652935077959611
2185,3582,3346.0,0.0005005742473557367,-0.00016520383969941725,3.1252947132742737e-06,0.000500577915024224,-0.00016520750736790453
2187,3582,3313.0,0.0005002848681201592,-0.00016437837214927834,1.8950986041474382e-06,0.0005002862189513783,-0.0001643797229804974
2186,3582,3345.0,0.0005003095240723385,-0.0001652388629129407,1.8366747622511337e-06,0.0005003107912107711,-0.00016524013005137335
2184,3582,3312.0,0.0005004222255540099,-0.00016426066425250768,2.584290262609007e-06,0.0005004247374777501,-0.00016426317617624785
2188,3583,146.0,0.0005013315156265196,-0.00016465162632971748,1.3181677456022833e-06,0.0005013321678819576,-0.00016465227858515548
2191,3583,3312.0,0.0005009621112982126,-0.00016443257029426074,6.344003705277546e-07,0.0005009622625106245,-0.00016443272150667266
2190,3583,3340.0,0.0005008626307871546,-0.00016555748455188724,-1.0570033257689682e-07,0.0005008626349784148,-0.00016555748874314734
2189,3583,147.0,0.0005013315156265196,-0.0001656481029524339,8.502223003206688e-07,0.000501331786578452,-0.00016564837390436636
2195,3584,2864.0,0.0004992020874390081,-0.00016446110753892332,3.3514283512663112e-06,0.0004992063185009652,-0.00016446533860088036
2194,3584,2863.0,0.000499205809949603,-0.0001648874945124548,2.4049177268226085e-06,0.0004992079872077805,-0.00016488967177063227
2193,3584,3345.0,0.0005001725386720238,-0.00016491459900590797,2.77936973402948e-06,0.0005001754423751458,-0.00016491750270903
2192,3584,3313.0,0.0005000347640375796,-0.00016446789748857094,3.7107735429420252e-06,0.000500039944503263,-0.00016447307795425427
2198,3585,2862.0,0.0004990626325440221,-0.00016515835039364974,2.793292212213694e-06,0.0004990655692349302,-0.00016516128708455783
2196,3585,3345.0,0.000500009452263226,-0.0001649832122273356,3.8900179621867426e-06,0.0005000151410892474,-0.000164988901053357
2199,3585,2863.0,0.0004991390580125314,-0.00016497283198902844,3.7777981713033038e-06,0.0004991444304670021,-0.00016497820444349916
2197,3585,3338.0,0.0004999836276522035,-0.00016517685692321203,2.8727067200480516e-06,0.0004999867293117315,-0.00016517995858273993
2200,3586,3352.0,0.0004985059655973154,-0.00016461944976064959,1.428244552365704e-07,0.0004985059732877252,-0.00016461945745105936
2201,3586,3351.0,0.0004985062151008409,-0.00016455110754968292,8.941460102537824e-08,0.0004985062181152751,-0.00016455111056411714
2203,3586,2854.0,0.000498452698096695,-0.00016461736429054528,2.0977688168326292e-07,0.0004984527146885837,-0.00016461738088243403
2202,3586,2853.0,0.0004984532130362339,-0.00016454900190520402,1.5600965422649105e-07,0.0004984532222138095,-0.00016454901108277966
2207,3587,3352.0,0.0004985060783152615,-0.0001646712885541657,1.1908427522376586e-07,0.0004985060836611409,-0.000164671293900045
2206,3587,3351.0,0.0004985061834064698,-0.00016457730362025216,9.628155533958349e-08,0.0004985061869015569,-0.00016457730711533913
2205,3587,154.0,0.000498528250050671,-0.00016457934820654987,4.020329407924961e-09,0.0004985282500567646,-0.0001645793482126435
2204,3587,153.0,0.000498528250050671,-0.00016467246490758437,2.6174772394665924e-08,0.0004985282503089331,-0.00016467246516584658
2211,3588,3349.0,0.0004985904571896804,-0.00016482267527466324,2.249085329832784e-07,0.0004985904762516511,-0.00016482269433663394
2210,3588,3352.0,0.0004985907835160178,-0.00016467058333871892,1.7601989771125204e-07,0.0004985907951942964,-0.00016467059501699743
2209,3588,153.0,0.0004986376796988767,-0.00016467246490758437,2.7556130845901583e-08,0.0004986376799850703,-0.0001646724651937779
2208,3588,152.0,0.0004986376796988767,-0.0001648204226010003,7.410684139952384e-08,0.0004986376817682704,-0.00016482042467039394
2212,3589,3349.0,0.0004985898451885171,-0.00016472648639571236,3.139944274189316e-07,0.0004985898823474449,-0.00016472652355464026
2215,3589,2855.0,0.0004984748234078615,-0.00016472414369224966,4.2314073024456167e-07,0.0004984748909019576,-0.00016472421118634583
2213,3589,3352.0,0.0004985906096932474,-0.00016461775426320957,2.0114843215027212e-07,0.0004985906249451249,-0.000164617769515087
2214,3589,2854.0,0.0004984770786527464,-0.00016461440534968968,3.07811421724688e-07,0.0004984771143747653,-0.0001646144410717086
2217,3590,3350.0,0.0004984630851217371,-0.00016451400353274947,2.825818126890589e-08,0.0004984630854228504,-0.0001645140038338627
2216,3590,3351.0,0.000498463032567115,-0.00016455234797606012,4.788752104752103e-08,0.0004984630334318064,-0.0001645523488407515
2218,3590,2852.0,0.000498443747850864,-0.00016451298151192007,6.571129789086083e-08,0.0004984437494791659,-0.00016451298314022186
2219,3590,2853.0,0.00049844365926025,-0.00016455117390356785,8.533397409180021e-08,0.000498443662006081,-0.00016455117664939886
2220,3591,154.0,0.0004984719670833079,-0.00016457934820654987,2.7795933783825166e-09,0.0004984719670862209,-0.00016457934820946293
2221,3591,155.0,0.0004984719670833079,-0.00016452657289130828,-6.221108425283339e-09,0.0004984719670979014,-0.00016452657290590193
2222,3591,3350.0,0.0004984630376306774,-0.00016452538373230548,4.593363149389684e-08,0.0004984630384262791,-0.00016452538452790708
2223,3591,3351.0,0.0004984630133906681,-0.00016457819087164355,5.5081891311981046e-08,0.0004984630145346447,-0.00016457819201562022
2225,3592,3348.0,0.0004984446346137598,-0.00016449504873651695,-1.463793123171464e-09,0.0004984446346145677,-0.00016449504873732496
2224,3592,3350.0,0.0004984446293608193,-0.00016451468668772238,2.378588201401577e-09,0.0004984446293629528,-0.00016451468668985585
2227,3592,2852.0,0.0004984408636981921,-0.000164514165033985,2.165947575981375e-08,0.0004984408638751018,-0.00016451416521089476
2226,3592,2851.0,0.0004984408720206685,-0.00016449463925417406,1.7823088357613037e-08,0.0004984408721404624,-0.00016449463937396794
2228,3593,155.0,0.0004984471637667198,-0.00016452657289130828,-6.784448159519174e-09,0.0004984471637840767,-0.00016452657290866524
2231,3593,3350.0,0.0004984446049600653,-0.0001645259605782553,2.0117001101396803e-08,0.0004984446051126716,-0.0001645259607308615
2230,3593,3348.0,0.0004984446084988475,-0.00016449887982021336,1.750940712905158e-08,0.0004984446086144604,-0.00016449887993582625
2229,3593,156.0,0.0004984471637667198,-0.00016449939353258773,-9.364115986093546e-09,0.0004984471637997868,-0.00016449939356565476
2235,3594,3347.0,0.0004987345697567945,-0.00016504670183837194,3.8858343757303127e-07,0.0004987346266268365,-0.0001650467587084139
2234,3594,3349.0,0.0004987347962811285,-0.00016482369523689624,2.9070107972727077e-07,0.0004987348281197361,-0.0001648237270755038
2233,3594,152.0,0.000498829996561645,-0.0001648204226010003,7.12204491493118e-08,0.0004988299984724222,-0.0001648204245117775
2232,3594,151.0,0.000498829996561645,-0.00016502951100119594,1.6250734975221948e-07,0.0004988300065067606,-0.00016502952094631156
2237,3595,3349.0,0.0004987345753781,-0.00016472505035998767,3.85418967669901e-07,0.0004987346313527827,-0.00016472510633467035
2236,3595,3347.0,0.0004987341062495879,-0.00016487581268791882,5.874081135358311e-07,0.0004987342362386879,-0.00016487594267701873
2238,3595,2855.0,0.0004985261438956168,-0.00016472177781766872,5.368835139345218e-07,0.0004985262525442273,-0.00016472188646627918
2239,3595,2856.0,0.0004985178584307054,-0.00016487700464504136,7.506879137128553e-07,0.0004985180707975003,-0.00016487721701183633
2243,3596,2851.0,0.0004984406527050039,-0.00016449513322734776,-5.543973925770107e-09,0.0004984406527165947,-0.00016449513323893845
2240,3596,3348.0,0.0004984389604525147,-0.00016449533720707315,-1.5226960959485725e-08,0.000498438960539952,-0.00016449533729451035
2241,3596,3309.0,0.0004984389592355681,-0.00016448553722540787,-1.351484714071094e-08,0.000498438959304449,-0.00016448553729428867
2242,3596,2850.0,0.000498440650927582,-0.00016448539856948159,-3.846513975391819e-09,0.0004984406509331617,-0.00016448539857506127
2244,3597,156.0,0.0004984390135247523,-0.00016449939353258773,-9.519633276111605e-09,0.0004984390135589272,-0.00016449939356676265
2245,3597,157.0,0.0004984390135247523,-0.00016448599209167465,-9.586767581171163e-09,0.0004984390135594117,-0.00016448599212633396
2246,3597,3309.0,0.0004984389470635703,-0.00016448581338980396,3.6794076466173387e-09,0.0004984389470686757,-0.0001644858133949094
2247,3597,3348.0,0.0004984389470163095,-0.00016449914019949248,3.755602389840518e-09,0.0004984389470216284,-0.00016449914020481138
2248,3598,3354.0,0.0004989568723331485,-0.00016505674895960922,9.702117676601424e-07,0.0004989572267349038,-0.00016505710336136447
2249,3598,3347.0,0.0004989447431735326,-0.0001648763657690957,6.608791787397761e-07,0.0004989449076610635,-0.00016487653025662658
2250,3598,2856.0,0.0004986132587671919,-0.00016487775962146733,8.523950293035099e-07,0.0004986135325376598,-0.0001648780333919352
2251,3598,2857.0,0.0004985919122413272,-0.000165070063005047,1.2017201661898569e-06,0.0004985924562419736,-0.00016507060700569337
2255,3599,2858.0,0.0004987129027625922,-0.0001652026681121577,1.6891737130778073e-06,0.0004987139771850567,-0.0001652037425346222
2254,3599,2857.0,0.0004987031613124387,-0.00016507297971242045,1.2402077250138477e-06,0.0004987037406168773,-0.000165073559016859
2253,3599,3354.0,0.0004991295426281846,-0.00016506515101718885,1.0905347169049007e-06,0.000499129990262432,-0.0001650655986514362
2252,3599,3353.0,0.0004992495468695186,-0.00016519531236432904,1.5094948219648852e-06,0.0004992504041911029,-0.0001651961696859133
2257,3600,3353.0,0.0004993530153257365,-0.00016519621271730319,1.5234110710173054e-06,0.0004993538883905691,-0.00016519708578213588
2256,3600,3311.0,0.0004994247893252042,-0.0001653142296460421,2.1155196866448622e-06,0.0004994264724715537,-0.00016531591279239164
2258,3600,2858.0,0.0004988102932250334,-0.0001652012586117626,1.6550036184906358e-06,0.000498811324469413,-0.00016520228985614224
2259,3600,2859.0,0.0004988184222643466,-0.000165318658764317,2.2563376990067385e-06,0.0004988203386778653,-0.0001653205751778357
2260,3601,3310.0,0.0004997731666795853,-0.00016563109018881528,1.3678414653925386e-06,0.0004997738696313167,-0.0001656317931405467
2261,3601,3355.0,0.000499738569501005,-0.0001654429954211363,9.005822278092268e-07,0.0004997388743230341,-0.00016544330024316538
2263,3601,3311.0,0.0004993622073835389,-0.00016563891098140426,1.548606578211792e-06,0.0004993631089531065,-0.00016563981255097182
2262,3601,3353.0,0.0004993088714516682,-0.0001654627120141038,1.1190854392849336e-06,0.0004993093424222107,-0.00016546318298464634
2267,3602,3353.0,0.0004991543750609805,-0.0001654561062125862,1.0808843686205272e-06,0.0004991548145327758,-0.00016545654568438155
2266,3602,3354.0,0.000499040419836394,-0.00016534703607742592,6.79196938595597e-07,0.0004990405934204814,-0.0001653472096615133
2265,3602,150.0,0.0004994063816230083,-0.00016532783910849346,5.10709702925341e-07,0.0004994064797164846,-0.00016532793720196978
2264,3602,3355.0,0.0004998669616052484,-0.00016543493402275888,8.167914035753232e-07,0.0004998672122989373,-0.00016543518471644772
2270,3603,3355.0,0.0004997283293350085,-0.00016536681443215452,7.637573181465407e-07,0.0004997285485987689,-0.00016536703369591485
2269,3603,150.0,0.0004995813660074698,-0.00016555761399419605,4.2099291149878815e-07,0.000499581432623252,-0.0001655576806099783
2268,3603,149.0,0.0004995813660074698,-0.00016574325690787203,2.897437217687371e-07,0.0004995813975527552,-0.0001657432884531574
2271,3603,3310.0,0.0004997121450223789,-0.00016568493706761023,5.159536226664874e-07,0.0004997122450408896,-0.00016568503708612098
2274,3604,3347.0,0.0004989365526800564,-0.00016505204135794014,4.4058587061503174e-07,0.0004989366257671131,-0.00016505211444499683
2275,3604,3354.0,0.0004989442975152393,-0.00016533308806893383,6.317426053531472e-07,0.0004989444477155314,-0.00016533323826922584
2273,3604,151.0,0.0004991423773959801,-0.00016502951100119594,1.3793823283071716e-07,0.0004991423845578896,-0.00016502951816310544
2272,3604,150.0,0.0004991423773959801,-0.00016527600260580095,3.150456521303774e-07,0.0004991424147420862,-0.0001652760399519071
2279,3605,2850.0,0.0004984408172966706,-0.0001644855169397054,-1.2077190539305782e-08,0.0004984408173516761,-0.0001644855169947109
2278,3605,2849.0,0.0004984408160234842,-0.0001644791497330038,-9.721609395968445e-09,0.0004984408160591256,-0.00016447914976864528
2277,3605,2873.0,0.0004984384804213107,-0.00016447919563099186,-1.6042620655520867e-08,0.0004984384805183686,-0.00016447919572804977
2276,3605,3309.0,0.0004984384812921142,-0.00016448560759062036,-1.8415868604376717e-08,0.0004984384814200113,-0.00016448560771851749
2283,3606,3309.0,0.0004984384749892427,-0.00016448587931324046,-1.2211967652386857e-09,0.0004984384749898051,-0.00016448587931380286
2282,3606,2873.0,0.0004984384748043316,-0.0001644774777718258,-7.198225140947478e-10,0.000498438474804527,-0.00016447747777202117
2281,3606,158.0,0.0004984379722595481,-0.00016447753559286485,-9.093039241708789e-09,0.0004984379722907297,-0.00016447753562404659
2280,3606,157.0,0.0004984379722595481,-0.00016448599209167465,-9.600792987007889e-09,0.0004984379722943089,-0.00016448599212643555
2285,3607,160.0,0.0004984380207305426,-0.00016447119280104864,-1.0872013168211625e-08,0.0004984380207751191,-0.0001644711928456251
2286,3607,161.0,0.0004984401652979586,-0.00016447119280104864,-3.0281008638055606e-09,0.0004984401653014166,-0.00016447119280450662
2287,3607,2849.0,0.0004984401660293493,-0.0001644791167185581,-5.191867002291017e-09,0.0004984401660395148,-0.00016447911672872357
2284,3607,2873.0,0.0004984380212490029,-0.00016447917383391044,-1.3052173765404351e-08,0.0004984380213132489,-0.00016447917389815644
2288,3608,158.0,0.0004984374268252011,-0.00016447753559286485,-9.09680729008211e-09,0.0004984374268564086,-0.00016447753562407244
2289,3608,159.0,0.0004984374268252011,-0.0001644660570642554,-8.500057591814825e-09,0.000498437426852449,-0.00016446605709150329
2290,3608,160.0,0.000498438017467278,-0.0001644660570642554,2.860990538228192e-09,0.0004984380174703649,-0.00016446605706734227
2291,3608,2873.0,0.0004984380176080959,-0.000164477457088176,2.2710308286710834e-09,0.000498438017610041,-0.00016447745709012102
2295,3609,3371.0,0.0004978314659832943,-0.000163897304640249,3.6754473331339355e-06,0.0004978365695882421,-0.00016390240824519682
2292,3609,2865.0,0.0004993310171197973,-0.0001639248819248246,3.874529504462043e-06,0.0004993366755130482,-0.00016393054031807556
2293,3609,2864.0,0.0004992696526057855,-0.00016429089437602201,2.1773414166752214e-06,0.0004992714387287345,-0.00016429268049897094
2294,3609,3372.0,0.0004978094673194176,-0.00016426558947813484,1.9763618897307433e-06,0.0004978109422268235,-0.00016426706438554063
2296,3610,3371.0,0.000497842886223343,-0.00016368625774372428,4.5577570828639336e-06,0.0004978507365589271,-0.0001636941080793084
2297,3610,3372.0,0.0004978127169110204,-0.00016392164958125882,2.231106178387371e-06,0.0004978145975072553,-0.00016392353017749377
2298,3610,3367.0,0.0004959100956915714,-0.00016390585677530164,2.1942546551620423e-06,0.0004959119199655079,-0.00016390768104923808
2299,3610,3368.0,0.0004958619867533251,-0.00016367997987330317,4.419051961343512e-06,0.0004958693887846077,-0.00016368738190458584
2300,3611,3372.0,0.0004979008886773252,-0.00016413079983093907,4.776479951392604e-06,0.0004979095039990035,-0.0001641394151526174
2301,3611,3365.0,0.0004978567000634218,-0.00016402140530438715,2.501505207808119e-06,0.000497859063605103,-0.00016402376884606826
2303,3611,3367.0,0.00049595751619377,-0.00016413844955757984,5.029074513163145e-06,0.0004959670948098999,-0.00016414802817370976
2302,3611,3366.0,0.0004961485803524589,-0.00016404476880927884,3.0698874967111794e-06,0.0004961521490639249,-0.00016404833752074483
2307,3612,3372.0,0.0004978960381096867,-0.00016446893271806627,4.519962100178743e-06,0.0004979037490471807,-0.0001644766436555602
2306,3612,3365.0,0.0004978685085881181,-0.0001645228777274135,3.1002826663302507e-06,0.0004978721362394471,-0.00016452650537874256
2305,3612,2863.0,0.0004992036445188343,-0.00016453032955463139,2.9550863061486576e-06,0.0004992069336723746,-0.00016453361870817174
2304,3612,2864.0,0.0004991977131361194,-0.00016447287899850618,4.465681361021795e-06,0.0004992052251776847,-0.00016448039104007147
2311,3613,3370.0,0.0004979056288037,-0.00016314739645546892,1.8981330554800058e-06,0.0004979069913652239,-0.00016314875901699287
2309,3613,2865.0,0.0004992384828533467,-0.00016364306828271032,5.514370311626715e-07,0.0004992385975355045,-0.00016364318296486813
2308,3613,2866.0,0.0004993912512501024,-0.00016317554333429205,2.2259008979584605e-06,0.0004993931207298546,-0.0001631774128140442
2310,3613,3371.0,0.0004978574495394447,-0.00016360956848967927,2.723260079245948e-07,0.0004978574775686016,-0.00016360959651883622
2313,3614,3371.0,0.0004978837655943563,-0.00016357980620759684,1.153704568265107e-06,0.0004978842686580454,-0.00016358030927128597
2312,3614,3370.0,0.0004979644120680048,-0.00016316977369656884,3.864249131724923e-06,0.0004979700585366579,-0.00016317542016522195
2314,3614,3368.0,0.0004956621881599191,-0.00016356924508524379,8.856125851344765e-07,0.0004956624855931335,-0.00016356954251845824
2315,3614,3369.0,0.0004957008688787935,-0.00016318545235592815,3.417104625844797e-06,0.0004957052992809486,-0.0001631898827580832
2319,3615,3358.0,0.0004981006070346877,-0.000161604060805878,-1.936016628258791e-06,0.0004981020274249387,-0.00016160548119612895
2318,3615,3370.0,0.0004981113240991389,-0.00016282896376972078,-2.934229505983238e-06,0.0004981145806945266,-0.0001628322203651085
2317,3615,2866.0,0.0004990176683860523,-0.00016290151444635706,-1.8962293203070302e-06,0.000499019026436382,-0.0001629028724966868
2316,3615,2867.0,0.0004991372151887594,-0.00016157590089632256,-6.570826631448201e-07,0.0004991373785567586,-0.0001615760642643218
2322,3616,3369.0,0.0004957014171935187,-0.00016344963885740673,-2.3787616836613845e-06,0.0004957035633209779,-0.0001634517849848658
2321,3616,3370.0,0.0004980902744300061,-0.0001633891202609427,-9.421781258824036e-07,0.0004980906099276716,-0.00016338945575860816
2320,3616,3358.0,0.0004980583447109048,-0.0001617147080230847,2.0527635642419995e-06,0.0004980599414069337,-0.0001617163047191135
2323,3616,3357.0,0.0004958192782224449,-0.00016217466841767576,-1.926430127398293e-08,0.0004958192783634466,-0.00016217466855867756
2327,3617,3373.0,0.0004935589586416954,-0.00016346275617462884,4.894012765488398e-06,0.0004935680721261458,-0.00016347186965907928
2326,3617,3374.0,0.000493577252430568,-0.00016308257910303153,1.8763912672144223e-06,0.0004935785928646982,-0.0001630839195371618
2325,3617,3367.0,0.0004959163082204968,-0.0001631214026257985,1.8894010340407552e-06,0.0004959176624028422,-0.00016312275680814401
2324,3617,3368.0,0.0004958582241924511,-0.0001634608128903306,4.588703813031975e-06,0.0004958662081677818,-0.00016346879686566124
2331,3618,64.0,0.0004917967911227689,-0.00016238940690115077,3.4559158215707875e-06,0.0004918013552938241,-0.00016239397107220603
2330,3618,63.0,0.0004917967911227689,-0.00016224631296183668,1.3870025166260597e-06,0.0004917975264618491,-0.00016224704830091683
2329,3618,3374.0,0.0004935922546107328,-0.0001621173186758403,-6.022330836935597e-07,0.0004935923928901729,-0.0001621174569552804
2328,3618,3373.0,0.0004935683945631562,-0.00016238932517143338,3.332203283884505e-06,0.0004935726263553734,-0.00016239355696365064
2335,3619,3374.0,0.0004914778185406005,-0.00016297469326749536,2.419540432639644e-06,0.0004914800548204664,-0.0001629769295473613
2334,3619,63.0,0.0004942260415960985,-0.00016399229717455575,5.444319536949266e-07,0.0004942261541750423,-0.0001639924097534996
2333,3619,3366.0,0.0004962556683937528,-0.0001637498565409021,1.948047016241475e-06,0.0004962571058358534,-0.0001637512939830027
2332,3619,3367.0,0.0004959844678305569,-0.00016276321452219668,4.6192578848323895e-06,0.0004959925654989393,-0.00016277131219057914
2337,3620,3368.0,0.0004956647829975763,-0.00016343713026018046,1.0570629844219859e-06,0.0004956652068248374,-0.0001634375540874415
2336,3620,3369.0,0.0004957087375537482,-0.0001623586635291558,3.943543501409852e-06,0.0004957146455335786,-0.0001623645715089862
2338,3620,3373.0,0.0004931916417584871,-0.00016343090047190646,1.4429137296101402e-07,0.0004931916496854157,-0.0001634309083988351
2339,3620,3375.0,0.0004932023805893776,-0.0001622477370641503,3.2969039007561818e-06,0.0004932065264069948,-0.0001622518828817674
2340,3621,3357.0,0.0004959271539007049,-0.00016341482390552797,2.0166604099581403e-06,0.000495928695934215,-0.00016341636593903807
2343,3621,65.0,0.0004929483576912464,-0.00016377037341198334,4.141840977286981e-06,0.0004929548881415296,-0.00016377690386226653
2342,3621,3375.0,0.0004891865597633424,-0.00016202845977253465,1.908081954661925e-06,0.000489187957446451,-0.00016202985745564328
2341,3621,3369.0,0.0004957276980462107,-0.00016168522412168514,-1.7765911502383436e-06,0.0004957288983079664,-0.0001616864243834408
2346,3622,64.0,0.000488940821798697,-0.00016238546684873103,-2.4491859329060783e-06,0.0004889431242124925,-0.00016238776926252657
2345,3622,3373.0,0.0004931863295885124,-0.00016238616212208598,-1.409649788872841e-06,0.0004931870873652097,-0.00016238691989878327
2344,3622,3375.0,0.0004932182855769268,-0.00016008577463788413,7.96754880360434e-06,0.0004932425772802302,-0.00016011006634118746
2347,3622,65.0,0.000488940821798697,-0.00016117729464565247,2.4716335125483935e-06,0.0004889431709680216,-0.00016117964381497703
2351,3623,3377.0,0.0004974326597972992,-0.00016446328769190144,3.893746118366348e-06,0.0004974383861987544,-0.00016446901409335668
2350,3623,3363.0,0.0004974871734885755,-0.00016464319979559176,2.968701055944961e-06,0.0004974905010589545,-0.00016464652736597073
2349,3623,3362.0,0.0004981839237246238,-0.00016464566795574827,3.089859299650055e-06,0.0004981875246420939,-0.00016464926887321823
2348,3623,3376.0,0.0004982347420478261,-0.00016448799776623026,3.919504644546434e-06,0.0004982405372248283,-0.00016449379294323244
2353,3624,3376.0,0.0004977791560025983,-0.00016434909347016915,3.1253984238768795e-06,0.0004977828441328459,-0.0001643527816004168
2354,3624,3377.0,0.0004966018965975663,-0.0001643677375067356,3.430373360709116e-06,0.0004966063474004278,-0.00016437218830959706
2355,3624,3366.0,0.0004973154738080326,-0.0001644453069504317,4.1444776455283605e-06,0.0004973219627565425,-0.00016445179589894145
2352,3624,3365.0,0.0004979477269178093,-0.0001644275113497146,3.901963739134234e-06,0.0004979534733542911,-0.00016443325778619649
2358,3625,3364.0,0.0004964311854004193,-0.00016423568920717288,2.233672888197341e-06,0.0004964330733716895,-0.00016423757717844308
2356,3625,3377.0,0.0004973753467747491,-0.00016375712098100868,4.836166386641694e-06,0.0004973841907635091,-0.00016376596496976866
2357,3625,3363.0,0.0004975152088721908,-0.00016423267678275792,2.4636546111407587e-06,0.0004975175018802771,-0.00016423496979084417
2359,3625,3366.0,0.0004962225116753351,-0.00016400828123908605,3.3401006394283284e-06,0.0004962267360318104,-0.0001640125055955613
2360,3626,3366.0,0.0004961488252252094,-0.0001631856781527945,3.595844191895542e-06,0.000496153727895721,-0.00016319058082330597
2361,3626,3364.0,0.0004966708176025597,-0.00016371479450292875,8.209164910205624e-07,0.0004966710727200292,-0.00016371504962039822
2362,3626,62.0,0.000494123065496517,-0.00016375308671936334,1.4361049428465722e-07,0.0004941230733338485,-0.00016375309455669477
2363,3626,63.0,0.000494123065496517,-0.00016331078019099065,2.543682549127277e-06,0.0004941255259329313,-0.000163313240627405
2364,3627,2862.0,0.0004991200507625006,-0.0001649132263525445,3.975581718745902e-06,0.0004991260011828022,-0.00016491917677284611
2365,3627,2861.0,0.0004990479185509496,-0.00016494140460138,3.0325401373550165e-06,0.0004990513810508002,-0.0001649448671012307
2366,3627,3362.0,0.0004981836119751469,-0.00016493960901913462,3.06661031018729e-06,0.000498187157337539,-0.00016494315438152674
2367,3627,3376.0,0.0004982445737053177,-0.00016491015379035848,4.051956143676094e-06,0.0004982507631339206,-0.00016491634321896142
2368,3628,2863.0,0.000499182438163815,-0.0001647341908772536,4.347124178710748e-06,0.0004991895539993199,-0.00016474130671275842
2369,3628,2862.0,0.0004990841332420635,-0.00016480938254831315,3.09364770786566e-06,0.0004990877372101543,-0.00016481298651640385
2371,3628,3365.0,0.0004980760755437241,-0.00016472440353661492,4.442829977184537e-06,0.0004980835206637526,-0.0001647318486566435
2370,3628,3376.0,0.0004978082211685338,-0.0001648003708061847,3.1662660896422667e-06,0.0004978120036367373,-0.00016480415327438825
2375,3629,3363.0,0.0004975393774295962,-0.00016465584476348485,3.6542146003570863e-06,0.0004975444186856491,-0.00016466088601953775
2374,3629,3381.0,0.0004974950221719558,-0.00016460644451120094,2.708439709675492e-06,0.0004974977919947633,-0.00016460921433400846
2373,3629,3379.0,0.0004982791206319045,-0.0001646116631102662,2.767739041485001e-06,0.000498282009624407,-0.0001646145521027686
2372,3629,3362.0,0.0004982703414850263,-0.00016465514319454865,3.6026630814839367e-06,0.0004982752361095917,-0.000164660037819114
2379,3630,3364.0,0.0004970061015944043,-0.0001642225452994587,3.178860384117632e-06,0.000497009922169557,-0.0001642263658746115
2377,3630,3381.0,0.0004974650630729556,-0.00016424049581818118,2.0851896458326524e-06,0.0004974667057994699,-0.00016424213854469545
2376,3630,3363.0,0.0004975169145805883,-0.00016422242850587998,3.1943519981508794e-06,0.0004975207695067585,-0.00016422628343205025
2378,3630,3378.0,0.000496937450036988,-0.00016423133789817844,2.6383700822765754e-06,0.0004969400821065544,-0.0001642339699677448
2381,3631,3380.0,0.0004982329343830721,-0.0001645545262897794,2.3441255085007717e-06,0.0004982350070336359,-0.0001645565989403432
2382,3631,3378.0,0.0004976602055884911,-0.00016455114706888168,2.169166672828099e-06,0.0004976619819365611,-0.00016455292341695167
2383,3631,3381.0,0.0004969312704745585,-0.00016456529368249844,2.9585939637366554e-06,0.0004969345785924468,-0.00016456860180038673
2380,3631,3379.0,0.0004980889924068154,-0.00016456798904999534,3.08537121741434e-06,0.0004980925838063716,-0.00016457158044955162
2387,3632,3378.0,0.0004973717290486998,-0.00016447661502186063,2.3060274684134907e-06,0.0004973737377213035,-0.00016447862369446429
2386,3632,3361.0,0.0004974574326474905,-0.00016444493488702253,1.4614018678388296e-06,0.0004974582392969759,-0.0001644457415365079
2385,3632,3360.0,0.0004982461958154827,-0.000164445652659838,1.4507670176751308e-06,0.0004982469898204274,-0.00016444644666478264
2384,3632,3380.0,0.000498143202796137,-0.00016448601792759044,2.526713687608234e-06,0.0004981456114806066,-0.00016448842661205998
2390,3633,3379.0,0.0004982794606159663,-0.00016500989687685873,2.739612905425931e-06,0.0004982822894895101,-0.00016501272575040262
2389,3633,2860.0,0.0004990006904085804,-0.00016501004024837423,2.76375157260908e-06,0.0004990035662241815,-0.00016501291606397524
2388,3633,2861.0,0.0004990681810918794,-0.00016497892706390262,3.572054526310847e-06,0.0004990729847726277,-0.00016498373074465088
2391,3633,3362.0,0.0004982704410200038,-0.0001649767901224983,3.5965861243970887e-06,0.0004982753167797698,-0.00016498166588226428
2392,3634,2860.0,0.0004989410956419693,-0.0001650116656879652,3.0798164472392586e-06,0.0004989446671378945,-0.00016501523718389039
2395,3634,3379.0,0.0004980903676369899,-0.00016501208091888766,3.1648585816224095e-06,0.0004980941439285803,-0.00016501585721047807
2394,3634,3380.0,0.0004982532109064353,-0.00016493285135422996,2.3138064349920162e-06,0.0004982552290745751,-0.00016493486952236984
2393,3634,2859.0,0.0004989349581787025,-0.00016493814990968476,2.305048114308733e-06,0.0004989369590244708,-0.000164940150755453
2399,3635,3380.0,0.0004981512111966839,-0.00016491814427859548,2.4848672460255072e-06,0.0004981535392124114,-0.00016492047229432294
2397,3635,2858.0,0.0004988116756928403,-0.0001648456335552308,1.7623337353958601e-06,0.0004988128456546099,-0.00016484680351700035
2396,3635,2859.0,0.0004988211625532174,-0.00016492428256567626,2.4648975622577896e-06,0.0004988234509678083,-0.00016492657098026716
2398,3635,3360.0,0.000498214864161536,-0.0001648440838918732,1.8151796578637358e-06,0.0004982161064609675,-0.00016484532619130476
2402,3636,61.0,0.0004959935122180823,-0.00016394863615609777,7.157698538422241e-07,0.0004959937062980991,-0.00016394883023611458
2401,3636,3378.0,0.0004967070590257815,-0.0001639847957132073,8.596488993602158e-07,0.0004967073386553517,-0.00016398507534277744
2400,3636,3364.0,0.0004968390588199739,-0.00016362443451439941,1.942591955680223e-06,0.000496840487231757,-0.00016362586292618253
2403,3636,62.0,0.0004959935122180823,-0.00016364839630374835,1.5798238973078332e-06,0.0004959944581252236,-0.00016364934221088954
2404,3637,3378.0,0.0004974796823119555,-0.00016405128330178168,1.2028680903275468e-06,0.0004974802291081457,-0.00016405183009797188
2405,3637,3361.0,0.0004975444176073384,-0.00016427474094916558,5.900876445773251e-07,0.0004975445491400066,-0.00016427487248183375
2406,3637,60.0,0.0004970432469519354,-0.0001642185383303452,5.737223314483675e-07,0.0004970433713948032,-0.00016421866277321299
2407,3637,61.0,0.0004970432469519354,-0.0001640289041078874,1.1130657831120994e-06,0.0004970437154766485,-0.00016402937263260045
2410,3638,3384.0,0.0004977249146277396,-0.00016447178770723724,9.225002416783645e-07,0.0004977252359092711,-0.00016447210898876884
2408,3638,3360.0,0.0004981899287589096,-0.0001644440270883471,1.5166661819741856e-06,0.0004981907966110906,-0.00016444489494052802
2409,3638,3383.0,0.000498246161257522,-0.00016446897749165638,1.0056775309220944e-06,0.0004982465427889882,-0.00016446935902312247
2411,3638,3361.0,0.0004976883451648199,-0.00016444461586397974,1.4801825325323759e-06,0.000497689172392024,-0.00016444544309118385
2412,3639,3361.0,0.0004977487918318146,-0.0001642810705337679,5.447481402545001e-07,0.0004977489038926532,-0.0001642811825946065
2413,3639,3384.0,0.0004977386670791499,-0.00016440941098207944,7.080308796550416e-07,0.0004977388563523653,-0.00016440960025529487
2414,3639,59.0,0.0004978463138069003,-0.00016433208966711585,5.255190478536606e-07,0.0004978464180726936,-0.00016433219393290912
2415,3639,60.0,0.0004978463138069003,-0.00016425529830289224,4.328398062435068e-07,0.0004978463845476576,-0.00016425536904364957
2416,3640,3383.0,0.0004982215868363903,-0.00016447685539864112,9.319811074721962e-07,0.0004982219145074319,-0.00016447718306968268
2417,3640,3382.0,0.0004983377879157688,-0.0001644165311991512,5.155883807551193e-07,0.0004983378881909879,-0.00016441663147437026
2419,3640,3384.0,0.0004975219602025086,-0.0001644651083167331,9.60142781711304e-07,0.0004975223083489151,-0.00016446545646313967
2418,3640,59.0,0.0004979814423181949,-0.00016440485850622536,4.923178258883776e-07,0.0004979815337968411,-0.00016440494998487158
2423,3641,3383.0,0.0004981288939646042,-0.0001647438940138743,1.3279200968031868e-06,0.0004981295590130292,-0.00016474455906229926
2422,3641,3382.0,0.0004982413882816915,-0.00016462377674142305,9.06827832800744e-07,0.0004982416984263397,-0.00016462408688607124
2421,3641,2856.0,0.0004986141078124201,-0.00016463394263174671,8.235479064932355e-07,0.000498614363459946,-0.0001646341982792727
2420,3641,2857.0,0.0004985906548028926,-0.00016474918335053268,1.20126388946859e-06,0.0004985911986545001,-0.00016474972720214017
2427,3642,3360.0,0.0004981542348014324,-0.0001648423976731733,1.8863594738634248e-06,0.0004981555765672458,-0.0001648437394389867
2425,3642,2857.0,0.0004987038328466489,-0.0001647464970603953,1.2783903271251784e-06,0.0004987044486728223,-0.0001647471128865687
2424,3642,2858.0,0.0004987149650370684,-0.0001648448799725455,1.792527332348387e-06,0.0004987161756092569,-0.00016484609054473405
2426,3642,3383.0,0.0004982113043941628,-0.00016474304120253576,1.3541166258290716e-06,0.0004982119958557755,-0.00016474373266414847
2429,3643,3359.0,0.0004983055392459891,-0.00016445590262859457,2.7261975550640916e-07,0.0004983055672807854,-0.00016445593066339085
2428,3643,3382.0,0.0004982947358575206,-0.0001644369858095694,4.118131886037685e-07,0.0004982947998314034,-0.00016443704978345218
2430,3643,58.0,0.0004981515418771166,-0.00016445852370458786,2.324195641102006e-07,0.0004981515622582031,-0.00016445854408567433
2431,3643,59.0,0.0004981515418771166,-0.0001644411566644911,3.61543442259013e-07,0.0004981515911961217,-0.00016444120598349622
2435,3644,3382.0,0.0004982684238586128,-0.00016463601094277638,7.696497866787472e-07,0.0004982686472545366,-0.00016463623433870018
2434,3644,3359.0,0.0004982860219967487,-0.00016456943454379075,5.354303550426931e-07,0.0004982861301219875,-0.0001645695426690296
2433,3644,2855.0,0.0004985280629377503,-0.00016457461576636093,4.829248670783215e-07,0.0004985281508639508,-0.0001645747036925614
2432,3644,2856.0,0.0004985187552943911,-0.0001646423884551258,7.188518647716774e-07,0.0004985189500991746,-0.00016464258325990917
2438,3645,3388.0,0.0004984381713625669,-0.00016449755523681236,5.459228184442888e-08,0.0004984381724864757,-0.00016449755636072116
2437,3645,2852.0,0.0004984438714911166,-0.00016449809507047673,3.8500173889233213e-08,0.0004984438720500884,-0.00016449809562944852
2436,3645,2853.0,0.0004984438451292594,-0.0001645146252782981,4.436281079295279e-08,0.0004984438458714096,-0.00016451462602044823
2439,3645,3389.0,0.000498438148711226,-0.00016451391419910084,6.038436625895038e-08,0.0004984381500862393,-0.00016451391557411414
2443,3646,3386.0,0.000498412767544738,-0.00016453873729411757,1.822663421406634e-07,0.0004984127800724337,-0.00016453874982181324
2442,3646,3389.0,0.0004984131505025753,-0.00016451030471163454,1.4188209206643376e-07,0.0004984131580941485,-0.00016451031230320777
2441,3646,2853.0,0.0004984536074309487,-0.00016451155797696433,1.1497370039012522e-07,0.0004984536124157323,-0.00016451156296174796
2440,3646,2854.0,0.0004984532132260178,-0.00016454037367008394,1.5590641663267013e-07,0.0004984532223915705,-0.00016454038283563658
2447,3647,56.0,0.0004984742731174267,-0.00016449610991223386,-3.3000765644469743e-09,0.0004984742731215335,-0.00016449610991634057
2446,3647,55.0,0.0004984742731174267,-0.0001644935242002542,3.30536576165219e-08,0.0004984742735294166,-0.00016449352461224415
2445,3647,3388.0,0.0004984382719852038,-0.00016449362084064147,2.9134312552747677e-08,0.0004984382723053001,-0.0001644936211607377
2444,3647,3389.0,0.0004984384180269918,-0.0001644962473006914,-7.781930369196721e-09,0.000498438418049829,-0.00016449624732352866
2451,3648,57.0,0.0004984477536610424,-0.00016449123622529335,4.097336202442403e-08,0.0004984477542941385,-0.00016449123685838946
2450,3648,56.0,0.0004984477536610424,-0.0001644918363403506,7.459855663749515e-08,0.000498447755759629,-0.0001644918384389372
2449,3648,3389.0,0.000498413802850612,-0.00016449180369749322,7.337546303887166e-08,0.0004984138048810514,-0.00016449180572793257
2448,3648,3386.0,0.0004984141319917673,-0.00016449118840167795,3.889379738761245e-08,0.0004984141325622589,-0.00016449118897216946
2453,3649,3387.0,0.0004984472815468353,-0.0001644919069783865,5.369512050268366e-09,0.0004984472815577079,-0.00016449190698925915
2455,3649,55.0,0.0004984738985457076,-0.00016449543126409569,-1.7491008598088942e-08,0.0004984738986610732,-0.0001644954313794613
2454,3649,54.0,0.0004984738985457076,-0.00016449181399466367,9.617982982962348e-09,0.0004984738985805908,-0.0001644918140295469
2452,3649,3388.0,0.0004984473282575539,-0.00016449556506995824,-2.2039181091226823e-08,0.000498447328440724,-0.0001644955652531284
2456,3650,2852.0,0.0004984409232906828,-0.00016449955194024847,-5.536027615493655e-09,0.0004984409233022403,-0.00016449955195180598
2459,3650,3388.0,0.0004984472849751866,-0.00016449926363920853,3.3699191874514423e-09,0.0004984472849794691,-0.00016449926364349104
2458,3650,3387.0,0.0004984472740051371,-0.000164490463752473,9.793341380903708e-09,0.0004984472740413056,-0.0001644904637886414
2457,3650,2851.0,0.0004984409090383526,-0.00016449067266946206,9.409895709855398e-10,0.0004984409090386865,-0.00016449067266979597
2463,3651,54.0,0.0004984636223911623,-0.00016449252869103222,-1.794970693434761e-08,0.0004984636225126604,-0.00016449252881253038
2462,3651,53.0,0.0004984636223911623,-0.00016448900423112844,-2.397414268842657e-09,0.0004984636223933297,-0.00016448900423329587
2461,3651,3385.0,0.0004984484098968095,-0.0001644890617436488,-6.0986530964202146e-09,0.0004984484099108356,-0.00016448906175767485
2460,3651,3387.0,0.0004984484223009723,-0.00016449261887402974,-2.1792298899453444e-08,0.0004984484224800622,-0.00016449261905311966
2465,3652,2850.0,0.0004984406620141511,-0.00016448625206308485,-1.449662032776411e-08,0.0004984406620934027,-0.00016448625214233645
2464,3652,2851.0,0.0004984406702695857,-0.00016449123360267898,-2.242252652474852e-08,0.0004984406704591865,-0.00016449123379227981
2466,3652,3385.0,0.0004984484125879762,-0.00016448617538568068,-9.506386511315412e-09,0.0004984484126220563,-0.00016448617541976076
2467,3652,3387.0,0.0004984484188049632,-0.00016449111672547754,-1.736957111996007e-08,0.0004984484189187376,-0.00016449111683925185
2471,3653,3359.0,0.000498358970404152,-0.00016457910186526653,4.095697403623533e-07,0.0004983590336632116,-0.0001645791651243262
2468,3653,2855.0,0.0004984758370964095,-0.0001645826902583541,3.694660767432356e-07,0.0004984758885644043,-0.00016458274172634883
2469,3653,2854.0,0.0004984781240030701,-0.0001645348681435754,2.537825183231146e-07,0.0004984781482882519,-0.00016453489242875723
2470,3653,3386.0,0.0004983618507192512,-0.00016453210178714631,2.956109894283049e-07,0.0004983618836754475,-0.00016453213474334257
2472,3654,3359.0,0.000498365404675424,-0.00016447175320049732,1.5493965522909992e-07,0.0004983654137297958,-0.00016447176225486916
2473,3654,3386.0,0.0004983655261728785,-0.0001644819891489013,1.5044475885038489e-07,0.0004983655347093913,-0.00016448199768541411
2474,3654,57.0,0.0004983607147463123,-0.00016448281438870087,1.3970684931835509e-07,0.0004983607221077794,-0.00016448282175016805
2475,3654,58.0,0.0004983607147463123,-0.0001644730304220299,1.442531910571948e-07,0.0004983607225948048,-0.00016447303827052252
2476,3655,3385.0,0.000498446273256993,-0.00016448921606015488,-1.5384443330379582e-08,0.000498446273346248,-0.00016448921614940982
2477,3655,3356.0,0.0004984462709244093,-0.00016448608871332882,-9.36134301673941e-09,0.0004984462709574575,-0.00016448608874637698
2479,3655,53.0,0.0004984521047206279,-0.00016448916555798527,-1.2259923746343881e-08,0.0004984521047773094,-0.00016448916561466665
2478,3655,52.0,0.0004984521047206279,-0.00016448606397499743,-6.285242274556291e-09,0.0004984521047355253,-0.00016448606398989485
2480,3656,2850.0,0.0004984408230450724,-0.0001644863817472313,-2.2727574131714556e-08,0.0004984408232398685,-0.00016448638194202741
2483,3656,3385.0,0.000498446274574807,-0.00016448632106470193,-1.878904744984089e-08,0.0004984462747079382,-0.0001644863211978332
2482,3656,3356.0,0.000498446272428647,-0.00016448240387752862,-1.324772917407624e-08,0.0004984462724948314,-0.0001644824039437131
2481,3656,2849.0,0.0004984408200301021,-0.00016448243387890983,-1.7143455904866656e-08,0.0004984408201409363,-0.000164482433989744
2487,3657,3395.0,0.0005011693387249119,-0.00016088561790479844,-2.2245771854473295e-05,0.0005013561565852705,-0.00016107243576515704
2486,3657,3394.0,0.000501338140206177,-0.00016118479656460224,-2.3177613730128444e-05,0.0005015407888551962,-0.00016138744521362143
2485,3657,3397.0,0.0005022866091870248,-0.00016121422336677128,-2.2985712059553354e-05,0.0005024856234558295,-0.00016141323763557594
2484,3657,3399.0,0.0005023519332641169,-0.00016089310993084942,-2.191054301100767e-05,0.0005025328396242612,-0.00016107401629099376
2488,3658,3398.0,0.0005014067922033127,-0.0001583677326260503,-2.9611425615385517e-05,0.0005017388736120918,-0.00015869981403482928
2489,3658,3396.0,0.0005012977454796827,-0.00015796825691760706,-2.8950225611598657e-05,0.0005016154138817623,-0.00015828592531968663
2490,3658,3397.0,0.0005019081518686797,-0.0001581324164313322,-2.8908812810223006e-05,0.0005022245411519678,-0.00015844880571462035
2491,3658,3399.0,0.0005018798280608458,-0.0001583857323660977,-2.938205639536895e-05,0.000502206544429,-0.00015871244873425183
2495,3659,2216.0,0.0005043549193319077,-0.00015614222206888494,-4.0355182308417226e-05,0.0005049707523295234,-0.00015675805506650063
2492,3659,2215.0,0.0005019092826645082,-0.00015614222206888494,-3.871119500110584e-05,0.0005024781068233881,-0.0001567110462277649
2493,3659,3398.0,0.0005015109341751298,-0.00015794557018667288,-3.576071440694606e-05,0.0005019953823253875,-0.0001584300183369306
2494,3659,3399.0,0.0005042740275583019,-0.00015781790790266774,-3.780801366588468e-05,0.0005048133342670676,-0.00015835721461143353
2496,3660,2216.0,0.000504052476460997,-0.00016062511194016998,-3.0889514821500624e-05,0.0005044111644603466,-0.00016098379993951948
2497,3660,3399.0,0.0005040223268938521,-0.00016072630530865805,-2.9957130344968053e-05,0.0005043596628554656,-0.00016106364127027167
2498,3660,3395.0,0.000504957751628031,-0.00016072418413833403,-3.0078487891042893e-05,0.0005052973485439776,-0.00016106378105428058
2499,3660,2217.0,0.0005049789856168829,-0.00016062511194016998,-3.099042592826645e-05,0.0005053395177144035,-0.00016098564403769052
2500,3661,3392.0,0.0004999885778969905,-0.0001537131129829394,-3.3424155903037656e-05,0.0005004155482561986,-0.00015414008334214757
2501,3661,3393.0,0.000499135958183218,-0.00015686893914390208,-2.995373825217043e-05,0.0004994777083996005,-0.00015721068936028453
2503,3661,3398.0,0.0005023218271519997,-0.00015415317265422726,-3.6303203033487275e-05,0.0005028233376815835,-0.00015465468318381112
2502,3661,3396.0,0.0005017734897844253,-0.00015912930576759445,-3.1922799197808827e-05,0.0005021587474280871,-0.00015951456341125627
2507,3662,2215.0,0.0005030879028491975,-0.00015092863493749802,-4.742284810484859e-05,0.0005039464355006506,-0.00015178716758895125
2506,3662,3398.0,0.0005024071988459916,-0.00015497100202144947,-4.223835802366627e-05,0.0005030849827009959,-0.0001556487858764538
2505,3662,3392.0,0.000498113269382601,-0.00015445029327509517,-3.904250308602031e-05,0.0004986967203574222,-0.00015503374424991642
2504,3662,2214.0,0.0004991445320852335,-0.00015092863493749802,-4.3945603970779734e-05,0.0004998863773376983,-0.0001516704801899628
2511,3663,3396.0,0.000504399783319856,-0.00015852402450910482,-2.9313034757702354e-05,0.0005047236645865506,-0.00015884790577579938
2509,3663,3390.0,0.0004988128282665746,-0.00015833729359267877,-2.1426336890147677e-05,0.0004989874329535695,-0.00015851189827967353
2508,3663,3393.0,0.0005003178848479758,-0.000154863924622431,-2.6006573882929318e-05,0.0005005758573969736,-0.00015512189717142876
2510,3663,3397.0,0.0004999046454701207,-0.00016165735293374945,-2.067924692036177e-05,0.0005000662051002719,-0.00016181891256390063
2513,3664,3390.0,0.0005007129745222862,-0.00016002955607826938,-1.8198125255112357e-05,0.0005008382536469188,-0.00016015483520290193
2514,3664,3391.0,0.0004980423555523486,-0.0001604937492377619,-1.586932167760291e-05,0.0004981379459150508,-0.00016058933960046409
2515,3664,3394.0,0.0004977889841095082,-0.0001622198865956399,-1.2663912482759054e-05,0.0004978497256875124,-0.00016228062817364418
2512,3664,3397.0,0.0005023283892945304,-0.00016195902068312507,-1.5685242540350308e-05,0.0005024209669000227,-0.0001620515982886173
2519,3665,30.0,0.0004897194216870945,-0.00016521451855323996,7.561828712830676e-06,0.0004897412480669802,-0.0001652363449331256
2518,3665,66.0,0.0004897194216870945,-0.00015980347580513664,-5.758311119961196e-06,0.0004897321839375025,-0.00015981623805554464
2517,3665,3401.0,0.0004955234332115772,-0.00015668724936841174,-1.5787161302516228e-05,0.0004956189537128441,-0.00015678276986967875
2516,3665,2219.0,0.0005016716450453977,-0.00016521451855323996,2.706474914859064e-06,0.0005016743910074162,-0.00016521726451525844
2522,3666,3401.0,0.0004975741507709762,-0.00016228554781862008,-1.042531135145297e-05,0.0004976153263175751,-0.00016232672336521903
2521,3666,3400.0,0.0005033767357483024,-0.0001573437468848117,-2.14032424659949e-05,0.000503550023350898,-0.00015751703448740732
2520,3666,2218.0,0.0005056167914511689,-0.00016682533595303948,-1.02122306898135e-05,0.0005056555619411519,-0.00016686410644302239
2523,3666,2219.0,0.0004993754470747312,-0.00016682533595303948,-5.605003756736782e-06,0.0004993872361299177,-0.00016683712500822602
2524,3667,2217.0,0.000504754462655202,-0.00016413660920231647,-2.1290300802081358e-05,0.0005049238333425942,-0.00016430597988970866
2527,3667,2218.0,0.000503863675263394,-0.00016413660920231647,-1.979576612650552e-05,0.0005040103018323654,-0.00016428323577128784
2526,3667,3400.0,0.0005036715470889339,-0.00016228826076963463,-2.057509058228657e-05,0.0005038304280659896,-0.00016244714174669042
2525,3667,3395.0,0.0005047766878971058,-0.00016253922497757277,-2.22796784050891e-05,0.000504962599025729,-0.00016272513610619604
2531,3668,3401.0,0.0004947323984674616,-0.00016093733716063502,-1.1526006900106772e-05,0.0004947830484235945,-0.00016098798711676796
2529,3668,3391.0,0.0004973082563547587,-0.00016429151417097446,-6.681771571662165e-06,0.0004973251264229359,-0.00016430838423915162
2528,3668,3394.0,0.0004971229617099851,-0.0001588737211708558,-4.890256979656754e-06,0.0004971320754302643,-0.00015888283489113501
2530,3668,66.0,0.0004958726683346884,-0.00016458288227950014,-1.0274834716696157e-05,0.0004959126278146705,-0.00016462284175948222
2534,3669,3401.0,0.000500845684460403,-0.00016257920734275857,-1.3945229689688726e-05,0.0005009189587515149,-0.00016265248163387037
2533,3669,3394.0,0.0004997338993498711,-0.00016232772362866912,-1.3637280221790588e-05,0.0004998041177717244,-0.00016239794205052239
2532,3669,3395.0,0.000499963075583372,-0.00016148161796732813,-1.511741053077803e-05,0.0005000494419367483,-0.00016156798432070436
2535,3669,3400.0,0.0005020963168762133,-0.0001616646338806955,-1.618082910669061e-05,0.0005021949142494518,-0.00016176323125393407
2538,3670,3392.0,0.0004990707829025491,-0.00015175949081652198,-4.344545432533736e-05,0.0004997950152898035,-0.0001524837232037764
2536,3670,26.0,0.0004957680437597881,-0.0001451305477415183,-4.5173866399610824e-05,0.0004965630797855291,-0.0001459255837672594
2537,3670,2872.0,0.0004945610164385356,-0.0001508536459552364,-3.8896646129639445e-05,0.0004951465228954558,-0.00015143915241215658
2539,3670,2214.0,0.0005005226013544348,-0.0001451305477415183,-5.0779590936196606e-05,0.0005015194956105153,-0.00014612744199759886
2540,3671,2872.0,0.0004973783465455003,-0.00015012871644626063,-3.41614970049281e-05,0.0004978286107174968,-0.00015057898061825712
2541,3671,2871.0,0.0004959976237605412,-0.00015471057797155035,-2.860448929322551e-05,0.0004963118283101203,-0.00015502478252112935
2542,3671,3393.0,0.0004998645126831139,-0.00015543978667745565,-3.2449541868685705e-05,0.0005002659781055797,-0.00015584125209992144
2543,3671,3392.0,0.0005013163498317069,-0.00015090514212222567,-3.804805090844299e-05,0.0005018707721634177,-0.00015145956445393645
2544,3672,2871.0,0.0004982988990702188,-0.00015392108260348547,-2.3384378522284255e-05,0.0004985084347918153,-0.0001541306183250821
2545,3672,2870.0,0.0004977890453973025,-0.00015868476266511528,-1.9588980511804632e-05,0.0004979351452005887,-0.0001588308624684015
2546,3672,3390.0,0.000500271636001904,-0.00015877078110749035,-2.3503026752497158e-05,0.000500481112937624,-0.0001589802580432103
2547,3672,3393.0,0.0005018032472015252,-0.000154833731159253,-2.8414274605863266e-05,0.0005021104920835154,-0.00015514097604124317
2548,3673,2870.0,0.0004988638101409461,-0.0001585819752551068,-1.482429487766751e-05,0.0004989473652407285,-0.00015866553035488924
2549,3673,2869.0,0.0004988797155862715,-0.000158780669031441,-1.4447527957983652e-05,0.0004989590520842037,-0.00015886000552937316
2551,3673,3390.0,0.0004991576720192528,-0.00015858526322947027,-1.4969592264508363e-05,0.0004992428343486633,-0.00015867042555888075
2550,3673,3403.0,0.0004991951307867434,-0.00015872667201936288,-1.4714941076830051e-05,0.0004992773983214954,-0.00015880893955411477
2555,3674,3403.0,0.0004985011069895094,-0.00016054070843143334,-9.015718790202076e-06,0.0004985319393968214,-0.0001605715408387453
2554,3674,3402.0,0.0004979039663361787,-0.0001598524854174683,-9.538090289248208e-06,0.0004979385423498843,-0.00015988706143117384
2553,3674,2868.0,0.0004991665094703536,-0.0001596992335037798,-1.0661760451578794e-05,0.0004992096387787863,-0.0001597423628122125
2552,3674,2869.0,0.0004993219801493476,-0.00016034416481044262,-9.880543283069879e-06,0.0004993589760076088,-0.00016038116066870379
2559,3675,3402.0,0.0004985729880689072,-0.00016039987762376411,-6.395333544684245e-06,0.0004985885043861383,-0.0001604153939409953
2557,3675,2867.0,0.0004988927124642932,-0.00016167902641994324,-5.261067465872626e-06,0.0004989031876293415,-0.00016168950158499155
2556,3675,2868.0,0.0004989001279574017,-0.00016064452357650153,-4.995472458791533e-06,0.0004989095869027293,-0.00016065398252182916
2558,3675,3358.0,0.0004986835165544934,-0.000161699890258823,-6.196104661154722e-06,0.0004986980501071536,-0.00016171442381148317
2561,3676,3358.0,0.0004972883198615455,-0.0001630990166400273,-1.977155975589444e-06,0.0004972897997267609,-0.00016310049650524266
2560,3676,3402.0,0.0004982946146656645,-0.0001568176354506995,-7.013590311785722e-06,0.0004983133858913656,-0.0001568364066764006
2562,3676,3357.0,0.0004985429638875939,-0.00016419351089015752,-4.474629208623543e-06,0.0004985505166929461,-0.0001642010636955097
2563,3676,3403.0,0.0004996875321378463,-0.00016206666909191375,-8.077162695910127e-06,0.000499712178043914,-0.0001620913149979814
2567,3677,3391.0,0.0004972374444872363,-0.00016373901313221503,-5.09789871368585e-06,0.0004972472739541265,-0.0001637488425991052
2566,3677,3357.0,0.0004966836284164451,-0.00016088087120046183,-7.218298175722636e-06,0.0004967034372181024,-0.0001609006800021191
2565,3677,3403.0,0.0004995052133434444,-0.0001585340489330062,-1.2420571237452271e-05,0.0004995638180729227,-0.00015859265366248453
2564,3677,3390.0,0.0005000598170888312,-0.00016281949966977466,-8.949937820497758e-06,0.0005000900253540496,-0.00016284970793499303
2570,3678,65.0,0.00048794488152973693,-0.00016134074859439497,-3.586651474513959e-06,0.00048794983465439773,-0.00016134570171905577
2569,3678,3357.0,0.0004965723154927958,-0.0001608434038391914,-7.754407564923224e-06,0.0004965951810646011,-0.00016086626941099678
2568,3678,3391.0,0.0004990326474198781,-0.00016342961750542883,3.735250339573226e-06,0.0004990379126194784,-0.00016343488270502914
2571,3678,66.0,0.00048794488152973693,-0.00016322943607672224,5.190756501384508e-06,0.00048795522573570366,-0.00016323978028268897
2575,3679,52.0,0.0004984450155269202,-0.000164486048223289,-4.414840049093982e-09,0.0004984450155342704,-0.00016448604823063925
2574,3679,51.0,0.0004984450155269202,-0.00016448493549359189,-2.8597255327666993e-09,0.0004984450155300043,-0.00016448493549667595
2573,3679,162.0,0.0004984434982089857,-0.00016448493549359189,-3.945410671779559e-09,0.000498443498214856,-0.00016448493549946214
2572,3679,3356.0,0.0004984434985890011,-0.00016448605708965411,-5.512644618566043e-09,0.0004984434986004614,-0.00016448605710111435
2579,3680,3356.0,0.0004984434995305848,-0.00016448237373129946,-9.397440367542309e-09,0.0004984434995638886,-0.00016448237376460328
2578,3680,162.0,0.0004984434987090093,-0.0001644791269202873,-6.009337090440159e-09,0.0004984434987226279,-0.00016447912693390583
2577,3680,161.0,0.0004984401673828326,-0.0001644791269202873,-9.20099724882606e-09,0.000498440167414759,-0.00016447912695221367
2576,3680,2849.0,0.0004984401685356778,-0.00016448239857891605,-1.2614718089554167e-08,0.000498440168595689,-0.00016448239863892724
2583,3681,1.0,0.00042150027209347796,-3.7082308750986564e-05,-0.00015100836728207737,0.00043361191788121015,-4.919395453871871e-05
2582,3681,2155.0,0.00042150027209347796,-4.894099075536721e-05,-0.0001471409624641054,0.00043273726614739166,-6.017798480928091e-05
2581,3681,3096.0,0.00041707916229736033,-4.371936705088324e-05,-0.00013528734506754875,0.00042680379813343875,-5.344400288696165e-05
2580,3681,3405.0,0.0004180193228153946,-3.4947465254453225e-05,-0.00014103090417841302,0.00042874292015493204,-4.5671062593990704e-05
2585,3682,2043.0,0.00025078583263268145,-3.357018821884916e-05,-0.00035448114601592355,0.0003358275558763747,-0.00011861191146254237
2584,3682,3106.0,0.00024878297571696503,-3.792091906837402e-05,-0.0003428783405158911,0.00032890623929858573,-0.00011804418264999475
2586,3682,2042.0,0.00024110189433029956,-3.2590107835640683e-05,-0.0003530103507396916,0.0003275962275909949,-0.00011908444109633604
2587,3682,3406.0,0.0002367735148739135,-3.73662330609534e-05,-0.0003394147929027397,0.00031785210127177924,-0.00011844481945881913
2588,3683,3111.0,0.0003731552567082484,-6.950261104851307e-05,-8.773447927438484e-05,0.0003774606103065885,-7.380796464685313e-05
2591,3683,3118.0,0.00036465140406091376,-6.870126477046874e-05,-8.26078415671911e-05,0.0003685530553281052,-7.260291603766018e-05
2590,3683,3120.0,0.0003663218090681035,-6.183265297657499e-05,-9.321777245516194e-05,0.0003713369081661215,-6.684775207459298e-05
2589,3683,3408.0,0.00038238451134160745,-6.311774623534529e-05,-0.00010321371463943921,0.00038828449910181155,-6.901773399554942e-05
2594,3684,3410.0,0.00037558862734335396,-4.534874545596184e-05,-6.106639932880811e-05,0.0003777918578404596,-4.75519759530675e-05
2593,3684,3112.0,0.000361949448765159,-4.652189182946455e-05,-7.41383602839759e-05,0.00036528625529989596,-4.9858698364201466e-05
2592,3684,3111.0,0.00035973778620370343,-5.70110435695632e-05,-8.825884535882365e-05,0.00036435938706704836,-6.163264443290813e-05
2595,3684,3408.0,0.00037689631085169664,-7.093427361181185e-05,-8.975765830245702e-05,0.0003813495090060223,-7.53874717661375e-05
2599,3685,3120.0,0.00037198796851163965,-6.090878653780806e-05,-8.414930076916863e-05,0.0003760394239529985,-6.496024197916693e-05
2598,3685,3121.0,0.00037298453563937295,-4.968876056498273e-05,-9.122938923894486e-05,0.0003778512159026287,-5.455544082823844e-05
2597,3685,3410.0,0.0003773473480647438,-5.146688896995132e-05,-0.00010089460518543023,0.00038320221630360634,-5.7321757208813896e-05
2596,3685,3408.0,0.00037714903499845576,-6.22554211020451e-05,-9.590011539438795e-05,0.0003823207206051888,-6.742710670877818e-05
2601,3686,3409.0,0.00037844967474940164,-4.324789301728729e-05,-0.00010364473980811403,0.0003847247442022538,-4.9522962470139453e-05
2602,3686,3119.0,0.00037576227976816867,-3.3293843357538964e-05,-9.26636545814305e-05,0.0003809444139201517,-3.8475977509522e-05
2603,3686,3121.0,0.0003758698845931878,-4.9535066316148366e-05,-8.983672983190263e-05,0.00038056106721360303,-5.422624893656363e-05
2600,3686,3410.0,0.00037790127155914663,-5.121781284155594e-05,-9.934172878371325e-05,0.00038357567751088776,-5.6892218793297075e-05
2604,3687,3112.0,0.0003750446163275096,-4.704095540294015e-05,-7.800478411926215e-05,0.00037861833507488044,-5.0614674150311056e-05
2605,3687,3113.0,0.0003772979694632219,-3.4561141700377245e-05,-8.930117884302455e-05,0.00038208304791951175,-3.9346220156667066e-05
2606,3687,3409.0,0.00036941118400721576,-2.3197187730614394e-05,-8.32515426078366e-05,0.00037377597487935966,-2.7561978602758292e-05
2607,3687,3410.0,0.0003649092006181194,-4.537124339346556e-05,-6.236123169215367e-05,0.0003672653436145275,-4.7727386389873614e-05
2610,3688,3124.0,0.00036773583973754784,-9.040172164441496e-05,-0.00016214127573675654,0.0003816587350596321,-0.0001043246169664992
2608,3688,3109.0,0.00032870667639183296,-9.19719789182127e-05,-0.00017877367210353203,0.0003469119597380594,-0.00011017726226443913
2609,3688,3412.0,0.0003387543052504839,-8.502123563491719e-05,-0.00015151926279454234,0.00035189086463153585,-9.815779501596916e-05
2611,3688,3108.0,0.0003489339110042222,-9.517487213547642e-05,-0.00018424891888653774,0.00036728556936484045,-0.00011352653049609467
2612,3689,3412.0,0.000343959864598474,-8.677845764623143e-05,-0.00015221330110725849,0.00035701158216508476,-9.983017521284217e-05
2613,3689,3125.0,0.0003519799213607304,-8.005800081261553e-05,-0.00013301799774858777,0.00036198670765746145,-9.006478710934656e-05
2614,3689,3123.0,0.00037613206856794423,-8.378970655533103e-05,-0.00013149373848206618,0.00038534613919201144,-9.300377717939823e-05
2615,3689,3124.0,0.00035961964533253593,-9.112345403412673e-05,-0.00015574590405772332,0.0003726941735459812,-0.00010419798224757203
2616,3690,3411.0,0.00034105494703335834,-9.014039280207806e-05,-0.00012151665626973767,0.00034945265588871605,-9.853810165743576e-05
2617,3690,3110.0,0.00035306052994858207,-8.373071167105012e-05,-0.00010178625556616153,0.00035891199974296973,-8.958218146543778e-05
2618,3690,3125.0,0.0003700889180802622,-8.664690332959785e-05,-0.00010073707793635447,0.00037557757101536275,-9.213555626469845e-05
2619,3690,3412.0,0.0003611617264736109,-9.447678252557583e-05,-0.00012228105386107024,0.00036922332485125723,-0.00010253838090322213
2623,3691,3109.0,0.00034952707655698,-0.00010204714674591085,-0.00013238142114038037,0.00035902921233025003,-0.00011154928251918089
2622,3691,3412.0,0.0003529382113667025,-9.339580031199462e-05,-0.00012053689999782374,0.0003609330504771016,-0.00010139063942239373
2620,3691,3104.0,0.00034219328019130524,-9.867354841271885e-05,-0.00013681440885692647,0.0003525637561480149,-0.0001090440243694285
2621,3691,3411.0,0.0003408087181281539,-8.726491572127331e-05,-0.00012734107959990262,0.000350078185570183,-9.653438316330242e-05
2627,3692,3104.0,0.00033499656069694607,-9.418677195537367e-05,-8.06236950472018e-05,0.0003387500988232861,-9.79403100817137e-05
2625,3692,3110.0,0.0003739471334016295,-9.443609239022647e-05,-8.570994772889862e-05,0.00037783588579380926,-9.832484478240622e-05
2624,3692,3088.0,0.0003550104616361206,-9.388898327480211e-05,-7.202194871179773e-05,0.00035788092786700283,-9.67594495056843e-05
2626,3692,3411.0,0.0003408542925654734,-9.594118210685476e-05,-0.00012660042968974314,0.0003498427660534554,-0.00010492965559483677
2629,3693,3413.0,0.00033677146448574113,-0.0001083453586619538,-0.00015631546402931906,0.0003500962393325231,-0.00012167013350873574
2630,3693,3134.0,0.00029431338479454,-0.00010828142107050019,-0.00015336934279673413,0.0003084253206912659,-0.00012239335696722606
2631,3693,3133.0,0.00029029271439064835,-0.00011033745776282952,-0.0001293193924651716,0.0003004699322749369,-0.0001205146756471181
2628,3693,3127.0,0.0003111955382706583,-0.00011071296666098987,-0.0001268039622939112,0.00032051726689849217,-0.00012003469528882373
2634,3694,3415.0,0.0003227045145220153,-0.0001080557369591883,-0.00011903870365867486,0.0003307771842578226,-0.00011612840669499556
2633,3694,3128.0,0.0003163290129953875,-0.00010778049413177996,-0.00012305586900838474,0.00032507486004979214,-0.0001165263411861846
2632,3694,3127.0,0.00031514310103110486,-0.00011193270192008773,-0.00012987351852545258,0.00032479842989672375,-0.00012158803078570661
2635,3694,3413.0,0.000321477422612881,-0.00011661328981420671,-0.0001322469148977018,0.0003312402386828208,-0.00012637610588414646
2638,3695,3135.0,0.0003048094089917932,-0.00010386234950900114,-0.00015741263014044243,0.00031944347192745456,-0.00011849641244466254
2639,3695,3134.0,0.00030547570520350793,-0.0001081193739381819,-0.00014384073728583233,0.0003176251039494345,-0.00012026877268410846
2637,3695,3415.0,0.0003182812925519342,-0.0001033841421105824,-0.00016312285185219808,0.0003335076402819576,-0.00011861048984060583
2636,3695,3413.0,0.0003198277138950108,-0.00010819635339395848,-0.00014802604846357072,0.00033226452281895895,-0.00012063316231790666
2643,3696,3135.0,0.0003203513557840914,-0.00010472464749596499,-0.00015169235832195906,0.0003334791358533335,-0.00011785242756520709
2642,3696,3103.0,0.000320228848015398,-0.00010131367142820325,-0.0001519518523468242,0.0003335041577442866,-0.00011458898115709182
2641,3696,3414.0,0.0003211267007656275,-0.00010009058444497088,-0.00015611601723035384,0.0003351267246204934,-0.00011409060829983676
2640,3696,3415.0,0.00032111007961965407,-0.00010434784998021997,-0.00015505932458980375,0.00033479768002733247,-0.00011803545038789837
2646,3697,3414.0,0.0003209900046590823,-0.0001035873315933611,-0.0001479574288369631,0.0003335108754804248,-0.00011610820241470354
2645,3697,3104.0,0.00034308112516061307,-0.00010603108660182595,-0.00013245126745564835,0.00035264310754082925,-0.00011559306898204213
2647,3697,3415.0,0.0003203502833776621,-0.00010861214585100977,-0.00010996759663668178,0.000327285891746479,-0.00011554775421982665
2644,3697,3128.0,0.00033939413094644533,-0.00010845474884066012,-0.00011367944626757866,0.00034649546647106354,-0.0001155560843652783
2649,3698,3104.0,0.0003309073772979959,-9.811211622954869e-05,-0.0001331203463573096,0.000340996580020258,-0.00010820131895181081
2651,3698,3103.0,0.0003383656067155547,-0.00010266779097348373,-0.0001533702410717805,0.0003513188677821307,-0.0001156210520400597
2650,3698,3109.0,0.0003451503311720193,-9.942216270100059e-05,-0.00013641615784190566,0.00035537971297303317,-0.00010965154450201449
2648,3698,3414.0,0.0003139819822361341,-0.00010106260547298877,-0.00015077999158025733,0.000327251794019194,-0.00011433241725604873
2655,3699,3096.0,0.00042796508957209517,-5.7813107814639754e-05,-0.00012576077916507614,0.0004359724987422852,-6.582051698482977e-05
2654,3699,3154.0,0.00042930909760382704,-6.153232943048679e-05,-0.0001295170608399815,0.0004377091749715527,-6.993240679821245e-05
2653,3699,3416.0,0.0004372360804103387,-5.890252055713922e-05,-0.00011997982560116478,0.000444386621397268,-6.605306154406859e-05
2652,3699,3155.0,0.0004319546272172261,-5.559688760789131e-05,-0.00011980920435464976,0.0004392071177451934,-6.284937813585867e-05
2658,3700,3418.0,0.000441119400568811,-7.248586213635992e-05,-0.00011227306689282068,0.0004471834690033835,-7.854993057093243e-05
2657,3700,3151.0,0.00043326250827678894,-7.152270718690774e-05,-0.00010461530443155176,0.00043862582951265463,-7.688602842277343e-05
2656,3700,3155.0,0.00043105589624558086,-6.256537537158743e-05,-0.00011045331035141118,0.0004371592248401784,-6.866870396618496e-05
2659,3700,3416.0,0.0004395439014806407,-5.5112766109432685e-05,-0.000126536751071063,0.00044750793349534405,-6.307679812413603e-05
2661,3701,3418.0,0.0004402337755343849,-7.28298096549511e-05,-0.00012128795620437727,0.00044730443492355657,-7.990046904412276e-05
2660,3701,3416.0,0.0004398374487212531,-6.116677828867556e-05,-0.00012415693244309522,0.0004474148672192623,-6.87441967866848e-05
2662,3701,3150.0,0.0004430207627146368,-7.418457279127712e-05,-0.00012890870139820737,0.0004509320778837571,-8.20958879603974e-05
2663,3701,3154.0,0.0004431328810976451,-6.525965929536003e-05,-0.00013230958594392245,0.0004516002749564823,-7.372705315419726e-05
2664,3702,3418.0,0.00044647525502228974,-7.29716544820415e-05,-0.00012108921652462246,0.00045343873759184027,-7.993513705159203e-05
2665,3702,3417.0,0.0004463084765961231,-8.360975058432061e-05,-0.00011331852454374985,0.0004522988119363414,-8.960008592453892e-05
2666,3702,3152.0,0.00045256183088867447,-8.343132265187312e-05,-0.0001222732688461181,0.0004594467799239084,-9.031627168710706e-05
2667,3702,3150.0,0.0004522786114991781,-7.43440841190648e-05,-0.00012831015063024392,0.00045998154297021766,-8.20470155901044e-05
2670,3703,3417.0,0.000446265951161158,-8.956067365474226e-05,-0.00011126546480502708,0.00045198111658395116,-9.52758390775354e-05
2671,3703,3418.0,0.00044628672511393824,-7.258610954444624e-05,-0.00011257975575244134,0.0004523231029783903,-7.862248740889832e-05
2668,3703,3151.0,0.0004458381158663864,-7.167146910319437e-05,-0.00010451715873750766,0.0004510624925436481,-7.689584578045604e-05
2669,3703,3148.0,0.00044577952852850947,-7.974577535093411e-05,-0.00010301113696071715,0.0004507798965128994,-8.474614333532407e-05
2674,3704,3153.0,0.00046082808347132354,-8.956487453216233e-05,-0.00010997907687308045,0.00046626829378945635,-9.500508485029511e-05
2672,3704,3417.0,0.0004445752565647443,-8.371824691266478e-05,-0.00010791525150156966,0.0004500299362591287,-8.917292660704922e-05
2675,3704,3152.0,0.0004588013032330897,-8.352658153366237e-05,-0.00011768609999635027,0.00046511238347694513,-8.983766177751782e-05
2673,3704,3148.0,0.0004536405481243063,-9.046054561294013e-05,-0.00010384413523281677,0.0004585510114305448,-9.537100891917862e-05
3829,3705,2014.0,0.00042904123291560847,-3.589499173385245e-05,-0.00018677454340128297,0.00044709778157959773,-5.395154039784171e-05
3834,3705,3511.0,0.0004086833540759109,-2.056533217549607e-05,-0.00016521818039428454,0.00042403264084141755,-3.591461894100268e-05
3833,3705,3510.0,0.0004194585599089154,-2.3951053925968103e-05,-0.00018292499800469375,0.0004375837138680381,-4.207620788509078e-05
3832,3705,3509.0,0.00041798189600339083,-3.475701995620713e-05,-0.00016598271894037106,0.0004327155223107439,-4.9490646263560125e-05
3830,3705,3419.0,0.00041015098366314895,-2.0330977868578785e-05,-0.00017380306421982752,0.0004270318590076078,-3.721185321303762e-05
3831,3705,2055.0,0.00040807405716207154,-2.0738970653026234e-05,-0.0001573300654834492,0.00042204954907425565,-3.4714462565210344e-05
3828,3705,1.0,0.00040860283031817976,-3.3619048178561866e-05,-0.00014700451646226104,0.00042049967939537656,-4.5515897255758665e-05
2682,3706,3514.0,0.00043563304573063233,-2.726934976443455e-05,-0.00021609249145710524,0.0004596102100629638,-5.124651409676604e-05
2677,3706,2014.0,0.000428941652900125,-3.367597879371388e-05,-0.0001887267479931641,0.00044744919888830013,-5.218352478188903e-05
2678,3706,2015.0,0.00044381133841425724,-3.7231594019441366e-05,-0.00022068537038889835,0.000467914292625728,-6.133454823091213e-05
2679,3706,3420.0,0.00042743969068420595,-1.7760796304181305e-05,-0.0002118470293657089,0.00045135650413829565,-4.167760975827103e-05
2680,3706,3510.0,0.00041951212857746153,-2.533161551236966e-05,-0.00018188381026842948,0.00043738573978890124,-4.320522672380934e-05
2681,3706,3513.0,0.00043570955434438924,-3.545379304374202e-05,-0.0002040748090997649,0.0004568580053100011,-5.6602244009353926e-05
2676,3706,3419.0,0.000410074023638015,-1.7476276231062214e-05,-0.00017525683229772937,0.0004273368663503419,-3.4739118943389095e-05
2683,3706,3515.0,0.00041802703734359486,-1.7682651296249772e-05,-0.00019283369523387037,0.00043840934734273526,-3.806496129539014e-05
2691,3707,3518.0,0.0004374940958619608,-1.9589315105892908e-05,-0.00023120780669132202,0.0004650687186631609,-4.716393790709297e-05
2685,3707,2015.0,0.00044382148694023515,-3.724560022920053e-05,-0.00022047642824899946,0.00046787979780833376,-6.130391109729913e-05
2686,3707,2016.0,0.0004686805584051511,-4.457935196087808e-05,-0.00025830112487545964,0.0004993462726555932,-7.524506621132022e-05
2687,3707,3421.0,0.00044983369555134933,-2.107209926069541e-05,-0.00025278630074899305,0.0004816134596193335,-5.285186332867957e-05
2688,3707,3514.0,0.00043561433491464893,-2.699625330359191e-05,-0.00021646576186939992,0.00045968424633326105,-5.106616472220403e-05
2689,3707,3516.0,0.00045503834239787183,-4.091246240533667e-05,-0.00023841086651613108,0.00048220242373947855,-6.807654374694342e-05
2690,3707,3517.0,0.00045923354110008474,-3.217315443818276e-05,-0.0002559893361001597,0.0004905730964239738,-6.351270976207181e-05
2684,3707,3420.0,0.00042744886913845953,-1.7926997213676358e-05,-0.00021166547711523598,0.0004513181993573969,-4.1796327432613715e-05
2694,3708,2017.0,0.0005059441910881743,-5.877712907325456e-05,-0.00029919615887850914,0.0005431255904192535,-9.595852840433379e-05
2693,3708,2016.0,0.000468653528932772,-4.401465373425758e-05,-0.0002588311596228611,0.0004994701970927808,-7.483132189426643e-05
2695,3708,3422.0,0.00048547190709774535,-2.9576252056205812e-05,-0.0003023396276224527,0.0005265629044504006,-7.066724940886097e-05
2692,3708,3421.0,0.0004498135479972659,-2.055687127758537e-05,-0.0002531768500425441,0.00048171767206967985,-5.2460995349999304e-05
2696,3708,3517.0,0.00045921719101760933,-3.1884269418985204e-05,-0.00025631252405715343,0.000490648750139039,-6.331582854041486e-05
2697,3708,3519.0,0.0004852107991696192,-5.139586384706943e-05,-0.0002775770373863867,0.0005189818469448007,-8.516691162225093e-05
2698,3708,3520.0,0.0004956906196244351,-4.376300341411366e-05,-0.0003011047247203913,0.0005348627667705952,-8.29351505602738e-05
2699,3708,3521.0,0.0004655996336660126,-2.520640134894513e-05,-0.0002761413212968855,0.0005017745775363259,-6.138134521925845e-05
2703,3709,3423.0,0.0005475080532063581,-5.195831517590711e-05,-0.0003582098485664792,0.0005969432461742409,-0.00010139350814378987
2707,3709,3524.0,0.0005123843493381464,-4.051767777943404e-05,-0.00032836081741749457,0.0005574615141734959,-8.559484261478348e-05
2706,3709,3523.0,0.0005561632866924807,-6.954785919911408e-05,-0.0003472889902344095,0.0006011219395786814,-0.00011450651208531475
2705,3709,3522.0,0.000531376975969125,-7.248056228254782e-05,-0.00031670923727151676,0.0005703839293323219,-0.00011148751564574468
2704,3709,3520.0,0.0004956522472148242,-4.2915542785226086e-05,-0.000301853288457124,0.000535063457528245,-8.232675309864689e-05
2700,3709,3422.0,0.00048542061036970646,-2.8676833489952995e-05,-0.00030335177362511567,0.00052683397997938,-7.009020309962645e-05
2702,3709,2018.0,0.0005647998591522679,-8.74221743381511e-05,-0.000336765092894889,0.000605705295976541,-0.00012832761116242413
2701,3709,2017.0,0.000505874962550612,-5.75389502269447e-05,-0.0003005606352776448,0.0005434531187923076,-9.511710646864028e-05
2715,3710,3527.0,0.0005940719699641661,-7.926394466725446e-05,-0.00037819383132859513,0.0006435425331263841,-0.0001287345078294724
2714,3710,3526.0,0.0006675653324391406,-0.000128595248417617,-0.0003682922706579189,0.000708093884584796,-0.00016912380056327233
2708,3710,3423.0,0.0005473573317451921,-4.917279955865051e-05,-0.0003611682974896391,0.0005977650126138958,-9.95804804273542e-05
2709,3710,2018.0,0.0005645455599654625,-8.464067084302228e-05,-0.00034185006786853836,0.0006067985400743971,-0.00012689365095195677
2710,3710,2019.0,0.0006754716511376754,-0.0001468461963938124,-0.00033590147976371443,0.0007084513449442701,-0.00017982589020040714
2713,3710,3525.0,0.0006106556425195114,-0.00011574354973567768,-0.0003374384769268962,0.0006479309245739741,-0.0001530188317901405
2711,3710,3424.0,0.0006596487731197476,-0.00010898413991117017,-0.00040082606826543493,0.0007087657290206371,-0.0001581010958120598
2712,3710,3523.0,0.0005559528960785431,-6.732111263707877e-05,-0.0003514995964135556,0.0006020946139148188,-0.00011346283047335441
2720,3711,3526.0,0.0006666860183151893,-0.000122163529330142,-0.0003859662028491695,0.0007113664478783552,-0.00016684395889330792
2717,3711,2019.0,0.0006739835460412846,-0.00014693115725135136,-0.00036634813983735595,0.0007130014188635482,-0.00018594903007361502
2716,3711,3424.0,0.0006587353094169648,-9.430866827785621e-05,-0.0004187956311862834,0.0007130453681945992,-0.0001486187270554905
2719,3711,2020.0,0.0009598415508298708,-0.000286858138322232,-0.00028550632931662566,0.0009759786058482917,-0.00030299519334065297
2721,3711,3528.0,0.0007419012080690374,-0.0002081864740631176,-0.0002515734491759271,0.0007582726201416682,-0.0002245578861357485
2722,3711,3529.0,0.0009106206095717342,-0.00028044963004674557,-0.00018409794238306854,0.0009176924031178139,-0.0002875214235928252
2723,3711,3530.0,0.0007783065544857554,-0.00018899739756709133,-0.0003650449612001838,0.0008116010842398383,-0.00022229192732117423
2718,3711,5.0,0.000860453653531601,-0.0002694413335024618,-0.00010172022563514904,0.0008627384065476742,-0.000271726086518535
3841,3712,3532.0,0.0003966395036528736,-1.1369185119374398e-05,-0.0001511590804312915,0.0004101898407324002,-2.4919522198900966e-05
3840,3712,3531.0,0.0004058856357877158,-1.0888214813875043e-05,-0.00016928837978306271,0.0004224203624431358,-2.7422941469295057e-05
3839,3712,3511.0,0.0004044149733214951,-2.1572128516744856e-05,-0.00015465442702087412,0.0004180174300512842,-3.5174585246534e-05
3838,3712,2054.0,0.0003949318749327871,-1.1442913640408029e-05,-0.0001438074926238403,0.0004072793175767104,-2.3790356284331344e-05
3837,3712,3425.0,0.0003990288691348848,-1.130639326808062e-05,-0.00015859227220292593,0.00041381949327620423,-2.6097017409400084e-05
3836,3712,3419.0,0.0004132909720967453,-1.9977257166239274e-05,-0.00017767731848958301,0.0004307992222747482,-3.748550734424216e-05
3835,3712,2055.0,0.00039676969925549893,-2.3035360603485737e-05,-0.00013307948966512217,0.00040706392160265524,-3.332958295064204e-05
2725,3713,3419.0,0.00041305804097771515,-1.715033128731053e-05,-0.00017883588013317686,0.0004309031602691137,-3.499545057870904e-05
2726,3713,3420.0,0.00042656432146822437,-1.7834315952999866e-05,-0.00021101966345551948,0.00045034236315218265,-4.161235763695814e-05
2727,3713,3426.0,0.0004144181621162646,-5.23172183987416e-06,-0.00019613844314623,0.0004362051336833687,-2.7018693406978257e-05
2728,3713,3531.0,0.0004059945196618481,-1.2328685321880389e-05,-0.0001687643736447697,0.00042237433112735995,-2.8708496787392267e-05
2729,3713,3515.0,0.000419109595757354,-1.7552928376873394e-05,-0.00019424768645125157,0.0004397377045438116,-3.818103716333101e-05
2730,3713,3534.0,0.00042052510819150235,-1.127444553795996e-05,-0.00020330942581121836,0.0004432597678738935,-3.400910522035109e-05
2724,3713,3425.0,0.00039888189110125205,-8.064555856367346e-06,-0.00015910792973021504,0.0004138810594677654,-2.3063724222880728e-05
2731,3713,3535.0,0.0004058944135101883,-6.771407328592439e-06,-0.00017685189178980737,0.000424044058826304,-2.492105264470816e-05
2735,3714,3427.0,0.0004350361656917934,-4.641990298697509e-06,-0.0002379551940448945,0.0004651668634836128,-3.4772688090516936e-05
2733,3714,3420.0,0.00042659207471035243,-1.7998899616815395e-05,-0.0002108562387326228,0.0004503257971264692,-4.173262203293216e-05
2734,3714,3421.0,0.0004498762554840524,-2.106812627851733e-05,-0.0002528305402696024,0.0004816641873328281,-5.2856058127293015e-05
2732,3714,3426.0,0.00041444989677682197,-5.538285547272161e-06,-0.00019596905017646438,0.00043618514229820074,-2.7273531068650964e-05
2736,3714,3534.0,0.000420475203557355,-1.0887808309144125e-05,-0.00020358989894972424,0.00044329049789661244,-3.370310264840155e-05
2737,3714,3518.0,0.0004370549825583256,-1.9634656349317868e-05,-0.0002307075529275754,0.0004645379378199478,-4.711761161094009e-05
2738,3714,3536.0,0.0004424037082162574,-1.1855512631297506e-05,-0.000245597034129498,0.00047347428316142653,-4.292608757646663e-05
2739,3714,3537.0,0.00042363033093439917,-5.26369982056606e-06,-0.00021586816974625972,0.0004492609885748594,-3.089435746102625e-05
2745,3715,3521.0,0.00046561259842626407,-2.5228160892034907e-05,-0.0002759234986356232,0.0005017319264938786,-6.134748895964952e-05
2740,3715,3427.0,0.0004350012481211425,-4.092031938062466e-06,-0.00023811001812140686,0.0004652041272717219,-3.429491108864185e-05
2741,3715,3421.0,0.0004498154049298181,-2.0557909935476617e-05,-0.00025316657958786466,0.0004817169222436317,-5.2459427249290235e-05
2742,3715,3422.0,0.00048564466762886227,-2.9609982562047777e-05,-0.00030201699628785994,0.0005266398553276113,-7.060517026079684e-05
2743,3715,3428.0,0.00046883481052886755,-7.63765592426901e-06,-0.0002927024774069765,0.0005101968389063894,-4.899968430179089e-05
2744,3715,3536.0,0.0004423802405692859,-1.1610127924203517e-05,-0.0002457194508102348,0.00047349612892082086,-4.2726016275738526e-05
2746,3715,3538.0,0.0004772104904148672,-1.7833690998586614e-05,-0.0002974444751757607,0.000518453857027701,-5.9077057611420426e-05
2747,3715,3539.0,0.00044984593096233927,-6.131844990436874e-06,-0.00026364937634359986,0.0004852136101193764,-4.149952414747406e-05
2753,3716,3524.0,0.0005117359831672413,-4.054665471831849e-05,-0.0003280045999407427,0.0005567656193605536,-8.557629091163077e-05
2751,3716,3429.0,0.0005285962286074863,-2.268270457360459e-05,-0.0003635153734316116,0.000583127887681499,-7.721436364761721e-05
2750,3716,3423.0,0.0005464972119594708,-5.194737099556467e-05,-0.0003582197070816362,0.0005960073671405196,-0.0001014575261766134
2752,3716,3538.0,0.0004771126436613135,-1.701579137804274e-05,-0.0002979848927292805,0.000518560950397223,-5.8464098113952226e-05
2748,3716,3428.0,0.00046874068194910357,-6.564846768480448e-06,-0.0002931800110223398,0.0005103144674080901,-4.813863222746697e-05
2754,3716,3540.0,0.0005375495106063749,-3.6639757538475186e-05,-0.0003607535274322074,0.0005895110751233206,-8.86013220554208e-05
2749,3716,3422.0,0.00048548999647007873,-2.8719313880675026e-05,-0.00030293082352302915,0.0005267887170680577,-7.001803447865396e-05
2755,3716,3541.0,0.0004944199480187844,-1.5031116823338477e-05,-0.00032545450950346305,0.0005419612783303556,-6.257244713490963e-05
2761,3717,3527.0,0.000595089957012615,-7.924739150043825e-05,-0.00037846162253370175,0.0006445619619824398,-0.00012871939647026294
2762,3717,3542.0,0.000659092161062233,-9.127746814234711e-05,-0.00042574150518851633,0.000715274478284101,-0.0001474597853642152
2757,3717,3423.0,0.0005460436566117194,-4.918892468008069e-05,-0.0003608754585578879,0.0005964693614278129,-9.96146294961742e-05
2758,3717,3424.0,0.0006655362283953109,-0.00010887503807295042,-0.0004025094550370173,0.0007147153654692116,-0.0001580541751468511
2759,3717,3430.0,0.0006523900117335613,-7.421550891241821e-05,-0.000450799329951586,0.0007166312896446504,-0.00013845678682350724
2763,3717,3543.0,0.0005793800435804491,-4.72430120204314e-05,-0.00040348141173861263,0.0006387123482223184,-0.00010657531666230063
2760,3717,3540.0,0.0005372665334055435,-3.396189751095921e-05,-0.0003622687054918722,0.000589861031342618,-8.65563954480337e-05
2756,3717,3429.0,0.0005283061463224985,-1.9381648141884736e-05,-0.0003649861533850107,0.0005835430949200388,-7.4618596739425e-05
2764,3718,3430.0,0.0006517056649619629,-5.6953634471062055e-05,-0.00045286136202463134,0.0007178761388743592,-0.00012312410838345825
2765,3718,3424.0,0.0006627944381192297,-9.434213117704045e-05,-0.00041886163830983335,0.0007168636624244109,-0.00014841135548222166
2766,3718,2020.0,0.0009711769221361494,-0.0002858591112438419,-0.00029669348337495183,0.0009884465277131156,-0.00030312871682080817
2767,3718,2021.0,0.001001104379731499,-0.00026707878374626626,-0.000538186962636307,0.0010558403785380249,-0.00032181478255279233
2768,3718,3542.0,0.0006577933138523853,-7.747158066765151e-05,-0.0004324629203738828,0.0007166695542564836,-0.00013634782107174975
2769,3718,3530.0,0.0007727631166861842,-0.0001895457511633115,-0.00035897181155407354,0.0008051500926380382,-0.00022193272711516543
2770,3718,3544.0,0.0009869162642267629,-0.0002792635108356961,-0.0004126329244417623,0.0010196861879753893,-0.0003120334345843224
2771,3718,3545.0,0.0007797746271705486,-0.0001612999163095347,-0.0004898524634999804,0.0008397033610291802,-0.00022122865016816634
3848,3719,3547.0,0.0003890457083879275,-1.0954209041242247e-05,-0.0001387173256969,0.00040073091117022366,-2.263941182353843e-05
3847,3719,3546.0,0.00039696480157109387,-5.195389501641383e-06,-0.0001533654508222293,0.0004110902942460716,-1.9320882176619106e-05
3846,3719,3532.0,0.00039440146884809485,-1.3282949284315745e-05,-0.0001410914174043154,0.000406263555551075,-2.5145035987295897e-05
3845,3719,2053.0,0.0003858125126449119,-1.156285051472013e-05,-0.0001332975648687812,0.00039669308966250154,-2.2443427532309795e-05
3844,3719,3431.0,0.00039335528433934175,-1.0239960492877568e-05,-0.0001448100003262321,0.0004059516088093688,-2.2836284962904574e-05
3843,3719,3425.0,0.00040081682381993416,-1.0395018157284986e-05,-0.00016352950681230993,0.00041647831942297664,-2.6056513760327435e-05
3842,3719,2054.0,0.00038923001110787586,-1.580177017871439e-05,-0.00012075276074110727,0.00039803849972475233,-2.4610258795590884e-05
2772,3720,3431.0,0.00039345612872585325,-6.941690996638381e-06,-0.00014358025129768137,0.00040593873110840255,-1.9424293379187652e-05
2775,3720,3432.0,0.0004066114328308973,-9.460765605951446e-07,-0.00017833179165529058,0.00042526544965071616,-1.960009338041404e-05
2776,3720,3546.0,0.00039702677414397286,-6.759341607550252e-06,-0.00015351129314458006,0.00041112500335904723,-2.0857570822624622e-05
2777,3720,3535.0,0.000406554986431093,-6.452807508631548e-06,-0.0001785852105805133,0.0004250333750378091,-2.4931196115347685e-05
2778,3720,3549.0,0.0004102591244240089,-2.887609694478038e-06,-0.00018652166352124688,0.0004303355725397976,-2.296405781026674e-05
2779,3720,3550.0,0.0003993645177540542,-4.137048724739715e-06,-0.00016011495937802434,0.0004146680562681453,-1.944058723883085e-05
2774,3720,3426.0,0.0004138719624178222,-5.435899687081594e-06,-0.00019500301714302226,0.00043543506140309633,-2.699899867235575e-05
2773,3720,3425.0,0.0004005719627801496,-7.216641851776393e-06,-0.000163706675588857,0.00041638850549692986,-2.303318456855664e-05
2787,3721,3552.0,0.0004150997978462634,4.92889723583865e-07,-0.0001980494121548368,0.000437536663449281,-2.1943975879433757e-05
2780,3721,3432.0,0.0004066352182879318,-1.3612584232871802e-06,-0.00017834126232700587,0.00042527274236569586,-1.9998782501051227e-05
2781,3721,3426.0,0.0004139248145181851,-5.736522852209066e-06,-0.0001948679494798381,0.0004354429927168576,-2.7254701050881565e-05
2782,3721,3427.0,0.00043515863665898047,-4.636994337216434e-06,-0.0002380046714652584,0.00046529402929663575,-3.4772386974871714e-05
2783,3721,3433.0,0.00042578158557878,2.8106788378837817e-06,-0.00021996210522411824,0.0004526696393792432,-2.4077374962579385e-05
2784,3721,3549.0,0.00041025517666209294,-2.5301690923829902e-06,-0.0001864476602697826,0.0004303324088990437,-2.2607401329333734e-05
2785,3721,3537.0,0.0004233872078931236,-5.3753266851903556e-06,-0.00021525859714442014,0.00044888798177347754,-3.087610056554425e-05
2786,3721,3551.0,0.00043044105966884294,2.4811954578055724e-07,-0.00022880588604757418,0.00045897243039205265,-2.8283251177429157e-05
2794,3722,3553.0,0.00046307222803307346,-5.02989127181626e-07,-0.00028482299911249814,0.0005033260330229278,-4.075679411703599e-05
2790,3722,3428.0,0.0004688550289066243,-7.700043968733193e-06,-0.00029239274634805523,0.0005101299274432252,-4.897494250533411e-05
2795,3722,3554.0,0.00043943186624365027,3.58652103475812e-06,-0.00024693595343975444,0.00047197801906537326,-2.8959631786964845e-05
2791,3722,3434.0,0.0004572929259071129,4.616580809451299e-06,-0.00027776131433806736,0.0004965047586086059,-3.459525189204165e-05
2789,3722,3427.0,0.00043510052655319764,-4.097779698874907e-06,-0.0002381008721374367,0.00046529487690918616,-3.429213005486342e-05
2793,3722,3539.0,0.00044983419086004617,-6.182655174734536e-06,-0.00026339156434363603,0.00048513474985565925,-4.148321417034762e-05
2788,3722,3433.0,0.00042577078406324034,3.312156393138455e-06,-0.00021987929706202003,0.00045266864075341206,-2.358570029703324e-05
2792,3722,3551.0,0.0004304321919135559,5.272182766649213e-07,-0.00022877117513748352,0.0004589722804087743,-2.8012870218553442e-05
2800,3723,3553.0,0.0004630048712979118,3.959687130806024e-07,-0.00028486590980011245,0.0005033415358720876,-3.994069586109517e-05
2801,3723,3541.0,0.0004943176201952643,-1.5131977853070856e-05,-0.0003249270676569521,0.0005417171715004585,-6.253152915826514e-05
2798,3723,3429.0,0.0005291695749046893,-2.274553916433884e-05,-0.00036331350788794403,0.0005835932363707399,-7.716920063038945e-05
2796,3723,3434.0,0.00045727550610274656,5.723587835617001e-06,-0.000277553001753722,0.0004965159632876931,-3.351686934932954e-05
2799,3723,3435.0,0.0005141235504549646,-3.4203672120677376e-06,-0.00036195484589613205,0.0005711296058901086,-6.0426422647211697e-05
2797,3723,3428.0,0.00046869850414442416,-6.64817770401949e-06,-0.0002927526658337118,0.0005101571173642373,-4.8106790923832575e-05
2802,3723,3555.0,0.0005216729488960459,-1.2124484867048768e-05,-0.0003622919777162767,0.0005773401855068179,-6.779172147782073e-05
2803,3723,3556.0,0.00048114858325703364,5.4723393931301e-07,-0.00031638075058568194,0.0005285432493265092,-4.684743213016261e-05
2804,3724,3435.0,0.0005140634225338503,1.9109814134333093e-07,-0.00036128877837661444,0.0005712109861008972,-5.6956465425703554e-05
2805,3724,3429.0,0.0005286877433118842,-1.9508701853519046e-05,-0.0003644230752012799,0.0005837260882171869,-7.454704675882175e-05
2806,3724,3430.0,0.0006535420304688948,-7.386574715388954e-05,-0.000452786781000622,0.0007182473922564548,-0.0001385711089414496
2807,3724,3436.0,0.0006369295435858791,-4.491062411632942e-05,-0.0004982357029952485,0.0007182489741194855,-0.0001262300546499358
2808,3724,3555.0,0.0005215409206634769,-9.196945717990137e-06,-0.00036208419141046944,0.0005774147478894278,-6.507077294394114e-05
2809,3724,3543.0,0.0005789764579215984,-4.729133483079821e-05,-0.0004031581747985652,0.0006382495506533749,-0.00010656442756257472
2810,3724,3557.0,0.0006454597597327638,-5.896719029314067e-05,-0.00047451073425756884,0.0007179160872865985,-0.00013142351784697535
2811,3724,3558.0,0.0005632644134277581,-2.3273621393935906e-05,-0.00042304069873082967,0.0006315857371058163,-9.15949450719942e-05
2814,3725,2021.0,0.0009993637172552305,-0.00026539743942182586,-0.0005462938964029135,0.0010558332323126027,-0.000321866954479198
2813,3725,3430.0,0.0006524065407434165,-5.693923045606893e-05,-0.00045307318558124483,0.0007185800447596861,-0.00012311273447233856
2812,3725,3436.0,0.0006376952517794625,-2.9834050876161857e-05,-0.0004914018154167366,0.0007183793651074183,-0.00011051816420411763
2819,3725,3560.0,0.0007570333712454969,-0.00012265068423918297,-0.0006187320969139598,0.0008549351126966081,-0.00022055242569029432
2818,3725,3559.0,0.0009834848704643184,-0.00024185871266088502,-0.0006658515046575886,0.0010680980140180733,-0.00032647185621464
2817,3725,3545.0,0.0007805824207812867,-0.00016208550943840917,-0.0004860634896764124,0.0008395503844490685,-0.00022105347310619097
2816,3725,3557.0,0.0006453625792118417,-4.567958234920745e-05,-0.0004715675270839867,0.0007181461725789633,-0.00011846317571632904
2815,3725,2022.0,0.0009667324002089195,-0.000211309702654578,-0.0007871292330013518,0.0010861172397684067,-0.0003306945422140652
3850,3726,3431.0,0.0003938505421943461,-9.018095592053872e-06,-0.00014900031150967552,0.00040718600244956933,-2.235355584727708e-05
3852,3726,2052.0,0.0003792626470183885,-1.427231073209659e-05,-0.0001214226600918869,0.00038841579930687007,-2.3425463020578137e-05
3853,3726,3547.0,0.00038985089447745626,-1.469652168099831e-05,-0.00012658711178945362,0.00039952229060665216,-2.436791781019424e-05
3854,3726,3561.0,0.00039291464129471987,-7.136763717340651e-06,-0.00013830198517088277,0.0004045304787532785,-1.8752601175899317e-05
3855,3726,3562.0,0.00038526735657204957,-1.4861160057490989e-05,-0.0001273591446827975,0.00039515736801291575,-2.4751171498357176e-05
3849,3726,2053.0,0.00038593125169421663,-2.0151123676303157e-05,-0.0001049405269658299,0.0003926014190820845,-2.6821291064171008e-05
3851,3726,3437.0,0.00039152707300911527,-1.5767490778375445e-05,-0.00013263316807054365,0.0004020528630474358,-2.6293280816695947e-05
2820,3727,3437.0,0.00039173380846422093,-1.221600203895354e-05,-0.00013078299846572272,0.00040205565430249127,-2.253784787722388e-05
2821,3727,3431.0,0.00039399036075288274,-5.816429190661919e-06,-0.00014746218550534037,0.0004071541884122398,-1.8980256850018994e-05
2822,3727,3432.0,0.00040646957301615494,-1.289029867592795e-06,-0.00017715500104188708,0.00042488004451708705,-1.9699501368524878e-05
2823,3727,3438.0,0.00040376737252433015,-4.971722709476672e-06,-0.00016463738274505486,0.000419723218229266,-2.09275684144125e-05
2824,3727,3561.0,0.0003929147626153956,-8.740264349472407e-06,-0.00013887674356992397,0.0004045804905494448,-2.0405992283521605e-05
2825,3727,3550.0,0.00039955309924473437,-3.661804527081854e-06,-0.00016174326010023887,0.00041516854026584036,-1.9277245548187874e-05
2826,3727,3564.0,0.00040517847724738654,-2.884086643322923e-06,-0.00017064130488460283,0.0004222995811029651,-2.000519049890148e-05
2827,3727,3565.0,0.0003970771570694434,-8.749971081471644e-06,-0.000147054332763491,0.0004099879629848043,-2.1660776996832576e-05
2830,3728,3433.0,0.0004259363555475862,2.7953019868495787e-06,-0.00021995805862204398,0.00045281388325774455,-2.4082225723308782e-05
2835,3728,3567.0,0.00041158243701408526,-2.3340110750270124e-06,-0.00018417613578215752,0.00043114555577763764,-2.189712983857942e-05
2834,3728,3566.0,0.0004238398495895676,3.1664525278236747e-06,-0.0002123162230157627,0.0004491110273866883,-2.2104725269297043e-05
2833,3728,3552.0,0.00041506285162746376,3.045331461015016e-07,-0.00019741544830593344,0.00043735591642536756,-2.19885316518023e-05
2829,3728,3432.0,0.0004065025520424148,-1.6920483817739257e-06,-0.00017720753723328236,0.000424905444564927,-2.0094940904286112e-05
2831,3728,3439.0,0.00042165553896010566,1.1386020279114924e-06,-0.0002057818989759791,0.0004454807543514034,-2.2686613363386238e-05
2828,3728,3438.0,0.00040376556730869345,-5.288470397249575e-06,-0.00016475599977741617,0.00041973216810615023,-2.125507119470638e-05
2832,3728,3564.0,0.00040517395247478827,-2.4418167044940715e-06,-0.00017049533424904478,0.0004222841942828645,-1.955205851257035e-05
2841,3729,3554.0,0.00043946222878758767,3.5114075090859247e-06,-0.0002466967949832366,0.0004719426162587026,-2.896897996202899e-05
2843,3729,3569.0,0.0004339923207194035,3.746347458103577e-06,-0.00023375521126191984,0.0004636922784279576,-2.5953610250450514e-05
2842,3729,3568.0,0.0004540051930078323,6.780752829688304e-06,-0.0002711863629185282,0.0004919038442633538,-3.1117898425833126e-05
2840,3729,3566.0,0.00042387699122831135,3.409764113920257e-06,-0.00021212539298418043,0.00044911623779832763,-2.1829482456096053e-05
2839,3729,3440.0,0.0004505244693105842,6.816924170469302e-06,-0.0002660340180701635,0.00048734543670600114,-3.0004043224947635e-05
2838,3729,3434.0,0.0004573574685926077,4.529126573900311e-06,-0.0002774916916935266,0.0004964876188811998,-3.4601023714691767e-05
2837,3729,3433.0,0.0004259213743641882,3.282058244061145e-06,-0.0002198253340560661,0.00045279657824668935,-2.3593145638440004e-05
2836,3729,3439.0,0.00042172127518227964,1.585876751427121e-06,-0.0002054381853794085,0.0004454903785806824,-2.2183226646975684e-05
2851,3730,3571.0,0.0004717156738407238,6.15408232908487e-06,-0.00031013439344442645,0.0005186360299809917,-4.076627381118298e-05
2850,3730,3570.0,0.0005085003953070946,2.3608632180902945e-06,-0.0003619423818666187,0.0005665493822069294,-5.568812368174445e-05
2848,3730,3568.0,0.0004540706816552817,7.6264259759416925e-06,-0.00027070055103460555,0.000491899919335656,-3.0202811704432543e-05
2849,3730,3556.0,0.0004812990597090547,3.871159197636645e-07,-0.00031589683996961077,0.0005285352458505555,-4.684907022173721e-05
2846,3730,3435.0,0.0005148204548675872,-3.4609802556924245e-06,-0.00036203137756303516,0.0005717819218656381,-6.0422447253743344e-05
2845,3730,3434.0,0.00045733331587848036,5.603680072292907e-06,-0.00027717396446653476,0.0004964614556382681,-3.3524459687494775e-05
2844,3730,3440.0,0.0004506885588342613,7.837789836819659e-06,-0.0002652102975660986,0.00048735875040026305,-2.8832401729182104e-05
2847,3730,3441.0,0.0005020410938510467,6.1522699423706396e-06,-0.000362969474178694,0.0005613638965743762,-5.31705327809589e-05
2858,3731,3572.0,0.0006236959587987631,-3.0992009986763834e-05,-0.0005226326987687636,0.0007152079384004378,-0.00012250398958843858
2852,3731,3441.0,0.0005025476943123844,9.468999530141595e-06,-0.0003603671659613422,0.0005613733308139687,-4.9356636971442734e-05
2853,3731,3435.0,0.0005147370905892457,4.459257821754891e-08,-0.00036100815364648563,0.0005717295341225586,-5.694785095509535e-05
2854,3731,3436.0,0.0006364054058754162,-4.430499749832331e-05,-0.0005000794992499752,0.0007183789146829151,-0.0001262785063058222
2855,3731,3442.0,0.0006106823400083838,-1.8225158708268555e-05,-0.0005462332417508868,0.0007127305103142168,-0.0001202733290141015
2857,3731,3558.0,0.0005629809987926782,-2.34420470277538e-05,-0.0004223981247402503,0.0006311253131306629,-9.15863613657385e-05
2859,3731,3573.0,0.000544319891043768,-6.169096070055924e-06,-0.0004438835309940811,0.0006226537883782456,-8.450299340453352e-05
2856,3731,3570.0,0.0005087631560944175,5.11498754015026e-06,-0.00036022225165208144,0.0005665442834470961,-5.2666139812528295e-05
2861,3732,3436.0,0.0006374671163834333,-2.9670340603194173e-05,-0.0004918741951327431,0.000718329507122275,-0.00011053273134203586
2862,3732,2022.0,0.0009628544480324921,-0.00020955835962022844,-0.0007917461989250668,0.0010840047143274411,-0.0003307086259151774
2863,3732,2023.0,0.0008791452576099312,-0.00012633889572841324,-0.000993726114075992,0.001083242974035895,-0.000330436612154377
2860,3732,3442.0,0.0006133046664483707,-6.429454692834019e-06,-0.0005346859019048494,0.0007126928424363442,-0.00010581763068080751
2864,3732,3572.0,0.0006251819409035589,-2.0183397341338657e-05,-0.0005146124743186341,0.0007152105566196452,-0.00011021201305742498
2865,3732,3560.0,0.0007587743973213046,-0.00012343499050214196,-0.000616665390833826,0.0008558540603487382,-0.00022051465352957567
2866,3732,3574.0,0.0009206897163275968,-0.00017124776929172014,-0.0008947833774236823,0.0010805829935003086,-0.0003311410464644319
2867,3732,3575.0,0.0007068558627614935,-7.235972531919449e-05,-0.0007334668226408256,0.0008523065965063724,-0.0002178104590640734
3856,3733,2052.0,0.00038661214525238796,-2.2917565552169316e-05,-0.00010359780800090097,0.0003930622809458267,-2.9367701245608055e-05
3857,3733,3437.0,0.00039060858332206835,-1.3915775080723322e-05,-0.0001367235793643673,0.0004018489179790547,-2.515610973770967e-05
3858,3733,3443.0,0.0003928144558870694,-2.595208335065419e-05,-0.00013271167887685467,0.0004030773813726604,-3.6215008836245136e-05
3859,3733,2051.0,0.0003784263279284425,-2.634455324164605e-05,-0.00012256077909640617,0.0003875004643409464,-3.5418689654149956e-05
3860,3733,3562.0,0.0003882046422891538,-1.87995913420566e-05,-0.00011906765736811875,0.00039673409931625524,-2.7329048369158026e-05
3862,3733,3577.0,0.00038497471800985616,-2.6279153628355084e-05,-0.00012704614744590836,0.00039456306424471264,-3.586749986321153e-05
3861,3733,3576.0,0.00039258238609130025,-1.538236550894655e-05,-0.0001307237513996709,0.0004027984800150839,-2.5598459432730163e-05
2874,3734,3579.0,0.0004039944784322985,-9.99846964985882e-06,-0.00016203057645313573,0.0004192838950632839,-2.528788628084421e-05
2870,3734,3438.0,0.00040397437886768167,-5.389444908791949e-06,-0.00016371455889641062,0.0004197358820611513,-2.1150948102261575e-05
2869,3734,3437.0,0.0003908699991609921,-1.0503475754418585e-05,-0.00013455912731763497,0.00040184739725189315,-2.1480873845319636e-05
2868,3734,3443.0,0.00039334826604927806,-2.353942321212186e-05,-0.00013044195016768956,0.00040331369767605504,-3.350485483889884e-05
2871,3734,3444.0,0.0004040001324654846,-1.5389636469212388e-05,-0.0001607479779088851,0.00041887577739196263,-3.0265281395690382e-05
2872,3734,3576.0,0.0003921270787418385,-1.6635688007248103e-05,-0.0001322799686064441,0.00040256247169941154,-2.707108096482115e-05
2873,3734,3565.0,0.0003967243218164912,-8.125108612668983e-06,-0.00014841672194958883,0.0004098979511416344,-2.12987379378122e-05
2875,3734,3580.0,0.0003980301386150367,-1.9682156956843117e-05,-0.00014484397792256104,0.00041023017136492847,-3.188218970673489e-05
2876,3735,3444.0,0.0004039808778786777,-1.571524493966601e-05,-0.00016094246790726574,0.0004188811832515759,-3.0615550312564186e-05
2877,3735,3438.0,0.00040397209593714956,-5.693736111292609e-06,-0.0001638630469324451,0.0004197503718875919,-2.1472012061734912e-05
2878,3735,3439.0,0.00042179571603872396,1.1155416286745198e-06,-0.0002057843017207739,0.00044561315485858286,-2.2701897191184354e-05
2879,3735,3445.0,0.00042075536084067167,-7.952744045260497e-06,-0.00020197358303543703,0.000443352763045625,-3.05501462502138e-05
2880,3735,3579.0,0.000404118507190708,-9.756817850693452e-06,-0.00016165376391506087,0.000419343355045876,-2.498166570586146e-05
2881,3735,3567.0,0.0004117262045252035,-2.5647429994712315e-06,-0.00018367865373453834,0.00043117223382433637,-2.201077229860415e-05
2882,3735,3581.0,0.0004214359242161181,-2.3348864081833396e-06,-0.00020302870319641522,0.00044449857393890247,-2.5397536130967747e-05
2883,3735,3582.0,0.0004112213406591847,-1.2095573808128832e-05,-0.00018035516752036573,0.0004296309149539359,-3.050514810288001e-05
2891,3736,3584.0,0.0004314847043909095,-3.820761185624596e-06,-0.0002308410031461247,0.0004601947209654024,-3.253077776011745e-05
2890,3736,3583.0,0.00044858643873391807,4.878822879608681e-06,-0.00026442234926825,0.0004849939457378114,-3.1528684124284634e-05
2889,3736,3569.0,0.0004340981605663388,3.6408997509684046e-06,-0.0002335444806422296,0.00046373504315870865,-2.5995982841401456e-05
2888,3736,3581.0,0.00042153328542166024,-2.1336119690135245e-06,-0.00020272746600069613,0.0004445359846123032,-2.513631115965643e-05
2886,3736,3440.0,0.0004506651697894562,6.721218739592092e-06,-0.000265861275284468,0.0004874249324460081,-3.0038543916959784e-05
2885,3736,3439.0,0.00042187888822321773,1.5452101627108964e-06,-0.0002054052783562292,0.00044563069385840875,-2.220659547248012e-05
2884,3736,3445.0,0.0004209443201924623,-7.596690662950672e-06,-0.00020140528132614466,0.0004434286908132982,-3.0081061283786557e-05
2887,3736,3446.0,0.0004462392098564111,1.0125409067982438e-06,-0.0002645077747318175,0.00048256175047307686,-3.5309999709867565e-05
2899,3737,3586.0,0.0004634482954502389,4.074959776804597e-06,-0.00031311938818007895,0.0005117308762643413,-4.420762103729783e-05
2892,3737,3446.0,0.000446658682403199,1.8102036730713398e-06,-0.0002632428637830003,0.0004826851029140504,-3.4216216837780044e-05
2893,3737,3440.0,0.0004508728772189552,7.701824891543621e-06,-0.0002649583576061036,0.0004874556647995533,-2.8880962689054485e-05
2894,3737,3441.0,0.0005024345489820503,6.186475440825528e-06,-0.0003632150366520981,0.0005617951920507601,-5.3174167627884246e-05
2895,3737,3447.0,0.0004891833060762935,8.619003468836675e-06,-0.00037204248367847526,0.0005527751659195533,-5.4972856374423226e-05
2896,3737,3583.0,0.0004488470829183133,5.570357915818581e-06,-0.00026354386418972475,0.0004850602393581948,-3.0642798524062895e-05
2897,3737,3571.0,0.0004719690299179041,5.961485131765942e-06,-0.0003097743695670008,0.0005187523157665617,-4.08218007168916e-05
2898,3737,3585.0,0.0004958907596620751,8.31280726775393e-06,-0.00036702559824096023,0.0005572411161578557,-5.3037549228026584e-05
2905,3738,3573.0,0.0005443545498192148,-6.428782120556959e-06,-0.0004432709233437998,0.0006224637290480151,-8.453796134935714e-05
2900,3738,3447.0,0.0004904067486070016,1.1158126078119452e-05,-0.00036825326343808973,0.0005529784450216139,-5.141357033649292e-05
2901,3738,3441.0,0.0005030761842183817,9.372020958645468e-06,-0.00036035192815703915,0.0005618371393468023,-4.938893416977494e-05
2902,3738,3442.0,0.000609316259959719,-1.7539268435633215e-05,-0.0005473233692340346,0.000711974641887311,-0.00012019765036322514
2903,3738,3448.0,0.0005725536738508397,7.762172162574207e-06,-0.0005900795455137664,0.0006985643720293132,-0.00011824852601589935
2904,3738,3585.0,0.0004967004178664941,1.0551504406799289e-05,-0.00036425416256257587,0.0005573618089560165,-5.010988668272307e-05
2906,3738,3587.0,0.0005908503525716702,-4.691612062649776e-06,-0.000568786486354101,0.0007048403138551478,-0.00011868157334612729
2907,3738,3588.0,0.0005203273749505369,6.489876203113467e-06,-0.0004676470009509978,0.000610799864894065,-8.398261374041458e-05
2914,3739,3589.0,0.000813310442811882,-7.621784699406978e-05,-0.0010696477963952067,0.0010641408253992794,-0.0003270482295814672
2915,3739,3590.0,0.0006336540274185648,-1.3646241331798591e-05,-0.0008195353421832363,0.0008321714463755696,-0.0002121636602888033
2913,3739,3575.0,0.0007086037327206085,-7.30570831863265e-05,-0.0007325072574782612,0.0008533945793357538,-0.00021784792980147184
2912,3739,3587.0,0.0005940258821304084,3.319350913530059e-06,-0.0005582815824678768,0.0007050629865312479,-0.00010771775348730934
2909,3739,3442.0,0.0006126405714303729,-6.211822589271437e-06,-0.0005349361555383458,0.0007122177289563022,-0.00010578898011520075
2910,3739,2023.0,0.0008750957860228781,-0.0001247006962414338,-0.0009960042249292783,0.0010808209256727554,-0.0003304258358913111
2908,3739,3448.0,0.000577178039099506,1.605090384250061e-05,-0.0005763779588187773,0.000698819398508774,-0.00010559045556676739
2911,3739,2024.0,0.0007541106503357042,-2.2728759325690612e-05,-0.0011354615084326822,0.0010535776195900784,-0.0003221957285800649
3868,3740,3591.0,0.00039377372355938606,-2.8286927711155868e-05,-0.00013460295383949106,0.00040424573907045047,-3.875894322222028e-05
3865,3740,3449.0,0.00039323032170933414,-3.9770796269663304e-05,-0.00014361086650064095,0.00040482735649721756,-5.136783105754675e-05
3866,3740,2050.0,0.00038110891161192983,-4.018423770141234e-05,-0.000123810964863455,0.0003900170412311941,-4.90923673206766e-05
3867,3740,3577.0,0.0003901987587100397,-3.156234027968074e-05,-0.00011997766223418097,0.000398565252556815,-3.992883412645603e-05
3869,3740,3592.0,0.00038601725963119046,-3.986756775697665e-05,-0.00013310651733595275,0.00039617528921140615,-5.0025597337192306e-05
3863,3740,2051.0,0.0003907069913681345,-3.836631938720244e-05,-0.00010668731715664237,0.0003972393804339543,-4.489870845302219e-05
3864,3740,3443.0,0.0003914141353291434,-2.434647848373046e-05,-0.0001349601546465351,0.00040209224815314967,-3.5024591307736725e-05
2921,3741,3580.0,0.0003974676545454338,-1.9036715262423344e-05,-0.00014574801921583835,0.00040984999503042784,-3.141905574741743e-05
2923,3741,3595.0,0.0003992058830476278,-3.385177991779647e-05,-0.00015433183089154368,0.0004125450862497164,-4.7190983119885075e-05
2919,3741,3450.0,0.0004048860672948157,-2.9566121598841694e-05,-0.00017052060979147465,0.0004210191288704937,-4.56991831745197e-05
2918,3741,3444.0,0.0004044436224280232,-1.580175287819606e-05,-0.00016021582792694056,0.0004191960595578584,-3.05541900080313e-05
2917,3741,3443.0,0.00039205646327318544,-2.205759158106801e-05,-0.0001325169677350007,0.000402399526212594,-3.240065452047658e-05
2916,3741,3449.0,0.00039499051698628496,-3.7864953477341544e-05,-0.00013952956262591742,0.0004059569094033994,-4.8831345894455975e-05
2920,3741,3591.0,0.0003936205275251736,-2.974299990952928e-05,-0.00013573050088474745,0.0004042333010958417,-4.0355773480197374e-05
2922,3741,3594.0,0.0004047584036117463,-2.2481097079150522e-05,-0.0001650909418290554,0.00042015208629185834,-3.787477975926253e-05
2927,3742,3451.0,0.00042003845409570306,-2.112519421226328e-05,-0.00021209575749025697,0.00044420648945841146,-4.529322957497165e-05
2930,3742,3596.0,0.00042070530609658596,-1.3674529806165768e-05,-0.00020611380222387496,0.0004439154408209968,-3.688466453057664e-05
2929,3742,3582.0,0.00041150487298623195,-1.2338348191148687e-05,-0.0001800536610262679,0.0004298344279684135,-3.066790317333024e-05
2928,3742,3594.0,0.0004048714135577794,-2.2228516580722593e-05,-0.000164750961187652,0.00042020855468750614,-3.7565657710449346e-05
2931,3742,3597.0,0.00041133263145388954,-2.5774086079925198e-05,-0.00019024835081271618,0.0004311365242549513,-4.5577978880986943e-05
2926,3742,3445.0,0.0004208679897345427,-7.962711271359874e-06,-0.00020201529166749554,0.0004434684341655563,-3.056315570237344e-05
2925,3742,3444.0,0.00040442045613731104,-1.611064745021118e-05,-0.00016043944477243943,0.000419203357195057,-3.0893548507957144e-05
2924,3742,3450.0,0.00040487037319068137,-2.986950812991333e-05,-0.0001707284594176378,0.00042103146433652576,-4.6030599275757725e-05
2932,3743,3451.0,0.00042036257110815434,-2.0920353814318023e-05,-0.0002114317754382672,0.00044438108468157234,-4.493886738773603e-05
2939,3743,3599.0,0.0004287149696237738,-1.5633911060984498e-05,-0.0002418280555060645,0.00045948653942765185,-4.640548086486254e-05
2938,3743,3598.0,0.0004439281706048667,-3.299819398340368e-06,-0.0002697934423061474,0.0004814661316335163,-4.083778042698999e-05
2937,3743,3584.0,0.0004316312006190093,-3.923564974339091e-06,-0.00023072747388064307,0.0004603001208147007,-3.259248517003052e-05
2936,3743,3596.0,0.00042090116424173263,-1.3564092991825863e-05,-0.0002057205617838377,0.0004440229662496456,-3.668589499973885e-05
2935,3743,3452.0,0.00044109867034136663,-9.140679816325666e-06,-0.00027672417848985387,0.0004802192947019254,-4.8261304176884436e-05
2934,3743,3446.0,0.0004463888820332995,9.340310603497826e-07,-0.0002644413121947603,0.00048267845977760656,-3.535554668395726e-05
2933,3743,3445.0,0.0004210953008654261,-7.624928562588332e-06,-0.00020143339980865232,0.0004435771427803499,-3.01067704775121e-05
2940,3744,3452.0,0.00044180062077921883,-8.666551659856307e-06,-0.000275268063026482,0.0004805240291476286,-4.738996002826609e-05
2941,3744,3446.0,0.000446893470859383,1.6907452093276694e-06,-0.00026314555645098187,0.00048287045728566803,-3.428624121695734e-05
2942,3744,3447.0,0.000489297778954921,8.706766196951731e-06,-0.00037226767801361305,0.0005529557828523344,-5.495123770046166e-05
2943,3744,3453.0,0.00047257574945309966,7.432033037473615e-06,-0.0003906098063388569,0.0005437038656151488,-6.36960831245755e-05
2944,3744,3598.0,0.0004444080932357111,-2.828291043484581e-06,-0.0002687096539441894,0.0004816659547815437,-4.008615258931718e-05
2945,3744,3586.0,0.0004637545351293404,3.886151877000108e-06,-0.000312930815977934,0.0005119411021241949,-4.430041511785439e-05
2946,3744,3600.0,0.00048097599432124494,8.809730835923873e-06,-0.00038092695048512135,0.0005482269696204665,-5.844124446329759e-05
2947,3744,3601.0,0.0004531437403156868,-2.087400412408751e-06,-0.0003280361792201772,0.0005060825881871996,-5.502624828392154e-05
2948,3745,3453.0,0.0004745288753710969,8.964902969253057e-06,-0.0003864306205242779,0.0005442689697185885,-6.077519137823856e-05
2949,3745,3447.0,0.0004907693830933368,1.111559398957586e-05,-0.0003683680272364223,0.000553334105857334,-5.144912877442132e-05
2950,3745,3448.0,0.0005707594629204421,8.357598565094369e-06,-0.0005902306502906379,0.0006971944214506647,-0.00011807735996512814
2951,3745,3454.0,0.0005237791043061768,3.3393302964653145e-05,-0.000624801996798402,0.0006757183508360158,-0.0001185459435651858
2952,3745,3600.0,0.00048237698509756566,1.0322640286679227e-05,-0.00037768173088876394,0.0005486240235925762,-5.5924398208331274e-05
2953,3745,3588.0,0.0005205130134993616,6.2199400649036495e-06,-0.00046724232618614026,0.000610790121905236,-8.405716834097073e-05
2954,3745,3602.0,0.0005468591707934664,2.1107692942219582e-05,-0.0006080609387557265,0.0006859015583884272,-0.00011793469465274124
2955,3745,3603.0,0.0004898542590301008,1.6984108444129e-05,-0.0004931247173966882,0.0005950250114914008,-8.8186644017171e-05
2963,3746,3605.0,0.0005446244115615145,4.823744191428307e-05,-0.0008681334782447286,0.0007964448664647958,-0.0002035830129889983
2962,3746,3604.0,0.0006762339968125752,3.1524675463042424e-05,-0.0011730623644778046,0.0010231560763561643,-0.0003153974040805468
2961,3746,3590.0,0.0006353331153526459,-1.4221283550285544e-05,-0.0008193607242642093,0.0008333543745831369,-0.00021224254278077645
2960,3746,3602.0,0.0005516925412080639,2.629964119637006e-05,-0.0005968831989754259,0.0006865848399746877,-0.00010859265757025375
2957,3746,3448.0,0.0005763209888244997,1.6221198021078125e-05,-0.0005762369315060467,0.0006980673032386422,-0.00010552511639306443
2958,3746,2024.0,0.0007501475669996413,-2.1314544950128134e-05,-0.0011359803827337006,0.0010510032171533058,-0.0003221701951037927
2956,3746,3454.0,0.0005303211877812491,3.81454884048688e-05,-0.0006110357788127879,0.0006765347662213477,-0.00010806809003522972
2959,3746,2025.0,0.0006070003016590553,8.722243101108216e-05,-0.001200596261862058,0.0010012521040231614,-0.00030702937135302396
3875,3747,3606.0,0.00039435732595034106,-4.333683152500667e-05,-0.0001506666907780188,0.00040696036451553965,-5.593987009020523e-05
3872,3747,3455.0,0.0003936900020102829,-5.445761119828214e-05,-0.00016718336881884482,0.00040877438679516836,-6.954199598316755e-05
3873,3747,2049.0,0.0003706547718361694,-5.198112804886306e-05,-0.00014284475798382462,0.0003823983205633522,-6.372467677604588e-05
3874,3747,3592.0,0.0003915279079103129,-4.44688252180453e-05,-0.0001299017178475817,0.0004009980048736927,-5.393892218142509e-05
3876,3747,3607.0,0.00038226939426273766,-5.2808888958879056e-05,-0.00015559457230945872,0.00039576205969547943,-6.630155439162083e-05
3870,3747,2050.0,0.00039157484340574325,-5.130059342448295e-05,-0.00011416756303710921,0.0003988142363274428,-5.853998634618247e-05
3871,3747,3449.0,0.0003903269504753337,-3.7799153713429824e-05,-0.00014462230886282124,0.00040221055873946514,-4.968276197756124e-05
2969,3748,3595.0,0.00039832922866383375,-3.3123178420863615e-05,-0.0001548366505873533,0.00041180030256184296,-4.6594252318872835e-05
2970,3748,3609.0,0.00040441922394477553,-3.701890855579927e-05,-0.00018193069180153648,0.00042242929366503775,-5.502897827606149e-05
2971,3748,3610.0,0.00039868329153931736,-4.8496750600636636e-05,-0.000178005009148767,0.000415746430312684,-6.555988937400329e-05
2967,3748,3456.0,0.0004034861743543866,-4.429046556207728e-05,-0.0001933275338334671,0.0004234622914267562,-6.42665826344469e-05
2966,3748,3450.0,0.0004056174901204898,-2.9998403252681294e-05,-0.00017036227254514646,0.0004216815759998209,-4.606248913201241e-05
2965,3748,3449.0,0.00039236999015483665,-3.6015724191779054e-05,-0.0001405465601479368,0.0004036032050238271,-4.72489390607695e-05
2964,3748,3455.0,0.0003949751719994725,-5.241306051155482e-05,-0.00016393442369096178,0.00040951976264327276,-6.695765115535509e-05
2968,3748,3606.0,0.0003935941229746276,-4.40732237035611e-05,-0.00015224133927315212,0.0004064553631166069,-5.6934463845540394e-05
2977,3749,3597.0,0.00041171809228753367,-2.599540507893243e-05,-0.0001901746254248382,0.00043148211697297695,-4.575942976437573e-05
2975,3749,3457.0,0.0004161238808383788,-3.4709943857464363e-05,-0.00023662232344258405,0.00044528567019252866,-6.387173321161421e-05
2978,3749,3611.0,0.0004184574486146911,-2.7334912270924824e-05,-0.00022348442867385632,0.00044489844895508036,-5.377591261131412e-05
2972,3749,3456.0,0.00040333444353440884,-4.446837852473324e-05,-0.0001936639868878598,0.0004233762160852736,-6.451015107559799e-05
2973,3749,3450.0,0.0004055992791871521,-3.0282314052993374e-05,-0.0001705975833318496,0.0004216971005151837,-4.6380135381024994e-05
2974,3749,3451.0,0.00042010632490162986,-2.112774295530233e-05,-0.0002121372884949374,0.00044427988097181964,-4.530129902549212e-05
2976,3749,3609.0,0.00040477494702967354,-3.686041993304829e-05,-0.00018133390323874302,0.0004226640825837645,-5.474955548713921e-05
2979,3749,3612.0,0.0004086240782493894,-3.985924568514741e-05,-0.0002139081302635626,0.0004328245524226235,-6.40597198583815e-05
2987,3750,3614.0,0.00042223358607653555,-2.787851638842557e-05,-0.0002669393080298732,0.00045883451399657786,-6.447944430846788e-05
2980,3750,3457.0,0.00041657687652294634,-3.46635075976578e-05,-0.00023597760993472605,0.0004455658539026981,-6.365248497740956e-05
2985,3750,3599.0,0.0004288682096232413,-1.5723532459271483e-05,-0.00024179629728807162,0.0004596174267136186,-4.647274954964879e-05
2984,3750,3611.0,0.0004187179401040769,-2.729065129660228e-05,-0.00022310067506481346,0.00044506158144031756,-5.363429263284292e-05
2983,3750,3458.0,0.00043159762645576805,-1.9740942680442465e-05,-0.00030259010183795315,0.0004776208490166894,-6.576416524136383e-05
2982,3750,3452.0,0.0004412270258769349,-9.206414330225612e-06,-0.00027671154795436137,0.0004803299819365929,-4.83093703898836e-05
2981,3750,3451.0,0.0004204824288407266,-2.0936045420375188e-05,-0.00021148836756364198,0.0004445065154698004,-4.496013204944899e-05
2986,3750,3613.0,0.0004366040736742613,-1.3895682435651868e-05,-0.0002889634699263649,0.0004789592764786638,-5.6250885240054395e-05
2988,3751,3458.0,0.00043255931026700556,-1.962116672240828e-05,-0.0003012055973915795,0.0004781269428483969,-6.518879930379962e-05
2989,3751,3452.0,0.0004420413698025677,-8.762658771429763e-06,-0.00027528506220077936,0.0004807445133833359,-4.746580235219801e-05
2993,3751,3601.0,0.0004534758160482724,-2.2440276514749556e-06,-0.0003280236134387757,0.0005063649222088059,-5.513313381200842e-05
2995,3751,3616.0,0.0004377072300106172,-8.663390645506511e-06,-0.00035421211142781794,0.0004994398687780299,-7.039602941291933e-05
2990,3751,3453.0,0.00047251829574417037,7.524856581227787e-06,-0.00039071035295358547,0.0005436963521853778,-6.365319985997974e-05
2991,3751,3459.0,0.00044973496455059936,5.848796592042196e-06,-0.0004171935568407503,0.0005323757745867336,-7.679201344409201e-05
2992,3751,3613.0,0.00043729725374978823,-1.368258648884582e-05,-0.00028787143008383864,0.0004793203130166022,-5.5705645755659824e-05
2994,3751,3615.0,0.0004610699058477871,7.264207415564721e-06,-0.0004035995957267693,0.0005378248597589662,-6.949074649561436e-05
2998,3752,3454.0,0.0005218387626246199,3.375082327190858e-05,-0.0006240405465533089,0.0006739186499311934,-0.00011832906403466491
2997,3752,3453.0,0.0004747836644694303,8.959669772979327e-06,-0.00038659300977345046,0.0005445456457023898,-6.080231145998011e-05
3003,3752,3618.0,0.0004522006045533447,2.7046442701233173e-05,-0.0005178151125005276,0.0005746192519859149,-9.537220473133712e-05
2999,3752,3460.0,0.00046635366690775393,5.824447378508294e-05,-0.0006467682070577171,0.0006446804987565505,-0.00012008235806371359
2996,3752,3459.0,0.0004523009687641272,6.354024839860827e-06,-0.0004133609278369338,0.0005333570732652074,-7.470207966121936e-05
3002,3752,3617.0,0.0004933142613242139,4.633805468668255e-05,-0.0006362057784214045,0.0006585887853877824,-0.00011893646937688592
3000,3752,3615.0,0.0004630018946348638,7.990945248179544e-06,-0.00040045693701047484,0.0005385643671338893,-6.7571527250846e-05
3001,3752,3603.0,0.0004900917360404766,1.674269445338508e-05,-0.000492922061968229,0.0005951157206381707,-8.828129014430897e-05
3004,3753,3460.0,0.0004743992014121304,5.972422594931778e-05,-0.0006348261677696782,0.000646192165689073,-0.00011206873832762479
3005,3753,3454.0,0.0005294230543410883,3.819990985002935e-05,-0.0006105171791662631,0.000675612261746651,-0.00010798929755553334
3006,3753,2025.0,0.0006032965162123399,8.822788061149249e-05,-0.001199626585689631,0.0009985254871454894,-0.00030700109032165683
3007,3753,2026.0,0.0004529257075538695,0.000190995291539192,-0.0011873675762728575,0.000929918002999219,-0.00028599700390615754
3008,3753,3617.0,0.0004995657870808315,4.8840825759499285e-05,-0.0006259227947107322,0.0006598625911834814,-0.00011145597834315063
3009,3753,3605.0,0.0005462134523368523,4.7864827975113494e-05,-0.0008686374344737402,0.000797759207651874,-0.00020368092733990823
3010,3753,3619.0,0.0005247579606130481,0.00013930173159494943,-0.0011982481344766397,0.0009613896589824507,-0.0002973299667744532
3011,3753,3620.0,0.000447506186472206,0.00010755697570286857,-0.0008761298328980593,0.0007474169261443599,-0.00019235376396928527
3883,3754,3622.0,0.0003791990213718572,-6.511788803040882e-05,-0.00018526855951965168,0.0003977384868566224,-8.365735351517406e-05
3881,3754,3607.0,0.0003901247463538194,-5.738366229125075e-05,-0.0001564462212403743,0.0004034038708842303,-7.06627868216616e-05
3880,3754,2048.0,0.0003725159545574924,-6.564776464550474e-05,-0.0001727192029062699,0.00038892261265822714,-8.205442274623946e-05
3879,3754,3461.0,0.00038785098250034705,-6.415076349456175e-05,-0.00020022595390142145,0.00040903223415907617,-8.533201515329087e-05
3882,3754,3621.0,0.0003921745783628805,-5.7065309172894666e-05,-0.00017880562240564848,0.0004093127405382204,-7.42034713482346e-05
3878,3754,3455.0,0.00039094079329972387,-5.3216862123090175e-05,-0.0001664454947564037,0.00040602231513867657,-6.829838396204288e-05
3877,3754,2049.0,0.000390543007889297,-6.0759485091023935e-05,-0.00014842364551945816,0.00040243308344623766,-7.264956064796459e-05
3015,3755,3462.0,0.0003963994727315401,-5.597682966714684e-05,-0.00022822026668308654,0.00042355338727375843,-8.313074420936519e-05
3018,3755,3624.0,0.00040028395649812504,-5.0131211580685126e-05,-0.00021093469929074626,0.00042375652395876446,-7.360377904132458e-05
3017,3755,3610.0,0.0003975564202461229,-4.8055422811154117e-05,-0.00017762044712028857,0.0004146040675402739,-6.510307010530511e-05
3016,3755,3621.0,0.0003911569209584312,-5.74483950778793e-05,-0.0001802744648335998,0.00040859048914927774,-7.488196326872588e-05
3014,3755,3456.0,0.00040435978564584,-4.457268934346544e-05,-0.00019369886782243106,0.00042436216499991235,-6.457506869753777e-05
3013,3755,3455.0,0.0003923898911273871,-5.133101490524495e-05,-0.0001631372625265845,0.00040690943349725405,-6.585055727511194e-05
3012,3755,3461.0,0.0003900066825482003,-6.384817505294222e-05,-0.00019757654312343997,0.0004105770932133312,-8.441858571807311e-05
3019,3755,3625.0,0.00039251194808363754,-6.00258822896708e-05,-0.00021209390456853466,0.0004161301635550606,-8.364409776109389e-05
3027,3756,3627.0,0.0003999528331311425,-5.088933586976747e-05,-0.0002494831685317181,0.0004321654579594896,-8.310196069811457e-05
3024,3756,3624.0,0.00040058517555063844,-5.010812363779758e-05,-0.0002105818550738707,0.0004239698908964445,-7.349283898360365e-05
3023,3756,3463.0,0.00040569570001046384,-4.5158349361998536e-05,-0.0002731989326561837,0.0004438531165570304,-8.331576590856507e-05
3020,3756,3462.0,0.00039630237264273727,-5.606864235537055e-05,-0.0002284105817639409,0.00042349944597362135,-8.326571568625463e-05
3026,3756,3626.0,0.0004112958760681684,-3.9617503816132406e-05,-0.0002541875828776727,0.00044465099200428427,-7.297261975224825e-05
3025,3756,3612.0,0.0004090673815293315,-4.002224696979804e-05,-0.0002140723541811801,0.00043327368147333113,-6.422854691379767e-05
3021,3756,3456.0,0.0004041887377256581,-4.473678540043108e-05,-0.0001940362637463562,0.0004242582833137742,-6.480633098854716e-05
3022,3756,3457.0,0.0004161487863309915,-3.474151750456852e-05,-0.00023660418880090683,0.00044530312785882837,-6.389585903240539e-05
3035,3757,3629.0,0.0004088431578585308,-3.7007891488757307e-05,-0.0003036035128772957,0.00045562036362875537,-8.378509725898186e-05
3034,3757,3628.0,0.0004233457048976458,-2.3172322533955342e-05,-0.0003204127930246971,0.00047487875200024634,-7.470536963655593e-05
3033,3757,3614.0,0.00042237904585784927,-2.7953175579669017e-05,-0.00026696735488739715,0.0004589717354880103,-6.454586520983005e-05
3029,3757,3457.0,0.0004166596052542215,-3.469868544999364e-05,-0.00023600244567298367,0.00044564762550805754,-6.368670570382966e-05
3032,3757,3626.0,0.00041161702914045695,-3.965488470421567e-05,-0.0002538676074697651,0.000444870576808137,-7.290843237189572e-05
3031,3757,3464.0,0.0004146940553096945,-2.7292029956874487e-05,-0.0003392379370900714,0.000472284069201028,-8.488204384820799e-05
3030,3757,3458.0,0.00043169318405313073,-1.9798968609356475e-05,-0.0003025975744980758,0.00047770548202152353,-6.581126657774928e-05
3028,3757,3463.0,0.00040624748134396316,-4.52631747480971e-05,-0.00027268598151754253,0.00044422474375693766,-8.324043716107161e-05
3043,3758,3631.0,0.0004146452242701944,-1.2526051553452054e-05,-0.00038846328088214255,0.000489754502958283,-8.763533024154068e-05
3042,3758,3630.0,0.0004340395315586415,6.621693418726467e-06,-0.0004325294415455233,0.0005243732600580179,-8.371203508064997e-05
3039,3758,3465.0,0.00041891037456369407,6.446347447103869e-06,-0.000448260144954013,0.0005172533645839215,-9.189664257312351e-05
3040,3758,3628.0,0.0004241984612454175,-2.3205460542349122e-05,-0.0003195029705073769,0.00047538393976724835,-7.439093906418001e-05
3037,3758,3458.0,0.0004327774730751299,-1.9688475809128228e-05,-0.0003013021733224569,0.0004783479361335998,-6.525893886759809e-05
3036,3758,3464.0,0.00041584962377649165,-2.748996884160992e-05,-0.00033814398209841556,0.0004729679849509313,-8.460833001604955e-05
3041,3758,3616.0,0.0004380358904644485,-8.765946703248552e-06,-0.00035435619188214224,0.0004997666048247732,-7.049666106357321e-05
3038,3758,3459.0,0.00044959344117032757,5.903972662464705e-06,-0.0004171449594746329,0.0005322442987070997,-7.674688487430739e-05
3045,3759,3459.0,0.0004524867668307675,6.3700175888531255e-06,-0.00041353266297342733,0.0005335786089202654,-7.472182450064482e-05
3049,3759,3618.0,0.00045243618170777433,2.685536257747965e-05,-0.0005177748926692288,0.0005747613764832202,-9.546983219796618e-05
3046,3759,3460.0,0.0004645039790397154,5.8248117186935396e-05,-0.0006452571314969763,0.0006426241927112537,-0.00011987209648460284
3047,3759,3466.0,0.00040277528033361154,8.130526644992597e-05,-0.0006535079453657971,0.00060618845905339,-0.00012210791226985258
3048,3759,3630.0,0.0004363582308675659,6.62766184044767e-06,-0.0004299677748050342,0.0005254422222731819,-8.245632956516838e-05
3050,3759,3632.0,0.00043246937877382957,7.026583716318789e-05,-0.0006502347933104308,0.0006235223781874159,-0.00012078716225039847
3051,3759,3633.0,0.00040739224881605057,3.771136818555144e-05,-0.0005385175773713613,0.0005491498545151876,-0.00010404623751358557
3044,3759,3465.0,0.00042188099140721275,6.055933495129539e-06,-0.00044533906917876287,0.0005186147185107994,-9.067779360845711e-05
3057,3760,3620.0,0.00044888251963189074,0.000107455392551701,-0.0008771334216540472,0.0007487896957773649,-0.00019245178359377315
3059,3760,3635.0,0.0003496783908582199,0.00015877508492614768,-0.000844962767187124,0.0006873566693643451,-0.0001789031935799774
3058,3760,3634.0,0.00037353303512595304,0.00023506860299597944,-0.0011481505367575704,0.000882535644633971,-0.0002739340065120385
3056,3760,3632.0,0.0004396977539718669,7.044138830024775e-05,-0.0006421039521817343,0.000625423371236858,-0.00011528422896474338
3055,3760,2027.0,0.000305749355561602,0.0002772189226906176,-0.0011030316084101321,0.0008431844007609147,-0.0002602161225086951
3054,3760,2026.0,0.00044974814480212844,0.00019143919975640495,-0.0011853061317971675,0.0009271565579652026,-0.0002859692134066692
3053,3760,3460.0,0.00047357463911647246,5.9613258840929186e-05,-0.0006340151881108133,0.000645189803127562,-0.00011200190517016032
3052,3760,3466.0,0.00041171596942116834,8.009022817780662e-05,-0.0006447505279398302,0.0006084216760937756,-0.00011661547849480062
3889,3761,3636.0,0.0003831586150457658,-6.628772998789581e-05,-0.00021590073496965262,0.00040774205316358774,-9.087116810571773e-05
3888,3761,3622.0,0.0003854621312133766,-6.741224046560282e-05,-0.00018923738469751178,0.0004044358173268143,-8.638592657904051e-05
3887,3761,2047.0,0.0003615530739791012,-7.407673321487094e-05,-0.00020711919458235584,0.0003849184399318345,-9.744209916760422e-05
3886,3761,3467.0,0.0003754695410686931,-6.998808838752429e-05,-0.00024050736340260753,0.0004058594195912147,-0.00010037796691004586
3885,3761,3461.0,0.0003849309661570349,-6.363572643071423e-05,-0.0001978207479209279,0.0004057726522482207,-8.44774125219e-05
3884,3761,2048.0,0.0003864596274136718,-7.109151200126575e-05,-0.0001812181559742199,0.0004037496308948372,-8.83815154824311e-05
3890,3761,3637.0,0.0003679376930835268,-7.19992657650173e-05,-0.0002231411228017996,0.00039461495579063305,-9.867652847212355e-05
3066,3762,3640.0,0.00037872966391704933,-6.594597933566571e-05,-0.0002536661339095081,0.00041236202375467227,-9.957833917328864e-05
3065,3762,3639.0,0.00038907196779528613,-5.875173852912149e-05,-0.0002497288155098188,0.0004215341349832664,-9.121390571710175e-05
3067,3762,3636.0,0.0003822139018103618,-6.650005606758915e-05,-0.00021699225628916963,0.00040707061394992653,-9.135676820715385e-05
3063,3762,3467.0,0.00037733727381033394,-6.984432687311701e-05,-0.0002386533430040541,0.00040718621093928614,-9.969326400206921e-05
3062,3762,3468.0,0.00038135578603057385,-6.176222999817278e-05,-0.00027041849785910954,0.00041935396830074543,-9.976041226834436e-05
3061,3762,3462.0,0.0003971443408212691,-5.597240935099781e-05,-0.0002289695433608449,0.0004244273734455161,-8.325544197524483e-05
3060,3762,3461.0,0.000387305555316228,-6.336106442887451e-05,-0.00019536257701491255,0.00040756690064324764,-8.362240975589414e-05
3064,3762,3625.0,0.0003914693095964511,-5.9810907981985156e-05,-0.00021126626030869983,0.00041497136279635923,-8.331296118189329e-05
3074,3763,3642.0,0.0003829584270499016,-5.5973401082422226e-05,-0.00029229278378579276,0.0004271666590432425,-0.00010018163307576311
3073,3763,3641.0,0.00039642195468292396,-4.72447945134315e-05,-0.0002945636506923588,0.00044086284125716585,-9.168568108767339e-05
3072,3763,3627.0,0.00040032907082946864,-5.09087923824098e-05,-0.0002498399528511261,0.00043260333961696497,-8.318306116990613e-05
3071,3763,3468.0,0.0003812923820945835,-6.183769483825e-05,-0.0002705591905038801,0.0004193263327674803,-9.987164551114683e-05
3070,3763,3469.0,0.00038651181451351824,-4.9515608734531725e-05,-0.0003168168089164175,0.0004379850247597001,-0.00010098881898071358
3069,3763,3463.0,0.00040567527074329007,-4.519175310084577e-05,-0.0002731450991362988,0.00044381780020788113,-8.333428256543683e-05
3068,3763,3462.0,0.00039703733377971506,-5.6055743487549254e-05,-0.00022915848179767828,0.0004243642608959206,-8.338267060375477e-05
3075,3763,3639.0,0.0003894694108694252,-5.8849450173970616e-05,-0.00024947571992915175,0.00042183869998814894,-9.121873929269434e-05
3082,3764,3644.0,0.00038651758027440086,-4.0164994167906504e-05,-0.00034649202627588804,0.00044800112071874664,-0.00010164853461225228
3076,3764,3463.0,0.0004062832906747138,-4.528688389934853e-05,-0.0002726980791830508,0.00044425939507202356,-8.326298829665829e-05
3077,3764,3464.0,0.00041473594670807246,-2.7326993225214357e-05,-0.00033924487008928084,0.00047232012810740747,-8.491117462454937e-05
3078,3764,3470.0,0.0003886012851360421,-2.9051739083520937e-05,-0.0003810220490747321,0.0004624458939958665,-0.00010289634794334536
3079,3764,3469.0,0.00038713424322373013,-4.975027362794592e-05,-0.0003165105591705353,0.0004384358517954419,-0.00010105188219965768
3080,3764,3629.0,0.00040896129634856657,-3.7045481933746256e-05,-0.00030368406256675584,0.0004557476661544546,-8.383185173963431e-05
3081,3764,3643.0,0.00040170873058271994,-2.7988108680026137e-05,-0.0003598765128893476,0.00046710595239907355,-9.338533049637972e-05
3083,3764,3641.0,0.00039678435332413803,-4.734812296263295e-05,-0.00029434861663326164,0.00044112699482186645,-9.169076446036134e-05
3089,3765,3645.0,0.00039880345156340785,9.01952052710253e-06,-0.00046337539609650783,0.0005066689263343877,-9.88459542438774e-05
3088,3765,3631.0,0.00041491513109277733,-1.254457003815716e-05,-0.00038871466389019116,0.0004900714544843776,-8.770089342975733e-05
3087,3765,3470.0,0.00038985816433613485,-2.9506623507860466e-05,-0.0003803830493140786,0.0004632650184830615,-0.00010291347765478714
3086,3765,3471.0,0.00037970825165008215,1.0910618194212227e-05,-0.00047869055518191816,0.0004974502721417388,-0.00010683140229744448
3085,3765,3465.0,0.0004187236150431581,6.441590018186477e-06,-0.0004480686323286853,0.0005170255230574888,-9.186031799614415e-05
3084,3765,3464.0,0.0004160094555720889,-2.750660078296033e-05,-0.0003382871796234477,0.0004731531610492343,-8.465030626010573e-05
3091,3765,3643.0,0.00040266259231427903,-2.8226904431689572e-05,-0.0003592741891278624,0.0004677279602381393,-9.329227235554987e-05
3090,3765,3646.0,0.0003827565584569176,-1.1394956780006859e-05,-0.0004253450266785974,0.00047562640292778704,-0.00010426480125087632
3099,3766,3645.0,0.00040133346922796576,8.444560515598992e-06,-0.0004617142514303325,0.000508015120875153,-9.823709113158824e-05
3098,3766,3648.0,0.00035658330025652857,4.9289731294551386e-05,-0.0005518210205030655,0.0005187433302184974,-0.0001128702986674174
3096,3766,3633.0,0.0004075716970680168,3.758658642705572e-05,-0.0005385722470773319,0.0005492858326102774,-0.00010412754911520489
3095,3766,3471.0,0.0003828416398941187,9.816460406957732e-06,-0.0004770544914892705,0.0004991197255277346,-0.00010646162522665823
3094,3766,3472.0,0.00033629261893927676,0.00010115151442461202,-0.00064401910380113,0.0005615237386050796,-0.0001240796052411908
3093,3766,3466.0,0.00040115591700903147,8.089744605467998e-05,-0.0006514808128183502,0.0006039980088045748,-0.00012194464574086342
3092,3766,3465.0,0.0004219986217366134,6.0874615360954724e-06,-0.0004454882330044152,0.0005187731923126278,-9.068710903991891e-05
3097,3766,3647.0,0.00036720570839726685,9.165776822458446e-05,-0.0006484286012259039,0.0005817051826056916,-0.00012284170598384032
3101,3767,2027.0,0.0003031811808792348,0.00027700573495646335,-0.0011002501154397937,0.0008403741750283379,-0.00026018725919263973
3107,3767,3647.0,0.00037486546357703293,9.002512166788614e-05,-0.0006432832266216281,0.0005842077586530369,-0.00011931717340811786
3106,3767,3650.0,0.0002579198060585,0.000197149685264391,-0.000780203515281172,0.000618818061443766,-0.000163748570120875
3105,3767,3649.0,0.00023528571819037003,0.00030855306344813513,-0.001033902627249286,0.0007901670986082251,-0.0002463283169697199
3104,3767,3635.0,0.0003507769076556491,0.00015896817451520212,-0.0008462543807442185,0.0006887322727492792,-0.00017898719057842796
3103,3767,3472.0,0.0003454475526040307,9.793929502058588e-05,-0.0006392598363641061,0.0005644446003092886,-0.00012105775268467201
3102,3767,2028.0,0.00017695339137269173,0.0003369286710182114,-0.0009623862692290097,0.0007447369468451714,-0.00023085488445426824
3100,3767,3466.0,0.000411015381604804,7.97956309030438e-05,-0.0006437553589247608,0.0006073887535870304,-0.00011657774107918259
3891,3768,2047.0,0.0003746261141013042,-7.560129660907146e-05,-0.000221825625349132,0.0004004662538135425,-0.0001014414363213097
3896,3768,3651.0,0.00036674548590867606,-6.974671778859135e-05,-0.0002572680575104319,0.00040183330268508933,-0.00010483453456500461
3895,3768,3637.0,0.000373475872196675,-7.313138614975674e-05,-0.000228972474350133,0.0004011136889913077,-0.0001007692029443895
3894,3768,2046.0,0.00034808958095577935,-7.764755993270472e-05,-0.00024428669397827396,0.0003806431478518432,-0.00011020112682876855
3893,3768,3473.0,0.0003549199462253294,-6.865691270289379e-05,-0.00028015895906904204,0.0003970539447614582,-0.0001107909112390226
3892,3768,3467.0,0.0003732999762751793,-7.031648211169948e-05,-0.00023759058592643517,0.00040310894078707086,-0.00010012544662359104
3897,3768,3652.0,0.0003508144235505302,-7.33898718800639e-05,-0.00026103094807397587,0.0003877536579959925,-0.00011032910632552618
3113,3769,3654.0,0.0003695250616443657,-6.084133878368758e-05,-0.0002927990688895996,0.0004146044852163987,-0.00010592076235572056
3115,3769,3651.0,0.0003658157685774918,-6.968084809273072e-05,-0.0002578696706227136,0.0004011257885771133,-0.00010499086809235219
3114,3769,3655.0,0.00035635143826846967,-6.478493554580274e-05,-0.0002959942391312295,0.0004031586750852732,-0.00011159217236260627
3112,3769,3640.0,0.0003778842380528936,-6.598818613849492e-05,-0.0002525997390348464,0.0004113053036672797,-9.940925175288103e-05
3109,3769,3468.0,0.0003818971605459784,-6.156154646965004e-05,-0.0002712436583497055,0.00042008546083591256,-9.974984675958421e-05
3110,3769,3474.0,0.00035742990044125567,-6.015264622584991e-05,-0.00031419152276288,0.0004099294116070049,-0.00011265215739159913
3108,3769,3467.0,0.0003753251491368931,-7.01890102544993e-05,-0.0002359151963342715,0.00040462899763101814,-9.949285874862436e-05
3111,3769,3473.0,0.0003564651955697967,-6.919182733276623e-05,-0.00027973200786899494,0.0003983099539038877,-0.0001110365856668572
3116,3770,3468.0,0.0003818284428645513,-6.162847787254534e-05,-0.00027138482703239347,0.00042005371150033455,-9.985374650832858e-05
3117,3770,3469.0,0.00038645873707324196,-4.954539500892359e-05,-0.0003167276232408575,0.00043790796093282243,-0.00010099461886850405
3118,3770,3475.0,0.000358039452595188,-4.633234031506373e-05,-0.00036088281425612073,0.0004268484603942147,-0.00011514134811409042
3119,3770,3474.0,0.0003574630414481528,-6.0183363180238815e-05,-0.0003142082887682557,0.00040996117773343764,-0.00011268149946552368
3120,3770,3642.0,0.00038324031387212965,-5.586858055790485e-05,-0.0002927226969519636,0.0004275528778949698,-0.00010018114458074502
3121,3770,3656.0,0.0003724461906068066,-4.797812553960232e-05,-0.0003387117785785248,0.0004321795245106878,-0.0001077114594434835
3122,3770,3657.0,0.0003569566392544986,-5.356695322206238e-05,-0.0003361494921980679,0.00041699000933332253,-0.00011360032330088633
3123,3770,3654.0,0.0003698392035566614,-6.094111278151846e-05,-0.0002927002159615246,0.00041485502523843124,-0.00010595693446328828
3131,3771,3656.0,0.00037285552254087695,-4.814815638576579e-05,-0.00033863692999646765,0.000432501359371097,-0.00010779399321598587
3129,3771,3658.0,0.0003707655285168851,-2.6297642693918873e-05,-0.0004010769771681177,0.00045442266679423106,-0.00010995478097126479
3130,3771,3659.0,0.0003549094491766946,-3.592538501481584e-05,-0.00038884740668845147,0.0004351522274782072,-0.00011616816331632844
3128,3771,3644.0,0.0003865910287670013,-4.015080036341972e-05,-0.00034659329551317564,0.00044809986119320744,-0.00010165963278962586
3126,3771,3476.0,0.0003532126753608422,-2.3671762772842784e-05,-0.00042111023442669565,0.0004473371339323272,-0.00011779622134432778
3125,3771,3470.0,0.00038860101552853216,-2.905988681365561e-05,-0.000381015044256236,0.0004624422348936241,-0.00010290110617874757
3124,3771,3469.0,0.00038713351668306917,-4.975351486250575e-05,-0.00031650701658696156,0.000438433846939011,-0.00010105384511844759
3127,3771,3475.0,0.00035872943230737253,-4.6642648805157554e-05,-0.00036078857240365997,0.0004273803216567944,-0.00011529353815457942
3132,3772,3470.0,0.00038996353721307275,-2.9463344003189838e-05,-0.000380547107934566,0.0004634174543830596,-0.00010291726117317668
3133,3772,3471.0,0.0003795255212393628,1.0827654538718944e-05,-0.00047839955833960113,0.0004971717262311718,-0.00010681855045309002
3134,3772,3477.0,0.00033301606791766303,1.9955019012880566e-05,-0.000503167262489404,0.00047278965851535145,-0.00011981857158480786
3135,3772,3476.0,0.00035444466201175334,-2.4289195827761163e-05,-0.00042102773925125486,0.00044823126577922225,-0.00011807579959523007
3136,3772,3646.0,0.0003829476911261717,-1.1317182149241274e-05,-0.00042564201866816115,0.0004759083078156626,-0.00010427779883873215
3137,3772,3660.0,0.00035563240666323936,1.5646596404211694e-05,-0.0004909133980167543,0.00048421374503517184,-0.00011293474196772077
3138,3772,3661.0,0.00034233282234091833,-4.1954372404491656e-06,-0.00045865097391835363,0.00045648935576216596,-0.00011835197066169679
3139,3772,3658.0,0.00037174611241887895,-2.6681860452574613e-05,-0.0004008667504594727,0.00045512680091103935,-0.00011006254894473501
3147,3773,3660.0,0.00035816697742510617,1.4659227361868817e-05,-0.0004903629336060148,0.00048576798418439984,-0.00011294177939742488
3146,3773,3663.0,0.0003016238635052716,6.165593443962039e-05,-0.0005550931748944804,0.00048401096231783777,-0.00012073116437294576
3145,3773,3662.0,0.0003007617851909297,0.0001091767047037001,-0.0006308185341197042,0.00053460421959891,-0.00012466572970428006
3144,3773,3648.0,0.0003566941008469847,4.924718640890978e-05,-0.0005519213855105787,0.0005188586067499258,-0.00011291731949403125
3140,3773,3471.0,0.0003829223034553797,9.857245823864354e-06,-0.000477186352318984,0.0004992446706150311,-0.00010646512133578704
3142,3773,3478.0,0.00027010007435021577,0.00011662074593328574,-0.000619228885261891,0.0005123432923603724,-0.00012562247207687085
3141,3773,3472.0,0.0003349727118227702,0.0001002978393925488,-0.0006417087173527791,0.0005592719150642208,-0.00012400136384890174
3143,3773,3477.0,0.0003360104579653786,1.8388430705590158e-05,-0.0005030560877032353,0.0004746675853085569,-0.00012026869663758815
3150,3774,2029.0,7.445072696375676e-05,0.00036475360660864005,-0.0007852289115128919,0.0006381891366639744,-0.0001989848030915776
3148,3774,3472.0,0.00034489664643987117,9.74488157135388e-05,-0.0006381856153031551,0.0005634121606107063,-0.00012106669845729625
3149,3774,2028.0,0.00017501265355614193,0.00033606652102644274,-0.0009593112160727335,0.0007419078524747045,-0.00023082867789211986
3151,3774,3478.0,0.00027871266357188534,0.0001121196021738938,-0.0006189054682693984,0.0005158834583367028,-0.00012505119259092362
3152,3774,3650.0,0.0002587558428247816,0.00019762185745869737,-0.0007816107323101451,0.0006201877981725798,-0.00016381009788910087
3153,3774,3664.0,0.00011974346333341185,0.00035255679878833877,-0.0008730894639965223,0.0006879485543946069,-0.00021564829227285626
3154,3774,3665.0,0.00017749433861237104,0.00021953798164552608,-0.0006908046121024553,0.0005445575882923705,-0.00014752526803447344
3155,3774,3662.0,0.00030824886498365817,0.00010632079175178932,-0.0006291127341713021,0.0005376474242588243,-0.00012307776752337683
3898,3775,2046.0,0.0003558696838224795,-7.438410800234154e-05,-0.0002581102364729599,0.00039161089048180074,-0.00011012531466166278
3899,3775,3473.0,0.0003532044144346144,-6.974619406800459e-05,-0.00027686380006546746,0.0003944843183489463,-0.00011102609798233645
3900,3775,3479.0,0.0003245699918261735,-5.94364455491366e-05,-0.0003178089670405268,0.0003817973307939977,-0.00011666378451696076
3901,3775,2045.0,0.0003238645652302724,-7.411444285790173e-05,-0.00027681690037625016,0.0003672667314291837,-0.000117516609056813
3902,3775,3652.0,0.00035401029764751957,-7.211365172244549e-05,-0.00026666633360575287,0.0003922909942826848,-0.0001103943483576107
3903,3775,3666.0,0.0003411575501422598,-6.545293550334766e-05,-0.0002974171168069681,0.0003897396970428831,-0.00011403508240397098
3904,3775,3667.0,0.0003235895616348159,-6.704003350040556e-05,-0.0002959987493980597,0.00037332921732235536,-0.00011677968918794501
3161,3776,3669.0,0.0003411288593369241,-5.5404854221092e-05,-0.00033458955159854455,0.000402279211907559,-0.00011655520679172687
3160,3776,3655.0,0.0003557487692500451,-6.511691309736447e-05,-0.00029487051418080473,0.0004022578197128555,-0.00011162596356017486
3159,3776,3479.0,0.00032706045253267507,-6.067546737144151e-05,-0.0003183881845364514,0.00038404612502208104,-0.00011766113986084748
3158,3776,3480.0,0.0003249705105598036,-5.110883140110726e-05,-0.00035398884939919634,0.0003951670574829948,-0.00012130537832429848
3157,3776,3474.0,0.00035782027609101985,-5.978917302563221e-05,-0.00031501860178718977,0.00041056591545113194,-0.0001125348123857443
3156,3776,3473.0,0.0003548557556729559,-7.02070870493537e-05,-0.00027664508316883885,0.00039590416508737,-0.00011125549646376782
3163,3776,3666.0,0.0003407683406095388,-6.541624079647472e-05,-0.00029758880560789907,0.0003894423162107743,-0.00011409021639771018
3162,3776,3670.0,0.00032555703540589087,-5.5985129950525316e-05,-0.00033528231371125067,0.0003887488702138939,-0.00011917696475852835
3171,3777,3669.0,0.00034145903070088163,-5.555229900045834e-05,-0.00033463816838062536,0.00040256880243303783,-0.00011666207073261455
3167,3777,3480.0,0.00032500616530962284,-5.1069255743024355e-05,-0.000353901398686976,0.0003951732777013287,-0.00012123636813473021
3170,3777,3672.0,0.0003224493908427911,-4.3675109603358905e-05,-0.000375227170152731,0.0004015142944247776,-0.00012274001318534537
3169,3777,3671.0,0.0003395232327047734,-4.111401684586486e-05,-0.00038013791614211834,0.0004181793051754718,-0.0001197700893165632
3164,3777,3474.0,0.0003578557130963639,-5.9815649362452436e-05,-0.00031504161097899164,0.0004106020379694599,-0.00011256197423554847
3166,3777,3481.0,0.00032108802068357006,-3.563598946120048e-05,-0.00039913074303382645,0.0004103812833757576,-0.00012492925215338804
3165,3777,3475.0,0.0003579533856660905,-4.634843767834852e-05,-0.00036074325707566995,0.0004267248161351204,-0.00011511986814737843
3168,3777,3657.0,0.00035718266224770215,-5.336424571493969e-05,-0.0003366231832167624,0.0004173635033515578,-0.00011354508681879531
3172,3778,3475.0,0.00035869068140732124,-4.661584964222036e-05,-0.0003607484904130237,0.00042733653929003977,-0.00011526170752493888
3173,3778,3476.0,0.0003532230143765275,-2.366014175197409e-05,-0.0004211334721452853,0.00044735634440503546,-0.00011779347178048207
3174,3778,3482.0,0.0003095278293666556,-1.1241523359061326e-05,-0.0004528967665560074,0.0004266357019150076,-0.00012834939590741329
3175,3778,3481.0,0.000321768593265416,-3.5954817339892966e-05,-0.0003992556447911452,0.0004109419175730196,-0.00012512814164749653
3176,3778,3659.0,0.0003549457796526521,-3.586987017848223e-05,-0.00038893887150438095,0.0004352236081179025,-0.00011614769864373264
3177,3778,3673.0,0.0003309596400324563,-1.7464659783512995e-05,-0.00043728720085374614,0.00043630946390343223,-0.00012281448365448892
3178,3778,3674.0,0.0003148666286105781,-2.435157974871164e-05,-0.0004242132129407064,0.00041683893161668093,-0.00012632388275481447
3179,3778,3671.0,0.00033992489811812687,-4.1309587640757114e-05,-0.00038022404527852157,0.0004185241377113429,-0.00011990882723397317
3186,3779,3676.0,0.0002945555677644589,8.953868163036815e-06,-0.0004824309765014967,0.00043207060134507205,-0.00012856116541757636
3185,3779,3675.0,0.00030567846558856443,2.676616721575873e-05,-0.0005100431938361242,0.0004568836871423045,-0.00012443905433798133
3183,3779,3482.0,0.0003106118888989706,-1.1902852080404982e-05,-0.0004533519015836804,0.00042753777851785443,-0.00012882874169928879
3184,3779,3661.0,0.00034246058817130956,-4.03554391024746e-06,-0.0004589490196940868,0.000456742421543463,-0.0001183173772824009
3181,3779,3477.0,0.0003328911056912215,1.976583045735559e-05,-0.0005028538367042729,0.0004725165076194784,-0.0001198595714709013
3180,3779,3476.0,0.00035453928649155364,-2.4192404176692685e-05,-0.00042123402339577093,0.000448402939966531,-0.00011805605765167007
3187,3779,3673.0,0.0003318944270701632,-1.7920628552482718e-05,-0.0004374888056052056,0.0004370614554801009,-0.0001230876569624204
3182,3779,3483.0,0.00028027774897596003,3.3400420321749464e-05,-0.0005167534741707946,0.00044318789662082066,-0.00012950972732311117
3188,3780,3477.0,0.00033608993529708753,1.841491969813299e-05,-0.0005031927182265195,0.00047479247825212186,-0.00012028762325690134
3193,3780,3677.0,0.0002358937243457787,0.00012187351355094441,-0.0005989024103981808,0.0004837133688295245,-0.00012594613093280143
3190,3780,3484.0,0.0002065908545918621,0.00012696969006319658,-0.0005810094050900522,0.0004600000954312876,-0.00012643955077622893
3195,3780,3675.0,0.00030797822797056645,2.556410830024128e-05,-0.0005106725486576248,0.0004585519878193058,-0.0001250096515484981
3189,3780,3478.0,0.0002691341908331729,0.00011530054788892903,-0.0006169012436789065,0.000510113552947013,-0.00012567881422491102
3194,3780,3678.0,0.0002443607544243883,7.441011229111002e-05,-0.0005463500216338624,0.00044547176949635066,-0.00012670090278085234
3192,3780,3663.0,0.0003016790419147139,6.171124755252979e-05,-0.0005552127095096865,0.00048412104273681,-0.00012073075326956629
3191,3780,3483.0,0.0002828042308007095,3.163434367389338e-05,-0.0005181891630365795,0.0004451456323708479,-0.00013070705789624502
3196,3781,3478.0,0.00027833367328496117,0.00011141807741336658,-0.0006178695324127459,0.0005148850842905296,-0.00012513333359220186
3197,3781,2029.0,7.313991262442032e-05,0.00036324876335760986,-0.0007822617164392753,0.0006353563383818265,-0.00019896766239979632
3198,3781,2030.0,2.173662530843834e-06,0.0003590009201042061,-0.000593384951337983,0.0005267922133729844,-0.0001656176307379345
3199,3781,3484.0,0.00021392093313670618,0.00012193392973886073,-0.0005850224363126572,0.00046403250560205384,-0.00012817764272648693
3200,3781,3665.0,0.00017808271639598722,0.0002202903128735279,-0.0006921878437376183,0.0005459232635591196,-0.00014755023428960452
3201,3781,3679.0,3.277224694675507e-05,0.00036352240642303744,-0.0006867378778723683,0.0005792656091439742,-0.0001829709557741817
3202,3781,3680.0,0.00011152994062790453,0.0002247473445584725,-0.000587282089511379,0.000467186478738858,-0.000130909193552481
3203,3781,3677.0,0.00024261202057908327,0.00011838291804897979,-0.0006007031383890426,0.00048720463029412677,-0.00012620969166606368
3905,3782,2045.0,0.0003284154624862111,-6.607712259067144e-05,-0.0002896184144649417,0.00037586450382125637,-0.00011352616392571672
3906,3782,3479.0,0.0003227271689378586,-6.192836838552016e-05,-0.00031303345942301775,0.0003783660457710217,-0.00011756724521868326
3907,3782,3485.0,0.0002891618342185792,-4.477655099505715e-05,-0.00035256363781176886,0.00036499707105352346,-0.00012061178783000136
3911,3782,3682.0,0.0002865579495059563,-5.277953474195425e-05,-0.00032721716503587156,0.00035259082029004505,-0.00011881240552604304
3909,3782,3667.0,0.00032566024291229984,-6.31047750556011e-05,-0.00030197261860225033,0.0003774106764518373,-0.00011485520859513858
3910,3782,3681.0,0.00030822374161931787,-5.455534349176283e-05,-0.00033427088399365064,0.000373484603725887,-0.00011981620559833192
3908,3782,2044.0,0.00028408730017080025,-6.191545585001166e-05,-0.0003017235330199375,0.00034062622229962414,-0.00011845437797883553
3207,3783,3485.0,0.0002910087028240513,-4.540155261405611e-05,-0.00035301586219380066,0.0003666232107603141,-0.0001210160605503189
3204,3783,3479.0,0.00032535220258715636,-6.29582830694018e-05,-0.00031397613961997584,0.00038087978331783506,-0.0001184858638000805
3205,3783,3480.0,0.00032542194977503575,-5.0265146609274926e-05,-0.00035528362370923494,0.00039611623617660075,-0.00012095943301083993
3206,3783,3486.0,0.00028654505313970013,-3.618936266197841e-05,-0.00038505417459657604,0.0003763870312358608,-0.00012603134075813907
3208,3783,3670.0,0.0003249998035457038,-5.6784583042146074e-05,-0.0003338137217322318,0.0003876775802102623,-0.00011946235970670456
3210,3783,3685.0,0.00028853846583571817,-4.088005006968416e-05,-0.0003684245215667889,0.0003709390957431728,-0.0001232806799771388
3211,3783,3681.0,0.00030749696326849707,-5.405953690777259e-05,-0.000333563618710459,0.0003726799858163859,-0.00011924255945566138
3209,3783,3684.0,0.00030512184378893303,-4.3062002246353455e-05,-0.0003702255836934053,0.00038514553100659523,-0.00012308568946401566
3218,3784,3687.0,0.0002816621673219872,-2.7788764569699163e-05,-0.000403881344836661,0.00038133796903989947,-0.0001274645662876114
3212,3784,3480.0,0.0003254595619614359,-5.023226135118103e-05,-0.000355196213248872,0.000396123174312608,-0.00012089587370235313
3213,3784,3481.0,0.0003209938345541466,-3.5675242171197144e-05,-0.000398933865460617,0.00041022286775132795,-0.0001249042753683785
3214,3784,3487.0,0.00027777208553622645,-1.871535704813616e-05,-0.00042522877901667033,0.00038872149595967526,-0.00012966476747158497
3215,3784,3486.0,0.0002863788748443119,-3.6061475253095984e-05,-0.0003848617644706537,0.00037619971094836953,-0.0001258823113571536
3216,3784,3672.0,0.000322669518743018,-4.3288153508417616e-05,-0.0003758454182116247,0.000401980978029826,-0.00012259961279522562
3217,3784,3686.0,0.0002990400896673434,-2.7378881850007616e-05,-0.00041263185973594574,0.00039889637355363256,-0.00012723516573629677
3219,3784,3684.0,0.00030565795188867984,-4.3309586276504776e-05,-0.00037049686030739184,0.0003856571224065176,-0.00012330875679434253
3224,3785,3674.0,0.0003148652303367975,-2.427233386579383e-05,-0.00042425304513018375,0.0004168682314510545,-0.00012627533498005083
3223,3785,3487.0,0.00027819238930954643,-1.9015768585271646e-05,-0.00042566650855655613,0.0003891671353970195,-0.0001299905146727447
3222,3785,3488.0,0.00025981672865355715,6.914699014147572e-06,-0.00047001977409003026,0.00040023554382188973,-0.000133504116154185
3220,3785,3481.0,0.0003217112458206092,-3.594026318012953e-05,-0.0003991563614829663,0.0004108595585370258,-0.0001250885758965461
3227,3785,3686.0,0.0002993538633900561,-2.753503001978611e-05,-0.000412814381196603,0.00039919256367590113,-0.00012737373030563114
3226,3785,3689.0,0.00026847492340231337,-6.780200747092194e-06,-0.000446262315523048,0.0003930092567407775,-0.00013131453408555632
3221,3785,3482.0,0.0003095466015533288,-1.117649388184417e-05,-0.00045296664523469116,0.0004266927499635658,-0.00012832264229208117
3225,3785,3688.0,0.0002839137227772445,-2.1810415215247963e-06,-0.0004619619353182572,0.00041255506133694545,-0.00013082238008122572
3232,3786,3676.0,0.00029462270047370814,9.184351735889735e-06,-0.0004826797646852593,0.00043228487630787046,-0.00012847782409827258
3230,3786,3489.0,0.00022384276452609708,5.0247033756930636e-05,-0.0005146387002677583,0.00040860910405195877,-0.00013451930576893105
3229,3786,3483.0,0.00028022210951297866,3.310729155489773e-05,-0.0005164925960378791,0.0004429470502415316,-0.0001296176491736552
3234,3786,3691.0,0.0002417082554249262,2.6843835745842893e-05,-0.0004909670080269282,0.00040223841319273303,-0.00013368632202196394
3233,3786,3690.0,0.0002507998153409158,4.179903373808543e-05,-0.0005158926099233345,0.0004246097332257329,-0.00013201088414673172
3228,3786,3482.0,0.0003106892935605954,-1.1726308539709938e-05,-0.0004535909766983093,0.0004277334442645268,-0.00012877045924364138
3231,3786,3488.0,0.0002605895504273342,6.309508926592407e-06,-0.00047093602682383995,0.0004010495487662019,-0.00013415048941227528
3235,3786,3688.0,0.0002846834527375358,-2.633709014456724e-06,-0.0004625567416809886,0.0004132884806636311,-0.00013123873694055206
3236,3787,3483.0,0.0002828850568084851,3.163860874488703e-05,-0.0005183423545769561,0.00044527380050240274,-0.00013075013494903064
3238,3787,3490.0,0.0001477255004975267,0.00013199653259481244,-0.0005316986415725145,0.00040582663738904365,-0.0001261046042967045
3239,3787,3489.0,0.0002254978189192014,4.8532224036170694e-05,-0.0005174867639373554,0.00041046948415047785,-0.00013643944119510576
3240,3787,3678.0,0.0002443568803218686,7.458657178382815e-05,-0.0005464372994967159,0.00044557296684986285,-0.00012662951474416608
3241,3787,3692.0,0.0001747488523620791,0.00012929782676955685,-0.0005548745517083946,0.00043038980838929354,-0.00012634312925765756
3242,3787,3693.0,0.00018689676293830518,8.69288038222889e-05,-0.0005239014503781864,0.00040358970521559045,-0.00012976413845499637
3243,3787,3690.0,0.0002525891492661317,4.0578013787664685e-05,-0.0005176315226471141,0.0004262669358782247,-0.00013309977282442833
3237,3787,3484.0,0.00020599522853811253,0.00012522451199134435,-0.000578962612653805,0.00045789466951983777,-0.0001266749289903809
3244,3788,3484.0,0.00021372157667590153,0.0001210370793686699,-0.000584169878908844,0.0004631177527600376,-0.00012835909671546618
3245,3788,2030.0,1.4687295393500666e-06,0.000357075125372553,-0.0005910373453434231,0.0005241563473519804,-0.00016561249244007734
3246,3788,2031.0,-3.970258366899071e-05,0.00032163581901019627,-0.0004083883304775854,0.00041361404096716345,-0.00013168080562595789
3248,3788,3680.0,0.00011187736433283801,0.00022567672155509165,-0.0005884285300093578,0.0004684428687538041,-0.0001308887828658744
3249,3788,3694.0,-2.3575271887329996e-05,0.00034174781162516865,-0.0004967743180651213,0.0004674065896810209,-0.00014923404994318223
3250,3788,3695.0,6.12164751134757e-05,0.000213305276001488,-0.00048035501961460336,0.00038918941117051015,-0.00011466766005554643
3251,3788,3692.0,0.00018020254851783268,0.00012568108802620304,-0.0005599486170634466,0.00043424016674095515,-0.0001283565301969194
3247,3788,3490.0,0.00015316191605730528,0.00012696831883974593,-0.0005397670910007035,0.0004102662541331061,-0.0001301360192360549
3912,3789,2044.0,0.00029031492120373814,-4.438896421797762e-05,-0.0003240180454255441,0.0003558869922171971,-0.00010996103523143658
3913,3789,3485.0,0.0002879602483033053,-4.855156131048678e-05,-0.0003480990671456824,0.0003617855068266255,-0.00012237681983380698
3914,3789,3491.0,0.000252198089771824,-2.6947326088910036e-05,-0.0003737289376718189,0.00034586103630350983,-0.00012061027262059586
3915,3789,2043.0,0.00025057168149528186,-4.454109464683244e-05,-0.00033870094784646185,0.0003276315677201878,-0.00012160098087173837
3916,3789,3682.0,0.00028903491606798934,-4.697003136002733e-05,-0.00033560349882690715,0.00035848192809829994,-0.00011641704339033796
3917,3789,3696.0,0.0002716820950243101,-3.884485770261308e-05,-0.00036339275719241395,0.00035541719833747206,-0.00012257996101577504
3918,3789,3697.0,0.0002512361650205096,-3.670865386844603e-05,-0.00035543180894138937,0.00033597973093211716,-0.00012145221978005359
3257,3790,3699.0,0.00026511412395903433,-2.611464391550386e-05,-0.0003940253324240771,0.00036448451395150667,-0.0001254850339079762
3259,3790,3696.0,0.00027067518655320144,-3.8326491235869025e-05,-0.000362308949130254,0.00035426561770879295,-0.00012191692239146051
3258,3790,3700.0,0.0002492739520715331,-2.3031851644377595e-05,-0.0003880495941240361,0.0003501510790270159,-0.00012390897859986037
3256,3790,3685.0,0.00028806399625786556,-4.230661041426144e-05,-0.00036668815350152095,0.0003696604485639404,-0.00012390306272033627
3253,3790,3486.0,0.0002869051012162685,-3.4839966584737214e-05,-0.000386482331224923,0.00037747266008307116,-0.00012540752545153988
3254,3790,3492.0,0.00024560215379551553,-1.7708280070775125e-05,-0.000401640666752863,0.00035407586565508074,-0.0001261819919303403
3252,3790,3485.0,0.0002898826028211454,-4.904594554711386e-05,-0.00034878761801271363,0.00036358769522026684,-0.00012275103794623526
3255,3790,3491.0,0.00025331111240413373,-2.7841456200068844e-05,-0.00037582218060756845,0.0003474096447469851,-0.00012193998854292024
3267,3791,3699.0,0.00026560540219240647,-2.6353877080610136e-05,-0.0003945162227855601,0.00036502506511939615,-0.00012577354000759984
3265,3791,3701.0,0.0002538305682588324,-8.800173883375631e-06,-0.000430312462694633,0.00037457854352575053,-0.00012954814915029381
3266,3791,3702.0,0.0002382744183274917,-8.496605277806806e-06,-0.0004165114652749588,0.00035695177996720865,-0.00012717396691752376
3264,3791,3687.0,0.0002817612168381316,-2.7201294447452232e-05,-0.00040436380957580703,0.00038172441676204784,-0.00012716449437136847
3260,3791,3486.0,0.0002867321057821101,-3.47388408473248e-05,-0.0003862623922928632,0.0003772645200031016,-0.00012527125506831628
3262,3791,3493.0,0.00023145203890727328,1.6272357189956767e-06,-0.0004339467562661653,0.0003620641918053773,-0.00012898491717910833
3261,3791,3487.0,0.00027774154638846027,-1.885728341438739e-05,-0.0004250962628848179,0.00038861277920734485,-0.00012972851623327197
3263,3791,3492.0,0.0002457159971450476,-1.7643557567643443e-05,-0.0004014193677854064,0.0003540860916339617,-0.00012601365205655755
3275,3792,3701.0,0.0002542227193086874,-8.911316510614874e-06,-0.00043048182997186893,0.0003749224881261454,-0.00012961108532807283
3272,3792,3689.0,0.00026842972611232016,-6.698947323151207e-06,-0.0004461868574717129,0.0003929619835764075,-0.00013123120478723854
3273,3792,3703.0,0.00023279350253652825,1.7457333002004625e-05,-0.0004694029593052991,0.0003833447064147767,-0.0001330938708762438
3271,3792,3493.0,0.0002320484945732143,1.3803083467741565e-06,-0.00043442156609603544,0.00036264625646577006,-0.0001292174535457816
3274,3792,3704.0,0.00021966827370226497,1.3992055766845132e-05,-0.0004496767908930138,0.0003640708990867536,-0.0001304105696176435
3269,3792,3488.0,0.0002598241024593592,7.0482652103696745e-06,-0.00047009290326210235,0.0004003083262525023,-0.00013343595858277343
3268,3792,3487.0,0.00027817907703071854,-1.9094742743387075e-05,-0.000425601657727398,0.000389113205100232,-0.00013002887081290054
3270,3792,3494.0,0.000207985679882082,2.796293842024242e-05,-0.00046765024183796633,0.0003685261681217877,-0.00013257754981946327
3277,3793,3489.0,0.00022386112342193815,4.9904790264091066e-05,-0.000514541263263224,0.0004084586909606997,-0.00013469277727467047
3276,3793,3488.0,0.00026062868520825705,6.570206196426266e-06,-0.00047113849069918556,0.0004012359474057301,-0.00013403705600104678
3278,3793,3495.0,0.00016747142129439063,6.829062839437986e-05,-0.0004930823523867783,0.00036936016707866373,-0.00013359811738989323
3282,3793,3706.0,0.00018789246668359134,4.6887816015645694e-05,-0.0004796418689732504,0.00036735945645756434,-0.0001325791737583273
3280,3793,3691.0,0.00024168770469231186,2.712667220009803e-05,-0.0004910345465378441,0.00040233971845970995,-0.00013352534156730006
3281,3793,3705.0,0.00019406573245316083,5.9176933389361384e-05,-0.0005041668534571352,0.00038757113855337035,-0.00013432847271084816
3279,3793,3494.0,0.00020886520599192743,2.7496975875402306e-05,-0.00046863476132445736,0.00036943443639260193,-0.0001330722545252722
3283,3793,3703.0,0.00023347877143998358,1.707673768195988e-05,-0.0004702191673996662,0.0003840903825395173,-0.00013353487341757382
3284,3794,3489.0,0.00022558425812509858,4.855044452588709e-05,-0.0005177029854104842,0.0004106351456016139,-0.00013650044295062823
3285,3794,3490.0,0.00014750020927989382,0.00012978415077869582,-0.000530238349178494,0.00040390929336430305,-0.0001266249333057134
3286,3794,3496.0,9.49781810149139e-05,0.0001324449879658347,-0.00047386442467664547,0.0003513832354067308,-0.00012396006642598225
3287,3794,3495.0,0.00016841879550848898,6.692694929120871e-05,-0.0004965495235291148,0.0003710806584708292,-0.00013573491367113152
3288,3794,3693.0,0.00018679479838812612,8.725968849443433e-05,-0.0005237923473619954,0.00040361009231594926,-0.0001295556054333888
3289,3794,3707.0,0.00011901691533261483,0.00013164697132802368,-0.0005013604220928045,0.0003760916844948063,-0.00012542779783416782
3290,3794,3708.0,0.00013214109908999652,9.842836414750036e-05,-0.0004862903023884757,0.0003590134777148841,-0.00012844401447738716
3291,3794,3705.0,0.0001952738280451699,5.811765433731632e-05,-0.0005066903508391223,0.00038915856123422166,-0.00013576707885173543
3298,3795,3710.0,2.6015650806102478e-05,0.00018766503398466523,-0.0003802167806963852,0.0003134167951950271,-9.973611040425937e-05
3297,3795,3709.0,-5.0996775333669864e-05,0.0002904568274404455,-0.00032364140836955296,0.0003549609360433651,-0.00011550088393658941
3296,3795,3695.0,6.138862456218225e-05,0.00021439217902329076,-0.0004812208346382518,0.00039036989569653317,-0.00011458909211106016
3295,3795,3496.0,9.826441114041407e-05,0.00012769616808105662,-0.0004859489220383692,0.00035639998024137546,-0.00013043940101990475
3299,3795,3707.0,0.00012295594307484836,0.0001282389301223788,-0.0005094669724552518,0.0003803446181212286,-0.00012914974492400145
3293,3795,2031.0,-3.997463412799829e-05,0.00031924998036146884,-0.0004067433004687482,0.0004109688527346132,-0.00013169350650114268
3292,3795,3490.0,0.00015316128314071809,0.00012581728088698735,-0.0005392887941052665,0.0004094800679245781,-0.00013050150389687268
3294,3795,2032.0,-5.4627330768039495e-05,0.00025743872160755195,-0.00024969904853482106,0.00030123989912652933,-9.842850828701685e-05
3919,3796,2043.0,0.00025531831011945186,-3.458989941099383e-05,-0.0003574034301779619,0.0003404641737680263,-0.0001197357630595683
3921,3796,3497.0,0.0002190020715498349,-1.2160156305192522e-05,-0.0003755692689042939,0.00032392506831654694,-0.00011708315307190455
3922,3796,2042.0,0.0002299862738981348,-3.201554654268685e-05,-0.0003535138795448794,0.0003189950321841194,-0.00012102430482867146
3923,3796,3697.0,0.00025336533977834454,-3.2399489201203214e-05,-0.0003637742637668806,0.00034177994886477566,-0.00012081409828763436
3920,3796,3491.0,0.00025210969372531367,-3.092956249839624e-05,-0.00037223213487227666,0.00034439980813675674,-0.0001232196769098393
3924,3796,3711.0,0.00023536870124023224,-2.2196843118855428e-05,-0.0003765446237271215,0.00033468999703120526,-0.00012151813890982845
3925,3796,3712.0,0.00022426452830857924,-2.2097777037094176e-05,-0.0003633860971815374,0.00032059638272191983,-0.0001184296314504348
3304,3797,3700.0,0.00024913133507600046,-2.435435927280712e-05,-0.00038717806835714824,0.00034940182171966583,-0.0001246248459164725
3307,3797,3711.0,0.000235019458370761,-2.20359610409841e-05,-0.00037599153533637505,0.00033422356643172615,-0.00012124006910194926
3303,3797,3497.0,0.0002180449039018359,-1.2431739467673973e-05,-0.000376891276097073,0.00032369485552338187,-0.00011808169108921995
3305,3797,3714.0,0.00022453389093028686,-7.482315066771562e-06,-0.00040111432702139016,0.00034021751371576803,-0.0001231659378522527
3306,3797,3715.0,0.00021131685647644838,-5.453297201312053e-06,-0.00038728798879780757,0.00032484464868335526,-0.00011898108940821894
3300,3797,3491.0,0.00025325640529169635,-3.1574331523111406e-05,-0.00037451225337326727,0.00034610045569743406,-0.00012441838192884912
3301,3797,3492.0,0.0002456286956080689,-1.6771767127288836e-05,-0.000402011694466322,0.0003544635686165069,-0.00012560664013572685
3302,3797,3498.0,0.0002049568408430194,1.865200185853337e-06,-0.0003996023650146424,0.0003275361332473221,-0.00012071409221844936
3308,3798,3492.0,0.0002457459808277371,-1.6725082681677897e-05,-0.0004017963178141182,0.0003544746860901043,-0.00012545378794404511
3309,3798,3493.0,0.00023136322461539405,1.4126373325249776e-06,-0.0004335882228521659,0.0003617835399341831,-0.00012900767798626407
3310,3798,3499.0,0.00018688853332281263,2.209765403461293e-05,-0.0004233448676456558,0.0003316367216206473,-0.00012265053426322172
3311,3798,3498.0,0.00020439804494056663,2.0291974852813463e-06,-0.00039908927860877325,0.000326946387432387,-0.000120519145006539
3315,3798,3714.0,0.00022427362630848824,-7.43863680800717e-06,-0.00040100568385022586,0.00033998613001781907,-0.000123151140517338
3314,3798,3717.0,0.0001954983694532099,1.1661969377799002e-05,-0.0004104087302704146,0.00032843075751505806,-0.00012127041868404914
3312,3798,3702.0,0.00023828470459628416,-8.005350139821815e-06,-0.0004166940673896516,0.0003571586521349756,-0.00012687929767851326
3313,3798,3716.0,0.00020816183625427254,1.1654622219470223e-05,-0.0004291073373831212,0.0003458892624597511,-0.00012607280398600832
3316,3799,3493.0,0.00023197772229414243,1.2345859438907605e-06,-0.0004341435183703446,0.00036243281536415726,-0.00012922050712612407
3317,3799,3494.0,0.000207869138294417,2.8041951364516596e-05,-0.0004672888523980581,0.0003683036468467457,-0.0001323925571878121
3323,3799,3716.0,0.0002079940880502923,1.1596089872450196e-05,-0.0004293826410042695,0.0003458785625909675,-0.000126288384668225
3322,3799,3719.0,0.00017298033278309935,3.451671087083188e-05,-0.00043335246883520473,0.00033121639694267866,-0.0001237193532887474
3321,3799,3718.0,0.00018252027411739397,3.806938106431558e-05,-0.00045620302934599663,0.00034955789645455145,-0.00012896824127284188
3320,3799,3704.0,0.00021965256378338096,1.4059689108600337e-05,-0.00044964531209291947,0.0003640652164913301,-0.00013035296359934878
3319,3799,3499.0,0.0001862686052779075,2.201010513750313e-05,-0.0004238492372620889,0.0003314216855790024,-0.00012314297516359177
3318,3799,3500.0,0.0001599300573230239,4.813427903772394e-05,-0.0004442757164027922,0.0003330950461351127,-0.00012503070977436484
3330,3800,3721.0,0.00013825789290077863,6.534171695221375e-05,-0.0004475497210592941,0.0003285251462181205,-0.00012492553636512808
3329,3800,3720.0,0.00014041310156676784,7.614218686754863e-05,-0.0004717426053976702,0.00034632797304682834,-0.00012977268461251187
3328,3800,3706.0,0.00018787236358751725,4.723743281071272e-05,-0.00047968116138048106,0.000367490990199612,-0.00013238119380138205
3327,3800,3500.0,0.00015923782986068669,4.7926138283821244e-05,-0.0004452789610006197,0.00033307253169431543,-0.0001259085635498075
3326,3800,3501.0,0.00011734054612911465,8.390092328753587e-05,-0.00045036261522864163,0.00032642191582313285,-0.0001251804464064823
3325,3800,3495.0,0.00016738767318780212,6.822262943061283e-05,-0.0004927849110345772,0.0003691369412039209,-0.00013352663858550595
3324,3800,3494.0,0.00020877526348934278,2.7705957689948008e-05,-0.00046840063111897035,0.0003693308556885562,-0.00013284963450926543
3331,3800,3718.0,0.00018243797935250244,3.786634782059872e-05,-0.0004570328826841233,0.0003498290359054897,-0.0001295247087323885
3332,3801,3495.0,0.00016836366120901586,6.723904596555143e-05,-0.00049646165074059,0.0003711293812827058,-0.00013552667410813852
3337,3801,3722.0,7.027302823618686e-05,0.00013039183847501923,-0.0004389748711309781,0.0003218686656230312,-0.00012120379891182513
3333,3801,3496.0,9.494961677326136e-05,0.0001296583080525154,-0.0004729270612559566,0.00034940346605983507,-0.0001247955412340583
3334,3801,3502.0,5.070771538317337e-05,0.0001305467972736509,-0.0004060431087324623,0.00029753622492706704,-0.00011628171227024274
3335,3801,3501.0,0.00011643750201219272,8.320054563335693e-05,-0.000453381539114478,0.00032711811933304165,-0.00012748007168749198
3336,3801,3708.0,0.00013198706546780449,9.873331208271117e-05,-0.00048587331160744596,0.0003588651615410018,-0.00012814478399048615
3338,3801,3723.0,8.397648749932773e-05,0.00010773021939510831,-0.00043190885749883057,0.0003121341321614404,-0.00012042742526700438
3339,3801,3720.0,0.0001403837771783989,7.542446712149756e-05,-0.0004746115155905839,0.00034742228570662905,-0.00013161404140673262
3346,3802,3725.0,3.7326331028607156e-06,0.00015229475672707337,-0.0002949159690187192,0.0002431243648896737,-8.709697505973961e-05
3340,3802,3496.0,9.833505006053012e-05,0.00012623295884335302,-0.0004857398669308177,0.00035555417917565446,-0.00013098617027177133
3341,3802,2032.0,-5.4850756277577406e-05,0.0002538882504606189,-0.00024788644974424456,0.00029748810472578566,-9.845061054274416e-05
3342,3802,2033.0,-4.7453389219423436e-05,0.00017241961403414996,-0.0001316350673303407,0.00019061578633443896,-6.564956151971244e-05
3343,3802,3502.0,4.84404629776114e-05,0.0001260837018856242,-0.00042442166834843337,0.00030299468608240715,-0.00012847052121917158
3344,3802,3710.0,2.6200126401126206e-05,0.00018925784052145056,-0.00038130844890370275,0.00031508372257972107,-9.962575565714432e-05
3347,3802,3722.0,7.123557804443459e-05,0.00012731409280247513,-0.000451012243491377,0.0003265174610445038,-0.00012796779019759412
3345,3802,3724.0,-5.3898042524300194e-05,0.00021479381281690267,-0.00018389622674633982,0.00024324617701252377,-8.23504067199213e-05
3926,3803,2042.0,0.00022796352559775052,-1.4836361654951271e-05,-0.0003467637602523003,0.0003182218505756757,-0.00010509468663287642
3927,3803,3497.0,0.00021891093416769036,-1.479770968626894e-05,-0.00037458644475054856,0.00032281368166483615,-0.00011870045718341473
3932,3803,3727.0,0.0001873798257080242,-4.152222789145527e-06,-0.0003511263791735608,0.0002915977131580166,-0.00010837011023913793
3931,3803,3726.0,0.0001978160015565708,-3.529525032304687e-06,-0.00036938630828629165,0.0003074919165481678,-0.00011320544002390163
3930,3803,3712.0,0.0002232613533779161,-1.5778485861385775e-05,-0.0003596003628283037,0.00031964214339686207,-0.00011215927588033176
3929,3803,2041.0,0.00019458365743393186,-1.4108942922653241e-05,-0.0003467698389099886,0.00029259960831870985,-0.00011212489380743124
3928,3803,3503.0,0.00018030225006983314,8.715212075982495e-06,-0.00035704420019981586,0.00029257606337674164,-0.00010355860123092601
3353,3804,3729.0,0.00018377179859331572,1.2244859432813124e-05,-0.00038921488605075244,0.0003106757444657325,-0.00011465908643960369
3351,3804,3503.0,0.00018208559882700037,7.811005063959597e-06,-0.00036290124167110555,0.0002962372393201548,-0.00010634063542919482
3355,3804,3726.0,0.0001996070397500757,-3.5206047226710472e-06,-0.0003690612799584665,0.00030867741957596727,-0.00011259098454856261
3352,3804,3715.0,0.00021124410034250966,-6.912044098284463e-06,-0.00038663206462578176,0.0003241324989876846,-0.00011980044274345939
3349,3804,3498.0,0.00020501080163234237,3.010432064516448e-06,-0.00040010144016935575,0.0003281117724295257,-0.00012009053873266685
3350,3804,3504.0,0.00016344842874012333,2.133276029044626e-05,-0.00037918438821900324,0.00029486137233761543,-0.00011008018330704584
3348,3804,3497.0,0.00021793465968150683,-1.496077656412513e-05,-0.00037583398990880673,0.0003225590294592308,-0.00011958514634184911
3354,3804,3730.0,0.00017265630989221625,1.3751993459833276e-05,-0.0003698498804744349,0.00029447481264515156,-0.000108066509293102
3362,3805,3732.0,0.0001553539586857406,3.0103498660305397e-05,-0.0003872924360163246,0.0002962496789042228,-0.00011079222155817683
3361,3805,3731.0,0.00016413349654659237,3.169800704883898e-05,-0.0004100723835870207,0.00031337950667266565,-0.00011754800307723433
3363,3805,3729.0,0.000185146084489822,1.1954849759158006e-05,-0.00039097394910492245,0.00031235869467094717,-0.00011525776042196716
3359,3805,3504.0,0.000167594328833634,2.0865931773832473e-05,-0.00038173014980330197,0.0002987094261826743,-0.00011024916557520785
3358,3805,3505.0,0.00014337044045425323,4.106885555519007e-05,-0.0003956108074107817,0.00029653161853818725,-0.00011209232252874394
3356,3805,3498.0,0.00020444086017883112,3.1089229340030243e-06,-0.00039951929604174763,0.000327465647324536,-0.00011991586421170188
3360,3805,3717.0,0.00019541278360227753,1.1906369307337211e-05,-0.00041002712861491764,0.0003282685980276176,-0.00012094944511800284
3357,3805,3499.0,0.00018696259206851112,2.239411696829119e-05,-0.000423776121369044,0.0003319826571830243,-0.00012262594814622198
3364,3806,3499.0,0.00018633029833788062,2.2341525360442156e-05,-0.0004242253018900688,0.00033174491806173744,-0.0001230730943634147
3365,3806,3500.0,0.00016007252845576248,4.859974663155159e-05,-0.0004450844552426718,0.00033375189189931045,-0.0001250796168119964
3366,3806,3506.0,0.00011481088159374236,6.512329584709969e-05,-0.0004034987147409075,0.00029324034629190667,-0.00011330616885106464
3368,3806,3719.0,0.00017284828461664598,3.424552611906717e-05,-0.00043263473798909463,0.00033069418202885393,-0.0001236003712931408
3369,3806,3733.0,0.00013589077527673826,5.687510437125563e-05,-0.00042442941475697923,0.000312243892962583,-0.00011947801331458913
3370,3806,3734.0,0.00013150507762272126,5.162559010205448e-05,-0.00039964503962305886,0.00029534026498854516,-0.00011220959726376944
3371,3806,3731.0,0.000166127285394696,3.140694995573429e-05,-0.00041174607399092206,0.00031537990482530715,-0.00011784566947487684
3367,3806,3505.0,0.00014848913550324916,4.046305282430626e-05,-0.0003989511329211999,0.0003011350166653641,-0.00011218282833780867
3379,3807,3733.0,0.0001383113791619539,5.646994635788926e-05,-0.00042681013530768835,0.00031468361692824564,-0.00011990229140840245
3372,3807,3500.0,0.0001593665197795538,4.84745856643219e-05,-0.00044603496201026105,0.0003337271063639695,-0.00012588600092009383
3373,3807,3501.0,0.00011735156668898905,8.55990435857175e-05,-0.00045075582788779017,0.0003274117116205886,-0.00012446110134588202
3374,3807,3507.0,7.466194264305753e-05,9.371231002780391e-05,-0.00039022639546534843,0.000279532689514744,-0.00011115843684388256
3375,3807,3506.0,0.00012062571534215971,6.430830074150647e-05,-0.0004081477869757391,0.00029847445159697213,-0.00011354043551330595
3376,3807,3721.0,0.00013807874406238964,6.548636847991847e-05,-0.00044667795545892675,0.00032805167087016063,-0.00012448655832785253
3377,3807,3735.0,9.39336930533205e-05,8.976503694280516e-05,-0.0004200592043111899,0.00030188930930647156,-0.00011819057931034587
3378,3807,3736.0,9.755726478264011e-05,7.773624391247368e-05,-0.00039818812723989294,0.0002869873282049309,-0.0001116938195098171
3387,3808,3735.0,9.554305046799438e-05,8.904554378078727e-05,-0.0004246814875730094,0.00030465989196049796,-0.0001200712977117163
3386,3808,3738.0,4.9031673079395766e-05,0.00011073152199069804,-0.000359805253965631,0.0002624101515594445,-0.00010264695648935071
3385,3808,3737.0,3.061145191504688e-05,0.0001267603211292119,-0.0003642959601406551,0.0002670712307145349,-0.00010969945767027612
3384,3808,3723.0,8.379113612715875e-05,0.00010687633422788744,-0.00043080725522215424,0.00031104640142790593,-0.00012037893107285974
3383,3808,3507.0,8.039189257964124e-05,9.278636421040671e-05,-0.0003956333992213082,0.0002845028782372298,-0.00011132462144718185
3382,3808,3508.0,1.7407927842980064e-05,0.00012642091794420082,-0.00032112066752208734,0.00024147437919271183,-9.764553340553094e-05
3380,3808,3501.0,0.00011643058619831975,8.517747823691326e-05,-0.00045374003052843503,0.00032821158049888645,-0.00012660351606365343
3381,3808,3502.0,5.1158761832384436e-05,0.00012692098724441896,-0.0004075890643542579,0.0002963251611487659,-0.0001182454120719625
3395,3809,3737.0,2.8353432405883727e-05,0.0001242287211148887,-0.0003817177000239938,0.00027307806406940696,-0.00012049591054863452
3390,3809,2034.0,-3.197539277005612e-05,7.365009645939015e-05,-7.271517186116516e-05,8.4954900522386e-05,-4.328019683305198e-05
3392,3809,3725.0,3.5771601036120593e-06,0.00015632743448685936,-0.0002949366792459329,0.00024602478981640527,-8.612019522593383e-05
3393,3809,3739.0,-4.152973474171734e-05,0.00011969566395518116,-9.642020064366819e-05,0.0001330117731229948,-5.484584390953097e-05
3394,3809,3740.0,-8.912749834171993e-06,0.00011466380425179259,-0.00022496788567918924,0.00018121269476630909,-7.546164034868849e-05
3388,3809,3502.0,4.884662321456151e-05,0.00012423002254694903,-0.0004260945856749271,0.0003028940790073222,-0.00012981743324581163
3389,3809,2033.0,-4.6890448537909024e-05,0.00016377767595939234,-0.00013274566651707426,0.00018294509026651665,-6.605786284503333e-05
3391,3809,3508.0,1.1384809923208061e-05,0.00012284909555878432,-0.0003461211256926208,0.0002489301265094118,-0.00011469622102741942
4084,3810,3727.0,0.00018689717713308782,3.947784691469593e-06,-0.0003470715084668424,0.0002915914846974121,-0.00010074652287285469
4085,3810,3741.0,0.00016306175468150386,1.2325493497751224e-05,-0.0003532781378181721,0.0002797397533762731,-0.000104352505197018
4081,3810,3503.0,0.0001802074696832176,1.6791916076009696e-06,-0.00035539108747674117,0.00028979954197066895,-0.00010791288067985041
4080,3810,2041.0,0.0001933788094004192,1.4389207330601974e-06,-0.0003361840016881182,0.0002909680316364703,-9.615030150299087e-05
4083,3810,13.0,0.0001498629415866773,2.4543761042307e-06,-0.00031726159652340977,0.0002510759291521447,-9.875861146123671e-05
4082,3810,2040.0,0.0001498629415866773,2.3297855239677503e-05,-0.00034422803640665744,0.0002699595562599776,-9.679875943362278e-05
3933,3811,2040.0,0.00013723052216859516,2.4176902968264498e-05,-0.0003266504944141428,0.0002535343133856009,-9.212688824874123e-05
3934,3811,3503.0,0.00018200833488615092,1.3804775368469156e-06,-0.00036148464169548367,0.00029374487579293337,-0.00011035606336993556
3935,3811,3504.0,0.00016315744271617333,1.9890179382070668e-05,-0.00037611130636909865,0.0002927607507010613,-0.00010971312860281733
3936,3811,2039.0,0.00013723052216859516,3.4541121456474564e-05,-0.0003594601817599949,0.0002728060824115019,-0.00010103443878643219
3937,3811,3741.0,0.00015903703140728725,1.2806298861306334e-05,-0.0003435244754940482,0.0002725981850855183,-0.00010075485481692467
3938,3811,3730.0,0.00017277077942371398,1.3239199615442624e-05,-0.00037095144666612206,0.0002949055224187089,-0.00010889554337955231
3939,3811,3744.0,0.00014952337204750255,2.725174387451781e-05,-0.000367072605428273,0.0002818382291358431,-0.0001050631132138227
3945,3812,3732.0,0.0001554492612724622,3.223858412893703e-05,-0.0003884640214645088,0.00029761166237907973,-0.00010992381697768049
3946,3812,3746.0,0.0001309063257267859,4.3365465611495176e-05,-0.00038004715087892535,0.0002821354078998853,-0.00010786361656160424
3944,3812,3744.0,0.0001433164946798328,2.768903765166587e-05,-0.000358339658796801,0.0002737692129143723,-0.00010276368058287363
3943,3812,2038.0,0.00012173184723960478,4.969114209362434e-05,-0.00036861124096324027,0.0002735040066062484,-0.00010208101727301929
3941,3812,3504.0,0.0001673440731097542,1.973577791455081e-05,-0.00037909819188924887,0.00029695062330367233,-0.00010987077227936733
3940,3812,2039.0,0.00012173184723960478,3.5640983561247615e-05,-0.00033749000756189487,0.000252835160739729,-9.546232993887658e-05
3942,3812,3505.0,0.0001429979952800725,3.703394427268165e-05,-0.00039146033390027174,0.0002927902119295714,-0.00011275827237681725
3953,3813,3748.0,0.00010486472241225814,6.269758457527362e-05,-0.00038331139729299094,0.00027659304032136035,-0.00010903073333382859
3947,3813,2038.0,9.894392336768504e-05,5.1293732728233555e-05,-0.0003366913087676539,0.0002451420456298911,-9.490438953397253e-05
3948,3813,3505.0,0.00014816703818515062,3.683353123224613e-05,-0.00039534743706791386,0.0002978626143644805,-0.00011286204494708377
3949,3813,3506.0,0.00011433852092550267,5.802180506561943e-05,-0.00039803779598844916,0.0002871811950330764,-0.0001148208690419543
3950,3813,2037.0,9.894392336768504e-05,6.735366499806489e-05,-0.0003688179548752557,0.0002682329833119207,-0.00010193539494617078
3951,3813,3746.0,0.00012208309777960585,4.406904043708607e-05,-0.00036596282188389867,0.000270168947209216,-0.00010401680899252408
3952,3813,3734.0,0.00013170604897577362,5.3843502365058873e-05,-0.00040188877643571735,0.0002974557254371836,-0.00011190617409635107
3960,3814,3750.0,6.933547032624346e-05,8.241113311914744e-05,-0.0003680968957790222,0.00026003783253660245,-0.00010829122909121157
3956,3814,3507.0,7.382982154065243e-05,8.360571438270105e-05,-0.00038084436478062755,0.0002692026743624326,-0.00011176713843907916
3957,3814,2036.0,6.744227660002156e-05,8.111122876723435e-05,-0.00035735964948728494,0.0002530872384884492,-0.00010453373312119325
3954,3814,2037.0,6.744227660002156e-05,6.969177412345065e-05,-0.0003222138356036956,0.0002296778692655166,-9.254381854204439e-05
3958,3814,3748.0,9.271886245440855e-05,6.376013679885713e-05,-0.0003620267753487623,0.0002598310700952374,-0.00010335207084197172
3955,3814,3506.0,0.00012021047333059254,5.775156499543844e-05,-0.0004033159595120822,0.000293042822563095,-0.00011508078423706398
3959,3814,3736.0,9.775917834236279e-05,8.22309987820193e-05,-0.0004006674592092474,0.0002904792133886048,-0.00011048903626422271
3961,3815,2036.0,3.5932869014387164e-05,8.478286292989859e-05,-0.0002835843995129296,0.00020423840109821053,-8.352266915392478e-05
3962,3815,3507.0,7.961604695616575e-05,8.32984851076462e-05,-0.00038687956371846743,0.0002749058103361545,-0.00011199127827234254
3967,3815,3752.0,2.221195554524824e-05,9.24918956418846e-05,-0.00029453773574394937,0.0002087551519108739,-9.405130072374107e-05
3963,3815,3508.0,1.6797043303561077e-05,0.0001037828357304941,-0.0003127216241886749,0.00022258699919413966,-0.00010200712016008448
3964,3815,2035.0,3.5932869014387164e-05,8.102219176433134e-05,-0.0002795318131691704,0.00020005002206737967,-8.309496128866117e-05
3965,3815,3750.0,5.4563649011844795e-05,8.41034638903559e-05,-0.0003340628320067478,0.00023701672226644486,-9.834960936424417e-05
3966,3815,3738.0,4.9420493413802544e-05,0.0001160734906293264,-0.00036425060606394555,0.00026789634123441225,-0.00010240235719128333
3971,3816,9.0,1.911134228784611e-06,-4.938582408498416e-05,-8.790363295919923e-05,2.7150833020393695e-05,-7.462552287659324e-05
3974,3816,3754.0,-2.3307026746206133e-05,-8.828192046184298e-06,-7.915488699986734e-05,2.4166495509445235e-05,-5.6301714301835666e-05
3973,3816,3740.0,-9.146336300983396e-06,0.0001356494275178002,-0.00022470053513448662,0.00019690795558337894,-7.040486436656214e-05
3972,3816,3752.0,-1.207762942850854e-07,9.464191736909406e-05,-0.0002516552780604184,0.000181713487097446,-8.719234602263702e-05
3970,3816,2034.0,-3.0988908529955284e-05,3.130827931481235e-05,-7.844148111187804e-05,5.0244627172347234e-05,-4.992525638749017e-05
3968,3816,2035.0,1.911134228784611e-06,8.638494761565582e-05,-0.00017166349558053046,0.00013980913654505783,-5.1513054700617414e-05
3969,3816,3508.0,1.0714763542286898e-05,0.00010259419328374634,-0.00033736329896723316,0.00023147998077156163,-0.0001181710239455284
4090,3817,3811.0,0.0004976812535074926,-0.00014576231798625041,-5.7371388124546896e-05,0.000498957573742669,-0.00014703863822142682
4089,3817,26.0,0.0004929075433951283,-0.0001451305477415183,-5.1373272908057654e-05,0.0004939399854466025,-0.0001461629897929925
4088,3817,2163.0,0.0004929075576044634,-0.00013663843795573994,-5.847795927234334e-05,0.0004942626320698305,-0.00013799351242110706
4087,3817,3756.0,0.0004970028859903886,-0.00014440748314386762,-6.237323785669019e-05,0.0004985156720711086,-0.00014592026922458762
4086,3817,2214.0,0.0004983596210245828,-0.0001451305477415183,-5.205296473421994e-05,0.0004994105668356191,-0.00014618149355255457
4091,3817,3812.0,0.0004956648270462716,-0.00014052296054980367,-6.146609124847713e-05,0.0004971460345388988,-0.00014200416804243098
3981,3818,3811.0,0.0004976812535074926,-0.00014743379108823668,-5.4803016435765045e-05,0.0004988430507498001,-0.00014859558833054423
3975,3818,2215.0,0.0005014509597523198,-0.00015092863493749802,-5.00380394941255e-05,0.0005024090421820117,-0.0001518867173671899
3976,3818,3757.0,0.0005025693581827695,-0.00015171737817099126,-5.8395574805147205e-05,0.0005038697357696345,-0.00015301775575785623
3977,3818,3756.0,0.0004970028859903886,-0.00014393891079179238,-6.346742274819517e-05,0.0004985702231446556,-0.0001455062479460594
3978,3818,2214.0,0.0004983596210245828,-0.00015092863493749802,-4.671615910550875e-05,0.0004991988408709896,-0.00015176785478390476
3979,3818,3815.0,0.0005020101589675516,-0.0001513230189901832,-5.39280412786107e-05,0.000503121114619376,-0.0001524339746420076
3980,3818,3816.0,0.0005009102928638515,-0.00014782815900123234,-6.197323963191836e-05,0.0005023869896305129,-0.00014930485576789378
3986,3819,3818.0,0.000505415787332153,-0.00015707680663458413,-4.7132367035084693e-05,0.0005062530254281022,-0.00015791404473053334
3987,3819,3819.0,0.0005060792820712617,-0.00015415550410467966,-5.6023425909379476e-05,0.0005072656005258177,-0.0001553418225592356
3983,3819,3758.0,0.0005065894724199382,-0.00015784582301218422,-5.0677124520108474e-05,0.0005075543695518921,-0.00015881072014413812
3988,3819,3815.0,0.0005020101589675516,-0.00015338649748667223,-5.060326826876113e-05,0.0005029854789276864,-0.00015436181744680702
3985,3819,2215.0,0.0005014509597523198,-0.00015614222206888494,-4.21005393219584e-05,0.0005021241125925419,-0.00015681537490910705
3982,3819,2216.0,0.0005042421022443677,-0.00015614222206888494,-4.38743663283489e-05,0.0005049700270496034,-0.0001568701468741207
3984,3819,3757.0,0.0005025693581827764,-0.00015046521275151846,-5.939274105658254e-05,0.0005039170024220376,-0.00015181285699077959
3989,3820,2217.0,0.0005054624005896499,-0.00016062511194016998,-3.484270948438811e-05,0.0005059177405575396,-0.0001610804519080596
3990,3820,3759.0,0.0005089447518114298,-0.0001630801566382741,-4.001354664542184e-05,0.0005095398441047666,-0.00016367524893161085
3991,3820,3758.0,0.0005065894724199313,-0.00015685250371679773,-5.20025170774735e-05,0.0005076069392536869,-0.00015786997055055338
3992,3820,2216.0,0.0005042421022443816,-0.00016062511194016998,-3.4554169817402336e-05,0.0005046907578026172,-0.00016107376749840562
3993,3820,3821.0,0.0005072035762005433,-0.00016195000444262499,-3.7295717606203316e-05,0.0005077228486129664,-0.00016246927685504805
3994,3820,3822.0,0.0005095231964046265,-0.00015996631855255683,-4.6842114994859185e-05,0.0005103415456491952,-0.00016078466779712546
3995,3820,3818.0,0.000505415787332153,-0.00015883617638864336,-4.314593659776947e-05,0.0005061156770442007,-0.00015953606610069105
3996,3821,2218.0,0.0005042158895889673,-0.00016413660920231647,-2.4508894314850815e-05,0.0005044405031337078,-0.00016436122274705693
4002,3821,3821.0,0.0005072035762005433,-0.00016334778871480646,-3.3296862215707185e-05,0.0005076166685117197,-0.0001637608810259829
4001,3821,3825.0,0.0005104280291758218,-0.00016428562448790726,-3.502525692169328e-05,0.0005108822749358311,-0.0001647398702479166
4000,3821,3824.0,0.0005061452348400081,-0.00016533391276479206,-2.5975309874939206e-05,0.000506396346321876,-0.00016558502424666
3999,3821,2217.0,0.000505462400589643,-0.00016413660920231647,-2.522455557352893e-05,0.0005056998757862549,-0.0001643740843989284
3998,3821,3759.0,0.0005089447518114368,-0.0001622995004379223,-4.1456981403453774e-05,0.0005095842528035335,-0.00016293900143001905
3997,3821,3760.0,0.0005080745800910419,-0.00016627174853789221,-2.752953798060634e-05,0.0005083554298276556,-0.00016655259827450593
4007,3822,3827.0,0.0005017732372643094,-0.00016653637070501498,-1.499542935108275e-05,0.0005018573429705804,-0.00016662047641128605
4006,3822,2218.0,0.0005042158895889742,-0.00016682533595303948,-1.445645285088476e-05,0.0005042937405383625,-0.00016690318690242776
4004,3822,3761.0,0.0005031937036241718,-0.00016663702799136625,-1.3857629362731133e-05,0.0005032653685012347,-0.00016670869286842903
4003,3822,2219.0,0.000500352770904447,-0.00016682533595303948,-1.58957739357507e-05,0.000500447438197496,-0.0001669200032460885
4005,3822,3760.0,0.0005080745800910488,-0.0001658853936093484,-2.900440822653505e-05,0.0005083864927310439,-0.00016619730624934347
4008,3822,3828.0,0.0005076318546725495,-0.00016626121220341262,-2.153165602825774e-05,0.0005078038010731887,-0.00016643315860405194
4009,3822,3824.0,0.0005061452348400081,-0.00016616055383974386,-2.1849166300810796e-05,0.0005063227061974416,-0.00016633802519717739
4013,3823,2219.0,0.0005003527709044608,-0.00016521451855323996,-8.056094619089682e-06,0.0005003771479601606,-0.00016523889560893977
4012,3823,3761.0,0.0005031937036241579,-0.00016705372961687073,-1.5934076911375272e-05,0.0005032883921416986,-0.00016714841813441142
4011,3823,2146.0,0.0004944440957583562,-0.00016334060609454054,3.9532509545775474e-07,0.000494444155155419,-0.00016334066549160333
4014,3823,3830.0,0.0004917591698575391,-0.00016406752541660687,-3.994701919040472e-06,0.0004917652528271432,-0.00016407360838621108
4015,3823,3831.0,0.0005008878031039637,-0.0001651971609245254,-7.272054936530159e-06,0.0005009076508749389,-0.00016521700869550048
4016,3823,3827.0,0.0005017732372643094,-0.0001659240864260187,-1.1700045461200681e-05,0.0005018244882399713,-0.00016597533740168071
4010,3823,30.0,0.0004890742439567358,-0.00016521451855323996,-8.974842232140068e-06,0.0004891050193609628,-0.000165245293957467
4017,3824,2163.0,0.0004904280181662959,-0.00013663843795573994,-6.581869798535922e-05,0.0004921504170962713,-0.00013836083688571527
4018,3824,3756.0,0.0004983726449004841,-0.00014440748314386784,-6.195355117288859e-05,0.0004998620225866821,-0.00014589686083006588
4019,3824,3762.0,0.0004962839233667304,-0.00013870099571210897,-7.764188643546652e-05,0.0004986485061082406,-0.0001410655784536191
4020,3824,2162.0,0.0004904280181662959,-0.00013107892024018675,-7.221505612348134e-05,0.0004925187149699969,-0.0001331696170438877
4021,3824,3812.0,0.000494388574343356,-0.00014052296054980367,-6.386644114548742e-05,0.0004959906305921755,-0.0001421250167986231
4022,3824,3832.0,0.0004973282841335969,-0.000142628062174219,-7.00414031130775e-05,0.0004992390372142279,-0.00014453881525485
4023,3824,3833.0,0.0004933442135765069,-0.00013488995797614808,-7.490878784582877e-05,0.000495569308359057,-0.00013711505275869823
3397,3825,3756.0,0.000498372644900491,-0.00014393891079179217,-6.304773606437969e-05,0.00049991608908575,-0.00014548235497705117
3398,3825,3757.0,0.0005033028888476732,-0.00015171737817099148,-5.92396692497138e-05,0.0005046395618524145,-0.00015305405117573278
3399,3825,3763.0,0.0005040834709104103,-0.00014748554130473014,-7.44378293450268e-05,0.0005062025970321176,-0.00014960466742643743
3400,3825,3832.0,0.0004973282841335969,-0.00014181867615257657,-7.019595851991828e-05,0.0004992498698296243,-0.00014374026184860405
3401,3825,3816.0,0.0005007898628820451,-0.00014782815900123234,-6.114091910319752e-05,0.0005022275135889026,-0.00014926580970808984
3402,3825,3835.0,0.0005036931798790348,-0.00014958682593807504,-6.6503997657473e-05,0.0005053813465298509,-0.0001512749925888911
3403,3825,3836.0,0.000500135793146575,-0.0001436066397994169,-7.622297641340925e-05,0.0005023842544580911,-0.00014585510111093312
3396,3825,3762.0,0.0004962839233667304,-0.00013972770933146127,-7.801368925428043e-05,0.000498667297159282,-0.00014211108312401288
3404,3826,3763.0,0.0005040834709104103,-0.00014770690144606195,-7.416621983746818e-05,0.0005061865002995642,-0.00014980993083521592
3405,3826,3757.0,0.0005033028888476732,-0.00015046521275151846,-6.023683550114914e-05,0.0005046874807097712,-0.00015184980461361653
3409,3826,3819.0,0.0005055036877386621,-0.00015415550410467966,-5.577915307631437e-05,0.0005066807244172012,-0.00015533254078321882
3407,3826,3764.0,0.0005100973209332532,-0.00015517016772002585,-6.655426104072021e-05,0.0005117577214557708,-0.00015683056824254352
3408,3826,3835.0,0.0005036931798790348,-0.00014923762245162495,-6.701425755981094e-05,0.0005054081953096879,-0.00015095263788227807
3410,3826,3837.0,0.0005089044426482697,-0.00015665956185063326,-5.873950074126305e-05,0.0005101979457235684,-0.00015795306492593188
3411,3826,3838.0,0.000507086857055028,-0.00015143852065158093,-7.037133398678924e-05,0.0005089615255516275,-0.0001533131891481805
3406,3826,3758.0,0.0005077115643633071,-0.00015784582301218422,-5.129928345729007e-05,0.0005086986015307982,-0.0001588328601796753
3417,3827,3822.0,0.0005089693641627396,-0.00015996631855255683,-4.65791121147599e-05,0.0005097792290782565,-0.0001607761834680737
3418,3827,3839.0,0.0005119899730380434,-0.00016256919669869856,-4.70345146696069e-05,0.0005128088645955978,-0.000163388088256253
3419,3827,3840.0,0.000512163335494184,-0.00015874917229374472,-6.014701304759423e-05,0.0005135086761202111,-0.00016009451291977182
3412,3827,3764.0,0.0005100973209332532,-0.00015558488067986872,-6.632718734067566e-05,0.0005117454162620152,-0.00015723297600863067
3413,3827,3758.0,0.0005077115643633001,-0.00015685250371679773,-5.262467601464815e-05,0.0005087517307198103,-0.0001578926700733079
3414,3827,3759.0,0.000509988879991638,-0.00016308015663827388,-4.050645566130995e-05,0.0005105977662614964,-0.0001636890429081323
3415,3827,3765.0,0.0005139910660844765,-0.0001619134875344762,-5.393974287987158e-05,0.0005150655070513366,-0.00016298792850133616
3416,3827,3837.0,0.0005089044426482697,-0.00015629106627026252,-5.9287348484766966e-05,0.0005102228658353327,-0.00015760948945732554
3427,3828,3842.0,0.0005143876811902204,-0.00016434756096297292,-4.551509116416247e-05,0.0005151498707978814,-0.000165109750570634
3426,3828,3841.0,0.0005117154385469863,-0.00016634468707271872,-3.2340900082000745e-05,0.0005121008540868711,-0.00016673010261260355
3425,3828,3825.0,0.0005098044478770575,-0.00016428562448790726,-3.478433146626714e-05,0.0005102528839931362,-0.000164734060603986
3420,3828,3765.0,0.0005139910660844835,-0.00016227224695082847,-5.360043854069074e-05,0.0005150514921576696,-0.00016333267302401464
3421,3828,3759.0,0.000509988879991638,-0.00016229950043792274,-4.1949890419341884e-05,0.0005106426484133362,-0.00016295326885962095
3422,3828,3760.0,0.0005091332982802704,-0.00016627174853789221,-2.7570992201797484e-05,0.0005094145529132854,-0.00016655300317090717
3423,3828,3766.0,0.0005142975788137022,-0.00016642287497511802,-3.738196347622541e-05,0.0005148104028487382,-0.00016693569901015407
3424,3828,3839.0,0.0005119899730380434,-0.00016228324901059257,-4.763958672296398e-05,0.0005128303982880054,-0.0001631236742605546
3435,3829,3844.0,0.0005124285270871332,-0.00016720712463206655,-2.777372586982435e-05,0.0005127121562878114,-0.00016749075383274477
3434,3829,3843.0,0.0005072876536987847,-0.00016710808451013979,-1.5986596614864235e-05,0.0005073823812317548,-0.00016720281204310992
3433,3829,3828.0,0.0005071319210270403,-0.00016626121220341262,-2.1328839419493262e-05,0.0005073007694045483,-0.00016643006058092072
3432,3829,3841.0,0.0005117154385469863,-0.00016617439940752122,-3.295674772772761e-05,0.0005121157639826967,-0.00016657472484323161
3430,3829,3761.0,0.0005045731879054216,-0.00016663702799136603,-1.3514343621054414e-05,0.00050464120645352,-0.0001667050465394644
3431,3829,3767.0,0.0005100021194921617,-0.00016776498976712908,-1.8520601438802575e-05,0.000510128618943273,-0.00016789148921824044
3428,3829,3766.0,0.0005142975788136953,-0.00016664925533158275,-3.692938529888112e-05,0.0005147979035566945,-0.00016714958007458196
3429,3829,3760.0,0.0005091332982802704,-0.00016588539360934884,-2.904586244775395e-05,0.0005094456125815537,-0.0001661977079106321
3443,3830,3846.0,0.0005058261632744226,-0.0001666959570919811,-8.981469495093763e-06,0.0005058561486070117,-0.00016672594242457013
3442,3830,3845.0,0.0004985634205489364,-0.0001643837430735347,6.345980985422717e-07,0.000498563572414227,-0.00016438389493882524
3436,3830,3767.0,0.0005100021194921617,-0.00016762105707846323,-1.7902404439371078e-05,0.0005101203416065746,-0.00016773927919287615
3437,3830,3761.0,0.0005045731879054216,-0.00016705372961687052,-1.5590791169695084e-05,0.0005046636548097078,-0.0001671441965211567
3438,3830,2146.0,0.0004956239722901379,-0.00016334060609454054,7.257977667068927e-07,0.000495624172142397,-0.00016334080594679958
3439,3830,2147.0,0.0005015028688077489,-0.00016577086401290265,4.38406753195536e-07,0.0005015029408173496,-0.00016577093602250346
3440,3830,3843.0,0.0005072876536987847,-0.00016716540008327157,-1.6694101573941356e-05,0.0005073909412265619,-0.0001672686876110487
3441,3830,3831.0,0.0005001722492222194,-0.0001651971609245254,-7.681968380177095e-06,0.0005001944213685781,-0.00016521933307088416
4025,3831,3762.0,0.0004970922672131242,-0.00013870099571210897,-7.632081630265519e-05,0.0004993744686635447,-0.00014098319716252954
4024,3831,2162.0,0.00048725349128300385,-0.00013107892024018675,-7.909399353811519e-05,0.0004897725558478598,-0.00013359798480504264
4026,3831,3768.0,0.0004940745943960989,-0.00013257771657485548,-9.365896918177644e-05,0.0004975548156430948,-0.0001360579378218514
4030,3831,3848.0,0.0004906506150093859,-0.00012817541614657945,-9.039709709792246e-05,0.0004939344542284954,-0.00013145925536568894
4028,3831,3833.0,0.0004921594514179645,-0.00013488995797614808,-7.786577877135978e-05,0.0004945675090791257,-0.00013729801563730932
4029,3831,3847.0,0.0004955834308046185,-0.00013674925432607433,-8.534195475866369e-05,0.0004984499525050957,-0.00013961577602655156
4027,3831,2161.0,0.00048725349128300385,-0.00012377311571830363,-8.68184773121089e-05,0.0004903220093736111,-0.00012684163380891094
3451,3832,3851.0,0.0004991337515715677,-0.00013806768472995141,-9.320210152143071e-05,0.0005025238338145189,-0.0001414577669729026
3450,3832,3850.0,0.0005038942002172885,-0.00014519535079109852,-8.268427401864065e-05,0.0005065167879991733,-0.00014781793857298334
3449,3832,3836.0,0.0005005153575770999,-0.0001436066397994169,-7.584288676484863e-05,0.0005027402246682256,-0.0001458315068905427
3448,3832,3847.0,0.0004955834308046185,-0.0001365205074995103,-8.510600189721995e-05,0.0004984352168744547,-0.00013937229356934648
3447,3832,3769.0,0.0005040214306203245,-0.00014286359428524245,-9.163010434421956e-05,0.0005072501257560001,-0.00014609228942091807
3446,3832,3763.0,0.0005037669698142316,-0.00014748554130472992,-7.450194052047165e-05,0.0005058907609290683,-0.00014960933241956657
3445,3832,3762.0,0.0004970922672131312,-0.00013972770933146127,-7.669261912147604e-05,0.0004993929898447456,-0.0001420284319630757
3444,3832,3768.0,0.0004940745943961058,-0.00013327173936498234,-9.428288720116085e-05,0.0004975972208760923,-0.00013679436584496877
3458,3833,3852.0,0.000511168828927544,-0.00015398762467292793,-7.476183442164941e-05,0.0005132629940467965,-0.00015608178979218047
3457,3833,3838.0,0.0005071035885292341,-0.00015143852065158093,-7.058350269523866e-05,0.0005089894983896159,-0.0001533244305119627
3456,3833,3850.0,0.0005038942002172885,-0.00014542539022072924,-8.264803022332151e-05,0.0005065135776576432,-0.00014804476766108396
3452,3833,3769.0,0.0005040214306203245,-0.0001427506224606881,-9.155799658262798e-05,0.0005072456287302617,-0.00014597482057062533
3454,3833,3764.0,0.000509986738941804,-0.00015517016772002585,-6.634789419877885e-05,0.000511637156874484,-0.00015682058565270575
3453,3833,3763.0,0.0005037669698142316,-0.00014770690144606195,-7.423033101290263e-05,0.0005058746418022211,-0.00014981457343405134
3455,3833,3770.0,0.0005123509189132597,-0.0001524118221547749,-8.366804546909232e-05,0.0005149732213982502,-0.00015503412463976533
3459,3833,3853.0,0.0005084129089179198,-0.000147581204273449,-8.790741427534832e-05,0.0005113448439602862,-0.00015051313931581525
3465,3834,3840.0,0.0005122897484697297,-0.00015874917229374472,-6.024926912634454e-05,0.0005136394049604313,-0.00016009882878444625
3460,3834,3770.0,0.0005123509189132597,-0.000152520946807786,-8.371859322711672e-05,0.0005149759509081313,-0.00015514597880265767
3461,3834,3764.0,0.0005099867389418006,-0.00015558488067986872,-6.612082049872042e-05,0.0005116248904993299,-0.00015722303223739804
3462,3834,3765.0,0.000513761292185836,-0.00016191348753447597,-5.37660519751848e-05,0.0005148291974654471,-0.000162981392814087
3463,3834,3771.0,0.0005185808856427027,-0.00016113290187719036,-6.90849742135298e-05,0.0005203317957334302,-0.00016288381196791788
3464,3834,3852.0,0.000511168828927544,-0.000154149194080628,-7.463324233826507e-05,0.0005132553150038678,-0.00015623568015695182
3466,3834,3854.0,0.0005161710889142815,-0.00016161947576153737,-6.113904643070128e-05,0.0005175470338943827,-0.0001629954207416385
3467,3834,3855.0,0.0005158816351838319,-0.00015682690826680128,-7.67076224040611e-05,0.0005180612774783504,-0.0001590065505613198
3470,3835,3766.0,0.0005140146195065677,-0.0001664228749751178,-3.7243683799259575e-05,0.0005145238707775339,-0.00016693212624608396
3474,3835,3856.0,0.0005173747327391828,-0.00016692909923914957,-4.2615125872981496e-05,0.0005180375565926173,-0.000167591923092584
3473,3835,3842.0,0.000514493466231225,-0.00016434756096297292,-4.5603441457875427e-05,0.0005152584954173533,-0.00016511259014910116
3472,3835,3854.0,0.0005161710889142815,-0.00016177709458387425,-6.0998092731155695e-05,0.0005175403924387448,-0.0001631463981083376
3471,3835,3772.0,0.0005207348459717875,-0.00016740701068689956,-4.843004921854105e-05,0.0005215858959770289,-0.0001682580606921409
3475,3835,3857.0,0.0005202633761922301,-0.00016433032004377454,-5.898970989855895e-05,0.0005215317747159651,-0.0001655987185675095
3469,3835,3765.0,0.0005137612921858326,-0.00016227224695082804,-5.342674763599009e-05,0.000514815224463223,-0.00016332617922821846
3468,3835,3771.0,0.0005185808856427027,-0.00016125362940064975,-6.901291909809648e-05,0.0005203278459016826,-0.00016300058965962967
3476,3836,3772.0,0.0005207348459717875,-0.0001675300092821375,-4.826348829441163e-05,0.000521579908653994,-0.000168375071964344
3482,3836,3858.0,0.0005135473158154637,-0.00016877588464918932,-2.105734106604834e-05,0.0005137097410725169,-0.00016893830990624253
3481,3836,3844.0,0.0005125783337022044,-0.00016720712463206655,-2.7807058614555402e-05,0.0005128625812220312,-0.0001674913721518933
3480,3836,3856.0,0.0005173747327391828,-0.0001670154115248658,-4.240995517092172e-05,0.000518031113084527,-0.0001676717918702099
3479,3836,3773.0,0.0005174103193376495,-0.00016993521998686398,-2.387168654263347e-05,0.0005176175243205064,-0.0001701424249697209
3478,3836,3767.0,0.0005096843122932605,-0.0001677649897671293,-1.8477677411754545e-05,0.0005098102852202314,-0.00016789096269410013
3477,3836,3766.0,0.0005140146195065642,-0.00016664925533158253,-3.679110562191529e-05,0.0005145114132570341,-0.00016714604908205246
3483,3836,3859.0,0.0005198014504569914,-0.00016873261912423885,-3.6240244357436946e-05,0.0005202779871384116,-0.00016920915580565898
3491,3837,3861.0,0.0005133184025896617,-0.000168969499339886,-1.1613780728496337e-05,0.0005133678209267523,-0.00016901891767697656
3490,3837,3860.0,0.0005043974586163291,-0.00016679191916766896,1.9515066627256994e-07,0.000504397472801514,-0.0001667919333528539
3488,3837,3858.0,0.0005135473158154637,-0.00016873134810765867,-2.0823132282271617e-05,0.0005137061592382598,-0.00016889019153045474
3489,3837,3846.0,0.0005060109377786337,-0.0001666959570919811,-8.771010780263266e-06,0.0005060395265152108,-0.00016672454582855817
3487,3837,2148.0,0.0005078419199052164,-0.00016795517018865897,3.160222099563015e-07,0.0005078419568504893,-0.00016795520713393187
3484,3837,3773.0,0.0005174103193376495,-0.00016998383606481662,-2.3591463245320465e-05,0.0005176126753447046,-0.0001701861920718717
3485,3837,3767.0,0.0005096843122932571,-0.0001676210570784628,-1.785948041231611e-05,0.000509802023458466,-0.00016773876824367182
3486,3837,2147.0,0.000500952997327414,-0.00016577086401290287,2.6959857100938844e-07,0.0005009530245813458,-0.00016577089126683467
4034,3838,2160.0,0.0004829816859815775,-0.00011469895451795675,-0.00010203254859356137,0.0004873050133713447,-0.00011902228190772398
4033,3838,3774.0,0.0004906281197494117,-0.00012452539256257794,-0.00011150960169793028,0.0004956406448318369,-0.00012953791764500316
4032,3838,3768.0,0.0004952594531425838,-0.00013257771657485548,-9.250276185873707e-05,0.000498648397595059,-0.0001359666610273306
4036,3838,3862.0,0.0004929437864459943,-0.00012964085108660688,-0.0001025465042957252,0.0004971381617076961,-0.0001338352263483087
4037,3838,3863.0,0.00048670524609804866,-0.00011961217354026729,-0.00010690792826759457,0.0004913817675647747,-0.00012428869500699332
4031,3838,2161.0,0.0004829816859815775,-0.0001237731157183034,-9.310663533145663e-05,0.0004865327112054558,-0.00012732414094218176
4035,3838,3848.0,0.0004890209127946105,-0.00012817541614657945,-9.294155171693866e-05,0.0004925002388988861,-0.0001316547422508551
3499,3839,3866.0,0.0004969368636525556,-0.00013076060519171733,-0.00011231693511567706,0.0005019216305705725,-0.0001357453721097342
3498,3839,3865.0,0.0005035452084682021,-0.00013967604966701294,-0.00010142962929628185,0.0005075192675449505,-0.0001436501087437614
3497,3839,3851.0,0.0004995448916326126,-0.00013806768472995141,-9.273115984040348e-05,0.0005028988374735687,-0.00014142163057090753
3494,3839,3769.0,0.0005038375697517146,-0.00014286359428524256,-9.192497278877332e-05,0.0005070878895189522,-0.00014611391405248015
3493,3839,3768.0,0.0004952594531425769,-0.00013327173936498256,-9.312667987811454e-05,0.0004986902679718056,-0.0001367025541942113
3492,3839,3774.0,0.0004906281197494047,-0.0001251979889535129,-0.000112344709379264,0.0004957099255337351,-0.00013027979473784332
3496,3839,3862.0,0.0004929437864459943,-0.00012931752735298062,-0.00010226358713668476,0.0004971173413423884,-0.00013349108224937475
3495,3839,3775.0,0.000503252847184707,-0.00013632317989577605,-0.00011187849373753625,0.0005081085967822449,-0.00014117892949331402
3507,3840,3868.0,0.0005090623142106204,-0.00014218250172414587,-0.00010851889602468343,0.0005135520694076395,-0.00014667225692116493
3500,3840,3775.0,0.000503252847184707,-0.00013629257534497575,-0.000111795083602928,0.000508101641752603,-0.00014114136991287188
3501,3840,3769.0,0.0005038375697517111,-0.0001427506224606881,-9.18528650271852e-05,0.0005070833789871867,-0.0001459964316961637
3503,3840,3776.0,0.0005145595824620347,-0.00014807247208170236,-0.00010467513849230642,0.0005186679596121005,-0.0001521808492317682
3504,3840,3865.0,0.0005035452084682021,-0.0001397844937779571,-0.00010151426177022055,0.0005075251988269448,-0.0001437644841366998
3505,3840,3853.0,0.000508319695530092,-0.000147581204273449,-8.80327191207439e-05,0.0005112603719821746,-0.00015052188072553165
3506,3840,3867.0,0.0005135246024980042,-0.0001505050439563134,-9.385035819448745e-05,0.0005168242813071724,-0.00015380472276548153
3502,3840,3770.0,0.0005124896225339945,-0.00015241182215477468,-8.364500761129379e-05,0.0005151099443158914,-0.00015503214393667154
3511,3841,3777.0,0.0005241125856245837,-0.00015945298695223807,-8.858766235466525e-05,0.0005269707958578223,-0.00016231119718547666
3512,3841,3867.0,0.0005135246024980042,-0.0001505620457269109,-9.381702578279555e-05,0.0005168216691369934,-0.00015385911236590006
3515,3841,3870.0,0.0005197258103102273,-0.00015386804481232154,-9.701017749045443e-05,0.0005232007065147427,-0.00015734294101683692
3514,3841,3869.0,0.0005213440983686535,-0.00016045294574577092,-7.84264584539271e-05,0.0005235920168979611,-0.00016270086427507853
3513,3841,3855.0,0.0005159223430902596,-0.00015682690826680128,-7.672750076451185e-05,0.0005181029804689788,-0.00015900754564552048
3509,3841,3770.0,0.0005124896225340014,-0.0001525209468077862,-8.369555536933207e-05,0.0005151126727308376,-0.00015514399700462236
3508,3841,3776.0,0.0005145595824620312,-0.0001482831443732494,-0.00010474746518726596,0.0005186723126852563,-0.00015239587459647445
3510,3841,3771.0,0.0005185756111127648,-0.00016113290187719058,-6.907422958442322e-05,0.0005203259915241449,-0.00016288328228857062
3523,3842,3872.0,0.0005273047807800788,-0.00016405275768408977,-7.631430470040473e-05,0.0005294043601743648,-0.00016615233707837577
3522,3842,3871.0,0.0005249298699687086,-0.00016796725561528825,-5.557581999214578e-05,0.0005260424882694654,-0.0001690798739160452
3521,3842,3857.0,0.0005202794282949189,-0.00016433032004377454,-5.902256761645269e-05,0.0005215492079522215,-0.00016560009970107721
3519,3842,3778.0,0.0005291867351979312,-0.00016839924353987193,-6.348350305082975e-05,0.0005306280791300296,-0.0001698405874719702
3518,3842,3772.0,0.0005206730047395032,-0.00016740701068689978,-4.836271369136613e-05,0.0005215217688444025,-0.0001682557747917991
3517,3842,3771.0,0.0005185756111127648,-0.00016125362940064975,-6.90021744689899e-05,0.0005203220423158687,-0.00016300006060375363
3516,3842,3777.0,0.0005241125856245803,-0.00015970627182830804,-8.846485927740955e-05,0.0005269618627835515,-0.0001625555489872793
3520,3842,3869.0,0.0005213440983686535,-0.00016054407911639387,-7.838622849416083e-05,0.0005235894206703149,-0.0001627894014180552
3525,3843,3772.0,0.0005206730047394997,-0.00016753000928213706,-4.819615276723324e-05,0.0005215157894809974,-0.00016837279402363468
3526,3843,3773.0,0.0005172445308345985,-0.0001699352199868642,-2.384495250586094e-05,0.0005174513219649545,-0.00017014201111722018
3527,3843,3779.0,0.000527303426623979,-0.0001728029173562449,-3.190367743216571e-05,0.0005276666988524037,-0.00017316618958466957
3528,3843,3871.0,0.0005249298699687086,-0.0001680399701758724,-5.549992997290476e-05,0.0005260393405218291,-0.00016914944072899302
3529,3843,3859.0,0.0005198231618062446,-0.00016873261912423885,-3.625375606614717e-05,0.0005203000386328025,-0.00016920949595079673
3530,3843,3873.0,0.0005222739787292818,-0.00017131595842610932,-2.7694045920789723e-05,0.0005225503144619117,-0.00017159229415873923
3531,3843,3874.0,0.0005291094749301783,-0.00017072954259556624,-4.776715408152943e-05,0.000529923608501645,-0.00017154367616703292
3524,3843,3778.0,0.0005291867351979382,-0.00016865615235359208,-6.316424796717901e-05,0.0005306131249845903,-0.0001700825421402442
3538,3844,3875.0,0.0005122229921723405,-0.00016943751181431764,3.053414806344912e-07,0.0005122230263658336,-0.00016943754600781078
3535,3844,2149.0,0.0005168662073951474,-0.00017110550336828863,3.356646251541362e-07,0.0005168662483382313,-0.00017110554431137251
3539,3844,3876.0,0.0005230138734822753,-0.00017200373938859614,-1.557164957897983e-05,0.000523101082009373,-0.00017209094791569387
3532,3844,3779.0,0.000527303426623979,-0.00017290198211577373,-3.141686980392966e-05,0.0005276556530714195,-0.0001732542085632142
3533,3844,3773.0,0.0005172445308345985,-0.00016998383606481684,-2.3564729208561813e-05,0.0005174464772908008,-0.00017018578252101912
3534,3844,2148.0,0.0005075797769495613,-0.00016795517018865919,4.552600094132053e-07,0.0005075798536523483,-0.0001679552468914462
3536,3844,3873.0,0.0005222739787292818,-0.00017135008343305844,-2.758092101573517e-05,0.0005225480489308706,-0.0001716241536346472
3537,3844,3861.0,0.0005133412103647608,-0.000168969499339886,-1.1585794538089556e-05,0.0005133903891915555,-0.00016901867816668064
4044,3845,3878.0,0.0004811502442173786,-0.0001091735348435946,-0.0001244873399642958,0.00048764182389295584,-0.00011566511451917185
4043,3845,3877.0,0.0004888550228943599,-0.00012048856748619733,-0.00012132325900811314,0.0004948353419388866,-0.00012646888653072402
4042,3845,3863.0,0.00048448849542622255,-0.00011961217354026729,-0.00010928635339485168,0.0004893913842865781,-0.00012451506240062276
4041,3845,2159.0,0.00047715533080533445,-0.00010389341797989666,-0.0001181456255675839,0.00048310019482778545,-0.00010983828200234765
4040,3845,3780.0,0.0004855168795880743,-0.00011445365170729272,-0.00013063280352779497,0.0004925452812991815,-0.00012148205341839984
4039,3845,3774.0,0.0004921928991545137,-0.00012452539256257783,-0.0001104563494594285,0.0004970996373602684,-0.00012943213076833254
4038,3845,2160.0,0.00047715533080533445,-0.00011469895451795696,-0.0001079196669613175,0.0004820346664534925,-0.000119578290166115
3546,3846,3880.0,0.000502013817910367,-0.00013210218046270927,-0.00012289595761645622,0.0005079134458946192,-0.00013800180844696157
3541,3846,3774.0,0.0004921928991545171,-0.000125197988953513,-0.00011129145714075528,0.000497168181002416,-0.00013017327080141198
3542,3846,3775.0,0.0005030015549591683,-0.00013632317989577605,-0.00011215500276107182,0.0005078830448305522,-0.0001412046697671599
3543,3846,3781.0,0.0005010260018378648,-0.00012756942721264082,-0.00013473381496718548,0.0005081646785002002,-0.00013470810387497626
3544,3846,3877.0,0.0004888550228943599,-0.00012022820846471468,-0.00012096682480818716,0.0004948030831410064,-0.0001261762687113612
3547,3846,3881.0,0.0004931650443334643,-0.00012125807308442248,-0.0001334369863767379,0.000500326352039078,-0.00012841938079003623
3545,3846,3866.0,0.0004974908391888952,-0.00013076060519171733,-0.00011192376647619837,0.0005024367417431533,-0.00013570650774597545
3540,3846,3780.0,0.0004855168795880743,-0.00011494667183113705,-0.00013173904968001582,0.0004926577009791071,-0.00012208749322216976
3551,3847,3782.0,0.0005159533242004577,-0.00014172183446635727,-0.00012975970564187145,0.0005222926367971493,-0.00014806114706304892
3548,3847,3781.0,0.0005010260018378614,-0.0001274948633571949,-0.0001346860561554919,0.0005081605021920921,-0.00013462936371142566
3549,3847,3775.0,0.0005030015549591649,-0.00013629257534497554,-0.00011207159262647745,0.0005078760711060748,-0.0001411670914918855
3550,3847,3776.0,0.0005147544255089571,-0.00014807247208170225,-0.0001046395504564479,0.0005188588345429038,-0.00015217688111564888
3552,3847,3880.0,0.000502013817910367,-0.0001322474834057892,-0.000123008406076916,0.0005079228189642913,-0.0001381564844597135
3553,3847,3868.0,0.0005089486197101256,-0.00014218250172414587,-0.0001086833311404467,0.0005134526742895345,-0.0001466865563035548
3554,3847,3882.0,0.0005153538508762476,-0.00014525091997018898,-0.00011682914631001157,0.0005204794430773618,-0.00015037651217130328
3555,3847,3883.0,0.0005085602981459159,-0.00013460832235469983,-0.00013255066770218038,0.0005153186267292504,-0.00014136665093803435
3557,3848,3776.0,0.0005147544255089537,-0.0001482831443732496,-0.00010471187715140745,0.0005188631857320821,-0.00015239190459637799
3556,3848,3782.0,0.0005159533242004542,-0.0001419071955454385,-0.00012994868338760124,0.0005223091823500511,-0.00014826305369503533
3558,3848,3777.0,0.0005241108014474687,-0.00015945298695223828,-8.855419842000722e-05,0.0005269668690528875,-0.00016230905455765713
3559,3848,3783.0,0.0005300072696787922,-0.00015643932547233265,-0.00011337759142989942,0.0005346572989885406,-0.0001610893547820811
3560,3848,3882.0,0.0005153538508762476,-0.0001453686415695257,-0.0001167820927580332,0.0005204744481310299,-0.00015048923882430806
3561,3848,3870.0,0.0005198019788126076,-0.00015386804481232154,-9.708337609776879e-05,0.000523281704649482,-0.00015734777064919584
3562,3848,3884.0,0.0005270589176314053,-0.0001582196298644009,-0.00010041765643141465,0.0005307180677108204,-0.00016187877994381598
3563,3848,3885.0,0.0005233496918250202,-0.000149173233382178,-0.0001221135168951691,0.0005288479386437554,-0.0001546714802009132
3570,3849,3886.0,0.0005342640450751793,-0.00016893004521414002,-7.30705115315547e-05,0.0005361571795230037,-0.0001708231796619644
3567,3849,3784.0,0.000539487813771361,-0.00016915196755432137,-8.381668894825653e-05,0.0005419576290361011,-0.00017162178281906147
3569,3849,3872.0,0.0005273515348513946,-0.00016405275768408977,-7.640332626745322e-05,0.000529455859196702,-0.00016615708202939717
3571,3849,3887.0,0.0005355233907833462,-0.00016296006547606703,-9.906778000461428e-05,0.000539018662308885,-0.0001664553370016058
3568,3849,3884.0,0.0005270589176314053,-0.0001583916572801044,-0.00010034965859530981,0.0005307122325122825,-0.0001620449721609815
3564,3849,3783.0,0.0005300072696787957,-0.0001567681633978129,-0.00011333019643428033,0.0005346512431133284,-0.00016141213683234563
3566,3849,3778.0,0.0005290406942721308,-0.00016839924353987193,-6.3386661657866e-05,0.000530477952812365,-0.00016983650208010615
3565,3849,3777.0,0.0005241108014474721,-0.00015970627182830782,-8.843139534275499e-05,0.0005269579396670527,-0.00016255341004788845
3572,3850,3784.0,0.000539487813771361,-0.0001695820485764542,-8.344183179294362e-05,0.0005419341877742482,-0.00017202842257934138
3573,3850,3778.0,0.0005290406942721343,-0.00016865615235359165,-6.306740657421178e-05,0.0005304630189398437,-0.0001700784770213011
3574,3850,3779.0,0.0005270034910307905,-0.00017280291735624533,-3.184806583911293e-05,0.0005273656535655773,-0.00017316507989103213
3575,3850,3785.0,0.000540263273555025,-0.00017647400565077047,-4.3225802632093635e-05,0.0005409144096666814,-0.00017712514176242692
3576,3850,3886.0,0.0005342640450751793,-0.00016908720785642223,-7.292614178541768e-05,0.0005361493069851152,-0.00017097246976635817
3577,3850,3874.0,0.0005291903423924188,-0.00017072954259556624,-4.782533598768346e-05,0.0005300063640706914,-0.00017154556427383886
3578,3850,3888.0,0.0005336331170919494,-0.00017460656913303877,-3.7208464759012905e-05,0.0005341214813695946,-0.00017509493341068407
3579,3850,3889.0,0.0005410438868697146,-0.00017302803997863042,-6.370143012439378e-05,0.0005424617520318752,-0.00017444590514079106
3583,3851,2150.0,0.0005290842605880225,-0.000175356197604747,3.4645711322056627e-07,0.0005290843031865568,-0.0001753562402032813
3584,3851,3888.0,0.0005336331170919494,-0.0001746735204148967,-3.700322988615945e-05,0.0005341160668441117,-0.00017515647016705903
3582,3851,2149.0,0.0005164712599158502,-0.0001711055033682884,5.051843630643482e-07,0.0005164713527095644,-0.00017110559616200248
3586,3851,3890.0,0.0005227775079868838,-0.00017310253073692322,3.5077034796215933e-07,0.0005227775521898434,-0.00017310257493988293
3580,3851,3785.0,0.0005402632735550181,-0.000176701700129454,-4.249514366674867e-05,0.0005408924026226664,-0.00017733082919710238
3587,3851,3891.0,0.0005359963854587035,-0.0001760289463554898,-2.113467848897238e-05,0.0005361531833535815,-0.00017618574425036775
3581,3851,3779.0,0.0005270034910307836,-0.00017290198211577352,-3.1361258210873405e-05,0.0005273546224981945,-0.00017325311358318442
3585,3851,3876.0,0.0005230598880531581,-0.00017200373938859614,-1.548838573692951e-05,0.0005231461608457799,-0.0001720900121812179
4046,3852,3780.0,0.0004874983681089663,-0.00011445365170729277,-0.00012983793848185543,0.0004944201190038718,-0.00012137540260219828
4047,3852,3786.0,0.0004783034195716407,-0.00010213782953069346,-0.00014999576659482233,0.00048783718350204627,-0.00011167159346109904
4048,3852,2158.0,0.00046973496828039973,-9.149368704438991e-05,-0.000133915862739864,0.00047761286835171424,-9.937158711570442e-05
4049,3852,3878.0,0.0004782802760662508,-0.0001091735348435946,-0.0001263719688215613,0.00048499964470053114,-0.00011589290347787496
4050,3852,3892.0,0.00048290089384030177,-0.00010906734633515697,-0.00014098959710649728,0.00049118000841488,-0.00011734646090973529
4051,3852,3893.0,0.0004736828017975897,-9.68157582875418e-05,-0.00014196705244155783,0.00048238217842747435,-0.00010551513491742644
4045,3852,2159.0,0.00046973496828039973,-0.00010389341797989655,-0.00012288352361284824,0.00047624222249901827,-0.00011040067219851509
3588,3853,3786.0,0.0004783034195716372,-0.00010231877587097587,-0.0001513191566651223,0.00048800049716162273,-0.00011201585346096139
3589,3853,3780.0,0.00048749836810896285,-0.00011494667183113716,-0.00013094418463405894,0.0004945315884090282,-0.0001219798921312025
3590,3853,3781.0,0.0005007394215048554,-0.00012756942721264082,-0.0001350594877646133,0.000507915463571229,-0.0001347454692790145
3591,3853,3787.0,0.0004966207510931353,-0.00011587651708112575,-0.00015948354437532453,0.0005068321873337827,-0.00012608795332177318
3592,3853,3892.0,0.00048290089384030177,-0.00010887970322360292,-0.00014053943456924373,0.0004911304761655347,-0.00011710928554883583
3593,3853,3881.0,0.0004938601130872883,-0.00012125807308442248,-0.00013312703039168247,0.0005009806941067376,-0.00012837865410387188
3594,3853,3895.0,0.000498680086299004,-0.00012196994967531905,-0.0001466792844116438,0.0005072285854116639,-0.00013051844878797893
3595,3853,3896.0,0.0004872033036127654,-0.00010909767178389495,-0.00015552654831921947,0.0004971775311236745,-0.00011907189929480399
3599,3854,3788.0,0.0005156111530619928,-0.00013224633755627344,-0.000159041410666437,0.0005252290680782807,-0.00014186425257256134
3596,3854,3787.0,0.0004966207510931318,-0.00011575575014098399,-0.0001594811760875503,0.0005068338377006523,-0.00012596883674850437
3597,3854,3781.0,0.0005007394215048588,-0.0001274948633571948,-0.0001350117289529197,0.0005079112781194704,-0.00013466671997180627
3602,3854,3897.0,0.0005159423593719195,-0.00013745262250000503,-0.00014402269272999202,0.0005237846786068135,-0.00014529494173489907
3598,3854,3782.0,0.0005162735656818532,-0.00014172183446635716,-0.00012981043989127028,0.0005226147602057981,-0.00014806302899030206
3600,3854,3895.0,0.000498680086299004,-0.00012209383973937763,-0.00014684322298216118,0.0005072457841030515,-0.00013065953754342512
3601,3854,3883.0,0.000508406663351682,-0.00013460832235469983,-0.00013271428437537994,0.0005151830998646146,-0.00014138475886763235
3603,3854,3898.0,0.0005060161218359005,-0.0001240010130661251,-0.0001595644919386366,0.0005159623271448028,-0.00013394721837502746
3604,3855,3788.0,0.0005156111530619928,-0.00013236147657908577,-0.0001594117103875664,0.0005252715908753822,-0.00014202191439247508
3607,3855,3789.0,0.0005355162193140667,-0.00015084098901519023,-0.0001448664926546328,0.000543077019166005,-0.00015840178886712854
3611,3855,3900.0,0.0005258091834921541,-0.00014160119830196566,-0.00015266782105703355,0.0005344284298300348,-0.00015022044463984638
3610,3855,3899.0,0.0005328163698731306,-0.00015409480308893782,-0.00012842109202836072,0.0005387670427871884,-0.00016004547600299564
3609,3855,3885.0,0.0005234405403611586,-0.000149173233382178,-0.00012222352131365313,0.0005289478858553915,-0.00015468057887641097
3608,3855,3897.0,0.0005159423593719195,-0.00013758897851275402,-0.00014399831861346135,0.0005237804581014498,-0.00014542707724228435
3606,3855,3783.0,0.0005301165204322084,-0.00015643932547233265,-0.00011339019276138118,0.0005347668463187476,-0.00016108965135887195
3605,3855,3782.0,0.0005162735656818601,-0.0001419071955454385,-0.00012999941763701395,0.0005226313043935802,-0.00014826493425715856
3613,3856,3783.0,0.0005301165204322084,-0.0001567681633978127,-0.00011334279776577597,0.0005347607908300106,-0.00016141243379561493
3614,3856,3784.0,0.0005393678713839917,-0.00016915196755432158,-8.369426985435635e-05,0.0005418309161937091,-0.00017161501236403895
3616,3856,3899.0,0.0005328163698731306,-0.0001543408558981889,-0.00012836204426021347,0.0005387595257431513,-0.00016028401176820952
3617,3856,3887.0,0.0005355819310187901,-0.00016296006547606703,-9.92167876595236e-05,0.0005390873817516244,-0.00016646551620890128
3618,3856,3901.0,0.0005455503454450221,-0.00016933147581632384,-9.699978467978682e-05,0.0005488257279720966,-0.00017260685834339832
3619,3856,3902.0,0.0005444642545207531,-0.00016004900137935756,-0.00012916677466887072,0.0005503357403153931,-0.00016592048717399755
3612,3856,3789.0,0.0005355162193140597,-0.00015125028353947653,-0.00014500651644414053,0.0005430870671841016,-0.00015882113140951848
3615,3856,3790.0,0.0005517328195060456,-0.00016884771921923838,-0.00011193052519467214,0.0005560535604201009,-0.00017316846013329374
3627,3857,3904.0,0.0005561695165181083,-0.0001753123305516396,-8.634296907860523e-05,0.0005587086497681079,-0.00017785146380163927
3620,3857,3790.0,0.000551732819506049,-0.0001696088173861205,-0.00011153991002260666,0.0005560191590395433,-0.0001738951569196148
3621,3857,3784.0,0.0005393678713839917,-0.0001695820485764542,-8.33194126990365e-05,0.000541807506770936,-0.00017202168396339857
3622,3857,3785.0,0.0005398221693267216,-0.0001764740056507709,-4.311103042489717e-05,0.0005404702535119785,-0.00017712208983602777
3623,3857,3791.0,0.0005574767114237267,-0.00018101580113098173,-5.993682837862613e-05,0.0005586908492829978,-0.00018222993899025285
3624,3857,3901.0,0.0005455503454450221,-0.0001696291294144771,-9.68125382787427e-05,0.0005488118061663533,-0.0001728905901358082
3625,3857,3889.0,0.0005411597714085684,-0.00017302803997863042,-6.381984324926177e-05,0.0005425826722688589,-0.00017445094083892097
3626,3857,3903.0,0.0005486494403752207,-0.000178778599572466,-5.0906810927522916e-05,0.0005495389916609524,-0.00017966815085819764
3631,3858,2151.0,0.00054598585269032,-0.00018129283155929798,3.051802230785716e-07,0.0005459858847052018,-0.00018129286357417977
3635,3858,3906.0,0.0005536738183357301,-0.00018142535052803545,-2.9361482358779972e-05,0.0005539668920847956,-0.00018171842427710096
3634,3858,3905.0,0.0005372187892208856,-0.00017814266129848912,4.389212498595585e-07,0.0005372188565476353,-0.00017814272862523887
3633,3858,3891.0,0.0005360794838177863,-0.0001760289463554898,-2.1034445276624236e-05,0.0005362347801889217,-0.00017618424272662533
3632,3858,3903.0,0.0005486494403752207,-0.0001789479306664771,-5.0573694694425186e-05,0.0005495271980687077,-0.00017982568835996408
3628,3858,3791.0,0.0005574767114237336,-0.00018155787048625398,-5.873892088671673e-05,0.000558642025295904,-0.00018272318435842434
3630,3858,2150.0,0.0005284517257514547,-0.00017535619760474658,6.007591094453479e-07,0.0005284518539510066,-0.00017535632580429852
3629,3858,3785.0,0.0005398221693267286,-0.000176701700129454,-4.23803714595522e-05,0.0005404482921407873,-0.00017732782294351272
4054,3859,3792.0,0.0004685683868773244,-8.750282154663193e-05,-0.00016746320706891027,0.0004809028545391034,-9.983728920841096e-05
4055,3859,2157.0,0.00046034348051728416,-7.777463008333844e-05,-0.0001480661792141874,0.00047034297390499984,-8.777412347105412e-05
4053,3859,3786.0,0.0004806939050724032,-0.00010213782953069368,-0.000149649899074622,0.0004901467479890741,-0.00011159067244736456
4058,3859,3908.0,0.0004640209823362079,-8.2638725814985e-05,-0.0001576420211949585,0.0004751589838095202,-9.377672728829727e-05
4056,3859,3893.0,0.00047008374143376816,-9.68157582875418e-05,-0.00014287969606862141,0.0004789478855009135,-0.00010567990235468714
4052,3859,2158.0,0.00046034348051728416,-9.14936870443897e-05,-0.00013635483695579112,0.0004686417598285812,-9.979196635568672e-05
4057,3859,3907.0,0.00047463114597485687,-9.515333055327394e-05,-0.00015997119761569645,0.0004856464666540517,-0.0001061686512324688
3643,3860,3911.0,0.0004784112342985161,-9.391446412076174e-05,-0.00017659657411404905,0.0004917242000806446,-0.00010722742990289014
3642,3860,3910.0,0.0004927101432169595,-0.00010859479543285679,-0.000171427698292953,0.0005046896800057405,-0.00012057433222163776
3639,3860,3793.0,0.0004891407436596051,-0.00010062005356456169,-0.00018418609447679382,0.0005031868392743439,-0.00011466614917930051
3636,3860,3792.0,0.0004685683868773209,-8.720882460825329e-05,-0.00016904633813236147,0.0004811384585925508,-9.977889632348317e-05
3637,3860,3786.0,0.0004806939050723963,-0.00010231877587097576,-0.0001509732891449289,0.0004903091015986542,-0.00011193397239723368
3641,3860,3896.0,0.00048804339295346194,-0.00010909767178389495,-0.0001553834303746615,0.0004979860133152065,-0.0001190402921456396
3640,3860,3907.0,0.00047463114597485687,-9.511031293691231e-05,-0.0001594280261776465,0.0004855739665525244,-0.00010605313351457987
3638,3860,3787.0,0.0004962795427743312,-0.00011587651708112575,-0.00015983286834314603,0.0005065405664823162,-0.00012613754078911077
3648,3861,3910.0,0.0004927101432169595,-0.00010866877511130969,-0.00017166112657710647,0.0005047202786269947,-0.00012067891052134483
3647,3861,3794.0,0.0005120655760348924,-0.00011828538406945179,-0.00019132622840988683,0.0005262637662198921,-0.00013248357425445147
3646,3861,3788.0,0.0005160833843531193,-0.00013224633755627322,-0.0001592320281105647,0.0005257172153848185,-0.00014188016858797235
3645,3861,3787.0,0.0004962795427743277,-0.00011575575014098399,-0.0001598305000553614,0.000506542226293845,-0.00012601843366050132
3644,3861,3793.0,0.0004891407436596086,-0.00010042571748539978,-0.00018421998331372147,0.0005031963117989714,-0.0001144812856247626
3650,3861,3912.0,0.0005140744801939955,-0.0001258439064270578,-0.0001749150104340194,0.0005258119865998004,-0.00013758141283286274
3649,3861,3898.0,0.0005058131713427325,-0.0001240010130661251,-0.00015971466288942915,0.000515780932129605,-0.00013396877385299762
3651,3861,3913.0,0.0005002348676261814,-0.0001093555174393018,-0.0001879564995347846,0.0005143942499476241,-0.0001235148997607444
3652,3862,3794.0,0.0005120655760348855,-0.0001181774731954968,-0.0001919563683806802,0.0005263577534970023,-0.00013246965065761358
3653,3862,3788.0,0.0005160833843531193,-0.00013236147657908555,-0.00015960232783169062,0.0005257597561904546,-0.0001420378484164209
3654,3862,3789.0,0.0005358454119181143,-0.00015084098901519023,-0.0001449886239014847,0.0005434152755740382,-0.0001584108526711142
3655,3862,3795.0,0.0005389795914286788,-0.00014066183742624948,-0.00018387473950007283,0.0005511966560967928,-0.00015287890209436346
3656,3862,3912.0,0.0005140744801939955,-0.00012598319569638778,-0.0001749449506387099,0.0005258134692830792,-0.00013772218478547155
3658,3862,3914.0,0.0005374125016733879,-0.0001464651393589735,-0.00016359727800304563,0.000547060333802751,-0.00015611297148833663
3657,3862,3900.0,0.0005259089120210336,-0.00014160119830196566,-0.00015283189677290157,0.0005345452031486252,-0.00015023748942955722
3659,3862,3915.0,0.0005254670976171383,-0.00012941961333995974,-0.00018845197407301936,0.000538754849729393,-0.0001427073654522145
3667,3863,3917.0,0.000552825537749449,-0.000153356059453785,-0.00016885174459712465,0.0005627785932075045,-0.0001633091149118405
3660,3863,3795.0,0.0005389795914286788,-0.00014099602436927223,-0.00018444347946924844,0.0005512651983648728,-0.00015328163130546625
3661,3863,3789.0,0.0005358454119181177,-0.00015125028353947653,-0.0001451286476909855,0.0005434253255159385,-0.00015883019713729726
3662,3863,3790.0,0.0005517548535067252,-0.0001688477192192386,-0.00011180716672463953,0.0005560660019119054,-0.0001731588676244189
3663,3863,3796.0,0.0005651923045513624,-0.00016571609453829809,-0.00015135216221864173,0.000572945341293581,-0.00017346913128051672
3664,3863,3914.0,0.0005374125016733879,-0.0001467942719465239,-0.00016358401459336952,0.0005470542779068819,-0.000156436048180018
3665,3863,3902.0,0.0005445397224718845,-0.00016004900137935756,-0.0001294218309610233,0.0005504336071804968,-0.00016594288608796985
3666,3863,3916.0,0.0005584735790290368,-0.000167953024870928,-0.00013037761548489318,0.0005642771918245587,-0.00017375663766644987
3668,3864,3796.0,0.0005651923045513624,-0.00016687596511255013,-0.00015139809936544346,0.0005729379631607397,-0.00017462162372192737
3670,3864,3791.0,0.0005567869507544475,-0.00018101580113098151,-5.969261098903722e-05,0.0005579923528151898,-0.0001822212031917239
3671,3864,3797.0,0.0005805667205548981,-0.00018629321250101432,-8.617692918467743e-05,0.000582980187316346,-0.00018870667926246221
3672,3864,3916.0,0.0005584735790290368,-0.00016848989536626417,-0.00013020071420362378,0.0005642573692923251,-0.0001742736856295524
3673,3864,3904.0,0.0005563626751495174,-0.0001753123305516396,-8.662729110794215e-05,0.0005589178301833246,-0.00017786748558544686
3674,3864,3918.0,0.0005686768356546607,-0.00018390200908490872,-7.172816784078301e-05,0.0005703820718487703,-0.0001856072452790184
3675,3864,3919.0,0.0005749712855719971,-0.0001765846250523981,-0.0001198601949572442,0.0005797201864505461,-0.00018133352593094706
3669,3864,3790.0,0.0005517548535067252,-0.0001696088173861205,-0.00011141655155257751,0.0005560316436755458,-0.00017388560755494118
3677,3865,3791.0,0.000556786950754451,-0.00018155787048625355,-5.849470349713129e-05,0.0005579436860942112,-0.00018271460582601376
3683,3865,3921.0,0.0005784052722060534,-0.00018873825625882225,-4.24254863505974e-05,0.0005789913906070533,-0.00018932437465982204
3682,3865,3920.0,0.0005574741070143094,-0.00018531923759691326,5.518301107662604e-07,0.0005574742095046021,-0.00018531934008720593
3681,3865,3906.0,0.0005538606408490368,-0.00018142535052803545,-2.9238607194895933e-05,0.0005541511939386942,-0.00018171590361769292
3680,3865,3918.0,0.0005686768356546607,-0.0001843180656487869,-7.118088675796969e-05,0.00057035528323967,-0.00018599651323379624
3679,3865,2152.0,0.0005701288534711441,-0.0001898719414731118,5.109293381780344e-08,0.0005701288543298562,-0.00018987194233182405
3678,3865,2151.0,0.0005448193605574921,-0.00018129283155929755,6.956323705120671e-07,0.0005448195271654519,-0.0001812929981672574
3676,3865,3797.0,0.0005805667205548912,-0.00018760456257963095,-8.422400760108029e-05,0.0005828684505750452,-0.00018990629259978505
4059,3866,2157.0,0.0004491363626042237,-7.777463008333855e-05,-0.00014668987101332243,0.0004591553223221091,-8.779358980122394e-05
4065,3866,3923.0,0.00045206228219474287,-6.693341058617945e-05,-0.0001690992747092196,0.0004654889188725536,-8.036004726399016e-05
4064,3866,3922.0,0.0004637385848520609,-7.877954350786541e-05,-0.00017595469854000956,0.0004776487579407165,-9.268971659652102e-05
4063,3866,3908.0,0.0004596678270611908,-8.2638725814985e-05,-0.00015695478104829977,0.00047079597074598314,-9.376686949977739e-05
4062,3866,2156.0,0.0004491363626042237,-6.311790329338813e-05,-0.00015818158659954007,0.00046106978590598264,-7.505132659514706e-05
4061,3866,3798.0,0.0004561330399856095,-7.074891787897094e-05,-0.0001805787063258249,0.00047117602230671086,-8.579190020007233e-05
4060,3866,3792.0,0.00047134412971852266,-8.750282154663187e-05,-0.00016778143459021677,0.00048366563036296255,-9.982432219107177e-05
3690,3867,3925.0,0.00048324774718039656,-9.148875082104512e-05,-0.00019450859890098038,0.000499258649235489,-0.00010749965287613748
3689,3867,3911.0,0.0004793866508663869,-9.391446412076174e-05,-0.00017670185497269467,0.0004926934711768512,-0.00010722128443122603
3688,3867,3922.0,0.0004637385848520609,-7.896184431973197e-05,-0.00017531075029493526,0.00047754517581015865,-9.276843527782975e-05
3691,3867,3926.0,0.00046634979406324356,-7.573518060202808e-05,-0.00019365835985533236,0.0004831265556090078,-9.251194214779233e-05
3686,3867,3793.0,0.0004886790591171093,-0.00010062005356456169,-0.00018451293183874284,0.0005027844485759862,-0.00011472544302343856
3685,3867,3792.0,0.00047134412971852613,-8.72088246082534e-05,-0.00016936456565367145,0.00048390054946971923,-9.97652443594465e-05
3684,3867,3798.0,0.00045613303998560603,-6.991386385558126e-05,-0.00018227158319325532,0.0004714745800632318,-8.525540393320704e-05
3687,3867,3799.0,0.00047781643524368034,-8.155645388270116e-05,-0.00020551890664420244,0.0004960964527520722,-9.9836471391093e-05
3692,3868,3799.0,0.0004778164352436873,-8.130894078312609e-05,-0.00020554015776977352,0.0004961077142061918,-9.960021974563064e-05
3693,3868,3793.0,0.0004886790591171059,-0.00010042571748539967,-0.00018454682067566008,0.0005027939540017223,-0.00011454061237001608
3694,3868,3794.0,0.0005126543339140643,-0.00011828538406945168,-0.00019173577347965376,0.0005268993269387722,-0.0001325303770941595
3695,3868,3800.0,0.0005035525475979158,-9.856712991864326e-05,-0.00022317418658533358,0.0005235670085004275,-0.000118581590821155
3696,3868,3925.0,0.00048324774718039656,-9.146298961207832e-05,-0.00019483805844826285,0.0004993121787331893,-0.0001075274211648711
3697,3868,3913.0,0.0004999516221494277,-0.0001093555174393018,-0.00018806078232338347,0.0005141326678698634,-0.00012353656315973753
3698,3868,3927.0,0.0005081034407559831,-0.00010902192191948514,-0.00020724954772416426,0.0005250388731951182,-0.00012595735435862025
3699,3868,3928.0,0.0004899694170546615,-8.993800313552127e-05,-0.00021427664745637606,0.0005091302074431195,-0.0001090987935239794
3707,3869,3930.0,0.0005198515142400412,-0.0001104996768044067,-0.00022675734994666297,0.0005396242430179947,-0.0001302724055823602
3706,3869,3929.0,0.000538518462522574,-0.00013275332893704643,-0.00020577529435483743,0.0005539343043529945,-0.00014816917076746687
3705,3869,3915.0,0.0005255407402199944,-0.00012941961333995974,-0.0001886313557477176,0.0005388518680190081,-0.00014273074113897358
3704,3869,3927.0,0.0005081034407559831,-0.00010911138973619216,-0.00020740063570375,0.0005250606007748512,-0.00012606854975506034
3701,3869,3794.0,0.0005126543339140643,-0.00011817747319549691,-0.00019236591345044712,0.0005269934202831435,-0.0001325165595645761
3702,3869,3795.0,0.0005396567953444807,-0.0001406618374262497,-0.00018427654581845698,0.0005519145924176626,-0.00015291963449943157
3700,3869,3800.0,0.0005035525475979227,-9.80999732740546e-05,-0.00022402788399056295,0.000523730278054919,-0.00011827770373105088
3703,3869,3801.0,0.0005373801297006847,-0.00012289947291977896,-0.00022886658081565717,0.0005566502114257238,-0.00014216955464481812
3714,3870,3931.0,0.0005714801637125219,-0.00016199884133524605,-0.0001773152718520868,0.0005820443043190228,-0.00017256298194174685
3708,3870,3801.0,0.0005373801297006812,-0.00012264884915414928,-0.00023010290584735138,0.0005568601324357125,-0.0001421288518891805
3710,3870,3796.0,0.000565846625412484,-0.00016571609453829798,-0.00015151511073652202,0.0005736093866608404,-0.0001734788557866544
3711,3870,3802.0,0.0005771137020125772,-0.0001557906808105779,-0.00020627564117660716,0.0005913511724333806,-0.00017002815123138128
3712,3870,3929.0,0.000538518462522574,-0.0001330678904225243,-0.0002058939917129743,0.0005539447919454124,-0.0001484942198453626
3713,3870,3917.0,0.0005529087282883163,-0.000153356059453785,-0.00016930811214542832,0.0005629137695718654,-0.000163361100737334
3715,3870,3932.0,0.0005574039337664927,-0.0001392197649823637,-0.00021931718739535283,0.0005742580077562065,-0.00015607383897207753
3709,3870,3795.0,0.0005396567953444842,-0.00014099602436927223,-0.00018484528578761525,0.0005519832036608742,-0.0001533224326856622
3717,3871,3796.0,0.0005658466254124805,-0.0001668759651125499,-0.00015156104788332028,0.0005736020050995062,-0.00017463134479957552
3723,3871,3934.0,0.0005967480541770182,-0.00017377367538907844,-0.00017154080896199936,0.0006061801032120628,-0.00018320572442412304
3722,3871,3933.0,0.0005955796054419073,-0.00018927036319897964,-0.00010625160882973828,0.0005991593173229448,-0.00019285007508001713
3721,3871,3919.0,0.0005751696767656092,-0.0001765846250523981,-0.00012043822581160948,0.0005799629530434728,-0.00018137790133026166
3718,3871,3797.0,0.0005796347663305917,-0.00018629321250101432,-8.56267894516205e-05,0.0005820204933506716,-0.00018867893952109413
3719,3871,3803.0,0.0006115244445532436,-0.00019036812990136452,-0.0001316883621704859,0.0006168950058864516,-0.0001957386912345725
3716,3871,3802.0,0.0005771137020125806,-0.00015717909697076987,-0.00020770470917536032,0.0005915191210372192,-0.00017158451599540842
3720,3871,3931.0,0.0005714801637125219,-0.00016296723005586582,-0.00017722689358334182,0.0005820203964266879,-0.0001735074627700318
3724,3872,3803.0,0.0006115244445532401,-0.00019441758163265535,-0.00012798553258104584,0.0006165739107633172,-0.00019946704784273248
3725,3872,3797.0,0.0005796347663305917,-0.00018760456257963095,-8.367386786802336e-05,0.0005819093568180114,-0.00018987915306705057
3726,3872,2152.0,0.0005677011228943235,-0.0001898719414731116,6.186934090185447e-07,0.0005677012492126578,-0.0001898720677914459
3727,3872,2153.0,0.0006069895818298365,-0.00020323939754533804,-1.3121405138330489e-06,0.0006069901130721282,-0.00020323992878762973
3728,3872,3933.0,0.0005955796054419073,-0.0001905839585795454,-0.00010496650384710093,0.0005990678413109987,-0.00019407219444863693
3729,3872,3921.0,0.0005788536380875869,-0.00018873825625882225,-4.240528101655955e-05,0.0005794388572468402,-0.00018932347541807543
3730,3872,3935.0,0.0005873453523620696,-0.000196128559171727,5.164663798296054e-07,0.0005873454374757819,-0.0001961286442854393
3731,3872,3936.0,0.0006144427066667041,-0.000198828506056426,-6.552645805722734e-05,0.0006157604622687575,-0.0002001462616584794
4071,3873,3937.0,0.0004502840519337789,-6.053549848158968e-05,-0.00018632023921298646,0.00046674365925516124,-7.699510580297202e-05
4070,3873,3923.0,0.00044694712225102143,-6.693341058617945e-05,-0.0001661595020015262,0.0004600449004365289,-8.003118877168691e-05
4069,3873,2155.0,0.00043568210359202705,-4.7316868311158156e-05,-0.0001629920990203343,0.00044906221235261826,-6.069697707174936e-05
4068,3873,3804.0,0.00044132631799922994,-5.273530489828662e-05,-0.0001868341534325725,0.0004583995997168755,-6.980858661593216e-05
4067,3873,3798.0,0.00045924178586831746,-7.0748917878971e-05,-0.00018162604692774365,0.00047437058815722713,-8.587772016788067e-05
4066,3873,2156.0,0.00043568210359202705,-6.311790329338802e-05,-0.00015128561158021456,0.0004469009708878415,-7.433677058920246e-05
4072,3873,3938.0,0.00043798938831642736,-5.002608660472236e-05,-0.00017461679897398316,0.0004531390018255075,-6.517570011380252e-05
3738,3874,3940.0,0.0004698682055035118,-7.090372655656869e-05,-0.00021204041507377064,0.00048991098294106,-9.09465039941169e-05
3739,3874,3941.0,0.0004512391454292511,-5.54581903424267e-05,-0.00020338822649835012,0.0004708872544274354,-7.510629934061102e-05
3736,3874,3937.0,0.0004502840519337789,-6.093595250247189e-05,-0.00018551180117565985,0.00046659339497782764,-7.724529554652062e-05
3735,3874,3805.0,0.0004626253103469785,-5.9604656315750655e-05,-0.00021916874318677476,0.000484688308182329,-8.166765415110113e-05
3734,3874,3799.0,0.0004771111006600208,-8.155645388270116e-05,-0.00020571234399018035,0.0004954461851162007,-9.989153833888108e-05
3732,3874,3804.0,0.0004413263179992334,-5.131169340863353e-05,-0.00018850494156082143,0.0004587431286327602,-6.872850404216033e-05
3737,3874,3926.0,0.0004674397745204062,-7.573518060202808e-05,-0.00019406700774992833,0.0004842535085417989,-9.25489146234208e-05
3733,3874,3798.0,0.000459241785868314,-6.991386385558115e-05,-0.00018331892379517753,0.0004746691080376932,-8.534118602496036e-05
3747,3875,3943.0,0.0004746894684057937,-6.622319532948953e-05,-0.00023314208486004476,0.000498741940108643,-9.02756670323388e-05
3745,3875,3928.0,0.0004895613959543868,-8.993800313552127e-05,-0.0002142656732184757,0.0005087329372886135,-0.00010910954446974796
3740,3875,3805.0,0.00046262531034697504,-5.943155670455852e-05,-0.00021910983978859488,0.0004846836542975884,-8.148990065517188e-05
3741,3875,3799.0,0.00047711110066002427,-8.130894078312609e-05,-0.00020573359511574796,0.0004954574841900716,-9.965532431317352e-05
3742,3875,3800.0,0.0005040811960181288,-9.856712991864326e-05,-0.00022378201797690345,0.0005241848617781406,-0.00011867079567865504
3743,3875,3806.0,0.0004888231312341479,-7.301488466563262e-05,-0.0002481586254323813,0.0005150053523141538,-9.919710574563849e-05
3744,3875,3940.0,0.0004698682055035118,-7.075221581573365e-05,-0.00021251181602032626,0.0004900023578016057,-9.08863681138276e-05
3746,3875,3942.0,0.0004964521636261453,-8.617297721607675e-05,-0.00023606042094553165,0.0005194549511969722,-0.00010917576478690377
3748,3876,3806.0,0.0004888231312341479,-7.231747709714968e-05,-0.0002490466579180006,0.0005152149664841542,-9.8709312347156e-05
3749,3876,3800.0,0.0005040811960181218,-9.80999732740546e-05,-0.0002246357153821328,0.0005243484202375315,-0.00011836719749346426
3750,3876,3801.0,0.0005381594411994137,-0.00012289947291977896,-0.0002297688803250958,0.0005575559142672853,-0.0001422959459876506
3751,3876,3807.0,0.000526994410071327,-9.506276030486966e-05,-0.00027217464317441306,0.0005554633063184964,-0.000123531656552039
3752,3876,3942.0,0.0004964521636261453,-8.613975819106489e-05,-0.00023636366669359948,0.0005195131377052676,-0.0001092007322701873
3753,3876,3930.0,0.0005197791242806116,-0.0001104996768044067,-0.00022692724363955474,0.0005395827565821273,-0.00013030330910592235
3754,3876,3944.0,0.0005325769256353773,-0.00010991215656955397,-0.00025049423822774003,0.0005561292755201386,-0.0001334645064543153
3755,3876,3945.0,0.0005065675763244876,-8.369007624304593e-05,-0.00026033557763829873,0.0005339983218250665,-0.00011112082174362484
3757,3877,3801.0,0.0005381594411994067,-0.0001226488491541494,-0.00023100520535680041,0.000557766367812482,-0.0001422557757672246
3756,3877,3807.0,0.0005269944100713304,-9.381796508990074e-05,-0.0002741124777376758,0.0005559057933608427,-0.00012272934837941302
3763,3877,3947.0,0.0005522208383911681,-0.00011252002966855381,-0.00027529251431302956,0.0005795955885214228,-0.00013989477979880853
3762,3877,3946.0,0.0005796308521362724,-0.00014535883962267298,-0.00023999190071581633,0.0005989756864780677,-0.0001647036739644683
3761,3877,3932.0,0.0005575806704397196,-0.0001392197649823637,-0.00021975446134607848,0.0005744963674127737,-0.00015613546195541777
3760,3877,3944.0,0.0005325769256353773,-0.0001100858592157927,-0.00025120429437292674,0.0005562524362364061,-0.00013376136981682152
3759,3877,3808.0,0.0005798535356518614,-0.00013122209424720722,-0.00027533086466670353,0.0006055753554902468,-0.0001569439140855927
3758,3877,3802.0,0.0005794081686206695,-0.0001557906808105779,-0.00020736203111362816,0.0005937499567089926,-0.00017013246889890102
3766,3878,3803.0,0.0006105309093084391,-0.00019036812990136463,-0.00013165846787424607,0.0006159056198728867,-0.00019574284046581229
3764,3878,3808.0,0.0005798535356518579,-0.00013017964879497067,-0.00027990175316493227,0.0006064427984806515,-0.00015676891162376427
3768,3878,3946.0,0.0005796308521362724,-0.00014615042582115292,-0.00023997221810005687,0.0005989525654217739,-0.00016547213910665437
3769,3878,3934.0,0.0005963103284508456,-0.00017377367538907844,-0.00017332836438857524,0.0006059429060491706,-0.00018340625298740349
3770,3878,3948.0,0.0006295000837247093,-0.00019092680646304208,-0.00016842398158468247,0.0006380547486022061,-0.00019948147134053892
3771,3878,3949.0,0.0006155021863826007,-0.00015836163663466652,-0.00025002336181485785,0.0006351956854265123,-0.00017805513567857806
3765,3878,3802.0,0.0005794081686206765,-0.00015717909697076965,-0.0002087910991123848,0.0005939181809552085,-0.00017168910930530172
3767,3878,3809.0,0.0006484692581409518,-0.0001865434140491324,-0.00021393784605105298,0.0006619546750676436,-0.00020002883097582416
3778,3879,3950.0,0.0006337520163334741,-0.00021428872529924339,9.028086935050639e-07,0.0006337522566118199,-0.00021428896557758916
3773,3879,3803.0,0.0006105309093084321,-0.00019441758163265535,-0.00012795563828479212,0.0006155841839016267,-0.00019947085622584992
3779,3879,3951.0,0.0006705297487905812,-0.00020895592724900634,-0.00011511351640754869,0.0006742804778093977,-0.00021270665626782286
3772,3879,3809.0,0.0006484692581409518,-0.0001946692817673466,-0.0002180712676511931,0.0006623416247047451,-0.00020854164833113983
3774,3879,2153.0,0.0005992386635492869,-0.00020323939754533782,1.4176544159971716e-06,0.0005992392896544019,-0.0002032400236504529
3775,3879,2154.0,0.0006682653691176405,-0.00022324246605718873,-6.865977262137529e-06,0.0006682785885597164,-0.00022325568549926472
3776,3879,3948.0,0.0006295000837247093,-0.0001955912330215445,-0.00016938645576992928,0.0006381038799304662,-0.00020419502922730136
3777,3879,3936.0,0.0006170472215902625,-0.000198828506056426,-6.59140554034876e-05,0.0006183763444830311,-0.00020015762894919455
4079,3880,3509.0,0.0004234889622208027,-3.475701995620713e-05,-0.0001737136771453006,0.0004393995513864714,-5.066760912187583e-05
4078,3880,3952.0,0.0004351976179605248,-4.216020230071347e-05,-0.00018861155894189796,0.00045315308234501896,-6.011566668520765e-05
4077,3880,3938.0,0.00043270265545123157,-5.002608660472236e-05,-0.0001701649588485149,0.00044725973312716865,-6.458316428065947e-05
4076,3880,1.0,0.00042150027209347796,-3.3619048178561866e-05,-0.00016417825571357625,0.00043585386879450903,-4.7972644879592944e-05
4075,3880,2014.0,0.00042598392473008895,-3.589499173385242e-05,-0.0001840908373330792,0.0004436513699943299,-5.356243699809342e-05
4074,3880,3804.0,0.00044441131119099184,-5.2735304898286674e-05,-0.00018883255474999583,0.0004617385915353361,-7.006258524263096e-05
4073,3880,2155.0,0.00042150027209347796,-4.7316868311158156e-05,-0.0001523391017030848,0.0004335651857818632,-5.9381781999543414e-05
3780,3881,2014.0,0.000425983924730082,-3.367597879371388e-05,-0.00018615033477167864,0.0004441152471840953,-5.180730124772719e-05
3783,3881,2015.0,0.00044480756465142823,-3.7231594019441366e-05,-0.0002210973727057794,0.0004689510477462262,-6.137507711423933e-05
3781,3881,3804.0,0.0004444113111909953,-5.131169340863364e-05,-0.0001905033428782378,0.000462083620738687,-6.89840029563253e-05
3782,3881,3805.0,0.00046170326688575736,-5.9604656315750655e-05,-0.00021900179100375894,0.00048376989847531357,-8.167128790530687e-05
3784,3881,3952.0,0.0004351976179605248,-4.2607765985143e-05,-0.0001881481412358138,0.00045305245166997677,-6.0462599694594986e-05
3785,3881,3941.0,0.0004523244095768972,-5.54581903424267e-05,-0.00020411809635187406,0.00047206944037356095,-7.520322113909047e-05
3786,3881,3954.0,0.0004532554157685928,-4.853205420087762e-05,-0.00021987088559997925,0.00047628405635442015,-7.156069478670497e-05
3787,3881,3513.0,0.00043466286522930025,-3.545379304374202e-05,-0.0002029893933641301,0.0004556388922855321,-5.6429820099973836e-05
3794,3882,3955.0,0.00047889062829898146,-5.8663631987484945e-05,-0.0002539130187455482,0.0005073660859664379,-8.713908965494148e-05
3788,3882,2015.0,0.0004448075646514317,-3.724560022920053e-05,-0.00022088775247111614,0.00046890673207482415,-6.134476765259298e-05
3789,3882,3805.0,0.00046170326688575736,-5.943155670455857e-05,-0.00021894288760557906,0.0004837652468705322,-8.149353668933338e-05
3790,3882,3806.0,0.0004890056710541192,-7.301488466563257e-05,-0.00024863666574009846,0.0005152767368363086,-9.928595044782196e-05
3795,3882,3516.0,0.00045558973024350385,-4.091246240533667e-05,-0.00023881255835537032,0.00048281361705427846,-6.813634921611124e-05
3792,3882,3954.0,0.0004532554157685928,-4.8205093137820864e-05,-0.0002203043309018382,0.0004763849065348988,-7.133458390412686e-05
3793,3882,3943.0,0.00047415262411577147,-6.622319532948953e-05,-0.00023295280343676658,0.0004981895582074364,-9.026012942115448e-05
3791,3882,2016.0,0.000468775585543868,-4.457935196087797e-05,-0.0002584113442146742,0.0004994610035215564,-7.526476993856642e-05
3803,3883,3519.0,0.0004854692073203784,-5.139586384706943e-05,-0.0002781490715778774,0.0005193572841083815,-8.528394063507254e-05
3802,3883,3956.0,0.0005167081749096157,-7.716656535362355e-05,-0.0002866067940410569,0.0005494792598990403,-0.00010993765034304819
3801,3883,3945.0,0.0005062651166829885,-8.369007624304593e-05,-0.00026043425241766005,0.0005337286503091474,-0.00011115360986920484
3800,3883,3955.0,0.00047889062829898146,-5.8412684238852625e-05,-0.0002543787552482038,0.0005074776811452111,-8.699973708508219e-05
3799,3883,2017.0,0.0005060273083021122,-5.877712907325451e-05,-0.00029946758212466215,0.0005432674230210412,-9.601724379218357e-05
3798,3883,3807.0,0.0005273890415171435,-9.506276030486955e-05,-0.00027348195320672786,0.0005561038061351515,-0.00012377752492287762
3797,3883,3806.0,0.0004890056710541157,-7.231747709714957e-05,-0.00024952469822571086,0.0005154866744873167,-9.879848053035052e-05
3796,3883,2016.0,0.00046877558554386106,-4.401465373425747e-05,-0.0002589687614917291,0.0004996167140209954,-7.485578221139182e-05
3811,3884,3522.0,0.0005328749895216547,-7.248056228254782e-05,-0.0003181078841340279,0.0005721211708265612,-0.00011172674358745426
3810,3884,3957.0,0.0005742793035890571,-0.00011058262233334276,-0.00030690117412765505,0.0006070896590680951,-0.0001433929778123807
3809,3884,3947.0,0.0005518253812730814,-0.00011252002966855381,-0.0002754974164856164,0.0005792544178480509,-0.00013994906624352336
3808,3884,3956.0,0.0005167081749096157,-7.693894569911074e-05,-0.0002875933602717526,0.0005497053404092223,-0.00010993611119871737
3807,3884,2018.0,0.0005660097784451201,-8.742217433815099e-05,-0.00033733806927422477,0.0006069792280292162,-0.00012839162392224704
3805,3884,3807.0,0.0005273890415171401,-9.381796508990074e-05,-0.0002754197877699975,0.0005565480304611271,-0.00012297695403388787
3804,3884,2017.0,0.0005060273083021122,-5.7538950226944646e-05,-0.0003008922260567537,0.0005436745546493234,-9.518619657415586e-05
3806,3884,3808.0,0.0005825488287330184,-0.0001312220942472071,-0.00027758957226417524,0.0006085879358990089,-0.00015726120141319755
3812,3885,2018.0,0.0005660097784451167,-8.464067084302238e-05,-0.0003425585367269335,0.0006083434848238617,-0.00012697437722176746
3813,3885,3808.0,0.0005825488287330149,-0.00013017964879497056,-0.0002821604607624109,0.000609458776517313,-0.00015708959657926864
3814,3885,3809.0,0.0006549850881467714,-0.00018654341404913217,-0.00021875620468803092,0.0006689691829621747,-0.00020052750886453535
3815,3885,2019.0,0.0006643544925615391,-0.0001468461963938124,-0.0003383118424826158,0.0006982144592968384,-0.0001807061631291116
3816,3885,3957.0,0.0005742793035890571,-0.00011114338873694993,-0.0003093368271569266,0.0006075644799468565,-0.00014442856509474925
3817,3885,3949.0,0.0006151295678625338,-0.00015836163663466652,-0.0002512404931151943,0.000635019683675965,-0.0001782517524480978
3818,3885,3958.0,0.0006596697903541449,-0.00017042800626465766,-0.00027551137456689745,0.0006819333859970466,-0.00019269160190755937
3819,3885,3525.0,0.0006115447449260014,-0.00011574354973567768,-0.00034121740069104414,0.0006495775754287956,-0.0001537763802384719
3824,3886,3958.0,0.0006596697903541449,-0.00017587576762182378,-0.00027834004464571266,0.0006822405022646721,-0.00019844647953235102
3825,3886,3951.0,0.0006701571062985509,-0.00020895592724900634,-0.00012258362955864036,0.0006744098030357578,-0.00021320862398621334
3823,3886,5.0,0.000821681592366244,-0.0002694413335024619,-0.00010113649214053486,0.0008240201726420504,-0.00027177991377826826
3827,3886,3528.0,0.000754448665022063,-0.0002081864740631176,-0.00024752569527622045,0.0007701057882012253,-0.00022384359724227982
3821,3886,3809.0,0.0006549850881467784,-0.0001946692817673466,-0.00022288962628816758,0.00066935954646449,-0.00020904374008505824
3820,3886,2019.0,0.0006643544925615391,-0.00014693115725135136,-0.00036875434945923824,0.0007042911150708802,-0.00018686777976069244
3822,3886,2154.0,0.0006624678793340846,-0.00022324246605718873,2.8832347621909893e-06,0.0006624702257616482,-0.00022324481248475232
3826,3886,3959.0,0.000742074735850147,-0.0002514174099948858,-3.1644815992937225e-05,0.0007423266604676094,-0.0002516693346123482
